page_id,char_start,char_end,kind,text
V01-P0001,0,14,running_head,THE COURT BOOK
V01-P0003,0,14,running_head,Herords of the
V01-P0004,0,35,running_head,212 RECORDS OF THE VIRGINIA COMPANY
V01-P0004,2279,2352,editorial_metadata,"1 For a draft of this report see List of Records, No. 105, page 133 ante."
V01-P0004,2353,2458,editorial_metadata,"? For documents relating to this election see List of Records, Nos. 108 and 170, pages 133 and 140, ante."
V01-P0005,0,18,running_head,"APRIL 28, 1619 213"
V01-P0006,0,35,running_head,214 RECORDS OF THE VIRGINIA COMPANY
V01-P0007,0,16,running_head,"MAY 12, 1619 215"
V01-P0008,0,35,running_head,216 RECORDS OF THE VIRGINIA COMPANY
V01-P0009,0,16,running_head,"MAY 12, 1619 217"
V01-P0010,0,35,running_head,218 RECORDS OF THE VIRGINIA COMPANY
V01-P0011,0,16,running_head,"MAY 26, 1619 219"
V01-P0012,0,35,running_head,220 RECORDS OF THE VIRGINIA COMPANY
V01-P0013,0,16,running_head,"MAY 26, 1619 221"
V01-P0014,0,35,running_head,222 RECORDS OF THE VIRGINIA COMPANY
V01-P0015,0,16,running_head,"JUNE 7, 1619 220"
V01-P0016,0,35,running_head,224 RECORDS OF THE VIRGINIA COMPANY
V01-P0017,0,16,running_head,"JUNE 9, 1619 225"
V01-P0018,0,35,running_head,226 RECORDS OF THE VIRGINIA COMPANY
V01-P0019,0,16,running_head,"JUNE 9, 1619 227"
V01-P0020,0,35,running_head,228 RECORDS OF THE VIRGINIA COMPANY
V01-P0021,0,17,running_head,"JUNE 14, 1619 229"
V01-P0021,1568,1647,editorial_metadata,"! This is probably the letter given in List of Records, No. 93, page 131, ante."
V01-P0022,0,35,running_head,230 RECORDS OF THE VIRGINIA COMPANY
V01-P0023,0,17,running_head,"JUNE 1}, 1619 231"
V01-P0024,0,35,running_head,232 RECORDS OF THE VIRGINIA COMPANY
V01-P0025,0,16,running_head,"JUNE 2, 1619 233"
V01-P0026,0,35,running_head,234 RECORDS OF THE VIRGINIA COMPANY
V01-P0027,0,17,running_head,"JUNE 24, 1619 239"
V01-P0028,0,35,running_head,236 RECORDS OF THE VIRGINIA COMPANY
V01-P0029,0,17,running_head,"JUNE 28, 1619 237"
V01-P0030,0,35,running_head,238 RECORDS OF THE VIRGINIA COMPANY
V01-P0031,0,17,running_head,"JUNE 28, 1619 239"
V01-P0032,0,35,running_head,240 RECORDS OF THE VIRGINIA COMPANY
V01-P0033,0,16,running_head,"JULY 7, 1619 241"
V01-P0034,0,35,running_head,242 RECORDS OF TIE VIRGINIA COMPANY
V01-P0035,0,2,running_head,bo
V01-P0036,0,35,running_head,244 RECORDS OF THE VIRGINIA COMPANY
V01-P0036,2523,2624,editorial_metadata,"'Some papers on this committee are given in the List of Records, Nos. 112, 113, pages 133, 134, ante."
V01-P0037,0,17,running_head,"JULY 13, 1619 245"
V01-P0038,0,35,running_head,246 RECORDS OF THE VIRGINIA COMPANY
V01-P0039,0,17,running_head,"JULY 21, 1619 247"
V01-P0040,0,35,running_head,248 RECORDS OF THE VIRGINIA COMPANY
V01-P0041,0,17,running_head,"JULY 21, 1619 249"
V01-P0042,0,35,running_head,250 RECORDS OF THE VIRGINIA COMPANY
V01-P0043,0,17,running_head,"JULY 21, 1619 251"
V01-P0044,0,35,running_head,252 RECORDS OF THE VIRGINIA COMPANY
V01-P0045,0,20,running_head,"OCTOBER 20, 1619 953"
V01-P0046,0,35,running_head,254 RECORDS OF THE VIRGINIA COMPANY
V01-P0047,0,20,running_head,"NOVEMBER 3, 1619 255"
V01-P0048,0,35,running_head,256 RECORDS OF THE VIRGINIA COMPANY
V01-P0049,0,20,running_head,"NOVEMBER 3, 1619 257"
V01-P0050,0,35,running_head,258 RECORDS OF THE VIRGINIA COMPANY
V01-P0051,0,20,running_head,"NOVEMBER 3, 1619 259"
V01-P0052,0,35,running_head,260 RECORDS OF THE VIRGINIA COMPANY
V01-P0053,0,21,running_head,"NOVEMBER 15, 1619 261"
V01-P0054,0,35,running_head,262 RECORDS OF THE VIRGINIA COMPANY
V01-P0055,0,21,running_head,"NOVEMBER 16, 1619 263"
V01-P0056,0,35,running_head,264 RECORDS OF THE VIRGINIA COMPANY
V01-P0057,0,17,running_head,"NOVEMBER 17, 1619"
V01-P0058,0,35,running_head,266 RECORDS OF THE VIRGINIA COMPANY
V01-P0059,0,21,running_head,"NOVEMBER 17, 1619 267"
V01-P0060,0,35,running_head,268 RECORDS OF THE VIRGINIA COMPANY
V01-P0061,0,18,running_head,"NOVEMBER, 1619 269"
V01-P0062,0,16,running_head,Mr. Thfer bin w®
V01-P0062,102,137,editorial_metadata,270 RECORDS OF THE VIRGINIA COMPANY
V01-P0063,0,21,running_head,"NOVEMBER 17, 1619 271"
V01-P0064,0,13,running_head,A Comittee to
V01-P0064,460,495,editorial_metadata,212 RECORDS OF THE VIRGINIA COMPANY
V01-P0065,0,21,running_head,"NOVEMBER 17, 1619 273"
V01-P0066,0,35,running_head,274 RECORDS OF THE VIRGINIA COMPANY
V01-P0067,0,21,running_head,"NOVEMBER 22, 1619 275"
V01-P0068,0,35,running_head,276 RECORDS OF THE VIRGINIA COMPANY
V01-P0069,0,20,running_head,"DECEMBER 1, 1619 277"
V01-P0070,0,35,running_head,278 RECORDS OF THE VIRGINIA COMPANY
V01-P0071,0,20,running_head,"DECEMBER 1, 1619 279"
V01-P0072,0,35,running_head,280 RECORDS OF THE VIRGINIA COMPANY
V01-P0073,0,33,running_head,IL. Writing of Thomas Collett (?)
V01-P0075,0,4,running_head,A Da
V01-P0077,0,21,running_head,"DECEMBER 15, 1619 281"
V01-P0077,2354,2449,editorial_metadata,"1See letter from the Privy Council to Abraham Jacobs, List of Records, No. 137, page 136, ante."
V01-P0078,0,2,running_head,ed
V01-P0078,4,35,editorial_metadata,RECORDS OF THE VIRGINIA COMPANY
V01-P0079,0,21,running_head,"DECEMBER 16, 1619 283"
V01-P0080,0,35,running_head,284 RECORDS OF THE VIRGINIA COMPANY
V01-P0081,0,21,running_head,"DECEMBER 15, 1619 285"
V01-P0082,0,13,running_head,The moéon ap-
V01-P0082,185,220,editorial_metadata,286 RECORDS OF THE VIRGINIA COMPANY
V01-P0082,2358,2458,editorial_metadata,"17, 1620, which set forth the condition of the colony and its commodities. See List of Records, Nos."
V01-P0083,0,21,running_head,"DECEMBER 16, 1619 287"
V01-P0084,0,35,running_head,288 RECORDS OF THE VIRGINIA COMPANY
V01-P0085,0,21,running_head,"DECEMBER 23, 1619 289"
V01-P0086,0,35,running_head,290 RECORDS OF THE VIRGINIA COMPANY
V01-P0087,0,19,running_head,"JANUARY 8, 1620 2ul"
V01-P0088,0,35,running_head,292 RECORDS OF THE VIRGINIA COMPANY
V01-P0089,0,20,running_head,"JANUARY 12, 1620 293"
V01-P0090,0,35,running_head,294 RECORDS OF THE VIRGINIA COMPANY
V01-P0091,0,20,running_head,"JANUARY 12, 1690 295"
V01-P0092,0,34,running_head,RECORDS OF THE Viht@GiINiA COMPANT
V01-P0093,0,20,running_head,"JANUARY 26, 1620 207"
V01-P0094,0,35,running_head,298 RECORDS OF THE VIRGINIA COMPANY
V01-P0095,0,22,running_head,"FTANUAR Y 26, 1620 299"
V01-P0096,0,15,running_head,The orders from
V01-P0096,221,256,editorial_metadata,300 RECORDS OF THE VIRGINIA COMPANY
V01-P0096,2278,2328,editorial_metadata,"given in List of Records, No. 161, page 139, ante."
V01-P0097,0,20,running_head,"FEBRUARY 2, 1620 301"
V01-P0098,0,1,running_head,1
V01-P0098,190,225,editorial_metadata,302 RECORDS OF THE VIRGINIA COMPANY
V01-P0099,0,20,running_head,"FEBRUARY 2, 1620 303"
V01-P0100,0,35,running_head,304 RECORDS OF THE VIRGINIA COMPANY
V01-P0101,0,20,running_head,"FEBRUARY 2, 1620 305"
V01-P0102,0,3,running_head,306
V01-P0102,5,36,editorial_metadata,RECORDS OF THE VIRGINIA COMPANY
V01-P0103,0,20,running_head,"FEBRUARY 2, 1620 307"
V01-P0104,0,34,running_head,308 RECORDS OF THE Vii IME COMPANY
V01-P0105,0,21,running_head,"FEBRUARY 16, 1619 309"
V01-P0106,0,17,running_head,M' Thir acquaint-
V01-P0106,212,247,editorial_metadata,310 RECORDS OF THE VIRGINIA COMPANY
V01-P0106,2317,2366,editorial_metadata,"in List of Records, Nos. 156-159, page 138, ante."
V01-P0107,0,21,running_head,"FEBRUARY 16, 1619 311"
V01-P0108,0,15,running_head,The proposiGons
V01-P0108,223,258,editorial_metadata,312 RECORDS OF THE VIRGINIA COMPANY
V01-P0109,0,21,running_head,"FEBRUARY 22, 1619 313"
V01-P0110,0,18,running_head,"The Box of 550"" to"
V01-P0110,189,224,editorial_metadata,314 RECORDS OF THE VIRGINIA COMPANY
V01-P0111,0,21,running_head,"FEBRUARY 22, 1619 315"
V01-P0112,0,35,running_head,316 RECORDS OF THE VIRGINIA COMPANY
V01-P0113,0,17,running_head,"MARCH 2, 1619 317"
V01-P0114,0,14,running_head,Smithe hundred
V01-P0114,226,261,editorial_metadata,318 RECORDS OF THE VIRGINIA COMPANY
V01-P0115,0,18,running_head,"MARCH 15, 1619 319"
V01-P0116,0,18,running_head,The people sent in
V01-P0116,345,380,editorial_metadata,320 RECORDS OF THE VIRGINIA COMPANY
V01-P0117,0,18,running_head,"MARCH 16, 1619 321"
V01-P0118,0,35,running_head,322 RECORDS OF THE VIRGINIA COMPANY
V01-P0119,0,18,running_head,"MARCH 20, 1620 323"
V01-P0120,0,16,running_head,Comissioners ap-
V01-P0120,241,276,editorial_metadata,324 RECORDS OF THE VIRGINIA COMPANY
V01-P0121,0,18,running_head,"MARCH 20, 1620 325"
V01-P0121,2130,2213,editorial_metadata,"1 The papers on this subject are cited in List of Records, No. 149, page 137, ante."
V01-P0121,2215,2314,editorial_metadata,"2 Two letters concerning these acts are cited in List of Records, Nos. 164, 171, pages 138 and 140,"
V01-P0122,0,17,running_head,A Virginia Courte
V01-P0122,148,183,editorial_metadata,326 RECORDS OF THE VIRGINIA COMPANY
V01-P0123,0,18,running_head,"MARCH 29, 1619 327"
V01-P0124,0,18,running_head,M° Lacobb to pros-
V01-P0124,203,238,editorial_metadata,328 RECORDS OF THE VIRGINIA COMPANY
V01-P0125,0,18,running_head,"MARCH 29, 1619 329"
V01-P0126,0,35,running_head,330 RECORDS OF THE VIRGINIA COMPANY
V01-P0127,0,17,running_head,"APRIL 3, 1620 331"
V01-P0128,0,36,running_head,332 RECORDS OF THEO VIRGINEL COMPANY
V01-P0129,0,17,running_head,"APRIL 3, 1620 333"
V01-P0130,0,15,running_head,Elizabeth Percy
V01-P0130,173,208,editorial_metadata,334 RECORDS OF THE VIRGINIA COMPANY
V01-P0131,0,17,running_head,"APRIL 8, 1620 335"
V01-P0132,0,35,running_head,336 RECORDS OF THE VIRGINIA COMPANY
V01-P0133,0,17,running_head,"APRIL 8, 1620 337"
V01-P0134,0,35,running_head,338 RECORDS OF THE VIRGINIA COMPANY
V01-P0135,0,16,running_head,"MAY 11, 1620 339"
V01-P0136,0,19,running_head,a Petiéon tu be ex-
V01-P0136,292,327,editorial_metadata,340 RECORDS OF THE VIRGINIA COMPANY
V01-P0137,0,16,running_head,"MAY 11, 1620 341"
V01-P0138,0,3,running_head,342
V01-P0138,5,36,editorial_metadata,RECORDS OF THE VIRGINIA COMPANY
V01-P0139,0,16,running_head,"MAY 15, 1620 343"
V01-P0140,0,17,running_head,The Comittees for
V01-P0140,198,233,editorial_metadata,344 RECORDS OF THE VIRGINIA COMPANY
V01-P0142,0,5,running_head,——— >
V01-P0143,0,45,running_head,wnt by X ddinh ‘I arenggel a PS fn “ . Spt by
V01-P0145,0,16,running_head,"MAY 17, 1620 345"
V01-P0146,0,35,running_head,346 RECORDS OF THE VIRGINIA COMPANY
V01-P0147,0,16,running_head,"MAY 17, 1620 347"
V01-P0148,0,14,running_head,m' Abra: Cart-
V01-P0148,349,384,editorial_metadata,348 RECORDS OF THE VIRGINIA COMPANY
V01-P0149,0,16,running_head,"MAY I7, 1620 349"
V01-P0150,0,35,running_head,350 RECORDS OF THE VIRGINIA COMPANY
V01-P0151,0,16,running_head,"MAY 17, 1620 351"
V01-P0151,2014,2119,editorial_metadata,"'The greater part of this report was printed. See List of Records, nos. 92, 183, pages 131 and 141, ante."
V01-P0152,0,6,running_head,People
V01-P0152,20,55,editorial_metadata,352 RECORDS OF THE VIRGINIA COMPANY
V01-P0153,0,16,running_head,"MAY 17, 1620 353"
V01-P0154,0,6,running_head,Guifte
V01-P0154,18,53,editorial_metadata,354 RECORDS OF THE VIRGINIA COMPANY
V01-P0155,0,16,running_head,"MAY 17, 1620 355"
V01-P0156,0,35,running_head,356 RECORDS OF THE VIRGINIA COMPANY
V01-P0157,0,16,running_head,"MAY 17, 1620 357"
V01-P0158,0,35,running_head,358 RECORDS OF THE VIRGINIA COMPANY
V01-P0159,0,16,running_head,"MAY 23, 1620 359"
V01-P0160,0,15,running_head,Capt Argoll and
V01-P0160,117,152,editorial_metadata,360 RECORDS OF THE VIRGINIA COMPANY
V01-P0161,0,16,running_head,"MAY 23, 1620 361"
V01-P0162,0,35,running_head,362 RECORDS OF THE VIRGINIA COMPANY
V01-P0163,0,16,running_head,"MAY 23, 1620 363"
V01-P0164,0,14,running_head,2 Petiéone de-
V01-P0164,136,171,editorial_metadata,364 RECORDS OF THE VIRGINIA COMPANY
V01-P0165,0,16,running_head,"MAY 31, 1620 365"
V01-P0166,0,18,running_head,8S‘ Tho: Wroth ex-
V01-P0166,81,116,editorial_metadata,366 RECORDS OF THE VIRGINIA COMPANY
V01-P0167,0,16,running_head,"MAY 31, 1620 367"
V01-P0168,0,35,running_head,368 RECORDS OF THE VIRGINIA COMPANY
V01-P0169,0,17,running_head,"JUNE 23, 1620 369"
V01-P0170,0,17,running_head,mi Whittakers and
V01-P0170,259,294,editorial_metadata,370 RECORDS OF THE VIRGINIA COMPANY
V01-P0171,0,17,running_head,"JUNE 23, 1620 371"
V01-P0172,0,35,running_head,372 RECORDS OF THE VIRGINIA COMPANY
V01-P0173,0,17,running_head,"JUNE 26, 1620 373"
V01-P0174,0,35,running_head,374 RECORDS OF THE VIRGINIA COMPANY
V01-P0175,0,17,running_head,"JUNE 26, 1620 375"
V01-P0176,0,15,running_head,M* Caninge & M*
V01-P0176,372,407,editorial_metadata,376 RECORDS OF THE VIRGINIA COMPANY
V01-P0177,0,17,running_head,"JUNE 26, 1620 377"
V01-P0178,0,35,running_head,378 RECORDS OF THE VIRGINIA COMPANY
V01-P0179,0,17,running_head,"JUNE 28, 1620 379"
V01-P0180,0,16,running_head,Magazine Tobacco
V01-P0180,226,261,editorial_metadata,380 RECORDS OF THE VIRGINIA COMPANY
V01-P0181,0,17,running_head,"JUNE 28, 1620 381"
V01-P0182,0,17,running_head,Great CharterCon-
V01-P0182,67,102,editorial_metadata,382 RECORDS OF THE VIRGINIA COMPANY
V01-P0183,0,17,running_head,"JUNE 28, 1620 383"
V01-P0184,0,35,running_head,384 RECORDS OF THE VIRGINIA COMPANY
V01-P0185,0,17,running_head,"JUNE 28, 1620 385"
V01-P0186,0,35,running_head,386 RECORDS OF THE VIRGINIA COMPANY
V01-P0187,0,16,running_head,"JULY 7, 1620 387"
V01-P0188,0,6,running_head,Vnitie
V01-P0188,8,43,editorial_metadata,388 RECORDS OF THE VIRGINIA COMPANY
V01-P0189,0,16,running_head,"JULY 7, 1620 389"
V01-P0190,0,35,running_head,390 RECORDS OF THE VIRGINIA COMPANY
V01-P0191,0,16,running_head,"JULY 7, 1620 391"
V01-P0192,0,6,running_head,Cattle
V01-P0192,21,56,editorial_metadata,392 RECORDS OF THE VIRGINIA COMPANY
V01-P0192,1410,1503,editorial_metadata,"'This publication was included in the Declaration of June 22, 1620. List of Records, No. 183,"
V01-P0193,0,16,running_head,"JULF 1, 1620 393"
V01-P0194,0,9,running_head,Gouerment
V01-P0194,91,126,editorial_metadata,394 RECORDS OF THE VIRGINIA COMPANY
V01-P0195,0,16,running_head,"JULY 7, 1620 395"
V01-P0196,0,35,running_head,396 RECORDS OF THE VIRGINIA COMPANY
V01-P0197,0,16,running_head,"JULY 7, 1620 397"
V01-P0198,0,17,running_head,Comittee fordraw-
V01-P0198,301,336,editorial_metadata,398 RECORDS OF THE VIRGINIA COMPANY
V01-P0198,2478,2576,editorial_metadata,"for tobacco was issued June 29. List of Records, Nos. 167, 168, 184, 185, pages 139 and 141, ante."
V01-P0199,0,17,running_head,"JULY 12, 1620 399"
V01-P0200,0,16,running_head,My Lo: of South-
V01-P0200,210,245,editorial_metadata,400 RECORDS OF THE VIRGINIA COMPANY
V01-P0201,0,17,running_head,"JULY 12, 1620 401"
V01-P0202,0,35,running_head,402 RECORDS OF THE VIRGINIA COMPANY
V01-P0203,0,17,running_head,"JULY 12, 1620 403"
V01-P0204,0,16,running_head,Comission to mf!
V01-P0204,166,201,editorial_metadata,404 RECORDS OF THE VIRGINIA COMPANY
V01-P0204,1889,1972,editorial_metadata,"YA discussion of this project is given in List of Records, No. 186, page 141, ante."
V01-P0204,1973,2044,editorial_metadata,"* This commission is cited in List of Records, No. 189, page 142, ante."
V01-P0205,0,13,running_head,"JULY 18, 1620"
V01-P0206,0,18,running_head,ye 55000 waight to
V01-P0206,217,252,editorial_metadata,406 RECORDS OF THE VIRGINIA COMPANY
V01-P0207,0,17,running_head,"JULY 18, 1620 407"
V01-P0208,0,35,running_head,408 RECORDS OF THE VIRGINIA COMPANY
V01-P0209,0,20,running_head,"NOVEMBER 4, 1620 409"
V01-P0210,0,18,running_head,The Abigall enter-
V01-P0210,216,251,editorial_metadata,410 RECORDS OF THE VIRGINIA COMPANY
V01-P0211,0,20,running_head,"NOVEMBER 4, 1620 411"
V01-P0211,2099,2227,editorial_metadata,"'The order to the Solicitor General for the preparation of this patent is mentioned in List of Records, No. 19°, page 142, ante."
V01-P0212,0,35,running_head,412 RECORDS OF THE VIRGINIA COMPANY
V01-P0213,0,20,running_head,"NOVEMBER 4, 1620 413"
V01-P0214,0,35,running_head,414 RECORDS OF THE VIRGINIA COMPANY
V01-P0215,0,21,running_head,"NOVEMBER 13, 1620 415"
V01-P0216,0,16,running_head,s' Tho: Roes re-
V01-P0216,286,321,editorial_metadata,416 RECORDS OF THE VIRGINIA COMPANY
V01-P0217,0,21,running_head,"NOVEMBER 13, 1620 417"
V01-P0218,0,35,running_head,418 RECORDS OF THE VIRGINIA COMPANY
V01-P0219,0,21,running_head,"NOVEMBER 13, 1620 419"
V01-P0220,0,17,running_head,S' Georg Yeardley
V01-P0221,0,21,running_head,"NOVEMBER 16, 1620 421"
V01-P0222,0,35,running_head,422 RECORDS OF THE VIRGINIA COMPANY
V01-P0223,0,21,running_head,"NOVEMBER 15, 1620 423"
V01-P0224,0,35,running_head,424 RECORDS OF THE VIRGINIA COMPANY
V01-P0225,0,21,running_head,"NOVEMBER 15, 1620 425"
V01-P0225,2318,2389,editorial_metadata,"are mentioned. See List of Records, Nos. 290, 303, 304, page 154, ante."
V01-P0226,0,16,running_head,m' Hen: Rowlands
V01-P0226,280,315,editorial_metadata,426 RECORDS OF THE VIRGINIA COMPANY
V01-P0227,0,21,running_head,"NOVEMBER 16, 1620 427"
V01-P0228,0,35,running_head,428 RECORDS OF THE VIRGINIA COMPANY
V01-P0229,0,21,running_head,"DECEMBER 13, 1620 429"
V01-P0230,0,17,running_head,A Certificate re-
V01-P0230,250,285,editorial_metadata,430 RECORDS OF THE VIRGINIA COMPANY
V01-P0231,0,21,running_head,"DECEMBER 13, 1620 431"
V01-P0232,0,16,running_head,m’ lIasper Stal-
V01-P0232,386,421,editorial_metadata,432 RECORDS OF THE VIRGINIA COMPANY
V01-P0232,2598,2694,editorial_metadata,"‘These two printed books are mentioned in the List of Records, Nos. 150 and 151, page 138, ante."
V01-P0233,0,21,running_head,"DECEMBER 13, 1620 433"
V01-P0234,0,35,running_head,434 RECORDS OF THE VIRGINIA COMPANY
V01-P0234,1976,2130,editorial_metadata,"Commissions from the Governor in Virginia to Captains Smith and Madison are given in List of Records, Nos. 310, 314 and 374, pages 154, 155 and 161, ante."
V01-P0235,0,20,running_head,"JANUARY 29, 1620 435"
V01-P0236,0,35,running_head,436 RECORDS OF THE VIRGINIA COMPANY
V01-P0237,0,20,running_head,"SANUARY 29, 1620 437"
V01-P0238,0,11,running_head,438 RECORDS
V01-P0239,0,20,running_head,"JANUARY 29, 1620 439"
V01-P0240,0,15,running_head,m' Markhams re-
V01-P0240,214,249,editorial_metadata,440 RECORDS OF THE VIRGINIA COMPANY
V01-P0240,2377,2452,editorial_metadata,"office, are mentioned in List of Records, Nos. 247 and 254, page 148, ante."
V01-P0241,0,21,running_head,"FEBRUARY 22, 1620 441"
V01-P0242,0,35,running_head,442 RECORDS OF THE VIRGINIA COMPANY
V01-P0243,0,21,running_head,"FEBRUARY 22, 1620 443"
V01-P0244,0,16,running_head,The LL*: desired
V01-P0244,115,150,editorial_metadata,444 RECORDS OF THE VIRGINIA COMPANY
V01-P0245,0,18,running_head,"APRIL 12, 1621 445"
V01-P0246,0,14,running_head,m' Edward Ben-
V01-P0246,159,194,editorial_metadata,446 RECORDS OF THE VIRGINIA COMPANY
V01-P0247,0,18,running_head,"APRIL 12, 1621 447"
V01-P0248,0,9,running_head,Counsell.
V01-P0248,179,214,editorial_metadata,448 RECORDS OF THE VIRGINIA COMPANY
V01-P0249,0,18,running_head,"APRIL 12, 1621 449"
V01-P0250,0,16,running_head,An officer to be
V01-P0250,192,227,editorial_metadata,450 RECORDS OF THE VIRGINIA COMPANY
V01-P0251,0,18,running_head,"APRIL 12, 1621 451"
V01-P0252,0,38,running_head,452 MECORDS Gi? THI VTEGIN LA COMPANY”
V01-P0253,0,18,running_head,"APRIL 30, 1621 453"
V01-P0254,0,35,running_head,454 RECORDS OF THE VIRGINIA COMPANY
V01-P0254,2260,2358,editorial_metadata,"'The system of government for the colony is mentioned in List of Records, No. 261, page 149, ante."
V01-P0255,0,18,running_head,"APRIL 30, 1621 455"
V01-P0256,0,19,running_head,The said offer rec-
V01-P0256,171,206,editorial_metadata,456 RECORDS OF THE VIRGINIA COMPANY
V01-P0257,0,18,running_head,"APRIL 30, 1621 457"
V01-P0258,0,15,running_head,nm Deputies re-
V01-P0258,143,178,editorial_metadata,458 RECORDS OF THE VIRGINIA COMPANY
V01-P0259,0,18,running_head,"APRIL 30, 1621 459"
V01-P0260,0,35,running_head,460 RECORDS OF THE VIRGINIA COMPANY
V01-P0261,0,18,running_head,"APRIL 30, 1621 461"
V01-P0262,0,35,running_head,462 RECORDS OF THE VIRGINIA COMPANY
V01-P0263,0,15,running_head,"MAY 2, 1621 463"
V01-P0264,0,35,running_head,464 RECORDS OF THE VIRGINIA COMPANY
V01-P0265,0,44,running_head,ing page 214 of Volume I of the original MS.
V01-P0266,0,23,running_head,wail - oe eee lime . m1
V01-P0267,0,17,running_head,Quarter Pownrte-/
V01-P0269,0,15,running_head,"MAY 2, 1621 465"
V01-P0270,0,14,running_head,St Iohn Dauers
V01-P0270,157,192,editorial_metadata,466 RECORDS OF THE VIRGINIA COMPANY
V01-P0270,2274,2361,editorial_metadata,"1 For contracts with William Ewens, see List of Records, Nos. 256, 257, page 149, ante."
V01-P0271,0,15,running_head,"MAY 2, 1621 467"
V01-P0272,0,35,running_head,468 RECORDS OF THE VIRGINIA COMPANY
V01-P0273,0,15,running_head,"MAY 2, 1621 469"
V01-P0274,0,35,running_head,470 RECORDS OF THE VIRGINIA COMPANY
V01-P0274,2216,2268,editorial_metadata,"in List of Records, Nos. 231, 233, page 146, ante. )"
V01-P0275,0,15,running_head,"MAY 2, 1621 471"
V01-P0276,0,13,running_head,m' Io: Berkly
V01-P0276,98,133,editorial_metadata,472 RECORDS OF THE VIRGINIA COMPANY
V01-P0277,0,15,running_head,"MAY 2, 1621 473"
V01-P0278,0,16,running_head,A Patent to Capt
V01-P0278,165,200,editorial_metadata,474 RECORDS OF THE VIRGINIA COMPANY
V01-P0279,0,16,running_head,"MAY 12, 1621 475"
V01-P0280,0,16,running_head,Allowance to mf‘
V01-P0280,67,102,editorial_metadata,476 RECORDS OF THE VIRGINIA COMPANY
V01-P0281,0,17,running_head,"JUNE 11, 1621 477"
V01-P0282,0,16,running_head,My Lo: of South-
V01-P0282,305,340,editorial_metadata,478 RECORDS OF THE VIRGINIA COMPANY
V01-P0283,0,17,running_head,"JUNE 11, 1621 479"
V01-P0284,0,9,running_head,m’ Casewe
V01-P0284,263,298,editorial_metadata,480 RECORDS OF THE VIRGINIA COMPANY
V01-P0284,2356,2485,editorial_metadata,"'The action of the Privy Council for suppressing the importation of tobacco is cited in List of Records, No. 263, page 149, ante."
V01-P0285,0,17,running_head,"JUNE 11, 1621 481"
V01-P0286,0,16,running_head,3 ffortificaton.
V01-P0286,93,128,editorial_metadata,482 RECORDS OF THE VIRGINIA COMPANY
V01-P0287,0,17,running_head,"JUNE 11, 1621 483"
V01-P0288,0,17,running_head,The Bishops to be
V01-P0288,130,165,editorial_metadata,484 RECORDS OF THE VIRGINIA COMPANY
V01-P0289,0,17,running_head,"JUNE 11, 1621 485"
V01-P0290,0,35,running_head,486 RECORDS OF THE VIRGINIA COMPANY
V01-P0291,0,17,running_head,"JUNE 18, 1621 487"
V01-P0292,0,35,running_head,488 RECORDS OF THE VIRGINIA COMPANY
V01-P0293,0,17,running_head,"JUNE 13, 1621 489"
V01-P0294,0,13,running_head,The Companies
V01-P0294,151,186,editorial_metadata,490 RECORDS OF THE VIRGINIA COMPANY
V01-P0295,0,17,running_head,"JUNE 13, 1621 491"
V01-P0296,0,17,running_head,A Patent graunted
V01-P0296,126,161,editorial_metadata,492 RECORDS OF THE VIRGINIA COMPANY
V01-P0297,0,17,running_head,"JUNE 13, 1621 493"
V01-P0298,0,17,running_head,The Comittees re-
V01-P0298,115,150,editorial_metadata,494 RECORDS OF THE VIRGINIA COMPANY
V01-P0299,0,17,running_head,"JUNE 13, 1621 495"
V01-P0300,0,17,running_head,y¢ 2 Indian mayde
V01-P0300,160,195,editorial_metadata,496 RECORDS OF THE VIRGINIA COMPANY
V01-P0301,0,17,running_head,"JUNE 13, 1621 497"
V01-P0302,0,35,running_head,498 RECORDS OF THE VIRGINIA COMPANY
V01-P0303,0,17,running_head,"JUNE 25, 1621 499"
V01-P0304,0,35,running_head,500 RECORDS OF THE VIRGINIA COMPANY
V01-P0305,0,16,running_head,"JULY 2, 1621 501"
V01-P0306,0,16,running_head,A Tre written to
V01-P0306,208,243,editorial_metadata,502 RECORDS OF THE VIRGINIA COMPANY
V01-P0307,0,17,running_head,"JULY 10, 1621 503"
V01-P0308,0,15,running_head,3 Seuerall Voy-
V01-P0308,151,186,editorial_metadata,504 RECORDS OF THE VIRGINIA COMPANY
V01-P0308,2318,2415,editorial_metadata,"‘These letters were probably those mentioned in List of Records, Nos. 238, 241, 243-245, 247-249,"
V01-P0309,0,17,running_head,"JULY 10, 1621 505"
V01-P0310,0,17,running_head,m’ Bolton y* Myn-
V01-P0310,221,256,editorial_metadata,506 RECORDS OF THE VIRGINIA COMPANY
V01-P0310,2315,2384,editorial_metadata,"''This contract is cited in List of Records, No. 256, page 149, ante."
V01-P0311,0,17,running_head,"JULY 10, 1621 507"
V01-P0312,0,15,running_head,Request made to
V01-P0312,331,366,editorial_metadata,508 RECORDS OF THE VIRGINIA COMPANY
V01-P0313,0,17,running_head,"JULY 10, 1621 509"
V01-P0314,0,14,running_head,The Courté re-
V01-P0314,78,113,editorial_metadata,510 RECORDS OF THE VIRGINIA COMPANY
V01-P0315,0,17,running_head,"JULY 12, 1621 511"
V01-P0316,0,35,running_head,512 RECORDS OF THE VIRGINIA COMPANY
V01-P0317,0,17,running_head,"JULY 16, 1621 513"
V01-P0318,0,35,running_head,514 RECORDS OF THE VIRGINIA COMPANY
V01-P0319,0,17,running_head,"JULY 16, 1621 515"
V01-P0320,0,15,running_head,m' Pott€ enter-
V01-P0320,109,144,editorial_metadata,516 RECORDS OF THE VIRGINIA COMPANY
V01-P0321,0,17,running_head,"JULY 16, 1621 517"
V01-P0322,0,15,running_head,The Vse and end
V01-P0322,63,98,editorial_metadata,518 RECORDS OF THE VIRGINIA COMPANY
V01-P0323,0,17,running_head,"JULY 16, 1621 519"
V01-P0324,0,35,running_head,520 RECORDS OF THE VIRGINIA COMPANY
V01-P0325,0,17,running_head,"JULY 24, 1621 521"
V01-P0326,0,35,running_head,522 RECORDS OF THE VIRGINIA COMPANY
V01-P0326,2272,2414,editorial_metadata,"' These Instructions and a letter to the (rovernor and council in Virginia are mentioned in List of Records, Nos. 261 and 262, page 149, ante."
V01-P0327,0,19,running_head,"JULY 24, 1621 A 523"
V01-P0328,0,35,running_head,524 RECORDS OF THE VIRGINIA COMPANY
V01-P0329,0,17,running_head,"JULY 27, 1621 525"
V01-P0330,0,3,running_head,526
V01-P0330,5,36,editorial_metadata,RECORDS OF THE VIRGINIA COMPANY
V01-P0331,0,20,running_head,"OCTOBER 17, 1621 527"
V01-P0332,0,14,running_head,The Comp*: an-
V01-P0332,28,59,editorial_metadata,RECORDS OF THE VIRGINIA COMPANY
V01-P0333,0,20,running_head,"OCTOBER 17, 1621 529"
V01-P0334,0,35,running_head,530 RECORDS OF THE VIRGINIA COMPANY
V01-P0335,0,20,running_head,"OCTOBER 24, 1621 531"
V01-P0336,0,15,running_head,"70"" procured by"
V01-P0336,70,105,editorial_metadata,§32 RECORDS OF THE VIRGINIA COMPANY
V01-P0336,2242,2340,editorial_metadata,"‘An order in council on this matter was passed on the day of this court. List of Records, No. 272,"
V01-P0337,0,20,running_head,"OCTOBER 24, 1621 533"
V01-P0337,1688,1787,editorial_metadata,"7¥For a declaration of the disposition of this money, see List of Records, No. 289, page 152, ante."
V01-P0338,0,16,running_head,A moéon for Pat-
V01-P0338,154,189,editorial_metadata,534 RECORDS OF THE VIRGINIA COMPANY
V01-P0338,1958,2054,editorial_metadata,"‘For some of these commissions see List of Records, Nos. 225, 277, 278, pages 145 and 151, ante."
V01-P0339,0,20,running_head,"OCTOBER 2}, 1621 535"
V01-P0340,0,15,running_head,Direction to be
V01-P0340,98,133,editorial_metadata,536 RECORDS OF THE VIRGINIA COMPANY
V01-P0341,0,20,running_head,"OCTOBER 31, 1621 537"
V01-P0342,0,35,running_head,538 RECORDS OF THE VIRGINIA COMPANY
V01-P0343,0,20,running_head,"OCTOBER 31, 1621 539"
V01-P0344,0,35,running_head,540 RECORDS OF THE VIRGINIA COMPANY
V01-P0345,0,20,running_head,"OCTOBER 31, 1621 541"
V01-P0346,0,35,running_head,542 RECORDS OF THE VIRGINIA COMPANY
V01-P0347,0,20,running_head,"OCTOBER 31, 1621 543"
V01-P0348,0,35,running_head,544 RECORDS OF THE VIRGINIA COMPANY
V01-P0349,0,21,running_head,"NOVEMBER 14, 1621 545"
V01-P0350,0,35,running_head,546 RECORDS OF THE VIRGINIA COMPANY
V01-P0351,0,21,running_head,"NOVEMBER 14, 1621 547"
V01-P0352,0,35,running_head,548 RECORDS OF THE VIRGINIA COMPANY
V01-P0353,0,21,running_head,"NOVEMBER 19, 1621 049"
V01-P0354,0,35,running_head,550 RECORDS OF THE VIRGINIA COMPANY
V01-P0355,0,21,running_head,"NOVEMBER 19, 1621 551"
V01-P0356,0,35,running_head,552 RECORDS OF THE VIRGINIA COMPANY
V01-P0357,0,21,running_head,"NOVEMBER 21, 1621 553"
V01-P0358,0,35,running_head,554 RECORDS OF THE VIRGINIA COMPANY
V01-P0358,1624,1719,editorial_metadata,"'Three of these commissions, bearing this date, are mentioned in List of Records, Nos. 276-278,"
V01-P0359,0,21,running_head,"NOVEMBER 21, 1621 555"
V01-P0360,0,35,running_head,556 RECORDS OF THE VIRGINIA COMPANY
V01-P0361,0,21,running_head,"NOVEMBER @1, 1621 557"
V01-P0362,0,35,running_head,558 RECORDS OF THE VIRGINIA COMPANY
V01-P0363,0,21,running_head,"NOVEMBER 21, 1621 559"
V01-P0364,0,35,running_head,560 RECORDS OF THE VIRGINIA COMPANY
V01-P0365,0,21,running_head,"NOVEMBER 21, 1621 561"
V01-P0366,0,35,running_head,562 RECORDS OF THE VIRGINIA COMPANY
V01-P0367,0,21,running_head,"NOVEMBER 21, 1621 563"
V01-P0368,0,35,running_head,564 RECORDS OF THE VIRGINIA COMPANY
V01-P0369,0,21,running_head,"NOVEMBER 21, 1621 565"
V01-P0370,0,35,running_head,566 RECORDS OF THE VIRGINIA COMPANY
V01-P0371,0,21,running_head,"NOVEMBER 21, 1621 567"
V01-P0371,2244,2283,editorial_metadata,"List of Records, No. 279, p. 151, ante."
V01-P0372,0,35,running_head,568 RECORDS OF THE VIRGINIA COMPANY
V01-P0373,0,20,running_head,"DECEMBER 4, 1621 569"
V01-P0374,0,35,running_head,570 RECORDS OF THE VIRGINIA COMPANY
V01-P0375,0,21,running_head,"DECEMBER 19, 1621 571"
V01-P0376,0,35,running_head,572 RECORDS OF THE VIRGINIA COMPANY
V01-P0377,0,21,running_head,"DECEMBER 19, 1621 573"
V01-P0378,0,35,running_head,574 RECORDS OF THE VIRGINIA COMPANY
V01-P0379,0,20,running_head,"JANUARY 16, 1622 575"
V01-P0380,0,35,running_head,576 RECORDS OF THE VIRGINIA COMPANY
V01-P0381,0,20,running_head,"JANUARY 21, 1622 577"
V01-P0382,0,35,running_head,578 RECORDS OF THE VIRGINIA COMPANY
V01-P0383,0,20,running_head,"JANUARY 28, 1622 579"
V01-P0384,0,35,running_head,580 RECURDS OF THE VIRGINIA COMPANY
V01-P0385,0,20,running_head,"JANUARY 28, 1622 581"
V01-P0386,0,35,running_head,582 RECORDS OF THE VIRGINIA COMPANY
V01-P0387,0,20,running_head,"JANUARY 28, 1622 583"
V01-P0388,0,35,running_head,584 RECORDS OF THE VIRGINIA COMPANY
V01-P0389,0,10,running_head,m’ Taylo’.
V01-P0390,0,3,running_head,586
V01-P0390,5,36,editorial_metadata,RECORDS OF THE VIRGINIA COMPANY
V01-P0391,0,20,running_head,"JANUARY 30, 1622 587"
V01-P0392,0,35,running_head,588 RECORDS OF THE VIRGINIA COMPANY
V01-P0393,0,20,running_head,"SANUARY 30, 1622 589"
V01-P0394,0,35,running_head,590 RECORDS OF THE VIRGINIA COMPANY
V01-P0395,0,20,running_head,"JANUARY 30, 1622 591"
V01-P0396,0,35,running_head,592 RECORDS OF THE VIRGINIA COMPANY
V01-P0397,0,20,running_head,"JANUARY 30, 1622 593"
V01-P0398,0,35,running_head,594 RECORDS OF THE VIRGINIA COMPANY
V01-P0399,0,22,running_head,"JANUARY 30, 1622 . 595"
V01-P0400,0,35,running_head,596 RECORDS OF THE VIRGINIA COMPANY
V01-P0401,0,21,running_head,"FEBRUARY 13, 1622 597"
V01-P0402,0,35,running_head,598 RECORDS OF THE VIRGINIA COMPANY
V01-P0403,0,21,running_head,"FEBRUARY 13, 1622 599"
V01-P0404,0,35,running_head,600 RECORDS OF THE VIRGINIA COMPANY
V01-P0405,0,21,running_head,"FEBRUARY 13, 1622 601"
V01-P0405,2087,2185,editorial_metadata,"1A letter of complaint from Weldon to Sir Edwin Sandys is referred to in List of Records, No. 168,"
V01-P0406,0,35,running_head,602 RECORDS OF THE VIRGINIA COMPANY
V01-P0407,0,21,running_head,"FEBRUARY 13, 1622 603"
V01-P0408,0,35,running_head,604 RECORDS OF THE VIRGINIA COMPANY
V01-P0409,0,21,running_head,"FEBRUARY 27, 1622 605"
V01-P0410,0,35,running_head,606 RECORDS OF THE VIRGINIA COMPANY
V01-P0411,0,21,running_head,"FEBRUARY 27, 1622 607"
V01-P0412,0,35,running_head,608 RECORDS OF THE VIRGINIA COMPANY
V01-P0413,0,21,running_head,"FEBRUARY 27, 1622 609"
V01-P0414,0,35,running_head,610 RECORDS OF THE VIRGINIA COMPANY
V01-P0415,0,21,running_head,"FEBRUARY 27, 1622 611"
V01-P0416,0,37,running_head,612 RECORDS OF THE VIRGINIA COMPANY ©
V01-P0417,0,18,running_head,"MARCH 13, 1622 613"
V01-P0418,0,3,running_head,614
V01-P0418,5,36,editorial_metadata,RECORDS OF THE VIRGINIA COMPANY
V01-P0419,0,18,running_head,"MARCH 13, 1622 615"
V01-P0420,0,35,running_head,616 RECORDS OF THE VIRGINIA COMPANY
V01-P0421,0,18,running_head,"MARCH 13, 1622 617"
V01-P0422,0,35,running_head,618 RECORDS OF THE VIRGINIA COMPANY
V01-P0423,0,18,running_head,"MARCH 13, 1622 619"
V01-P0424,0,35,running_head,620 RECORDS OF THE VIRGINIA COMPANY
V01-P0425,0,18,running_head,"MARCH 20, 1622 621"
V01-P0426,0,35,running_head,622 RECORDS OF THE VIRGINIA COMPANY
V01-P0427,0,18,running_head,"MARCH 27, 1622 623"
V01-P0428,0,35,running_head,624 RECORDS OF THE VIRGINIA COMPANY
V01-P0429,0,19,running_head,"‘ APRIL 3, 1622 625"
V01-P0430,0,35,running_head,626 RECORDS OF THE VIRGINIA COMPANY
V01-P0431,0,18,running_head,"APRIL 10, 1622 627"
V01-P0432,0,35,running_head,628 RECORDS OF THE VIRGINIA COMPANY
V01-P0433,0,18,running_head,"APRIL 10, 1622 629"
V01-P0433,2083,2172,editorial_metadata,"1 This sermon was printed and is referred to in List of Records, No. 312, page 155, ante."
V01-P0434,0,35,running_head,630 RECORDS OF THE VIRGINIA COMPANY
V01-P0435,0,15,running_head,"MAY 8, 1622 631"
V01-P0436,0,35,running_head,632 RECORDS OF THE VIRGINIA COMPANY
V01-P0437,0,15,running_head,"MAY 8, 1622 633"
V01-P0438,0,35,running_head,634 RECORDS OF THE VIRGINIA COMPANY
V01-P0439,0,15,running_head,"MAY 8, 1622 635"
V01-P0440,0,35,running_head,636 RECORDS OF THE VIRGINIA COMPANY
V01-P0444,0,2,running_head,—_
V01-P0448,0,9,running_head,reitsstes
V02-P0001,0,14,running_head,Rerords of the
V02-P0002,0,34,running_head,10 RECORDS OF THE VIRGINIA COMPANY
V02-P0003,0,17,running_head,"MAY 20, 1692 : 11"
V02-P0004,0,34,running_head,12 RECORDS OF THE VIRGINIA COMPANY
V02-P0005,0,19,running_head,"MAY 20, 1692 0 ‘ 13"
V02-P0006,0,34,running_head,14 RECORDS OF THE VIRGINIA COMPANY
V02-P0007,0,15,running_head,"MAY 20, 1622 15"
V02-P0008,0,34,running_head,16 RECORDS OF THE VIRGINIA COMPANY
V02-P0009,0,14,running_head,"MAY 20, 1622 -"
V02-P0010,0,34,running_head,18 RECORDS OF THE VIRGINIA COMPANY
V02-P0011,0,16,running_head,"MAY 98, 10980 19"
V02-P0012,0,34,running_head,20 RECORDS OF THE VIRGINIA COMPANY
V02-P0012,1106,1177,editorial_metadata,"2 This patent is mentioned in List of Records, No. 324, page 166, ante."
V02-P0012,1178,1249,editorial_metadata,"* This patent is mentioned in List of Records, No. 325, page 166, ante."
V02-P0013,0,15,running_head,"MAY 22, 1692 21"
V02-P0014,0,34,running_head,22 RECORDS OF THE VIRGINIA COMPANY
V02-P0015,0,17,running_head,"MAY 22, 1692 : 23"
V02-P0016,0,31,running_head,RECORDS OF THE VIRGINIA COMPANY
V02-P0017,0,15,running_head,"MAY 22, 1622 25"
V02-P0018,0,34,running_head,26 RECORDS OF THE VIRGINIA COMPANY
V02-P0019,0,15,running_head,"MAY 22, 1622 27"
V02-P0020,0,34,running_head,28 RECORDS OF THE VIRGINIA COPMANY
V02-P0021,0,23,running_head,"MAY 22, 1622 : —_ 7m 29"
V02-P0022,0,34,running_head,30 RECORDS OF THE VIRGINIA COMPANY
V02-P0023,0,21,running_head,"MAY 92, 1628 —_— j 31"
V02-P0024,0,34,running_head,32 RECORDS OF THE VIRGINIA COMPANY
V02-P0025,0,12,running_head,"JUNE 6, 1622"
V02-P0026,0,34,running_head,34 RECORDS OF THE VIRGINIA COMPANY
V02-P0027,0,17,running_head,"JUNE 5, 1622 - 35"
V02-P0028,0,36,running_head,36 | RECORDS OF THE VIRGINIA COMPANY
V02-P0029,0,17,running_head,"JUNE 6, 169 se 37"
V02-P0030,0,34,running_head,38 RECORDS OF THE VIRGINIA COMPANY
V02-P0031,0,13,running_head,"JUNE 19, 1622"
V02-P0032,0,34,running_head,40 RECORDS OF THE VIRGINIA COMPANY
V02-P0033,0,20,running_head,"JUNE 19, 1628 — , 41"
V02-P0034,0,34,running_head,42 RECORDS OF THE VIRGINIA COMPANY
V02-P0035,0,16,running_head,"JUNE 19, 1622 43"
V02-P0036,0,34,running_head,44 RECORDS OF THE VIRGINIA COMPANY
V02-P0039,0,3,running_head,ae.
V02-P0041,0,16,running_head,"JUNE 19, 1622 45"
V02-P0042,0,34,running_head,46 RECORDS OF THE VIRGINIA COMPANY
V02-P0043,0,20,running_head,"JUNE 19, 1682 © , 47"
V02-P0044,0,31,running_head,RECORDS OF THE VIRGINIA COMPANY
V02-P0045,0,21,running_head,"JUNE 19, 1622 . é, 49"
V02-P0046,0,34,running_head,50 RECORDS OF THE VIRGINIA COMPANY
V02-P0047,0,16,running_head,"JUNE 19, 1682 51"
V02-P0048,0,2,running_head,52
V02-P0048,4,35,editorial_metadata,RECORDS OF THE VIRGINIA COMPANY
V02-P0049,0,16,running_head,"JUNE 19, 1698 53"
V02-P0050,0,31,running_head,RECORDS OF THE VIRGINIA COMPANY
V02-P0051,0,16,running_head,"JUNE 19, 1692 55"
V02-P0052,0,16,running_head,"JUNE 19, 1692 55"
V02-P0053,0,34,running_head,56 RECORDS OF THE VIRGINIA COMPANY
V02-P0054,0,13,running_head,"JUNE 29, 1682"
V02-P0055,0,34,running_head,58 RECORDS OF THE VIRGINIA COMPANY
V02-P0056,0,16,running_head,"JUNE 29, 1622 59"
V02-P0057,0,34,running_head,60 RECORDS OF THE VIRGINIA COMPANY
V02-P0058,0,27,running_head,"JUNE @9, 1008 © 9-1. +s. 61"
V02-P0059,0,2,running_head,62
V02-P0059,4,35,editorial_metadata,RECORDS OF THE VIRGINIA COMPANY
V02-P0060,0,18,running_head,"JUNE 29, 1692 — 63"
V02-P0061,0,34,running_head,64 RECORDS OF THE VIRGINIA COMPANY
V02-P0062,0,16,running_head,S* Walter Earle.
V02-P0063,0,34,running_head,66 RECORDS OF THE VIRGINIA COMPANY
V02-P0064,0,15,running_head,"JULY 1, 1682 67"
V02-P0065,0,34,running_head,68 RECORDS OF THE VIRGINIA COMPANY
V02-P0066,0,17,running_head,"JULY 1, 1622 ' 69"
V02-P0067,0,34,running_head,70 RECORDS OF THE VIRGINIA COMPANY
V02-P0068,0,15,running_head,"JULY 1, 1622 71"
V02-P0069,0,34,running_head,72 RECORDS OF THE VIRGINIA COMPANY
V02-P0070,0,12,running_head,"JULY 3, 1698"
V02-P0071,0,34,running_head,74 RECORDS OF THE VIRGINIA COMPANY
V02-P0072,0,15,running_head,"JULY 8, 1622 75"
V02-P0073,0,34,running_head,76 RECORDS OF THE VIRGINIA COMPANY
V02-P0074,0,24,running_head,"JULY 8, 1622 | «emit, Va"
V02-P0075,0,2,running_head,78
V02-P0075,61,92,editorial_metadata,RECORDS OF THE VIRGINIA COMPANY
V02-P0076,0,19,running_head,"JULY 8, AOR Sree 79"
V02-P0077,0,34,running_head,80 RECORDS OF THE VIRGINIA COMPANY
V02-P0078,0,1,running_head,=
V02-P0079,0,34,running_head,82 RECORDS OF THE VIRGINIA COMPANY
V02-P0080,0,15,running_head,"JULY 8, 1622 83"
V02-P0081,0,34,running_head,84 RECORDS OF THE VIRGINIA COMPANY
V02-P0082,0,15,running_head,"JULY 8, 1698 85"
V02-P0083,0,2,running_head,70
V02-P0083,4,35,editorial_metadata,RECORDS OF THE VIRGINIA COMPANY
V02-P0084,0,3,running_head,ral
V02-P0085,0,31,running_head,RECORDS OF THE VIRGINIA COMPANY
V02-P0086,0,15,running_head,"JULY 3, 1692 89"
V02-P0087,0,34,running_head,90 RECORDS OF THE VIRGINIA COMPANY
V02-P0088,0,3,running_head,nia
V02-P0089,0,31,running_head,RECORDS OF THE VIRGINIA COMPANY
V02-P0090,0,13,running_head,——S See —————
V02-P0091,0,34,running_head,94 RECORDS OF THE VIRGINIA COMPANY
V02-P0092,0,18,running_head,"JULY 17, 1622 , 95"
V02-P0093,0,34,running_head,96 RECORDS OF THE VIRGINIA COMPANY
V02-P0093,1952,2055,editorial_metadata,"mentioned in List of Records, Nos. 293, 306, 318, 350, 354, 355, 356, 363, Vol. 1, pages 152, 154, 156,"
V02-P0094,0,26,running_head,"JULY 17, 1698 ‘on sal a 97"
V02-P0095,0,34,running_head,98 RECORDS OF THE VIRGINIA COMPANY
V02-P0096,0,18,running_head,"AUGUST 14, 1622 99"
V02-P0097,0,35,running_head,100 RECORDS OF THE VIRGINIA COMPANY
V02-P0098,0,21,running_head,"SEPTEMBER 6, 1622 101"
V02-P0099,0,35,running_head,102 RECORDS OF THE VIRGINIA COMPANY
V02-P0099,2152,2252,editorial_metadata,"1This treatise, containing also the two letters, is referred to in List of Records, No. 347, Vol. I,"
V02-P0100,0,19,running_head,"OCTOBER 7, 1622 103"
V02-P0101,0,35,running_head,104 RECORDS OF THE VIRGINIA COMPANY
V02-P0102,0,19,running_head,"OCTOBER 7, 1622 105"
V02-P0103,0,35,running_head,106 RECORDS OF THE VIRGINIA COMPANY
V02-P0104,0,21,running_head,"OCTOBER 7, 1622 © 107"
V02-P0105,0,35,running_head,108 RECORDS OF THE VIRGINIA COMPANY
V02-P0106,0,24,running_head,"OCTOBER 7, 1098 =... 109"
V02-P0107,0,35,running_head,110 RECORDS OF THE VIRGINIA COMPANY
V02-P0108,0,24,running_head,"OCTOBER 23, 1622 _ ' 111"
V02-P0109,0,35,running_head,112 RECORDS OF THE VIRGINIA COMPANY
V02-P0110,0,22,running_head,"OCTOBER 23, 1682 . 113"
V02-P0111,0,35,running_head,114 RECORDS OF THE VIRGINIA COMPANY
V02-P0111,2293,2394,editorial_metadata,"1This sermon, preached November 18, was printed. It is referred to, List of Records, No. 375, Vol. I,"
V02-P0111,2395,2502,editorial_metadata,"page 161,ante. A letter concerning the sermon is given in List of Records, No. 381, Vol. 1, page 161, ante."
V02-P0112,0,1,running_head,.
V02-P0113,0,35,running_head,116 RECORDS OF THE VIRGINIA COMPANY
V02-P0114,0,19,running_head,"NOVEMBER 6, 1682 Wy"
V02-P0115,0,35,running_head,118 RECORDS OF THE VIRGINIA COMPANY
V02-P0118,0,4,running_head,ie F
V02-P0120,0,20,running_head,"NOVEMBER 6, 1622 119"
V02-P0121,0,35,running_head,120 RECORDS OF THE VIRGINIA COMPANY
V02-P0122,0,24,running_head,"NOVEMBER 6, 1602 - = 121"
V02-P0123,0,35,running_head,122 RECORDS OF THE VIRGINIA COMPANY
V02-P0124,0,17,running_head,"NOVEMBER 18, 1698"
V02-P0125,0,31,running_head,RECORDS OF THE VIRGINIA COMPANY
V02-P0126,0,24,running_head,"NOVEMBER 18,109 © |. 125"
V02-P0127,0,35,running_head,126 RECORDS OF THE VIRGINIA COMPANY
V02-P0128,0,21,running_head,"NOVEMBER 18, 1622 127"
V02-P0129,0,35,running_head,128 RECORDS OF THE VIRGINIA COMPANY
V02-P0130,0,23,running_head,"NOVEMBER 18, 1622 , 129"
V02-P0131,0,3,running_head,130
V02-P0131,5,36,editorial_metadata,RECORDS OF THE VIRGINIA COMPANY
V02-P0132,0,21,running_head,"NOVEMBER 20, 1622 131"
V02-P0133,0,35,running_head,132 RECORDS OF THE VIRGINIA COMPANY
V02-P0134,0,3,running_head,ale
V02-P0135,0,35,running_head,134 RECORDS OF THE VIRGINIA COMPANY
V02-P0136,0,2,running_head,"*,"
V02-P0137,0,37,running_head,136 . RECORDS OF THE VIRGINIA COMPANY
V02-P0138,0,21,running_head,"NOVEMBER 20, 1622 137"
V02-P0139,0,35,running_head,138 RECORDS OF THE VIRGINIA COMPANY
V02-P0140,0,1,running_head,’
V02-P0141,0,35,running_head,140 RECORDS OF THE VIRGINIA COMPANY
V02-P0142,0,22,running_head,"NOVEMBER 22, 1622 . Mi"
V02-P0142,989,1087,editorial_metadata,"!'The decree given in December is referred to in List of Records, No. 379, Vol. I, page 161, ante."
V02-P0143,0,35,running_head,142 RECORDS OF THE VIRGINIA COMPANY
V02-P0144,0,21,running_head,"NOVEMBER 22, 1622 143"
V02-P0145,0,35,running_head,144 RECORDS OF THE VIRGINIA COMPANY
V02-P0146,0,21,running_head,"NOVEMBER 22, 1622 145"
V02-P0147,0,37,running_head,136 . RECORDS OF THE VIRGINIA COMPANY
V02-P0148,0,21,running_head,"NOVEMBER 20, 1622 137"
V02-P0149,0,35,running_head,138 RECORDS OF THE VIRGINIA COMPANY
V02-P0150,0,5,running_head,itm &
V02-P0151,0,35,running_head,140 RECORDS OF THE VIRGINIA COMPANY
V02-P0152,0,22,running_head,"NOVEMBER 22, 1622 . iM"
V02-P0152,975,1073,editorial_metadata,"!'The decree given in December is referred to in List of Records, No. 379, Vol. I, page 161, ante."
V02-P0153,0,35,running_head,142 RECORDS OF THE VIRGINIA COMPANY
V02-P0154,0,21,running_head,"NOVEMBER 22, 1622 143"
V02-P0155,0,35,running_head,144 RECORDS OF THE VIRGINIA COMPANY
V02-P0156,0,21,running_head,"NOVEMBER 22, 1622 145"
V02-P0157,0,35,running_head,146 RECORDS OF THE VIRGINIA COMPANY
V02-P0158,0,21,running_head,"NOVEMBER 27, 1692 147"
V02-P0159,0,35,running_head,148 RECORDS OF THE VIRGINIA COMPANY
V02-P0160,0,25,running_head,"NOVEMBER 27, 1692 - } 149"
V02-P0161,0,35,running_head,150 RECORDS OF THE VIRGINIA COMPANY
V02-P0162,0,23,running_head,"NOVEMBER 87, 1622 ‘ 151"
V02-P0163,0,35,running_head,152 RECORDS OF THE VIRGINIA COMPANY
V02-P0164,0,21,running_head,"NOVEMBER 27, 1622 153"
V02-P0165,0,35,running_head,154 RECORDS OF THE VIRGINIA COMPANY
V02-P0166,0,21,running_head,"NOVEMBER 27, 1622 155"
V02-P0167,0,10,running_head,The Rolle:
V02-P0167,12,47,editorial_metadata,156 RECORDS OF THE VIRGINIA COMPANY
V02-P0168,0,24,running_head,"NOVEMBER 27, 1622 vo 157"
V02-P0169,0,35,running_head,158 RECORDS OF THE VIRGINIA COMPANY
V02-P0170,0,31,running_head,"NOVEMBER 27, 160@ °° .-- °, 159"
V02-P0171,0,35,running_head,160 RECORDS OF THE VIRGINIA COMPANY
V02-P0172,0,16,running_head,"DECEMBER 4, 1622"
V02-P0173,0,35,running_head,162 RECORDS OF THE VIRGINIA COMPANY
V02-P0174,0,25,running_head,"DECEMBER 4, 1628 came 163"
V02-P0175,0,35,running_head,164 RECORDS OF THE VIRGINIA COMPANY
V02-P0176,0,23,running_head,"DECEMBER 4, 1622 at 165"
V02-P0177,0,35,running_head,166 RECORDS OF THE VIRGINIA COMPANY
V02-P0178,0,22,running_head,"DECEMBER 4, 1622 — 167"
V02-P0179,0,35,running_head,168 RECORDS OF THE VIRGINIA COMPANY
V02-P0180,0,20,running_head,"DECEMBER 4, 1622 169"
V02-P0181,0,35,running_head,170 RECORDS OF THE VIRGINIA COMPANY
V02-P0181,2253,2389,editorial_metadata,"1A paper touching a similar discussion in the Summer Islands Company is referred to in List of Records, No. 380, Vol. I, page 162, ante."
V02-P0182,0,22,running_head,"DECEMBER 4, 1622 - 171"
V02-P0183,0,35,running_head,172 RECORDS OF THE VIRGINIA COMPANY
V02-P0184,0,24,running_head,"DECEMBER 4, 1622 aia 173"
V02-P0185,0,35,running_head,174 RECORDS OF THE VIRGINIA COMPANY
V02-P0186,0,22,running_head,"DECEMBER 4, 1622 . 175"
V02-P0187,0,35,running_head,176 RECORDS OF THE VIRGINIA COMPANY
V02-P0188,0,23,running_head,"DECEMBER 4, 1622 me 177"
V02-P0189,0,35,running_head,178 RECORDS OF THE VIRGINIA COMPANY
V02-P0190,0,16,running_head,"JANUARY 29, 1683"
V02-P0191,0,35,running_head,180 RECORDS OF THE VIRGINIA COMPANY
V02-P0192,0,21,running_head,"“SANUARY 29, 1688 181"
V02-P0193,0,35,running_head,182 RECORDS OF THE VIRGINIA COMPANY
V02-P0194,0,22,running_head,"JANUARY 29, 1623 , 183"
V02-P0195,0,35,running_head,184 RECORDS OF THE VIRGINIA COMPANY
V02-P0196,0,20,running_head,"JANUARY 29, 1623 185"
V02-P0197,0,35,running_head,186 RECORDS OF THE VIRGINIA COMPANY
V02-P0198,0,20,running_head,"JANUARY 29, 1628 187"
V02-P0199,0,35,running_head,188 RECORDS OF THE VIRGINIA COMPANY
V02-P0200,0,26,running_head,"JANUARY 29,1688 |. ..+ 189"
V02-P0201,0,35,running_head,190 RECORDS OF THE VIRGINIA COMPANY
V02-P0202,0,20,running_head,"JANUARY 99, 1623 191"
V02-P0203,0,35,running_head,192 RECORDS OF THE VIRGINIA COMPANY
V02-P0204,0,27,running_head,"JANUARY 99, 1608 © =: . 193"
V02-P0205,0,35,running_head,194 RECORDS OF THE VIRGINIA COMPANY
V02-P0206,0,22,running_head,"‘ JANUARY 29, 1623 195"
V02-P0207,0,31,running_head,RECORDS OF THE VIRGINIA COMPANY
V02-P0208,0,23,running_head,"JANUARY 31, 1623 ye 197"
V02-P0209,0,35,running_head,198 RECORDS OF THE VIRGINIA COMPANY
V02-P0210,0,24,running_head,"JANUARY 81, 1628 = > 199"
V02-P0211,0,35,running_head,200 RECORDS OF THE VIRGINIA COMPANY
V02-P0212,0,22,running_head,"JANUARY 81, 1628 + 201"
V02-P0213,0,35,running_head,202 RECORDS OF THE VIRGINIA COMPANY
V02-P0214,0,28,running_head,"JANUARY 31, 1823 ~ "" ' * 203"
V02-P0215,0,35,running_head,204 RECORDS OF THE VIRGINIA COMPANY
V02-P0216,0,25,running_head,"JANUARY 81, 1023 ©) 3 205"
V02-P0217,0,35,running_head,206 RECORDS OF THE VIRGINIA COMPANY
V02-P0218,0,27,running_head,"SANUMRBY 31, 1008 © orn 207"
V02-P0219,0,35,running_head,208 RECORDS OF THE VIRGINIA COMPANY
V02-P0220,0,32,running_head,"JANUARY S81, 1003 © (3 1°78, 209"
V02-P0221,0,35,running_head,210 RECORDS OF THE VIRGINIA COMPANY
V02-P0222,0,26,running_head,"JANUARY 31, 16828 °° | 211"
V02-P0223,0,35,running_head,212 RECORDS OF THE VIRGINIA COMPANY
V02-P0224,0,23,running_head,"FEBRUARY 3, 1623 es 213"
V02-P0225,0,35,running_head,214 RECORDS OF THE VIRGINIA COMPANY
V02-P0226,0,16,running_head,"FEBRUARY 3, 1623"
V02-P0227,0,35,running_head,216 RECORDS OF THE VIRGINIA COMPANY
V02-P0228,0,24,running_head,"FEBRUARY 8, 123 °° : 217"
V02-P0229,0,35,running_head,218 RECORDS OF THE VIRGINIA COMPANY
V02-P0230,0,23,running_head,"FEBRUARY 8, 1628 9° 219"
V02-P0231,0,35,running_head,220 RECORDS OF THE VIRGINIA COMPANY
V02-P0232,0,23,running_head,"FEBRUARY 3, 1628. © 221"
V02-P0233,0,35,running_head,222 RECORDS OF THE VIRGINIA COMPANY
V02-P0234,0,26,running_head,"FEBRUARY 3, 1688 9°. © 223"
V02-P0235,0,35,running_head,224 RECORDS OF THE VIRGINIA COMPANY
V02-P0236,0,20,running_head,"FEBRUARY 4, 1628 225"
V02-P0237,0,18,running_head,m’ Wrotts proiect.
V02-P0237,20,51,editorial_metadata,RECORDS OF THE VIRGINIA COMPANY
V02-P0238,0,24,running_head,"FEBRUARY §, 10@3 © | 227"
V02-P0239,0,35,running_head,228 RECORDS OF THE VIRGINIA COMPANY
V02-P0240,0,25,running_head,"PEBRUARY 4, 1006 ° . 229"
V02-P0241,0,35,running_head,230 RECORDS OF THE VIRGINIA COMPANY
V02-P0242,0,20,running_head,"FEBRUARY 4, 1623 231"
V02-P0243,0,35,running_head,232 RECORDS OF THE VIRGINIA COMPANY
V02-P0244,0,20,running_head,"FEBRUARY 4, 1693 233"
V02-P0245,0,37,running_head,234 | RECORDS OF THE VIRGINIA COMPANY
V02-P0246,0,24,running_head,"FEBRUARY 4, 1623 © © 235"
V02-P0247,0,35,running_head,236 RECORDS OF THE VIRGINIA COMPANY
V02-P0248,0,20,running_head,"FEBRUARY 4, 1623 237"
V02-P0249,0,35,running_head,238 RECORDS OF THE VIRGINIA COMPANY
V02-P0249,1882,1983,editorial_metadata,"} Rough notes concerning these affairs are referred to in List of Records, No. 404, Vol. I, page 164,"
V02-P0250,0,22,running_head,"FEBRUARY 4, 16008’ 239"
V02-P0251,0,35,running_head,240 RECORDS OF THE VIRGINIA COMPANY
V02-P0252,0,2,running_head,ue
V02-P0253,0,35,running_head,242 RECORDS OF THE VIRGINIA COMPANY
V02-P0254,0,26,running_head,"FEBRUARY 4, 1623 tis a 243"
V02-P0255,0,35,running_head,244 RECORDS OF THE VIRGINIA COMPANY
V02-P0256,0,10,running_head,m'* Gibbs.
V02-P0257,0,35,running_head,246 RECORDS OF THE VIRGINIA COMPANY
V02-P0258,0,22,running_head,"FEBRUARY 6, 1623 . 247"
V02-P0259,0,35,running_head,248 RECORDS OF THE VIRGINIA COMPANY
V02-P0260,0,25,running_head,"FEBRUARY 5, 1623 a aa 249"
V02-P0261,0,35,running_head,250 RECORDS OF THE VIRGINIA COMPANY
V02-P0262,0,23,running_head,"FEBRUARY 6, 1623 - 251°"
V02-P0263,0,35,running_head,252 RECORDS OF THE VIRGINIA COMPANY
V02-P0264,0,22,running_head,"FEBRUARY 6, 168... 253"
V02-P0265,0,35,running_head,254 RECORDS OF THE VIRGINIA COMPANY
V02-P0266,0,24,running_head,"FEBRUARY 6, 1623 me. 255"
V02-P0267,0,35,running_head,256 RECORDS OF THE VIRGINIA COMPANY
V02-P0268,0,23,running_head,"FEBRUARY 6, 16823 — 257"
V02-P0269,0,35,running_head,258 RECORDS OF THE VIRGINIA COMPANY
V02-P0270,0,24,running_head,"FEBRUARY 6, 1623 - — 259"
V02-P0271,0,35,running_head,260 RECORDS OF THE VIRGINIA COMPANY
V02-P0272,0,20,running_head,"FEBRUARY 6, 1623 261"
V02-P0273,0,35,running_head,262 RECORDS OF THE VIRGINIA COMPANY
V02-P0274,0,17,running_head,"FEBRUARY 12, 1623"
V02-P0275,0,35,running_head,264 RECORDS OF THE VIRGINIA COMPANY
V02-P0276,0,23,running_head,"FEBRUARY 12, 1628 _ 265"
V02-P0276,2167,2265,editorial_metadata,"1The order of the Privy Council for the Contract is mentioned in List of Records, No. 406, Vol. I,"
V02-P0277,0,35,running_head,266 RECORDS OF THE VIRGINIA COMPANY
V02-P0278,0,24,running_head,"FEBRUARY 1, 1603 °°: 267"
V02-P0279,0,35,running_head,268 RECORDS OF THE VIRGINIA COMPANY
V02-P0280,0,23,running_head,"FEBRUARY 12, 1623 a 269"
V02-P0281,0,35,running_head,270 RECORDS OF THE VIRGINIA COMPANY
V02-P0282,0,21,running_head,"FEBRUARY 12, 1623 271"
V02-P0283,0,35,running_head,272 RECORDS OF THE VIRGINIA COMPANY
V02-P0284,0,21,running_head,"FEBRUARY 19, 1623 273"
V02-P0285,0,35,running_head,274 RECORDS OF THE VIRGINIA COMPANY
V02-P0286,0,28,running_head,"FEBRUARY 19, 1683 aaialh 275"
V02-P0287,0,35,running_head,276 RECORDS OF THE VIRGINIA COMPANY
V02-P0288,0,29,running_head,"FEBRUARY 19, 16828 = ' ©“ 277"
V02-P0289,0,35,running_head,278 RECORDS OF THE VIRGINIA COMPANY
V02-P0290,0,25,running_head,"FEBRUARY 19, 1623 ai: 279"
V02-P0291,0,35,running_head,280 RECORDS OF THE VIRGINIA COMPANY
V02-P0292,0,1,running_head,’
V02-P0293,0,35,running_head,282 RECORDS OF THE VIRGINIA COMPANY
V02-P0294,0,28,running_head,"FEBRUARY 19, 16428 © .. 283"
V02-P0295,0,35,running_head,284 RECORDS OF THE VIRGINIA COMPANY
V02-P0296,0,26,running_head,"FEBRUARY 19, 16823 °°. 285"
V02-P0297,0,35,running_head,286 RECORDS OF THE VIRGINIA COPMANY
V02-P0298,0,20,running_head,"FEBRUARY 19,1628 287"
V02-P0299,0,35,running_head,288 RECORDS OF THE VIRGINIA COMPANY
V02-P0300,0,24,running_head,"FEBRUARY 19, 1623 _"" 289"
V02-P0301,0,35,running_head,290 RECORDS OF THE VIRGINIA COMPANY
V02-P0302,0,23,running_head,"FEBRUARY 19, 1623 - 291"
V02-P0303,0,35,running_head,292 RECORDS OF THE VIRGINIA COMPANY
V02-P0304,0,24,running_head,"FEBRUARY 28, 1623 he 293"
V02-P0305,0,35,running_head,294 RECORDS OF THE VIRGINIA COMPANY
V02-P0306,0,27,running_head,"FEBRUARY 22, 1623: :° © 295"
V02-P0307,0,31,running_head,RECORDS OF THE VIRGINIA COMPANY
V02-P0308,0,28,running_head,BEBRUAR DWM; iees «© -*) 297
V02-P0309,0,35,running_head,298 RECORDS OF THE VIRGINIA COMPANY
V02-P0310,0,21,running_head,"FEBRUARY 2%, 1683 299"
V02-P0311,0,35,running_head,300 RECORDS OF THE VIRGINIA COMPANY
V02-P0312,0,17,running_head,"MARCH 6, 1688 301"
V02-P0313,0,35,running_head,302 RECORDS OF THE VIRGINIA COMPANY
V02-P0314,0,24,running_head,"MARCH 5, 1628 sae li 303"
V02-P0315,0,35,running_head,304 RECORDS OF THE VIRGINIA COMPANY
V02-P0316,0,20,running_head,"MARCH 65,1628... 305"
V02-P0317,0,35,running_head,306 RECORDS OF THE VIRGINIA COMPANY
V02-P0318,0,20,running_head,"MARCH &, 1623 i“ 307"
V02-P0318,1899,1974,editorial_metadata,"1 This letter is cited in List of Records, No. 229, Vol. I, page 146, ante."
V02-P0319,0,15,running_head,Petition of the
V02-P0319,30,61,editorial_metadata,RECORDS OF THE VIRGINIA COMPANY
V02-P0319,2883,2958,editorial_metadata,"? This letter is cited in List of Records, No. 229, Vol. I, page 146, ante."
V02-P0320,0,22,running_head,"MARCH 6, 1008 = «= 309"
V02-P0321,0,35,running_head,310 RECORDS OF THE VIRGINIA COMPANY
V02-P0322,0,17,running_head,"MARCH 6, 1623 311"
V02-P0323,0,35,running_head,312 RECORDS OF THE VIRGINIA COMPANY
V02-P0324,0,26,running_head,"MARCH 6, 1003: - © + ° 313"
V02-P0325,0,35,running_head,314 RECORDS OF THE VIRGINIA COMPANY
V02-P0326,0,20,running_head,"MARCH 6, 1623 TR 315"
V02-P0327,0,35,running_head,316 RECORDS OF THE VIRGINIA COMPANY
V02-P0328,0,19,running_head,"MARCH 6, 1623 | 317"
V02-P0329,0,35,running_head,318 RECORDS OF THE VIRGINIA COMPANY
V02-P0330,0,14,running_head,S' Tho: Wroth.
V02-P0331,0,39,running_head,320 - _ RECORDS OF THE VIRGINIA COMPANY
V02-P0331,1881,1978,editorial_metadata,"'The rough draft and original copy of this order are referred to in List of Records, Nos. 421 and"
V02-P0334,0,8,running_head,2 ASN \.
V02-P0336,0,20,running_head,"MARCH 7, 1623 i. 321"
V02-P0336,1776,1910,editorial_metadata,"1This order is entered in the Privy Council Register, James 1, Vol. V, page 618. See List of Records, No. 416, Vol. I, page 165, ante."
V02-P0337,0,35,running_head,322 RECORDS OF THE VIRGINIA COMPANY
V02-P0338,0,21,running_head,"MARCH 7, 1623 - * 323"
V02-P0339,0,35,running_head,324 RECORDS OF THE VIRGINIA COMPANY
V02-P0340,0,17,running_head,"MARCH 7, 1623 325"
V02-P0341,0,3,running_head,326
V02-P0341,5,36,editorial_metadata,RECORDS OF THE VIRGINIA COMPANY
V02-P0342,0,26,running_head,"MARCH 7, 1628 enemies’ 327"
V02-P0343,0,31,running_head,RECORDS OF THE VIRGINIA COMPANY
V02-P0344,0,28,running_head,"MARCH 19, 1623 . mer ' » 329"
V02-P0345,0,35,running_head,330 RECORDS OF THE VIRGINIA COMPANY
V02-P0346,0,22,running_head,"MARCH 19, 16023 =| 331"
V02-P0347,0,35,running_head,332 RECORDS OF THE VIRGINIA COMPANY
V02-P0348,0,21,running_head,"MARCH 19, 1623 ws 333"
V02-P0349,0,31,running_head,RECORDS OF THE VIRGINIA COMPANY
V02-P0350,0,20,running_head,"MARCH 24, 1623 — 335"
V02-P0351,0,3,running_head,336
V02-P0351,5,36,editorial_metadata,RECORDS OF THE VIRGINIA COMPANY
V02-P0352,0,17,running_head,"MARCH 2, 1628 337"
V02-P0353,0,3,running_head,338
V02-P0353,5,36,editorial_metadata,RECORDS OF THE VIRGINIA COMPANY
V02-P0354,0,6,running_head,— -—<—
V02-P0355,0,31,running_head,RECORDS OF THE VIRGINIA COMPANY
V02-P0356,0,13,running_head,"APRIL 2, 1623"
V02-P0357,0,35,running_head,342 RECORDS OF THE VIRGINIA COMPANY
V02-P0357,1868,1961,editorial_metadata,"1This is probably the letter referred to in List of Records, No. 400, Vol. I, page 163, ante."
V02-P0358,0,20,running_head,"APRIL 2, 1628 y. 343"
V02-P0359,0,35,running_head,344 RECORDS OF THE VIRGINIA COMPANY
V02-P0360,0,18,running_head,"APRIL 18, 1623 345"
V02-P0361,0,7,running_head,[tsmame
V02-P0361,9,44,editorial_metadata,346 RECORDS OF THE VIRGINIA COMPANY
V02-P0362,0,1,running_head,’
V02-P0363,0,35,running_head,348 RECORDS OF THE VIRGINIA COMPANY
V02-P0364,0,23,running_head,"APRIL 19, 1688 0 os 349"
V02-P0365,0,31,running_head,RECORDS OF THE VIRGINIA COMPANY
V02-P0366,0,1,running_head,'
V02-P0367,0,35,running_head,352 RECORDS OF THE VIRGINIA COMPANY
V02-P0367,1571,1665,editorial_metadata,"1 This document is in the Public Record Office, Manchester Papers, No. 360. The handwriting is"
V02-P0367,1666,1773,editorial_metadata,"_ similar to that of the first copyist of the Court Book. List of Records, No. 462, Vol. I, page 170, ante."
V02-P0368,0,20,running_head,"APRIL 19, 1693 _ 358"
V02-P0369,0,13,running_head,Ouerswayinge.
V02-P0369,31,62,editorial_metadata,RECORDS OF THE VIRGINIA COMPANY
V02-P0370,0,26,running_head,"APRIL 1%, 1688 ©. °: — 355"
V02-P0371,0,1,running_head,4
V02-P0371,41,72,editorial_metadata,RECORDS OF THE VIRGINIA COMPANY
V02-P0372,0,20,running_head,"APRIL 12, 1623 — 357"
V02-P0373,0,1,running_head,7
V02-P0373,36,67,editorial_metadata,RECORDS OF THE VIRGINIA COMPANY
V02-P0374,0,25,running_head,"APRIL 19,1698... >... 359"
V02-P0375,0,5,running_head,Enuy.
V02-P0375,133,164,editorial_metadata,RECORDS OF THE VIRGINIA COMPANY
V02-P0376,0,1,running_head,7
V02-P0377,0,35,running_head,362 RECORDS OF THE VIRGINIA COMPANY
V02-P0378,0,21,running_head,"APRIL 1770 woe +, 363"
V02-P0379,0,31,running_head,RECORDS OF THE VIRGINIA COMPANY
V02-P0380,0,23,running_head,"APRIL 17, 1623 ai a 365"
V02-P0381,0,35,running_head,366 RECORDS OF THE VIRGINIA COMPANY
V02-P0382,0,14,running_head,"APRIL 18, 1623"
V02-P0383,0,35,running_head,368 RECORDS OF THE VIRGINIA COMPANY
V02-P0384,0,28,running_head,"APRIL 18, 1088 °° «W'S a 369"
V02-P0385,0,3,running_head,370
V02-P0385,5,36,editorial_metadata,RECORDS OF THE VIRGINIA COMPANY
V02-P0386,0,18,running_head,"APRIL 23, 1623 371"
V02-P0387,0,35,running_head,372 RECORDS OF THE VIRGINIA COMPANY
V02-P0388,0,18,running_head,"APRIL 23, 1688 373"
V02-P0388,2439,2576,editorial_metadata,"1This petition is entered in the handwriting of Thomas Collett(?). It is referred to in List of Records, No. 445, Vol. I, page 168, ante."
V02-P0389,0,3,running_head,374
V02-P0389,5,36,editorial_metadata,RECORDS OF THE VIRGINIA COMPANY
V02-P0389,2545,2639,editorial_metadata,"1This document is in the Public Record Office, State Papers, Colonial, Vol. II, No. 20, I. For"
V02-P0389,2640,2743,editorial_metadata,"fuller citation see List of Records, No. 388, Vol. I, page 162, ante. It is inserted in the handwriting"
V02-P0390,0,20,running_head,"APRIL 23, 1623 = 375"
V02-P0391,0,35,running_head,376 RECORDS OF THE VIRGINIA COMPANY
V02-P0392,0,24,running_head,"APRIL 98, 1623. >. i 377"
V02-P0393,0,35,running_head,378 RECORDS OF THE VIRGINIA COMPANY
V02-P0394,0,21,running_head,"APRIL, 30,100B oe 379"
V02-P0395,0,20,running_head,Chane: of y* Dutehy.
V02-P0395,254,289,editorial_metadata,380 RECORDS OF THE VIRGINIA COMPANY
V02-P0396,0,21,running_head,"APRIL 80, 1623 Tt 381"
V02-P0397,0,8,running_head,Answere.
V02-P0397,15,46,editorial_metadata,RECORDS OF THE VIRGINIA COMPANY
V02-P0398,0,22,running_head,"APRIL 30, 1623 am, 383"
V02-P0399,0,8,running_head,Answere.
V02-P0399,10,41,editorial_metadata,RECORDS OF THE VIRGINIA COMPANY
V02-P0400,0,25,running_head,"APRIL 30,9008 © © gem 385"
V02-P0401,0,3,running_head,386
V02-P0401,5,36,editorial_metadata,RECORDS OF THE VIRGINIA COMPANY
V02-P0402,0,23,running_head,"APRIL R0pAAGRB., em 387"
V02-P0402,2247,2346,editorial_metadata,"2 The Order in Council disallowing these former letters is referred to in List of Records, No. 476,"
V02-P0403,0,35,running_head,388 RECORDS OF THE VIRGINIA COMPANY
V02-P0404,0,24,running_head,APRIL S0yARAB 8 2 Pe 389
V02-P0405,0,35,running_head,390 RECORDS OF THE VIRGINIA COMPANY
V02-P0406,0,11,running_head,Doctor Dun.
V02-P0407,0,35,running_head,392 RECORDS OF THE VIRGINIA COMPANY
V02-P0408,0,22,running_head,"MAT VW, 1M Were ro 393"
V02-P0409,0,3,running_head,394
V02-P0409,5,36,editorial_metadata,RECORDS OF THE VIRGINIA COMPANY
V02-P0410,0,15,running_head,"MAY 7, 1683 395"
V02-P0411,0,3,running_head,396
V02-P0411,5,36,editorial_metadata,RECORDS OF THE VIRGINIA COMPANY
V02-P0412,0,20,running_head,"MAY 7, 1623 © ao 397"
V02-P0412,2517,2619,editorial_metadata,"ument is in the British Museum, Sloane, 1039, f. 92. List or Records, No. 491, Vol. I, page 173, ante."
V02-P0413,0,3,running_head,398
V02-P0413,5,36,editorial_metadata,RECORDS OF THE VIRGINIA COMPANY
V02-P0414,0,17,running_head,"MAY 7, 1623 a 399"
V02-P0415,0,35,running_head,400 RECORDS OF THE VIRGINIA COMPANY
V02-P0416,0,15,running_head,"MAY 7, 1623 401"
V02-P0417,0,3,running_head,402
V02-P0417,5,36,editorial_metadata,RECORDS OF THE VIRGINIA COMPANY
V02-P0418,0,15,running_head,"MAY 7, 1623 403"
V02-P0419,0,31,running_head,RECORDS OF THE VIRGINIA COMPANY
V02-P0420,0,15,running_head,MATT aE! oo 405
V02-P0421,0,31,running_head,RECORDS OF THE VIRGINIA COMPANY
V02-P0422,0,15,running_head,"MAY 7, 1623 407"
V02-P0423,0,3,running_head,408
V02-P0423,5,36,editorial_metadata,RECORDS OF THE VIRGINIA COMPANY
V02-P0424,0,24,running_head,"MAY 7, 1003 = *: ‘ 7 409"
V02-P0425,0,35,running_head,410 RECORDS OF THE VIRGINIA COMPANY
V02-P0426,0,15,running_head,"MAY 7, 1623 411"
V02-P0427,0,35,running_head,412 RECORDS OF THE VIRGINIA COMPANY
V02-P0428,0,19,running_head,"MAY 12, 1623 vw 413"
V02-P0429,0,35,running_head,414 RECORDS OF THE VIRGINIA COMPANY
V02-P0430,0,16,running_head,"MAY 12, 1623 415"
V02-P0431,0,2,running_head,ay
V02-P0431,4,39,editorial_metadata,416 RECORDS OF THE VIRGINIA COMPANY
V02-P0432,0,22,running_head,"MAY 18, 1088 2 ss. 417"
V02-P0433,0,35,running_head,418 RECORDS OF THE VIRGINIA COMPANY
V02-P0434,0,18,running_head,"MAY 18, 1683 a 419"
V02-P0435,0,35,running_head,420 RECORDS OF THE VIRGINIA COMPANY
V02-P0436,0,16,running_head,"MAY 12, 1623 421"
V02-P0437,0,31,running_head,RECORDS OF THE VIRGINIA COMPANY
V02-P0438,0,12,running_head,"MAY 1h, 1683"
V02-P0439,0,35,running_head,424 RECORDS OF THE VIRGINIA COMPANY
V02-P0440,0,16,running_head,"MAY 14, 1623 425"
V02-P0441,0,35,running_head,426 RECORDS OF THE VIRGINIA COMPANY
V02-P0442,0,16,running_head,"MAY 1}, 1623 427"
V02-P0443,0,31,running_head,RECORDS OF THE VIRGINIA COMPANY
V02-P0444,0,1,running_head,“
V02-P0445,0,35,running_head,430 RECORDS OF THE VIRGINIA COMPANY
V02-P0446,0,12,running_head,"MAY 17, 1623"
V02-P0447,0,35,running_head,432 RECORDS OF THE VIRGINIA COMPANY
V02-P0448,0,16,running_head,"MAY 17, 1683 433"
V02-P0448,1782,1879,editorial_metadata,"1The order for this restraint is referred to in List of Records, No. 505, Vol. I, page 174, ante."
V02-P0449,0,35,running_head,434 RECORDS OF THE VIRGINIA COMPANY
V02-P0449,1823,1879,editorial_metadata,"in the Public Record Office, Manchester Papers, No. 872."
V02-P0450,0,16,running_head,"MAY 24, 1623 435"
V02-P0450,2651,2747,editorial_metadata,"1 For the reasons presented at this Court, see List of Records, No. 511, Vol. I, page 175, ante."
V02-P0451,0,31,running_head,RECORDS OF THE VIRGINIA COMPANY
V02-P0452,0,21,running_head,"JUNE 9,16028 = 9° 437"
V02-P0452,2454,2550,editorial_metadata,"1In the Public Record Office, Manchester Papers, No. 378, is a copy of this letter, signed ‘vera"
V02-P0452,2651,2733,editorial_metadata,"a copyist of the Court Book. See List of Records, No. 520, Vol. I, page 176, ante."
V02-P0453,0,35,running_head,438 RECORDS OF THE VIRGINIA COMPANY
V02-P0454,0,13,running_head,"JUNE 18, 1688"
V02-P0455,0,35,running_head,440 RECORDS OF THE VIRGINIA COMPANY
V02-P0456,0,21,running_head,"JUNE 18, 1623 a » 441"
V02-P0457,0,35,running_head,442 RECORDS OF THE VIRGINIA COMPANY
V02-P0458,0,13,running_head,"JUNE 23, 1683"
V02-P0459,0,35,running_head,444 RECORDS OF THE VIRGINIA COMPANY
V02-P0460,0,1,running_head,‘
V02-P0461,0,35,running_head,446 RECORDS OF THE VIRGINIA COPMANY
V02-P0462,0,19,running_head,"JUNE 28, 1623 i 447"
V02-P0463,0,35,running_head,448 RECORDS OF THE VIRGINIA COMPANY
V02-P0464,0,24,running_head,"JUNE 265, 1623 © a | 449"
V02-P0464,1065,1160,editorial_metadata,"1A draft of this court is among the Ferrar Papers, and is probably a part of the original court"
V02-P0464,1255,1356,editorial_metadata,"capitalization only, with a few exceptions. See List of Records, No. 526, Vol. I, page 177, ante. The"
V02-P0465,0,35,running_head,450 RECORDS OF THE VIRGINIA COMPANY
V02-P0466,0,21,running_head,"JUNE 95, 1698 , . 451"
V02-P0466,2108,2205,editorial_metadata,"1A copy of this letter is in the Public Record Office, Manchester Papers, No. 380. The manuscript"
V02-P0466,2207,2313,editorial_metadata,"ia similar to one of the copyists of the Court Book. See List of Records, No. 525, Vol. I, page 177, ante."
V02-P0467,0,35,running_head,452 RECORDS OF THE VIRGINIA COMPANY
V02-P0468,0,17,running_head,"JUNE 26, 1693 453"
V02-P0469,0,35,running_head,454 RECORDS OF THE VIRGINIA COMPANY
V02-P0472,0,21,running_head,& GR ete aad ea bas |
V02-P0474,0,19,running_head,"JUNE 25, 1623 : 455"
V02-P0475,0,35,running_head,456 RECORDS OF THE VIRGINIA COMPANY
V02-P0476,0,17,running_head,"JUNE 26, 1623 457"
V02-P0477,0,31,running_head,RECORDS OF THE VIRGINIA COMPANY
V02-P0478,0,16,running_head,"JULY 1, 1623 459"
V02-P0478,2033,2130,editorial_metadata,"1A copy of this document is in the Public Record Office, State Papers, Colonial, Vol. II, No. 34."
V02-P0478,2131,2184,editorial_metadata,"See List of Records, No. 530, Vol. I, page 177, ante."
V02-P0479,0,35,running_head,460 RECORDS OF THE VIRGINIA COMPANY
V02-P0479,1103,1204,editorial_metadata,"1 The original (?) of this court is among the Ferrar papers, in the handwriting of the sixth copyist."
V02-P0479,1205,1288,editorial_metadata,"The list of names is omitted. See List of Records, No. 539, Vol. I, page 179, ante."
V02-P0480,0,18,running_head,"JULY 4, 1628 — 461"
V02-P0481,0,31,running_head,RECORDS OF THE VIRGINIA COMPANY
V02-P0481,881,979,editorial_metadata,"is among the Ferrar papers, in the handwriting of the sixth copyist. See List of Records, No. 541,"
V02-P0482,0,16,running_head,JULY 910 eee 463
V02-P0483,0,31,running_head,RECORDS OF THE VIRGINIA COMPANY
V02-P0484,0,18,running_head,"AUGUST 6, 1623 465"
V02-P0485,0,35,running_head,466 RECORDS OF THE VIRGINIA COMPANY
V02-P0485,1975,2056,editorial_metadata,"1 This letter is referred to in List of Records, No. 554, Vol. I, page 180, ante."
V02-P0488,0,31,running_head,". z , Be por, «eo ropagenstseS."
V02-P0490,0,20,running_head,"OCTOBER 16, 1623 467"
V02-P0491,0,35,running_head,468 RECORDS OF THE VIRGINIA COMPANY
V02-P0492,0,26,running_head,"OCTOBER 165, 1623 — =e 469"
V02-P0492,3098,3197,editorial_metadata,"’The original manuscript of this order is in the Public Record Office, State Papers, Colonial, Vol."
V02-P0492,3198,3304,editorial_metadata,"TI, No. 45. For citations of other drafts and places of publication, see List of Records, No. 570, Vol. I,"
V02-P0493,0,35,running_head,470 RECORDS OF THE VIRGINIA COMPANY
V02-P0494,0,28,running_head,"OCTOBER 16, 16828 .°..:. 471"
V02-P0494,2387,2441,editorial_metadata,"1See List of Records, No. 574, Vol. I, page 183, ante."
V02-P0495,0,35,running_head,472 RECORDS OF THE VIRGINIA COMPANY
V02-P0496,0,10,running_head,m’ Morgan.
V02-P0496,1420,1523,editorial_metadata,"tion of other drafts and places of publication of the order, see List of Records, No. 576, Vol. I, page"
V02-P0497,0,35,running_head,474 RECORDS OF THE VIRGINIA COMPANY
V02-P0498,0,20,running_head,"OCTOBER 22, 1623 475"
V02-P0498,1377,1474,editorial_metadata,"1A copy of this document is in the Public Record Office, State Papers, Colonial, Vol. II, No. 47."
V02-P0498,1476,1572,editorial_metadata,"+A schedule of the names, together with the votes as here cast, is cited in List of Records, No."
V02-P0499,0,3,running_head,476
V02-P0499,5,36,editorial_metadata,RECORDS OF THE VIRGINIA COMPANY
V02-P0499,2138,2228,editorial_metadata,"1A copy of this order by Thomas Collett (?) is among the Ferrar Papers, Magdalene College,"
V02-P0499,2325,2423,editorial_metadata,"the Busines of Va.’ The order is recorded in the Privy Council Register, James I, Vol. VI, p. 131."
V02-P0499,2424,2527,editorial_metadata,"For citation of other drafts and places of publication, see List of Records, No. 578, Vol. I, page 188,"
V02-P0500,0,21,running_head,"NOVEMBER 12, 1623 477"
V02-P0501,0,35,running_head,478 RECORDS OF THE VIRGINIA COMPANY
V02-P0501,2077,2170,editorial_metadata,"1A copy of the English version of the Quo Warranto is among the Ferrar Papers, Magdalene Col-"
V02-P0501,2368,2421,editorial_metadata,"See List of Records, No. 585, Vol. I, page 184, ante."
V02-P0502,0,23,running_head,"NOVEMBER 12, 1623 i 479"
V02-P0503,0,37,running_head,480 © RECORDS OF THE VIRGINIA COMPANY
V02-P0504,0,21,running_head,"NOVEMBER 17, 1623 481"
V02-P0505,0,35,running_head,482 RECORDS OF THE VIRGINIA COMPANY
V02-P0506,0,23,running_head,"NOVEMBER 17, 1688 “ 483"
V02-P0507,0,35,running_head,484 RECORDS OF THE VIRGINIA COMPANY
V02-P0508,0,17,running_head,"NOVEMBER 19, 1623"
V02-P0509,0,35,running_head,486 RECORDS OF THE VIRGINIA COMPANY
V02-P0510,0,21,running_head,"NOVEMBER 19, 1623 487"
V02-P0511,0,35,running_head,488 RECORDS OF THE VIRGINIA COMPANY
V02-P0512,0,25,running_head,"NOVEMBER 19, 1623 © a 489"
V02-P0513,0,3,running_head,490
V02-P0513,5,36,editorial_metadata,RECORDS OF THE VIRGINIA COMPANY
V02-P0514,0,21,running_head,"NOVEMBER 19, 1623 491"
V02-P0515,0,35,running_head,492 RECORDS OF THE VIRGINIA COMPANY
V02-P0516,0,24,running_head,"NOVEMBER 19, 1623 ae 493"
V02-P0517,0,35,running_head,494 RECORDS OF THE VIRGINIA COMPANY
V02-P0518,0,28,running_head,"NOVEMBER 19, 1623 °°'. j 495"
V02-P0519,0,3,running_head,496
V02-P0519,5,36,editorial_metadata,RECORDS OF THE VIRGINIA COMPANY
V02-P0520,0,20,running_head,"JANUARY 1h, 1625 497"
V02-P0521,0,35,running_head,498 RECORDS OF THE VIRGINIA COMPANY
V02-P0522,0,20,running_head,"JANUARY 14, 1624 499"
V02-P0523,0,35,running_head,500 RECORDS OF THE VIRGINIA COMPANY
V02-P0523,1813,1907,editorial_metadata,"'1The original letter, sent to Nicholas Ferrar, is among the Ferrar Papers, Magdalene College,"
V02-P0523,1908,1994,editorial_metadata,"Cambridge. For further citation, see List of Records, No. 608, Vol. I, page 186, ante."
V02-P0524,0,27,running_head,JANCABRY ty 1OQh. 06> « 501
V02-P0525,0,35,running_head,502 RECORDS OF THE VIRGINIA COMPANY
V02-P0526,0,20,running_head,"JANUARY 14, 1624 503"
V02-P0526,1850,1993,editorial_metadata,"1 This order is entered in the Colonial Entry Book, Vol. 79, p. 208, Public Record Office. See List of Records No. 599, Vol. I, page 185, ante."
V02-P0527,0,35,running_head,504 RECORDS OF THE VIRGINIA COMPANY
V02-P0528,0,20,running_head,"JANUARY 1}, 1624 505"
V02-P0529,0,31,running_head,RECORDS OF THE VIRGINIA COMPANY
V02-P0530,0,20,running_head,"FEBRUARY 2, 1624 507"
V02-P0531,0,35,running_head,508 RECORDS OF THE VIRGINIA COMPANY
V02-P0532,0,20,running_head,"FEBRUARY 2, 1624 509"
V02-P0533,0,35,running_head,510 RECORDS OF THE VIRGINIA COMPANY
V02-P0533,2016,2113,editorial_metadata,1 The letter is also in the Library of Congress among the Manuscript Records of the Virginia Com-
V02-P0533,2115,2216,editorial_metadata,"pany, Vol. III, Part Il, p. 71. It is dated February 4, 1623/4. See List of Records, No. 623, Vol. 1,"
V02-P0534,0,22,running_head,"FEBRUARY &, 16085. 611"
V02-P0535,0,31,running_head,RECORDS OF THE VIRGINIA COMPANY
V02-P0536,0,16,running_head,"FEBRUARY 4, 1684"
V02-P0537,0,35,running_head,514 RECORDS OF THE VIRGINIA COMPANY
V02-P0538,0,20,running_head,"FEBRUARY 4, 1624 515"
V02-P0539,0,35,running_head,516 RECORDS OF THE VIRGINIA COMPANY
V02-P0540,0,23,running_head,"FEBRUARY 4, 1624 os 517"
V02-P0541,0,35,running_head,518 RECORDS OF THE VIRGINIA COMPANY
V02-P0542,0,23,running_head,"APRIL 01, 1004 - °° 519"
V02-P0542,2180,2282,editorial_metadata,"1 This letter is cited in List of Records, No. 620, Vol. I, page 188, ante. This series of letters may"
V02-P0543,0,3,running_head,520
V02-P0543,5,36,editorial_metadata,RECORDS OF THE VIRGINIA COMPANY
V02-P0544,0,22,running_head,"APREL 01, 0p = 2%: 521"
V02-P0545,0,35,running_head,522 RECORDS OF THE VIRGINIA COMPANY
V02-P0546,0,19,running_head,"APRIL 21, 16% a 523"
V02-P0547,0,35,running_head,524 RECORDS OF THE VIRGINIA COMPANY
V02-P0548,0,18,running_head,"APRIL 21, 1624 525"
V02-P0549,0,35,running_head,526 RECORDS OF THE VIRGINIA COMPANY
V02-P0550,0,14,running_head,A Clh ere’ 527
V02-P0551,0,35,running_head,528 RECORDS OF THE VIRGINIA COMPANY
V02-P0551,2038,2090,editorial_metadata,"in List of Records, No. 665, Vol. I, page 193, ante."
V02-P0552,0,14,running_head,"APRIL 2%, 1624"
V02-P0553,0,35,running_head,530 RECORDS OF THE VIRGINIA COMPANY
V02-P0554,0,20,running_head,"APRIL 26, 1624 . 531"
V02-P0555,0,35,running_head,532 RECORDS OF THE VIRGINIA COMPANY
V02-P0556,0,22,running_head,"APRIL 28, 1624 a i 533"
V02-P0557,0,31,running_head,RECORDS OF THE VIRGINIA COMPANY
V02-P0558,0,18,running_head,"APRIL 28, 1624 535"
V02-P0559,0,35,running_head,536 RECORDS OF THE VIRGINIA COMPANY
V02-P0560,0,18,running_head,"APRIL 28, 1624 537"
V02-P0561,0,35,running_head,538 RECORDS OF THE VIRGINIA COMPANY
V02-P0562,0,12,running_head,"JUNE 7, 1624"
V02-P0563,0,35,running_head,540 RECORDS OF THE VIRGINIA COMPANY
V02-P0563,2205,2302,editorial_metadata,"1 Among the Ferrar Papers, Magdalene College, Cambridge, are several drafts of acts and petitions"
V02-P0563,2304,2403,editorial_metadata,"on trade in the writing of Nicholas Ferrar, and nearly of this date. See also List of Records, Nos."
V02-P0564,0,16,running_head,"JUNE 7, 1624 541"
V02-P0565,0,9,running_head,Memorand.
V02-P0565,11,46,editorial_metadata,542 RECORDS OF THE VIRGINIA COMPANY
V03-P0001,0,14,running_head,Rerorns of the
V03-P0001,151,202,editorial_metadata,"Document in the Bodleian Library, Oxford University"
V03-P0001,203,224,editorial_metadata,List of Records No. 1
V03-P0002,0,33,running_head,2 RECORDS OF THE VIRGINIA COMPANY
V03-P0003,0,13,running_head,BEFORE 1609 3
V03-P0004,0,33,running_head,4 RECORDS OF THE VIRGINIA COMPANY
V03-P0004,205,282,editorial_metadata,"Manuscript Records of the Virginia Company, Volume III, Part i, Pages 20, 20a"
V03-P0004,283,318,editorial_metadata,Document in the Library of Congress
V03-P0004,319,340,editorial_metadata,List of Records No. 5
V03-P0005,0,6,running_head,1607 5
V03-P0006,0,33,running_head,6 RECORDS OF THE VIRGINIA COMPANY
V03-P0006,156,228,editorial_metadata,"Manuseript Records of the Virginia Company, Volume III, Part i, Page 208"
V03-P0006,229,264,editorial_metadata,Document in the Library of Congress
V03-P0006,265,287,editorial_metadata,"List of Records, No. 6"
V03-P0007,0,15,running_head,"JUNE 8, 1608 vk"
V03-P0007,173,213,editorial_metadata,"Document in Public Record Office, London"
V03-P0007,214,235,editorial_metadata,List of Records No. 7
V03-P0008,0,33,running_head,8 RECORDS OF THE VIRGINIA COMPANY
V03-P0009,0,14,running_head,"JUNE 8, 1608 9"
V03-P0010,0,34,running_head,10 RECORDS OF THE VIRGINIA COMPANY
V03-P0011,0,17,running_head,"JUNE 23, 1608 pel"
V03-P0012,0,13,running_head,Fleete of .8:
V03-P0012,59,93,editorial_metadata,12 RECORDS OF THE VIRGINIA COMPANY
V03-P0012,514,561,editorial_metadata,"Document in Bodleian Library, Oxford University"
V03-P0012,562,584,editorial_metadata,List of Records No. 10
V03-P0013,0,12,running_head,"MAY, 1609 18"
V03-P0014,0,34,running_head,14 RECORDS OF THE VIRGINIA COMPANY
V03-P0015,0,12,running_head,"MAY, 1609 15"
V03-P0016,0,10,running_head,Granges or
V03-P0016,54,88,editorial_metadata,16 RECORDS OF THE VIRGINIA COMPANY
V03-P0017,0,12,running_head,"MAY, 1609 17"
V03-P0018,0,12,running_head,Small fortes
V03-P0018,88,122,editorial_metadata,18 RECORDS OF THE VIRGINIA COMPANY
V03-P0019,0,12,running_head,"MAY, 1609 19"
V03-P0020,0,34,running_head,20 RECORDS OF THE VIRGINIA COMPANY
V03-P0021,0,12,running_head,"MAY, 1609 21"
V03-P0022,0,34,running_head,22 RECORDS OF THE VIRGINIA COMPANY
V03-P0023,0,12,running_head,"MAY, 1609 23"
V03-P0024,0,34,running_head,24 RECORDS OF THE VIRGINIA COMPANY
V03-P0024,1663,1710,editorial_metadata,"Document in Bodleian Library, Oxford University"
V03-P0024,1711,1733,editorial_metadata,List of Records No. 11
V03-P0025,0,12,running_head,16097)/10 25
V03-P0026,0,34,running_head,26 RECORDS OF THE VIRGINIA COMPANY
V03-P0027,0,13,running_head,1609(?)/10 27
V03-P0028,0,34,running_head,28 RECORDS OF THE VIRGINIA COMPANY
V03-P0029,0,20,running_head,"NOVEMBER 18, 1610 29"
V03-P0029,1703,1750,editorial_metadata,"Document in Bodleian Library, Oxford University"
V03-P0029,1751,1773,editorial_metadata,List of Records No. 14
V03-P0030,0,34,running_head,30 RECORDS OF THE VIRGINIA COMPANY
V03-P0031,0,10,running_head,1611(?) 31
V03-P0031,1207,1229,editorial_metadata,List of Records No. 16
V03-P0032,0,34,running_head,32 RECORDS OF THE VIRGINIA COMPANY
V03-P0033,0,14,running_head,"APRIL, 1611 38"
V03-P0033,214,236,editorial_metadata,List of Records No. 17
V03-P0034,0,34,running_head,34 RECORDS OF THE VIRGINIA COMPANY
V03-P0034,225,265,editorial_metadata,"Document in Public Record Office, London"
V03-P0034,266,288,editorial_metadata,List of Records No. 20
V03-P0035,0,20,running_head,"NOVEMBER 25, 1612 35"
V03-P0036,0,34,running_head,36 RECORDS OF THE VIRGINIA COMPANY
V03-P0037,0,20,running_head,"NOVEMBER 25, 1612 37"
V03-P0038,0,34,running_head,38 RECORDS OF THE VIRGINIA COMPANY
V03-P0039,0,20,running_head,"DECEMBER 11, 1612 39"
V03-P0039,1537,1577,editorial_metadata,"Document in Public Record Office, London"
V03-P0039,1578,1600,editorial_metadata,List of Records No. 21
V03-P0040,0,34,running_head,40 RECORDS OF THE VIRGINIA COMPANY
V03-P0041,0,22,running_head,"JANUARY 11, 1612/13 41"
V03-P0041,410,450,editorial_metadata,"Document in Public Record Office, Londen"
V03-P0041,451,473,editorial_metadata,List of Records No. 22
V03-P0042,0,34,running_head,42 RECORDS OF THE VIRGINIA COMPANY
V03-P0043,0,17,running_head,"APRIL 28, 1613 43"
V03-P0043,1478,1500,editorial_metadata,List of Records No. 24
V03-P0044,0,34,running_head,44 RECORDS OF THE VIRGINIA COMPANY
V03-P0044,252,292,editorial_metadata,"Document in Public Record Office, London"
V03-P0044,293,315,editorial_metadata,List of Records No. 25
V03-P0045,0,19,running_head,"NOVEMBER 1, 1618 45"
V03-P0045,184,224,editorial_metadata,"Document in Public Record Office, London"
V03-P0045,225,247,editorial_metadata,List of Records No. 26
V03-P0045,1044,1084,editorial_metadata,"Document in Public Record Office, London"
V03-P0045,1085,1107,editorial_metadata,List of Records No. 27
V03-P0046,0,34,running_head,46 RECORDS OF THE VIRGINIA COMPANY
V03-P0047,0,19,running_head,"NOVEMBER 1, 1613 47"
V03-P0048,0,34,running_head,48 RECORDS OF THE VIRGINIA COMPANY
V03-P0049,0,20,running_head,"NOVEMBER 15, 1613 49"
V03-P0049,158,198,editorial_metadata,"Document in Public Record Office, London"
V03-P0049,199,221,editorial_metadata,List of Records No. 28
V03-P0050,0,34,running_head,50 RECORDS OF THE VIRGINIA COMPANY
V03-P0051,0,20,running_head,"NOVEMBER 15, 1613 51"
V03-P0052,0,13,running_head,Pennyman. Jur
V03-P0052,87,121,editorial_metadata,52 RECORDS OF THE VIRGINIA COMPANY
V03-P0052,892,932,editorial_metadata,"Document in Public Record Office, London"
V03-P0052,933,955,editorial_metadata,List of Records No. 29
V03-P0053,0,20,running_head,"NOVEMBER 80, 1613 53"
V03-P0054,0,34,running_head,54 RECORDS OF THE VIRGINIA COMPANY
V03-P0055,0,20,running_head,"NOVEMBER 80, 1618 55"
V03-P0056,0,34,running_head,56 RECORDS OF THE VIRGINIA COMPANY
V03-P0057,0,23,running_head,"FEBRUARY 16, 1613/14 57"
V03-P0057,193,233,editorial_metadata,"Document in Public Record Office, London"
V03-P0057,234,256,editorial_metadata,List of Records No. 31
V03-P0058,0,34,running_head,58 RECORDS OF THE VIRGINIA COMPANY
V03-P0058,150,190,editorial_metadata,"Document in Public Record Office, London"
V03-P0058,191,213,editorial_metadata,List of Records No. 36
V03-P0059,0,4,running_head,1617
V03-P0060,0,2,running_head,60
V03-P0060,110,141,editorial_metadata,RECORDS OF THE VIRGINIA COMPANY
V03-P0061,0,4,running_head,1620
V03-P0062,0,2,running_head,62
V03-P0062,69,100,editorial_metadata,RECORDS OF THE VIRGINIA COMPANY
V03-P0063,0,29,running_head,"MARCH 6, i615/16-JUNE 9, 1623"
V03-P0064,0,4,running_head,1621
V03-P0064,110,141,editorial_metadata,RECORDS OF THE VIRGINIA COMPANY
V03-P0065,0,29,running_head,"MARCH 6, 1615/16-JUNE 9, 1628"
V03-P0066,0,2,running_head,66
V03-P0066,85,116,editorial_metadata,RECORDS OF THE VIRGINIA COMPANY
V03-P0067,0,20,running_head,"DECEMBER 19, 1916 67"
V03-P0067,101,123,editorial_metadata,"List of Records No, 37"
V03-P0068,0,34,running_head,68 RECORDS OF THE VIRGINIA COMPANY
V03-P0068,545,567,editorial_metadata,List of Records No. 38
V03-P0069,0,15,running_head,"JUNE 7, 1617 69"
V03-P0069,1704,1726,editorial_metadata,List of Records No. 39
V03-P0070,0,34,running_head,70 RECORDS OF THE VIRGINIA COMPANY
V03-P0070,543,556,editorial_metadata,Ferrar Papers
V03-P0070,557,597,editorial_metadata,"Document in Magdalene College, Cambridge"
V03-P0070,598,620,editorial_metadata,List of Records No. 40
V03-P0071,0,16,running_head,"JUNE 8, 1617 Kal"
V03-P0072,0,34,running_head,72 RECORDS OF THE VIRGINIA COMPANY
V03-P0073,0,15,running_head,"JUNE 9, 1617 73"
V03-P0073,607,629,editorial_metadata,List of Records No. 39
V03-P0074,0,34,running_head,74 RECORDS OF THE VIRGINIA COMPANY
V03-P0074,775,797,editorial_metadata,List of Records No. 42
V03-P0074,1387,1409,editorial_metadata,List of Records No. 43
V03-P0075,0,19,running_head,"OCTOBER 20, 1617 75"
V03-P0075,125,147,editorial_metadata,List of Records No. 44
V03-P0075,398,420,editorial_metadata,List of Records No. 45
V03-P0075,564,586,editorial_metadata,List of Records No. 46
V03-P0075,730,752,editorial_metadata,List of Records No. 47
V03-P0075,904,926,editorial_metadata,List of Records No. 48
V03-P0076,0,34,running_head,76 RECORDS OF THE VIRGINIA COMPANY
V03-P0076,335,357,editorial_metadata,List of Records No. 50
V03-P0076,635,657,editorial_metadata,List of Records No. 51
V03-P0076,992,1014,editorial_metadata,List of Records No. 52
V03-P0077,0,20,running_head,"DECEMBER 27, 1617 V7"
V03-P0077,116,156,editorial_metadata,"Document in Public Record Office, London"
V03-P0077,157,179,editorial_metadata,List of Records No. 54
V03-P0078,0,34,running_head,78 RECORDS OF THE VIRGINIA COMPANY
V03-P0078,109,131,editorial_metadata,List of Records No. 55
V03-P0079,0,8,running_head,1618? 79
V03-P0079,107,129,editorial_metadata,List of Records No. 56
V03-P0079,804,826,editorial_metadata,List of Records No. 57
V03-P0079,1257,1283,editorial_metadata,"Manchester Papers, No. 241"
V03-P0079,1284,1324,editorial_metadata,"Document in Public Record Office, London"
V03-P0079,1325,1347,editorial_metadata,List of Records No. 58
V03-P0079,1447,1542,editorial_metadata,"No. IV. Manchester Papers 241 is all in one hand, being a copy made at oue time, even the entry"
V03-P0079,1543,1684,editorial_metadata,"Sr John Harington now lord” has all been written at one time. The list is not fhe same as List of Records No. 36 (C. O. 1, Vol. IL, No. 33.)"
V03-P0080,0,34,running_head,80 RECORDS OF THE VIRGINIA COMPANY
V03-P0081,0,28,running_head,Edward Bruster__-.------- 30
V03-P0082,0,34,running_head,82 RECORDS OF THE VIRGINIA COMPANY
V03-P0083,0,29,running_head,John Delbridge_-..--..-..- 37
V03-P0084,0,2,running_head,84
V03-P0084,1126,1157,editorial_metadata,RECORDS OF THE VIRGINIA COMPANY
V03-P0085,0,4,running_head,(20)
V03-P0086,0,2,running_head,86
V03-P0086,969,1000,editorial_metadata,RECORDS OF THE VIRGINIA COMPANY
V03-P0087,0,29,running_head,Thofis Perkins___-.---.__. 12
V03-P0088,0,34,running_head,88 RECORDS OF THE VIRGINIA COMPANY
V03-P0089,0,5,running_head,1618?
V03-P0090,0,34,running_head,90 RECORDS OF THE VIRGINIA COMPANY
V03-P0090,1179,1201,editorial_metadata,List of Records No. 64
V03-P0091,0,23,running_head,"FEBRUARY 20, 1617/18 91"
V03-P0091,129,151,editorial_metadata,List of Records No. 65
V03-P0092,0,34,running_head,92 RECORDS OF THE VIRGINIA COMPANY
V03-P0092,140,162,editorial_metadata,List of Records No. 67
V03-P0093,0,34,running_head,X. Seals used by members of the Vi
V03-P0094,0,2,running_head,we
V03-P0097,0,15,running_head,"MAY 18, 1618 93"
V03-P0097,107,129,editorial_metadata,List of Records No. 74
V03-P0097,412,434,editorial_metadata,List of Records No. 75
V03-P0098,0,34,running_head,94 RECORDS OF THE VIRGINIA COMPANY
V03-P0098,149,162,editorial_metadata,Ferrar Papers
V03-P0098,163,214,editorial_metadata,"Document in Magdalene College, Cambridge University"
V03-P0098,316,338,editorial_metadata,List of Records No. 76
V03-P0099,0,12,running_head,"MAY 18, 1618"
V03-P0100,0,9,running_head,30) at 28
V03-P0100,49,83,editorial_metadata,96 RECORDS OF THE VIRGINIA COMPANY
V03-P0101,0,15,running_head,"MAY 18, 1618 OG"
V03-P0102,0,34,running_head,98 RECORDS OF THE VIRGINIA COMPANY
V03-P0102,685,707,editorial_metadata,List of Records No. 87
V03-P0103,0,20,running_head,"NOVEMBER 18, 1618 99"
V03-P0104,0,35,running_head,100 RECORDS OF THE VIRGINIA COMPANY
V03-P0105,0,21,running_head,"NOVEMBER 18, 1618 104"
V03-P0106,0,35,running_head,102 RECORDS OF THE VIRGINIA COMPANY
V03-P0107,0,21,running_head,"NOVEMBER 18, 1618 108"
V03-P0108,0,35,running_head,104 RECORDS OF THE VIRGINIA COMPANY
V03-P0109,0,21,running_head,"NOVEMBER 18, 1618 105"
V03-P0110,0,35,running_head,106 RECORDS OF THE VIRGINIA COMPANY
V03-P0111,0,21,running_head,"NOVEMBER 18, 1618 107"
V03-P0112,0,35,running_head,108 RECORDS OF THE VIRGINIA COMPANY
V03-P0113,0,8,running_head,1619 109
V03-P0113,733,755,editorial_metadata,List of Records No. 91
V03-P0114,0,35,running_head,110 RECORDS OF THE VIRGINIA COMPANY
V03-P0115,0,8,running_head,1619 111
V03-P0116,0,35,running_head,112 RECORDS OF THE VIRGINIA COMPANY
V03-P0117,0,8,running_head,1619 113
V03-P0118,0,35,running_head,114 RECORDS OF THE VIRGINIA COMPANY
V03-P0119,0,8,running_head,1619 115
V03-P0120,0,13,running_head,"Comunodities,"
V03-P0120,23,58,editorial_metadata,116 RECORDS OF THE VIRGINIA COMPANY
V03-P0121,0,6,running_head,1619 1
V03-P0122,0,8,running_head,Patents.
V03-P0122,10,45,editorial_metadata,118 RECORDS OF THE VIRGINIA COMPANY
V03-P0122,851,864,editorial_metadata,Ferrar Papers
V03-P0122,865,916,editorial_metadata,"Document in Magdalene College, Cambridge University"
V03-P0122,1121,1143,editorial_metadata,List of Records No. 93
V03-P0123,0,8,running_head,1619 119
V03-P0124,0,35,running_head,120 RECORDS OF THE VIRGINIA COMPANY
V03-P0125,0,8,running_head,1619 121
V03-P0126,0,35,running_head,122 RECORDS OF THE VIRGINIA COMPANY
V03-P0126,1543,1556,editorial_metadata,Ferrar Papers
V03-P0126,1557,1608,editorial_metadata,"Document in Magdalene College, Cambridge University"
V03-P0126,1609,1631,editorial_metadata,List of Records No. 94
V03-P0126,1858,1947,editorial_metadata,? This is apparently an autograph letter written by Governor Yeardley to Sir Edwin Sandys
V03-P0127,0,8,running_head,1619 123
V03-P0128,0,35,running_head,124 RECORDS OF THE VIRGINIA COMPANY
V03-P0129,0,8,running_head,1619 125
V03-P0130,0,35,running_head,126 RECORDS OF THE VIRGINIA COMPANY
V03-P0131,0,8,running_head,1619 127
V03-P0132,0,35,running_head,128 RECORDS OF THE VIRGINIA COMPANY
V03-P0133,0,8,running_head,1619 129
V03-P0134,0,35,running_head,130 RECORDS OF THE VIRGINIA COMPANY
V03-P0134,301,323,editorial_metadata,List of Records No. 97
V03-P0135,0,23,running_head,"FEBRUARY 8, 1618/19 131"
V03-P0136,0,35,running_head,132 RECORDS OF THE VIRGINIA COMPANY
V03-P0137,0,23,running_head,"FEBRUARY 8, 1618/19 133"
V03-P0138,0,35,running_head,184 RECORDS OF THE VIRGINIA COMPANY
V03-P0139,0,24,running_head,"FEBRUARY 15, 1618/19 135"
V03-P0139,193,233,editorial_metadata,"Document in Public Record Office, London"
V03-P0139,234,258,editorial_metadata,"Autograph Letter, Signed"
V03-P0139,259,281,editorial_metadata,List of Records No. 99
V03-P0140,0,35,running_head,136 RECORDS OF THE VIRGINIA COMPANY
V03-P0140,453,476,editorial_metadata,List of Records No. 100
V03-P0141,0,17,running_head,"APRIL &, 1619 137"
V03-P0141,890,967,editorial_metadata,"Document in the New York Public Library (Autograph Letter, Signed, with Seal)"
V03-P0141,968,991,editorial_metadata,List of Records No. 104
V03-P0142,0,35,running_head,138 RECORDS OF THE VIRGINIA COMPANY
V03-P0142,319,395,editorial_metadata,"Document in the New York Public Library. Autograph Letter, Signed, with Seal"
V03-P0142,396,419,editorial_metadata,List of Records No. 103
V03-P0143,0,18,running_head,"APRIL 27, 1619 139"
V03-P0143,654,680,editorial_metadata,"Manchester Papers, No. 245"
V03-P0143,681,721,editorial_metadata,"Document in Public Record Office, London"
V03-P0143,722,745,editorial_metadata,List of Records No. 105
V03-P0144,0,35,running_head,140 RECORDS OF THE VIRGINIA COMPANY
V03-P0145,0,18,running_head,"APRIL 27, 1619 141"
V03-P0146,0,35,running_head,142 RECORDS OF THE VIRGINIA COMPANY
V03-P0147,0,18,running_head,"APRIL 87, 1619 143"
V03-P0148,0,35,running_head,144 RECORDS OF THE VIRGINIA COMPANY
V03-P0149,0,17,running_head,"JUNE 17, 1619 145"
V03-P0149,163,242,editorial_metadata,"Document in the Public Record Office, London, in the records of the suit of the"
V03-P0149,275,298,editorial_metadata,"List of Records No, 110"
V03-P0150,0,35,running_head,146 RECORDS OF THE VIRGINIA COMPANY
V03-P0150,1591,1670,editorial_metadata,"Document in the Public Record Office, London. In the Records of the Suit of the"
V03-P0150,1703,1726,editorial_metadata,List of Records No. 110
V03-P0151,0,17,running_head,"JUNE 21, 1619 147"
V03-P0152,0,35,running_head,148 RECORDS OF THE VIRGINIA COMPANY
V03-P0152,778,849,editorial_metadata,"Document in New York Public Library, Autograph Letter Signed, with Seal"
V03-P0152,850,873,editorial_metadata,List of Records No. 111
V03-P0153,0,16,running_head,"JULY 8, 1619 149"
V03-P0153,145,171,editorial_metadata,"Manchester Papers, No. 250"
V03-P0153,172,212,editorial_metadata,"Document in Public Record Office, London"
V03-P0154,0,35,running_head,150 RECORDS OF THE VIRGINIA COMPANY
V03-P0154,1496,1522,editorial_metadata,"Manchester Papers, No. 251"
V03-P0154,1523,1563,editorial_metadata,"Document in Public Record Office, London"
V03-P0154,1564,1587,editorial_metadata,List of Records No. 113
V03-P0155,0,17,running_head,"JULY 20, 1619 151"
V03-P0155,915,991,editorial_metadata,"Document in the New York Public Library. Autograph Letter, Signed, with Seal"
V03-P0155,992,1015,editorial_metadata,List of Records No. 114
V03-P0156,0,35,running_head,152 RECORDS OF THE VIRGINIA COMPANY
V03-P0156,133,146,editorial_metadata,Ferrar Papers
V03-P0156,147,224,editorial_metadata,"Document in Magdalene College, Cambridge University. Autograph Letter, Signed"
V03-P0156,225,248,editorial_metadata,List of Records No. 115
V03-P0157,0,37,running_head,"JULY 80, 81, AUGUST 2, 3, 4, 1619 153"
V03-P0157,958,991,editorial_metadata,Document in Public Record Office!
V03-P0157,992,1015,editorial_metadata,List of Records No. 116
V03-P0158,0,35,running_head,154 RECORDS OF THE VIRGINIA COMPANY
V03-P0159,0,37,running_head,"JULY 80, 81, AUGUST 2, 8, 4, 1619 155"
V03-P0160,0,35,running_head,156 RECORDS OF THE VIRGINIA COMPANY
V03-P0161,0,37,running_head,"JULY 80, 81, AUGUST 2, 8, 4, 1619 157"
V03-P0162,0,35,running_head,158 RECORDS OF THE VIRGINIA COMPANY
V03-P0163,0,37,running_head,"JULY 80, 81, AUGUST 2, 8, 4, 1619 159"
V03-P0164,0,35,running_head,160 RECORDS OF THE VIRGINIA COMPANY
V03-P0165,0,37,running_head,"JULY 80, 81, AUGUST 2, 8, 4, 1619 161"
V03-P0166,0,35,running_head,162 RECORDS OF THE VIRGINIA COMPANY
V03-P0167,0,37,running_head,"JULY $0, 81, AUGUST 2, 8, 4, 1619 163"
V03-P0168,0,35,running_head,164 RECORDS OF THE VIRGINIA COMPANY
V03-P0169,0,37,running_head,"JULY 80, 81, AUGUST 2, 8, 4, 1619 165"
V03-P0170,0,35,running_head,166 RECORDS OF THE VIRGINIA COMPANY
V03-P0171,0,37,running_head,"JULY 80, 81, AUGUST 2, 8, 4, 1619 167"
V03-P0172,0,35,running_head,168 RECORDS OF THE VIRGINIA COMPANY
V03-P0173,0,37,running_head,"JULY 80, 81, AUGUST 2, 8, 4, 1619 169"
V03-P0174,0,35,running_head,170 RECORDS OF THE VIRGINIA COMPANY
V03-P0175,0,36,running_head,"JULY 80, 31, AUGUST 2, 3, 4, 1619 Tl"
V03-P0176,0,35,running_head,172 RECORDS OF THE VIRGINIA COMPANY
V03-P0177,0,37,running_head,"JULY 30, 81, AUGUST 2, 3, 4, 1619 173"
V03-P0178,0,35,running_head,174 RECORDS OF THE VIRGINIA COMPANY
V03-P0179,0,37,running_head,"JULY 80, 31, AUGUST 2, 8, 4, 1619 175"
V03-P0180,0,35,running_head,176 RECORDS OF THE VIRGINIA COMPANY
V03-P0181,0,37,running_head,"JULY 30, 31, AUGUST 2, 8, 4, 1619 177"
V03-P0182,0,35,running_head,178 RECORDS OF THE VIRGINIA COMPANY
V03-P0182,216,239,editorial_metadata,List of Records No. 117
V03-P0183,0,33,running_head,"JULY, AUGUST, AND SEPTEMBER, 1619"
V03-P0184,0,35,running_head,180 RECORDS OF THE VIRGINIA COMPANY
V03-P0185,0,33,running_head,"JULY, AUGUST, AND SEPTEMBER, 1619"
V03-P0186,0,35,running_head,182 RECORDS OF THE VIRGINIA COMPANY
V03-P0187,0,33,running_head,"JULY, AUGUST, AND SEPTEMBER, 1619"
V03-P0188,0,35,running_head,184 RECORDS OF THE VIRGINIA COMPANY
V03-P0189,0,33,running_head,"JULY, AUGUST, AND SEPTEMBER, 1619"
V03-P0190,0,35,running_head,186 RECORDS OF THE VIRGINIA COMPANY
V03-P0191,0,33,running_head,"JULY, AUGUST, AND SEPTEMBER, 1619"
V03-P0192,0,35,running_head,188 RECORDS OF THE VIRGINIA COMPANY
V03-P0193,0,37,running_head,"JULY, AUGUST, AND SEPTEMBER, 1619 189"
V03-P0194,0,35,running_head,190 RECORDS OF THE VIRGINIA COMPANY
V03-P0194,184,207,editorial_metadata,List of Records No. 118
V03-P0194,937,950,editorial_metadata,Ferrar Papers
V03-P0194,951,1021,editorial_metadata,"Document in Magdalene College, Cambridge University. Autograph Letter,"
V03-P0194,1050,1073,editorial_metadata,List of Records No. 119
V03-P0195,0,19,running_head,"AUGUST 16, 1619 191"
V03-P0195,543,556,editorial_metadata,Ferrar Papers
V03-P0195,557,634,editorial_metadata,"Document in Magdalene College, Cambridge University. Autograph Letter, Signed"
V03-P0195,635,658,editorial_metadata,List of Records No. 120
V03-P0196,0,35,running_head,192 RECORDS OF THE VIRGINIA COMPANY
V03-P0197,0,19,running_head,"AUGUST 18, 1619 193"
V03-P0197,175,198,editorial_metadata,List of Records No. 121
V03-P0198,0,35,running_head,194 RECORDS OF THE VIRGINIA COMPANY
V03-P0199,0,19,running_head,"SEPTEMBER, 1619 195"
V03-P0199,1039,1062,editorial_metadata,List of Records No. 122
V03-P0200,0,35,running_head,196 RECORDS OF THE VIRGINIA COMPANY
V03-P0201,0,19,running_head,"SEPTEMBER, 1619 197"
V03-P0201,214,237,editorial_metadata,List of Records No. 123
V03-P0202,0,35,running_head,198 RECORDS OF THE VIRGINIA COMPANY
V03-P0203,0,21,running_head,"SEPTEMBER 4, 1619 199"
V03-P0203,1721,1744,editorial_metadata,List of Records No. 124
V03-P0204,0,35,running_head,200 RECORDS OF THE VIRGINIA COMPANY
V03-P0205,0,21,running_head,"SEPTEMBER 4, 1619 201"
V03-P0205,1038,1061,editorial_metadata,List of Records No. 125
V03-P0206,0,35,running_head,202 RECORDS OF THE VIRGINIA COMPANY
V03-P0207,0,21,running_head,"SEPTEMBER 4, 1619 203"
V03-P0208,0,35,running_head,204 RECORDS OF THE VIRGINIA COMPANY
V03-P0209,0,21,running_head,"SEPTEMBER 4, 1619 205"
V03-P0210,0,35,running_head,206 RECORDS OF THE VIRGINIA COMPANY
V03-P0211,0,21,running_head,"SEPTEMBER 4, 1619 207"
V03-P0211,1242,1265,editorial_metadata,List of Records No. 126
V03-P0212,0,35,running_head,208 RECORDS OF THE VIRGINIA COMPANY
V03-P0213,0,21,running_head,"SEPTEMBER 4, 1619 209"
V03-P0214,0,35,running_head,210 RECORDS OF THE VIRGINIA COMPANY
V03-P0214,1617,1640,editorial_metadata,List of Records No. 127
V03-P0215,0,21,running_head,"SEPTEMBER 7, 1619 ral"
V03-P0216,0,35,running_head,212 RECORDS OF THE VIRGINIA COMPANY
V03-P0216,233,256,editorial_metadata,List of Records No. 128
V03-P0217,0,22,running_head,"SEPTEMBER 15, 1619 213"
V03-P0217,248,271,editorial_metadata,List of Records No. 129
V03-P0218,0,35,running_head,214 RECORDS OF THE VIRGINIA COMPANY
V03-P0218,283,306,editorial_metadata,List of Records No. 130
V03-P0219,0,22,running_head,"SEPTEMBER 20, 1619 215"
V03-P0219,577,590,editorial_metadata,Ferrar Papers
V03-P0219,591,668,editorial_metadata,"Document in Magdalene College, Cambridge University. Autograph Letter, Signed"
V03-P0219,669,692,editorial_metadata,List of Records No. 131
V03-P0220,0,35,running_head,216 RECORDS OF THE VIRGINIA COMPANY
V03-P0220,487,500,editorial_metadata,Ferrar Papers
V03-P0220,501,578,editorial_metadata,"Document in Magdalene College, Cambridge University. A Rough Draft in Sandys’"
V03-P0220,589,612,editorial_metadata,List of Records No. 132
V03-P0221,0,22,running_head,"SEPTEMBER 29, 1619 217"
V03-P0222,0,35,running_head,218 RECORDS OF THE VIRGINIA COMPANY
V03-P0223,0,22,running_head,"SEPTEMBER 30, 1619 219"
V03-P0223,633,656,editorial_metadata,List of Records No. 133
V03-P0224,0,35,running_head,220 RECORDS OF THE VIRGINIA COMPANY
V03-P0225,0,22,running_head,"SEPTEMBER 80, 1619 221"
V03-P0226,0,35,running_head,222 RECORDS OF THE VIRGINIA COMPANY
V03-P0227,0,19,running_head,"OCTOBER 4, 1619 223"
V03-P0227,92,105,editorial_metadata,Ferrar Papers
V03-P0227,106,183,editorial_metadata,"Document in Magdalene College, Cambridge University. Autograph Letter, Signed"
V03-P0227,184,207,editorial_metadata,"List of Records No, 134"
V03-P0227,1424,1437,editorial_metadata,Ferrar Papers
V03-P0227,1438,1515,editorial_metadata,"Document in Magdalene College, Cambridge University. Autograph Letter, Signed"
V03-P0227,1516,1539,editorial_metadata,List of Records No. 135
V03-P0228,0,35,running_head,224 RECORDS OF THE VIRGINIA COMPANY
V03-P0228,611,624,editorial_metadata,Ferrar Papers
V03-P0228,625,665,editorial_metadata,"Document in Magdalene College, Cambridge"
V03-P0228,666,689,editorial_metadata,List of Records No. 136
V03-P0229,0,20,running_head,"OCTOBER 18, 1619 225"
V03-P0230,0,35,running_head,226 RECORDS OF THE VIRGINIA COMPANY
V03-P0230,178,191,editorial_metadata,Ferrar Papers
V03-P0230,192,243,editorial_metadata,"Document in Magdalene College, Cambridge University"
V03-P0230,244,267,editorial_metadata,List of Records No. 138
V03-P0231,0,21,running_head,"NOVEMBER 11, 1619 227"
V03-P0232,0,35,running_head,228 RECORDS OF THE VIRGINIA COMPANY
V03-P0233,0,21,running_head,"NOVEMBER 12, 1619 229"
V03-P0233,604,617,editorial_metadata,Ferrar Papers
V03-P0233,618,669,editorial_metadata,"Document in Magdalene College, Cambridge University"
V03-P0233,670,693,editorial_metadata,List of Records No. 139
V03-P0234,0,35,running_head,230 RECORDS OF THE VIRGINIA COMPANY
V03-P0234,242,265,editorial_metadata,List of Records No. 140
V03-P0235,0,12,running_head,1620 (?) 231
V03-P0235,108,134,editorial_metadata,"Manchester Papers, No. 247"
V03-P0235,135,175,editorial_metadata,"Document in Public Record Office, London"
V03-P0235,176,199,editorial_metadata,List of Records No. 142
V03-P0236,0,35,running_head,232 RECORDS OF THE VIRGINIA COMPANY
V03-P0236,1262,1288,editorial_metadata,"Manchester Papers, No. 280"
V03-P0236,1289,1329,editorial_metadata,"Document in Public Record Office, London"
V03-P0236,1330,1353,editorial_metadata,List of Records No. 144
V03-P0237,0,12,running_head,1620 (?) 233
V03-P0238,0,16,running_head,te intreate them
V03-P0238,18,53,editorial_metadata,234 RECORDS OF THE VIRGINIA COMPANY
V03-P0239,0,12,running_head,1620 (?) 235
V03-P0240,0,13,running_head,Riek Willis.’
V03-P0240,20,55,editorial_metadata,236 RECORDS OF THE VIRGINIA COMPANY
V03-P0240,160,186,editorial_metadata,"Manchester Papers, No. 281"
V03-P0240,228,251,editorial_metadata,List of Records No. 145
V03-P0241,0,8,running_head,1620 237
V03-P0241,466,506,editorial_metadata,"Document in Public Record Office, London"
V03-P0241,783,806,editorial_metadata,List of Records No. 151
V03-P0241,1781,1825,editorial_metadata,"1See also List of Records, Nos. 150 and 347."
V03-P0242,0,35,running_head,238 RECORDS OF THE VIRGINIA COMPANY
V03-P0243,0,8,running_head,1620 239
V03-P0243,1129,1210,editorial_metadata,"(1) Printed Broadsides, James I, No. 180. (2) Manchester Papers, No. 291. Printed"
V03-P0243,1211,1284,editorial_metadata,"Document in (1) Society of Antiquaries, London. (2) Public Record Office,"
V03-P0243,1292,1315,editorial_metadata,List of Records No. 152
V03-P0244,0,35,running_head,240 RECORDS OF THE VIRGINIA COMPANY
V03-P0245,0,20,running_head,"JANUARY, 1619/20 241"
V03-P0245,502,516,editorial_metadata,Ferrar Papers.
V03-P0245,517,595,editorial_metadata,"Document in Magdalene College, Cambridge. Autograph Letter, Signed, with Seals"
V03-P0245,596,619,editorial_metadata,List of Records No. 154
V03-P0246,0,35,running_head,242 RECORDS OF THE VIRGINIA COMPANY
V03-P0247,0,20,running_head,"JANUARY, 1619/20 243"
V03-P0248,0,35,running_head,244 RECORDS OF THE VIRGINIA COMPANY
V03-P0249,0,20,running_head,"JANUARY, 1619/20 245"
V03-P0250,0,35,running_head,246 RECORDS OF THE VIRGINIA COMPANY
V03-P0251,0,20,running_head,"JANUARY, 1619/20 247"
V03-P0252,0,35,running_head,248 RECORDS OF THE VIRGINIA COMPANY
V03-P0252,1186,1220,editorial_metadata,"Right Wor"" List of Records No. 155"
V03-P0253,0,23,running_head,"JANUARY 18, 1619/20 249"
V03-P0253,1679,1692,editorial_metadata,Ferrar Papers
V03-P0253,1693,1759,editorial_metadata,"Document in Magdalene College, Cambridge. Autograph Letter, Signed"
V03-P0253,1760,1783,editorial_metadata,List of Records No. 156
V03-P0254,0,35,running_head,250 RECORDS OF THE VIRGINIA COMPANY
V03-P0255,0,23,running_head,"FANUARY 18, 1619/20 251"
V03-P0256,0,35,running_head,252 RECORDS OF THE VIRGINIA COMPANY
V03-P0257,0,23,running_head,"JANUARY 13, 1619/20 253"
V03-P0258,0,35,running_head,254 RECORDS OF THE VIRGINIA COMPANY
V03-P0258,104,117,editorial_metadata,Ferrar Papers
V03-P0258,118,158,editorial_metadata,"Document in Magdalene College, Cambridge"
V03-P0258,159,182,editorial_metadata,List of Records No. 157
V03-P0259,0,23,running_head,"JANUARY 16, 1619/20 255"
V03-P0259,93,106,editorial_metadata,Ferrar Papers
V03-P0259,107,163,editorial_metadata,"Document in Magdalene College, Cambridge. Letter, Signed"
V03-P0259,164,187,editorial_metadata,List of Records No. 158
V03-P0260,0,35,running_head,256 RECORDS OF THE VIRGINIA COMPANY
V03-P0261,0,23,running_head,"JANUARY 16, 1619/20 257"
V03-P0262,0,16,running_head,A good Consider-
V03-P0262,24,59,editorial_metadata,258 RECORDS OF THE VIRGINIA COMPANY
V03-P0263,0,23,running_head,"JANUARY 28, 1619/20 259"
V03-P0263,161,240,editorial_metadata,"Document in Public Record Office, London. Letter Signed and Sealed with Coat of"
V03-P0263,246,269,editorial_metadata,List of Records No. 160
V03-P0264,0,35,running_head,260 RECORDS OF THE VIRGINIA COMPANY
V03-P0264,259,282,editorial_metadata,List of Records No. 162
V03-P0265,0,61,running_head,XI. Autographs of John Ferrar found among his private papers.
V03-P0266,0,10,running_head,-— [eeiuel
V03-P0267,0,1,running_head,y
V03-P0269,0,21,running_head,"FEBRUARY, 1619/20 261"
V03-P0270,0,35,running_head,262 RECORDS OF THE VIRGINIA COMPANY
V03-P0270,103,116,editorial_metadata,Ferrar Papers
V03-P0270,117,157,editorial_metadata,"Document in Magdalene College, Cambridge"
V03-P0270,158,181,editorial_metadata,List of Records No. 164
V03-P0270,868,881,editorial_metadata,Ferrar Papers
V03-P0270,882,959,editorial_metadata,"Document in Magdalene College, Cambridge. Autograph Letter, Signed, with Seal"
V03-P0270,960,983,editorial_metadata,List of Records No. 166
V03-P0271,0,20,running_head,"MARCH 6, 1619/20 263"
V03-P0272,0,35,running_head,264 RECORDS OF THE VIRGINIA COMPANY
V03-P0273,0,21,running_head,"APRIL 5, 10, 1620 265"
V03-P0273,1143,1221,editorial_metadata,"(1) Privy Council Register, James I, Vol. IV, p. 475. (2) Lansdowne MSS., 162,"
V03-P0273,1232,1297,editorial_metadata,"Document in (1) Privy Council, London. (2) British Museum, London"
V03-P0273,1298,1321,editorial_metadata,List of Records No. 167
V03-P0274,0,35,running_head,266 RECORDS OF THE VIRGINIA COMPANY
V03-P0274,385,446,editorial_metadata,"Document in New York Public Library. Autograph Letter, Signed"
V03-P0274,447,470,editorial_metadata,List of Records No. 169
V03-P0275,0,13,running_head,"MAY, 1620 267"
V03-P0275,99,125,editorial_metadata,"Manchester Papers, No. 271"
V03-P0275,126,166,editorial_metadata,"Document in Public Record Office, London"
V03-P0275,167,190,editorial_metadata,List of Records No. 170
V03-P0276,0,35,running_head,268 RECORDS OF THE VIRGINIA COMPANY
V03-P0277,0,15,running_head,"MAY 1, 1620 269"
V03-P0277,1925,1938,editorial_metadata,Ferrar Papers
V03-P0277,1939,2016,editorial_metadata,"Document in Magdalene College, Cambridge. Autograph Letter, Signed, with Seal"
V03-P0277,2017,2040,editorial_metadata,List of Records No. 171
V03-P0278,0,35,running_head,270 RECORDS OF THE VIRGINIA COMPANY
V03-P0279,0,15,running_head,"MAY 7, 1620 271"
V03-P0279,1249,1272,editorial_metadata,List of Records No. 172
V03-P0280,0,35,running_head,272 RECORDS OF THE VIRGINIA COMPANY
V03-P0281,0,15,running_head,"MAY ?, 1620 273"
V03-P0282,0,35,running_head,274 RECORDS OF THE VIRGINIA COMPANY
V03-P0282,289,302,editorial_metadata,Ferrar Papers
V03-P0282,303,369,editorial_metadata,"Document in Magdalene College, Cambridge. Autograph Letter, Signed"
V03-P0282,370,393,editorial_metadata,List of Records No. 173
V03-P0283,0,16,running_head,"MAY 17, 1620 275"
V03-P0283,156,179,editorial_metadata,List of Records No. 174
V03-P0284,0,35,running_head,276 RECORDS OF THE VIRGINIA COMPANY
V03-P0285,0,17,running_head,"ALAY 17, 1620 277"
V03-P0286,0,35,running_head,278 RECORDS OF THE VIRGINIA COMPANY
V03-P0287,0,16,running_head,"MAY 17, 1620 279"
V03-P0288,0,35,running_head,280 RECORDS OF THE VIRGINIA COMPANY
V03-P0289,0,22,running_head,"TRINITY TERM, 1620 281"
V03-P0289,151,223,editorial_metadata,"Document in the Public Record Office, London. Accompanying Documents are"
V03-P0289,260,283,editorial_metadata,List of Records No. 149
V03-P0290,0,35,running_head,282 RECORDS OF THE VIRGINIA COMPANY
V03-P0291,0,22,running_head,"TRINITY TERM, 1620 283"
V03-P0292,0,35,running_head,284 RECORDS OF THE VIRGINIA COMPANY
V03-P0293,0,17,running_head,"TRINITY TERM, 162"
V03-P0294,0,35,running_head,286 RECORDS OF THE VIRGINIA COMPANY
V03-P0295,0,22,running_head,"TRINITY TERM, 1620 287"
V03-P0296,0,35,running_head,288 RECORDS OF THE VIRGINIA COMPANY
V03-P0297,0,14,running_head,"JUNE, 1620 289"
V03-P0297,1200,1261,editorial_metadata,"Document in New York Public Library. Autograph Letter, Signed"
V03-P0297,1262,1285,editorial_metadata,List of Records No. 182
V03-P0298,0,35,running_head,290 RECORDS OF THE VIRGINIA COMPANY
V03-P0299,0,14,running_head,"JUNE, 1620 291"
V03-P0299,132,193,editorial_metadata,"Document in New York Public Library. Autograph Letter, Signed"
V03-P0299,194,222,editorial_metadata,"List of Records No. 175, 176"
V03-P0300,0,35,running_head,292 RECORDS OF THE VIRGINIA COMPANY
V03-P0300,166,189,editorial_metadata,List of Records No. 177
V03-P0301,0,16,running_head,"JUNE 1, 1620 293"
V03-P0302,0,35,running_head,294 RECORDS OF THE VIRGINIA COMPANY
V03-P0302,1160,1235,editorial_metadata,"Document in Public Record Office, London, Autograph Letter, Signed. Part of"
V03-P0302,1253,1276,editorial_metadata,List of Records No. 178
V03-P0303,0,16,running_head,"JUNE 7, 1620 295"
V03-P0304,0,35,running_head,296 RECORDS OF THE VIRGINIA COMPANY
V03-P0305,0,17,running_head,"JUNE 7%, 1620 297"
V03-P0305,88,101,editorial_metadata,Ferrar Papers
V03-P0305,102,168,editorial_metadata,"Document in Magdalene College, Cambridge. Autograph Letter, Signed"
V03-P0305,169,192,editorial_metadata,List of Records No. 179
V03-P0306,0,35,running_head,298 RECORDS OF THE VIRGINIA COMPANY
V03-P0307,0,16,running_head,"JUNE 7, 1620 299"
V03-P0308,0,35,running_head,300 RECORDS OF THE VIRGINIA COMPANY
V03-P0308,1679,1692,editorial_metadata,Ferrar Papers
V03-P0308,1693,1749,editorial_metadata,"Document in Magdalene College, Cambridge. Letter, Signed"
V03-P0308,1750,1773,editorial_metadata,List of Records No. 180
V03-P0309,0,17,running_head,"JUNE 12, 1620 301"
V03-P0310,0,35,running_head,302 RECORDS OF THE VIRGINIA COMPANY
V03-P0311,0,17,running_head,"JUNE 12, 1620 303"
V03-P0312,0,35,running_head,304 RECORDS OF THE VIRGINIA COMPANY
V03-P0313,0,17,running_head,"JUNE 12, 1620 805"
V03-P0314,0,35,running_head,306 RECORDS OF THE VIRGINIA COMPANY
V03-P0314,627,640,editorial_metadata,Ferrar Papers
V03-P0314,641,718,editorial_metadata,"Document in Magdalene College, Cambridge. Autograph Letter, Signed, with Seal"
V03-P0314,719,742,editorial_metadata,List of Records No. 181
V03-P0315,0,17,running_head,"JUNE 22, 1620 307"
V03-P0315,315,389,editorial_metadata,"Printed. Copies in British Museum, Bodleian Library, Cambridge University,"
V03-P0315,524,547,editorial_metadata,List of Records No. 183
V03-P0316,0,35,running_head,308 RECORDS OF THE VIRGINIA COMPANY
V03-P0317,0,17,running_head,"JUNE 22, 1620 309"
V03-P0318,0,35,running_head,310 RECORDS OF THE VIRGINIA COMPANY
V03-P0319,0,17,running_head,"JUNE 22, 1620 sil"
V03-P0320,0,35,running_head,312 RECORDS OF THE VIRGINIA COMPANY
V03-P0320,2577,2646,editorial_metadata,"printed in this yolume as Document No, XLIX (List of Records No. 92)."
V03-P0321,0,17,running_head,"JUNE 22, 1620 313"
V03-P0322,0,35,running_head,314 RECORDS OF THE VIRGINIA COMPANY
V03-P0323,0,17,running_head,"JUNE 22, 1620 315"
V03-P0324,0,35,running_head,316 RECORDS OF THE VIRGINIA COMPANY
V03-P0325,0,13,running_head,"JUNE 22, 1620"
V03-P0326,0,3,running_head,318
V03-P0326,5,36,editorial_metadata,RECORDS OF THE VIRGINIA COMPANY
V03-P0327,0,13,running_head,"JUNE 22, 1620"
V03-P0328,0,3,running_head,320
V03-P0328,5,36,editorial_metadata,RECORDS OF THE VIRGINIA COMPANY
V03-P0329,0,13,running_head,"JUNE 22, 1620"
V03-P0330,0,3,running_head,822
V03-P0330,5,36,editorial_metadata,RECORDS OF THE VIRGINIA COMPANY
V03-P0331,0,13,running_head,"JUNE 22, 1620"
V03-P0332,0,3,running_head,324
V03-P0332,5,36,editorial_metadata,RECORDS OF THE VIRGINIA COMPANY
V03-P0333,0,13,running_head,"JUNE 22, 1620"
V03-P0334,0,3,running_head,326
V03-P0334,5,36,editorial_metadata,RECORDS OF THE VIRGINIA COMPANY
V03-P0335,0,13,running_head,"JUNE 22, 1620"
V03-P0336,0,3,running_head,328
V03-P0336,5,36,editorial_metadata,RECORDS OF THE VIRGINIA COMPANY
V03-P0337,0,13,running_head,"JUNE 22, 1620"
V03-P0338,0,3,running_head,330
V03-P0338,5,36,editorial_metadata,RECORDS OF THE VIRGINIA COMPANY
V03-P0339,0,13,running_head,"JUNE 22, 1620"
V03-P0340,0,3,running_head,332
V03-P0340,5,36,editorial_metadata,RECORDS OF THE VIRGINIA COMPANY
V03-P0341,0,13,running_head,"JUNE 22, 1620"
V03-P0342,0,2,running_head,ov
V03-P0342,4,35,editorial_metadata,RECORDS OF THE VIRGINIA COMPANY
V03-P0343,0,13,running_head,"JUNE 22, 1620"
V03-P0344,0,3,running_head,336
V03-P0344,5,36,editorial_metadata,RECORDS OF THE VIRGINIA COMPANY
V03-P0345,0,17,running_head,"JUNE 22, 1620 337"
V03-P0346,0,3,running_head,338
V03-P0346,5,36,editorial_metadata,RECORDS OF THE VIRGINIA COMPANY
V03-P0347,0,17,running_head,"JUNE 27, 1620 839"
V03-P0348,0,35,running_head,340 RECORDS OF THE VIRGINIA COMPANY
V03-P0349,0,8,running_head,1620 341
V03-P0350,0,35,running_head,342 RECORDS OF THE VIRGINIA COMPANY
V03-P0351,0,8,running_head,1620 343
V03-P0352,0,35,running_head,344 RECORDS OF THE VIRGINIA COMPANY
V03-P0353,0,8,running_head,1620 345
V03-P0354,0,35,running_head,346 RECORDS OF THE VIRGINIA COMPANY
V03-P0355,0,8,running_head,1620 347
V03-P0356,0,35,running_head,348 RECORDS OF THE VIRGINIA COMPANY
V03-P0357,0,8,running_head,1620 349
V03-P0358,0,35,running_head,350 RECORDS OF THE VIRGINIA COMPANY
V03-P0359,0,8,running_head,1620 351
V03-P0360,0,35,running_head,352 RECORDS OF THE VIRGINIA COMPANY
V03-P0361,0,8,running_head,1620 353
V03-P0362,0,35,running_head,304 RECORDS OF THE VIRGINIA COMPANY
V03-P0363,0,8,running_head,1620 355
V03-P0364,0,35,running_head,356 RECORDS OF THE VIRGINIA COMPANY
V03-P0365,0,8,running_head,1620 357
V03-P0366,0,35,running_head,358 RECORDS OF THE VIRGINIA COMPANY
V03-P0367,0,8,running_head,1620 359
V03-P0368,0,35,running_head,360 RECORDS OF THE VIRGINIA COMPANY
V03-P0369,0,8,running_head,1620 361
V03-P0370,0,35,running_head,362 RECORDS OF THE VIRGINIA COMPANY
V03-P0371,0,8,running_head,1620 363
V03-P0372,0,35,running_head,364 RECORDS OF THE VIRGINIA COMPANY
V03-P0373,0,14,running_head,"JULY, 1620 365"
V03-P0373,589,629,editorial_metadata,"Document in Public Record Office, London"
V03-P0373,630,653,editorial_metadata,List of Records No. 185
V03-P0373,1275,1298,editorial_metadata,List of Records No. 186
V03-P0374,0,35,running_head,366 RECORDS OF THE VIRGINIA COMPANY
V03-P0375,0,16,running_head,"JULY 5, 1620 367"
V03-P0375,1003,1064,editorial_metadata,"Document in New York Public Library. Autograph Letter, Signed"
V03-P0375,1065,1088,editorial_metadata,List of Records No. 187
V03-P0376,0,35,running_head,368 RECORDS OF THE VIRGINIA COMPANY
V03-P0376,891,914,editorial_metadata,"List of Records No, 189"
V03-P0377,0,17,running_head,"JULY 14, 1620 369"
V03-P0377,1482,1544,editorial_metadata,"Document in New York Public Library. Autograph Letters, Signed"
V03-P0377,1545,1568,editorial_metadata,List of Records No. 190
V03-P0378,0,35,running_head,370 RECORDS OF THE VIRGINIA COMPANY
V03-P0379,0,17,running_head,"JULY 19, 1620 371"
V03-P0379,83,96,editorial_metadata,Ferrar Papers
V03-P0379,97,163,editorial_metadata,"Document in Magdalene College, Cambridge. Autograph Letter, Signed"
V03-P0379,164,187,editorial_metadata,List of Records No. 191
V03-P0380,0,35,running_head,372 RECORDS OF THE VIRGINIA COMPANY
V03-P0380,326,352,editorial_metadata,"Manchester Papers, No. 272"
V03-P0380,353,393,editorial_metadata,Document in Public Record Office. London
V03-P0380,394,417,editorial_metadata,List of Records No. 193
V03-P0381,0,18,running_head,"AUGUST 9, 1620 373"
V03-P0381,115,176,editorial_metadata,"Document in New York Public Library. Autograph Letter, Signed"
V03-P0381,177,200,editorial_metadata,List of Records No. 194
V03-P0381,1206,1267,editorial_metadata,"Document in New York Public Library. Autograph Letter, Signed"
V03-P0381,1268,1291,editorial_metadata,List of Records No. 195
V03-P0382,0,35,running_head,374 RECORDS OF THE VIRGINIA COMPANY
V03-P0382,1039,1062,editorial_metadata,List of Records No. 196
V03-P0383,0,19,running_head,"AUGUST 26, 1620 375"
V03-P0383,2075,2088,editorial_metadata,Ferrar Papers
V03-P0383,2089,2155,editorial_metadata,"Document in Magdalene College, Cambridge. Autograph Letter, Signed"
V03-P0383,2156,2179,editorial_metadata,"List of Records No, 197"
V03-P0384,0,35,running_head,376 RECORDS OF THE VIRGINIA COMPANY
V03-P0384,1345,1368,editorial_metadata,List of Records No. 198
V03-P0385,0,19,running_head,"AUGUST 28, 1620 377"
V03-P0386,0,35,running_head,378 RECORDS OF THE VIRGINIA COMPANY
V03-P0387,0,19,running_head,"AUGUST 28, 1620 379"
V03-P0387,1517,1540,editorial_metadata,List of Records No. 199
V03-P0388,0,35,running_head,380 RECORDS OF THE VIRGINIA COMPANY
V03-P0389,0,19,running_head,"AUGUST 31, 1620 381"
V03-P0389,1991,2014,editorial_metadata,List of Records No. 200
V03-P0390,0,35,running_head,382 RECORDS OF THE VIRGINIA COMPANY
V03-P0391,0,20,running_head,"AUGUST 381, 1620 383"
V03-P0392,0,35,running_head,384 RECORDS OF THE VIRGINIA COMPANY
V03-P0392,1909,1932,editorial_metadata,List of Records No. 201
V03-P0393,0,19,running_head,"SEPTEMBER, 1620 385"
V03-P0393,1040,1063,editorial_metadata,List of Records No. 202
V03-P0394,0,35,running_head,386 RECORDS OF THE VIRGINIA COMPANY
V03-P0395,0,15,running_head,"SEPTEMBER, 1620"
V03-P0396,0,35,running_head,388 RECORDS OF THE VIRGINIA COMPANY
V03-P0397,0,15,running_head,"SEPTEMBER, 1620"
V03-P0398,0,35,running_head,390 RECORDS OF THE VIRGINIA COMPANY
V03-P0399,0,15,running_head,"SEPTEMBER, 1620"
V03-P0400,0,14,running_head,repayd by her.
V03-P0400,35,70,editorial_metadata,392 RECORDS OF THE VIRGINIA COMPANY
V03-P0401,0,21,running_head,"SEPTEMBER 1, 1620 393"
V03-P0401,639,662,editorial_metadata,List of Records No. 203
V03-P0402,0,35,running_head,394 RECORDS OF THE VIRGINIA COMPANY
V03-P0403,0,21,running_head,"SEPTEMBER 1, 1620 395"
V03-P0403,121,182,editorial_metadata,"Document in New York Public Library. Autograph Letter, Signed"
V03-P0403,183,206,editorial_metadata,List of Records No. 204
V03-P0404,0,18,running_head,"dead 8. Apr. 1621,"
V03-P0404,479,510,editorial_metadata,RECORDS OF THE VIRGINIA COMPANY
V03-P0404,684,707,editorial_metadata,List of Records No. 205
V03-P0405,0,22,running_head,"SEPTEMBER 10, 1620 397"
V03-P0405,1998,2021,editorial_metadata,List of Records No. 206
V03-P0406,0,35,running_head,398 RECORDS OF THE VIRGINIA COMPANY
V03-P0407,0,22,running_head,"SEPTEMBER 10, 1620 399"
V03-P0408,0,35,running_head,400 RECORDS OF THE VIRGINIA COMPANY
V03-P0409,0,22,running_head,"SEPTEMBER 16, 1620 401"
V03-P0409,124,185,editorial_metadata,"Document in New York Public Library. Autograph Letter, Signed"
V03-P0409,186,209,editorial_metadata,List of Records No. 207
V03-P0409,1243,1266,editorial_metadata,List of Records No. 208
V03-P0410,0,35,running_head,402 RECORDS OF THE VIRGINIA COMPANY
V03-P0410,1291,1314,editorial_metadata,List of Records No. 209
V03-P0411,0,35,running_head,"1620, SEPTEMBER 18-1621, MICHAELMAS"
V03-P0412,0,35,running_head,404 RECORDS OF THE VIRGINIA COMPANY
V03-P0413,0,22,running_head,"SEPTEMBER 18, 1620 405"
V03-P0413,215,238,editorial_metadata,"List of Records No, 210"
V03-P0414,0,35,running_head,406 RECORDS OF THE VIRGINIA COMPANY
V03-P0414,443,456,editorial_metadata,Ferrar Papers
V03-P0414,457,534,editorial_metadata,"Document in Magdalene College, Cambridge. Autograph Letter, Signed, with Seal"
V03-P0414,535,558,editorial_metadata,List of Records No. 211
V03-P0415,0,22,running_head,"SEPTEMBER 18, 1620 407"
V03-P0416,0,35,running_head,408 RECORDS OF THE VIRGINIA COMPANY
V03-P0416,229,252,editorial_metadata,List of Records No. 212
V03-P0417,0,22,running_head,"SEPTEMBER 22, 1620 409"
V03-P0417,128,188,editorial_metadata,"Document in New York Public Library Autograph Letter, Signed"
V03-P0417,189,212,editorial_metadata,List of Records No. 213
V03-P0418,0,35,running_head,410 RECORDS OF THE VIRGINIA COMPANY
V03-P0418,134,206,editorial_metadata,"Document in New York Public Library. Autograph Letter, Signed, with Seal"
V03-P0418,207,230,editorial_metadata,List of Records No. 214
V03-P0418,1303,1364,editorial_metadata,"Document in New York Public Library. Autograph Letter, Signed"
V03-P0418,1365,1388,editorial_metadata,List of Records No. 215
V03-P0419,0,22,running_head,"SEPTEMBER 26, 1620 411"
V03-P0419,1167,1235,editorial_metadata,{In another hand but probably with autograph signature:] Receyved by
V03-P0419,1696,1757,editorial_metadata,"Document in New York Public Library. Autograph Letter, Signed"
V03-P0419,1758,1781,editorial_metadata,List of Records No. 216
V03-P0420,0,35,running_head,412 RECORDS OF THE VIRGINIA COMPANY
V03-P0420,818,841,editorial_metadata,List of Records No. 217
V03-P0421,0,22,running_head,"SEPTEMBER 80, 1620 413"
V03-P0422,0,35,running_head,414 RECORDS OF THE VIRGINIA COMPANY
V03-P0423,0,20,running_head,"OCTOBER 28, 1620 415"
V03-P0423,1836,1849,editorial_metadata,Ferrar Papers
V03-P0423,1850,1927,editorial_metadata,"Document in Magdalene College, Cambridge. Autograph Letter, Signed, with Seal"
V03-P0423,1928,1951,editorial_metadata,List of Records No. 219
V03-P0424,0,35,running_head,416 RECORDS OF THE VIRGINIA COMPANY
V03-P0425,0,21,running_head,"DECEMBER 19, 1620 417"
V03-P0425,119,180,editorial_metadata,"Document in New York Public Library. Autograph Letter, Signed"
V03-P0425,181,204,editorial_metadata,List of Records No. 221
V03-P0426,0,35,running_head,418 RECORDS OF THE VIRGINIA COMPANY
V03-P0426,616,656,editorial_metadata,"Document in Public Record Office, London"
V03-P0426,657,680,editorial_metadata,List of Records No. 226
V03-P0427,0,8,running_head,1621 419
V03-P0428,0,35,running_head,420 RECORDS OF THE VIRGINIA COMPANY
V03-P0429,0,8,running_head,1621 421
V03-P0430,0,35,running_head,422 RECORDS OF THE VIRGINIA COMPANY
V03-P0431,0,8,running_head,1621 423
V03-P0432,0,15,running_head,This Coppye ex-
V03-P0432,101,136,editorial_metadata,424 RECORDS OF THE VIRGINIA COMPANY
V03-P0432,294,320,editorial_metadata,"Manchester Papers, No. 290"
V03-P0432,321,361,editorial_metadata,"Document in Public Record Office, London"
V03-P0432,362,385,editorial_metadata,List of Records No. 229
V03-P0433,0,42,running_head,XII. Signatures of Officers of the Colony.
V03-P0433,44,123,editorial_metadata,"1. An autograph letter, signed, from John Pory, secretary of the colony, to Sir"
V03-P0433,124,170,editorial_metadata,"Edwin Sandys, January 13, 1619. Ferrar Papers."
V03-P0433,172,254,editorial_metadata,"2. An autograph letter, signed, from Gabriel Barbor, the manager of the lotteries."
V03-P0433,255,307,editorial_metadata,"to Sir Edwin Sandys, October 2, 1619. Ferrar Papers."
V03-P0434,0,33,running_head,dod Hewes OF THE VIRGINIA COMPANY
V03-P0435,0,48,running_head,“ppHe Piiamd fe ~~. won seid a Petites ¢ You ‘na
V03-P0437,0,23,running_head,"JANUARY 21, 1620/21 425"
V03-P0438,0,35,running_head,426 RECORDS OF THE VIRGINIA COMPANY
V03-P0438,339,362,editorial_metadata,List of Records No. 228
V03-P0439,0,24,running_head,"FEBRUARY 14, 1620/21 427"
V03-P0439,494,517,editorial_metadata,List of Records No. 230
V03-P0440,0,35,running_head,428 RECORDS OF THE VIRGINIA COMPANY
V03-P0441,0,24,running_head,"FEBRUARY 14, 1620/21 429"
V03-P0442,0,35,running_head,430 RECORDS OF THE VIRGINIA COMPANY
V03-P0443,0,24,running_head,"FEBRUARY 14, 1620/21 431"
V03-P0444,0,35,running_head,432 RECORDS OF THE VIRGINIA COMPANY
V03-P0444,1143,1229,editorial_metadata,"Document in Publie Record Office, London. Original Document, with Autograph Signatures"
V03-P0444,1230,1253,editorial_metadata,List of Records No. 232
V03-P0445,0,20,running_head,"MARCH 6, 1620/21 433"
V03-P0446,0,35,running_head,434 RECORDS OF THE VIRGINIA COMPANY
V03-P0446,475,515,editorial_metadata,"Document in Public Record Office, London"
V03-P0446,516,539,editorial_metadata,List of Records No. 233
V03-P0447,0,21,running_head,"MARCH 24, 1620/21 435"
V03-P0447,1538,1561,editorial_metadata,List of Records No. 234
V03-P0448,0,35,running_head,436 RECORDS OF THE VIRGINIA COMPANY
V03-P0448,593,606,editorial_metadata,Ferrar Papers
V03-P0448,607,673,editorial_metadata,"Document in Magdalene College, Cambridge. Autograph Letter, Signed"
V03-P0448,674,697,editorial_metadata,"List of Records No, 236"
V03-P0449,0,18,running_head,"APRIL 12, 1621 437"
V03-P0450,0,35,running_head,438 RECORDS OF THE VIRGINIA COMPANY
V03-P0451,0,18,running_head,"APRIL 17, 1621 439"
V03-P0451,159,181,editorial_metadata,List of Records No. 23
V03-P0452,0,35,running_head,440 RECORDS OF THE VIRGINIA COMPANY
V03-P0453,0,13,running_head,"MAY, 1621 441"
V03-P0453,446,459,editorial_metadata,Ferrar Papers
V03-P0453,460,537,editorial_metadata,"Document in Magdalene College, Cambridge. Autograph Letter, Signed, with Seal"
V03-P0453,538,561,editorial_metadata,List of Records No. 238
V03-P0454,0,35,running_head,442 RECORDS OF THE VIRGINIA COMPANY
V03-P0455,0,15,running_head,"MAY 8, 1621 443"
V03-P0455,531,544,editorial_metadata,Ferrar Papers
V03-P0455,545,622,editorial_metadata,"Document in Magdalene College, Cambridge. Autograph Letter, Signed, with Seal"
V03-P0455,623,646,editorial_metadata,List of Records No. 239
V03-P0456,0,35,running_head,444 RECORDS OF THE VIRGINIA COMPANY
V03-P0456,576,616,editorial_metadata,"Document in Public Record Office, London"
V03-P0456,617,640,editorial_metadata,List of Records No. 240
V03-P0457,0,15,running_head,"MAY 9, 1681 445"
V03-P0457,97,110,editorial_metadata,Ferrar Papers
V03-P0457,111,151,editorial_metadata,"Document in Magdalene College, Cambridge"
V03-P0458,0,35,running_head,446 RECORDS OF THE VIRGINIA COMPANY
V03-P0458,126,139,editorial_metadata,Ferrar Papers
V03-P0458,140,217,editorial_metadata,"Document in Magdalene College, Cambridge. Autograph Letter, Signed, with Seal"
V03-P0458,218,241,editorial_metadata,List of Records No. 243
V03-P0459,0,23,running_head,"MAY 15 AND 16, 1621 447"
V03-P0460,0,35,running_head,448 RECORDS OF THE VIRGINIA COMPANY
V03-P0460,270,283,editorial_metadata,Ferrar Papers
V03-P0460,284,342,editorial_metadata,"Document in Magdalene College, Cambridge. Autograph Letter"
V03-P0460,343,366,editorial_metadata,List of Records No. 244
V03-P0461,0,16,running_head,"MAY 16, 1621 449"
V03-P0461,703,716,editorial_metadata,Ferrar Papers
V03-P0461,717,757,editorial_metadata,"Document in Magdalene College, Cambridge"
V03-P0461,758,781,editorial_metadata,List of Records No. 245
V03-P0462,0,35,running_head,450 RECORDS OF THE VIRGINIA COMPANY
V03-P0462,427,440,editorial_metadata,Ferrar Papers
V03-P0462,441,481,editorial_metadata,"Document in Magdalene College, Cambridge"
V03-P0462,482,505,editorial_metadata,List of Records No. 246
V03-P0463,0,16,running_head,"MAY 16, 1621 451"
V03-P0464,0,35,running_head,452 RECORDS OF THE VIRGINIA COMPANY
V03-P0464,108,121,editorial_metadata,Ferrar Papers
V03-P0464,122,162,editorial_metadata,"Document in Magdalene College, Cambridge"
V03-P0464,163,186,editorial_metadata,List of Records No. 247
V03-P0465,0,16,running_head,"MAY 16, 1621 453"
V03-P0466,0,35,running_head,454 RECORDS OF THE VIRGINIA COMPANY
V03-P0466,100,113,editorial_metadata,Ferrar Papers
V03-P0466,114,191,editorial_metadata,"Document in Magdalene College, Cambridge. Autograph Letter, Signed, with Seal"
V03-P0466,192,215,editorial_metadata,List of Records No. 248
V03-P0467,0,16,running_head,"MAY 27, 1621 455"
V03-P0467,81,94,editorial_metadata,Ferrar Papers
V03-P0467,95,135,editorial_metadata,"Document in Magdalene College, Cambridge"
V03-P0467,136,159,editorial_metadata,List of Records No. 249
V03-P0468,0,35,running_head,456 RECORDS OF THE VIRGINIA COMPANY
V03-P0469,0,16,running_head,"MAY 27, 1621 457"
V03-P0470,0,35,running_head,458 RECORDS OF THE VIRGINIA COMPANY
V03-P0470,810,823,editorial_metadata,Ferrar Papers
V03-P0470,824,901,editorial_metadata,"Document in Magdalene College, Cambridge. Autograph Letter, Signed, with Seal"
V03-P0471,0,17,running_head,"JUNE 18, 1621 459"
V03-P0471,716,766,editorial_metadata,"Privy Council Register, James I, Volume V, Page 58"
V03-P0471,808,831,editorial_metadata,List of Records No. 251
V03-P0472,0,35,running_head,460 RECORDS OF THE VIRGINIA COMPANY
V03-P0472,1168,1181,editorial_metadata,Ferrar Papers
V03-P0472,1182,1259,editorial_metadata,"Document in Magdalene College, Cambridge. Autograph Letter, Signed, with Seal"
V03-P0472,1260,1283,editorial_metadata,List of Records No. 252
V03-P0473,0,17,running_head,"JUNE 22, 1621 461"
V03-P0474,0,35,running_head,462 RECORDS OF THE VIRGINIA COMPANY
V03-P0474,104,117,editorial_metadata,Ferrar Papers
V03-P0474,118,195,editorial_metadata,"Document in Magdalene College, Cambridge. Autograph Letter, Signed, with Seal"
V03-P0474,196,219,editorial_metadata,List of Records No. 253
V03-P0474,1399,1412,editorial_metadata,Ferrar Papers
V03-P0474,1413,1453,editorial_metadata,"Document in Magdalene College, Cambridge"
V03-P0475,0,17,running_head,"JUNE 27, 1621 463"
V03-P0476,0,35,running_head,464 RECORDS OF THE VIRGINIA COMPANY
V03-P0476,652,665,editorial_metadata,Ferrar Papers
V03-P0476,666,732,editorial_metadata,"Document in Magdalene College, Cambridge. Autograph Letter, Signed"
V03-P0476,733,756,editorial_metadata,List of Records No. 255
V03-P0477,0,14,running_head,"JULY, 1621 465"
V03-P0477,139,173,editorial_metadata,"Document in British Museum, London"
V03-P0477,174,197,editorial_metadata,List of Records No. 256
V03-P0478,0,35,running_head,466 RECORDS OF THE VIRGINIA COMPANY
V03-P0478,1517,1551,editorial_metadata,"Document in British Museum, London"
V03-P0478,1552,1575,editorial_metadata,List of Records No. 257
V03-P0479,0,16,running_head,"JULY 6, 1621 467"
V03-P0479,862,875,editorial_metadata,Ferrar Papers
V03-P0479,876,938,editorial_metadata,"Document in Magdalene College, Cambridge. Autograph Signatures"
V03-P0479,939,962,editorial_metadata,List of Records No. 258
V03-P0480,0,35,running_head,468 RECORDS OF THE VIRGINIA COMPANY
V03-P0480,116,129,editorial_metadata,Ferrar Papers
V03-P0480,130,170,editorial_metadata,"Document in Magdalene College, Cambridge"
V03-P0480,171,194,editorial_metadata,List of Records No. 259
V03-P0480,735,798,editorial_metadata,"Manuscript Records, Virginia Company, III, Part ii, Pages 11-14"
V03-P0480,799,849,editorial_metadata,"Document in Library of Congress, Washington, D. C."
V03-P0480,850,873,editorial_metadata,List of Records No. 260
V03-P0481,0,17,running_head,"JULY 24, 1621 469"
V03-P0482,0,35,running_head,470 RECORDS OF THE VIRGINIA COMPANY
V03-P0483,0,17,running_head,"JULY 24, 1621 471"
V03-P0484,0,35,running_head,472 RECORDS OF THE VIRGINIA COMPANY
V03-P0485,0,17,running_head,"JULY 24, 1621 473"
V03-P0486,0,35,running_head,474 RECORDS OF THE VIRGINIA COMPANY
V03-P0487,0,17,running_head,"JULY 24, 1621 475"
V03-P0488,0,35,running_head,476 RECORDS OF THE VIRGINIA COMPANY
V03-P0489,0,17,running_head,"JULY 24, 1621 477"
V03-P0490,0,35,running_head,478 RECORDS OF THE VIRGINIA COMPANY
V03-P0491,0,17,running_head,"JULY 24, 1621 479"
V03-P0492,0,35,running_head,480 RECORDS OF THE VIRGINIA COMPANY
V03-P0493,0,17,running_head,"JULY 24, 1621 481"
V03-P0494,0,35,running_head,482 RECORDS OF THE VIRGINIA COMPANY
V03-P0494,674,736,editorial_metadata,"Manuscript Records, Virginia Company, III, Part i, Pages 9a-10"
V03-P0494,737,787,editorial_metadata,"Document in Library of Congress, Washington, D. C."
V03-P0494,788,811,editorial_metadata,List of Records No. 261
V03-P0495,0,17,running_head,"JULY 2h, 1681 483"
V03-P0496,0,35,running_head,484 RECORDS OF THE VIRGINIA COMPANY
V03-P0497,0,17,running_head,"JULY 25, 1621 485"
V03-P0497,111,175,editorial_metadata,"Manuscript Records, Virginia Company, III, Part ii, Pages 15, 16"
V03-P0497,176,226,editorial_metadata,"Document in Library of Congress, Washington, D. C."
V03-P0497,227,250,editorial_metadata,List of Records No. 262
V03-P0498,0,35,running_head,486 RECORDS OF THE VIRGINIA COMPANY
V03-P0499,0,17,running_head,"JULY 26, 1621 487"
V03-P0500,0,35,running_head,488 RECORDS OF THE VIRGINIA COMPANY
V03-P0501,0,17,running_head,"JULY 26, 1621 489"
V03-P0502,0,35,running_head,490 RECORDS OF THE VIRGINIA COMPANY
V03-P0503,0,19,running_head,"AUGUST 11, 1621 491"
V03-P0503,570,641,editorial_metadata,"Document in Public Record Office, London. Signed by John Ferrar, Deputy"
V03-P0503,642,665,editorial_metadata,List of Records No. 264
V03-P0504,0,20,running_head,ffor the 3. 4. 5. 6.
V03-P0504,34,69,editorial_metadata,492 RECORDS OF THE VIRGINIA COMPANY
V03-P0504,1748,1812,editorial_metadata,"Manuscript Records, Virginia Company, III, Part ii, Pages 17-188"
V03-P0504,1813,1863,editorial_metadata,"Document in Library of Congress, Washington, D. C."
V03-P0504,1864,1887,editorial_metadata,List of Records No. 265
V03-P0505,0,19,running_head,"AUGUST 12, 1621 493"
V03-P0506,0,35,running_head,494 RECORDS OF THE VIRGINIA COMPANY
V03-P0507,0,19,running_head,"AUGUST 12, 1621 495"
V03-P0508,0,35,running_head,496 RECORDS OF THE VIRGINIA COMPANY
V03-P0509,0,19,running_head,"AUGUST 12, 1621 497"
V03-P0510,0,35,running_head,498 RECORDS OF THE VIRGINIA COMPANY
V03-P0510,665,699,editorial_metadata,"Doeument in British Museum, London"
V03-P0510,700,723,editorial_metadata,List of Records No. 266
V03-P0511,0,19,running_head,"AUGUST 24, 1621 499"
V03-P0511,1727,1761,editorial_metadata,"Document in British Museum, London"
V03-P0511,1762,1785,editorial_metadata,List of Records No. 267
V03-P0512,0,35,running_head,500 RECORDS OF THE VIRGINIA COMPANY
V03-P0512,2022,2056,editorial_metadata,"Document in British Museum, London"
V03-P0512,2057,2080,editorial_metadata,List of Records No. 268
V03-P0513,0,19,running_head,"AUGUST 24, 1621 501"
V03-P0514,0,35,running_head,502 RECORDS OF THE VIRGINIA COMPANY
V03-P0514,136,198,editorial_metadata,"Manuscript Records Virginia Company, III, Part ii, Pages 19-20"
V03-P0514,199,249,editorial_metadata,"Document in Library of Congress, Washington, D. C."
V03-P0514,250,273,editorial_metadata,List of Records No. 269
V03-P0515,0,22,running_head,"SEPTEMBER 11, 1621 503"
V03-P0516,0,35,running_head,504 RECORDS OF THE VIRGINIA COMPANY
V03-P0517,0,22,running_head,"SEPTEMBER 11, 1621 505"
V03-P0518,0,35,running_head,506 RECORDS OF THE VIRGINIA COMPANY
V03-P0519,0,22,running_head,"SEPTEMBER 11, 1621 507"
V03-P0520,0,35,running_head,508 RECORDS OF THE VIRGINIA COMPANY
V03-P0520,195,208,editorial_metadata,Ferrar Papers
V03-P0520,209,286,editorial_metadata,"Document in Magdalene College, Cambridge. Autograph Letter, Signed, with Seal"
V03-P0520,287,310,editorial_metadata,List of Records No. 270
V03-P0521,0,20,running_head,"OCTOBER 20, 1621 509"
V03-P0521,113,126,editorial_metadata,Ferrar Papers
V03-P0521,127,192,editorial_metadata,"Magdalene College, Cambridge. Autograph Letter, Sioned, with Seal"
V03-P0521,194,217,editorial_metadata,List of Records No. 271
V03-P0521,1082,1105,editorial_metadata,List of Records No. 273
V03-P0522,0,35,running_head,510 RECORDS OF THE VIRGINIA COMPANY
V03-P0522,589,668,editorial_metadata,"(1) Privy Council Register, James I, Volume V, Page 173 (New Number). (2) Colo-"
V03-P0522,712,790,editorial_metadata,"Document in (1) Privy Council Office, London. (2) Public Record Office, London"
V03-P0522,791,814,editorial_metadata,List of Records No. 272
V03-P0523,0,20,running_head,"NOVEMBER 6, 1621 511"
V03-P0523,1501,1514,editorial_metadata,Ferrar Papers
V03-P0523,1515,1592,editorial_metadata,"Document in Magdalene College, Cambridge. Autograph Letter, Signed, with Seal"
V03-P0523,1593,1616,editorial_metadata,List of Records No. 275
V03-P0524,0,35,running_head,512 RECORDS OF THE VIRGINIA COMPANY
V03-P0525,0,21,running_head,"NOVEMBER 21, 1621 513"
V03-P0525,139,173,editorial_metadata,"Document in British Museum, London"
V03-P0525,174,197,editorial_metadata,List of Records No. 225
V03-P0526,0,35,running_head,514 RECORDS OF THE VIRGINIA COMPANY
V03-P0526,1242,1276,editorial_metadata,"Document in British Museum, London"
V03-P0526,1277,1300,editorial_metadata,List of Records No. 276
V03-P0527,0,21,running_head,"NOVEMBER 21, 1621 515"
V03-P0528,0,35,running_head,516 RECORDS OF THE VIRGINIA COMPANY
V03-P0528,186,220,editorial_metadata,"Document in British Museum, London"
V03-P0528,221,244,editorial_metadata,List of Records No. 277
V03-P0529,0,29,running_head,"NOVEMBER (AFTER 22), 1621 517"
V03-P0529,1581,1615,editorial_metadata,"also, Manchester Papers, No, 401 *"
V03-P0529,1617,1658,editorial_metadata,"Documents in Public Record Office, London"
V03-P0529,1659,1682,editorial_metadata,List of Records No. 662
V03-P0529,2003,2100,editorial_metadata,"1 Manchester Papers, No. 401, is a more slovenly copy of the same ducument. The spelling differs,"
V03-P0530,0,35,running_head,518 RECORDS OF THE VIRGINIA COMPANY
V03-P0530,2365,2409,editorial_metadata,1 Sie; omitted in Manchester Papers No. 401.
V03-P0531,0,29,running_head,"NOVEMBER (AFTER 22), 1621 519"
V03-P0532,0,35,running_head,520 RECORDS OF THE VIRGINIA COMPANY
V03-P0533,0,29,running_head,"NOVEMBER (AFTER 22), 1621 521"
V03-P0533,183,223,editorial_metadata,"Document in Public Record Office, London"
V03-P0533,224,247,editorial_metadata,List of Records No. 274
V03-P0534,0,35,running_head,522 RECORDS OF THE VIRGINIA COMPANY
V03-P0535,0,29,running_head,"NOVEMBER (AFTER 22), 1621 523"
V03-P0536,0,35,running_head,524 RECORDS OF THE VIRGINIA COMPANY
V03-P0537,0,27,running_head,"NOVEMBER 24 [212], 1621 525"
V03-P0537,185,219,editorial_metadata,"Document in British Museum, London"
V03-P0537,220,243,editorial_metadata,List of Records No. 278
V03-P0538,0,35,running_head,526 RECORDS OF THE VIRGINIA COMPANY
V03-P0538,147,206,editorial_metadata,"Manuscript Records Virginia Company, III, Part ii, Page 20a"
V03-P0538,207,257,editorial_metadata,"Document in Library of Congress, Washington, D. C."
V03-P0538,258,281,editorial_metadata,List of Records No. 279
V03-P0539,0,21,running_head,"NOVEMBER 26, 1621 §27"
V03-P0540,0,35,running_head,528 RECORDS OF THE VIRGINIA COMPANY
V03-P0540,822,881,editorial_metadata,"Manuscript Records Virginia Company, ITI, Part ii, Page 45a"
V03-P0540,882,932,editorial_metadata,"Document in Library of Congress, Washington, D. C."
V03-P0540,933,956,editorial_metadata,List of Records No. 280
V03-P0541,0,20,running_head,"DECEMBER 8, 1621 529"
V03-P0541,87,100,editorial_metadata,Ferrar Papers
V03-P0541,101,167,editorial_metadata,"Document in Magdalene College, Cambridge. Autograph Letter, Signed"
V03-P0541,168,191,editorial_metadata,List of Records No. 282
V03-P0542,0,35,running_head,530 RECORDS OF THE VIRGINIA COMPANY
V03-P0542,140,203,editorial_metadata,"Manuscript Records Virginia Company, ITI, Part ii, Pages 21-218"
V03-P0542,205,255,editorial_metadata,"Document in Library of Congress, Washington, D. C."
V03-P0542,256,279,editorial_metadata,List of Records No. 283
V03-P0543,0,20,running_head,"DECEMBER 6, 1621 531"
V03-P0544,0,35,running_head,532 RECORDS OF THE VIRGINIA COMPANY
V03-P0545,0,20,running_head,"DECEMBER 6, 1621 533"
V03-P0546,0,35,running_head,534 RECORDS OF THE VIRGINIA COMPANY
V03-P0546,392,405,editorial_metadata,Ferrar Papers
V03-P0546,406,483,editorial_metadata,"Document in Magdalene College, Cambridge. Autograph Letter, Signed, with Seal"
V03-P0546,484,507,editorial_metadata,List of Records No. 285
V03-P0547,0,21,running_head,"DECEMBER 23, 1621 535"
V03-P0547,1227,1285,editorial_metadata,"Manuscript Records Virginia Company, III, Part ii, Page 36"
V03-P0547,1286,1336,editorial_metadata,"Document in Library of Congress, Washington, D. C."
V03-P0547,1337,1360,editorial_metadata,List of Records No. 286
V03-P0548,0,35,running_head,536 RECORDS OF THE VIRGINIA COMPANY
V03-P0548,1360,1386,editorial_metadata,"Manchester Papers, No. 298"
V03-P0548,1387,1427,editorial_metadata,"Document in Public Record Office, London"
V03-P0548,1428,1451,editorial_metadata,List of Records No. 288
V03-P0549,0,8,running_head,1622 537
V03-P0549,1608,1648,editorial_metadata,Printed Document in Public Record Office
V03-P0549,1649,1672,editorial_metadata,List of Records No. 289
V03-P0550,0,3,running_head,538
V03-P0550,5,36,editorial_metadata,RECORDS OF THE VIRGINIA COMPANY
V03-P0551,0,26,running_head,Thomas Alredge_._.....--.-
V03-P0552,0,35,running_head,SAY RECORDS OF THE VIRGINIA COMPANY
V03-P0553,0,8,running_head,1622 541
V03-P0553,289,344,editorial_metadata,"berry Library, British Museum, Lambeth Palace Library !"
V03-P0553,346,375,editorial_metadata,"List of Records Nos. 293, 292"
V03-P0553,1958,2048,editorial_metadata,"the broadside “The Inconveniencies that have happened”, ete. (List of Records No. 292; see"
V03-P0554,0,35,running_head,542 RECORDS OF THE VIRGINIA COMPANY
V03-P0555,0,8,running_head,1622 543
V03-P0556,0,35,running_head,544 RECORDS OF THE VIRGINIA COMPANY
V03-P0557,0,8,running_head,1622 545
V03-P0558,0,11,running_head,3570 People
V03-P0558,167,202,editorial_metadata,546 RECORDS OF THE VIRGINIA COMPANY
V03-P0559,0,8,running_head,1622 547
V03-P0560,0,35,running_head,548 RECORDS OF THE VIRGINIA COMPANY
V03-P0561,0,8,running_head,1622 549
V03-P0562,0,35,running_head,550 RECORDS OF THE VIRGINIA COMPANY
V03-P0563,0,8,running_head,1622 551
V03-P0564,0,35,running_head,552 RECORDS OF THE VIRGINIA COMPANY
V03-P0565,0,8,running_head,1622 553
V03-P0566,0,35,running_head,554 RECORDS OF THE VIRGINIA COMPANY
V03-P0567,0,8,running_head,1622 555
V03-P0568,0,35,running_head,556 RECORDS OF THE VIRGINIA COMPANY
V03-P0569,0,8,running_head,1622 557
V03-P0570,0,35,running_head,558 RECORDS OF THE VIRGINIA COMPANY
V03-P0571,0,8,running_head,1622 559
V03-P0572,0,35,running_head,560 RECORDS OF THE VIRGINIA COMPANY
V03-P0573,0,8,running_head,1622 561
V03-P0574,0,35,running_head,562 RECORDS OF THE VIRGINIA COMPANY
V03-P0575,0,8,running_head,1622 563
V03-P0576,0,35,running_head,564 RECORDS OF THE VIRGINIA COMPANY
V03-P0577,0,8,running_head,1622 565
V03-P0578,0,35,running_head,566 RECORDS OF THE VIRGINIA COMPANY
V03-P0579,0,8,running_head,1622 567
V03-P0580,0,3,running_head,568
V03-P0580,5,36,editorial_metadata,RECORDS OF THE VIRGINIA COMPANY
V03-P0581,0,8,running_head,1622 569
V03-P0582,0,3,running_head,570
V03-P0582,5,36,editorial_metadata,RECORDS OF THE VIRGINIA COMPANY
V03-P0583,0,8,running_head,1622 571
V03-P0584,0,35,running_head,572 RECORDS OF THE VIRGINIA COMPANY
V03-P0585,0,8,running_head,1622 573
V03-P0586,0,35,running_head,574 RECORDS OF THE VIRGINIA COMPANY
V03-P0587,0,8,running_head,1622 575
V03-P0588,0,9,running_head,Anno 1620
V03-P0588,22,57,editorial_metadata,576 RECORDS OF THE VIRGINIA COMPANY
V03-P0589,0,4,running_head,1622
V03-P0590,0,35,running_head,578 RECORDS OF THE VIRGINIA COMPANY
V03-P0591,0,4,running_head,1622
V03-P0592,0,35,running_head,580 RECORDS OF THE VIRGINIA COMPANY
V03-P0592,155,203,editorial_metadata,"Document in Public Record Office, London. Signed"
V03-P0592,204,227,editorial_metadata,List of Records No. 294
V03-P0593,0,58,running_head,XUI. Photographs of Handwriting of Planters in the Colony.
V03-P0593,81,159,editorial_metadata,". Part of an autograph letter, signed, from John Rolfe, a planter in Virginia."
V03-P0593,161,211,editorial_metadata,"to Sir Edwin Sandys, January, 1619. Ferrar Papers."
V03-P0593,213,287,editorial_metadata,". Part of an autograph letter, signed, from Alderman Robert Johnson to Sir"
V03-P0593,289,331,editorial_metadata,"Edwin Sandys, May 16, 1620. Ferrar Papers."
V03-P0593,333,410,editorial_metadata,". Part of an autograph letter, signed, from Abraham Peirsey, cape merchant in"
V03-P0593,412,463,editorial_metadata,"the colony, te §~... , May 24, 1621. Ferrar Papers."
V03-P0593,465,546,editorial_metadata,". Part of an autograph letter, signed, trom George Thorpe, a planter in Virginia."
V03-P0593,548,599,editorial_metadata,"to Sir Edwin Sandys, March 15, 1621. Ferrar Papers."
V03-P0593,601,678,editorial_metadata,". Part of an autograph letter, signed, from Captain Thomas Nuce, a planter in"
V03-P0593,680,718,editorial_metadata,"Virginia, May 27, 1621. Ferrar Papers."
V03-P0594,0,36,running_head,580 REGO NGS OF THE VPRGINEA COMPANY
V03-P0595,0,8,running_head,1% yee |
V03-P0597,0,20,running_head,"JANUARY, 1621/22 581"
V03-P0597,432,492,editorial_metadata,"Manuscript Records Virginia Company, III, Part ii, Pages 12a"
V03-P0597,493,543,editorial_metadata,"Document in Library of Congress, Washington, D. C."
V03-P0597,544,567,editorial_metadata,List of Records No. 295
V03-P0598,0,35,running_head,582 RECORDS OF THE VIRGINIA COMPANY
V03-P0599,0,20,running_head,"JANUARY, 1621/22 583"
V03-P0600,0,35,running_head,584 RECORDS OF THE VIRGINIA COMPANY
V03-P0601,0,20,running_head,"JANUARY, 1621/22 585"
V03-P0602,0,35,running_head,586 RECORDS OF THE VIRGINIA COMPANY
V03-P0603,0,20,running_head,"JANUARY, 1621/22 587"
V03-P0604,0,35,running_head,588 RECORDS OF THE VIRGINIA COMPANY
V03-P0605,0,23,running_head,"JANUARY 14, 1621/22 589"
V03-P0605,182,205,editorial_metadata,List of Records No. 296
V03-P0605,1725,1783,editorial_metadata,"Manuscript Records Virginia Company, JIT, Part ii, Page 46"
V03-P0605,1784,1834,editorial_metadata,"Document in Library of Congress, Washington, D. C."
V03-P0605,1835,1858,editorial_metadata,List of Records No. 297
V03-P0606,0,35,running_head,590 RECORDS OF THE VIRGINIA COMPANY
V03-P0607,0,23,running_head,"JANUARY 16, 1621/22 591"
V03-P0607,151,185,editorial_metadata,"Document in British Museum, London"
V03-P0607,186,209,editorial_metadata,List of Records No. 298
V03-P0608,0,35,running_head,592 RECORDS OF THE VIRGINIA COMPANY
V03-P0608,588,622,editorial_metadata,"Document in British Museum, London"
V03-P0608,623,646,editorial_metadata,"List of Records No, 299"
V03-P0609,0,23,running_head,"JANUARY 30, 1621/22 593"
V03-P0610,0,35,running_head,594 RECORDS OF THE VIRGINIA COMPANY
V03-P0611,0,23,running_head,"JANUARY 30, 1621/22 595"
V03-P0612,0,35,running_head,596 RECORDS OF THE VIRGINIA COMPANY
V03-P0613,0,23,running_head,"JANUARY 30, 1621/22 597"
V03-P0614,0,35,running_head,598 RECORDS OF THE VIRGINIA COMPANY
V03-P0614,1545,1585,editorial_metadata,"Document in Public Record Office, London"
V03-P0614,1586,1609,editorial_metadata,List of Records No. 302
V03-P0615,0,21,running_head,"FEBRUARY 19, 1622 599"
V03-P0616,0,35,running_head,600 RECORDS OF THE VIRGINIA COMPANY
V03-P0617,0,21,running_head,"FEBRUARY 19, 1622 601"
V03-P0618,0,16,running_head,She ought to pay
V03-P0618,37,72,editorial_metadata,602 RECORDS OF THE VIRGINIA COMPANY
V03-P0618,1606,1619,editorial_metadata,Ferrar Papers
V03-P0618,1620,1660,editorial_metadata,"Document in Magdalene College, Cambridge"
V03-P0618,1661,1684,editorial_metadata,List of Records No. 303
V03-P0619,0,19,running_head,"MARCH 6, 1921/2 603"
V03-P0619,694,707,editorial_metadata,Ferrar Papers
V03-P0619,708,748,editorial_metadata,"Document in Magdalene College, Cambridge"
V03-P0619,749,772,editorial_metadata,List of Records No. 304
V03-P0620,0,35,running_head,604 RECORDS OF THE VIRGINIA COMPANY
V03-P0620,892,905,editorial_metadata,Ferrar Papers
V03-P0620,906,978,editorial_metadata,"Document in Magdalene College, Cambridge. Autograph Letter, Signed, with"
V03-P0620,992,1015,editorial_metadata,List of Records No. 307
V03-P0621,0,22,running_head,"APRIL 12 (?), 1682 605"
V03-P0621,163,203,editorial_metadata,"Document in Public Record Office, London"
V03-P0621,204,227,editorial_metadata,List of Records No. 308
V03-P0621,2016,2148,editorial_metadata,"1 This is a copy, not an autograph, and is in the same hand as the copy of the petition (List of Records, No, 309) No. CCXXII, post."
V03-P0622,0,35,running_head,606 RECORDS OF THE VIRGINIA COMPANY
V03-P0623,0,22,running_head,"APRIL 12 (?), 1622 607"
V03-P0624,0,35,running_head,608 RECORDS OF THE VIRGINIA COMPANY
V03-P0624,144,184,editorial_metadata,"Document in Public Record Office, London"
V03-P0624,185,208,editorial_metadata,List of Records No. 309
V03-P0625,0,18,running_head,"APRIL 18, 1622 609"
V03-P0625,646,704,editorial_metadata,"Manuscript Records Virginia Company, III, Part ii, Page 37"
V03-P0625,705,755,editorial_metadata,"Document in Library of Congress, Washington, D. C."
V03-P0625,756,779,editorial_metadata,List of Records No. 310
V03-P0626,0,11,running_head,The Signett
V03-P0626,13,48,editorial_metadata,610 RECORDS OF THE VIRGINIA COMPANY
V03-P0626,127,185,editorial_metadata,"Manuscript Records Virginia Company, III, Part ii, Page 37"
V03-P0626,186,235,editorial_metadata,"Document in Library of Congress, Washington, D.C,"
V03-P0626,236,259,editorial_metadata,List of Records No. 311
V03-P0626,1064,1123,editorial_metadata,"Manuscript Records Virginia Company, III, Part ii, Page 50a"
V03-P0626,1124,1174,editorial_metadata,"Document in Library of Congress, Washington, D. C."
V03-P0626,1175,1198,editorial_metadata,List of Records No. 313
V03-P0627,0,26,running_head,"APRIL (AFTER 20), 1622 611"
V03-P0627,102,160,editorial_metadata,"Manuscript Records Virginia Company, III, Part ii, Page 37"
V03-P0627,161,210,editorial_metadata,"Document in Library of Congress, Washington, D.C."
V03-P0627,211,234,editorial_metadata,List of Records No. 314
V03-P0627,1236,1298,editorial_metadata,"Manuscript Records Virginia Company, III, Part ti, Pages 3, 3a"
V03-P0627,1299,1349,editorial_metadata,"Document in Library of Congress, Washington, D. C."
V03-P0627,1350,1373,editorial_metadata,List of Records No. 306
V03-P0628,0,35,running_head,612 RECORDS OF THE VIRGINIA COMPANY
V03-P0629,0,26,running_head,"APRIL (AFTER 20,) 1622 613"
V03-P0630,0,35,running_head,614 RECORDS OF THE VIRGINIA COMPANY
V03-P0631,0,18,running_head,"APRIL 22, 1622 615"
V03-P0631,543,556,editorial_metadata,Ferrar Papers
V03-P0631,557,635,editorial_metadata,"Document in Magdalene College, Cambridge. Autograph Letter, Signed, with Seale"
V03-P0631,636,659,editorial_metadata,List of Records No. 315
V03-P0632,0,35,running_head,616 RECORDS OF THE VIRGINIA COMPANY
V03-P0632,1643,1656,editorial_metadata,Ferrar Papers
V03-P0632,1657,1723,editorial_metadata,"Document in Magdalene College, Cambridge. Autograph Letter, Signed"
V03-P0632,1724,1747,editorial_metadata,List of Records No. 316
V03-P0633,0,18,running_head,"APRIL 80, 1622 617"
V03-P0633,676,689,editorial_metadata,Ferrar Papers
V03-P0633,690,767,editorial_metadata,"Document in Magdalene College, Cambridge. Autograph Letter, Signed, with Seu!"
V03-P0633,768,791,editorial_metadata,List of Records No. 317
V03-P0634,0,35,running_head,618 RECORDS OF THE VIRGINIA COMPANY
V03-P0634,1303,1326,editorial_metadata,List of Records No. 319
V03-P0635,0,13,running_head,"MAY, 1622 619"
V03-P0636,0,35,running_head,620 RECORDS OF THE VIRGINIA COMPANY
V03-P0636,157,197,editorial_metadata,"Document in Public Record Office, London"
V03-P0636,198,221,editorial_metadata,List of Records No. 305
V03-P0637,0,15,running_head,"MAY 6, 1622 621"
V03-P0638,0,35,running_head,622 RECORDS OF THE VIRGINIA COMPANY
V03-P0638,553,612,editorial_metadata,"Manuscript Records Virginia Company, III, Part ii, Page 37a"
V03-P0638,613,663,editorial_metadata,"Document in Library of Congress, Washington, D. C."
V03-P0638,664,687,editorial_metadata,List of Records No. 321
V03-P0639,0,16,running_head,"MAY 22, 1622 623"
V03-P0639,98,156,editorial_metadata,"Manuscript Records Virginia Company, ITI, Part ii, Page 37"
V03-P0639,157,207,editorial_metadata,"Document in Library of Congress, Washington, D. C."
V03-P0639,208,231,editorial_metadata,List of Records No. 322
V03-P0639,1280,1314,editorial_metadata,"Document in British Museum, London"
V03-P0639,1315,1338,editorial_metadata,List of Records No. 323
V03-P0640,0,35,running_head,624 RECORDS OF THE VIRGINIA COMPANY
V03-P0641,0,16,running_head,"MAY 22, 1922 625"
V03-P0642,0,35,running_head,626 RECORDS OF THE VIRGINIA COMPANY
V03-P0643,0,16,running_head,"MAY 22, 1622 627"
V03-P0644,0,35,running_head,628 RECORDS OF THE VIRGINIA COMPANY
V03-P0645,0,16,running_head,"MAY 22, 1622 629"
V03-P0645,147,181,editorial_metadata,"Document in British Museum, London"
V03-P0646,0,35,running_head,630 RECORDS OF THE VIRGINIA COMPANY
V03-P0647,0,16,running_head,"MAY 22, 1622 631"
V03-P0648,0,35,running_head,632 RECORDS OF THE VIRGINIA COMPANY
V03-P0649,0,16,running_head,"MAY 22, 1622 633"
V03-P0650,0,35,running_head,634 RECORDS OF THE VIRGINIA COMPANY
V03-P0650,174,208,editorial_metadata,"Document in British Museum, London"
V03-P0650,209,232,editorial_metadata,List of Records No. 325
V03-P0651,0,16,running_head,"MAY 22, 1622 635"
V03-P0652,0,35,running_head,636 RECORDS OF THE VIRGINIA COMPANY
V03-P0653,0,16,running_head,"MAY 80, 1622 637"
V03-P0653,1339,1398,editorial_metadata,"Document in Public Record Office, London. Autograph, Signed"
V03-P0653,1399,1422,editorial_metadata,List of Records No. 326
V03-P0654,0,35,running_head,638 RECORDS OF THE VIRGINIA COMPANY
V03-P0655,0,20,running_head,"END OF MAY, 1622 639"
V03-P0655,317,340,editorial_metadata,List of Records No. 223
V03-P0656,0,35,running_head,640 RECORDS OF THE VIRGINIA COMPANY
V03-P0657,0,20,running_head,"END OF MAY, 1622 641"
V03-P0658,0,35,running_head,642 RECORDS OF THE VIRGINIA COMPANY
V03-P0659,0,20,running_head,"END OF MAY, 1622 643"
V03-P0660,0,35,running_head,644 RECORDS OF THE VIRGINIA COMPANY
V03-P0660,146,186,editorial_metadata,"Document in Public Record Office, London"
V03-P0660,187,210,editorial_metadata,List of Records No. 327
V03-P0661,0,18,running_head,"JUNE (2), 1622 645"
V03-P0661,352,392,editorial_metadata,"Document in Public Record Office, London"
V03-P0661,393,416,editorial_metadata,List of Records No. 517
V03-P0662,0,35,running_head,646 RECORDS OF THE VIRGINIA COMPANY
V03-P0662,716,779,editorial_metadata,"Manuscript Records Virginia Company, III, Part ii, Pages 22, 23"
V03-P0662,780,829,editorial_metadata,"Document in Library of Congress, Washington, D.C."
V03-P0662,830,853,editorial_metadata,List of Records No. 328
V03-P0663,0,17,running_head,"JUNE 10, 1622 647"
V03-P0664,0,35,running_head,648 RECORDS OF THE VIRGINIA COMPANY
V03-P0665,0,17,running_head,"JUNE 10, 1622 649"
V03-P0666,0,35,running_head,650 RECORDS OF THE VIRGINIA COMPANY
V03-P0667,0,17,running_head,"JUNE 10, 1622 651"
V03-P0668,0,35,running_head,652 RECORDS OF THE VIRGINIA COMPANY
V03-P0668,658,716,editorial_metadata,"Manuseript Records Virginia Company, III, Part ii, Page 58"
V03-P0668,717,767,editorial_metadata,"Document in Library of Congress, Washington, D. C,"
V03-P0668,768,791,editorial_metadata,List of Records No. 329
V03-P0669,0,17,running_head,"JUNE 17, 1622 653"
V03-P0669,867,930,editorial_metadata,"Document in (1) British Museum (2) Public Record Office, London"
V03-P0670,0,35,running_head,654 RECORDS OF THE VIRGINIA COMPANY
V03-P0670,1181,1245,editorial_metadata,"Manuscript Records Virginia Company, ITI, Part ii, Pages 37a, 38"
V03-P0670,1246,1296,editorial_metadata,"Document in Library of Congress, Washington, D. C."
V03-P0670,1297,1320,editorial_metadata,List of Records No. 331
V03-P0671,0,17,running_head,"JUNE 17, 1622 655"
V03-P0672,0,35,running_head,656 RECORDS OF THE VIRGINIA COMPANY
V03-P0672,114,172,editorial_metadata,"Manuscript Records Virginia Company, III, Part ii, Page 38"
V03-P0672,173,223,editorial_metadata,"Document in Library of Congress, Washington, D. C."
V03-P0672,224,247,editorial_metadata,List of Records No. 341
V03-P0673,0,17,running_head,"JUNE 20, 1622 657"
V03-P0674,0,35,running_head,658 RECORDS OF THE VIRGINIA COMPANY
V03-P0674,93,152,editorial_metadata,"Manuscript Records Virginia Company, III, Part ii, Page 46a"
V03-P0674,153,203,editorial_metadata,"Document in Library of Congress, Washington, D. C."
V03-P0674,204,227,editorial_metadata,List of Records No. 342
V03-P0675,0,17,running_head,"JUNE 21, 1622 659"
V03-P0676,0,35,running_head,660 RECORDS OF THE VIRGINIA COMPANY
V03-P0676,294,307,editorial_metadata,Ferrar Papers
V03-P0676,308,362,editorial_metadata,"Magdalene College, Cambridge. Autograph Letter, Signed"
V03-P0676,363,386,editorial_metadata,List of Records No. 348
V03-P0677,0,16,running_head,"JULY 9, 1622 661"
V03-P0677,835,849,editorial_metadata,British Museum
V03-P0677,851,874,editorial_metadata,List of Records No. 347
V03-P0678,0,35,running_head,662 RECORDS OF THE VIRGINIA COMPANY
V03-P0679,0,16,running_head,"JULY 9, 1622 663"
V03-P0680,0,35,running_head,664 RECORDS OF THE VIRGINIA COMPANY
V03-P0680,1334,1393,editorial_metadata,"Manuscript Records Virginia Company, III, Part ii, Page 36a"
V03-P0680,1394,1444,editorial_metadata,"Document in Library of Congress, Washington, D. C."
V03-P0680,1445,1468,editorial_metadata,List of Records No. 352
V03-P0681,0,36,running_head,"JULY 17(?); BEFORE JULY 29, 1622 665"
V03-P0681,375,415,editorial_metadata,"Document in Public Record Office, London"
V03-P0681,416,439,editorial_metadata,List of Records No. 354
V03-P0682,0,35,running_head,666 RECORDS OF THE VIRGINIA COMPANY
V03-P0682,142,205,editorial_metadata,"Manuscript Records Virginia Company, ITI, Part ii, Pages 23a-25"
V03-P0682,206,256,editorial_metadata,"Document in Library of Congress, Washington, D. C."
V03-P0682,257,280,editorial_metadata,List of Records No. 356
V03-P0683,0,18,running_head,"AUGUST 1, 1622 667"
V03-P0684,0,35,running_head,668 RECORDS OF THE VIRGINIA COMPANY
V03-P0685,0,18,running_head,"AUGUST 1, 1622 669"
V03-P0686,0,35,running_head,670 RECORDS OF THE VIRGINIA COMPANY
V03-P0687,0,18,running_head,"AUGUST 1, 1622 671"
V03-P0688,0,35,running_head,672 RECORDS OF THE VIRGINIA COMPANY
V03-P0689,0,18,running_head,"AUGUST 1, 1622 673"
V03-P0690,0,4,running_head,dead
V03-P0690,12,47,editorial_metadata,674 RECORDS OF THE VIRGINIA COMPANY
V03-P0690,239,262,editorial_metadata,List of Records No. 357
V03-P0691,0,21,running_head,"SEPTEMBER 1, 1622 675"
V03-P0691,227,250,editorial_metadata,List of Records No. 359
V03-P0692,0,16,running_head,Virginia Planta-
V03-P0692,30,65,editorial_metadata,676 RECORDS OF THE VIRGINIA COMPANY
V03-P0692,159,199,editorial_metadata,"Document in Public Record Office, London"
V03-P0692,200,223,editorial_metadata,List of Records No. 360
V03-P0692,1096,1109,editorial_metadata,Ferrar Papers
V03-P0692,1110,1150,editorial_metadata,"Document in Magdalene College, Cambridge"
V03-P0692,1151,1174,editorial_metadata,List of Records No. 361
V03-P0693,0,21,running_head,"SEPTEMBER 1, 1622 677"
V03-P0694,0,35,running_head,678 RECORDS OF THE VIRGINIA COMPANY
V03-P0694,124,188,editorial_metadata,"Manuscript Records Virginia Company, III, Part ii, Pages 38a, 39"
V03-P0694,189,239,editorial_metadata,"Document in Library of Congress, Washington, D. C."
V03-P0694,240,263,editorial_metadata,List of Records No. 362
V03-P0695,0,22,running_head,"SEPTEMBER 23, 1622 679"
V03-P0695,1405,1418,editorial_metadata,Ferrar Papers
V03-P0695,1419,1496,editorial_metadata,"Document in Magdalene College, Cambridge. Autograph Letter, Signed, with Seal"
V03-P0695,1497,1520,editorial_metadata,List of Records No. 364
V03-P0696,0,35,running_head,680 RECORDS OF THE VIRGINIA COMPANY
V03-P0697,0,40,running_head,"BETWEEN OCTOBER AND JANUARY, 1622/23 681"
V03-P0697,155,218,editorial_metadata,"Manuscript Records Virginia Company, IU, Part ii, Pages 58, 58a"
V03-P0697,219,269,editorial_metadata,"Document in Library of Congress, Washington, D. C."
V03-P0697,270,293,editorial_metadata,List of Records No. 365
V03-P0698,0,35,running_head,682 RECORDS OF THE VIRGINIA COMPANY
V03-P0698,343,401,editorial_metadata,"Manuscript Records Virginia Company, III, Part ii, Page 58"
V03-P0698,402,452,editorial_metadata,"Document in Library of Congress, Washington, D. C."
V03-P0698,453,476,editorial_metadata,List of Records No. 366
V03-P0699,0,19,running_head,"OCTOBER 7, 1622 683"
V03-P0699,181,231,editorial_metadata,"Document in Library of Congress, Washington, D. C."
V03-P0699,232,255,editorial_metadata,List of Records No. 367
V03-P0700,0,35,running_head,684 RECORDS OF THE VIRGINIA COMPANY
V03-P0701,0,19,running_head,"OCTOBER 7, 1622 685"
V03-P0702,0,35,running_head,686 RECORDS OF THE VIRGINIA COMPANY
V03-P0703,0,19,running_head,"OCTOBER 7, 1622 687"
V03-P0704,0,35,running_head,688 RECORDS OF THE VIRGINIA COMPANY
V03-P0705,0,19,running_head,"OCTOBER 7, 1622 689"
V03-P0706,0,35,running_head,690 RECORDS OF THE VIRGINIA COMPANY
V03-P0706,1234,1247,editorial_metadata,Ferrar Papers
V03-P0706,1248,1325,editorial_metadata,"Document in Magdalene College, Cambridge. Autograph Letter, Signed, with Seal"
V03-P0706,1326,1349,editorial_metadata,List of Records No. 368
V03-P0707,0,20,running_head,"OCTOBER 18, 1622 691"
V03-P0708,0,35,running_head,692 RECORDS OF THE VIRGINIA COMPANY
V03-P0708,906,947,editorial_metadata,"Document in Public Record Office, London."
V03-P0708,948,973,editorial_metadata,"List of Records, No. 380."
V03-P0709,0,20,running_head,"OCTOBER 14, 1622 693"
V03-P0710,0,35,running_head,694 RECORDS OF THE VIRGINIA COMPANY
V03-P0711,0,20,running_head,"OCTOBER 18, 1622 695"
V03-P0711,530,588,editorial_metadata,"Manuscript Records Virginia Company, III, Part ii, Page 58"
V03-P0711,589,639,editorial_metadata,"Document in Library of Congress, Washington, D. C."
V03-P0711,640,663,editorial_metadata,"List of Records No, 369"
V03-P0712,0,35,running_head,696 RECORDS OF THE VIRGINIA COMPANY
V03-P0712,374,432,editorial_metadata,"Manuseript Records Virginia Company, III, Part ti, Page 39"
V03-P0712,433,483,editorial_metadata,"Document in Library of Congress, Washington, D. C."
V03-P0712,484,507,editorial_metadata,List of Records No. 370
V03-P0713,0,20,running_head,"OCTOBER 28, 1622 697"
V03-P0714,0,35,running_head,698 RECORDS OF THE VIRGINIA COMPANY
V03-P0714,138,197,editorial_metadata,"Manuscript Records Virginia Company, ITI, Part ii, Page 39a"
V03-P0714,198,248,editorial_metadata,"Document in Library of Congress, Washington, D. C."
V03-P0714,249,272,editorial_metadata,List of Records No. 371
V03-P0715,0,20,running_head,"NOVEMBER 2, 1622 699"
V03-P0715,673,731,editorial_metadata,"Manuscript Records Virginia Company, III, Part ii, Page 58"
V03-P0715,732,782,editorial_metadata,"Document in Library of Congress, Washington, D. C."
V03-P0715,783,806,editorial_metadata,List of Records No. 373
V03-P0716,0,35,running_head,700 RECORDS OF THE VIRGINIA COMPANY
V03-P0716,147,206,editorial_metadata,"Manuscript Records Virginia Company, III, Part ii, Page 39a"
V03-P0716,207,257,editorial_metadata,"Document in Library of Congress, Washington, D. C."
V03-P0717,0,20,running_head,"DECEMBER 9, 1622 701"
V03-P0717,358,399,editorial_metadata,"Document in Public Record Office, London."
V03-P0717,400,425,editorial_metadata,"List of Records, No. 379."
V03-P0718,0,35,running_head,702 RECORDS OF THE VIRGINIA COMPANY
V03-P0718,1485,1520,editorial_metadata,"Document in British Museum, London."
V03-P0718,1521,1546,editorial_metadata,"List of Records, No. 382."
V03-P0719,0,21,running_head,"DECEMBER 10, 1622 703"
V03-P0719,1420,1479,editorial_metadata,"Manuscript Records Virginia Company, III, Part ii, Page 47."
V03-P0719,1480,1530,editorial_metadata,"Document in Library of Congress, Washington, D. C."
V03-P0719,1531,1556,editorial_metadata,"List of Records, No. 383."
V03-P0720,0,17,running_head,This first course
V03-P0720,96,131,editorial_metadata,704 RECORDS OF THE VIRGINIA COMPANY
V03-P0720,694,729,editorial_metadata,"Document in British Museum, London."
V03-P0720,730,755,editorial_metadata,"List of Records, No. 384."
V03-P0721,0,22,running_head,"DECEMBER 165, 1622 705"
V03-P0722,0,35,running_head,706 RECORDS OF THE VIRGINIA COMPANY
V03-P0723,0,21,running_head,"DECEMBER 16, 1622 707"
V03-P0723,1341,1376,editorial_metadata,"Document in British Museum, London."
V03-P0723,1377,1402,editorial_metadata,"List of Records, No. 385."
V03-P0724,0,35,running_head,708 RECORDS OF THE VIRGINIA COMPANY
V03-P0725,0,21,running_head,"DECEMBER 16, 1622 709"
V03-P0726,0,5,running_head,[457]
V03-P0726,7,42,editorial_metadata,710 RECORDS OF THE VIRGINIA COMPANY
V04-P0001,0,12,running_head,1622/3 (?) 3
V04-P0002,0,33,running_head,4 RECORDS OF THE VIRGINIA COMPANY
V04-P0002,140,218,editorial_metadata,"(1) Manuseript Records Virginia Company, HI, pti, p. 4. (2) Manchester Papers,"
V04-P0002,232,312,editorial_metadata,"Document in (1) Library of Congress, Washington, D,C.; (2) Public Record Office,"
V04-P0002,364,387,editorial_metadata,"List of Records No, 395"
V04-P0003,0,35,running_head,"BETWEEN JANUARY AND APRIL, 1622/8 5"
V04-P0003,1067,1123,editorial_metadata,"Manuscript Records Virginia Company, III, pt. ii, p. 58a"
V04-P0003,1124,1173,editorial_metadata,"Document in Library of Congress, Washington, D.C."
V04-P0003,1174,1197,editorial_metadata,List of Records No. 397
V04-P0004,0,33,running_head,6 RECORDS OF THE VIRGINIA COMPANY
V04-P0004,885,940,editorial_metadata,"Manuseript Records Virginia Company, ITT, pt. ii, p. 36"
V04-P0004,941,990,editorial_metadata,"Document in Library of Congress, Washington, D.C."
V04-P0004,991,1014,editorial_metadata,List of Records No. 398
V04-P0005,0,19,running_head,"JANUARY 3, 1622/3 7"
V04-P0006,0,33,running_head,§ RECORDS OF THE VIRGINIA COMPANY
V04-P0006,438,487,editorial_metadata,"Document in Library of Congress, Washington, D.C."
V04-P0006,488,511,editorial_metadata,List of Records No. 599
V04-P0007,0,20,running_head,"JANUARY 20, 1622/3 9"
V04-P0007,106,163,editorial_metadata,"Manuseript Records Virginia Company, LT, pt. ii, pp. 4: 5"
V04-P0007,164,214,editorial_metadata,"Document in Library of Congress, Washington, D. C."
V04-P0008,0,34,running_head,10 RECORDS OF THE VIRGINIA COMPANY
V04-P0009,0,20,running_head,"JANUARY 20, 1622/8 1"
V04-P0010,0,36,running_head,12 RECORDS OF THE VIRGINIA COMPANY .
V04-P0011,0,21,running_head,"JANUARY 20, 1622/3 13"
V04-P0012,0,34,running_head,14 RECORDS OF THE VIRGINIA COMPANY
V04-P0013,0,21,running_head,"JANUARY 20, 1622/8 15"
V04-P0014,0,34,running_head,16 RECORDS OF THE VIRGINIA COMPANY
V04-P0015,0,21,running_head,"JANUARY 20, 1622/8 17"
V04-P0015,1400,1423,editorial_metadata,List of Records No. 401
V04-P0016,0,34,running_head,18 RECORDS OF THE VIRGINIA COMPANY
V04-P0016,182,231,editorial_metadata,"Document in Library of Congress, Washington, D.C,"
V04-P0016,232,255,editorial_metadata,List of Records No. 618
V04-P0017,0,23,running_head,"FEBRUARY (?}, 1622/3 19"
V04-P0017,182,208,editorial_metadata,"Manchester Papers, No. 304"
V04-P0017,209,255,editorial_metadata,"Document found in Public Record Office, London"
V04-P0017,256,279,editorial_metadata,List of Records No. 404
V04-P0018,0,34,running_head,a) RECORDS OF THE VIRGINIA COMPANY
V04-P0018,139,165,editorial_metadata,"Manchester Papers, No. 309"
V04-P0018,213,236,editorial_metadata,"List of Records No, 405"
V04-P0019,0,22,running_head,"FEBRUARY 14, 1622/3 21"
V04-P0019,487,543,editorial_metadata,"Manuscript Records Virginia Company, ITI, pt. ii, p. 51a"
V04-P0019,544,594,editorial_metadata,"Document in Library of Congress, Washington, D. C."
V04-P0020,0,35,running_head,22 RECORDS OF TILE VIRGINIA COMPANY
V04-P0020,187,210,editorial_metadata,Autograph letter signed
V04-P0020,211,234,editorial_metadata,List of Records No. 415
V04-P0021,0,16,running_head,"MARCH, 1622/8 23"
V04-P0022,0,34,running_head,24 RECORDS OF THE VIRGINIA COMPANY
V04-P0023,0,16,running_head,"MARCH, 1622/3 25"
V04-P0024,0,34,running_head,26 RECORDS OF THE VIRGINIA COMPANY
V04-P0024,504,562,editorial_metadata,"Manchester Papers, No. 312. See No. 313, post, Doe. COXCVI"
V04-P0024,604,627,editorial_metadata,List of Records No. 411
V04-P0025,0,18,running_head,"[MARCH], 1622/3 27"
V04-P0026,0,34,running_head,28 RECORDS OF THE VIRGINIA COMPANY
V04-P0027,0,1,running_head,2
V04-P0027,207,233,editorial_metadata,"Manchester Papers, No. 316"
V04-P0027,234,274,editorial_metadata,"Document in Public Record Office, London"
V04-P0027,275,298,editorial_metadata,List of Records No. 414
V04-P0028,0,34,running_head,30 RECORDS OF THE VIRGINIA COMPANY
V04-P0029,0,19,running_head,"MARCIE (9), 1628 31"
V04-P0030,0,34,running_head,32 RECORDS OF THE VIRGINIA COMPANY
V04-P0031,0,17,running_head,"MARCH (?), 123 33"
V04-P0032,0,35,running_head,34 RECORDS OF TILE VIRGINIA COMPANY
V04-P0033,0,18,running_head,"MARCH (?), 1623 35"
V04-P0034,0,35,running_head,36. RECORDS OF THE VIRGINIA COMPANY
V04-P0035,0,28,running_head,"MARCIE OR APRIL (?), 162: a7"
V04-P0035,109,135,editorial_metadata,"Manchester Papers, No. 323"
V04-P0035,136,176,editorial_metadata,"Document in Public Record Office, London"
V04-P0035,177,200,editorial_metadata,List of Records No. 433
V04-P0036,0,7,running_head,sem nud
V04-P0036,43,77,editorial_metadata,38 RECORDS OF THE VIRGINIA COMPANY
V04-P0037,0,32,running_head,"MARCH, 1622/3, TO JULY, 1624 389"
V04-P0037,562,588,editorial_metadata,"Manchester Papers, No. 314"
V04-P0037,589,629,editorial_metadata,"Document in Public Record Office, London"
V04-P0037,630,653,editorial_metadata,List of Records No. 413
V04-P0038,0,34,running_head,40 PBCORDS OFTHE VIRGIN TASCONEARY
V04-P0038,172,221,editorial_metadata,"Document in Library of Congress, Washington, D.C,"
V04-P0038,223,246,editorial_metadata,List of Records No. 417
V04-P0038,1201,1283,editorial_metadata,"(1) Reeister of the Privy Couneil, Vol. V, p. 6t8. (2) Manuscript Records Virginin"
V04-P0038,1314,1399,editorial_metadata,"Document in () Prblie Record Oliee, London; (2) Library of Congress, Washington, D.C."
V04-P0038,1400,1423,editorial_metadata,List of Records No. 416
V04-P0039,0,18,running_head,"MARCH 5, 1622/3 41"
V04-P0039,88,114,editorial_metadata,"Manchester Papers, No. 317"
V04-P0039,115,155,editorial_metadata,"Document in Public Record Office, London"
V04-P0039,156,179,editorial_metadata,List of Records No. 419
V04-P0040,0,34,running_head,42 RECORDS OF THE VIRGINIA COMPANY
V04-P0040,1592,1605,editorial_metadata,Ferrar Papers
V04-P0040,1647,1670,editorial_metadata,"List of Records No, 424"
V04-P0041,0,19,running_head,"MARCH 17, 1622/3 43"
V04-P0041,1113,1126,editorial_metadata,Ferrar Papers
V04-P0041,1127,1203,editorial_metadata,"Document in Magdalene College, Cambridge. Part of the blurred book (2). Mar-"
V04-P0041,1281,1304,editorial_metadata,List of Records No. 423
V04-P0042,0,35,running_head,4d RECORDS OF THUG VIRGINIA COMPANY
V04-P0043,0,19,running_head,"MARCH 17, 1622/3 45"
V04-P0044,0,34,running_head,46 RECORDS OF THE VIRGINIA COMPANY
V04-P0045,0,20,running_head,"ALARCH 17, 1622/3 47"
V04-P0046,0,35,running_head,48 RECORDS OF THis VIRGINIA COMPANY
V04-P0047,0,19,running_head,"MARCH 20, 1622/3 49"
V04-P0047,225,287,editorial_metadata,"Manchester Papers, No. 313. See No, 312, ante, Doce. CCLXXXVL'"
V04-P0047,288,328,editorial_metadata,"Document in Public Record Office, London"
V04-P0047,329,353,editorial_metadata,List of Records No. 4ila
V04-P0048,0,34,running_head,50 RECORDS OF THE VIRGINIA COMPANY
V04-P0049,0,19,running_head,"MARCH 20, 1622/3 51"
V04-P0050,0,34,running_head,52 RECORDS OF THE VIRGINIA COMPANY
V04-P0051,0,19,running_head,"MARCH 20, 1622/3 53"
V04-P0051,207,247,editorial_metadata,"Document in Public Record Office, London"
V04-P0051,248,271,editorial_metadata,"List of Records No, 424"
V04-P0052,0,35,running_head,54 RECORDS OF Tile VIRGINIA COMPANY
V04-P0053,0,19,running_head,"MARCH 20, 1622/3 55"
V04-P0054,0,34,running_head,56 RECORDS OF THE VIRGINIA COMPANY
V04-P0055,0,19,running_head,"MARCH 20, 1622/8 57"
V04-P0056,0,2,running_head,Pa
V04-P0056,4,38,editorial_metadata,58 RECORDS OF THE VIRGINIA COMPANY
V04-P0056,136,162,editorial_metadata,"Manchester Papers, No. 525"
V04-P0056,163,203,editorial_metadata,"Document in Public Record Office, London"
V04-P0056,204,227,editorial_metadata,List of Records No. 455
V04-P0057,0,34,running_head,"MARCH 20, APRIL 2 AND 8, 1622/3 59"
V04-P0058,0,34,running_head,60 RECORDS OF THE VIRGINIA COMPANY
V04-P0059,0,32,running_head,"MARCH 20, APRIL 2 AND 3, 1623 61"
V04-P0060,0,34,running_head,62 RECORDS OF THE VIRGINIA COMPANY
V04-P0061,0,19,running_head,"MARCH 24, 1622/3 63"
V04-P0061,183,223,editorial_metadata,"Document in Public Reeord Office, London"
V04-P0061,224,247,editorial_metadata,List of Records No. 389
V04-P0062,0,34,running_head,64 RECORDS OF THE VIRGINIA COMPANY
V04-P0062,1284,1310,editorial_metadata,"Manchester Papers, No. 319"
V04-P0062,1311,1351,editorial_metadata,"Document in Public Record Office, London"
V04-P0062,1352,1375,editorial_metadata,List of Records No. 427
V04-P0063,0,17,running_head,"MAROH 28, 1623 65"
V04-P0064,0,17,running_head,JThe benefitts of
V04-P0064,147,181,editorial_metadata,66 RECORDS OF THE VIRGINIA COMPANY
V04-P0065,0,17,running_head,"MARCH 28, 1623 67"
V04-P0066,0,34,running_head,68 RECORDS OF THE VIRGINIA COMPANY
V04-P0067,0,18,running_head,"ALARCH 80, 1623 69"
V04-P0067,125,153,editorial_metadata,"Public Record Office, London"
V04-P0067,154,177,editorial_metadata,List of Records No. 431
V04-P0068,0,34,running_head,70 RECORDS OF THE VIRGINIA COMPANY
V04-P0068,751,777,editorial_metadata,"Manchester Papers, No. 321"
V04-P0068,778,818,editorial_metadata,"Document in Public Record Office, London"
V04-P0068,819,842,editorial_metadata,"List of Records No, 430"
V04-P0069,0,17,running_head,"MARCH 30, 1623 71"
V04-P0070,0,34,running_head,72 RECORDS OF THE VIRGINIA COMPANY
V04-P0071,0,17,running_head,"MARCH 80, 1623 73"
V04-P0071,84,110,editorial_metadata,"Manchester Papers, No. 320"
V04-P0071,111,151,editorial_metadata,"Document in Public Record Office, London"
V04-P0072,0,34,running_head,74 RECORDS OF THE VIRGINIA COMPANY
V04-P0073,0,17,running_head,"MARCH 30, 1628 75"
V04-P0074,0,11,running_head,St W. Nuee.
V04-P0074,29,63,editorial_metadata,76 RECORDS OF THE VIRGINIA COMPANY
V04-P0074,124,150,editorial_metadata,"Manchester Papers, No. 322"
V04-P0074,151,217,editorial_metadata,"Document in Public Record Office, London. Autograph letter, signed"
V04-P0074,218,241,editorial_metadata,List of Records No. 432
V04-P0075,0,17,running_head,"MARCH 81, 1623 77"
V04-P0076,0,13,running_head,Gearge Sandys
V04-P0076,27,61,editorial_metadata,78 RECORDS OF THE VIRGINIA COMPANY
V04-P0077,0,14,running_head,"APRIL, 1623 79"
V04-P0077,373,396,editorial_metadata,List of Records No. 441
V04-P0078,0,2,running_head,80
V04-P0078,4,35,editorial_metadata,RECORDS OF THE VIRGINIA COMPANY
V04-P0078,151,192,editorial_metadata,"Document in Public Record Office, London."
V04-P0078,240,266,editorial_metadata,"Manchester Papers, No. 327"
V04-P0078,303,326,editorial_metadata,List of Records No. 446
V04-P0079,0,18,running_head,"APRIL (?), 1623 $I"
V04-P0079,735,761,editorial_metadata,"Manchester Papers, No. 351"
V04-P0079,762,802,editorial_metadata,"Document in Public Record Office, London"
V04-P0079,803,826,editorial_metadata,List of Records No. 434
V04-P0080,0,34,running_head,82 RECORDS OF THE VIRGINIA COMPANY
V04-P0081,0,18,running_head,"APRIL (?), 1628 83"
V04-P0082,0,34,running_head,84 RECORDS OF THE VIRGINIA COMPANY
V04-P0083,0,18,running_head,"APRIL (?), 1623 85"
V04-P0083,126,152,editorial_metadata,"Manchester Papers, No. 329"
V04-P0083,153,193,editorial_metadata,"Document in Public Record Office, London"
V04-P0083,194,217,editorial_metadata,List of Records No. 448
V04-P0084,0,34,running_head,86 RECORDS OF THE VIRGINIA COMPANY
V04-P0085,0,18,running_head,"APRIL (?), 1623 87"
V04-P0085,389,415,editorial_metadata,"Manchester Papers, No. 334"
V04-P0085,417,494,editorial_metadata,"Doeuinent in Public Record Office, Landon. Autograph similar to John Harvey's"
V04-P0085,495,518,editorial_metadata,List of Records No. 449
V04-P0086,0,34,running_head,88 RECORDS OF THE VIRGINIA COMPANY
V04-P0087,0,18,running_head,"APRIE (?), 1623 89"
V04-P0087,101,127,editorial_metadata,"Manchester Papers, No. 341"
V04-P0087,128,168,editorial_metadata,"Document in Public Record Office, London"
V04-P0087,169,192,editorial_metadata,List of Records No. 450
V04-P0088,0,34,running_head,90 RECORDS OF THE VIRGINIA COMPANY
V04-P0088,486,528,editorial_metadata,"Manchester Papers, Nos. 356, 357, 358, 359"
V04-P0088,529,569,editorial_metadata,"Document in Public Record Office, London"
V04-P0088,570,593,editorial_metadata,"List of Records No, 436"
V04-P0089,0,25,running_head,"APRIL OR MAY (?), 1623 Ol"
V04-P0090,0,34,running_head,92 RECORDS OF THE VIRGINIA COMPANY
V04-P0090,192,218,editorial_metadata,"Manchester Papers, No. 350"
V04-P0090,219,259,editorial_metadata,"Document in Public Record Office, London"
V04-P0090,260,283,editorial_metadata,List of Records No. 442
V04-P0091,0,31,running_head,"BETWEEN APRIL AND JUNE, 1623 93"
V04-P0091,471,497,editorial_metadata,"Manchester Papers, No. 349"
V04-P0091,498,538,editorial_metadata,"Document in Public Record Office, London"
V04-P0091,539,562,editorial_metadata,List of Records No. 441
V04-P0092,0,34,running_head,94 RECORDS OF THE VIRGINIA COMPANY
V04-P0092,806,832,editorial_metadata,"Manchester Papers, No. 852"
V04-P0092,833,873,editorial_metadata,"Document in Public Record Office, London"
V04-P0092,874,897,editorial_metadata,List of Records No. 443
V04-P0093,0,64,running_head,"XIV. “Note of the Men sent (to Virginia) in 8"" T. Smiths tvme”’,"
V04-P0093,65,89,editorial_metadata,1623. Manchester Papers.
V04-P0094,0,48,running_head,“onvp edie TS a muito! or tomenalt ali leone! TZ
V04-P0095,0,49,running_head,% hh. Geos Pee Prarpoece ia al th pe fags 4 fores
V04-P0097,0,36,running_head,"BETWEEN APRIL AND SEPTEMBER, 1623 95"
V04-P0097,416,471,editorial_metadata,"Manuscript Records Virginia Company, III, pt. ii, p. 59"
V04-P0097,472,522,editorial_metadata,"Document in Library of Congress, Washington, D. C."
V04-P0097,523,546,editorial_metadata,List of Records No. 453
V04-P0098,0,34,running_head,96 RECORDS OF THE VIRGINIA COMPANY
V04-P0098,1014,1069,editorial_metadata,"Manuscript Records Virginia Company, III, pt. ii, p. 59"
V04-P0098,1070,1120,editorial_metadata,"Document in Library of Congress, Washington, D. C."
V04-P0098,1121,1144,editorial_metadata,List of Records No. 454
V04-P0099,0,36,running_head,"BETWEEN APRIL AND SEPTEMBER, 1623 OF"
V04-P0099,954,1009,editorial_metadata,"Manuscript Records Virginia Company, II, pt. ii, p. 59a"
V04-P0099,1010,1060,editorial_metadata,"Document in Library of Congress, Washington, D. C."
V04-P0099,1061,1084,editorial_metadata,List of Records No. 452
V04-P0100,0,34,running_head,98 RECORDS OF THE VIRGINIA COMPANY
V04-P0100,118,204,editorial_metadata,"(1) Manuseript Records Virginia Company, IT], pt. ii, pp. 6, 6a, (2) C. O. 1, Vol. IT,"
V04-P0100,212,293,editorial_metadata,"Document in (1) Library of Congress, Washington, D. C.; (2) Public Record Office,"
V04-P0101,0,16,running_head,"APRIL 4, 1623 99"
V04-P0102,0,35,running_head,100 RECORDS OF THE VIRGINIA COMPANY
V04-P0103,0,17,running_head,"APRIL 4, 1623 101"
V04-P0104,0,35,running_head,102 RECORDS OF THE VIRGINIA COMPANY
V04-P0104,124,178,editorial_metadata,"Manuscript Records Virginia Company, III, pt. ii, p. 7"
V04-P0104,179,229,editorial_metadata,"Document in Library of Congress, Washington, D, C,"
V04-P0104,230,253,editorial_metadata,List of Records No. 456
V04-P0105,0,23,running_head,"AFTER APRIL 4, 1623 103"
V04-P0106,0,35,running_head,104 RECORDS OF THE VIRGINIA COMPANY
V04-P0106,125,165,editorial_metadata,"Document in Public Record Office, London"
V04-P0106,166,189,editorial_metadata,List of Records No. 459
V04-P0107,0,17,running_head,"APRIL 7, 1623 105"
V04-P0108,0,35,running_head,106 RECORDS OF THE VIRGINIA COMPANY
V04-P0108,629,695,editorial_metadata,"Document in Public Record Office, London, Autograph letter, signed"
V04-P0108,696,719,editorial_metadata,List of Records No. 460
V04-P0108,1612,1800,editorial_metadata,"amended in its spelling sent by Mandeyille to Secretary Conway with his letter. (See List of Records No. 531.) This transeript is made from No. 27, with supplem"
V04-P0109,0,17,running_head,"APRIL 8, 1623 107"
V04-P0110,0,35,running_head,108 RECORDS OF THE VIRGINIA COMPANY
V04-P0111,0,17,running_head,"APRIL &, 1623 109"
V04-P0112,0,35,running_head,110 RECORDS OF THE VIRGINIA COMPANY
V04-P0112,1119,1145,editorial_metadata,"Manchester Papers, No. 326"
V04-P0112,1146,1186,editorial_metadata,"Document in Public Record Office, London"
V04-P0112,1187,1210,editorial_metadata,List of Records No. 461
V04-P0113,0,36,running_head,"APRIL, SOON AFTER APRIL 12, 1623 111"
V04-P0113,1529,1555,editorial_metadata,"Manchester Papers, No, 355"
V04-P0113,1556,1633,editorial_metadata,"Document in Public Record Office, London. Autograph letter, signed, with seal"
V04-P0113,1634,1657,editorial_metadata,List of Records No. 435
V04-P0114,0,33,running_head,2 RECORDS OF THE VIRGINIA COMPANY
V04-P0115,0,35,running_head,"APRIL (?), AFTER APRIL 12, 1628 113"
V04-P0115,159,185,editorial_metadata,"Manchester Papers, No. 353"
V04-P0115,186,226,editorial_metadata,"Document in Public Record Office, London"
V04-P0115,227,250,editorial_metadata,List of Records No. 444
V04-P0116,0,34,running_head,14 RECORDS OF THE VIRGINIA COMPANY
V04-P0117,0,18,running_head,"APRIL 14, 1623 115"
V04-P0117,112,178,editorial_metadata,"Document in Public Record Office, London. Autograph letter, signed"
V04-P0117,180,203,editorial_metadata,"List of Records No, 464"
V04-P0118,0,2,running_head,np
V04-P0118,19,54,editorial_metadata,116 RECORDS OF THE VIRGINIA COMPANY
V04-P0118,994,1020,editorial_metadata,"Manchester Papers, No. 330"
V04-P0118,1021,1061,editorial_metadata,"Document in Public Record Office, London"
V04-P0118,1062,1085,editorial_metadata,List of Records No. 465
V04-P0119,0,18,running_head,"APRIL 14, 1628 117"
V04-P0120,0,17,running_head,*heamaincof adage
V04-P0120,60,91,editorial_metadata,RECORDS OF THE VIRGINIA COMPANY
V04-P0121,0,18,running_head,"APRIL 15, 1623 119"
V04-P0121,123,136,editorial_metadata,Ferrar Papers
V04-P0121,137,203,editorial_metadata,"Document in Magdalene College, Cambridge. Autograph letter, signed"
V04-P0121,204,227,editorial_metadata,List of Records No. 466
V04-P0122,0,35,running_head,120 RECORDS OF THE VIRGINIA COMPANY
V04-P0123,0,18,running_head,"APRIL 18, 1682 121"
V04-P0124,0,35,running_head,122 RECORDS OF THE VIRGINIA COMPANY
V04-P0124,1130,1153,editorial_metadata,List of Records No. 407
V04-P0125,0,18,running_head,"APRIE 21, 1623 123"
V04-P0125,119,132,editorial_metadata,Ferrar Papers
V04-P0125,133,173,editorial_metadata,"Document in Magdalene College, Cambridge"
V04-P0125,174,197,editorial_metadata,List of Records No. 470
V04-P0126,0,35,running_head,124 RECORDS OF THE VIRGINIA COMPANY
V04-P0126,186,213,editorial_metadata,"Manchester Papers, No. 335!"
V04-P0126,300,323,editorial_metadata,List of Records No. 471
V04-P0127,0,18,running_head,"APRIL 21, 1623 125"
V04-P0128,0,35,running_head,126 RECORDS OF THE VIRGINIA COMPANY
V04-P0128,1693,1748,editorial_metadata,"Manuscript Records Virginia Company, III, pt. ii, p. 59"
V04-P0128,1749,1799,editorial_metadata,"Document in Library of Congress, Washington, D, C."
V04-P0128,1800,1823,editorial_metadata,List of Records No. 472
V04-P0129,0,28,running_head,"APRIL 24 AND MAY 8, 1623 127"
V04-P0129,976,1032,editorial_metadata,"Manuscript Records Virginia Company, ITI, pt. ii, p. 58a"
V04-P0129,1033,1083,editorial_metadata,"Document in Library of Congress, Washington, D. C."
V04-P0129,1084,1107,editorial_metadata,List of Records No. 473
V04-P0130,0,35,running_head,128 RECORDS OF THE VIRGINIA COMPANY
V04-P0130,862,917,editorial_metadata,"Manuscript Records Virginia Company, III, pt. ii, p. 59"
V04-P0130,918,967,editorial_metadata,"Document in Library of Congress, Washington, D.C."
V04-P0130,968,991,editorial_metadata,List of Records No. 475
V04-P0131,0,18,running_head,"APRIL 29, 1623 129"
V04-P0131,696,736,editorial_metadata,"Document in Public Kecord Office, London"
V04-P0131,737,769,editorial_metadata,List of Records Nos. 476 and 477
V04-P0131,1178,1233,editorial_metadata,"Manuscript Records Virginia Company, HI, pt. ii, p. 50a"
V04-P0131,1234,1283,editorial_metadata,"Doeument in Library of Congress, Washington, D.C."
V04-P0131,1285,1308,editorial_metadata,List of Records No. 481
V04-P0132,0,35,running_head,130 RECORDS OF THE VIRGINIA COMPANY
V04-P0132,1012,1045,editorial_metadata,"Manchester Papers, Nos. 361, 362!"
V04-P0132,1087,1110,editorial_metadata,List of Records No. 483
V04-P0133,0,13,running_head,"MAY, 162% 131"
V04-P0134,0,35,running_head,132 RECORDS OF THE VIRGINIA COMPANY
V04-P0135,0,13,running_head,"MAY, 1623 133"
V04-P0136,0,35,running_head,134 RECORDS OF THE VIRGINIA COMPANY
V04-P0137,0,15,running_head,"MALAY, 1623 135"
V04-P0138,0,35,running_head,136 RECORDS OF THE VIRGINIA COMPANY
V04-P0139,0,13,running_head,"MAY, 1623 137"
V04-P0140,0,35,running_head,138 RECORDS OF THE VIRGINIA COMPANY
V04-P0141,0,13,running_head,"MAY, 1623 139"
V04-P0142,0,35,running_head,140 RECORDS OF THE VIRGINIA COMPANY
V04-P0143,0,13,running_head,"MAY, 1628 141"
V04-P0144,0,35,running_head,142 RECORDS OF THE VIRGINIA COMPANY
V04-P0145,0,14,running_head,"MAY, 1623 1438"
V04-P0146,0,35,running_head,144 RECORDS OF THE VIRGINIA COMPANY
V04-P0147,0,13,running_head,"MAY, 1623 145"
V04-P0148,0,35,running_head,146 RECORDS OF THE VIRGINIA COMPANY
V04-P0149,0,13,running_head,"MAY, 1623 147"
V04-P0150,0,8,running_head,qqnetell
V04-P0150,10,45,editorial_metadata,148 RECORDS OF THE VIRGINIA COMPANY
V04-P0151,0,13,running_head,"MAY, 1623 149"
V04-P0152,0,35,running_head,150 RECORDS OF THE VIRGINIA COMPANY
V04-P0153,0,13,running_head,"MAY, 1623 151"
V04-P0154,0,35,running_head,152 RECORDS OF THE VIRGINIA COMPANY
V04-P0154,124,161,editorial_metadata,"Manchester Papers, Nos. 331, 332, 333"
V04-P0154,162,202,editorial_metadata,"Document in Public Record Office, London"
V04-P0154,203,226,editorial_metadata,List of Records No. 447
V04-P0154,1681,1777,editorial_metadata,"1 This title is taken from Manchester Papers No, 333 which is here printed, and varics somewhat."
V04-P0154,1778,1826,editorial_metadata,from the title given in List of Records No. 447.
V04-P0155,0,17,running_head,"MAY (2), 1683 153"
V04-P0156,0,35,running_head,154 RECORDS OF THE VIRGINIA COMPANY
V04-P0157,0,17,running_head,"MAY (#), 1623 155"
V04-P0157,1157,1183,editorial_metadata,"Manchester Papers, No. 354"
V04-P0157,1270,1293,editorial_metadata,List of Records No. 482
V04-P0157,1743,1826,editorial_metadata,1 The draft (Manchester Papers 331) has Cayming” altered by Sir Nathaniel Rieh from
V04-P0158,0,35,running_head,156 RECORDS OF THE VIRGINIA COMPANY
V04-P0159,0,17,running_head,"MAY (?), 1623 157"
V04-P0159,138,164,editorial_metadata,"Manchester Papers, No. 371"
V04-P0159,295,318,editorial_metadata,List of Records No. 484
V04-P0160,0,35,running_head,158 RECORDS OF THE VIRGINIA COMPANY
V04-P0160,243,269,editorial_metadata,"Manchester Papers, No. 340"
V04-P0160,270,310,editorial_metadata,"Document in Public Record Office, London"
V04-P0160,311,334,editorial_metadata,List of Records No. 487
V04-P0161,0,18,running_head,"MAY-JUNE, 1623 159"
V04-P0162,0,35,running_head,160 RECORDS OF THE VIRGINIA COMPANY
V04-P0162,1591,1682,editorial_metadata,"1 Vor fuller abstracts, see Manchester Papers, No, 338, List of Reeords, No. 523. See post,"
V04-P0163,0,18,running_head,"MAY-JUNE, 1623 161"
V04-P0163,1594,1675,editorial_metadata,"1 As in Manchester Papers, No. 322, List of Records, No. 432. See ante, No. CCCY."
V04-P0163,1676,1757,editorial_metadata,"2 Asin Manchester Papers, No. 320, List of Records, No. 429. See ante, No. CCCLY."
V04-P0163,1758,1838,editorial_metadata,"3 Asin Manchester Papers, No. 326, List of Records, No. 461. See ante, CCOXXIIT,"
V04-P0163,1840,1921,editorial_metadata,"¢ As in Manchester Papers, No. 322, List of Records, No. 432. See anfe, No. CCCV."
V04-P0164,0,5,running_head,Muy +
V04-P0164,14,49,editorial_metadata,162 RECORDS OF THE VIRGINIA COMPANY
V04-P0164,138,193,editorial_metadata,"Manuscript Records Virginia Company, II, pt. ti, p. 27a"
V04-P0164,194,244,editorial_metadata,"Document in Library of Congress, Washington, D. C."
V04-P0164,245,268,editorial_metadata,List of Records No. 489
V04-P0165,0,15,running_head,"MAY 2, 1623 163"
V04-P0166,0,35,running_head,164 RECORDS OF THE VIRGINIA COMPANY
V04-P0166,748,774,editorial_metadata,"Manchester Papers, No. 364"
V04-P0166,775,815,editorial_metadata,"Document in Public Record Office, London"
V04-P0166,816,839,editorial_metadata,List of Records No. 490
V04-P0167,0,15,running_head,"MAY 4, 1623 165"
V04-P0168,0,14,running_head,|; Comissionll
V04-P0168,16,51,editorial_metadata,166 RECORDS OF THE VIRGINIA COMPANY
V04-P0169,0,31,running_head,"PROBABLY BEFORE MAY 7, 1623 167"
V04-P0169,300,356,editorial_metadata,"Manuscript Records Virginia Company, III, pt. ti, p. 47a"
V04-P0169,357,407,editorial_metadata,"Document in Library of Congress, Washington, D. C."
V04-P0169,408,431,editorial_metadata,List of Records No. 498
V04-P0170,0,35,running_head,168 RECORDS OF THE VIRGINIA COMPANY
V04-P0170,589,615,editorial_metadata,"Manchester Papers, No. 363"
V04-P0170,616,656,editorial_metadata,"Document in Public Record Office, London"
V04-P0170,657,680,editorial_metadata,List of Records No. 488
V04-P0171,0,27,running_head,"MAY (AFTER MAY 7), 1623 169"
V04-P0172,0,35,running_head,170 RECORDS OF THE VIRGINIA COMPANY
V04-P0172,129,155,editorial_metadata,"Manchester Papers, No. 366"
V04-P0172,197,220,editorial_metadata,List of Records No. 495
V04-P0173,0,30,running_head,"BETWEEN MAY 7 AND 18, 1683 171"
V04-P0174,0,5,running_head,P. 40
V04-P0174,33,68,editorial_metadata,172 RECORDS OF THE VIRGINIA COMPANY
V04-P0174,237,277,editorial_metadata,"Document in Public Record Office, London"
V04-P0174,278,307,editorial_metadata,"List of Records Nos. 496, 497"
V04-P0174,843,899,editorial_metadata,"Manuscript Records Virginia Company, III, pt. ii, p. 47a"
V04-P0174,901,950,editorial_metadata,"Document in Library of Congress, Washington, D.C."
V04-P0174,951,974,editorial_metadata,List of Records No. 500
V04-P0175,0,35,running_head,"MAY OR JUNE (AFTER MAY 9), 1628 173"
V04-P0175,1154,1180,editorial_metadata,"Manchester Papers, No. 343"
V04-P0175,1181,1221,editorial_metadata,"Document in Public Record Office, London"
V04-P0175,1222,1245,editorial_metadata,List of Records No. 439
V04-P0176,0,35,running_head,174 RECORDS OF THE VIRGINIA COMPANY
V04-P0176,1295,1327,editorial_metadata,"Manchester Papers, Nos. 348, 347"
V04-P0176,1328,1368,editorial_metadata,"Document in Public Record Office, Londen"
V04-P0176,1369,1392,editorial_metadata,List of Records No. 440
V04-P0176,1694,1786,editorial_metadata,"} Manchester Papers Nos. 347 and 348 are successive drafts of the same paper, that which, in"
V04-P0176,1787,1876,editorial_metadata,"its complete form (not found), is commented on in Manchester Papers No, 342 (Document No,"
V04-P0177,0,35,running_head,"MAY OR JUNE (AFTER MAY 9), 1623 175"
V04-P0177,2205,2249,editorial_metadata,"“1 Cf Manchester Papers, No. 347 410, below."
V04-P0177,2250,2295,editorial_metadata,"1 Cf Manchester Papers, No. 347, § 11, below."
V04-P0178,0,35,running_head,176 RECORDS OF THE VIRGINIA COMPANY
V04-P0178,1363,1407,editorial_metadata,"1 Cf Manchester Papers, No. 347, (12, below."
V04-P0178,1409,1453,editorial_metadata,"2 Cf Manchester Papers, No, 347, 413, below,"
V04-P0178,1455,1530,editorial_metadata,"* Exactly as in Manchester Papers No. 347, {14, below, except for capitals."
V04-P0178,1531,1593,editorial_metadata,"«To the same effect as Manchester Papers, No. 347, 416, below."
V04-P0178,1595,1650,editorial_metadata,"5 Exactly as in Manchester Papers, No. 347, 415, below."
V04-P0178,1652,1701,editorial_metadata,"@ Compare Manchester Papers, No. 347, (18, below."
V04-P0178,1703,1759,editorial_metadata,"7 To the same effect as Manchester Papers, No. 347, §19."
V04-P0179,0,35,running_head,"MAY OR JUNE (AFTER MAY 8), 162¢ 177"
V04-P0179,1501,1557,editorial_metadata,"6 To the same effect as Manchester Papers, No. 347, 426."
V04-P0179,1622,1663,editorial_metadata,"Compare. Manchester Papers, No. 347, (86."
V04-P0180,0,35,running_head,178 RECORDS OF THE VIRGINIA COMPANY
V04-P0181,0,35,running_head,"MAY OR JUNE (AFTER MAY 9), 1628 179"
V04-P0182,0,35,running_head,180 RECORDS OF THE VIRGINIA COMPANY
V04-P0183,0,35,running_head,"MAY OR JUNE (AFTER MAY 9), 1623 181"
V04-P0184,0,35,running_head,182 RECORDS OF THE VIRGINIA COMPANY
V04-P0185,0,35,running_head,"MAY OR JUNE (AFTER MAY 9), 1623 183"
V04-P0185,193,219,editorial_metadata,"Manchester Papers, No. 342"
V04-P0185,261,284,editorial_metadata,List of Records No. 438
V04-P0186,0,35,running_head,184 RECORDS OF THE VIRGINIA COMPANY
V04-P0187,0,35,running_head,"MAY OR JUNE (AFTER MAY 9), 1623 185"
V04-P0188,0,13,running_head,Mr Rostingham
V04-P0188,15,50,editorial_metadata,186 RECORDS OF THE VIRGINIA COMPANY
V04-P0189,0,35,running_head,"MAY OR JUNE (AFTER MAY 9), 1623 187"
V04-P0190,0,35,running_head,188 RECORDS OF THE VIRGINIA COMPANY
V04-P0190,113,168,editorial_metadata,"Manuscript Records Virginia Company, IJ], pt. ii, p. 40"
V04-P0190,169,219,editorial_metadata,"Document in Library of Congress, Washington, D. C."
V04-P0190,220,243,editorial_metadata,List of Records No. 501
V04-P0191,0,16,running_head,"MAY 12, 1628 189"
V04-P0191,89,143,editorial_metadata,"Manuscript Records Virginia Company, II, pt. ii, p. 40"
V04-P0191,144,194,editorial_metadata,"Document in Library of Congress, Washington, D. C."
V04-P0191,195,218,editorial_metadata,List of Records No. 502
V04-P0192,0,35,running_head,190 RECORDS OF THE VIRGINIA COMPANY
V04-P0192,119,175,editorial_metadata,"Manuscript Records Virginia Company, III, pt. ii, p. 50a"
V04-P0192,176,226,editorial_metadata,"Document in Library of Congress, Washington, D. C."
V04-P0192,227,250,editorial_metadata,"List of Records No, 503"
V04-P0193,0,17,running_head,"MAY 138, 1628 191"
V04-P0193,73,129,editorial_metadata,"Manuscript Records Virginia Company, III, pt. ii, p. 5la"
V04-P0193,130,179,editorial_metadata,"Document in Library of Congress, Washington, D.C."
V04-P0193,180,203,editorial_metadata,List of Records No. 504
V04-P0194,0,35,running_head,192 RECORDS OF THE VIRGINIA COMPANY
V04-P0194,152,192,editorial_metadata,"Document in Public Record Office, London"
V04-P0194,193,216,editorial_metadata,List of Records No. 505
V04-P0194,519,559,editorial_metadata,"Document in Public Record Office, London"
V04-P0194,560,583,editorial_metadata,List of Records No. 506
V04-P0195,0,16,running_head,"MAY 14, 1623 193"
V04-P0195,149,189,editorial_metadata,"Document in Public Record Oflice, London"
V04-P0196,0,35,running_head,194 RECORDS OF THE VIRGINIA COMPANY
V04-P0196,184,210,editorial_metadata,"Manchester Papers, No. 368"
V04-P0196,252,275,editorial_metadata,List of Records No. 508
V04-P0197,0,37,running_head,"MAY (SHORTLY BEFORE MAY 18), 1623 195"
V04-P0197,865,899,editorial_metadata,"Manchester Papers, Nos. 372, 373 *"
V04-P0197,900,940,editorial_metadata,"Document in Public Record Office, London"
V04-P0197,941,964,editorial_metadata,List of Records No. 485
V04-P0197,1988,2065,editorial_metadata,"letter of May 18 printed in Records of the Virginia Company, Ul, pp. 484-435."
V04-P0198,0,35,running_head,196 RECORDS OF THE VIRGINIA COMPANY
V04-P0199,0,37,running_head,"MAY (SHORTLY BEFORE MAY 18), 1623 197"
V04-P0200,0,35,running_head,198 RECORDS OF THE VIRGINIA COMPANY
V04-P0200,128,154,editorial_metadata,"Manchester Papers, No. 369"
V04-P0200,155,195,editorial_metadata,"Document in Public Record Office, London"
V04-P0200,196,219,editorial_metadata,List of Records No. 512
V04-P0201,0,16,running_head,"MAY 22, 1628 199"
V04-P0201,1105,1145,editorial_metadata,"Document in Public Record Office, London"
V04-P0201,1146,1169,editorial_metadata,List of Records No. 513
V04-P0202,0,35,running_head,200 RECORDS OF THE VIRGINIA COMPANY
V04-P0202,99,125,editorial_metadata,"Manchester Papers, No. 875"
V04-P0202,126,166,editorial_metadata,"Document in Public Record Office, London"
V04-P0203,0,33,running_head,"MAY (SOON AFTER MAY 24), 1623 201"
V04-P0203,133,159,editorial_metadata,"Manchester Papers, No. 374"
V04-P0203,160,200,editorial_metadata,"Document in Public Record Office, London"
V04-P0203,201,225,editorial_metadata,List of Records No. 4862
V04-P0204,0,3,running_head,"Ol,"
V04-P0204,5,40,editorial_metadata,202 RECORDS OF THE VIRGINIA COMPANY
V04-P0204,814,840,editorial_metadata,"Manchester Papers, No. 377"
V04-P0204,841,881,editorial_metadata,"Document in Public Record Office, London"
V04-P0204,882,905,editorial_metadata,List of Records No. 487
V04-P0204,1627,1703,editorial_metadata,"! Probably written by Alderman Johnson. Compare with Manchester Papers, 329,"
V04-P0205,0,28,running_head,"MAY (AFTER MAY #4), 1623 203"
V04-P0206,0,35,running_head,204 RECORDS OF THE VIRGINIA COMPANY
V04-P0206,758,784,editorial_metadata,"Manchester Papers, No. 376"
V04-P0206,785,940,editorial_metadata,"Document in Public Record Office, London. For the King’s letter, see Records of the Virginia Company, Vol. 11, pp. 434-435; for the Company’s petition, see"
V04-P0206,958,981,editorial_metadata,List of Records No. 511
V04-P0207,0,16,running_head,"MAY 26, 1623 205"
V04-P0208,0,35,running_head,206 RECORDS OF THE VIRGINIA COMPANY
V04-P0209,0,16,running_head,"MAY 26, 1623 207"
V04-P0210,0,35,running_head,208 RECORDS OF THE VIRGINIA COMPANY
V04-P0211,0,16,running_head,"MAY 29, 1623 209"
V04-P0211,94,150,editorial_metadata,"Manuscript Records Virginia Company, III, pt. ii, p. 40a"
V04-P0211,151,200,editorial_metadata,"Document in Library of Congress, Washington, D.C."
V04-P0211,201,224,editorial_metadata,"List of Records No, 514"
V04-P0212,0,35,running_head,210 RECORDS OF THE VIRGINIA COMPANY
V04-P0212,178,201,editorial_metadata,List of Records No. 518
V04-P0213,0,18,running_head,"JUNE (#), 1623 211"
V04-P0213,379,405,editorial_metadata,"Manchester Papers, No. 381"
V04-P0213,406,446,editorial_metadata,"Document in Public Record Office, London"
V04-P0213,447,470,editorial_metadata,List of Records No. 516
V04-P0214,0,35,running_head,212 RECORDS OF THE VIRGINIA COMPANY
V04-P0215,0,18,running_head,"JUNE (2), 1623 213"
V04-P0216,0,2,running_head,qr
V04-P0216,10,45,editorial_metadata,214 RECORDS OF THE VIRGINIA COMPANY
V04-P0217,0,26,running_head,"JUNE OR JULY (?), 1623 215"
V04-P0217,147,173,editorial_metadata,"Manchester Papers, No. 382"
V04-P0217,174,214,editorial_metadata,"Document in Public Record Office, London"
V04-P0217,215,238,editorial_metadata,List of Records No. 515
V04-P0218,0,35,running_head,216 RECORDS OF THE VIRGINIA COMPANY
V04-P0219,0,26,running_head,"JUNE OR JULY (?), 1628 217"
V04-P0220,0,35,running_head,218 RECORDS OF THE VIRGINIA COMPANY
V04-P0220,1506,1546,editorial_metadata,"Document in Public Record Office, London"
V04-P0220,1547,1570,editorial_metadata,List of Records No. 421
V04-P0221,0,29,running_head,"JUNE 4, NOVEMBER 17, 1623 219"
V04-P0222,0,35,running_head,220 RECORDS OF THE VIRGINIA COMPANY
V04-P0223,0,16,running_head,"JUNE 9, 1623 221"
V04-P0224,0,35,running_head,222 RECORDS OF THE VIRGINIA COMPANY
V04-P0225,0,20,running_head,"JUNE 9 (?), 1623 223"
V04-P0226,0,35,running_head,224 RECORDS OF THE VIRGINIA COMPANY
V04-P0226,622,635,editorial_metadata,Ferrar Papers
V04-P0226,636,677,editorial_metadata,"Document in Magdalene College, Cainbridge"
V04-P0226,678,701,editorial_metadata,List of Records No. 394
V04-P0227,0,29,running_head,"JUNE (AFTER JUNE 9), 1623 225"
V04-P0228,0,35,running_head,226 RECORDS OF THE VIRGINIA COMPANY
V04-P0229,0,22,running_head,"JUNE 18 (?), 1623 227,"
V04-P0229,155,195,editorial_metadata,"Document in Public Record Office, London"
V04-P0229,196,219,editorial_metadata,List of Records No. 391
V04-P0230,0,6,running_head,dearth
V04-P0230,8,43,editorial_metadata,228 RECORDS OF THE VIRGINIA COMPANY
V04-P0230,908,940,editorial_metadata,"Manchester Papers, Nos. 338, 339"
V04-P0230,941,981,editorial_metadata,"Document in Public Record Office, London"
V04-P0230,982,1005,editorial_metadata,"List of Records No, 523"
V04-P0231,0,17,running_head,"JUNE 19, 1628 229"
V04-P0232,0,8,running_head,or Cerne
V04-P0232,34,69,editorial_metadata,230 RECORDS OF THE VIRGINIA COMPANY
V04-P0233,0,17,running_head,"JUNE 19, 1623 231"
V04-P0234,0,12,running_head,of 56 but 14
V04-P0234,28,63,editorial_metadata,232 RECORDS OF THE VIRGINIA COMPANY
V04-P0235,0,17,running_head,"JUNE 19, 1623 233"
V04-P0236,0,35,running_head,234 RECORDS OF THE VIRGINIA COMPANY
V04-P0237,0,17,running_head,"JUNE 19, 1683 235"
V04-P0238,0,35,running_head,236 RECORDS OF THE VIRGINIA COMPANY
V04-P0239,0,17,running_head,"JUNE 19, 1623 237"
V04-P0240,0,35,running_head,238 RECORDS OF THE VIRGINIA COMPANY
V04-P0240,1510,1534,editorial_metadata,[Manchester Papers 339.]
V04-P0240,1674,1825,editorial_metadata,"|There follow extracts from some only of the same letters as in Manchester Papers 338, arranged differently, and net at such length, with the following"
V04-P0241,0,17,running_head,"JUNE 19, 1623 239"
V04-P0241,1439,1492,editorial_metadata,1 This is Manchester Papers 319: List of Records 427.
V04-P0241,1494,1564,editorial_metadata,"2 Ete., ete. In extcuso in Manchester Papers 321, List of Records 430."
V04-P0241,1566,1619,editorial_metadata,"3 This is Manchester Papers 317, List of Records 419."
V04-P0241,1621,1679,editorial_metadata,"¢ Extract from Manchester Papers 325, List of Records 455."
V04-P0242,0,35,running_head,240 RECORDS OF THE VIRGINIA COMPANY
V04-P0243,0,17,running_head,"JUNE 28, 1623 24)"
V04-P0243,126,152,editorial_metadata,"Manchester Papers, No. 879"
V04-P0243,153,193,editorial_metadata,"Document in Public Record Office, London"
V04-P0243,194,217,editorial_metadata,List of Records No. 524
V04-P0244,0,35,running_head,242 RECORDS OF THE VIRGINIA COMPANY
V04-P0244,775,815,editorial_metadata,"Document in Public Record Office, London"
V04-P0244,816,839,editorial_metadata,List of Records No. 527
V04-P0245,0,17,running_head,"JUNE 30, 1623 243"
V04-P0246,0,35,running_head,244 RECORDS OF THE VIRGINIA COMPANY
V04-P0246,165,205,editorial_metadata,"Document in Public Record Office, London"
V04-P0246,206,229,editorial_metadata,List of Records No. 534
V04-P0246,1357,1398,editorial_metadata,"Document in Public. Record Office, London"
V04-P0246,1399,1422,editorial_metadata,List of Records No. 535
V04-P0247,0,16,running_head,"JULY 4, 1623 245"
V04-P0247,135,175,editorial_metadata,"Document in Public Record Office, London"
V04-P0247,176,199,editorial_metadata,List of Records No. 536
V04-P0248,0,3,running_head,246
V04-P0248,5,36,editorial_metadata,RECORDS OF THE VIRGINIA COMPANY
V04-P0249,0,16,running_head,"JULY 4, 1623 247"
V04-P0249,168,208,editorial_metadata,"Document in Public Record Office, London"
V04-P0249,209,232,editorial_metadata,List of Records No. 538
V04-P0250,0,35,running_head,248 RECORDS OF THE VIRGINIA COMPANY
V04-P0250,774,814,editorial_metadata,"Document in Public Record Office, London"
V04-P0250,815,838,editorial_metadata,List of Records No. 540
V04-P0251,0,16,running_head,"JULY 6, 1623 249"
V04-P0252,0,35,running_head,250 RECORDS OF THE VIRGINIA COMPANY
V04-P0252,156,209,editorial_metadata,"Manuscript Records Virginia Company, IL, pt. u, p. 41"
V04-P0252,210,260,editorial_metadata,"Document in Library of Congress, Washington, D. C."
V04-P0252,261,284,editorial_metadata,List of Records No. 544
V04-P0253,0,3,running_head,XV.
V04-P0253,210,250,editorial_metadata,"March 3, 1623/4. Colonial Office Papers."
V04-P0253,454,472,editorial_metadata,Manchester Papers.
V04-P0255,0,9,running_head,"whi, a ie"
V04-P0256,0,9,running_head,{VE gy va
V04-P0257,0,7,running_head,piags a
V04-P0258,0,2,running_head,=>
V04-P0259,0,17,running_head,"JULY 22, 1623 251"
V04-P0259,1061,1101,editorial_metadata,"Document in Public Record Office, London"
V04-P0259,1102,1125,editorial_metadata,List of Records No. 545
V04-P0259,1414,1454,editorial_metadata,"Document in Public Record Office, London"
V04-P0259,1455,1478,editorial_metadata,List of Records No. 547
V04-P0260,0,35,running_head,252 RECORDS OF THE VIRGINIA COMPANY
V04-P0260,149,189,editorial_metadata,"Document in Public Reeord Office, London"
V04-P0260,190,213,editorial_metadata,List of Records No. 548
V04-P0261,0,17,running_head,"JULY 28, 1628 253"
V04-P0261,1331,1371,editorial_metadata,"Document in Public Record Office, London"
V04-P0261,1372,1395,editorial_metadata,List of Records No. 550
V04-P0262,0,35,running_head,254 RECORDS OF THE VIRGINIA COMPANY
V04-P0263,0,17,running_head,"JULY 81, 1623 255"
V04-P0263,147,187,editorial_metadata,"Document in Public Record Office, London"
V04-P0263,188,211,editorial_metadata,"List of Records No, 551"
V04-P0264,0,36,running_head,256 RECORDS OF THLE VIRGINIA COMPANY
V04-P0265,0,17,running_head,"JULY 81, 1623 257"
V04-P0265,132,172,editorial_metadata,"Document in Public Record Office, London"
V04-P0265,173,196,editorial_metadata,List of Records No. 552
V04-P0266,0,35,running_head,258 RECORDS OF THE VIRGINIA COMPANY
V04-P0266,765,805,editorial_metadata,"Document in Public Record Office, London"
V04-P0266,806,829,editorial_metadata,List of Records No. 558
V04-P0267,0,29,running_head,"AUGUST OR SEPTEMBER, 1623 259"
V04-P0267,134,160,editorial_metadata,"Manchester Papers, No. 387"
V04-P0267,161,201,editorial_metadata,"Document in Public Record Office, London"
V04-P0267,202,225,editorial_metadata,List of Records No. 528
V04-P0268,0,35,running_head,260 RECORDS OF THE VIRGINIA COMPANY
V04-P0269,0,29,running_head,"AUGUST OR SEPTEMBER, 1623 261"
V04-P0270,0,35,running_head,262 RECORDS OF THE VIRGINIA COMPANY
V04-P0270,1399,1458,editorial_metadata,"Manuscript Records Virginia Company, III, pt. ii, pp. 28-30"
V04-P0270,1459,1508,editorial_metadata,"Document in Library of Congress, Washington, D.C."
V04-P0270,1509,1532,editorial_metadata,List of Records No. 554
V04-P0271,0,18,running_head,"AUGUST 6, 1628 263"
V04-P0272,0,35,running_head,264 RECORDS OF THE VIRGINIA COMPANY
V04-P0273,0,18,running_head,"AUGUST 6, 1623 265"
V04-P0274,0,35,running_head,266 RECORDS OF THE VIRGINIA COMPANY
V04-P0275,0,18,running_head,"AUGUST 6, 1623 267"
V04-P0276,0,35,running_head,268 RECORDS OF THE VIRGINIA COMPANY
V04-P0277,0,18,running_head,"AUGUST 6, 1623 269"
V04-P0278,0,7,running_head,pag: 30
V04-P0278,9,44,editorial_metadata,270 RECORDS OF THE VIRGINIA COMPANY
V04-P0279,0,19,running_head,"AUGUST 31, 1623 271"
V04-P0279,859,915,editorial_metadata,"Manuscript Records Virginia Company, III, pt. ii, p. 48a"
V04-P0279,916,966,editorial_metadata,"Document in Library of Congress, Washington, D. C."
V04-P0279,967,990,editorial_metadata,List of Records No. 556
V04-P0280,0,35,running_head,272 RECORDS OF THE VIRGINIA COMPANY
V04-P0281,0,19,running_head,"AUGUST 81, 1623 273"
V04-P0281,243,298,editorial_metadata,"Manuscript Records Virginia Company, IIT, pt. ii, p. 49"
V04-P0281,299,348,editorial_metadata,"Document in Library of Congress, Washington, D.C."
V04-P0281,349,372,editorial_metadata,List of Records No. 557
V04-P0282,0,35,running_head,274 RECORDS OF THE VIRGINIA COMPANY
V04-P0282,130,186,editorial_metadata,"Manuscript Records Virginia Company, III, pt. ii, p. 59a"
V04-P0282,187,236,editorial_metadata,"Document in Library of Congress, Washington, D.C."
V04-P0282,237,260,editorial_metadata,List of Records No. 559
V04-P0283,0,21,running_head,"SEPTEMBER 4, 1623 275"
V04-P0283,120,175,editorial_metadata,"Manuscript Records Virginia Company, III, pt. ui, p. 60"
V04-P0283,176,226,editorial_metadata,"Document in Library of Congress, Washington, D. C."
V04-P0283,227,250,editorial_metadata,List of Records No. 558
V04-P0283,958,1013,editorial_metadata,"Manuscript Records Virginia Company, III, pt. ii, p. 49"
V04-P0283,1014,1064,editorial_metadata,"Document in Library of Congress, Washington, D. C."
V04-P0283,1065,1088,editorial_metadata,List of Records No. 561
V04-P0284,0,35,running_head,276 RECORDS OF THE VIRGINIA COMPANY
V04-P0284,595,651,editorial_metadata,"Manuscript Records Virginia Company, IIT, pt. ii, p. 59a"
V04-P0284,652,702,editorial_metadata,"Document in Library of Congress, Washington, D. C."
V04-P0284,703,726,editorial_metadata,List of Records No. 560
V04-P0285,0,24,running_head,"SEPTEMBER 4, 8, 1623 277"
V04-P0286,0,3,running_head,278
V04-P0286,5,37,editorial_metadata,RECORDS OF THE VIRGINIA COMPANY
V04-P0286,209,232,editorial_metadata,List of Records No. 562
V04-P0287,0,22,running_head,"SEPTEMBER 16, 1623 279"
V04-P0288,0,35,running_head,280 RECORDS OF THE VIRGINIA COMPANY
V04-P0289,0,22,running_head,"SEPTEMBER 16, 1623 281"
V04-P0290,0,35,running_head,282 RECORDS OF THE VIRGINIA COMPANY
V04-P0291,0,22,running_head,"SEPTEMBER 21, 1623 283"
V04-P0291,415,472,editorial_metadata,"Manuseript Records Virginia Company, ITI, pt. ii, p. 49a."
V04-P0291,473,523,editorial_metadata,"Document in Library of Congress, Washington, D. C."
V04-P0291,524,547,editorial_metadata,List of Records No. 563
V04-P0292,0,35,running_head,284 RECORDS OF THE VIRGINIA COMPANY
V04-P0292,1174,1228,editorial_metadata,"Manuscript Records Virginia Company, II, pt. ti, p. 52"
V04-P0292,1229,1279,editorial_metadata,"Document in Library of Congress, Washington, D. C."
V04-P0292,1280,1303,editorial_metadata,"List of Records No, 567"
V04-P0293,0,17,running_head,"OCTOBER, 1623 285"
V04-P0293,1238,1293,editorial_metadata,"Manuscript Records Virginia Company, ITI, pt. ii, p. 52"
V04-P0293,1294,1344,editorial_metadata,"Document in Library of Congress, Washington, D. C."
V04-P0293,1345,1369,editorial_metadata,"List of Records, No. 568"
V04-P0294,0,35,running_head,286 RECGRDS OF THE VIRGINIA COMPANY
V04-P0294,984,1039,editorial_metadata,"Manuscript Records Virginia Company, III, pt. ii, p. 60"
V04-P0294,1040,1090,editorial_metadata,"Document in Library of Congress, Washington, D. C."
V04-P0294,1091,1114,editorial_metadata,List of Records No. 566
V04-P0295,0,38,running_head,"OCTOBER, 1683, TO FEBRUARY, 1625/4 287"
V04-P0295,407,462,editorial_metadata,"Manuscript Records Virginia Company, ILI, pt. ii, p. 60"
V04-P0295,463,513,editorial_metadata,"Document in Library of Congress, Washington, D. C."
V04-P0295,514,537,editorial_metadata,List of Records No. 565
V04-P0296,0,35,running_head,288 RECORDS OF THE VIRGINIA COMPANY
V04-P0296,122,178,editorial_metadata,"Manuscript Records Virginia Company, III, pt. ii, p. 60a"
V04-P0296,179,229,editorial_metadata,"Document in Library of Congress, Washington, D. C."
V04-P0296,230,253,editorial_metadata,List of Records No. 564
V04-P0297,0,20,running_head,"OCTOBER 11, 1623 289"
V04-P0297,145,185,editorial_metadata,"Document in Public Record Office, London"
V04-P0297,186,209,editorial_metadata,List of Records No. 570
V04-P0297,431,486,editorial_metadata,"Manuscript Records Virginia Company, III, pt. ii, p. 60"
V04-P0297,487,537,editorial_metadata,"Document in Library of Congress, Washington, D. C."
V04-P0297,538,561,editorial_metadata,List of Records No. 572
V04-P0298,0,35,running_head,290 RECORDS OF THE VIRGINIA COMPANY
V04-P0298,994,1034,editorial_metadata,"Document in Public Record Office, London"
V04-P0298,1035,1058,editorial_metadata,List of Records No. 579
V04-P0299,0,13,running_head,M’ Buekeridge
V04-P0300,0,35,running_head,292 RECORDS OF THE VIRGINIA COMPANY
V04-P0300,91,146,editorial_metadata,"Manuscript Records Virginia Company, IJ], pt. ii, p. 52"
V04-P0300,147,197,editorial_metadata,"Document in Library of Congress, Washington, D. C."
V04-P0300,198,221,editorial_metadata,List of Records No. 580
V04-P0301,0,20,running_head,"OCTOBER 22, 1623 293"
V04-P0301,128,168,editorial_metadata,"Document in Public Record Office, London"
V04-P0301,169,192,editorial_metadata,List of Records No. 578
V04-P0301,401,414,editorial_metadata,Ferrar Papers
V04-P0301,456,479,editorial_metadata,"List of Records No, 581"
V04-P0302,0,35,running_head,294 RECORDS OF THE VIRGINIA COMPANY
V04-P0302,235,275,editorial_metadata,"Document in Public Record Office, London"
V04-P0302,276,299,editorial_metadata,"List of Records No, 583"
V04-P0302,589,629,editorial_metadata,"Document in Public Record Office, London"
V04-P0302,631,654,editorial_metadata,"List of Records No, 584"
V04-P0303,0,37,running_head,"NOVEMBER 4, 1623, TO MAY 24, 1624 295"
V04-P0303,474,518,editorial_metadata,"Document in the Public Record Office, London"
V04-P0303,519,542,editorial_metadata,List of Records No. 585
V04-P0304,0,35,running_head,296 RECORDS OF THE VIRGINIA COMPANY
V04-P0305,0,38,running_head,"NOVEMBER 4, 16283, TO MAY 24, 1624 297"
V04-P0306,0,35,running_head,298 RECORDS OF THE VIRGINIA COMPANY
V04-P0307,0,37,running_head,"NOVEMBER 4, 1623, TO MAY 24, 1624 299"
V04-P0308,0,35,running_head,300 RECORDS OF THE VIRGINIA COMPANY
V04-P0309,0,37,running_head,"NOVEMBER 4, 1623, TO MAY 24, 1624 301"
V04-P0310,0,35,running_head,302 RECORDS OF THE VIRGINIA COMPANY
V04-P0311,0,38,running_head,"NOVEMBER 4, 1623, TO MAY 24, 1624 3803"
V04-P0312,0,35,running_head,304 RECORDS OF THE VIRGINIA COMPANY
V04-P0313,0,37,running_head,"NOVEMBER 4, 1623, TO MAY 24, 1624 305"
V04-P0314,0,4,running_head,p. 8
V04-P0314,6,41,editorial_metadata,306 RECORDS OF THE VIRGINIA COMPANY
V04-P0315,0,37,running_head,"NOVEMBER 4, 1623, TO MAY 24, 1624 307"
V04-P0316,0,4,running_head,ped.
V04-P0316,6,41,editorial_metadata,308 RECORDS OF THE VIRGINIA COMPANY
V04-P0317,0,37,running_head,"NOVEMBER 4, 1623, TO MAY 24, 1024 309"
V04-P0318,0,2,running_head,oe
V04-P0318,4,39,editorial_metadata,310 RECORDS OF THE VIRGINIA COMPANY
V04-P0319,0,37,running_head,"NOVEMBER 4, 1623, TO MAY 24, 1624 311"
V04-P0320,0,35,running_head,312 RECORDS OF THE VIRGINIA COMPANY
V04-P0321,0,37,running_head,"NOVEMBER 4, 1623, TO MAY 24, 1624 313"
V04-P0322,0,35,running_head,314 RECORDS OF THE VIRGINIA COMPANY
V04-P0323,0,37,running_head,"NOVEMBER 4, 1628, TO MAY 24, 1624 315"
V04-P0324,0,4,running_head,pol.
V04-P0324,6,41,editorial_metadata,316 RECORDS OF THE VIRGINIA COMPANY
V04-P0325,0,37,running_head,"NOVEMBER 4, 1623, TO MAY 24, 1624 317"
V04-P0326,0,35,running_head,318 RECORDS OF THE VIRGINIA COMPANY
V04-P0327,0,37,running_head,"NOVEMBER 4, 1628, TO MAY 24, 1624 31g"
V04-P0328,0,4,running_head,felt
V04-P0328,6,41,editorial_metadata,320 RECORDS OF THE VIRGINIA COMPANY
V04-P0329,0,37,running_head,"NOVEMBER 4, 1628, TO MAY 24, 1624 321"
V04-P0330,0,5,running_head,pods.
V04-P0330,7,42,editorial_metadata,322 RECORDS OF THE VIRGINIA COMPANY
V04-P0331,0,37,running_head,"NOVEMBER 4, 1623, TO MAY 24, 1624 323"
V04-P0332,0,3,running_head,poi
V04-P0332,5,40,editorial_metadata,324 RECORDS OF THE VIRGINIA COMPANY
V04-P0333,0,37,running_head,"NOVEMBER 4, 1628, TO MAY 24, 1624 325"
V04-P0334,0,35,running_head,326 RECORDS OF THE VIRGINIA COMPANY
V04-P0335,0,37,running_head,"NOVEMBER 4, 1623, TO MAY 24, 1624 327"
V04-P0336,0,35,running_head,328 RECORDS OF THE VIRGINIA COMPANY
V04-P0337,0,37,running_head,"NOVEMBER 4, 1623, TO MAY 24, 1624 329"
V04-P0338,0,35,running_head,330 RECORDS OF THE VIRGINIA COMPANY
V04-P0339,0,37,running_head,"NOVEMBER 4, 1623, TO MAY 24, 1624 331"
V04-P0340,0,35,running_head,332 RECORDS OF THE VIRGINIA COMPANY
V04-P0341,0,37,running_head,"NOVEMBER 4, 1628, TO MAY 24, 1624 33:"
V04-P0342,0,4,running_head,Pete
V04-P0342,6,41,editorial_metadata,334 RECORDS OF THE VIRGINIA COMPANY
V04-P0343,0,37,running_head,"NOVEMBER 4, 1623, TO MAY 24, 1624 335"
V04-P0344,0,35,running_head,336 RECORDS OF THE VIRGINIA COMPANY
V04-P0345,0,36,running_head,"NOVEMBER 4, 1623, TO MAY 24, 162 337"
V04-P0346,0,35,running_head,338 RECORDS OF THE VIRGINIA COMPANY
V04-P0347,0,37,running_head,"NOVEMBER 4, 1623, TO MAY 24, 1624 339"
V04-P0348,0,35,running_head,340 RECORDS OF THE VIRGINIA COMPANY
V04-P0349,0,37,running_head,"NOVEMBER 4, 1623, TO MAY 24, 1624 341"
V04-P0350,0,5,running_head,"p. 3,"
V04-P0350,7,42,editorial_metadata,342 RECORDS OF THE VIRGINIA COMPANY
V04-P0351,0,37,running_head,"NOVEMBER 4, 1623, TO MAY 24, 1624 848"
V04-P0352,0,35,running_head,344 RECORDS OF THE VIRGINIA COMPANY
V04-P0353,0,37,running_head,"NOVEMBER 4, 1623, TO MAY 24, 1624 345"
V04-P0354,0,36,running_head,"346, RECORDS OF THE VIRGINIA COMPANY"
V04-P0355,0,37,running_head,"NOVEMBER 4, 1628, TO MAY 24, 1624 347"
V04-P0356,0,35,running_head,348 RECORDS OF THE VIRGINIA COMPANY
V04-P0357,0,37,running_head,"NOVEMBER 4, 1623, TO MAY 24, 1624 349"
V04-P0358,0,35,running_head,350 RECORDS OF THE VIRGINIA COMPANY
V04-P0359,0,37,running_head,"NOVEMBER 4, 1623, TO MAY 24, 1624 351"
V04-P0360,0,3,running_head,dd.
V04-P0360,5,40,editorial_metadata,352 RECORDS OF THE VIRGINIA COMPANY
V04-P0361,0,37,running_head,"NOVEMBER 4, 1698, TO MAY 24, 1624 353"
V04-P0362,0,3,running_head,354
V04-P0362,5,36,editorial_metadata,RECORDS OF THE VIRGINIA COMPANY
V04-P0363,0,37,running_head,"NOVEMBER 4, 1623, TO MAY 24, 1624 355"
V04-P0364,0,35,running_head,356 RECORDS OF THE VIRGINIA COMPANY
V04-P0365,0,37,running_head,"NOVEMBER 4, 1623, TO MAY 24, 1624 357"
V04-P0366,0,35,running_head,358 RECORDS OF THE VIRGINIA COMPANY
V04-P0367,0,37,running_head,"NOVEMBER 4, 1628, TO MAY 24, 1624 359"
V04-P0368,0,3,running_head,me.
V04-P0368,5,40,editorial_metadata,360 RECORDS OF THE VIRGINIA COMPANY
V04-P0369,0,37,running_head,"NOVEMBER 4, 1623, TO MAY 24, 1624 361"
V04-P0370,0,35,running_head,362 RECORDS OF THE VIRGINIA COMPANY
V04-P0371,0,37,running_head,"NOVEMBER 4, 1623, TO MAY 24, 1624 363"
V04-P0372,0,35,running_head,364 RECORDS OF THE VIRGINIA COMPANY
V04-P0373,0,37,running_head,"NOVEMBER 4, 1628, TO MAY 24, 1624 365"
V04-P0374,0,4,running_head,tid:
V04-P0375,0,37,running_head,"NOVEMBER 4, 1623, TO MAY 24, 1624 367"
V04-P0376,0,35,running_head,368 RECORDS OF THE VIRGINIA COMPANY
V04-P0377,0,37,running_head,"NOVEMBER 4, 1623, TO MAY 24, 1624 369"
V04-P0378,0,4,running_head,fe 3
V04-P0378,6,41,editorial_metadata,370 RECORDS OF THE VIRGINIA COMPANY
V04-P0379,0,37,running_head,"NOVEMBER 4, 1623, TO MAY 24, 1624 371"
V04-P0380,0,4,running_head,"pts,"
V04-P0380,6,41,editorial_metadata,372 RECORDS OF THE VIRGINIA COMPANY
V04-P0381,0,37,running_head,"NOVEMBER 4, 1623, TO MAY 24, 1624 373"
V04-P0382,0,4,running_head,(la.
V04-P0382,6,41,editorial_metadata,B74 RECORDS OF THE VIRGINIA COMPANY
V04-P0383,0,37,running_head,"NOVEMBER 4, 1623, TO MAY 24, 1624 875"
V04-P0384,0,3,running_head,376
V04-P0384,258,289,editorial_metadata,RECORDS OF THE VIRGINIA COMPANY
V04-P0385,0,37,running_head,"NOVEMBER 4, 1623, TO MAY 24, 1624 877"
V04-P0386,0,3,running_head,pee
V04-P0386,8,43,editorial_metadata,378 RECORDS OF THE VIRGINIA COMPANY
V04-P0387,0,37,running_head,"NOVEMBER 4, 1623, TO MAY 24, 1624 379"
V04-P0388,0,35,running_head,350 RECORDS OF THE VIRGINIA COMPANY
V04-P0389,0,37,running_head,"NOVEMBER 4, 1623, TO MAY 24, 1624 381"
V04-P0390,0,35,running_head,382 RECORDS OF THE VIRGINIA COMPANY
V04-P0391,0,37,running_head,"NOVEMBER 4, 1628, TO MAY 24, 1624 383"
V04-P0392,0,2,running_head,dy
V04-P0392,4,39,editorial_metadata,384 RECORDS OF THE VIRGINIA COMPANY
V04-P0393,0,37,running_head,"NOVEMBER 4, 1623, TO MAY 24, 1624 385"
V04-P0394,0,5,running_head,p.3i.
V04-P0394,7,42,editorial_metadata,386 RECORDS OF THE VIRGINIA COMPANY
V04-P0395,0,37,running_head,"NOVEMBER 4, 1623, TO MAY 24, 1624 387"
V04-P0396,0,35,running_head,388 RECORDS OF THE VIRGINIA COMPANY
V04-P0397,0,37,running_head,"NOVEMBER 4, 1623, TO MAY 24, 1624 389"
V04-P0398,0,1,running_head,p
V04-P0398,8,43,editorial_metadata,390 RECORDS OF THE VIRGINIA COMPANY
V04-P0399,0,37,running_head,"NOVEMBER 4, 1623, TO MAY 24, 1624 391"
V04-P0400,0,2,running_head,es
V04-P0400,9,44,editorial_metadata,392 RECORDS OF THE VIRGINIA COMPANY
V04-P0401,0,38,running_head,"NOVEMBER 4, 1623, TO MAY 24, 1624 393,"
V04-P0402,0,35,running_head,394 RECORDS OF THE VIRGINIA COMPANY
V04-P0403,0,37,running_head,"NOVEMBER 4, 1623, TO MAY 24, 1624 395"
V04-P0404,0,1,running_head,p
V04-P0404,8,43,editorial_metadata,396 RECORDS OF THE VIRGINIA COMPANY
V04-P0405,0,37,running_head,"NOVEMBER 4, 1623, TO MAY 24, 1624 397"
V04-P0406,0,4,running_head,pas.
V04-P0406,6,41,editorial_metadata,398 RECORDS OF THE VIRGINIA COMPANY
V04-P0406,1273,1313,editorial_metadata,"Document in Public Record Office, London"
V04-P0406,1314,1337,editorial_metadata,List of Records No. 586
V04-P0407,0,21,running_head,"NOVEMBER 18, 1623 399"
V04-P0407,111,166,editorial_metadata,"Manuscript Records Virginia Company, III, pt. ii, p. 41"
V04-P0407,167,217,editorial_metadata,"Document in Library of Congress, Washington, D. C."
V04-P0407,218,241,editorial_metadata,List of Records No. 587
V04-P0408,0,35,running_head,400 RECORDS OF THE VIRGINIA COMPANY
V04-P0408,313,369,editorial_metadata,"Manuscript Records Virginia Company, ITI, pt. ii, p. 52a"
V04-P0408,370,420,editorial_metadata,"Document in Library of Congress, Washington, D. C."
V04-P0408,421,444,editorial_metadata,"List of Records No, 589"
V04-P0409,0,21,running_head,"NOVEMBER 20, 1623 401"
V04-P0409,107,163,editorial_metadata,"Manuscript Records Virginia Company, III, pt. ii, p. 52a"
V04-P0409,164,214,editorial_metadata,"Document in Library of Congress, Washington, D. C."
V04-P0409,215,238,editorial_metadata,List of Records No. 590
V04-P0409,1266,1322,editorial_metadata,"Manuscript Records Virginia Company, III, pt. ii, p. 52a"
V04-P0409,1323,1373,editorial_metadata,"Document in Library of Congress, Washington, D. C."
V04-P0409,1374,1397,editorial_metadata,List of Records No. 591
V04-P0410,0,6,running_head,p. 1D.
V04-P0410,8,43,editorial_metadata,402 RECORDS OF THE VIRGINIA COMPANY
V04-P0410,1125,1186,editorial_metadata,"Manuscript Records Virginia Company, III, pt. ii, pp. 53, 53a"
V04-P0410,1187,1237,editorial_metadata,"Document in Library of Congress, Washington, D. C."
V04-P0410,1238,1261,editorial_metadata,List of Records No. 592
V04-P0411,0,21,running_head,"NOVEMBER 21, 1628 403"
V04-P0411,178,257,editorial_metadata,"Document in Public Reeord Office, London; also in Colleetion of Lord Sackville,"
V04-P0411,282,305,editorial_metadata,List of Records No. 594
V04-P0412,0,35,running_head,404 RECORDS OF THE VIRGINIA COMPANY
V04-P0412,124,179,editorial_metadata,"Manuscript Records Virginia Company, III, pt. ii, p. 53"
V04-P0412,180,230,editorial_metadata,"Document in Library of Congress, Washington, D. C."
V04-P0412,231,254,editorial_metadata,List of Records No. 595
V04-P0412,1244,1284,editorial_metadata,"Document in Public Record Office, London"
V04-P0412,1285,1308,editorial_metadata,List of Records No. 593
V04-P0413,0,22,running_head,"NOVEMBER 22, 1628 A405"
V04-P0413,92,105,editorial_metadata,Ferrar Papers
V04-P0413,106,183,editorial_metadata,"Document in Magdalene College, Cambridge, Autograph Letter signed, with seals"
V04-P0413,184,207,editorial_metadata,List of Records No. 596
V04-P0414,0,35,running_head,406 RECORDS OF THE VIRGINIA COMPANY
V04-P0415,0,21,running_head,"NOVEMBER 27, 1623 407"
V04-P0415,755,810,editorial_metadata,"Manuscript Records Virginia Company, III, pt. ii, p. 53"
V04-P0415,811,861,editorial_metadata,"Document in Library of Congress, Washington, D. C."
V04-P0415,862,885,editorial_metadata,List of Records No. 597
V04-P0416,0,3,running_head,408
V04-P0416,37,68,editorial_metadata,RECORDS OF THE VIRGINIA COMPANY
V04-P0417,0,27,running_head,"BEFORE DECEMBER 7, 1623 409"
V04-P0418,0,35,running_head,410 RECORDS OF THE VIRGINIA COMPANY
V04-P0419,0,23,running_head,"BEFORE DECEMBER 7, 1623"
V04-P0420,0,3,running_head,412
V04-P0420,5,36,editorial_metadata,RECORDS OF THE VIRGINIA COMPANY
V04-P0421,0,27,running_head,"BEFORE DECEMBER 7, 1623 413"
V04-P0422,0,3,running_head,414
V04-P0422,5,36,editorial_metadata,RECORDS OF THE VIRGINIA COMPANY
V04-P0423,0,23,running_head,"BEFORE DECEMBER 7, 1623"
V04-P0424,0,3,running_head,416
V04-P0424,791,822,editorial_metadata,RECORDS OF THE VIRGINIA COMPANY
V04-P0425,0,23,running_head,"BEFORE DECEMBER 7, 1623"
V04-P0426,0,3,running_head,418
V04-P0426,875,906,editorial_metadata,RECORDS OF THE VIRGINIA COMPANY
V04-P0427,0,27,running_head,"BEFORE DECEMBER 7, 1623 419"
V04-P0428,0,3,running_head,420
V04-P0428,857,888,editorial_metadata,RECORDS OF THE VIRGINIA COMPANY
V04-P0429,0,23,running_head,"BEFORE DECEMBER 7, 1623"
V04-P0430,0,3,running_head,422
V04-P0430,824,855,editorial_metadata,RECORDS OF THE VIRGINIA COMPANY
V04-P0431,0,27,running_head,"BEFORE DECEMBER 7, 1623 42°"
V04-P0432,0,36,running_head,A424 RECORDS OF THE VIRGINIA COMPANY
V04-P0433,0,27,running_head,"BEFORE DECEMBER 7, 1623 425"
V04-P0434,0,35,running_head,426 RECORDS OF THE VIRGINIA COMPANY
V04-P0435,0,27,running_head,"BEFORE DECEMBER 7, 1623 427"
V04-P0436,0,35,running_head,428 RECORDS OF THE VIRGINIA COMPANY
V04-P0437,0,28,running_head,"BEFORE DECEMBER 7, 1628 A429"
V04-P0438,0,35,running_head,430 RECORDS OF THE VIRGINIA COMPANY
V04-P0439,0,27,running_head,"BEFORE DECEMBER 7, 1623 431"
V04-P0440,0,35,running_head,432 RECORDS OF THE VIRGINIA COMPANY
V04-P0441,0,27,running_head,"BEFORE DECEMBER 7, 1623 433"
V04-P0442,0,35,running_head,434 RECORDS OF THE VIRGINIA COMPANY
V04-P0443,0,24,running_head,"EARLY DECEMBER, 1623 435"
V04-P0443,254,327,editorial_metadata,"Manchester Papers No. 402. Additional MSS. 12496, fo. 454 (Caesar Papers)"
V04-P0443,328,392,editorial_metadata,"Document in Public Record Office, London; also in British Museum"
V04-P0443,393,416,editorial_metadata,List of Records No. 604
V04-P0443,1858,1946,editorial_metadata,"some important particulars, The document in the British Museum is addressed to the Lords"
V04-P0444,0,35,running_head,436 RECORDS OF THE VIRGINIA COMPANY
V04-P0445,0,25,running_head,"EARLY DECEMBER, 1623 A437"
V04-P0446,0,35,running_head,438 RECORDS OF THE VIRGINIA COMPANY
V04-P0447,0,24,running_head,"EARLY DECEMBER, 1623 439"
V04-P0448,0,35,running_head,440 RECORDS OF THE VIRGINIA COMPANY
V04-P0449,0,20,running_head,"DECEMBER 8, 1623 441"
V04-P0449,77,132,editorial_metadata,"Manuscript Records Virginia Company, III, pt. ii, p. 53"
V04-P0449,133,183,editorial_metadata,"Document in Library of Congress, Washington, D. C."
V04-P0449,184,207,editorial_metadata,List of Records No. 598
V04-P0449,1025,1081,editorial_metadata,"Manuscript Records Virginia Company, III, pt. ii, p. 53a"
V04-P0449,1082,1132,editorial_metadata,"Document in Library of Congress, Washington, D, C."
V04-P0449,1133,1156,editorial_metadata,List of Records No. 603
V04-P0450,0,35,running_head,442 RECORDS OF THE VIRGINIA COMPANY
V04-P0450,827,850,editorial_metadata,List of Records No. 602
V04-P0450,1123,1163,editorial_metadata,"Document in Public Record Office, London"
V04-P0450,1164,1187,editorial_metadata,List of Records No. 599
V04-P0451,0,21,running_head,"DECEMBER 19, 1628 443"
V04-P0451,148,188,editorial_metadata,"Document in Public Record Office, London"
V04-P0451,189,212,editorial_metadata,List of Records No. 601
V04-P0451,459,536,editorial_metadata,"(1) Manuseript Records Virginia Company, II, pt. i, p. 70a. (2) C. O. 5, Vol."
V04-P0451,537,604,editorial_metadata,"1354, p. 210. (3) Privy Council Register, James I, Vol. VI, p. 199."
V04-P0451,605,679,editorial_metadata,"Document in (1) Library of Congress, Washington, D. C.; (2) and (3) Public"
V04-P0451,703,726,editorial_metadata,List of Records No. 606
V04-P0452,0,35,running_head,444 RECORDS OF THE VIRGINIA COMPANY
V04-P0452,560,610,editorial_metadata,"Document in Library of Congress, Washington, D. C."
V04-P0452,611,634,editorial_metadata,List of Records No. 607
V04-P0453,0,22,running_head,"DECEMBER 31, 1623 445,"
V04-P0453,427,467,editorial_metadata,"Document in Public Reeord Office, London"
V04-P0453,468,491,editorial_metadata,List of Records No. 608
V04-P0453,712,768,editorial_metadata,"Manuscript Records Virginia Company, III, pt. il, p. 63."
V04-P0453,769,819,editorial_metadata,"Document in Library of Congress, Washington, D. C."
V04-P0453,820,847,editorial_metadata,List of Records No. 609 (a)
V04-P0454,0,35,running_head,446 RECORDS OF THE VIRGINIA COMPANY
V04-P0454,411,466,editorial_metadata,"Manuscript Records Virginia Company, II, pt. ii, p. 68a"
V04-P0454,467,517,editorial_metadata,"Document in Library of Congress, Washington, D. C."
V04-P0454,518,544,editorial_metadata,List of Records No. 609(b}
V04-P0455,0,22,running_head,"JANUARY 19, 1623/4 447"
V04-P0455,109,165,editorial_metadata,"Manuscript Records Virginia Company, III, pt. ii, p. 53a"
V04-P0455,166,216,editorial_metadata,"Document in Library of Congress, Washington, D. C."
V04-P0455,1067,1123,editorial_metadata,"Manuscript Records Virginia Company, III, pt. ti, p, 41a"
V04-P0455,1125,1174,editorial_metadata,"Document in Library of Congress, Washington, D.C,"
V04-P0455,1175,1198,editorial_metadata,List of Records No. 617
V04-P0456,0,35,running_head,448 RECORDS OF THE VIRGINIA COMPANY
V04-P0456,1650,1705,editorial_metadata,"Manuseript Records Virginia Company, LI, pt. ii, p. 53a"
V04-P0456,1706,1756,editorial_metadata,"Document in Library of Congress, Washington, D. C."
V04-P0456,1757,1783,editorial_metadata,List of Records No. 619(a)
V04-P0457,0,22,running_head,"JANUARY 26, 1623/4 449"
V04-P0457,480,535,editorial_metadata,"Manuscript Records Virginia Company, III, pt. ii, p. 54"
V04-P0457,536,586,editorial_metadata,"Document in Library of Congress, Washington, D. C."
V04-P0457,587,614,editorial_metadata,List of Records No. 619 (b)
V04-P0458,0,35,running_head,450 RECORDS OF THE VIRGINIA COMPANY
V04-P0458,245,326,editorial_metadata,"Document in (1) Library of Congress, Washington, D. C.; (2) Public Record Office,"
V04-P0458,334,357,editorial_metadata,List of Records No. 620
V04-P0459,0,22,running_head,"JANUARY 30, 1623/4 451"
V04-P0460,0,5,running_head,pee S
V04-P0460,7,42,editorial_metadata,452 RECORDS OF THE VIRGINIA COMPANY
V04-P0461,0,22,running_head,"JANUARY 30, 1623/4 453"
V04-P0462,0,35,running_head,454 RECORDS OF THE VIRGINIA COMPANY
V04-P0463,0,29,running_head,"EARLY IN FEBRUARY, 1623/4 455"
V04-P0463,464,545,editorial_metadata,"(1) €.0.1, vol. II, No. 20. (2) Manuscript Records Virginia. Company, III, pt. i,"
V04-P0463,555,625,editorial_metadata,"Document in (1) Public Record Office, London; (2) Library of Congress,"
V04-P0463,626,642,editorial_metadata,"Washington, D.C."
V04-P0463,643,675,editorial_metadata,List of Records Nos. 403 and 621
V04-P0463,1139,1195,editorial_metadata,"Manuscript Records Virginia Company, IIT, pt. ii, p. 60a"
V04-P0463,1196,1246,editorial_metadata,"Document in Library of Congress, Washington, D, C,"
V04-P0463,1247,1270,editorial_metadata,List of Records No. 625
V04-P0464,0,35,running_head,456 RECORDS OF THE VIRGINIA COMPANY
V04-P0464,1300,1355,editorial_metadata,"Manuscript Records Virginia Company, III, pt. i, p. 60a"
V04-P0464,1356,1406,editorial_metadata,"Document in Library of Congress, Washington, D. C."
V04-P0465,0,20,running_head,"FEBRUARY, 1623/4 457"
V04-P0465,892,948,editorial_metadata,"Manuscript Records Virginia Company, ILI, pt. ii, p. 60a"
V04-P0465,949,999,editorial_metadata,"Document in Library of Congress, Washington, D. C."
V04-P0465,1000,1023,editorial_metadata,List of Records No. 622
V04-P0466,0,35,running_head,458 RECORDS OF THE VIRGINIA COMPANY
V04-P0466,677,758,editorial_metadata,"(1) Manuscript Records Virginia Company, III, pt. 1, p. 4a. (2) C. O. 1, vol. TI,"
V04-P0466,766,847,editorial_metadata,"Document in (1) Library of Congress, Washington, D. C.; (2) Publie Record Office,"
V04-P0466,855,878,editorial_metadata,List of Records No. 628
V04-P0466,1212,1252,editorial_metadata,"Document in Public Record Office, London"
V04-P0466,1253,1276,editorial_metadata,"List of Records No, 629"
V04-P0467,0,18,running_head,"MARCT!, 1623/4 459"
V04-P0467,105,160,editorial_metadata,"Manuscript Records Virginia Company, III, pt. ii, p. 62"
V04-P0467,161,211,editorial_metadata,"Document in Library of Congress, Washington, D. C."
V04-P0467,212,235,editorial_metadata,List of Records No. 631
V04-P0468,0,35,running_head,460 RECORDS OF THE VIRGINIA COMPANY
V04-P0468,154,209,editorial_metadata,"Manuscript Records Virginia Company, III, pt. ii, p. 62"
V04-P0468,210,260,editorial_metadata,"Document in Library of Congress, Washington, D. C."
V04-P0469,0,17,running_head,"MARCH, 1623/4 461"
V04-P0469,1294,1350,editorial_metadata,"Manuscript Records Virginia Company, III, pt. ii, p. 62a"
V04-P0469,1351,1401,editorial_metadata,"Document in Library of Congress, Washington, D. C."
V04-P0469,1402,1425,editorial_metadata,List of Records No. 632
V04-P0470,0,35,running_head,462 RECORDS OF THE VIRGINIA COMPANY
V04-P0471,0,17,running_head,"MARCH, 1628/4 463"
V04-P0471,138,193,editorial_metadata,"Manuscript Records Virginia Company, II, pt. ii, p. 62a"
V04-P0471,195,245,editorial_metadata,"Document in Library of Congress, Washington, D. C."
V04-P0471,246,269,editorial_metadata,List of Records No. 634
V04-P0472,0,35,running_head,464 RECORDS OF THE VIRGINIA COMPANY
V04-P0472,1171,1251,editorial_metadata,"(1) Manuseript Records Virginia Company, III, pt. i, p. 6. (2) C. O. 1, Vol. IL,"
V04-P0472,1258,1338,editorial_metadata,"Doeument in (ED) Library ef Congress, Washington, D.C. (2) Publie Record Ollice,"
V04-P0472,1420,1443,editorial_metadata,List of Records No. 640
V04-P0473,0,20,running_head,"MARCH 2,3 1623/4 465"
V04-P0473,639,721,editorial_metadata,"(1) Manuscript Records Virginia Company, III, pt.i, pp. 6, 6a, 7a. (2) C.0.1, Vol."
V04-P0473,756,836,editorial_metadata,"Document in (1) Library of Coneress, Washington, D.C.; (2) Public Record Office,"
V04-P0473,845,889,editorial_metadata,"List of Records Nos. 635, 636, 638, 639, 640"
V04-P0473,1444,1524,editorial_metadata,"(1) Manuscript Records Virginia Company, III, pt. i, p. 6. (2) C.0. 1, Vol. ITI,"
V04-P0473,1544,1624,editorial_metadata,"Document in (1) Library of Congress, Washington, D.C.; (2) Public Record Office,"
V04-P0474,0,36,running_head,466 RECORDS OF TILE VIRGINIA COMPANY
V04-P0474,125,177,editorial_metadata,"Manuseript Records Virginia Company, IJ, pt. i, p. 9"
V04-P0474,178,228,editorial_metadata,"Document in Library of Congress, Washington, D. C."
V04-P0474,229,252,editorial_metadata,List of Records No. 643
V04-P0474,519,574,editorial_metadata,"Manuscript Records Virginia Company, ILI, pt. ii, p. 61"
V04-P0474,575,625,editorial_metadata,"Document in Library of Congress, Washington, D, C."
V04-P0474,626,649,editorial_metadata,"List of Records No, 647"
V04-P0475,0,19,running_head,"MARCH 9, 1628/4 467"
V04-P0476,0,35,running_head,468 RECORDS OF THE VIRGINIA COMPANY
V04-P0476,118,173,editorial_metadata,"Manuscript Records Virginia Company, III, pt. ii, p. 61"
V04-P0476,174,224,editorial_metadata,"Document in Library of Congress, Washington, D. C."
V04-P0476,225,248,editorial_metadata,List of Records No. 649
V04-P0477,0,18,running_head,"MARCH 11, 1623 469"
V04-P0477,104,159,editorial_metadata,"Manuscript Records Virginia Company, III, pt, ii, p. 61"
V04-P0477,160,210,editorial_metadata,"Document in Library of Congress, Washington, D. C."
V04-P0477,211,235,editorial_metadata,List of Records No. 6492
V04-P0478,0,37,running_head,{70 RECORDS OF PHI VIRGINIAN COMPPANY
V04-P0478,118,174,editorial_metadata,"Manuscript Records Virginia Company, ITT, pt. ii, p. 41a"
V04-P0478,175,225,editorial_metadata,"Document in Library of Congress, Washington, D. C."
V04-P0478,226,249,editorial_metadata,List of Records No. 652
V04-P0479,0,28,running_head,"MARCIT 23, 24, 25, 1623/4 47"
V04-P0479,130,185,editorial_metadata,"Manuscript Records Virginia Company, IUI, pt. ii, p. 63"
V04-P0479,186,236,editorial_metadata,"Document in Library of Congress, Washington, D. C."
V04-P0480,0,35,running_head,AT2 RECORDS OF THE VIRGINIA COMPANY
V04-P0480,149,204,editorial_metadata,"Manuscript Records Virginia Company, ILI, pt. ii, p. 63"
V04-P0480,205,255,editorial_metadata,"Document in Library of Congress, Washington, D. C."
V04-P0480,256,279,editorial_metadata,List of Records No. 654
V04-P0481,0,19,running_head,"MARCI! 30, 1624 473"
V04-P0481,97,153,editorial_metadata,"Manuscript Records Virginia Company, ITI, pt. ii, p. 61a"
V04-P0481,154,204,editorial_metadata,"Document in Library of Congress, Washington, D. C."
V04-P0481,205,228,editorial_metadata,List of Records No. 635
V04-P0482,0,35,running_head,474 RECORDS OF THE VIRGINIA COMPANY
V04-P0482,107,162,editorial_metadata,"Manuscript Records Virginia Company, III, pt. ii, p. 61"
V04-P0482,163,212,editorial_metadata,"Document in Library of Congress, Washington, D.C."
V04-P0482,213,236,editorial_metadata,List of Records No. 659
V04-P0482,1271,1325,editorial_metadata,"Manuscript Records Virginia Company, III, pt. i, p. 8a"
V04-P0482,1326,1376,editorial_metadata,"Document in Library of Congress, Washington, D. C."
V04-P0482,1377,1400,editorial_metadata,List of Records No. 660
V04-P0483,0,18,running_head,"APRIL 17, 1624 475"
V04-P0484,0,35,running_head,476 RECORDS OF THE VIRGINIA COMPANY
V04-P0484,104,130,editorial_metadata,"Manchester Papers, Ne. 400"
V04-P0484,131,191,editorial_metadata,"Document in Public Record Office, London. Autograph document"
V04-P0484,192,215,editorial_metadata,List of Records No. 663
V04-P0486,0,8,running_head,| Pas ae
V04-P0488,0,59,running_head,XVI. Part of “Heads of a Speech” in the House of Commons by
V04-P0488,60,118,editorial_metadata,"Sir Nathaniel Rich, in his handwriting. Manchester Papers."
V04-P0489,0,19,running_head,"APRIL 28, 1624 ‘ATT"
V04-P0489,767,811,editorial_metadata,"Document in the Public Record Office, London"
V04-P0489,812,835,editorial_metadata,List of Records No. 665
V04-P0490,0,35,running_head,478 RECORDS OF THE VIRGINIA COMPANY
V04-P0490,727,740,editorial_metadata,Ferrar Papers
V04-P0490,870,893,editorial_metadata,List of Records No. 669
V04-P0491,0,12,running_head,MAY 1624 479
V04-P0492,0,35,running_head,480 RECORDS OF THE VIRGINIA COMPANY
V04-P0492,108,164,editorial_metadata,"Manuscript Records Virginia Company, ILI, pt. ii, p. Gla"
V04-P0492,166,216,editorial_metadata,"Document in Library of Congress, Washington, D. C."
V04-P0492,217,240,editorial_metadata,List of Records No. 671
V04-P0492,1391,1444,editorial_metadata,"Manuscript Records Virginia Company, III, pt. i, p. 9"
V04-P0492,1445,1495,editorial_metadata,"Document in Library of Congress, Washington, D. C."
V04-P0492,1496,1519,editorial_metadata,List of Records No. 675
V04-P0493,0,16,running_head,"MAY 12, 1624 481"
V04-P0494,0,35,running_head,482 RECORDS OF THE VIRGINIA COMPANY
V04-P0494,120,175,editorial_metadata,"Manuscript Records Virginia Company, III, pt. ii, p. 61"
V04-P0494,176,226,editorial_metadata,"Document in Library of Congress, Washington, D. C."
V04-P0494,227,250,editorial_metadata,List of Records No. 678
V04-P0495,0,17,running_head,"JUNE 14, 1624 483"
V04-P0495,593,633,editorial_metadata,"Document in Public Record Office, London"
V04-P0495,634,657,editorial_metadata,List of Records No. 679
V04-P0495,1057,1097,editorial_metadata,"Document in Public Record Office, London"
V04-P0495,1098,1121,editorial_metadata,List of Records No. 683
V04-P0496,0,35,running_head,484 RECORDS OF THE VIRGINIA COMPANY
V04-P0496,628,668,editorial_metadata,"Document in Public Record Office, London"
V04-P0496,669,692,editorial_metadata,List of Records No. 684
V04-P0497,0,17,running_head,"JUNE 22, 1624 485"
V04-P0497,116,142,editorial_metadata,"Manchester Papers, No. 403"
V04-P0497,143,183,editorial_metadata,"Document in Public Record Office, London"
V04-P0497,184,207,editorial_metadata,List of Records No. 685
V04-P0498,0,35,running_head,486 RECORDS OF THE VIRGINIA COMPANY
V04-P0499,0,17,running_head,"JUNE 26, 1624 487"
V04-P0499,118,174,editorial_metadata,"Manuscript Records Virginia Company, III, pt. ii, p. 498"
V04-P0499,175,224,editorial_metadata,"Document in Library of Congress, Washington, D.C."
V04-P0499,225,248,editorial_metadata,List of Records No. 686
V04-P0499,1391,1414,editorial_metadata,List of Records No. 688
V04-P0500,0,35,running_head,488 RECORDS OF THE VIRGINIA COMPANY
V04-P0500,866,906,editorial_metadata,"Document in Public Record Office, London"
V04-P0500,907,939,editorial_metadata,List of Records Nos. 689 and 690
V04-P0500,1229,1269,editorial_metadata,"Document in Public Record Office, London"
V04-P0500,1270,1293,editorial_metadata,List of Records No. 693
V04-P0501,0,17,running_head,"JULY 12, 1624 489"
V04-P0501,870,946,editorial_metadata,"(1) Manuscript Records Virginia Company, IL, pt. i, p. Sa, (2) ©. O. f, Vat."
V04-P0501,958,1039,editorial_metadata,"Doeument in (1) Library of Congress, Washington, D. C.; (2) Publie Kecord Office,"
V04-P0501,1047,1070,editorial_metadata,List of Records No. 698
V04-P0501,1300,1355,editorial_metadata,"Manuscript Records Virginia Company, III, pt. i, p. 61a"
V04-P0501,1356,1403,editorial_metadata,"Document in Library of Congress, Washington, D."
V04-P0501,1404,1427,editorial_metadata,List of Records No. 699
V04-P0502,0,35,running_head,490 RECORDS OF THE VIRGINIA COMPANY
V04-P0502,461,544,editorial_metadata,"(1) Patent Roll, 22 James I, pt.1,doc. No. 4°. (2) Additional MSS. 12496, fos. 464-"
V04-P0502,565,629,editorial_metadata,"Document in (1) Public Record Office, London; (2) British Museum"
V04-P0502,630,653,editorial_metadata,List of Records No. 701
V04-P0502,1676,1775,editorial_metadata,"on Patent Roll 22 Jae. I, part 1, doe. No. 46, The substance of the bill is the same as the letters"
V04-P0503,0,17,running_head,"JULY 15, 1624 491"
V04-P0504,0,35,running_head,492 RECORDS OF THE VIRGINIA COMPANY
V04-P0505,0,17,running_head,"JULY 15, 1624 493"
V04-P0506,0,35,running_head,404 RECORDS OF THE VIRGINIA COMPANY
V04-P0507,0,17,running_head,"JULY 15, 1624 495"
V04-P0508,0,35,running_head,496 RECORDS OF THE VIRGINIA COMPANY
V04-P0509,0,17,running_head,"JULY 16, 1624 497"
V04-P0509,1041,1081,editorial_metadata,"Document in Public Record Office, London"
V04-P0509,1082,1105,editorial_metadata,List of Records No. 702
V04-P0510,0,35,running_head,498 RECORDS OF THE VIRGINIA COMPANY
V04-P0511,0,18,running_head,"JULY 16, 1624 A499"
V04-P0512,0,35,running_head,500 RECORDS OF THE VIRGINIA COMPANY
V04-P0512,665,705,editorial_metadata,"Document in Public Record Office, London"
V04-P0513,0,19,running_head,"AUGUST 26, 1624 501"
V04-P0513,305,348,editorial_metadata,"Patent Roll, 22 James I, pt. 17, doc. No. 2"
V04-P0513,390,413,editorial_metadata,"List of Records No, 720"
V04-P0514,0,35,running_head,502 RECORDS OF THE VIRGINIA COMPANY
V04-P0514,828,898,editorial_metadata,"as in the recitals to No. CDLXI (List of Records No. 701), almost word"
V04-P0515,0,19,running_head,"AUGUST 26, 1624 503"
V04-P0516,0,13,running_head,"PSe Pe Waatt,"
V04-P0516,810,879,editorial_metadata,"Document in (1) Public Record Office, London; (2) Library of Congress"
V04-P0516,880,903,editorial_metadata,List of Records No. 722
V04-P0517,0,20,running_head,"OCTOBER 28, 1624 505"
V04-P0517,167,201,editorial_metadata,"Document in British Museum, London"
V04-P0517,202,224,editorial_metadata,List of Records No 733
V04-P0518,0,35,running_head,506 RECORDS OF THE VIRGINIA COMPANY
V04-P0518,150,163,editorial_metadata,Ferrar Papers
V04-P0518,164,204,editorial_metadata,"Document in Magdalene College, Cambridge"
V04-P0518,205,228,editorial_metadata,List of Records No. 735
V04-P0519,0,20,running_head,"DECEMBER 2, 1624 507"
V04-P0519,145,228,editorial_metadata,"(1) Manuscript Records Virginia Company, III, pt. ii, p. ila. (2) C. 0, 1, Vol. TU,"
V04-P0519,236,317,editorial_metadata,"Document in (1) Library of Congress, Washington, D. C.; (2) Publie Record Office,"
V04-P0519,342,365,editorial_metadata,List of Records No. 748
V04-P0520,0,35,running_head,508 RECORDS OF THE VIRGINIA COMPANY
V04-P0521,0,22,running_head,"JANUARY 10, 1624/5 509"
V04-P0521,693,733,editorial_metadata,"Document in Public Record Office, London"
V04-P0521,734,757,editorial_metadata,List of Records No. 750
V04-P0522,0,35,running_head,510 RECORDS OF THE VIRGINIA COMPANY
V04-P0522,612,652,editorial_metadata,"Document in Public Record Office, London"
V04-P0522,653,676,editorial_metadata,List of Records No. 753
V04-P0523,0,22,running_head,"FEBRUARY 4, 1624/5 511"
V04-P0524,0,35,running_head,512 RECORDS OF THE VIRGINIA COMPANY
V04-P0525,0,22,running_head,"FEBRUARY 4, 1624/5 513"
V04-P0526,0,35,running_head,514 RECORDS OF THE VIRGINIA COMPANY
V04-P0527,0,22,running_head,"FEBRUARY 4, 1624/5 515"
V04-P0528,0,35,running_head,516 RECORDS OF THE VIRGINIA COMPANY
V04-P0529,0,22,running_head,"FEBRUARY 4, 1624]5 517"
V04-P0529,702,778,editorial_metadata,"(1) C. O. 1, Vol. TIL, No. 36. (2) Manuscript Records Virginia Company, III,"
V04-P0529,792,879,editorial_metadata,"Document in (1) Public Reeord Office, London; (2) Libtary of Congress, Washington, D.C,"
V04-P0529,880,903,editorial_metadata,List of Records No. 755
V04-P0530,0,35,running_head,518 RECORDS OF THE VIRGINIA COMPANY
V04-P0531,0,19,running_head,"APRIL (?), 1625 519"
V04-P0531,119,159,editorial_metadata,"Document in Public Reeord Office, London"
V04-P0531,160,183,editorial_metadata,List of Records No. 758
V04-P0532,0,35,running_head,520 RECORDS OF THE VIRGINIA COMPANY
V04-P0533,0,19,running_head,"APRIL (?), 1625 §21"
V04-P0534,0,35,running_head,522 RECORDS OF THE VIRGINIA COMPANY
V04-P0535,0,18,running_head,"APRIL(?), 1625 523"
V04-P0536,0,35,running_head,524 RECORDS OF THE VIRGINIA COMPANY
V04-P0537,0,19,running_head,"APRIL (?), 1626 525"
V04-P0538,0,35,running_head,526 RECORDS OF THE VIRGINIA COMPANY
V04-P0539,0,19,running_head,"APRIL (?), 1625 527"
V04-P0540,0,35,running_head,b28 RECORDS OF THI VIRGINIA COMPANY
V04-P0541,0,19,running_head,"APRIL (7), 1625 52u"
V04-P0542,0,35,running_head,530 RECORDS OF TIE VIRGINLA COMPANY
V04-P0543,0,19,running_head,"APRIL (?), 1626 531"
V04-P0544,0,35,running_head,532 RECORDS OF THE VIRGINIA COMPANY
V04-P0545,0,19,running_head,"APRIL (?), 1626 533"
V04-P0546,0,35,running_head,534 RECORDS OF THE VIRGINLA COMPANY
V04-P0547,0,19,running_head,"APRIL (?), 1625 535"
V04-P0548,0,35,running_head,536 RECORDS OF THE VIRGINIA COMPANY
V04-P0549,0,19,running_head,"APRIL (?), 1625 537"
V04-P0550,0,35,running_head,538 RECORDS OF THE VIRGINIA COMPANY
V04-P0551,0,19,running_head,"APRIL (?), 1625 539"
V04-P0552,0,35,running_head,540 RECORDS OF THE VIRGINIA COMPANY
V04-P0553,0,19,running_head,"APRIL (?), 1625 541"
V04-P0554,0,35,running_head,542 RECORDS OF Ube VIRGINEA COMPANY
V04-P0555,0,19,running_head,"APRIL (?), 1625 543"
V04-P0556,0,35,running_head,544 RECORDS OF THE VIRGINIA COMPANY
V04-P0557,0,19,running_head,"APRIL (?), 1625 545"
V04-P0558,0,35,running_head,546 RECORDS OF THE VIRGINIA COMPANY
V04-P0559,0,19,running_head,"APRIL (?), 1625 547"
V04-P0560,0,35,running_head,548 RECORDS OF THE VIRGINIA COMPANY
V04-P0561,0,19,running_head,"APRIL (?), 1625 549"
V04-P0562,0,35,running_head,550 RECORDS OF THE VIRGINIA COMPANY
V04-P0563,0,13,running_head,"MAY, 1626 681"
V04-P0563,781,858,editorial_metadata,"(1) Manuscript Records Virginia Company, IL, pt. ii, pp. 7la 75, (2) Virginia"
V04-P0563,889,940,editorial_metadata,"Documents in Library of Congress, Washington, D. C,"
V04-P0563,941,964,editorial_metadata,List of Records No. 759
V04-P0564,0,35,running_head,552 RECORDS OF THE VIRGINIA COMPANY
V04-P0565,0,9,running_head,"MAY, 1625"
V04-P0566,0,35,running_head,554 RECORDS OF THE VIRGINIA COMPANY
V04-P0567,0,13,running_head,"MAY, 1625 555"
V04-P0568,0,35,running_head,556 RECORDS OF THE VIRGINIA COMPANY
V04-P0569,0,16,running_head,M' W™ Claybourne
V04-P0570,0,35,running_head,558 RECORDS OF THE VIRGINIA COMPANY
V04-P0571,0,17,running_head,"JUNE 15, 1625 559"
V04-P0571,681,768,editorial_metadata,"(1) Manuscript Records Virginia Company, IIL, pt. ii, pp. 14, 14a. (2) C.0. 1, Vol. TL,"
V04-P0571,776,857,editorial_metadata,"Document in (1) Library of Congress, Washington, D. C,; (2) Public Reeord Office,"
V04-P0571,865,888,editorial_metadata,List of Records No. 761
V04-P0572,0,35,running_head,560 RECORDS OF THE VIRGINIA COMPANY
V04-P0573,0,17,running_head,"JUNE 15, 1625 561"
V04-P0574,0,35,running_head,562 RECORDS OF THE VIRGINIA COMPANY
V04-P0574,639,698,editorial_metadata,"Manuscript Records Virginia Company, III, pt.i, pp. 12a-13a"
V04-P0574,699,748,editorial_metadata,"Document in Library of Congress, Washington, D.C."
V04-P0574,749,772,editorial_metadata,List of Records No. 762
V04-P0575,0,17,running_head,"JUNE 18, 1626 563"
V04-P0576,0,35,running_head,564 RECORDS OF THE VIRGINIA COMPANY
V04-P0577,0,17,running_head,"JUNE 16, 1626 565"
V04-P0578,0,35,running_head,566 RECORDS OF THE VIRGINIA COMPANY
V04-P0579,0,21,running_head,"JANUARY 4, 1625/6 567"
V04-P0579,888,967,editorial_metadata,"(1) Manuscript Records Virginia Company, III, pt. ii, pp. 68a, 69. (2) C. 0. 1,"
V04-P0579,983,1064,editorial_metadata,"Document in (1) Library of Congress, Washington, D. C., signed; (2) Publie Record"
V04-P0579,1080,1103,editorial_metadata,List of Records No. 763
V04-P0580,0,35,running_head,568 RECORDS OF THE VIRGINIA COMPANY
V04-P0581,0,21,running_head,"JANUARY 4, 1625/6 569"
V04-P0582,0,35,running_head,570 RECORDS OF THE VIRGINIA COMPANY
V04-P0583,0,17,running_head,"APRIL 6, 1626 571"
V04-P0583,109,169,editorial_metadata,"Manuscript Records Virginia Company, III, pt. ii, pp. 69a~70"
V04-P0583,170,228,editorial_metadata,"Document in Library of Congress, Washington, D. C., signed"
V04-P0583,229,252,editorial_metadata,List of Records No. 764
V04-P0584,0,35,running_head,572 RECORDS OF THE VIRGINIA COMPANY
V04-P0585,0,17,running_head,"APRIL 6, 1626 573"
V04-P0586,0,35,running_head,574 RECORDS OF THE VIRGINIA COMPANY
V04-P0587,0,7,running_head,Addenda
V04-P0587,88,166,editorial_metadata,"(1) Patent Roll 21 James T, part 19. (2) Virginia Miscellancous Records (Blind"
V04-P0587,187,257,editorial_metadata,"Document in (1) Public Record Office, London; (2) Library of Congress,"
V04-P0587,258,274,editorial_metadata,"Washington, D.C."
V04-P0587,276,299,editorial_metadata,List of Records No. 499
V04-P0587,1622,1722,editorial_metadata,"from a photograph of the text in the Patent Roll (1 above); (2} is a late severiteenth-century copy,"
V04-P0588,0,35,running_head,576 RECORDS OF THE VIRGINIA COMPANY
V04-P0589,0,15,running_head,"MAY 9, 1623 577"
V04-P0590,0,35,running_head,578 RECORDS OF THE VIRGINIA COMPANY
V04-P0591,0,18,running_head,"MARCH &, 16283 579"
V04-P0592,0,36,running_head,580 RECORDS OF THIE VIRGINIA COMPANY
V04-P0592,969,1040,editorial_metadata,"(1) ©. 0.1:3,no.9. (2) Manuscript Records Virginia Company, ILI, pt. i,"
V04-P0592,1122,1138,editorial_metadata,"Washington, D.C."
V04-P0592,1139,1162,editorial_metadata,List of Records No. 642
V04-P0593,0,20,running_head,"ALARCH 5, 1628/4 581"
V04-P0594,0,35,running_head,582 RECORDS OF TRE VIRGINIA COMPANY
V04-P0595,0,19,running_head,"MARCH 6, 1628/4 583"
V04-P0596,0,35,running_head,584 RECORDS OF THE VIRGINIA COMPANY
V04-P0597,0,19,running_head,"MARCH 6, 1623/4 585"
