page_id,volume,start,end,source,confidence,header_line
V01-P0001,1,1619-04-28,1619-04-28,inherited,medium,THE COURT BOOK
V01-P0002,1,1619-04-28,1619-04-28,inherited,medium,
V01-P0003,1,1619-04-28,1619-04-28,inherited,medium,Herords of the
V01-P0004,1,1619-04-28,1619-04-28,inherited,medium,212 RECORDS OF THE VIRGINIA COMPANY
V01-P0005,1,1619-04-28,1619-04-28,running_header,high,"APRIL 28, 1619 213"
V01-P0006,1,1619-04-28,1619-05-12,between_headers,medium,214 RECORDS OF THE VIRGINIA COMPANY
V01-P0007,1,1619-05-12,1619-05-12,running_header,high,"MAY 12, 1619 215"
V01-P0008,1,1619-05-12,1619-05-26,between_headers,medium,216 RECORDS OF THE VIRGINIA COMPANY
V01-P0009,1,1619-05-12,1619-05-12,running_header,low,"MAY 12, 1619 217"
V01-P0010,1,1619-05-12,1619-05-26,between_headers,medium,218 RECORDS OF THE VIRGINIA COMPANY
V01-P0011,1,1619-05-26,1619-05-26,running_header,high,"MAY 26, 1619 219"
V01-P0012,1,1619-05-26,1619-05-26,inherited,medium,220 RECORDS OF THE VIRGINIA COMPANY
V01-P0013,1,1619-05-26,1619-05-26,running_header,high,"MAY 26, 1619 221"
V01-P0014,1,1619-05-26,1619-06-07,between_headers,medium,222 RECORDS OF THE VIRGINIA COMPANY
V01-P0015,1,1619-06-07,1619-06-07,running_header,high,"JUNE 7, 1619 220"
V01-P0016,1,1619-06-07,1619-06-09,between_headers,medium,224 RECORDS OF THE VIRGINIA COMPANY
V01-P0017,1,1619-06-09,1619-06-09,running_header,high,"JUNE 9, 1619 225"
V01-P0018,1,1619-06-09,1619-06-14,between_headers,medium,226 RECORDS OF THE VIRGINIA COMPANY
V01-P0019,1,1619-06-09,1619-06-09,running_header,low,"JUNE 9, 1619 227"
V01-P0020,1,1619-06-09,1619-06-14,between_headers,medium,228 RECORDS OF THE VIRGINIA COMPANY
V01-P0021,1,1619-06-14,1619-06-14,running_header,high,"JUNE 14, 1619 229"
V01-P0022,1,1619-06-14,1619-06-24,between_headers,medium,230 RECORDS OF THE VIRGINIA COMPANY
V01-P0023,1,1619-06-01,1619-06-01,running_header,low,"JUNE 1}, 1619 231"
V01-P0024,1,1619-06-14,1619-06-24,between_headers,medium,232 RECORDS OF THE VIRGINIA COMPANY
V01-P0025,1,1619-06-02,1619-06-02,running_header,low,"JUNE 2, 1619 233"
V01-P0026,1,1619-06-14,1619-06-24,between_headers,medium,234 RECORDS OF THE VIRGINIA COMPANY
V01-P0027,1,1619-06-24,1619-06-24,running_header,high,"JUNE 24, 1619 239"
V01-P0028,1,1619-06-24,1619-06-28,between_headers,medium,236 RECORDS OF THE VIRGINIA COMPANY
V01-P0029,1,1619-06-28,1619-06-28,running_header,low,"JUNE 28, 1619 237"
V01-P0030,1,1619-06-24,1619-06-28,between_headers,medium,238 RECORDS OF THE VIRGINIA COMPANY
V01-P0031,1,1619-06-28,1619-06-28,running_header,high,"JUNE 28, 1619 239"
V01-P0032,1,1619-06-28,1619-07-07,between_headers,medium,240 RECORDS OF THE VIRGINIA COMPANY
V01-P0033,1,1619-07-07,1619-07-07,running_header,high,"JULY 7, 1619 241"
V01-P0034,1,1619-07-07,1619-07-13,between_headers,medium,242 RECORDS OF TIE VIRGINIA COMPANY
V01-P0035,1,1619-07-07,1619-07-13,between_headers,medium,bo
V01-P0036,1,1619-07-07,1619-07-13,between_headers,medium,244 RECORDS OF THE VIRGINIA COMPANY
V01-P0037,1,1619-07-13,1619-07-13,running_header,high,"JULY 13, 1619 245"
V01-P0038,1,1619-07-13,1619-07-21,between_headers,medium,246 RECORDS OF THE VIRGINIA COMPANY
V01-P0039,1,1619-07-21,1619-07-21,running_header,low,"JULY 21, 1619 247"
V01-P0040,1,1619-07-13,1619-07-21,between_headers,medium,248 RECORDS OF THE VIRGINIA COMPANY
V01-P0041,1,1619-07-21,1619-07-21,running_header,high,"JULY 21, 1619 249"
V01-P0042,1,1619-07-21,1619-07-21,inherited,medium,250 RECORDS OF THE VIRGINIA COMPANY
V01-P0043,1,1619-07-21,1619-07-21,running_header,high,"JULY 21, 1619 251"
V01-P0044,1,1619-07-21,1619-10-20,between_headers,low,252 RECORDS OF THE VIRGINIA COMPANY
V01-P0045,1,1619-10-20,1619-10-20,running_header,high,"OCTOBER 20, 1619 953"
V01-P0046,1,1619-10-20,1619-11-03,between_headers,medium,254 RECORDS OF THE VIRGINIA COMPANY
V01-P0047,1,1619-11-03,1619-11-03,running_header,high,"NOVEMBER 3, 1619 255"
V01-P0048,1,1619-11-03,1619-11-03,inherited,medium,256 RECORDS OF THE VIRGINIA COMPANY
V01-P0049,1,1619-11-03,1619-11-03,running_header,low,"NOVEMBER 3, 1619 257"
V01-P0050,1,1619-11-03,1619-11-03,inherited,medium,258 RECORDS OF THE VIRGINIA COMPANY
V01-P0051,1,1619-11-03,1619-11-03,running_header,high,"NOVEMBER 3, 1619 259"
V01-P0052,1,1619-11-03,1619-11-15,between_headers,medium,260 RECORDS OF THE VIRGINIA COMPANY
V01-P0053,1,1619-11-15,1619-11-15,running_header,high,"NOVEMBER 15, 1619 261"
V01-P0054,1,1619-11-15,1619-11-16,between_headers,medium,262 RECORDS OF THE VIRGINIA COMPANY
V01-P0055,1,1619-11-16,1619-11-16,running_header,high,"NOVEMBER 16, 1619 263"
V01-P0056,1,1619-11-16,1619-11-17,between_headers,medium,264 RECORDS OF THE VIRGINIA COMPANY
V01-P0057,1,1619-11-17,1619-11-17,running_header,high,"NOVEMBER 17, 1619"
V01-P0058,1,1619-11-17,1619-11-17,inherited,medium,266 RECORDS OF THE VIRGINIA COMPANY
V01-P0059,1,1619-11-17,1619-11-17,running_header,low,"NOVEMBER 17, 1619 267"
V01-P0060,1,1619-11-17,1619-11-17,inherited,medium,268 RECORDS OF THE VIRGINIA COMPANY
V01-P0061,1,1619-11-01,1619-11-30,running_header,low,"NOVEMBER, 1619 269"
V01-P0062,1,1619-11-17,1619-11-17,inherited,medium,Mr. Thfer bin w®
V01-P0063,1,1619-11-17,1619-11-17,running_header,high,"NOVEMBER 17, 1619 271"
V01-P0064,1,1619-11-17,1619-11-17,inherited,medium,A Comittee to
V01-P0065,1,1619-11-17,1619-11-17,running_header,high,"NOVEMBER 17, 1619 273"
V01-P0066,1,1619-11-17,1619-11-22,between_headers,medium,274 RECORDS OF THE VIRGINIA COMPANY
V01-P0067,1,1619-11-22,1619-11-22,running_header,high,"NOVEMBER 22, 1619 275"
V01-P0068,1,1619-11-22,1619-12-01,between_headers,medium,276 RECORDS OF THE VIRGINIA COMPANY
V01-P0069,1,1619-12-01,1619-12-01,running_header,low,"DECEMBER 1, 1619 277"
V01-P0070,1,1619-11-22,1619-12-01,between_headers,medium,278 RECORDS OF THE VIRGINIA COMPANY
V01-P0071,1,1619-12-01,1619-12-01,running_header,high,"DECEMBER 1, 1619 279"
V01-P0072,1,1619-12-01,1619-12-15,between_headers,medium,280 RECORDS OF THE VIRGINIA COMPANY
V01-P0073,1,1619-12-01,1619-12-15,between_headers,medium,IL. Writing of Thomas Collett (?)
V01-P0074,1,1619-12-01,1619-12-15,between_headers,medium,
V01-P0075,1,1619-12-01,1619-12-15,between_headers,medium,A Da
V01-P0076,1,1619-12-01,1619-12-15,between_headers,medium,
V01-P0077,1,1619-12-15,1619-12-15,running_header,high,"DECEMBER 15, 1619 281"
V01-P0078,1,1619-12-15,1619-12-23,between_headers,medium,ed
V01-P0079,1,1619-12-16,1619-12-16,running_header,low,"DECEMBER 16, 1619 283"
V01-P0080,1,1619-12-15,1619-12-23,between_headers,medium,284 RECORDS OF THE VIRGINIA COMPANY
V01-P0081,1,1619-12-15,1619-12-15,running_header,low,"DECEMBER 15, 1619 285"
V01-P0082,1,1619-12-15,1619-12-23,between_headers,medium,The moéon ap-
V01-P0083,1,1619-12-16,1619-12-16,running_header,low,"DECEMBER 16, 1619 287"
V01-P0084,1,1619-12-15,1619-12-23,between_headers,medium,288 RECORDS OF THE VIRGINIA COMPANY
V01-P0085,1,1619-12-23,1619-12-23,running_header,high,"DECEMBER 23, 1619 289"
V01-P0086,1,1619-12-23,1620-01-08,between_headers,medium,290 RECORDS OF THE VIRGINIA COMPANY
V01-P0087,1,1620-01-08,1620-01-08,running_header,high,"JANUARY 8, 1620 2ul"
V01-P0088,1,1620-01-08,1620-01-12,between_headers,medium,292 RECORDS OF THE VIRGINIA COMPANY
V01-P0089,1,1620-01-12,1620-01-12,running_header,high,"JANUARY 12, 1620 293"
V01-P0090,1,1620-01-12,1620-02-02,between_headers,medium,294 RECORDS OF THE VIRGINIA COMPANY
V01-P0091,1,1620-01-12,1620-01-12,running_header,low,"JANUARY 12, 1690 295"
V01-P0092,1,1620-01-12,1620-02-02,between_headers,medium,RECORDS OF THE Viht@GiINiA COMPANT
V01-P0093,1,1620-01-26,1620-01-26,running_header,low,"JANUARY 26, 1620 207"
V01-P0094,1,1620-01-12,1620-02-02,between_headers,medium,298 RECORDS OF THE VIRGINIA COMPANY
V01-P0095,1,1620-01-12,1620-02-02,between_headers,medium,"FTANUAR Y 26, 1620 299"
V01-P0096,1,1620-01-12,1620-02-02,between_headers,medium,The orders from
V01-P0097,1,1620-02-02,1620-02-02,running_header,high,"FEBRUARY 2, 1620 301"
V01-P0098,1,1620-02-02,1620-02-02,inherited,medium,1
V01-P0099,1,1620-02-02,1620-02-02,running_header,high,"FEBRUARY 2, 1620 303"
V01-P0100,1,1620-02-02,1620-02-02,inherited,medium,304 RECORDS OF THE VIRGINIA COMPANY
V01-P0101,1,1620-02-02,1620-02-02,running_header,high,"FEBRUARY 2, 1620 305"
V01-P0102,1,1620-02-02,1620-02-16,between_headers,medium,306
V01-P0103,1,1620-02-02,1620-02-02,running_header,low,"FEBRUARY 2, 1620 307"
V01-P0104,1,1620-02-02,1620-02-16,between_headers,medium,308 RECORDS OF THE Vii IME COMPANY
V01-P0105,1,1620-02-16,1620-02-16,running_header_old_style,high,"FEBRUARY 16, 1619 309"
V01-P0106,1,1620-02-16,1620-02-16,inherited,medium,M' Thir acquaint-
V01-P0107,1,1620-02-16,1620-02-16,running_header_old_style,high,"FEBRUARY 16, 1619 311"
V01-P0108,1,1620-02-16,1620-02-22,between_headers,medium,The proposiGons
V01-P0109,1,1620-02-22,1620-02-22,running_header_old_style,high,"FEBRUARY 22, 1619 313"
V01-P0110,1,1620-02-22,1620-02-22,inherited,medium,"The Box of 550"" to"
V01-P0111,1,1620-02-22,1620-02-22,running_header_old_style,high,"FEBRUARY 22, 1619 315"
V01-P0112,1,1620-02-22,1620-03-15,between_headers,medium,316 RECORDS OF THE VIRGINIA COMPANY
V01-P0113,1,1620-03-02,1620-03-02,running_header_old_style,low,"MARCH 2, 1619 317"
V01-P0114,1,1620-02-22,1620-03-15,between_headers,medium,Smithe hundred
V01-P0115,1,1620-03-15,1620-03-15,running_header_old_style,high,"MARCH 15, 1619 319"
V01-P0116,1,1620-03-15,1620-03-16,between_headers,medium,The people sent in
V01-P0117,1,1620-03-16,1620-03-16,running_header_old_style,high,"MARCH 16, 1619 321"
V01-P0118,1,1620-03-16,1620-03-20,between_headers,medium,322 RECORDS OF THE VIRGINIA COMPANY
V01-P0119,1,1620-03-20,1620-03-20,running_header,high,"MARCH 20, 1620 323"
V01-P0120,1,1620-03-20,1620-03-20,inherited,medium,Comissioners ap-
V01-P0121,1,1620-03-20,1620-03-20,running_header,high,"MARCH 20, 1620 325"
V01-P0122,1,1620-03-20,1620-03-29,between_headers,medium,A Virginia Courte
V01-P0123,1,1620-03-29,1620-03-29,running_header_year_fixed,high,"MARCH 29, 1619 327"
V01-P0124,1,1620-03-29,1620-03-29,inherited,medium,M° Lacobb to pros-
V01-P0125,1,1620-03-29,1620-03-29,running_header_year_fixed,high,"MARCH 29, 1619 329"
V01-P0126,1,1620-03-29,1620-04-03,between_headers,medium,330 RECORDS OF THE VIRGINIA COMPANY
V01-P0127,1,1620-04-03,1620-04-03,running_header,high,"APRIL 3, 1620 331"
V01-P0128,1,1620-04-03,1620-04-03,inherited,medium,332 RECORDS OF THEO VIRGINEL COMPANY
V01-P0129,1,1620-04-03,1620-04-03,running_header,high,"APRIL 3, 1620 333"
V01-P0130,1,1620-04-03,1620-04-08,between_headers,medium,Elizabeth Percy
V01-P0131,1,1620-04-08,1620-04-08,running_header,high,"APRIL 8, 1620 335"
V01-P0132,1,1620-04-08,1620-04-08,inherited,medium,336 RECORDS OF THE VIRGINIA COMPANY
V01-P0133,1,1620-04-08,1620-04-08,running_header,high,"APRIL 8, 1620 337"
V01-P0134,1,1620-04-08,1620-05-11,between_headers,low,338 RECORDS OF THE VIRGINIA COMPANY
V01-P0135,1,1620-05-11,1620-05-11,running_header,high,"MAY 11, 1620 339"
V01-P0136,1,1620-05-11,1620-05-11,inherited,medium,a Petiéon tu be ex-
V01-P0137,1,1620-05-11,1620-05-11,running_header,high,"MAY 11, 1620 341"
V01-P0138,1,1620-05-11,1620-05-15,between_headers,medium,342
V01-P0139,1,1620-05-15,1620-05-15,running_header,high,"MAY 15, 1620 343"
V01-P0140,1,1620-05-15,1620-05-17,between_headers,medium,The Comittees for
V01-P0141,1,1620-05-15,1620-05-17,between_headers,medium,
V01-P0142,1,1620-05-15,1620-05-17,between_headers,medium,——— >
V01-P0143,1,1620-05-15,1620-05-17,between_headers,medium,wnt by X ddinh ‘I arenggel a PS fn “ . Spt by
V01-P0144,1,1620-05-15,1620-05-17,between_headers,medium,
V01-P0145,1,1620-05-17,1620-05-17,running_header,high,"MAY 17, 1620 345"
V01-P0146,1,1620-05-17,1620-05-17,inherited,medium,346 RECORDS OF THE VIRGINIA COMPANY
V01-P0147,1,1620-05-17,1620-05-17,running_header,high,"MAY 17, 1620 347"
V01-P0148,1,1620-05-17,1620-05-17,inherited,medium,m' Abra: Cart-
V01-P0149,1,1620-05-17,1620-05-17,running_header,high,"MAY I7, 1620 349"
V01-P0150,1,1620-05-17,1620-05-17,inherited,medium,350 RECORDS OF THE VIRGINIA COMPANY
V01-P0151,1,1620-05-17,1620-05-17,running_header,high,"MAY 17, 1620 351"
V01-P0152,1,1620-05-17,1620-05-17,inherited,medium,People
V01-P0153,1,1620-05-17,1620-05-17,running_header,high,"MAY 17, 1620 353"
V01-P0154,1,1620-05-17,1620-05-17,inherited,medium,Guifte
V01-P0155,1,1620-05-17,1620-05-17,running_header,high,"MAY 17, 1620 355"
V01-P0156,1,1620-05-17,1620-05-17,inherited,medium,356 RECORDS OF THE VIRGINIA COMPANY
V01-P0157,1,1620-05-17,1620-05-17,running_header,high,"MAY 17, 1620 357"
V01-P0158,1,1620-05-17,1620-05-23,between_headers,medium,358 RECORDS OF THE VIRGINIA COMPANY
V01-P0159,1,1620-05-23,1620-05-23,running_header,high,"MAY 23, 1620 359"
V01-P0160,1,1620-05-23,1620-05-23,inherited,medium,Capt Argoll and
V01-P0161,1,1620-05-23,1620-05-23,running_header,high,"MAY 23, 1620 361"
V01-P0162,1,1620-05-23,1620-05-23,inherited,medium,362 RECORDS OF THE VIRGINIA COMPANY
V01-P0163,1,1620-05-23,1620-05-23,running_header,high,"MAY 23, 1620 363"
V01-P0164,1,1620-05-23,1620-05-31,between_headers,medium,2 Petiéone de-
V01-P0165,1,1620-05-31,1620-05-31,running_header,high,"MAY 31, 1620 365"
V01-P0166,1,1620-05-31,1620-05-31,inherited,medium,8S‘ Tho: Wroth ex-
V01-P0167,1,1620-05-31,1620-05-31,running_header,high,"MAY 31, 1620 367"
V01-P0168,1,1620-05-31,1620-06-23,between_headers,medium,368 RECORDS OF THE VIRGINIA COMPANY
V01-P0169,1,1620-06-23,1620-06-23,running_header,high,"JUNE 23, 1620 369"
V01-P0170,1,1620-06-23,1620-06-23,inherited,medium,mi Whittakers and
V01-P0171,1,1620-06-23,1620-06-23,running_header,high,"JUNE 23, 1620 371"
V01-P0172,1,1620-06-23,1620-06-26,between_headers,medium,372 RECORDS OF THE VIRGINIA COMPANY
V01-P0173,1,1620-06-26,1620-06-26,running_header,high,"JUNE 26, 1620 373"
V01-P0174,1,1620-06-26,1620-06-26,inherited,medium,374 RECORDS OF THE VIRGINIA COMPANY
V01-P0175,1,1620-06-26,1620-06-26,running_header,high,"JUNE 26, 1620 375"
V01-P0176,1,1620-06-26,1620-06-26,inherited,medium,M* Caninge & M*
V01-P0177,1,1620-06-26,1620-06-26,running_header,high,"JUNE 26, 1620 377"
V01-P0178,1,1620-06-26,1620-06-28,between_headers,medium,378 RECORDS OF THE VIRGINIA COMPANY
V01-P0179,1,1620-06-28,1620-06-28,running_header,high,"JUNE 28, 1620 379"
V01-P0180,1,1620-06-28,1620-06-28,inherited,medium,Magazine Tobacco
V01-P0181,1,1620-06-28,1620-06-28,running_header,high,"JUNE 28, 1620 381"
V01-P0182,1,1620-06-28,1620-06-28,inherited,medium,Great CharterCon-
V01-P0183,1,1620-06-28,1620-06-28,running_header,high,"JUNE 28, 1620 383"
V01-P0184,1,1620-06-28,1620-06-28,inherited,medium,384 RECORDS OF THE VIRGINIA COMPANY
V01-P0185,1,1620-06-28,1620-06-28,running_header,high,"JUNE 28, 1620 385"
V01-P0186,1,1620-06-28,1620-07-07,between_headers,medium,386 RECORDS OF THE VIRGINIA COMPANY
V01-P0187,1,1620-07-07,1620-07-07,running_header,high,"JULY 7, 1620 387"
V01-P0188,1,1620-07-07,1620-07-07,inherited,medium,Vnitie
V01-P0189,1,1620-07-07,1620-07-07,running_header,high,"JULY 7, 1620 389"
V01-P0190,1,1620-07-07,1620-07-07,inherited,medium,390 RECORDS OF THE VIRGINIA COMPANY
V01-P0191,1,1620-07-07,1620-07-07,running_header,high,"JULY 7, 1620 391"
V01-P0192,1,1620-07-07,1620-07-07,inherited,medium,Cattle
V01-P0193,1,1620-07-07,1620-07-07,inherited,medium,"JULF 1, 1620 393"
V01-P0194,1,1620-07-07,1620-07-07,inherited,medium,Gouerment
V01-P0195,1,1620-07-07,1620-07-07,running_header,high,"JULY 7, 1620 395"
V01-P0196,1,1620-07-07,1620-07-07,inherited,medium,396 RECORDS OF THE VIRGINIA COMPANY
V01-P0197,1,1620-07-07,1620-07-07,running_header,high,"JULY 7, 1620 397"
V01-P0198,1,1620-07-07,1620-07-12,between_headers,medium,Comittee fordraw-
V01-P0199,1,1620-07-12,1620-07-12,running_header,high,"JULY 12, 1620 399"
V01-P0200,1,1620-07-12,1620-07-12,inherited,medium,My Lo: of South-
V01-P0201,1,1620-07-12,1620-07-12,running_header,high,"JULY 12, 1620 401"
V01-P0202,1,1620-07-12,1620-07-12,inherited,medium,402 RECORDS OF THE VIRGINIA COMPANY
V01-P0203,1,1620-07-12,1620-07-12,running_header,high,"JULY 12, 1620 403"
V01-P0204,1,1620-07-12,1620-07-18,between_headers,medium,Comission to mf!
V01-P0205,1,1620-07-18,1620-07-18,running_header,high,"JULY 18, 1620"
V01-P0206,1,1620-07-18,1620-07-18,inherited,medium,ye 55000 waight to
V01-P0207,1,1620-07-18,1620-07-18,running_header,high,"JULY 18, 1620 407"
V01-P0208,1,1620-07-18,1620-11-04,between_headers,low,408 RECORDS OF THE VIRGINIA COMPANY
V01-P0209,1,1620-11-04,1620-11-04,running_header,high,"NOVEMBER 4, 1620 409"
V01-P0210,1,1620-11-04,1620-11-04,inherited,medium,The Abigall enter-
V01-P0211,1,1620-11-04,1620-11-04,running_header,high,"NOVEMBER 4, 1620 411"
V01-P0212,1,1620-11-04,1620-11-04,inherited,medium,412 RECORDS OF THE VIRGINIA COMPANY
V01-P0213,1,1620-11-04,1620-11-04,running_header,high,"NOVEMBER 4, 1620 413"
V01-P0214,1,1620-11-04,1620-11-13,between_headers,medium,414 RECORDS OF THE VIRGINIA COMPANY
V01-P0215,1,1620-11-13,1620-11-13,running_header,high,"NOVEMBER 13, 1620 415"
V01-P0216,1,1620-11-13,1620-11-13,inherited,medium,s' Tho: Roes re-
V01-P0217,1,1620-11-13,1620-11-13,running_header,high,"NOVEMBER 13, 1620 417"
V01-P0218,1,1620-11-13,1620-11-13,inherited,medium,418 RECORDS OF THE VIRGINIA COMPANY
V01-P0219,1,1620-11-13,1620-11-13,running_header,high,"NOVEMBER 13, 1620 419"
V01-P0220,1,1620-11-13,1620-11-15,between_headers,medium,S' Georg Yeardley
V01-P0221,1,1620-11-16,1620-11-16,running_header,low,"NOVEMBER 16, 1620 421"
V01-P0222,1,1620-11-13,1620-11-15,between_headers,medium,422 RECORDS OF THE VIRGINIA COMPANY
V01-P0223,1,1620-11-15,1620-11-15,running_header,high,"NOVEMBER 15, 1620 423"
V01-P0224,1,1620-11-15,1620-11-15,inherited,medium,424 RECORDS OF THE VIRGINIA COMPANY
V01-P0225,1,1620-11-15,1620-11-15,running_header,high,"NOVEMBER 15, 1620 425"
V01-P0226,1,1620-11-15,1620-11-16,between_headers,medium,m' Hen: Rowlands
V01-P0227,1,1620-11-16,1620-11-16,running_header,high,"NOVEMBER 16, 1620 427"
V01-P0228,1,1620-11-16,1620-12-13,between_headers,medium,428 RECORDS OF THE VIRGINIA COMPANY
V01-P0229,1,1620-12-13,1620-12-13,running_header,high,"DECEMBER 13, 1620 429"
V01-P0230,1,1620-12-13,1620-12-13,inherited,medium,A Certificate re-
V01-P0231,1,1620-12-13,1620-12-13,running_header,high,"DECEMBER 13, 1620 431"
V01-P0232,1,1620-12-13,1620-12-13,inherited,medium,m’ lIasper Stal-
V01-P0233,1,1620-12-13,1620-12-13,running_header,high,"DECEMBER 13, 1620 433"
V01-P0234,1,1620-12-13,1621-01-29,between_headers,low,434 RECORDS OF THE VIRGINIA COMPANY
V01-P0235,1,1621-01-29,1621-01-29,running_header_old_style,high,"JANUARY 29, 1620 435"
V01-P0236,1,1621-01-29,1621-01-29,inherited,medium,436 RECORDS OF THE VIRGINIA COMPANY
V01-P0237,1,1621-01-29,1621-01-29,running_header_old_style,high,"SANUARY 29, 1620 437"
V01-P0238,1,1621-01-29,1621-01-29,inherited,medium,438 RECORDS
V01-P0239,1,1621-01-29,1621-01-29,running_header_old_style,high,"JANUARY 29, 1620 439"
V01-P0240,1,1621-01-29,1621-02-22,between_headers,medium,m' Markhams re-
V01-P0241,1,1621-02-22,1621-02-22,running_header_old_style,high,"FEBRUARY 22, 1620 441"
V01-P0242,1,1621-02-22,1621-02-22,inherited,medium,442 RECORDS OF THE VIRGINIA COMPANY
V01-P0243,1,1621-02-22,1621-02-22,running_header_old_style,high,"FEBRUARY 22, 1620 443"
V01-P0244,1,1621-02-22,1621-04-12,between_headers,low,The LL*: desired
V01-P0245,1,1621-04-12,1621-04-12,running_header,high,"APRIL 12, 1621 445"
V01-P0246,1,1621-04-12,1621-04-12,inherited,medium,m' Edward Ben-
V01-P0247,1,1621-04-12,1621-04-12,running_header,high,"APRIL 12, 1621 447"
V01-P0248,1,1621-04-12,1621-04-12,inherited,medium,Counsell.
V01-P0249,1,1621-04-12,1621-04-12,running_header,high,"APRIL 12, 1621 449"
V01-P0250,1,1621-04-12,1621-04-12,inherited,medium,An officer to be
V01-P0251,1,1621-04-12,1621-04-12,running_header,high,"APRIL 12, 1621 451"
V01-P0252,1,1621-04-12,1621-04-30,between_headers,medium,452 MECORDS Gi? THI VTEGIN LA COMPANY”
V01-P0253,1,1621-04-30,1621-04-30,running_header,high,"APRIL 30, 1621 453"
V01-P0254,1,1621-04-30,1621-04-30,inherited,medium,454 RECORDS OF THE VIRGINIA COMPANY
V01-P0255,1,1621-04-30,1621-04-30,running_header,high,"APRIL 30, 1621 455"
V01-P0256,1,1621-04-30,1621-04-30,inherited,medium,The said offer rec-
V01-P0257,1,1621-04-30,1621-04-30,running_header,high,"APRIL 30, 1621 457"
V01-P0258,1,1621-04-30,1621-04-30,inherited,medium,nm Deputies re-
V01-P0259,1,1621-04-30,1621-04-30,running_header,high,"APRIL 30, 1621 459"
V01-P0260,1,1621-04-30,1621-04-30,inherited,medium,460 RECORDS OF THE VIRGINIA COMPANY
V01-P0261,1,1621-04-30,1621-04-30,running_header,high,"APRIL 30, 1621 461"
V01-P0262,1,1621-04-30,1621-05-02,between_headers,medium,462 RECORDS OF THE VIRGINIA COMPANY
V01-P0263,1,1621-05-02,1621-05-02,running_header,high,"MAY 2, 1621 463"
V01-P0264,1,1621-05-02,1621-05-02,inherited,medium,464 RECORDS OF THE VIRGINIA COMPANY
V01-P0265,1,1621-05-02,1621-05-02,inherited,medium,ing page 214 of Volume I of the original MS.
V01-P0266,1,1621-05-02,1621-05-02,inherited,medium,wail - oe eee lime . m1
V01-P0267,1,1621-05-02,1621-05-02,inherited,medium,Quarter Pownrte-/
V01-P0268,1,1621-05-02,1621-05-02,inherited,medium,
V01-P0269,1,1621-05-02,1621-05-02,running_header,high,"MAY 2, 1621 465"
V01-P0270,1,1621-05-02,1621-05-02,inherited,medium,St Iohn Dauers
V01-P0271,1,1621-05-02,1621-05-02,running_header,high,"MAY 2, 1621 467"
V01-P0272,1,1621-05-02,1621-05-02,inherited,medium,468 RECORDS OF THE VIRGINIA COMPANY
V01-P0273,1,1621-05-02,1621-05-02,running_header,high,"MAY 2, 1621 469"
V01-P0274,1,1621-05-02,1621-05-02,inherited,medium,470 RECORDS OF THE VIRGINIA COMPANY
V01-P0275,1,1621-05-02,1621-05-02,running_header,high,"MAY 2, 1621 471"
V01-P0276,1,1621-05-02,1621-05-02,inherited,medium,m' Io: Berkly
V01-P0277,1,1621-05-02,1621-05-02,running_header,high,"MAY 2, 1621 473"
V01-P0278,1,1621-05-02,1621-05-12,between_headers,medium,A Patent to Capt
V01-P0279,1,1621-05-12,1621-05-12,running_header,high,"MAY 12, 1621 475"
V01-P0280,1,1621-05-12,1621-06-11,between_headers,medium,Allowance to mf‘
V01-P0281,1,1621-06-11,1621-06-11,running_header,high,"JUNE 11, 1621 477"
V01-P0282,1,1621-06-11,1621-06-11,inherited,medium,My Lo: of South-
V01-P0283,1,1621-06-11,1621-06-11,running_header,high,"JUNE 11, 1621 479"
V01-P0284,1,1621-06-11,1621-06-11,inherited,medium,m’ Casewe
V01-P0285,1,1621-06-11,1621-06-11,running_header,high,"JUNE 11, 1621 481"
V01-P0286,1,1621-06-11,1621-06-11,inherited,medium,3 ffortificaton.
V01-P0287,1,1621-06-11,1621-06-11,running_header,high,"JUNE 11, 1621 483"
V01-P0288,1,1621-06-11,1621-06-11,inherited,medium,The Bishops to be
V01-P0289,1,1621-06-11,1621-06-11,running_header,high,"JUNE 11, 1621 485"
V01-P0290,1,1621-06-11,1621-06-13,between_headers,medium,486 RECORDS OF THE VIRGINIA COMPANY
V01-P0291,1,1621-06-18,1621-06-18,running_header,low,"JUNE 18, 1621 487"
V01-P0292,1,1621-06-11,1621-06-13,between_headers,medium,488 RECORDS OF THE VIRGINIA COMPANY
V01-P0293,1,1621-06-13,1621-06-13,running_header,high,"JUNE 13, 1621 489"
V01-P0294,1,1621-06-13,1621-06-13,inherited,medium,The Companies
V01-P0295,1,1621-06-13,1621-06-13,running_header,high,"JUNE 13, 1621 491"
V01-P0296,1,1621-06-13,1621-06-13,inherited,medium,A Patent graunted
V01-P0297,1,1621-06-13,1621-06-13,running_header,high,"JUNE 13, 1621 493"
V01-P0298,1,1621-06-13,1621-06-13,inherited,medium,The Comittees re-
V01-P0299,1,1621-06-13,1621-06-13,running_header,high,"JUNE 13, 1621 495"
V01-P0300,1,1621-06-13,1621-06-13,inherited,medium,y¢ 2 Indian mayde
V01-P0301,1,1621-06-13,1621-06-13,running_header,high,"JUNE 13, 1621 497"
V01-P0302,1,1621-06-13,1621-06-25,between_headers,medium,498 RECORDS OF THE VIRGINIA COMPANY
V01-P0303,1,1621-06-25,1621-06-25,running_header,high,"JUNE 25, 1621 499"
V01-P0304,1,1621-06-25,1621-07-02,between_headers,medium,500 RECORDS OF THE VIRGINIA COMPANY
V01-P0305,1,1621-07-02,1621-07-02,running_header,high,"JULY 2, 1621 501"
V01-P0306,1,1621-07-02,1621-07-10,between_headers,medium,A Tre written to
V01-P0307,1,1621-07-10,1621-07-10,running_header,high,"JULY 10, 1621 503"
V01-P0308,1,1621-07-10,1621-07-10,inherited,medium,3 Seuerall Voy-
V01-P0309,1,1621-07-10,1621-07-10,running_header,high,"JULY 10, 1621 505"
V01-P0310,1,1621-07-10,1621-07-10,inherited,medium,m’ Bolton y* Myn-
V01-P0311,1,1621-07-10,1621-07-10,running_header,high,"JULY 10, 1621 507"
V01-P0312,1,1621-07-10,1621-07-10,inherited,medium,Request made to
V01-P0313,1,1621-07-10,1621-07-10,running_header,high,"JULY 10, 1621 509"
V01-P0314,1,1621-07-10,1621-07-12,between_headers,medium,The Courté re-
V01-P0315,1,1621-07-12,1621-07-12,running_header,high,"JULY 12, 1621 511"
V01-P0316,1,1621-07-12,1621-07-16,between_headers,medium,512 RECORDS OF THE VIRGINIA COMPANY
V01-P0317,1,1621-07-16,1621-07-16,running_header,high,"JULY 16, 1621 513"
V01-P0318,1,1621-07-16,1621-07-16,inherited,medium,514 RECORDS OF THE VIRGINIA COMPANY
V01-P0319,1,1621-07-16,1621-07-16,running_header,high,"JULY 16, 1621 515"
V01-P0320,1,1621-07-16,1621-07-16,inherited,medium,m' Pott€ enter-
V01-P0321,1,1621-07-16,1621-07-16,running_header,high,"JULY 16, 1621 517"
V01-P0322,1,1621-07-16,1621-07-16,inherited,medium,The Vse and end
V01-P0323,1,1621-07-16,1621-07-16,running_header,high,"JULY 16, 1621 519"
V01-P0324,1,1621-07-16,1621-07-24,between_headers,medium,520 RECORDS OF THE VIRGINIA COMPANY
V01-P0325,1,1621-07-24,1621-07-24,running_header,high,"JULY 24, 1621 521"
V01-P0326,1,1621-07-24,1621-07-24,inherited,medium,522 RECORDS OF THE VIRGINIA COMPANY
V01-P0327,1,1621-07-24,1621-07-24,running_header,high,"JULY 24, 1621 A 523"
V01-P0328,1,1621-07-24,1621-07-27,between_headers,medium,524 RECORDS OF THE VIRGINIA COMPANY
V01-P0329,1,1621-07-27,1621-07-27,running_header,high,"JULY 27, 1621 525"
V01-P0330,1,1621-07-27,1621-10-17,between_headers,low,526
V01-P0331,1,1621-10-17,1621-10-17,running_header,high,"OCTOBER 17, 1621 527"
V01-P0332,1,1621-10-17,1621-10-17,inherited,medium,The Comp*: an-
V01-P0333,1,1621-10-17,1621-10-17,running_header,high,"OCTOBER 17, 1621 529"
V01-P0334,1,1621-10-17,1621-10-24,between_headers,medium,530 RECORDS OF THE VIRGINIA COMPANY
V01-P0335,1,1621-10-24,1621-10-24,running_header,high,"OCTOBER 24, 1621 531"
V01-P0336,1,1621-10-24,1621-10-24,inherited,medium,"70"" procured by"
V01-P0337,1,1621-10-24,1621-10-24,running_header,high,"OCTOBER 24, 1621 533"
V01-P0338,1,1621-10-24,1621-10-31,between_headers,medium,A moéon for Pat-
V01-P0339,1,1621-10-02,1621-10-02,running_header,low,"OCTOBER 2}, 1621 535"
V01-P0340,1,1621-10-24,1621-10-31,between_headers,medium,Direction to be
V01-P0341,1,1621-10-31,1621-10-31,running_header,high,"OCTOBER 31, 1621 537"
V01-P0342,1,1621-10-31,1621-10-31,inherited,medium,538 RECORDS OF THE VIRGINIA COMPANY
V01-P0343,1,1621-10-31,1621-10-31,running_header,high,"OCTOBER 31, 1621 539"
V01-P0344,1,1621-10-31,1621-10-31,inherited,medium,540 RECORDS OF THE VIRGINIA COMPANY
V01-P0345,1,1621-10-31,1621-10-31,running_header,high,"OCTOBER 31, 1621 541"
V01-P0346,1,1621-10-31,1621-10-31,inherited,medium,542 RECORDS OF THE VIRGINIA COMPANY
V01-P0347,1,1621-10-31,1621-10-31,running_header,high,"OCTOBER 31, 1621 543"
V01-P0348,1,1621-10-31,1621-11-14,between_headers,medium,544 RECORDS OF THE VIRGINIA COMPANY
V01-P0349,1,1621-11-14,1621-11-14,running_header,high,"NOVEMBER 14, 1621 545"
V01-P0350,1,1621-11-14,1621-11-14,inherited,medium,546 RECORDS OF THE VIRGINIA COMPANY
V01-P0351,1,1621-11-14,1621-11-14,running_header,high,"NOVEMBER 14, 1621 547"
V01-P0352,1,1621-11-14,1621-11-19,between_headers,medium,548 RECORDS OF THE VIRGINIA COMPANY
V01-P0353,1,1621-11-19,1621-11-19,running_header,high,"NOVEMBER 19, 1621 049"
V01-P0354,1,1621-11-19,1621-11-19,inherited,medium,550 RECORDS OF THE VIRGINIA COMPANY
V01-P0355,1,1621-11-19,1621-11-19,running_header,high,"NOVEMBER 19, 1621 551"
V01-P0356,1,1621-11-19,1621-11-21,between_headers,medium,552 RECORDS OF THE VIRGINIA COMPANY
V01-P0357,1,1621-11-21,1621-11-21,running_header,high,"NOVEMBER 21, 1621 553"
V01-P0358,1,1621-11-21,1621-11-21,inherited,medium,554 RECORDS OF THE VIRGINIA COMPANY
V01-P0359,1,1621-11-21,1621-11-21,running_header,high,"NOVEMBER 21, 1621 555"
V01-P0360,1,1621-11-21,1621-11-21,inherited,medium,556 RECORDS OF THE VIRGINIA COMPANY
V01-P0361,1,1621-11-01,1621-11-01,running_header,low,"NOVEMBER @1, 1621 557"
V01-P0362,1,1621-11-21,1621-11-21,inherited,medium,558 RECORDS OF THE VIRGINIA COMPANY
V01-P0363,1,1621-11-21,1621-11-21,running_header,high,"NOVEMBER 21, 1621 559"
V01-P0364,1,1621-11-21,1621-11-21,inherited,medium,560 RECORDS OF THE VIRGINIA COMPANY
V01-P0365,1,1621-11-21,1621-11-21,running_header,high,"NOVEMBER 21, 1621 561"
V01-P0366,1,1621-11-21,1621-11-21,inherited,medium,562 RECORDS OF THE VIRGINIA COMPANY
V01-P0367,1,1621-11-21,1621-11-21,running_header,high,"NOVEMBER 21, 1621 563"
V01-P0368,1,1621-11-21,1621-11-21,inherited,medium,564 RECORDS OF THE VIRGINIA COMPANY
V01-P0369,1,1621-11-21,1621-11-21,running_header,high,"NOVEMBER 21, 1621 565"
V01-P0370,1,1621-11-21,1621-11-21,inherited,medium,566 RECORDS OF THE VIRGINIA COMPANY
V01-P0371,1,1621-11-21,1621-11-21,running_header,high,"NOVEMBER 21, 1621 567"
V01-P0372,1,1621-11-21,1621-12-04,between_headers,medium,568 RECORDS OF THE VIRGINIA COMPANY
V01-P0373,1,1621-12-04,1621-12-04,running_header,high,"DECEMBER 4, 1621 569"
V01-P0374,1,1621-12-04,1621-12-19,between_headers,medium,570 RECORDS OF THE VIRGINIA COMPANY
V01-P0375,1,1621-12-19,1621-12-19,running_header,high,"DECEMBER 19, 1621 571"
V01-P0376,1,1621-12-19,1621-12-19,inherited,medium,572 RECORDS OF THE VIRGINIA COMPANY
V01-P0377,1,1621-12-19,1621-12-19,running_header,high,"DECEMBER 19, 1621 573"
V01-P0378,1,1621-12-19,1622-01-16,between_headers,medium,574 RECORDS OF THE VIRGINIA COMPANY
V01-P0379,1,1622-01-16,1622-01-16,running_header,high,"JANUARY 16, 1622 575"
V01-P0380,1,1622-01-16,1622-01-21,between_headers,medium,576 RECORDS OF THE VIRGINIA COMPANY
V01-P0381,1,1622-01-21,1622-01-21,running_header,high,"JANUARY 21, 1622 577"
V01-P0382,1,1622-01-21,1622-01-28,between_headers,medium,578 RECORDS OF THE VIRGINIA COMPANY
V01-P0383,1,1622-01-28,1622-01-28,running_header,high,"JANUARY 28, 1622 579"
V01-P0384,1,1622-01-28,1622-01-28,inherited,medium,580 RECURDS OF THE VIRGINIA COMPANY
V01-P0385,1,1622-01-28,1622-01-28,running_header,high,"JANUARY 28, 1622 581"
V01-P0386,1,1622-01-28,1622-01-28,inherited,medium,582 RECORDS OF THE VIRGINIA COMPANY
V01-P0387,1,1622-01-28,1622-01-28,running_header,high,"JANUARY 28, 1622 583"
V01-P0388,1,1622-01-28,1622-01-30,between_headers,medium,584 RECORDS OF THE VIRGINIA COMPANY
V01-P0389,1,1622-01-28,1622-01-30,between_headers,medium,m’ Taylo’.
V01-P0390,1,1622-01-28,1622-01-30,between_headers,medium,586
V01-P0391,1,1622-01-30,1622-01-30,running_header,high,"JANUARY 30, 1622 587"
V01-P0392,1,1622-01-30,1622-01-30,inherited,medium,588 RECORDS OF THE VIRGINIA COMPANY
V01-P0393,1,1622-01-30,1622-01-30,running_header,high,"SANUARY 30, 1622 589"
V01-P0394,1,1622-01-30,1622-01-30,inherited,medium,590 RECORDS OF THE VIRGINIA COMPANY
V01-P0395,1,1622-01-30,1622-01-30,running_header,high,"JANUARY 30, 1622 591"
V01-P0396,1,1622-01-30,1622-01-30,inherited,medium,592 RECORDS OF THE VIRGINIA COMPANY
V01-P0397,1,1622-01-30,1622-01-30,running_header,high,"JANUARY 30, 1622 593"
V01-P0398,1,1622-01-30,1622-01-30,inherited,medium,594 RECORDS OF THE VIRGINIA COMPANY
V01-P0399,1,1622-01-30,1622-01-30,running_header,high,"JANUARY 30, 1622 . 595"
V01-P0400,1,1622-01-30,1622-02-13,between_headers,medium,596 RECORDS OF THE VIRGINIA COMPANY
V01-P0401,1,1622-02-13,1622-02-13,running_header,high,"FEBRUARY 13, 1622 597"
V01-P0402,1,1622-02-13,1622-02-13,inherited,medium,598 RECORDS OF THE VIRGINIA COMPANY
V01-P0403,1,1622-02-13,1622-02-13,running_header,high,"FEBRUARY 13, 1622 599"
V01-P0404,1,1622-02-13,1622-02-13,inherited,medium,600 RECORDS OF THE VIRGINIA COMPANY
V01-P0405,1,1622-02-13,1622-02-13,running_header,high,"FEBRUARY 13, 1622 601"
V01-P0406,1,1622-02-13,1622-02-13,inherited,medium,602 RECORDS OF THE VIRGINIA COMPANY
V01-P0407,1,1622-02-13,1622-02-13,running_header,high,"FEBRUARY 13, 1622 603"
V01-P0408,1,1622-02-13,1622-02-27,between_headers,medium,604 RECORDS OF THE VIRGINIA COMPANY
V01-P0409,1,1622-02-27,1622-02-27,running_header,high,"FEBRUARY 27, 1622 605"
V01-P0410,1,1622-02-27,1622-02-27,inherited,medium,606 RECORDS OF THE VIRGINIA COMPANY
V01-P0411,1,1622-02-27,1622-02-27,running_header,high,"FEBRUARY 27, 1622 607"
V01-P0412,1,1622-02-27,1622-02-27,inherited,medium,608 RECORDS OF THE VIRGINIA COMPANY
V01-P0413,1,1622-02-27,1622-02-27,running_header,high,"FEBRUARY 27, 1622 609"
V01-P0414,1,1622-02-27,1622-02-27,inherited,medium,610 RECORDS OF THE VIRGINIA COMPANY
V01-P0415,1,1622-02-27,1622-02-27,running_header,high,"FEBRUARY 27, 1622 611"
V01-P0416,1,1622-02-27,1622-03-13,between_headers,medium,612 RECORDS OF THE VIRGINIA COMPANY ©
V01-P0417,1,1622-03-13,1622-03-13,running_header,high,"MARCH 13, 1622 613"
V01-P0418,1,1622-03-13,1622-03-13,inherited,medium,614
V01-P0419,1,1622-03-13,1622-03-13,running_header,high,"MARCH 13, 1622 615"
V01-P0420,1,1622-03-13,1622-03-13,inherited,medium,616 RECORDS OF THE VIRGINIA COMPANY
V01-P0421,1,1622-03-13,1622-03-13,running_header,high,"MARCH 13, 1622 617"
V01-P0422,1,1622-03-13,1622-03-13,inherited,medium,618 RECORDS OF THE VIRGINIA COMPANY
V01-P0423,1,1622-03-13,1622-03-13,running_header,high,"MARCH 13, 1622 619"
V01-P0424,1,1622-03-13,1622-03-20,between_headers,medium,620 RECORDS OF THE VIRGINIA COMPANY
V01-P0425,1,1622-03-20,1622-03-20,running_header,high,"MARCH 20, 1622 621"
V01-P0426,1,1622-03-20,1622-03-27,between_headers,medium,622 RECORDS OF THE VIRGINIA COMPANY
V01-P0427,1,1622-03-27,1622-03-27,running_header,high,"MARCH 27, 1622 623"
V01-P0428,1,1622-03-27,1622-04-03,between_headers,medium,624 RECORDS OF THE VIRGINIA COMPANY
V01-P0429,1,1622-04-03,1622-04-03,running_header,high,"‘ APRIL 3, 1622 625"
V01-P0430,1,1622-04-03,1622-04-10,between_headers,medium,626 RECORDS OF THE VIRGINIA COMPANY
V01-P0431,1,1622-04-10,1622-04-10,running_header,high,"APRIL 10, 1622 627"
V01-P0432,1,1622-04-10,1622-04-10,inherited,medium,628 RECORDS OF THE VIRGINIA COMPANY
V01-P0433,1,1622-04-10,1622-04-10,running_header,high,"APRIL 10, 1622 629"
V01-P0434,1,1622-04-10,1622-05-08,between_headers,medium,630 RECORDS OF THE VIRGINIA COMPANY
V01-P0435,1,1622-05-08,1622-05-08,running_header,high,"MAY 8, 1622 631"
V01-P0436,1,1622-05-08,1622-05-08,inherited,medium,632 RECORDS OF THE VIRGINIA COMPANY
V01-P0437,1,1622-05-08,1622-05-08,running_header,high,"MAY 8, 1622 633"
V01-P0438,1,1622-05-08,1622-05-08,inherited,medium,634 RECORDS OF THE VIRGINIA COMPANY
V01-P0439,1,1622-05-08,1622-05-08,running_header,high,"MAY 8, 1622 635"
V01-P0440,1,1622-05-08,1622-05-08,inherited,medium,636 RECORDS OF THE VIRGINIA COMPANY
V01-P0441,1,1622-05-08,1622-05-08,inherited,medium,
V01-P0442,1,1622-05-08,1622-05-08,inherited,medium,
V01-P0443,1,1622-05-08,1622-05-08,inherited,medium,
V01-P0444,1,1622-05-08,1622-05-08,inherited,medium,—_
V01-P0445,1,1622-05-08,1622-05-08,inherited,medium,
V01-P0446,1,1622-05-08,1622-05-08,inherited,medium,
V01-P0447,1,1622-05-08,1622-05-08,inherited,medium,
V01-P0448,1,1622-05-08,1622-05-08,inherited,medium,reitsstes
V02-P0001,2,1622-05-20,1622-05-20,inherited,medium,Rerords of the
V02-P0002,2,1622-05-20,1622-05-20,inherited,medium,10 RECORDS OF THE VIRGINIA COMPANY
V02-P0003,2,1622-05-20,1622-05-20,running_header,low,"MAY 20, 1692 : 11"
V02-P0004,2,1622-05-20,1622-05-20,inherited,medium,12 RECORDS OF THE VIRGINIA COMPANY
V02-P0005,2,1622-05-20,1622-05-20,running_header,low,"MAY 20, 1692 0 ‘ 13"
V02-P0006,2,1622-05-20,1622-05-20,inherited,medium,14 RECORDS OF THE VIRGINIA COMPANY
V02-P0007,2,1622-05-20,1622-05-20,running_header,high,"MAY 20, 1622 15"
V02-P0008,2,1622-05-20,1622-05-20,inherited,medium,16 RECORDS OF THE VIRGINIA COMPANY
V02-P0009,2,1622-05-20,1622-05-20,running_header,high,"MAY 20, 1622 -"
V02-P0010,2,1622-05-20,1622-05-22,between_headers,medium,18 RECORDS OF THE VIRGINIA COMPANY
V02-P0011,2,1622-05-20,1622-05-22,between_headers,medium,"MAY 98, 10980 19"
V02-P0012,2,1622-05-20,1622-05-22,between_headers,medium,20 RECORDS OF THE VIRGINIA COMPANY
V02-P0013,2,1622-05-22,1622-05-22,running_header,low,"MAY 22, 1692 21"
V02-P0014,2,1622-05-20,1622-05-22,between_headers,medium,22 RECORDS OF THE VIRGINIA COMPANY
V02-P0015,2,1622-05-22,1622-05-22,running_header,low,"MAY 22, 1692 : 23"
V02-P0016,2,1622-05-20,1622-05-22,between_headers,medium,RECORDS OF THE VIRGINIA COMPANY
V02-P0017,2,1622-05-22,1622-05-22,running_header,high,"MAY 22, 1622 25"
V02-P0018,2,1622-05-22,1622-05-22,inherited,medium,26 RECORDS OF THE VIRGINIA COMPANY
V02-P0019,2,1622-05-22,1622-05-22,running_header,high,"MAY 22, 1622 27"
V02-P0020,2,1622-05-22,1622-05-22,inherited,medium,28 RECORDS OF THE VIRGINIA COPMANY
V02-P0021,2,1622-05-22,1622-05-22,running_header,high,"MAY 22, 1622 : —_ 7m 29"
V02-P0022,2,1622-05-22,1622-06-19,between_headers,medium,30 RECORDS OF THE VIRGINIA COMPANY
V02-P0023,2,1622-05-22,1622-05-22,running_header,low,"MAY 92, 1628 —_— j 31"
V02-P0024,2,1622-05-22,1622-06-19,between_headers,medium,32 RECORDS OF THE VIRGINIA COMPANY
V02-P0025,2,1622-06-06,1622-06-06,running_header,low,"JUNE 6, 1622"
V02-P0026,2,1622-05-22,1622-06-19,between_headers,medium,34 RECORDS OF THE VIRGINIA COMPANY
V02-P0027,2,1622-06-05,1622-06-05,running_header,low,"JUNE 5, 1622 - 35"
V02-P0028,2,1622-05-22,1622-06-19,between_headers,medium,36 | RECORDS OF THE VIRGINIA COMPANY
V02-P0029,2,1622-05-22,1622-06-19,between_headers,medium,"JUNE 6, 169 se 37"
V02-P0030,2,1622-05-22,1622-06-19,between_headers,medium,38 RECORDS OF THE VIRGINIA COMPANY
V02-P0031,2,1622-06-19,1622-06-19,running_header,high,"JUNE 19, 1622"
V02-P0032,2,1622-06-19,1622-06-19,inherited,medium,40 RECORDS OF THE VIRGINIA COMPANY
V02-P0033,2,1622-06-19,1622-06-19,running_header,low,"JUNE 19, 1628 — , 41"
V02-P0034,2,1622-06-19,1622-06-19,inherited,medium,42 RECORDS OF THE VIRGINIA COMPANY
V02-P0035,2,1622-06-19,1622-06-19,running_header,high,"JUNE 19, 1622 43"
V02-P0036,2,1622-06-19,1622-06-19,inherited,medium,44 RECORDS OF THE VIRGINIA COMPANY
V02-P0037,2,1622-06-19,1622-06-19,inherited,medium,
V02-P0038,2,1622-06-19,1622-06-19,inherited,medium,
V02-P0039,2,1622-06-19,1622-06-19,inherited,medium,ae.
V02-P0040,2,1622-06-19,1622-06-19,inherited,medium,
V02-P0041,2,1622-06-19,1622-06-19,running_header,high,"JUNE 19, 1622 45"
V02-P0042,2,1622-06-19,1622-06-19,inherited,medium,46 RECORDS OF THE VIRGINIA COMPANY
V02-P0043,2,1622-06-19,1622-06-19,running_header,low,"JUNE 19, 1682 © , 47"
V02-P0044,2,1622-06-19,1622-06-19,inherited,medium,RECORDS OF THE VIRGINIA COMPANY
V02-P0045,2,1622-06-19,1622-06-19,running_header,high,"JUNE 19, 1622 . é, 49"
V02-P0046,2,1622-06-19,1622-06-29,between_headers,medium,50 RECORDS OF THE VIRGINIA COMPANY
V02-P0047,2,1622-06-19,1622-06-19,running_header,low,"JUNE 19, 1682 51"
V02-P0048,2,1622-06-19,1622-06-29,between_headers,medium,52
V02-P0049,2,1622-06-19,1622-06-29,between_headers,medium,"JUNE 19, 1698 53"
V02-P0050,2,1622-06-19,1622-06-29,between_headers,medium,RECORDS OF THE VIRGINIA COMPANY
V02-P0051,2,1622-06-19,1622-06-19,running_header,low,"JUNE 19, 1692 55"
V02-P0052,2,1622-06-19,1622-06-19,running_header,low,"JUNE 19, 1692 55"
V02-P0053,2,1622-06-19,1622-06-29,between_headers,medium,56 RECORDS OF THE VIRGINIA COMPANY
V02-P0054,2,1622-06-29,1622-06-29,running_header,low,"JUNE 29, 1682"
V02-P0055,2,1622-06-19,1622-06-29,between_headers,medium,58 RECORDS OF THE VIRGINIA COMPANY
V02-P0056,2,1622-06-29,1622-06-29,running_header,high,"JUNE 29, 1622 59"
V02-P0057,2,1622-06-29,1622-07-01,between_headers,medium,60 RECORDS OF THE VIRGINIA COMPANY
V02-P0058,2,1622-06-29,1622-07-01,between_headers,medium,"JUNE @9, 1008 © 9-1. +s. 61"
V02-P0059,2,1622-06-29,1622-07-01,between_headers,medium,62
V02-P0060,2,1622-06-29,1622-06-29,running_header,low,"JUNE 29, 1692 — 63"
V02-P0061,2,1622-06-29,1622-07-01,between_headers,medium,64 RECORDS OF THE VIRGINIA COMPANY
V02-P0062,2,1622-06-29,1622-07-01,between_headers,medium,S* Walter Earle.
V02-P0063,2,1622-06-29,1622-07-01,between_headers,medium,66 RECORDS OF THE VIRGINIA COMPANY
V02-P0064,2,1622-07-01,1622-07-01,running_header,low,"JULY 1, 1682 67"
V02-P0065,2,1622-06-29,1622-07-01,between_headers,medium,68 RECORDS OF THE VIRGINIA COMPANY
V02-P0066,2,1622-07-01,1622-07-01,running_header,high,"JULY 1, 1622 ' 69"
V02-P0067,2,1622-07-01,1622-07-01,inherited,medium,70 RECORDS OF THE VIRGINIA COMPANY
V02-P0068,2,1622-07-01,1622-07-01,running_header,high,"JULY 1, 1622 71"
V02-P0069,2,1622-07-01,1622-07-08,between_headers,medium,72 RECORDS OF THE VIRGINIA COMPANY
V02-P0070,2,1622-07-01,1622-07-08,between_headers,medium,"JULY 3, 1698"
V02-P0071,2,1622-07-01,1622-07-08,between_headers,medium,74 RECORDS OF THE VIRGINIA COMPANY
V02-P0072,2,1622-07-08,1622-07-08,running_header,high,"JULY 8, 1622 75"
V02-P0073,2,1622-07-08,1622-07-08,inherited,medium,76 RECORDS OF THE VIRGINIA COMPANY
V02-P0074,2,1622-07-08,1622-07-08,running_header,high,"JULY 8, 1622 | «emit, Va"
V02-P0075,2,1622-07-08,1622-09-06,between_headers,low,78
V02-P0076,2,1622-07-08,1622-09-06,between_headers,low,"JULY 8, AOR Sree 79"
V02-P0077,2,1622-07-08,1622-09-06,between_headers,low,80 RECORDS OF THE VIRGINIA COMPANY
V02-P0078,2,1622-07-08,1622-09-06,between_headers,low,=
V02-P0079,2,1622-07-08,1622-09-06,between_headers,low,82 RECORDS OF THE VIRGINIA COMPANY
V02-P0080,2,1622-07-08,1622-07-08,running_header,low,"JULY 8, 1622 83"
V02-P0081,2,1622-07-08,1622-09-06,between_headers,low,84 RECORDS OF THE VIRGINIA COMPANY
V02-P0082,2,1622-07-08,1622-09-06,between_headers,low,"JULY 8, 1698 85"
V02-P0083,2,1622-07-08,1622-09-06,between_headers,low,70
V02-P0084,2,1622-07-08,1622-09-06,between_headers,low,ral
V02-P0085,2,1622-07-08,1622-09-06,between_headers,low,RECORDS OF THE VIRGINIA COMPANY
V02-P0086,2,1622-07-03,1622-07-03,running_header,low,"JULY 3, 1692 89"
V02-P0087,2,1622-07-08,1622-09-06,between_headers,low,90 RECORDS OF THE VIRGINIA COMPANY
V02-P0088,2,1622-07-08,1622-09-06,between_headers,low,nia
V02-P0089,2,1622-07-08,1622-09-06,between_headers,low,RECORDS OF THE VIRGINIA COMPANY
V02-P0090,2,1622-07-08,1622-09-06,between_headers,low,——S See —————
V02-P0091,2,1622-07-08,1622-09-06,between_headers,low,94 RECORDS OF THE VIRGINIA COMPANY
V02-P0092,2,1622-07-17,1622-07-17,running_header,low,"JULY 17, 1622 , 95"
V02-P0093,2,1622-07-08,1622-09-06,between_headers,low,96 RECORDS OF THE VIRGINIA COMPANY
V02-P0094,2,1622-07-08,1622-09-06,between_headers,low,"JULY 17, 1698 ‘on sal a 97"
V02-P0095,2,1622-07-08,1622-09-06,between_headers,low,98 RECORDS OF THE VIRGINIA COMPANY
V02-P0096,2,1622-08-14,1622-08-14,running_header,low,"AUGUST 14, 1622 99"
V02-P0097,2,1622-07-08,1622-09-06,between_headers,low,100 RECORDS OF THE VIRGINIA COMPANY
V02-P0098,2,1622-09-06,1622-09-06,running_header,high,"SEPTEMBER 6, 1622 101"
V02-P0099,2,1622-09-06,1622-10-07,between_headers,medium,102 RECORDS OF THE VIRGINIA COMPANY
V02-P0100,2,1622-10-07,1622-10-07,running_header,high,"OCTOBER 7, 1622 103"
V02-P0101,2,1622-10-07,1622-10-07,inherited,medium,104 RECORDS OF THE VIRGINIA COMPANY
V02-P0102,2,1622-10-07,1622-10-07,running_header,high,"OCTOBER 7, 1622 105"
V02-P0103,2,1622-10-07,1622-10-23,between_headers,medium,106 RECORDS OF THE VIRGINIA COMPANY
V02-P0104,2,1622-10-07,1622-10-07,running_header,low,"OCTOBER 7, 1622 © 107"
V02-P0105,2,1622-10-07,1622-10-23,between_headers,medium,108 RECORDS OF THE VIRGINIA COMPANY
V02-P0106,2,1622-10-07,1622-10-23,between_headers,medium,"OCTOBER 7, 1098 =... 109"
V02-P0107,2,1622-10-07,1622-10-23,between_headers,medium,110 RECORDS OF THE VIRGINIA COMPANY
V02-P0108,2,1622-10-23,1622-10-23,running_header,high,"OCTOBER 23, 1622 _ ' 111"
V02-P0109,2,1622-10-23,1622-11-06,between_headers,medium,112 RECORDS OF THE VIRGINIA COMPANY
V02-P0110,2,1622-10-23,1622-10-23,running_header,low,"OCTOBER 23, 1682 . 113"
V02-P0111,2,1622-10-23,1622-11-06,between_headers,medium,114 RECORDS OF THE VIRGINIA COMPANY
V02-P0112,2,1622-10-23,1622-11-06,between_headers,medium,.
V02-P0113,2,1622-10-23,1622-11-06,between_headers,medium,116 RECORDS OF THE VIRGINIA COMPANY
V02-P0114,2,1622-11-06,1622-11-06,running_header,low,"NOVEMBER 6, 1682 Wy"
V02-P0115,2,1622-10-23,1622-11-06,between_headers,medium,118 RECORDS OF THE VIRGINIA COMPANY
V02-P0116,2,1622-10-23,1622-11-06,between_headers,medium,
V02-P0117,2,1622-10-23,1622-11-06,between_headers,medium,
V02-P0118,2,1622-10-23,1622-11-06,between_headers,medium,ie F
V02-P0119,2,1622-10-23,1622-11-06,between_headers,medium,
V02-P0120,2,1622-11-06,1622-11-06,running_header,high,"NOVEMBER 6, 1622 119"
V02-P0121,2,1622-11-06,1622-11-18,between_headers,medium,120 RECORDS OF THE VIRGINIA COMPANY
V02-P0122,2,1622-11-06,1622-11-06,running_header,low,"NOVEMBER 6, 1602 - = 121"
V02-P0123,2,1622-11-06,1622-11-18,between_headers,medium,122 RECORDS OF THE VIRGINIA COMPANY
V02-P0124,2,1622-11-06,1622-11-18,between_headers,medium,"NOVEMBER 18, 1698"
V02-P0125,2,1622-11-06,1622-11-18,between_headers,medium,RECORDS OF THE VIRGINIA COMPANY
V02-P0126,2,1622-11-06,1622-11-18,between_headers,medium,"NOVEMBER 18,109 © |. 125"
V02-P0127,2,1622-11-06,1622-11-18,between_headers,medium,126 RECORDS OF THE VIRGINIA COMPANY
V02-P0128,2,1622-11-18,1622-11-18,running_header,low,"NOVEMBER 18, 1622 127"
V02-P0129,2,1622-11-06,1622-11-18,between_headers,medium,128 RECORDS OF THE VIRGINIA COMPANY
V02-P0130,2,1622-11-18,1622-11-18,running_header,high,"NOVEMBER 18, 1622 , 129"
V02-P0131,2,1622-11-18,1622-11-20,between_headers,medium,130
V02-P0132,2,1622-11-20,1622-11-20,running_header,high,"NOVEMBER 20, 1622 131"
V02-P0133,2,1622-11-20,1622-11-22,between_headers,medium,132 RECORDS OF THE VIRGINIA COMPANY
V02-P0134,2,1622-11-20,1622-11-22,between_headers,medium,ale
V02-P0135,2,1622-11-20,1622-11-22,between_headers,medium,134 RECORDS OF THE VIRGINIA COMPANY
V02-P0136,2,1622-11-20,1622-11-22,between_headers,medium,"*,"
V02-P0137,2,1622-11-20,1622-11-22,between_headers,medium,136 . RECORDS OF THE VIRGINIA COMPANY
V02-P0138,2,1622-11-20,1622-11-20,running_header,low,"NOVEMBER 20, 1622 137"
V02-P0139,2,1622-11-20,1622-11-22,between_headers,medium,138 RECORDS OF THE VIRGINIA COMPANY
V02-P0140,2,1622-11-20,1622-11-22,between_headers,medium,’
V02-P0141,2,1622-11-20,1622-11-22,between_headers,medium,140 RECORDS OF THE VIRGINIA COMPANY
V02-P0142,2,1622-11-22,1622-11-22,running_header,high,"NOVEMBER 22, 1622 . Mi"
V02-P0143,2,1622-11-22,1622-11-22,inherited,medium,142 RECORDS OF THE VIRGINIA COMPANY
V02-P0144,2,1622-11-22,1622-11-22,running_header,high,"NOVEMBER 22, 1622 143"
V02-P0145,2,1622-11-22,1622-11-22,inherited,medium,144 RECORDS OF THE VIRGINIA COMPANY
V02-P0146,2,1622-11-22,1622-11-22,running_header,high,"NOVEMBER 22, 1622 145"
V02-P0147,2,1622-11-22,1622-11-22,inherited,medium,136 . RECORDS OF THE VIRGINIA COMPANY
V02-P0148,2,1622-11-20,1622-11-20,running_header,low,"NOVEMBER 20, 1622 137"
V02-P0149,2,1622-11-22,1622-11-22,inherited,medium,138 RECORDS OF THE VIRGINIA COMPANY
V02-P0150,2,1622-11-22,1622-11-22,inherited,medium,itm &
V02-P0151,2,1622-11-22,1622-11-22,inherited,medium,140 RECORDS OF THE VIRGINIA COMPANY
V02-P0152,2,1622-11-22,1622-11-22,running_header,high,"NOVEMBER 22, 1622 . iM"
V02-P0153,2,1622-11-22,1622-11-22,inherited,medium,142 RECORDS OF THE VIRGINIA COMPANY
V02-P0154,2,1622-11-22,1622-11-22,running_header,high,"NOVEMBER 22, 1622 143"
V02-P0155,2,1622-11-22,1622-11-22,inherited,medium,144 RECORDS OF THE VIRGINIA COMPANY
V02-P0156,2,1622-11-22,1622-11-22,running_header,high,"NOVEMBER 22, 1622 145"
V02-P0157,2,1622-11-22,1622-11-27,between_headers,medium,146 RECORDS OF THE VIRGINIA COMPANY
V02-P0158,2,1622-11-27,1622-11-27,running_header,low,"NOVEMBER 27, 1692 147"
V02-P0159,2,1622-11-22,1622-11-27,between_headers,medium,148 RECORDS OF THE VIRGINIA COMPANY
V02-P0160,2,1622-11-27,1622-11-27,running_header,low,"NOVEMBER 27, 1692 - } 149"
V02-P0161,2,1622-11-22,1622-11-27,between_headers,medium,150 RECORDS OF THE VIRGINIA COMPANY
V02-P0162,2,1622-11-27,1622-11-27,running_header,low,"NOVEMBER 87, 1622 ‘ 151"
V02-P0163,2,1622-11-22,1622-11-27,between_headers,medium,152 RECORDS OF THE VIRGINIA COMPANY
V02-P0164,2,1622-11-27,1622-11-27,running_header,high,"NOVEMBER 27, 1622 153"
V02-P0165,2,1622-11-27,1622-11-27,inherited,medium,154 RECORDS OF THE VIRGINIA COMPANY
V02-P0166,2,1622-11-27,1622-11-27,running_header,high,"NOVEMBER 27, 1622 155"
V02-P0167,2,1622-11-27,1622-12-04,between_headers,medium,The Rolle:
V02-P0168,2,1622-11-27,1622-11-27,running_header,low,"NOVEMBER 27, 1622 vo 157"
V02-P0169,2,1622-11-27,1622-12-04,between_headers,medium,158 RECORDS OF THE VIRGINIA COMPANY
V02-P0170,2,1622-11-27,1622-12-04,between_headers,medium,"NOVEMBER 27, 160@ °° .-- °, 159"
V02-P0171,2,1622-11-27,1622-12-04,between_headers,medium,160 RECORDS OF THE VIRGINIA COMPANY
V02-P0172,2,1622-12-04,1622-12-04,running_header,high,"DECEMBER 4, 1622"
V02-P0173,2,1622-12-04,1622-12-04,inherited,medium,162 RECORDS OF THE VIRGINIA COMPANY
V02-P0174,2,1622-12-04,1622-12-04,running_header,low,"DECEMBER 4, 1628 came 163"
V02-P0175,2,1622-12-04,1622-12-04,inherited,medium,164 RECORDS OF THE VIRGINIA COMPANY
V02-P0176,2,1622-12-04,1622-12-04,running_header,high,"DECEMBER 4, 1622 at 165"
V02-P0177,2,1622-12-04,1622-12-04,inherited,medium,166 RECORDS OF THE VIRGINIA COMPANY
V02-P0178,2,1622-12-04,1622-12-04,running_header,low,"DECEMBER 4, 1622 — 167"
V02-P0179,2,1622-12-04,1622-12-04,inherited,medium,168 RECORDS OF THE VIRGINIA COMPANY
V02-P0180,2,1622-12-04,1622-12-04,running_header,high,"DECEMBER 4, 1622 169"
V02-P0181,2,1622-12-04,1622-12-04,inherited,medium,170 RECORDS OF THE VIRGINIA COMPANY
V02-P0182,2,1622-12-04,1622-12-04,running_header,high,"DECEMBER 4, 1622 - 171"
V02-P0183,2,1622-12-04,1622-12-04,inherited,medium,172 RECORDS OF THE VIRGINIA COMPANY
V02-P0184,2,1622-12-04,1622-12-04,running_header,high,"DECEMBER 4, 1622 aia 173"
V02-P0185,2,1622-12-04,1622-12-04,inherited,medium,174 RECORDS OF THE VIRGINIA COMPANY
V02-P0186,2,1622-12-04,1622-12-04,running_header,high,"DECEMBER 4, 1622 . 175"
V02-P0187,2,1622-12-04,1623-01-29,between_headers,low,176 RECORDS OF THE VIRGINIA COMPANY
V02-P0188,2,1622-12-04,1622-12-04,running_header,low,"DECEMBER 4, 1622 me 177"
V02-P0189,2,1622-12-04,1623-01-29,between_headers,low,178 RECORDS OF THE VIRGINIA COMPANY
V02-P0190,2,1623-01-29,1623-01-29,running_header,low,"JANUARY 29, 1683"
V02-P0191,2,1622-12-04,1623-01-29,between_headers,low,180 RECORDS OF THE VIRGINIA COMPANY
V02-P0192,2,1622-12-04,1623-01-29,between_headers,low,"“SANUARY 29, 1688 181"
V02-P0193,2,1622-12-04,1623-01-29,between_headers,low,182 RECORDS OF THE VIRGINIA COMPANY
V02-P0194,2,1623-01-29,1623-01-29,running_header,high,"JANUARY 29, 1623 , 183"
V02-P0195,2,1623-01-29,1623-01-29,inherited,medium,184 RECORDS OF THE VIRGINIA COMPANY
V02-P0196,2,1623-01-29,1623-01-29,running_header,high,"JANUARY 29, 1623 185"
V02-P0197,2,1623-01-29,1623-01-29,inherited,medium,186 RECORDS OF THE VIRGINIA COMPANY
V02-P0198,2,1623-01-29,1623-01-29,running_header,low,"JANUARY 29, 1628 187"
V02-P0199,2,1623-01-29,1623-01-29,inherited,medium,188 RECORDS OF THE VIRGINIA COMPANY
V02-P0200,2,1623-01-29,1623-01-29,inherited,medium,"JANUARY 29,1688 |. ..+ 189"
V02-P0201,2,1623-01-29,1623-01-29,inherited,medium,190 RECORDS OF THE VIRGINIA COMPANY
V02-P0202,2,1623-01-29,1623-01-29,running_header,low,"JANUARY 99, 1623 191"
V02-P0203,2,1623-01-29,1623-01-29,inherited,medium,192 RECORDS OF THE VIRGINIA COMPANY
V02-P0204,2,1623-01-29,1623-01-29,inherited,medium,"JANUARY 99, 1608 © =: . 193"
V02-P0205,2,1623-01-29,1623-01-29,inherited,medium,194 RECORDS OF THE VIRGINIA COMPANY
V02-P0206,2,1623-01-29,1623-01-29,running_header,high,"‘ JANUARY 29, 1623 195"
V02-P0207,2,1623-01-29,1623-02-03,between_headers,medium,RECORDS OF THE VIRGINIA COMPANY
V02-P0208,2,1623-01-31,1623-01-31,running_header,low,"JANUARY 31, 1623 ye 197"
V02-P0209,2,1623-01-29,1623-02-03,between_headers,medium,198 RECORDS OF THE VIRGINIA COMPANY
V02-P0210,2,1623-01-31,1623-01-31,running_header,low,"JANUARY 81, 1628 = > 199"
V02-P0211,2,1623-01-29,1623-02-03,between_headers,medium,200 RECORDS OF THE VIRGINIA COMPANY
V02-P0212,2,1623-01-31,1623-01-31,running_header,low,"JANUARY 81, 1628 + 201"
V02-P0213,2,1623-01-29,1623-02-03,between_headers,medium,202 RECORDS OF THE VIRGINIA COMPANY
V02-P0214,2,1623-01-29,1623-02-03,between_headers,medium,"JANUARY 31, 1823 ~ "" ' * 203"
V02-P0215,2,1623-01-29,1623-02-03,between_headers,medium,204 RECORDS OF THE VIRGINIA COMPANY
V02-P0216,2,1623-01-29,1623-02-03,between_headers,medium,"JANUARY 81, 1023 ©) 3 205"
V02-P0217,2,1623-01-29,1623-02-03,between_headers,medium,206 RECORDS OF THE VIRGINIA COMPANY
V02-P0218,2,1623-01-29,1623-02-03,between_headers,medium,"SANUMRBY 31, 1008 © orn 207"
V02-P0219,2,1623-01-29,1623-02-03,between_headers,medium,208 RECORDS OF THE VIRGINIA COMPANY
V02-P0220,2,1623-01-29,1623-02-03,between_headers,medium,"JANUARY S81, 1003 © (3 1°78, 209"
V02-P0221,2,1623-01-29,1623-02-03,between_headers,medium,210 RECORDS OF THE VIRGINIA COMPANY
V02-P0222,2,1623-01-31,1623-01-31,running_header_old_style,low,"JANUARY 31, 16828 °° | 211"
V02-P0223,2,1623-01-29,1623-02-03,between_headers,medium,212 RECORDS OF THE VIRGINIA COMPANY
V02-P0224,2,1623-02-03,1623-02-03,running_header,high,"FEBRUARY 3, 1623 es 213"
V02-P0225,2,1623-02-03,1623-02-03,inherited,medium,214 RECORDS OF THE VIRGINIA COMPANY
V02-P0226,2,1623-02-03,1623-02-03,running_header,high,"FEBRUARY 3, 1623"
V02-P0227,2,1623-02-03,1623-02-04,between_headers,medium,216 RECORDS OF THE VIRGINIA COMPANY
V02-P0228,2,1623-02-03,1623-02-04,between_headers,medium,"FEBRUARY 8, 123 °° : 217"
V02-P0229,2,1623-02-03,1623-02-04,between_headers,medium,218 RECORDS OF THE VIRGINIA COMPANY
V02-P0230,2,1623-02-08,1623-02-08,running_header,low,"FEBRUARY 8, 1628 9° 219"
V02-P0231,2,1623-02-03,1623-02-04,between_headers,medium,220 RECORDS OF THE VIRGINIA COMPANY
V02-P0232,2,1623-02-03,1623-02-03,running_header,low,"FEBRUARY 3, 1628. © 221"
V02-P0233,2,1623-02-03,1623-02-04,between_headers,medium,222 RECORDS OF THE VIRGINIA COMPANY
V02-P0234,2,1623-02-03,1623-02-04,between_headers,medium,"FEBRUARY 3, 1688 9°. © 223"
V02-P0235,2,1623-02-03,1623-02-04,between_headers,medium,224 RECORDS OF THE VIRGINIA COMPANY
V02-P0236,2,1623-02-04,1623-02-04,running_header,low,"FEBRUARY 4, 1628 225"
V02-P0237,2,1623-02-03,1623-02-04,between_headers,medium,m’ Wrotts proiect.
V02-P0238,2,1623-02-03,1623-02-04,between_headers,medium,"FEBRUARY §, 10@3 © | 227"
V02-P0239,2,1623-02-03,1623-02-04,between_headers,medium,228 RECORDS OF THE VIRGINIA COMPANY
V02-P0240,2,1623-02-03,1623-02-04,between_headers,medium,"PEBRUARY 4, 1006 °  . 229"
V02-P0241,2,1623-02-03,1623-02-04,between_headers,medium,230 RECORDS OF THE VIRGINIA COMPANY
V02-P0242,2,1623-02-04,1623-02-04,running_header,high,"FEBRUARY 4, 1623 231"
V02-P0243,2,1623-02-04,1623-02-04,inherited,medium,232 RECORDS OF THE VIRGINIA COMPANY
V02-P0244,2,1623-02-04,1623-02-04,running_header,low,"FEBRUARY 4, 1693 233"
V02-P0245,2,1623-02-04,1623-02-04,inherited,medium,234 | RECORDS OF THE VIRGINIA COMPANY
V02-P0246,2,1623-02-04,1623-02-04,running_header,high,"FEBRUARY 4, 1623 © © 235"
V02-P0247,2,1623-02-04,1623-02-04,inherited,medium,236 RECORDS OF THE VIRGINIA COMPANY
V02-P0248,2,1623-02-04,1623-02-04,running_header,low,"FEBRUARY 4, 1623 237"
V02-P0249,2,1623-02-04,1623-02-04,inherited,medium,238 RECORDS OF THE VIRGINIA COMPANY
V02-P0250,2,1623-02-04,1623-02-04,inherited,medium,"FEBRUARY 4, 16008’ 239"
V02-P0251,2,1623-02-04,1623-02-04,inherited,medium,240 RECORDS OF THE VIRGINIA COMPANY
V02-P0252,2,1623-02-04,1623-02-04,inherited,medium,ue
V02-P0253,2,1623-02-04,1623-02-04,inherited,medium,242 RECORDS OF THE VIRGINIA COMPANY
V02-P0254,2,1623-02-04,1623-02-04,running_header,high,"FEBRUARY 4, 1623 tis a 243"
V02-P0255,2,1623-02-04,1623-02-05,between_headers,medium,244 RECORDS OF THE VIRGINIA COMPANY
V02-P0256,2,1623-02-04,1623-02-05,between_headers,medium,m'* Gibbs.
V02-P0257,2,1623-02-04,1623-02-05,between_headers,medium,246 RECORDS OF THE VIRGINIA COMPANY
V02-P0258,2,1623-02-06,1623-02-06,running_header,low,"FEBRUARY 6, 1623 . 247"
V02-P0259,2,1623-02-04,1623-02-05,between_headers,medium,248 RECORDS OF THE VIRGINIA COMPANY
V02-P0260,2,1623-02-05,1623-02-05,running_header,high,"FEBRUARY 5, 1623 a aa 249"
V02-P0261,2,1623-02-05,1623-02-06,between_headers,medium,250 RECORDS OF THE VIRGINIA COMPANY
V02-P0262,2,1623-02-06,1623-02-06,running_header,high,"FEBRUARY 6, 1623 - 251°"
V02-P0263,2,1623-02-06,1623-02-06,inherited,medium,252 RECORDS OF THE VIRGINIA COMPANY
V02-P0264,2,1623-02-06,1623-02-06,inherited,medium,"FEBRUARY 6, 168... 253"
V02-P0265,2,1623-02-06,1623-02-06,inherited,medium,254 RECORDS OF THE VIRGINIA COMPANY
V02-P0266,2,1623-02-06,1623-02-06,running_header,high,"FEBRUARY 6, 1623 me. 255"
V02-P0267,2,1623-02-06,1623-02-06,inherited,medium,256 RECORDS OF THE VIRGINIA COMPANY
V02-P0268,2,1623-02-06,1623-02-06,running_header,low,"FEBRUARY 6, 16823 — 257"
V02-P0269,2,1623-02-06,1623-02-06,inherited,medium,258 RECORDS OF THE VIRGINIA COMPANY
V02-P0270,2,1623-02-06,1623-02-06,running_header,high,"FEBRUARY 6, 1623 - — 259"
V02-P0271,2,1623-02-06,1623-02-06,inherited,medium,260 RECORDS OF THE VIRGINIA COMPANY
V02-P0272,2,1623-02-06,1623-02-06,running_header,high,"FEBRUARY 6, 1623 261"
V02-P0273,2,1623-02-06,1623-02-12,between_headers,medium,262 RECORDS OF THE VIRGINIA COMPANY
V02-P0274,2,1623-02-12,1623-02-12,running_header,high,"FEBRUARY 12, 1623"
V02-P0275,2,1623-02-12,1623-02-12,inherited,medium,264 RECORDS OF THE VIRGINIA COMPANY
V02-P0276,2,1623-02-12,1623-02-12,running_header,low,"FEBRUARY 12, 1628 _ 265"
V02-P0277,2,1623-02-12,1623-02-12,inherited,medium,266 RECORDS OF THE VIRGINIA COMPANY
V02-P0278,2,1623-02-01,1623-02-01,running_header,low,"FEBRUARY 1, 1603 °°: 267"
V02-P0279,2,1623-02-12,1623-02-12,inherited,medium,268 RECORDS OF THE VIRGINIA COMPANY
V02-P0280,2,1623-02-12,1623-02-12,running_header,high,"FEBRUARY 12, 1623 a 269"
V02-P0281,2,1623-02-12,1623-02-12,inherited,medium,270 RECORDS OF THE VIRGINIA COMPANY
V02-P0282,2,1623-02-12,1623-02-12,running_header,high,"FEBRUARY 12, 1623 271"
V02-P0283,2,1623-02-12,1623-02-19,between_headers,medium,272 RECORDS OF THE VIRGINIA COMPANY
V02-P0284,2,1623-02-19,1623-02-19,running_header,high,"FEBRUARY 19, 1623 273"
V02-P0285,2,1623-02-19,1623-02-19,inherited,medium,274 RECORDS OF THE VIRGINIA COMPANY
V02-P0286,2,1623-02-19,1623-02-19,running_header,low,"FEBRUARY 19, 1683 aaialh 275"
V02-P0287,2,1623-02-19,1623-02-19,inherited,medium,276 RECORDS OF THE VIRGINIA COMPANY
V02-P0288,2,1623-02-19,1623-02-19,running_header_old_style,low,"FEBRUARY 19, 16828 = ' ©“ 277"
V02-P0289,2,1623-02-19,1623-02-19,inherited,medium,278 RECORDS OF THE VIRGINIA COMPANY
V02-P0290,2,1623-02-19,1623-02-19,running_header,high,"FEBRUARY 19, 1623 ai: 279"
V02-P0291,2,1623-02-19,1623-02-19,inherited,medium,280 RECORDS OF THE VIRGINIA COMPANY
V02-P0292,2,1623-02-19,1623-02-19,inherited,medium,’
V02-P0293,2,1623-02-19,1623-02-19,inherited,medium,282 RECORDS OF THE VIRGINIA COMPANY
V02-P0294,2,1623-02-19,1623-02-19,inherited,medium,"FEBRUARY 19, 16428 ©  .. 283"
V02-P0295,2,1623-02-19,1623-02-19,inherited,medium,284 RECORDS OF THE VIRGINIA COMPANY
V02-P0296,2,1623-02-19,1623-02-19,running_header,low,"FEBRUARY 19, 16823 °°. 285"
V02-P0297,2,1623-02-19,1623-02-19,inherited,medium,286 RECORDS OF THE VIRGINIA COPMANY
V02-P0298,2,1623-02-19,1623-02-19,running_header,low,"FEBRUARY 19,1628 287"
V02-P0299,2,1623-02-19,1623-02-19,inherited,medium,288 RECORDS OF THE VIRGINIA COMPANY
V02-P0300,2,1623-02-19,1623-02-19,running_header,high,"FEBRUARY 19, 1623 _"" 289"
V02-P0301,2,1623-02-19,1623-02-19,inherited,medium,290 RECORDS OF THE VIRGINIA COMPANY
V02-P0302,2,1623-02-19,1623-02-19,running_header,high,"FEBRUARY 19, 1623 - 291"
V02-P0303,2,1623-02-19,1623-03-06,between_headers,medium,292 RECORDS OF THE VIRGINIA COMPANY
V02-P0304,2,1623-02-28,1623-02-28,running_header,low,"FEBRUARY 28, 1623 he 293"
V02-P0305,2,1623-02-19,1623-03-06,between_headers,medium,294 RECORDS OF THE VIRGINIA COMPANY
V02-P0306,2,1623-02-22,1623-02-22,running_header,low,"FEBRUARY 22, 1623: :° © 295"
V02-P0307,2,1623-02-19,1623-03-06,between_headers,medium,RECORDS OF THE VIRGINIA COMPANY
V02-P0308,2,1623-02-19,1623-03-06,between_headers,medium,BEBRUAR DWM; iees «© -*) 297
V02-P0309,2,1623-02-19,1623-03-06,between_headers,medium,298 RECORDS OF THE VIRGINIA COMPANY
V02-P0310,2,1623-02-02,1623-02-02,running_header,low,"FEBRUARY 2%, 1683 299"
V02-P0311,2,1623-02-19,1623-03-06,between_headers,medium,300 RECORDS OF THE VIRGINIA COMPANY
V02-P0312,2,1623-02-19,1623-03-06,between_headers,medium,"MARCH 6, 1688 301"
V02-P0313,2,1623-02-19,1623-03-06,between_headers,medium,302 RECORDS OF THE VIRGINIA COMPANY
V02-P0314,2,1623-03-05,1623-03-05,running_header,low,"MARCH 5, 1628 sae li 303"
V02-P0315,2,1623-02-19,1623-03-06,between_headers,medium,304 RECORDS OF THE VIRGINIA COMPANY
V02-P0316,2,1623-03-01,1623-03-31,running_header,low,"MARCH 65,1628... 305"
V02-P0317,2,1623-02-19,1623-03-06,between_headers,medium,306 RECORDS OF THE VIRGINIA COMPANY
V02-P0318,2,1623-03-01,1623-03-31,running_header,low,"MARCH &, 1623 i“ 307"
V02-P0319,2,1623-02-19,1623-03-06,between_headers,medium,Petition of the
V02-P0320,2,1623-02-19,1623-03-06,between_headers,medium,"MARCH 6, 1008 = «= 309"
V02-P0321,2,1623-02-19,1623-03-06,between_headers,medium,310 RECORDS OF THE VIRGINIA COMPANY
V02-P0322,2,1623-03-06,1623-03-06,running_header,high,"MARCH 6, 1623 311"
V02-P0323,2,1623-03-06,1623-03-06,inherited,medium,312 RECORDS OF THE VIRGINIA COMPANY
V02-P0324,2,1623-03-06,1623-03-06,inherited,medium,"MARCH 6, 1003: - © + ° 313"
V02-P0325,2,1623-03-06,1623-03-06,inherited,medium,314 RECORDS OF THE VIRGINIA COMPANY
V02-P0326,2,1623-03-06,1623-03-06,running_header,high,"MARCH 6, 1623 TR 315"
V02-P0327,2,1623-03-06,1623-03-07,between_headers,medium,316 RECORDS OF THE VIRGINIA COMPANY
V02-P0328,2,1623-03-06,1623-03-06,running_header,low,"MARCH 6, 1623 | 317"
V02-P0329,2,1623-03-06,1623-03-07,between_headers,medium,318 RECORDS OF THE VIRGINIA COMPANY
V02-P0330,2,1623-03-06,1623-03-07,between_headers,medium,S' Tho: Wroth.
V02-P0331,2,1623-03-06,1623-03-07,between_headers,medium,320 - _ RECORDS OF THE VIRGINIA COMPANY
V02-P0332,2,1623-03-06,1623-03-07,between_headers,medium,
V02-P0333,2,1623-03-06,1623-03-07,between_headers,medium,
V02-P0334,2,1623-03-06,1623-03-07,between_headers,medium,2 ASN \.
V02-P0335,2,1623-03-06,1623-03-07,between_headers,medium,
V02-P0336,2,1623-03-07,1623-03-07,running_header,high,"MARCH 7, 1623 i. 321"
V02-P0337,2,1623-03-07,1623-03-07,inherited,medium,322 RECORDS OF THE VIRGINIA COMPANY
V02-P0338,2,1623-03-07,1623-03-07,running_header,high,"MARCH 7, 1623 - * 323"
V02-P0339,2,1623-03-07,1623-03-07,inherited,medium,324 RECORDS OF THE VIRGINIA COMPANY
V02-P0340,2,1623-03-07,1623-03-07,running_header,high,"MARCH 7, 1623 325"
V02-P0341,2,1623-03-07,1623-03-19,between_headers,medium,326
V02-P0342,2,1623-03-07,1623-03-07,running_header,low,"MARCH 7, 1628 enemies’ 327"
V02-P0343,2,1623-03-07,1623-03-19,between_headers,medium,RECORDS OF THE VIRGINIA COMPANY
V02-P0344,2,1623-03-19,1623-03-19,running_header,high,"MARCH 19, 1623 . mer ' » 329"
V02-P0345,2,1623-03-19,1623-03-19,inherited,medium,330 RECORDS OF THE VIRGINIA COMPANY
V02-P0346,2,1623-03-19,1623-03-19,running_header,low,"MARCH 19, 16023 =| 331"
V02-P0347,2,1623-03-19,1623-03-19,inherited,medium,332 RECORDS OF THE VIRGINIA COMPANY
V02-P0348,2,1623-03-19,1623-03-19,running_header,high,"MARCH 19, 1623 ws 333"
V02-P0349,2,1623-03-19,1623-03-24,between_headers,medium,RECORDS OF THE VIRGINIA COMPANY
V02-P0350,2,1623-03-24,1623-03-24,running_header,high,"MARCH 24, 1623 — 335"
V02-P0351,2,1623-03-24,1623-04-02,between_headers,medium,336
V02-P0352,2,1623-03-02,1623-03-02,running_header,low,"MARCH 2, 1628 337"
V02-P0353,2,1623-03-24,1623-04-02,between_headers,medium,338
V02-P0354,2,1623-03-24,1623-04-02,between_headers,medium,— -—<—
V02-P0355,2,1623-03-24,1623-04-02,between_headers,medium,RECORDS OF THE VIRGINIA COMPANY
V02-P0356,2,1623-04-02,1623-04-02,running_header,high,"APRIL 2, 1623"
V02-P0357,2,1623-04-02,1623-04-12,between_headers,medium,342 RECORDS OF THE VIRGINIA COMPANY
V02-P0358,2,1623-04-02,1623-04-02,running_header,low,"APRIL 2, 1628 y. 343"
V02-P0359,2,1623-04-02,1623-04-12,between_headers,medium,344 RECORDS OF THE VIRGINIA COMPANY
V02-P0360,2,1623-04-18,1623-04-18,running_header,low,"APRIL 18, 1623 345"
V02-P0361,2,1623-04-02,1623-04-12,between_headers,medium,[tsmame
V02-P0362,2,1623-04-02,1623-04-12,between_headers,medium,’
V02-P0363,2,1623-04-02,1623-04-12,between_headers,medium,348 RECORDS OF THE VIRGINIA COMPANY
V02-P0364,2,1623-04-02,1623-04-12,between_headers,medium,"APRIL 19, 1688 0 os 349"
V02-P0365,2,1623-04-02,1623-04-12,between_headers,medium,RECORDS OF THE VIRGINIA COMPANY
V02-P0366,2,1623-04-02,1623-04-12,between_headers,medium,'
V02-P0367,2,1623-04-02,1623-04-12,between_headers,medium,352 RECORDS OF THE VIRGINIA COMPANY
V02-P0368,2,1623-04-19,1623-04-19,running_header,low,"APRIL 19, 1693 _ 358"
V02-P0369,2,1623-04-02,1623-04-12,between_headers,medium,Ouerswayinge.
V02-P0370,2,1623-04-02,1623-04-12,between_headers,medium,"APRIL 1%, 1688 ©. °: — 355"
V02-P0371,2,1623-04-02,1623-04-12,between_headers,medium,4
V02-P0372,2,1623-04-12,1623-04-12,running_header,high,"APRIL 12, 1623 — 357"
V02-P0373,2,1623-04-12,1623-04-17,between_headers,medium,7
V02-P0374,2,1623-04-12,1623-04-17,between_headers,medium,"APRIL 19,1698... >... 359"
V02-P0375,2,1623-04-12,1623-04-17,between_headers,medium,Enuy.
V02-P0376,2,1623-04-12,1623-04-17,between_headers,medium,7
V02-P0377,2,1623-04-12,1623-04-17,between_headers,medium,362 RECORDS OF THE VIRGINIA COMPANY
V02-P0378,2,1623-04-12,1623-04-17,between_headers,medium,"APRIL 1770 woe +, 363"
V02-P0379,2,1623-04-12,1623-04-17,between_headers,medium,RECORDS OF THE VIRGINIA COMPANY
V02-P0380,2,1623-04-17,1623-04-17,running_header,high,"APRIL 17, 1623 ai a 365"
V02-P0381,2,1623-04-17,1623-04-18,between_headers,medium,366 RECORDS OF THE VIRGINIA COMPANY
V02-P0382,2,1623-04-18,1623-04-18,running_header,high,"APRIL 18, 1623"
V02-P0383,2,1623-04-18,1623-04-23,between_headers,medium,368 RECORDS OF THE VIRGINIA COMPANY
V02-P0384,2,1623-04-18,1623-04-23,between_headers,medium,"APRIL 18, 1088 °° «W'S a 369"
V02-P0385,2,1623-04-18,1623-04-23,between_headers,medium,370
V02-P0386,2,1623-04-23,1623-04-23,running_header,high,"APRIL 23, 1623 371"
V02-P0387,2,1623-04-23,1623-04-23,inherited,medium,372 RECORDS OF THE VIRGINIA COMPANY
V02-P0388,2,1623-04-23,1623-04-23,inherited,medium,"APRIL 23, 1688 373"
V02-P0389,2,1623-04-23,1623-04-23,inherited,medium,374
V02-P0390,2,1623-04-23,1623-04-23,running_header,high,"APRIL 23, 1623 = 375"
V02-P0391,2,1623-04-23,1623-04-30,between_headers,medium,376 RECORDS OF THE VIRGINIA COMPANY
V02-P0392,2,1623-04-28,1623-04-28,running_header,low,"APRIL 98, 1623. >. i 377"
V02-P0393,2,1623-04-23,1623-04-30,between_headers,medium,378 RECORDS OF THE VIRGINIA COMPANY
V02-P0394,2,1623-04-23,1623-04-30,between_headers,medium,"APRIL, 30,100B oe 379"
V02-P0395,2,1623-04-23,1623-04-30,between_headers,medium,Chane: of y* Dutehy.
V02-P0396,2,1623-04-30,1623-04-30,running_header,low,"APRIL 80, 1623 Tt 381"
V02-P0397,2,1623-04-23,1623-04-30,between_headers,medium,Answere.
V02-P0398,2,1623-04-30,1623-04-30,running_header,high,"APRIL 30, 1623 am, 383"
V02-P0399,2,1623-04-30,1623-05-07,between_headers,medium,Answere.
V02-P0400,2,1623-04-30,1623-05-07,between_headers,medium,"APRIL 30,9008 © © gem 385"
V02-P0401,2,1623-04-30,1623-05-07,between_headers,medium,386
V02-P0402,2,1623-04-30,1623-05-07,between_headers,medium,"APRIL R0pAAGRB., em 387"
V02-P0403,2,1623-04-30,1623-05-07,between_headers,medium,388 RECORDS OF THE VIRGINIA COMPANY
V02-P0404,2,1623-04-30,1623-05-07,between_headers,medium,APRIL S0yARAB 8 2 Pe 389
V02-P0405,2,1623-04-30,1623-05-07,between_headers,medium,390 RECORDS OF THE VIRGINIA COMPANY
V02-P0406,2,1623-04-30,1623-05-07,between_headers,medium,Doctor Dun.
V02-P0407,2,1623-04-30,1623-05-07,between_headers,medium,392 RECORDS OF THE VIRGINIA COMPANY
V02-P0408,2,1623-04-30,1623-05-07,between_headers,medium,"MAT VW, 1M Were ro 393"
V02-P0409,2,1623-04-30,1623-05-07,between_headers,medium,394
V02-P0410,2,1623-05-07,1623-05-07,running_header,low,"MAY 7, 1683 395"
V02-P0411,2,1623-04-30,1623-05-07,between_headers,medium,396
V02-P0412,2,1623-05-07,1623-05-07,running_header,high,"MAY 7, 1623 © ao 397"
V02-P0413,2,1623-05-07,1623-05-07,inherited,medium,398
V02-P0414,2,1623-05-07,1623-05-07,running_header,high,"MAY 7, 1623 a 399"
V02-P0415,2,1623-05-07,1623-05-07,inherited,medium,400 RECORDS OF THE VIRGINIA COMPANY
V02-P0416,2,1623-05-07,1623-05-07,running_header,high,"MAY 7, 1623 401"
V02-P0417,2,1623-05-07,1623-05-07,inherited,medium,402
V02-P0418,2,1623-05-07,1623-05-07,running_header,high,"MAY 7, 1623 403"
V02-P0419,2,1623-05-07,1623-05-07,inherited,medium,RECORDS OF THE VIRGINIA COMPANY
V02-P0420,2,1623-05-07,1623-05-07,inherited,medium,MATT aE! oo 405
V02-P0421,2,1623-05-07,1623-05-07,inherited,medium,RECORDS OF THE VIRGINIA COMPANY
V02-P0422,2,1623-05-07,1623-05-07,running_header,high,"MAY 7, 1623 407"
V02-P0423,2,1623-05-07,1623-05-07,inherited,medium,408
V02-P0424,2,1623-05-07,1623-05-07,inherited,medium,"MAY 7, 1003 = *: ‘ 7 409"
V02-P0425,2,1623-05-07,1623-05-07,inherited,medium,410 RECORDS OF THE VIRGINIA COMPANY
V02-P0426,2,1623-05-07,1623-05-07,running_header,high,"MAY 7, 1623 411"
V02-P0427,2,1623-05-07,1623-05-12,between_headers,medium,412 RECORDS OF THE VIRGINIA COMPANY
V02-P0428,2,1623-05-12,1623-05-12,running_header,high,"MAY 12, 1623 vw 413"
V02-P0429,2,1623-05-12,1623-05-12,inherited,medium,414 RECORDS OF THE VIRGINIA COMPANY
V02-P0430,2,1623-05-12,1623-05-12,running_header,high,"MAY 12, 1623 415"
V02-P0431,2,1623-05-12,1623-05-12,inherited,medium,ay
V02-P0432,2,1623-05-12,1623-05-12,inherited,medium,"MAY 18, 1088 2 ss. 417"
V02-P0433,2,1623-05-12,1623-05-12,inherited,medium,418 RECORDS OF THE VIRGINIA COMPANY
V02-P0434,2,1623-05-18,1623-05-18,running_header,low,"MAY 18, 1683 a 419"
V02-P0435,2,1623-05-12,1623-05-12,inherited,medium,420 RECORDS OF THE VIRGINIA COMPANY
V02-P0436,2,1623-05-12,1623-05-12,running_header,high,"MAY 12, 1623 421"
V02-P0437,2,1623-05-12,1623-05-14,between_headers,medium,RECORDS OF THE VIRGINIA COMPANY
V02-P0438,2,1623-05-01,1623-05-01,running_header,low,"MAY 1h, 1683"
V02-P0439,2,1623-05-12,1623-05-14,between_headers,medium,424 RECORDS OF THE VIRGINIA COMPANY
V02-P0440,2,1623-05-14,1623-05-14,running_header,high,"MAY 14, 1623 425"
V02-P0441,2,1623-05-14,1623-05-17,between_headers,medium,426 RECORDS OF THE VIRGINIA COMPANY
V02-P0442,2,1623-05-01,1623-05-01,running_header,low,"MAY 1}, 1623 427"
V02-P0443,2,1623-05-14,1623-05-17,between_headers,medium,RECORDS OF THE VIRGINIA COMPANY
V02-P0444,2,1623-05-14,1623-05-17,between_headers,medium,“
V02-P0445,2,1623-05-14,1623-05-17,between_headers,medium,430 RECORDS OF THE VIRGINIA COMPANY
V02-P0446,2,1623-05-17,1623-05-17,running_header,high,"MAY 17, 1623"
V02-P0447,2,1623-05-17,1623-05-24,between_headers,medium,432 RECORDS OF THE VIRGINIA COMPANY
V02-P0448,2,1623-05-17,1623-05-17,running_header,low,"MAY 17, 1683 433"
V02-P0449,2,1623-05-17,1623-05-24,between_headers,medium,434 RECORDS OF THE VIRGINIA COMPANY
V02-P0450,2,1623-05-24,1623-05-24,running_header,high,"MAY 24, 1623 435"
V02-P0451,2,1623-05-24,1623-06-18,between_headers,medium,RECORDS OF THE VIRGINIA COMPANY
V02-P0452,2,1623-06-09,1623-06-09,running_header_year_fixed,low,"JUNE 9,16028 = 9° 437"
V02-P0453,2,1623-05-24,1623-06-18,between_headers,medium,438 RECORDS OF THE VIRGINIA COMPANY
V02-P0454,2,1623-05-24,1623-06-18,between_headers,medium,"JUNE 18, 1688"
V02-P0455,2,1623-05-24,1623-06-18,between_headers,medium,440 RECORDS OF THE VIRGINIA COMPANY
V02-P0456,2,1623-06-18,1623-06-18,running_header,high,"JUNE 18, 1623 a » 441"
V02-P0457,2,1623-06-18,1623-06-28,between_headers,medium,442 RECORDS OF THE VIRGINIA COMPANY
V02-P0458,2,1623-06-23,1623-06-23,running_header,low,"JUNE 23, 1683"
V02-P0459,2,1623-06-18,1623-06-28,between_headers,medium,444 RECORDS OF THE VIRGINIA COMPANY
V02-P0460,2,1623-06-18,1623-06-28,between_headers,medium,‘
V02-P0461,2,1623-06-18,1623-06-28,between_headers,medium,446 RECORDS OF THE VIRGINIA COPMANY
V02-P0462,2,1623-06-28,1623-06-28,running_header,high,"JUNE 28, 1623 i 447"
V02-P0463,2,1623-06-01,1623-06-28,between_headers,medium,448 RECORDS OF THE VIRGINIA COMPANY
V02-P0464,2,1623-06-01,1623-06-30,running_header,high,"JUNE 265, 1623 © a | 449"
V02-P0465,2,1623-06-25,1623-06-30,between_headers,medium,450 RECORDS OF THE VIRGINIA COMPANY
V02-P0466,2,1623-06-25,1623-06-30,between_headers,medium,"JUNE 95, 1698 , . 451"
V02-P0467,2,1623-06-25,1623-06-30,between_headers,medium,452 RECORDS OF THE VIRGINIA COMPANY
V02-P0468,2,1623-06-26,1623-06-26,running_header,low,"JUNE 26, 1693 453"
V02-P0469,2,1623-06-25,1623-06-30,between_headers,medium,454 RECORDS OF THE VIRGINIA COMPANY
V02-P0470,2,1623-06-25,1623-06-30,between_headers,medium,
V02-P0471,2,1623-06-25,1623-06-30,between_headers,medium,
V02-P0472,2,1623-06-25,1623-06-30,between_headers,medium,& GR ete aad ea bas |
V02-P0473,2,1623-06-25,1623-06-30,between_headers,medium,
V02-P0474,2,1623-06-25,1623-06-25,running_header,high,"JUNE 25, 1623 : 455"
V02-P0475,2,1623-06-25,1623-06-26,between_headers,medium,456 RECORDS OF THE VIRGINIA COMPANY
V02-P0476,2,1623-06-26,1623-06-26,running_header,high,"JUNE 26, 1623 457"
V02-P0477,2,1623-06-26,1623-07-01,between_headers,medium,RECORDS OF THE VIRGINIA COMPANY
V02-P0478,2,1623-07-01,1623-07-01,running_header,high,"JULY 1, 1623 459"
V02-P0479,2,1623-07-01,1623-08-06,between_headers,low,460 RECORDS OF THE VIRGINIA COMPANY
V02-P0480,2,1623-07-04,1623-07-04,running_header,low,"JULY 4, 1628 — 461"
V02-P0481,2,1623-07-01,1623-08-06,between_headers,low,RECORDS OF THE VIRGINIA COMPANY
V02-P0482,2,1623-07-01,1623-08-06,between_headers,low,JULY 910 eee 463
V02-P0483,2,1623-07-01,1623-08-06,between_headers,low,RECORDS OF THE VIRGINIA COMPANY
V02-P0484,2,1623-08-06,1623-08-06,running_header,high,"AUGUST 6, 1623 465"
V02-P0485,2,1623-08-06,1623-11-12,between_headers,low,466 RECORDS OF THE VIRGINIA COMPANY
V02-P0486,2,1623-08-06,1623-11-12,between_headers,low,
V02-P0487,2,1623-08-06,1623-11-12,between_headers,low,
V02-P0488,2,1623-08-06,1623-11-12,between_headers,low,". z , Be por, «eo ropagenstseS."
V02-P0489,2,1623-08-06,1623-11-12,between_headers,low,
V02-P0490,2,1623-10-16,1623-10-16,running_header,low,"OCTOBER 16, 1623 467"
V02-P0491,2,1623-08-06,1623-11-12,between_headers,low,468 RECORDS OF THE VIRGINIA COMPANY
V02-P0492,2,1623-10-01,1623-10-31,running_header,low,"OCTOBER 165, 1623 — =e 469"
V02-P0493,2,1623-08-06,1623-11-12,between_headers,low,470 RECORDS OF THE VIRGINIA COMPANY
V02-P0494,2,1623-10-16,1623-10-16,running_header_year_fixed,low,"OCTOBER 16, 16828 .°..:. 471"
V02-P0495,2,1623-08-06,1623-11-12,between_headers,low,472 RECORDS OF THE VIRGINIA COMPANY
V02-P0496,2,1623-08-06,1623-11-12,between_headers,low,m’ Morgan.
V02-P0497,2,1623-08-06,1623-11-12,between_headers,low,474 RECORDS OF THE VIRGINIA COMPANY
V02-P0498,2,1623-10-22,1623-10-22,running_header,low,"OCTOBER 22, 1623 475"
V02-P0499,2,1623-08-06,1623-11-12,between_headers,low,476
V02-P0500,2,1623-11-12,1623-11-12,running_header,high,"NOVEMBER 12, 1623 477"
V02-P0501,2,1623-11-12,1623-11-12,inherited,medium,478 RECORDS OF THE VIRGINIA COMPANY
V02-P0502,2,1623-11-12,1623-11-12,running_header,high,"NOVEMBER 12, 1623 i 479"
V02-P0503,2,1623-11-12,1623-11-17,between_headers,medium,480 © RECORDS OF THE VIRGINIA COMPANY
V02-P0504,2,1623-11-17,1623-11-17,running_header,high,"NOVEMBER 17, 1623 481"
V02-P0505,2,1623-11-17,1623-11-19,between_headers,medium,482 RECORDS OF THE VIRGINIA COMPANY
V02-P0506,2,1623-11-17,1623-11-19,between_headers,medium,"NOVEMBER 17, 1688 “ 483"
V02-P0507,2,1623-11-17,1623-11-19,between_headers,medium,484 RECORDS OF THE VIRGINIA COMPANY
V02-P0508,2,1623-11-19,1623-11-19,running_header,high,"NOVEMBER 19, 1623"
V02-P0509,2,1623-11-19,1623-11-19,inherited,medium,486 RECORDS OF THE VIRGINIA COMPANY
V02-P0510,2,1623-11-19,1623-11-19,running_header,high,"NOVEMBER 19, 1623 487"
V02-P0511,2,1623-11-19,1623-11-19,inherited,medium,488 RECORDS OF THE VIRGINIA COMPANY
V02-P0512,2,1623-11-19,1623-11-19,running_header,high,"NOVEMBER 19, 1623 © a 489"
V02-P0513,2,1623-11-19,1623-11-19,inherited,medium,490
V02-P0514,2,1623-11-19,1623-11-19,running_header,high,"NOVEMBER 19, 1623 491"
V02-P0515,2,1623-11-19,1623-11-19,inherited,medium,492 RECORDS OF THE VIRGINIA COMPANY
V02-P0516,2,1623-11-19,1623-11-19,running_header,high,"NOVEMBER 19, 1623 ae 493"
V02-P0517,2,1623-11-19,1623-11-19,inherited,medium,494 RECORDS OF THE VIRGINIA COMPANY
V02-P0518,2,1623-11-19,1623-11-19,running_header,high,"NOVEMBER 19, 1623 °°'. j 495"
V02-P0519,2,1623-11-19,1624-01-14,between_headers,low,496
V02-P0520,2,1623-11-19,1624-01-14,between_headers,low,"JANUARY 1h, 1625 497"
V02-P0521,2,1623-11-19,1624-01-14,between_headers,low,498 RECORDS OF THE VIRGINIA COMPANY
V02-P0522,2,1624-01-14,1624-01-14,running_header,high,"JANUARY 14, 1624 499"
V02-P0523,2,1624-01-14,1624-01-14,inherited,medium,500 RECORDS OF THE VIRGINIA COMPANY
V02-P0524,2,1624-01-14,1624-01-14,inherited,medium,JANCABRY ty 1OQh. 06> « 501
V02-P0525,2,1624-01-14,1624-01-14,inherited,medium,502 RECORDS OF THE VIRGINIA COMPANY
V02-P0526,2,1624-01-14,1624-01-14,running_header,high,"JANUARY 14, 1624 503"
V02-P0527,2,1624-01-14,1624-02-02,between_headers,medium,504 RECORDS OF THE VIRGINIA COMPANY
V02-P0528,2,1624-01-01,1624-01-01,running_header,low,"JANUARY 1}, 1624 505"
V02-P0529,2,1624-01-14,1624-02-02,between_headers,medium,RECORDS OF THE VIRGINIA COMPANY
V02-P0530,2,1624-02-02,1624-02-02,running_header,high,"FEBRUARY 2, 1624 507"
V02-P0531,2,1624-02-02,1624-02-02,inherited,medium,508 RECORDS OF THE VIRGINIA COMPANY
V02-P0532,2,1624-02-02,1624-02-02,running_header,high,"FEBRUARY 2, 1624 509"
V02-P0533,2,1624-02-02,1624-02-04,between_headers,medium,510 RECORDS OF THE VIRGINIA COMPANY
V02-P0534,2,1624-02-02,1624-02-04,between_headers,medium,"FEBRUARY &, 16085. 611"
V02-P0535,2,1624-02-02,1624-02-04,between_headers,medium,RECORDS OF THE VIRGINIA COMPANY
V02-P0536,2,1624-02-04,1624-02-04,running_header,low,"FEBRUARY 4, 1684"
V02-P0537,2,1624-02-02,1624-02-04,between_headers,medium,514 RECORDS OF THE VIRGINIA COMPANY
V02-P0538,2,1624-02-04,1624-02-04,running_header,high,"FEBRUARY 4, 1624 515"
V02-P0539,2,1624-02-04,1624-02-04,inherited,medium,516 RECORDS OF THE VIRGINIA COMPANY
V02-P0540,2,1624-02-04,1624-02-04,running_header,high,"FEBRUARY 4, 1624 os 517"
V02-P0541,2,1624-02-04,1624-04-26,between_headers,low,518 RECORDS OF THE VIRGINIA COMPANY
V02-P0542,2,1624-02-04,1624-04-26,between_headers,low,"APRIL 01, 1004 - °° 519"
V02-P0543,2,1624-02-04,1624-04-26,between_headers,low,520
V02-P0544,2,1624-02-04,1624-04-26,between_headers,low,"APREL 01, 0p = 2%: 521"
V02-P0545,2,1624-02-04,1624-04-26,between_headers,low,522 RECORDS OF THE VIRGINIA COMPANY
V02-P0546,2,1624-02-04,1624-04-26,between_headers,low,"APRIL 21, 16% a 523"
V02-P0547,2,1624-02-04,1624-04-26,between_headers,low,524 RECORDS OF THE VIRGINIA COMPANY
V02-P0548,2,1624-04-21,1624-04-21,running_header,low,"APRIL 21, 1624 525"
V02-P0549,2,1624-02-04,1624-04-26,between_headers,low,526 RECORDS OF THE VIRGINIA COMPANY
V02-P0550,2,1624-02-04,1624-04-26,between_headers,low,A Clh ere’ 527
V02-P0551,2,1624-02-04,1624-04-26,between_headers,low,528 RECORDS OF THE VIRGINIA COMPANY
V02-P0552,2,1624-04-02,1624-04-02,running_header,low,"APRIL 2%, 1624"
V02-P0553,2,1624-02-04,1624-04-26,between_headers,low,530 RECORDS OF THE VIRGINIA COMPANY
V02-P0554,2,1624-04-26,1624-04-26,running_header,high,"APRIL 26, 1624 . 531"
V02-P0555,2,1624-04-26,1624-04-28,between_headers,medium,532 RECORDS OF THE VIRGINIA COMPANY
V02-P0556,2,1624-04-28,1624-04-28,running_header,high,"APRIL 28, 1624 a i 533"
V02-P0557,2,1624-04-28,1624-04-28,inherited,medium,RECORDS OF THE VIRGINIA COMPANY
V02-P0558,2,1624-04-28,1624-04-28,running_header,high,"APRIL 28, 1624 535"
V02-P0559,2,1624-04-28,1624-04-28,inherited,medium,536 RECORDS OF THE VIRGINIA COMPANY
V02-P0560,2,1624-04-28,1624-04-28,running_header,high,"APRIL 28, 1624 537"
V02-P0561,2,1624-04-28,1624-06-07,between_headers,low,538 RECORDS OF THE VIRGINIA COMPANY
V02-P0562,2,1624-06-07,1624-06-07,running_header,high,"JUNE 7, 1624"
V02-P0563,2,1624-06-07,1624-06-07,inherited,medium,540 RECORDS OF THE VIRGINIA COMPANY
V02-P0564,2,1624-06-07,1624-06-07,running_header,high,"JUNE 7, 1624 541"
V02-P0565,2,1624-06-07,1624-06-07,inherited,medium,Memorand.
V02-P0566,2,1624-06-07,1624-06-07,inherited,medium,
V02-P0567,2,1624-06-07,1624-06-07,inherited,medium,
V02-P0568,2,1624-06-07,1624-06-07,inherited,medium,Index
V02-P0569,2,1624-06-07,1624-06-07,inherited,medium,546
V02-P0570,2,1624-06-07,1624-06-07,inherited,medium,547
V02-P0571,2,1624-06-07,1624-06-07,inherited,medium,548
V02-P0572,2,1624-06-07,1624-06-07,inherited,medium,INDEX
V02-P0573,2,1624-06-07,1624-06-07,inherited,medium,550
V02-P0574,2,1624-06-07,1624-06-07,inherited,medium,INDEX
V02-P0575,2,1624-06-07,1624-06-07,inherited,medium,552
V02-P0576,2,1624-06-07,1624-06-07,inherited,medium,INDEX
V02-P0577,2,1624-06-07,1624-06-07,inherited,medium,554
V02-P0578,2,1624-06-07,1624-06-07,inherited,medium,INDEX
V02-P0579,2,1624-06-07,1624-06-07,inherited,medium,556
V02-P0580,2,1624-06-07,1624-06-07,inherited,medium,INDEX
V02-P0581,2,1624-06-07,1624-06-07,inherited,medium,558
V02-P0582,2,1624-06-07,1624-06-07,inherited,medium,INDEX
V02-P0583,2,1624-06-07,1624-06-07,inherited,medium,560 INDEX
V02-P0584,2,1624-06-07,1624-06-07,inherited,medium,INDEX 561
V02-P0585,2,1624-06-07,1624-06-07,inherited,medium,562
V02-P0586,2,1624-06-07,1624-06-07,inherited,medium,"Darnelly, Daniel—Continued."
V02-P0587,2,1624-06-07,1624-06-07,inherited,medium,564
V02-P0588,2,1624-06-07,1624-06-07,inherited,medium,INDEX
V02-P0589,2,1624-06-07,1624-06-07,inherited,medium,566
V02-P0590,2,1624-06-07,1624-06-07,inherited,medium,INDEX
V02-P0591,2,1624-06-07,1624-06-07,inherited,medium,568
V02-P0592,2,1624-06-07,1624-06-07,inherited,medium,INDEX
V02-P0593,2,1624-06-07,1624-06-07,inherited,medium,570
V02-P0594,2,1624-06-07,1624-06-07,inherited,medium,INDEX
V02-P0595,2,1624-06-07,1624-06-07,inherited,medium,572 INDEX
V02-P0596,2,1624-06-07,1624-06-07,inherited,medium,INDEX
V02-P0597,2,1624-06-07,1624-06-07,inherited,medium,574
V02-P0598,2,1624-06-07,1624-06-07,inherited,medium,INDEX
V02-P0599,2,1624-06-07,1624-06-07,inherited,medium,576 INDEX
V02-P0600,2,1624-06-07,1624-06-07,inherited,medium,INDEX
V02-P0601,2,1624-06-07,1624-06-07,inherited,medium,578 INDEX
V02-P0602,2,1624-06-07,1624-06-07,inherited,medium,INDEX 579
V02-P0603,2,1624-06-07,1624-06-07,inherited,medium,580
V02-P0604,2,1624-06-07,1624-06-07,inherited,medium,INDEX
V02-P0605,2,1624-06-07,1624-06-07,inherited,medium,582 INDEX
V02-P0606,2,1624-06-07,1624-06-07,inherited,medium,INDEX
V02-P0607,2,1624-06-07,1624-06-07,inherited,medium,584 INDEX
V02-P0608,2,1624-06-07,1624-06-07,inherited,medium,INDEX
V02-P0609,2,1624-06-07,1624-06-07,inherited,medium,586
V02-P0610,2,1624-06-07,1624-06-07,inherited,medium,INDEX
V02-P0611,2,1624-06-07,1624-06-07,inherited,medium,588
V02-P0612,2,1624-06-07,1624-06-07,inherited,medium,INDEX
V02-P0613,2,1624-06-07,1624-06-07,inherited,medium,590
V02-P0614,2,1624-06-07,1624-06-07,inherited,medium,INDEX
V02-P0615,2,1624-06-07,1624-06-07,inherited,medium,592
V02-P0616,2,1624-06-07,1624-06-07,inherited,medium,INDEX
V02-P0617,2,1624-06-07,1624-06-07,inherited,medium,594 INDEX
V02-P0618,2,1624-06-07,1624-06-07,inherited,medium,INDEX
V02-P0619,2,1624-06-07,1624-06-07,inherited,medium,596
V02-P0620,2,1624-06-07,1624-06-07,inherited,medium,INDEX
V02-P0621,2,1624-06-07,1624-06-07,inherited,medium,598
V02-P0622,2,1624-06-07,1624-06-07,inherited,medium,INDEX
V02-P0623,2,1624-06-07,1624-06-07,inherited,medium,600
V02-P0624,2,1624-06-07,1624-06-07,inherited,medium,INDEX
V02-P0625,2,1624-06-07,1624-06-07,inherited,medium,602 INDEX
V02-P0626,2,1624-06-07,1624-06-07,inherited,medium,INDEX
V02-P0627,2,1624-06-07,1624-06-07,inherited,medium,604
V02-P0628,2,1624-06-07,1624-06-07,inherited,medium,INDEX
V02-P0629,2,1624-06-07,1624-06-07,inherited,medium,606
V02-P0630,2,1624-06-07,1624-06-07,inherited,medium,INDEX
V03-P0001,3,1608-06-08,1608-06-08,inherited,medium,Rerorns of the
V03-P0002,3,1608-06-08,1608-06-08,inherited,medium,2 RECORDS OF THE VIRGINIA COMPANY
V03-P0003,3,1608-06-08,1608-06-08,inherited,medium,BEFORE 1609 3
V03-P0004,3,1608-06-08,1608-06-08,inherited,medium,4 RECORDS OF THE VIRGINIA COMPANY
V03-P0005,3,1608-06-08,1608-06-08,inherited,medium,1607 5
V03-P0006,3,1608-06-08,1608-06-08,inherited,medium,6 RECORDS OF THE VIRGINIA COMPANY
V03-P0007,3,1608-06-08,1608-06-08,running_header,high,"JUNE 8, 1608 vk"
V03-P0008,3,1608-06-08,1608-06-08,inherited,medium,8 RECORDS OF THE VIRGINIA COMPANY
V03-P0009,3,1608-06-08,1608-06-08,running_header,high,"JUNE 8, 1608 9"
V03-P0010,3,1608-06-08,1608-06-23,between_headers,medium,10 RECORDS OF THE VIRGINIA COMPANY
V03-P0011,3,1608-06-23,1608-06-23,running_header,high,"JUNE 23, 1608 pel"
V03-P0012,3,1608-06-23,1609-05-01,between_headers,low,Fleete of .8:
V03-P0013,3,1609-05-01,1609-05-31,running_header,high,"MAY, 1609 18"
V03-P0014,3,1609-05-01,1609-05-31,between_headers,medium,14 RECORDS OF THE VIRGINIA COMPANY
V03-P0015,3,1609-05-01,1609-05-31,running_header,high,"MAY, 1609 15"
V03-P0016,3,1609-05-01,1609-05-31,between_headers,medium,Granges or
V03-P0017,3,1609-05-01,1609-05-31,running_header,high,"MAY, 1609 17"
V03-P0018,3,1609-05-01,1609-05-31,between_headers,medium,Small fortes
V03-P0019,3,1609-05-01,1609-05-31,running_header,high,"MAY, 1609 19"
V03-P0020,3,1609-05-01,1609-05-31,between_headers,medium,20 RECORDS OF THE VIRGINIA COMPANY
V03-P0021,3,1609-05-01,1609-05-31,running_header,high,"MAY, 1609 21"
V03-P0022,3,1609-05-31,1610-11-18,between_headers,low,22 RECORDS OF THE VIRGINIA COMPANY
V03-P0023,3,1609-05-01,1609-05-31,running_header,low,"MAY, 1609 23"
V03-P0024,3,1609-05-31,1610-11-18,between_headers,low,24 RECORDS OF THE VIRGINIA COMPANY
V03-P0025,3,1609-05-31,1610-11-18,between_headers,low,16097)/10 25
V03-P0026,3,1609-05-31,1610-11-18,between_headers,low,26 RECORDS OF THE VIRGINIA COMPANY
V03-P0027,3,1609-05-31,1610-11-18,between_headers,low,1609(?)/10 27
V03-P0028,3,1609-05-31,1610-11-18,between_headers,low,28 RECORDS OF THE VIRGINIA COMPANY
V03-P0029,3,1610-11-18,1610-11-18,running_header,high,"NOVEMBER 18, 1610 29"
V03-P0030,3,1610-11-18,1611-04-01,between_headers,low,30 RECORDS OF THE VIRGINIA COMPANY
V03-P0031,3,1610-11-18,1611-04-01,between_headers,low,1611(?) 31
V03-P0032,3,1610-11-18,1611-04-01,between_headers,low,32 RECORDS OF THE VIRGINIA COMPANY
V03-P0033,3,1611-04-01,1611-04-30,running_header,high,"APRIL, 1611 38"
V03-P0034,3,1611-04-30,1612-11-25,between_headers,low,34 RECORDS OF THE VIRGINIA COMPANY
V03-P0035,3,1612-11-25,1612-11-25,running_header,high,"NOVEMBER 25, 1612 35"
V03-P0036,3,1612-11-25,1612-12-11,between_headers,medium,36 RECORDS OF THE VIRGINIA COMPANY
V03-P0037,3,1612-11-25,1612-11-25,running_header,low,"NOVEMBER 25, 1612 37"
V03-P0038,3,1612-11-25,1612-12-11,between_headers,medium,38 RECORDS OF THE VIRGINIA COMPANY
V03-P0039,3,1612-12-11,1612-12-11,running_header,high,"DECEMBER 11, 1612 39"
V03-P0040,3,1612-12-11,1613-01-11,between_headers,medium,40 RECORDS OF THE VIRGINIA COMPANY
V03-P0041,3,1613-01-11,1613-01-11,running_header,high,"JANUARY 11, 1612/13 41"
V03-P0042,3,1613-01-11,1613-04-28,between_headers,low,42 RECORDS OF THE VIRGINIA COMPANY
V03-P0043,3,1613-04-28,1613-04-28,running_header,high,"APRIL 28, 1613 43"
V03-P0044,3,1613-04-28,1613-11-15,between_headers,low,44 RECORDS OF THE VIRGINIA COMPANY
V03-P0045,3,1618-11-01,1618-11-01,running_header,low,"NOVEMBER 1, 1618 45"
V03-P0046,3,1613-04-28,1613-11-15,between_headers,low,46 RECORDS OF THE VIRGINIA COMPANY
V03-P0047,3,1613-11-01,1613-11-01,running_header,low,"NOVEMBER 1, 1613 47"
V03-P0048,3,1613-04-28,1613-11-15,between_headers,low,48 RECORDS OF THE VIRGINIA COMPANY
V03-P0049,3,1613-11-15,1613-11-15,running_header,high,"NOVEMBER 15, 1613 49"
V03-P0050,3,1613-11-15,1613-11-15,inherited,medium,50 RECORDS OF THE VIRGINIA COMPANY
V03-P0051,3,1613-11-15,1613-11-15,running_header,high,"NOVEMBER 15, 1613 51"
V03-P0052,3,1613-11-15,1616-03-06,between_headers,low,Pennyman. Jur
V03-P0053,3,1613-11-30,1613-11-30,running_header,low,"NOVEMBER 80, 1613 53"
V03-P0054,3,1613-11-15,1616-03-06,between_headers,low,54 RECORDS OF THE VIRGINIA COMPANY
V03-P0055,3,1618-11-30,1618-11-30,running_header,low,"NOVEMBER 80, 1618 55"
V03-P0056,3,1613-11-15,1616-03-06,between_headers,low,56 RECORDS OF THE VIRGINIA COMPANY
V03-P0057,3,1614-02-16,1614-02-16,running_header,low,"FEBRUARY 16, 1613/14 57"
V03-P0058,3,1613-11-15,1616-03-06,between_headers,low,58 RECORDS OF THE VIRGINIA COMPANY
V03-P0059,3,1613-11-15,1616-03-06,between_headers,low,1617
V03-P0060,3,1613-11-15,1616-03-06,between_headers,low,60
V03-P0061,3,1613-11-15,1616-03-06,between_headers,low,1620
V03-P0062,3,1613-11-15,1616-03-06,between_headers,low,62
V03-P0063,3,1616-03-06,1616-03-06,running_header,high,"MARCH 6, i615/16-JUNE 9, 1623"
V03-P0064,3,1616-03-06,1617-06-07,between_headers,low,1621
V03-P0065,3,1616-03-06,1622-06-09,running_header,low,"MARCH 6, 1615/16-JUNE 9, 1628"
V03-P0066,3,1616-03-06,1617-06-07,between_headers,low,66
V03-P0067,3,1616-03-06,1617-06-07,between_headers,low,"DECEMBER 19, 1916 67"
V03-P0068,3,1616-03-06,1617-06-07,between_headers,low,68 RECORDS OF THE VIRGINIA COMPANY
V03-P0069,3,1617-06-07,1617-06-07,running_header,high,"JUNE 7, 1617 69"
V03-P0070,3,1617-06-07,1617-06-08,between_headers,medium,70 RECORDS OF THE VIRGINIA COMPANY
V03-P0071,3,1617-06-08,1617-06-08,running_header,high,"JUNE 8, 1617 Kal"
V03-P0072,3,1617-06-08,1617-06-09,between_headers,medium,72 RECORDS OF THE VIRGINIA COMPANY
V03-P0073,3,1617-06-09,1617-06-09,running_header,high,"JUNE 9, 1617 73"
V03-P0074,3,1617-06-09,1617-10-20,between_headers,low,74 RECORDS OF THE VIRGINIA COMPANY
V03-P0075,3,1617-10-20,1617-10-20,running_header,high,"OCTOBER 20, 1617 75"
V03-P0076,3,1617-10-20,1617-12-27,between_headers,low,76 RECORDS OF THE VIRGINIA COMPANY
V03-P0077,3,1617-12-27,1617-12-27,running_header,high,"DECEMBER 27, 1617 V7"
V03-P0078,3,1617-12-27,1618-05-18,between_headers,low,78 RECORDS OF THE VIRGINIA COMPANY
V03-P0079,3,1617-12-27,1618-05-18,between_headers,low,1618? 79
V03-P0080,3,1617-12-27,1618-05-18,between_headers,low,80 RECORDS OF THE VIRGINIA COMPANY
V03-P0081,3,1617-12-27,1618-05-18,between_headers,low,Edward Bruster__-.------- 30
V03-P0082,3,1617-12-27,1618-05-18,between_headers,low,82 RECORDS OF THE VIRGINIA COMPANY
V03-P0083,3,1617-12-27,1618-05-18,between_headers,low,John Delbridge_-..--..-..- 37
V03-P0084,3,1617-12-27,1618-05-18,between_headers,low,84
V03-P0085,3,1617-12-27,1618-05-18,between_headers,low,(20)
V03-P0086,3,1617-12-27,1618-05-18,between_headers,low,86
V03-P0087,3,1617-12-27,1618-05-18,between_headers,low,Thofis Perkins___-.---.__. 12
V03-P0088,3,1617-12-27,1618-05-18,between_headers,low,88 RECORDS OF THE VIRGINIA COMPANY
V03-P0089,3,1617-12-27,1618-05-18,between_headers,low,1618?
V03-P0090,3,1617-12-27,1618-05-18,between_headers,low,90 RECORDS OF THE VIRGINIA COMPANY
V03-P0091,3,1618-02-20,1618-02-20,running_header,low,"FEBRUARY 20, 1617/18 91"
V03-P0092,3,1617-12-27,1618-05-18,between_headers,low,92 RECORDS OF THE VIRGINIA COMPANY
V03-P0093,3,1617-12-27,1618-05-18,between_headers,low,X. Seals used by members of the Vi
V03-P0094,3,1617-12-27,1618-05-18,between_headers,low,we
V03-P0095,3,1617-12-27,1618-05-18,between_headers,low,
V03-P0096,3,1617-12-27,1618-05-18,between_headers,low,
V03-P0097,3,1618-05-18,1618-05-18,running_header,low,"MAY 18, 1618 93"
V03-P0098,3,1617-12-27,1618-05-18,between_headers,low,94 RECORDS OF THE VIRGINIA COMPANY
V03-P0099,3,1618-05-18,1618-05-18,running_header,high,"MAY 18, 1618"
V03-P0100,3,1618-05-18,1618-05-18,inherited,medium,30) at 28
V03-P0101,3,1618-05-18,1618-05-18,running_header,high,"MAY 18, 1618 OG"
V03-P0102,3,1618-05-18,1618-11-18,between_headers,low,98 RECORDS OF THE VIRGINIA COMPANY
V03-P0103,3,1618-11-18,1618-11-18,running_header,low,"NOVEMBER 18, 1618 99"
V03-P0104,3,1618-05-18,1618-11-18,between_headers,low,100 RECORDS OF THE VIRGINIA COMPANY
V03-P0105,3,1618-11-18,1618-11-18,running_header,high,"NOVEMBER 18, 1618 104"
V03-P0106,3,1618-11-18,1618-11-18,inherited,medium,102 RECORDS OF THE VIRGINIA COMPANY
V03-P0107,3,1618-11-18,1618-11-18,running_header,high,"NOVEMBER 18, 1618 108"
V03-P0108,3,1618-11-18,1618-11-18,inherited,medium,104 RECORDS OF THE VIRGINIA COMPANY
V03-P0109,3,1618-11-18,1618-11-18,running_header,high,"NOVEMBER 18, 1618 105"
V03-P0110,3,1618-11-18,1619-02-08,between_headers,low,106 RECORDS OF THE VIRGINIA COMPANY
V03-P0111,3,1618-11-18,1618-11-18,running_header,low,"NOVEMBER 18, 1618 107"
V03-P0112,3,1618-11-18,1619-02-08,between_headers,low,108 RECORDS OF THE VIRGINIA COMPANY
V03-P0113,3,1618-11-18,1619-02-08,between_headers,low,1619 109
V03-P0114,3,1618-11-18,1619-02-08,between_headers,low,110 RECORDS OF THE VIRGINIA COMPANY
V03-P0115,3,1618-11-18,1619-02-08,between_headers,low,1619 111
V03-P0116,3,1618-11-18,1619-02-08,between_headers,low,112 RECORDS OF THE VIRGINIA COMPANY
V03-P0117,3,1618-11-18,1619-02-08,between_headers,low,1619 113
V03-P0118,3,1618-11-18,1619-02-08,between_headers,low,114 RECORDS OF THE VIRGINIA COMPANY
V03-P0119,3,1618-11-18,1619-02-08,between_headers,low,1619 115
V03-P0120,3,1618-11-18,1619-02-08,between_headers,low,"Comunodities,"
V03-P0121,3,1618-11-18,1619-02-08,between_headers,low,1619 1
V03-P0122,3,1618-11-18,1619-02-08,between_headers,low,Patents.
V03-P0123,3,1618-11-18,1619-02-08,between_headers,low,1619 119
V03-P0124,3,1618-11-18,1619-02-08,between_headers,low,120 RECORDS OF THE VIRGINIA COMPANY
V03-P0125,3,1618-11-18,1619-02-08,between_headers,low,1619 121
V03-P0126,3,1618-11-18,1619-02-08,between_headers,low,122 RECORDS OF THE VIRGINIA COMPANY
V03-P0127,3,1618-11-18,1619-02-08,between_headers,low,1619 123
V03-P0128,3,1618-11-18,1619-02-08,between_headers,low,124 RECORDS OF THE VIRGINIA COMPANY
V03-P0129,3,1618-11-18,1619-02-08,between_headers,low,1619 125
V03-P0130,3,1618-11-18,1619-02-08,between_headers,low,126 RECORDS OF THE VIRGINIA COMPANY
V03-P0131,3,1618-11-18,1619-02-08,between_headers,low,1619 127
V03-P0132,3,1618-11-18,1619-02-08,between_headers,low,128 RECORDS OF THE VIRGINIA COMPANY
V03-P0133,3,1618-11-18,1619-02-08,between_headers,low,1619 129
V03-P0134,3,1618-11-18,1619-02-08,between_headers,low,130 RECORDS OF THE VIRGINIA COMPANY
V03-P0135,3,1619-02-08,1619-02-08,running_header,high,"FEBRUARY 8, 1618/19 131"
V03-P0136,3,1619-02-08,1619-02-08,inherited,medium,132 RECORDS OF THE VIRGINIA COMPANY
V03-P0137,3,1619-02-08,1619-02-08,running_header,high,"FEBRUARY 8, 1618/19 133"
V03-P0138,3,1619-02-08,1619-02-15,between_headers,medium,184 RECORDS OF THE VIRGINIA COMPANY
V03-P0139,3,1619-02-15,1619-02-15,running_header,high,"FEBRUARY 15, 1618/19 135"
V03-P0140,3,1619-02-15,1619-04-27,between_headers,low,136 RECORDS OF THE VIRGINIA COMPANY
V03-P0141,3,1619-04-01,1619-04-30,running_header,low,"APRIL &, 1619 137"
V03-P0142,3,1619-02-15,1619-04-27,between_headers,low,138 RECORDS OF THE VIRGINIA COMPANY
V03-P0143,3,1619-04-27,1619-04-27,running_header,high,"APRIL 27, 1619 139"
V03-P0144,3,1619-04-27,1619-04-27,inherited,medium,140 RECORDS OF THE VIRGINIA COMPANY
V03-P0145,3,1619-04-27,1619-04-27,running_header,high,"APRIL 27, 1619 141"
V03-P0146,3,1619-04-27,1619-06-17,between_headers,low,142 RECORDS OF THE VIRGINIA COMPANY
V03-P0147,3,1619-04-27,1619-04-27,running_header,low,"APRIL 87, 1619 143"
V03-P0148,3,1619-04-27,1619-06-17,between_headers,low,144 RECORDS OF THE VIRGINIA COMPANY
V03-P0149,3,1619-06-17,1619-06-17,running_header,high,"JUNE 17, 1619 145"
V03-P0150,3,1619-06-17,1619-07-08,between_headers,medium,146 RECORDS OF THE VIRGINIA COMPANY
V03-P0151,3,1619-06-21,1619-06-21,running_header,low,"JUNE 21, 1619 147"
V03-P0152,3,1619-06-17,1619-07-08,between_headers,medium,148 RECORDS OF THE VIRGINIA COMPANY
V03-P0153,3,1619-07-08,1619-07-08,running_header,high,"JULY 8, 1619 149"
V03-P0154,3,1619-07-08,1619-07-20,between_headers,medium,150 RECORDS OF THE VIRGINIA COMPANY
V03-P0155,3,1619-07-20,1619-07-20,running_header,high,"JULY 20, 1619 151"
V03-P0156,3,1619-07-20,1619-09-01,between_headers,low,152 RECORDS OF THE VIRGINIA COMPANY
V03-P0157,3,1619-07-30,1619-08-04,running_header,low,"JULY 80, 81, AUGUST 2, 3, 4, 1619 153"
V03-P0158,3,1619-07-20,1619-09-01,between_headers,low,154 RECORDS OF THE VIRGINIA COMPANY
V03-P0159,3,1619-07-30,1619-08-08,running_header,low,"JULY 80, 81, AUGUST 2, 8, 4, 1619 155"
V03-P0160,3,1619-07-20,1619-09-01,between_headers,low,156 RECORDS OF THE VIRGINIA COMPANY
V03-P0161,3,1619-07-30,1619-08-08,running_header,low,"JULY 80, 81, AUGUST 2, 8, 4, 1619 157"
V03-P0162,3,1619-07-20,1619-09-01,between_headers,low,158 RECORDS OF THE VIRGINIA COMPANY
V03-P0163,3,1619-07-30,1619-08-08,running_header,low,"JULY 80, 81, AUGUST 2, 8, 4, 1619 159"
V03-P0164,3,1619-07-20,1619-09-01,between_headers,low,160 RECORDS OF THE VIRGINIA COMPANY
V03-P0165,3,1619-07-30,1619-08-08,running_header,low,"JULY 80, 81, AUGUST 2, 8, 4, 1619 161"
V03-P0166,3,1619-07-20,1619-09-01,between_headers,low,162 RECORDS OF THE VIRGINIA COMPANY
V03-P0167,3,1619-07-31,1619-08-08,running_header,low,"JULY $0, 81, AUGUST 2, 8, 4, 1619 163"
V03-P0168,3,1619-07-20,1619-09-01,between_headers,low,164 RECORDS OF THE VIRGINIA COMPANY
V03-P0169,3,1619-07-30,1619-08-08,running_header,low,"JULY 80, 81, AUGUST 2, 8, 4, 1619 165"
V03-P0170,3,1619-07-20,1619-09-01,between_headers,low,166 RECORDS OF THE VIRGINIA COMPANY
V03-P0171,3,1619-07-30,1619-08-08,running_header,low,"JULY 80, 81, AUGUST 2, 8, 4, 1619 167"
V03-P0172,3,1619-07-20,1619-09-01,between_headers,low,168 RECORDS OF THE VIRGINIA COMPANY
V03-P0173,3,1619-07-30,1619-08-08,running_header,low,"JULY 80, 81, AUGUST 2, 8, 4, 1619 169"
V03-P0174,3,1619-07-20,1619-09-01,between_headers,low,170 RECORDS OF THE VIRGINIA COMPANY
V03-P0175,3,1619-07-30,1619-08-04,running_header,low,"JULY 80, 31, AUGUST 2, 3, 4, 1619 Tl"
V03-P0176,3,1619-07-20,1619-09-01,between_headers,low,172 RECORDS OF THE VIRGINIA COMPANY
V03-P0177,3,1619-07-30,1619-08-04,running_header,low,"JULY 30, 81, AUGUST 2, 3, 4, 1619 173"
V03-P0178,3,1619-07-20,1619-09-01,between_headers,low,174 RECORDS OF THE VIRGINIA COMPANY
V03-P0179,3,1619-07-30,1619-08-08,running_header,low,"JULY 80, 31, AUGUST 2, 8, 4, 1619 175"
V03-P0180,3,1619-07-20,1619-09-01,between_headers,low,176 RECORDS OF THE VIRGINIA COMPANY
V03-P0181,3,1619-07-30,1619-08-08,running_header,low,"JULY 30, 31, AUGUST 2, 8, 4, 1619 177"
V03-P0182,3,1619-07-20,1619-09-01,between_headers,low,178 RECORDS OF THE VIRGINIA COMPANY
V03-P0183,3,1619-09-01,1619-09-30,running_header,high,"JULY, AUGUST, AND SEPTEMBER, 1619"
V03-P0184,3,1619-09-01,1619-09-30,between_headers,medium,180 RECORDS OF THE VIRGINIA COMPANY
V03-P0185,3,1619-09-01,1619-09-30,running_header,high,"JULY, AUGUST, AND SEPTEMBER, 1619"
V03-P0186,3,1619-09-01,1619-09-30,between_headers,medium,182 RECORDS OF THE VIRGINIA COMPANY
V03-P0187,3,1619-09-01,1619-09-30,running_header,high,"JULY, AUGUST, AND SEPTEMBER, 1619"
V03-P0188,3,1619-09-01,1619-09-30,between_headers,medium,184 RECORDS OF THE VIRGINIA COMPANY
V03-P0189,3,1619-09-01,1619-09-30,running_header,high,"JULY, AUGUST, AND SEPTEMBER, 1619"
V03-P0190,3,1619-09-01,1619-09-30,between_headers,medium,186 RECORDS OF THE VIRGINIA COMPANY
V03-P0191,3,1619-09-01,1619-09-30,running_header,high,"JULY, AUGUST, AND SEPTEMBER, 1619"
V03-P0192,3,1619-09-01,1619-09-30,between_headers,medium,188 RECORDS OF THE VIRGINIA COMPANY
V03-P0193,3,1619-09-01,1619-09-30,running_header,high,"JULY, AUGUST, AND SEPTEMBER, 1619 189"
V03-P0194,3,1619-08-16,1619-09-30,between_headers,low,190 RECORDS OF THE VIRGINIA COMPANY
V03-P0195,3,1619-08-16,1619-08-16,running_header,high,"AUGUST 16, 1619 191"
V03-P0196,3,1619-08-16,1619-08-18,between_headers,medium,192 RECORDS OF THE VIRGINIA COMPANY
V03-P0197,3,1619-08-18,1619-08-18,running_header,high,"AUGUST 18, 1619 193"
V03-P0198,3,1619-08-18,1619-09-01,between_headers,medium,194 RECORDS OF THE VIRGINIA COMPANY
V03-P0199,3,1619-09-01,1619-09-30,running_header,high,"SEPTEMBER, 1619 195"
V03-P0200,3,1619-09-04,1619-09-30,between_headers,medium,196 RECORDS OF THE VIRGINIA COMPANY
V03-P0201,3,1619-09-01,1619-09-30,running_header,low,"SEPTEMBER, 1619 197"
V03-P0202,3,1619-09-04,1619-09-30,between_headers,medium,198 RECORDS OF THE VIRGINIA COMPANY
V03-P0203,3,1619-09-04,1619-09-04,running_header,high,"SEPTEMBER 4, 1619 199"
V03-P0204,3,1619-09-04,1619-09-04,inherited,medium,200 RECORDS OF THE VIRGINIA COMPANY
V03-P0205,3,1619-09-04,1619-09-04,running_header,high,"SEPTEMBER 4, 1619 201"
V03-P0206,3,1619-09-04,1619-09-04,inherited,medium,202 RECORDS OF THE VIRGINIA COMPANY
V03-P0207,3,1619-09-04,1619-09-04,running_header,high,"SEPTEMBER 4, 1619 203"
V03-P0208,3,1619-09-04,1619-09-04,inherited,medium,204 RECORDS OF THE VIRGINIA COMPANY
V03-P0209,3,1619-09-04,1619-09-04,running_header,high,"SEPTEMBER 4, 1619 205"
V03-P0210,3,1619-09-04,1619-09-04,inherited,medium,206 RECORDS OF THE VIRGINIA COMPANY
V03-P0211,3,1619-09-04,1619-09-04,running_header,low,"SEPTEMBER 4, 1619 207"
V03-P0212,3,1619-09-04,1619-09-04,inherited,medium,208 RECORDS OF THE VIRGINIA COMPANY
V03-P0213,3,1619-09-04,1619-09-04,running_header,high,"SEPTEMBER 4, 1619 209"
V03-P0214,3,1619-09-04,1619-09-07,between_headers,medium,210 RECORDS OF THE VIRGINIA COMPANY
V03-P0215,3,1619-09-07,1619-09-07,running_header,high,"SEPTEMBER 7, 1619 ral"
V03-P0216,3,1619-09-07,1619-09-15,between_headers,medium,212 RECORDS OF THE VIRGINIA COMPANY
V03-P0217,3,1619-09-15,1619-09-15,running_header,high,"SEPTEMBER 15, 1619 213"
V03-P0218,3,1619-09-15,1619-09-20,between_headers,medium,214 RECORDS OF THE VIRGINIA COMPANY
V03-P0219,3,1619-09-20,1619-09-20,running_header,high,"SEPTEMBER 20, 1619 215"
V03-P0220,3,1619-09-20,1619-09-30,between_headers,medium,216 RECORDS OF THE VIRGINIA COMPANY
V03-P0221,3,1619-09-29,1619-09-29,running_header,low,"SEPTEMBER 29, 1619 217"
V03-P0222,3,1619-09-20,1619-09-30,between_headers,medium,218 RECORDS OF THE VIRGINIA COMPANY
V03-P0223,3,1619-09-30,1619-09-30,running_header,high,"SEPTEMBER 30, 1619 219"
V03-P0224,3,1619-09-30,1619-10-04,between_headers,medium,220 RECORDS OF THE VIRGINIA COMPANY
V03-P0225,3,1619-09-30,1619-09-30,running_header,low,"SEPTEMBER 80, 1619 221"
V03-P0226,3,1619-09-30,1619-10-04,between_headers,medium,222 RECORDS OF THE VIRGINIA COMPANY
V03-P0227,3,1619-10-04,1619-10-04,running_header,high,"OCTOBER 4, 1619 223"
V03-P0228,3,1619-10-04,1619-10-18,between_headers,medium,224 RECORDS OF THE VIRGINIA COMPANY
V03-P0229,3,1619-10-18,1619-10-18,running_header,high,"OCTOBER 18, 1619 225"
V03-P0230,3,1619-10-18,1619-11-12,between_headers,medium,226 RECORDS OF THE VIRGINIA COMPANY
V03-P0231,3,1619-11-11,1619-11-11,running_header,low,"NOVEMBER 11, 1619 227"
V03-P0232,3,1619-10-18,1619-11-12,between_headers,medium,228 RECORDS OF THE VIRGINIA COMPANY
V03-P0233,3,1619-11-12,1619-11-12,running_header,high,"NOVEMBER 12, 1619 229"
V03-P0234,3,1619-11-12,1620-01-01,between_headers,low,230 RECORDS OF THE VIRGINIA COMPANY
V03-P0235,3,1619-11-12,1620-01-01,between_headers,low,1620 (?) 231
V03-P0236,3,1619-11-12,1620-01-01,between_headers,low,232 RECORDS OF THE VIRGINIA COMPANY
V03-P0237,3,1619-11-12,1620-01-01,between_headers,low,1620 (?) 233
V03-P0238,3,1619-11-12,1620-01-01,between_headers,low,te intreate them
V03-P0239,3,1619-11-12,1620-01-01,between_headers,low,1620 (?) 235
V03-P0240,3,1619-11-12,1620-01-01,between_headers,low,Riek Willis.’
V03-P0241,3,1619-11-12,1620-01-01,between_headers,low,1620 237
V03-P0242,3,1619-11-12,1620-01-01,between_headers,low,238 RECORDS OF THE VIRGINIA COMPANY
V03-P0243,3,1619-11-12,1620-01-01,between_headers,low,1620 239
V03-P0244,3,1619-11-12,1620-01-01,between_headers,low,240 RECORDS OF THE VIRGINIA COMPANY
V03-P0245,3,1620-01-01,1620-01-31,running_header,high,"JANUARY, 1619/20 241"
V03-P0246,3,1620-01-01,1620-01-31,between_headers,medium,242 RECORDS OF THE VIRGINIA COMPANY
V03-P0247,3,1620-01-01,1620-01-31,running_header,high,"JANUARY, 1619/20 243"
V03-P0248,3,1620-01-01,1620-01-31,between_headers,medium,244 RECORDS OF THE VIRGINIA COMPANY
V03-P0249,3,1620-01-01,1620-01-31,running_header,high,"JANUARY, 1619/20 245"
V03-P0250,3,1620-01-18,1620-01-31,between_headers,medium,246 RECORDS OF THE VIRGINIA COMPANY
V03-P0251,3,1620-01-01,1620-01-31,running_header,low,"JANUARY, 1619/20 247"
V03-P0252,3,1620-01-18,1620-01-31,between_headers,medium,248 RECORDS OF THE VIRGINIA COMPANY
V03-P0253,3,1620-01-18,1620-01-18,running_header,high,"JANUARY 18, 1619/20 249"
V03-P0254,3,1620-01-18,1620-01-18,inherited,medium,250 RECORDS OF THE VIRGINIA COMPANY
V03-P0255,3,1620-01-18,1620-01-18,running_header,high,"FANUARY 18, 1619/20 251"
V03-P0256,3,1620-01-13,1620-01-18,between_headers,medium,252 RECORDS OF THE VIRGINIA COMPANY
V03-P0257,3,1620-01-13,1620-01-13,running_header,high,"JANUARY 13, 1619/20 253"
V03-P0258,3,1620-01-13,1620-01-16,between_headers,medium,254 RECORDS OF THE VIRGINIA COMPANY
V03-P0259,3,1620-01-16,1620-01-16,running_header,high,"JANUARY 16, 1619/20 255"
V03-P0260,3,1620-01-16,1620-01-28,between_headers,medium,256 RECORDS OF THE VIRGINIA COMPANY
V03-P0261,3,1620-01-16,1620-01-16,running_header,low,"JANUARY 16, 1619/20 257"
V03-P0262,3,1620-01-16,1620-01-28,between_headers,medium,A good Consider-
V03-P0263,3,1620-01-28,1620-01-28,running_header,high,"JANUARY 28, 1619/20 259"
V03-P0264,3,1620-01-28,1620-02-01,between_headers,medium,260 RECORDS OF THE VIRGINIA COMPANY
V03-P0265,3,1620-01-28,1620-02-01,between_headers,medium,XI. Autographs of John Ferrar found among his private papers.
V03-P0266,3,1620-01-28,1620-02-01,between_headers,medium,-— [eeiuel
V03-P0267,3,1620-01-28,1620-02-01,between_headers,medium,y
V03-P0268,3,1620-01-28,1620-02-01,between_headers,medium,
V03-P0269,3,1620-02-01,1620-02-29,running_header,high,"FEBRUARY, 1619/20 261"
V03-P0270,3,1620-02-29,1620-03-06,between_headers,medium,262 RECORDS OF THE VIRGINIA COMPANY
V03-P0271,3,1620-03-06,1620-03-06,running_header,high,"MARCH 6, 1619/20 263"
V03-P0272,3,1620-03-06,1620-04-05,between_headers,medium,264 RECORDS OF THE VIRGINIA COMPANY
V03-P0273,3,1620-04-05,1620-04-10,running_header,high,"APRIL 5, 10, 1620 265"
V03-P0274,3,1620-04-10,1620-05-01,between_headers,medium,266 RECORDS OF THE VIRGINIA COMPANY
V03-P0275,3,1620-05-01,1620-05-31,running_header,low,"MAY, 1620 267"
V03-P0276,3,1620-04-10,1620-05-01,between_headers,medium,268 RECORDS OF THE VIRGINIA COMPANY
V03-P0277,3,1620-05-01,1620-05-01,running_header,high,"MAY 1, 1620 269"
V03-P0278,3,1620-05-01,1620-05-17,between_headers,medium,270 RECORDS OF THE VIRGINIA COMPANY
V03-P0279,3,1620-05-07,1620-05-07,running_header,low,"MAY 7, 1620 271"
V03-P0280,3,1620-05-01,1620-05-17,between_headers,medium,272 RECORDS OF THE VIRGINIA COMPANY
V03-P0281,3,1620-05-01,1620-05-31,running_header,low,"MAY ?, 1620 273"
V03-P0282,3,1620-05-01,1620-05-17,between_headers,medium,274 RECORDS OF THE VIRGINIA COMPANY
V03-P0283,3,1620-05-17,1620-05-17,running_header,high,"MAY 17, 1620 275"
V03-P0284,3,1620-05-17,1620-05-17,inherited,medium,276 RECORDS OF THE VIRGINIA COMPANY
V03-P0285,3,1620-05-17,1620-05-17,inherited,medium,"ALAY 17, 1620 277"
V03-P0286,3,1620-05-17,1620-05-17,inherited,medium,278 RECORDS OF THE VIRGINIA COMPANY
V03-P0287,3,1620-05-17,1620-05-17,running_header,high,"MAY 17, 1620 279"
V03-P0288,3,1620-05-17,1620-06-01,between_headers,medium,280 RECORDS OF THE VIRGINIA COMPANY
V03-P0289,3,1620-05-17,1620-06-01,between_headers,medium,"TRINITY TERM, 1620 281"
V03-P0290,3,1620-05-17,1620-06-01,between_headers,medium,282 RECORDS OF THE VIRGINIA COMPANY
V03-P0291,3,1620-05-17,1620-06-01,between_headers,medium,"TRINITY TERM, 1620 283"
V03-P0292,3,1620-05-17,1620-06-01,between_headers,medium,284 RECORDS OF THE VIRGINIA COMPANY
V03-P0293,3,1620-05-17,1620-06-01,between_headers,medium,"TRINITY TERM, 162"
V03-P0294,3,1620-05-17,1620-06-01,between_headers,medium,286 RECORDS OF THE VIRGINIA COMPANY
V03-P0295,3,1620-05-17,1620-06-01,between_headers,medium,"TRINITY TERM, 1620 287"
V03-P0296,3,1620-05-17,1620-06-01,between_headers,medium,288 RECORDS OF THE VIRGINIA COMPANY
V03-P0297,3,1620-06-01,1620-06-30,running_header,high,"JUNE, 1620 289"
V03-P0298,3,1620-06-01,1620-06-30,between_headers,medium,290 RECORDS OF THE VIRGINIA COMPANY
V03-P0299,3,1620-06-01,1620-06-30,running_header,high,"JUNE, 1620 291"
V03-P0300,3,1620-06-01,1620-06-30,between_headers,medium,292 RECORDS OF THE VIRGINIA COMPANY
V03-P0301,3,1620-06-01,1620-06-01,running_header,high,"JUNE 1, 1620 293"
V03-P0302,3,1620-06-01,1620-06-07,between_headers,medium,294 RECORDS OF THE VIRGINIA COMPANY
V03-P0303,3,1620-06-07,1620-06-07,running_header,high,"JUNE 7, 1620 295"
V03-P0304,3,1620-06-07,1620-06-07,inherited,medium,296 RECORDS OF THE VIRGINIA COMPANY
V03-P0305,3,1620-06-07,1620-06-07,running_header,low,"JUNE 7%, 1620 297"
V03-P0306,3,1620-06-07,1620-06-07,inherited,medium,298 RECORDS OF THE VIRGINIA COMPANY
V03-P0307,3,1620-06-07,1620-06-07,running_header,high,"JUNE 7, 1620 299"
V03-P0308,3,1620-06-07,1620-06-12,between_headers,medium,300 RECORDS OF THE VIRGINIA COMPANY
V03-P0309,3,1620-06-12,1620-06-12,running_header,high,"JUNE 12, 1620 301"
V03-P0310,3,1620-06-12,1620-06-12,inherited,medium,302 RECORDS OF THE VIRGINIA COMPANY
V03-P0311,3,1620-06-12,1620-06-12,running_header,high,"JUNE 12, 1620 303"
V03-P0312,3,1620-06-12,1620-06-12,inherited,medium,304 RECORDS OF THE VIRGINIA COMPANY
V03-P0313,3,1620-06-12,1620-06-12,running_header,high,"JUNE 12, 1620 805"
V03-P0314,3,1620-06-12,1620-06-22,between_headers,medium,306 RECORDS OF THE VIRGINIA COMPANY
V03-P0315,3,1620-06-22,1620-06-22,running_header,low,"JUNE 22, 1620 307"
V03-P0316,3,1620-06-12,1620-06-22,between_headers,medium,308 RECORDS OF THE VIRGINIA COMPANY
V03-P0317,3,1620-06-22,1620-06-22,running_header,high,"JUNE 22, 1620 309"
V03-P0318,3,1620-06-22,1620-06-22,inherited,medium,310 RECORDS OF THE VIRGINIA COMPANY
V03-P0319,3,1620-06-22,1620-06-22,running_header,high,"JUNE 22, 1620 sil"
V03-P0320,3,1620-06-22,1620-06-22,inherited,medium,312 RECORDS OF THE VIRGINIA COMPANY
V03-P0321,3,1620-06-22,1620-06-22,running_header,high,"JUNE 22, 1620 313"
V03-P0322,3,1620-06-22,1620-06-22,inherited,medium,314 RECORDS OF THE VIRGINIA COMPANY
V03-P0323,3,1620-06-22,1620-06-22,running_header,high,"JUNE 22, 1620 315"
V03-P0324,3,1620-06-22,1620-06-22,inherited,medium,316 RECORDS OF THE VIRGINIA COMPANY
V03-P0325,3,1620-06-22,1620-06-22,running_header,high,"JUNE 22, 1620"
V03-P0326,3,1620-06-22,1620-06-22,inherited,medium,318
V03-P0327,3,1620-06-22,1620-06-22,running_header,high,"JUNE 22, 1620"
V03-P0328,3,1620-06-22,1620-06-22,inherited,medium,320
V03-P0329,3,1620-06-22,1620-06-22,running_header,high,"JUNE 22, 1620"
V03-P0330,3,1620-06-22,1620-06-22,inherited,medium,822
V03-P0331,3,1620-06-22,1620-06-22,running_header,high,"JUNE 22, 1620"
V03-P0332,3,1620-06-22,1620-06-22,inherited,medium,324
V03-P0333,3,1620-06-22,1620-06-22,running_header,high,"JUNE 22, 1620"
V03-P0334,3,1620-06-22,1620-06-22,inherited,medium,326
V03-P0335,3,1620-06-22,1620-06-22,running_header,high,"JUNE 22, 1620"
V03-P0336,3,1620-06-22,1620-06-22,inherited,medium,328
V03-P0337,3,1620-06-22,1620-06-22,running_header,high,"JUNE 22, 1620"
V03-P0338,3,1620-06-22,1620-06-22,inherited,medium,330
V03-P0339,3,1620-06-22,1620-06-22,running_header,high,"JUNE 22, 1620"
V03-P0340,3,1620-06-22,1620-06-22,inherited,medium,332
V03-P0341,3,1620-06-22,1620-06-22,running_header,high,"JUNE 22, 1620"
V03-P0342,3,1620-06-22,1620-06-22,inherited,medium,ov
V03-P0343,3,1620-06-22,1620-06-22,running_header,high,"JUNE 22, 1620"
V03-P0344,3,1620-06-22,1620-06-22,inherited,medium,336
V03-P0345,3,1620-06-22,1620-06-22,running_header,high,"JUNE 22, 1620 337"
V03-P0346,3,1620-06-22,1620-06-27,between_headers,medium,338
V03-P0347,3,1620-06-27,1620-06-27,running_header,high,"JUNE 27, 1620 839"
V03-P0348,3,1620-06-27,1620-07-01,between_headers,medium,340 RECORDS OF THE VIRGINIA COMPANY
V03-P0349,3,1620-06-27,1620-07-01,between_headers,medium,1620 341
V03-P0350,3,1620-06-27,1620-07-01,between_headers,medium,342 RECORDS OF THE VIRGINIA COMPANY
V03-P0351,3,1620-06-27,1620-07-01,between_headers,medium,1620 343
V03-P0352,3,1620-06-27,1620-07-01,between_headers,medium,344 RECORDS OF THE VIRGINIA COMPANY
V03-P0353,3,1620-06-27,1620-07-01,between_headers,medium,1620 345
V03-P0354,3,1620-06-27,1620-07-01,between_headers,medium,346 RECORDS OF THE VIRGINIA COMPANY
V03-P0355,3,1620-06-27,1620-07-01,between_headers,medium,1620 347
V03-P0356,3,1620-06-27,1620-07-01,between_headers,medium,348 RECORDS OF THE VIRGINIA COMPANY
V03-P0357,3,1620-06-27,1620-07-01,between_headers,medium,1620 349
V03-P0358,3,1620-06-27,1620-07-01,between_headers,medium,350 RECORDS OF THE VIRGINIA COMPANY
V03-P0359,3,1620-06-27,1620-07-01,between_headers,medium,1620 351
V03-P0360,3,1620-06-27,1620-07-01,between_headers,medium,352 RECORDS OF THE VIRGINIA COMPANY
V03-P0361,3,1620-06-27,1620-07-01,between_headers,medium,1620 353
V03-P0362,3,1620-06-27,1620-07-01,between_headers,medium,304 RECORDS OF THE VIRGINIA COMPANY
V03-P0363,3,1620-06-27,1620-07-01,between_headers,medium,1620 355
V03-P0364,3,1620-06-27,1620-07-01,between_headers,medium,356 RECORDS OF THE VIRGINIA COMPANY
V03-P0365,3,1620-06-27,1620-07-01,between_headers,medium,1620 357
V03-P0366,3,1620-06-27,1620-07-01,between_headers,medium,358 RECORDS OF THE VIRGINIA COMPANY
V03-P0367,3,1620-06-27,1620-07-01,between_headers,medium,1620 359
V03-P0368,3,1620-06-27,1620-07-01,between_headers,medium,360 RECORDS OF THE VIRGINIA COMPANY
V03-P0369,3,1620-06-27,1620-07-01,between_headers,medium,1620 361
V03-P0370,3,1620-06-27,1620-07-01,between_headers,medium,362 RECORDS OF THE VIRGINIA COMPANY
V03-P0371,3,1620-06-27,1620-07-01,between_headers,medium,1620 363
V03-P0372,3,1620-06-27,1620-07-01,between_headers,medium,364 RECORDS OF THE VIRGINIA COMPANY
V03-P0373,3,1620-07-01,1620-07-31,running_header,high,"JULY, 1620 365"
V03-P0374,3,1620-07-05,1620-07-31,between_headers,medium,366 RECORDS OF THE VIRGINIA COMPANY
V03-P0375,3,1620-07-05,1620-07-05,running_header,high,"JULY 5, 1620 367"
V03-P0376,3,1620-07-05,1620-07-14,between_headers,medium,368 RECORDS OF THE VIRGINIA COMPANY
V03-P0377,3,1620-07-14,1620-07-14,running_header,high,"JULY 14, 1620 369"
V03-P0378,3,1620-07-14,1620-07-19,between_headers,medium,370 RECORDS OF THE VIRGINIA COMPANY
V03-P0379,3,1620-07-19,1620-07-19,running_header,high,"JULY 19, 1620 371"
V03-P0380,3,1620-07-19,1620-08-09,between_headers,medium,372 RECORDS OF THE VIRGINIA COMPANY
V03-P0381,3,1620-08-09,1620-08-09,running_header,high,"AUGUST 9, 1620 373"
V03-P0382,3,1620-08-09,1620-08-26,between_headers,medium,374 RECORDS OF THE VIRGINIA COMPANY
V03-P0383,3,1620-08-26,1620-08-26,running_header,high,"AUGUST 26, 1620 375"
V03-P0384,3,1620-08-26,1620-08-28,between_headers,medium,376 RECORDS OF THE VIRGINIA COMPANY
V03-P0385,3,1620-08-28,1620-08-28,running_header,high,"AUGUST 28, 1620 377"
V03-P0386,3,1620-08-28,1620-08-28,inherited,medium,378 RECORDS OF THE VIRGINIA COMPANY
V03-P0387,3,1620-08-28,1620-08-28,running_header,high,"AUGUST 28, 1620 379"
V03-P0388,3,1620-08-28,1620-08-31,between_headers,medium,380 RECORDS OF THE VIRGINIA COMPANY
V03-P0389,3,1620-08-31,1620-08-31,running_header,high,"AUGUST 31, 1620 381"
V03-P0390,3,1620-08-31,1620-09-01,between_headers,medium,382 RECORDS OF THE VIRGINIA COMPANY
V03-P0391,3,1620-08-01,1620-08-31,running_header,low,"AUGUST 381, 1620 383"
V03-P0392,3,1620-08-31,1620-09-01,between_headers,medium,384 RECORDS OF THE VIRGINIA COMPANY
V03-P0393,3,1620-09-01,1620-09-30,running_header,high,"SEPTEMBER, 1620 385"
V03-P0394,3,1620-09-01,1620-09-30,between_headers,medium,386 RECORDS OF THE VIRGINIA COMPANY
V03-P0395,3,1620-09-01,1620-09-30,running_header,high,"SEPTEMBER, 1620"
V03-P0396,3,1620-09-01,1620-09-30,between_headers,medium,388 RECORDS OF THE VIRGINIA COMPANY
V03-P0397,3,1620-09-01,1620-09-30,running_header,high,"SEPTEMBER, 1620"
V03-P0398,3,1620-09-01,1620-09-30,between_headers,medium,390 RECORDS OF THE VIRGINIA COMPANY
V03-P0399,3,1620-09-01,1620-09-30,running_header,high,"SEPTEMBER, 1620"
V03-P0400,3,1620-09-01,1620-09-30,between_headers,medium,repayd by her.
V03-P0401,3,1620-09-01,1620-09-01,running_header,high,"SEPTEMBER 1, 1620 393"
V03-P0402,3,1620-09-01,1620-09-01,inherited,medium,394 RECORDS OF THE VIRGINIA COMPANY
V03-P0403,3,1620-09-01,1620-09-01,running_header,high,"SEPTEMBER 1, 1620 395"
V03-P0404,3,1621-04-08,1621-04-08,running_header,low,"dead 8. Apr. 1621,"
V03-P0405,3,1620-09-10,1620-09-10,running_header,high,"SEPTEMBER 10, 1620 397"
V03-P0406,3,1620-09-10,1620-09-10,inherited,medium,398 RECORDS OF THE VIRGINIA COMPANY
V03-P0407,3,1620-09-10,1620-09-10,running_header,high,"SEPTEMBER 10, 1620 399"
V03-P0408,3,1620-09-10,1620-09-16,between_headers,medium,400 RECORDS OF THE VIRGINIA COMPANY
V03-P0409,3,1620-09-16,1620-09-16,running_header,high,"SEPTEMBER 16, 1620 401"
V03-P0410,3,1620-09-16,1620-09-18,between_headers,medium,402 RECORDS OF THE VIRGINIA COMPANY
V03-P0411,3,1621-09-18,1621-09-18,running_header,low,"1620, SEPTEMBER 18-1621, MICHAELMAS"
V03-P0412,3,1620-09-16,1620-09-18,between_headers,medium,404 RECORDS OF THE VIRGINIA COMPANY
V03-P0413,3,1620-09-18,1620-09-18,running_header,high,"SEPTEMBER 18, 1620 405"
V03-P0414,3,1620-09-18,1620-09-18,inherited,medium,406 RECORDS OF THE VIRGINIA COMPANY
V03-P0415,3,1620-09-18,1620-09-18,running_header,high,"SEPTEMBER 18, 1620 407"
V03-P0416,3,1620-09-18,1620-09-22,between_headers,medium,408 RECORDS OF THE VIRGINIA COMPANY
V03-P0417,3,1620-09-22,1620-09-22,running_header,high,"SEPTEMBER 22, 1620 409"
V03-P0418,3,1620-09-22,1620-09-26,between_headers,medium,410 RECORDS OF THE VIRGINIA COMPANY
V03-P0419,3,1620-09-26,1620-09-26,running_header,high,"SEPTEMBER 26, 1620 411"
V03-P0420,3,1620-09-26,1620-10-28,between_headers,low,412 RECORDS OF THE VIRGINIA COMPANY
V03-P0421,3,1620-09-30,1620-09-30,running_header,low,"SEPTEMBER 80, 1620 413"
V03-P0422,3,1620-09-26,1620-10-28,between_headers,low,414 RECORDS OF THE VIRGINIA COMPANY
V03-P0423,3,1620-10-28,1620-10-28,running_header,high,"OCTOBER 28, 1620 415"
V03-P0424,3,1620-10-28,1620-12-19,between_headers,low,416 RECORDS OF THE VIRGINIA COMPANY
V03-P0425,3,1620-12-19,1620-12-19,running_header,high,"DECEMBER 19, 1620 417"
V03-P0426,3,1620-12-19,1621-01-21,between_headers,low,418 RECORDS OF THE VIRGINIA COMPANY
V03-P0427,3,1620-12-19,1621-01-21,between_headers,low,1621 419
V03-P0428,3,1620-12-19,1621-01-21,between_headers,low,420 RECORDS OF THE VIRGINIA COMPANY
V03-P0429,3,1620-12-19,1621-01-21,between_headers,low,1621 421
V03-P0430,3,1620-12-19,1621-01-21,between_headers,low,422 RECORDS OF THE VIRGINIA COMPANY
V03-P0431,3,1620-12-19,1621-01-21,between_headers,low,1621 423
V03-P0432,3,1620-12-19,1621-01-21,between_headers,low,This Coppye ex-
V03-P0433,3,1620-12-19,1621-01-21,between_headers,low,XII. Signatures of Officers of the Colony.
V03-P0434,3,1620-12-19,1621-01-21,between_headers,low,dod Hewes OF THE VIRGINIA COMPANY
V03-P0435,3,1620-12-19,1621-01-21,between_headers,low,“ppHe Piiamd fe ~~. won seid a Petites ¢ You ‘na
V03-P0436,3,1620-12-19,1621-01-21,between_headers,low,
V03-P0437,3,1621-01-21,1621-01-21,running_header,high,"JANUARY 21, 1620/21 425"
V03-P0438,3,1621-01-21,1621-02-14,between_headers,medium,426 RECORDS OF THE VIRGINIA COMPANY
V03-P0439,3,1621-02-14,1621-02-14,running_header,high,"FEBRUARY 14, 1620/21 427"
V03-P0440,3,1621-02-14,1621-02-14,inherited,medium,428 RECORDS OF THE VIRGINIA COMPANY
V03-P0441,3,1621-02-14,1621-02-14,running_header,high,"FEBRUARY 14, 1620/21 429"
V03-P0442,3,1621-02-14,1621-02-14,inherited,medium,430 RECORDS OF THE VIRGINIA COMPANY
V03-P0443,3,1621-02-14,1621-02-14,running_header,high,"FEBRUARY 14, 1620/21 431"
V03-P0444,3,1621-02-14,1621-03-06,between_headers,medium,432 RECORDS OF THE VIRGINIA COMPANY
V03-P0445,3,1621-03-06,1621-03-06,running_header,high,"MARCH 6, 1620/21 433"
V03-P0446,3,1621-03-06,1621-03-24,between_headers,medium,434 RECORDS OF THE VIRGINIA COMPANY
V03-P0447,3,1621-03-24,1621-03-24,running_header,high,"MARCH 24, 1620/21 435"
V03-P0448,3,1621-03-24,1621-04-12,between_headers,medium,436 RECORDS OF THE VIRGINIA COMPANY
V03-P0449,3,1621-04-12,1621-04-12,running_header,high,"APRIL 12, 1621 437"
V03-P0450,3,1621-04-12,1621-04-17,between_headers,medium,438 RECORDS OF THE VIRGINIA COMPANY
V03-P0451,3,1621-04-17,1621-04-17,running_header,high,"APRIL 17, 1621 439"
V03-P0452,3,1621-04-17,1621-05-01,between_headers,medium,440 RECORDS OF THE VIRGINIA COMPANY
V03-P0453,3,1621-05-01,1621-05-31,running_header,high,"MAY, 1621 441"
V03-P0454,3,1621-05-08,1621-05-31,between_headers,medium,442 RECORDS OF THE VIRGINIA COMPANY
V03-P0455,3,1621-05-08,1621-05-08,running_header,high,"MAY 8, 1621 443"
V03-P0456,3,1621-05-08,1621-05-15,between_headers,medium,444 RECORDS OF THE VIRGINIA COMPANY
V03-P0457,3,1621-05-09,1621-05-09,running_header,low,"MAY 9, 1681 445"
V03-P0458,3,1621-05-08,1621-05-15,between_headers,medium,446 RECORDS OF THE VIRGINIA COMPANY
V03-P0459,3,1621-05-15,1621-05-16,running_header,high,"MAY 15 AND 16, 1621 447"
V03-P0460,3,1621-05-16,1621-05-16,inherited,medium,448 RECORDS OF THE VIRGINIA COMPANY
V03-P0461,3,1621-05-16,1621-05-16,running_header,high,"MAY 16, 1621 449"
V03-P0462,3,1621-05-16,1621-05-16,inherited,medium,450 RECORDS OF THE VIRGINIA COMPANY
V03-P0463,3,1621-05-16,1621-05-16,running_header,high,"MAY 16, 1621 451"
V03-P0464,3,1621-05-16,1621-05-16,inherited,medium,452 RECORDS OF THE VIRGINIA COMPANY
V03-P0465,3,1621-05-16,1621-05-16,running_header,high,"MAY 16, 1621 453"
V03-P0466,3,1621-05-16,1621-05-27,between_headers,medium,454 RECORDS OF THE VIRGINIA COMPANY
V03-P0467,3,1621-05-27,1621-05-27,running_header,high,"MAY 27, 1621 455"
V03-P0468,3,1621-05-27,1621-05-27,inherited,medium,456 RECORDS OF THE VIRGINIA COMPANY
V03-P0469,3,1621-05-27,1621-05-27,running_header,high,"MAY 27, 1621 457"
V03-P0470,3,1621-05-27,1621-06-18,between_headers,medium,458 RECORDS OF THE VIRGINIA COMPANY
V03-P0471,3,1621-06-18,1621-06-18,running_header,high,"JUNE 18, 1621 459"
V03-P0472,3,1621-06-18,1621-06-22,between_headers,medium,460 RECORDS OF THE VIRGINIA COMPANY
V03-P0473,3,1621-06-22,1621-06-22,running_header,high,"JUNE 22, 1621 461"
V03-P0474,3,1621-06-22,1621-06-27,between_headers,medium,462 RECORDS OF THE VIRGINIA COMPANY
V03-P0475,3,1621-06-27,1621-06-27,running_header,high,"JUNE 27, 1621 463"
V03-P0476,3,1621-06-27,1621-07-01,between_headers,medium,464 RECORDS OF THE VIRGINIA COMPANY
V03-P0477,3,1621-07-01,1621-07-31,running_header,high,"JULY, 1621 465"
V03-P0478,3,1621-07-06,1621-07-31,between_headers,medium,466 RECORDS OF THE VIRGINIA COMPANY
V03-P0479,3,1621-07-06,1621-07-06,running_header,high,"JULY 6, 1621 467"
V03-P0480,3,1621-07-06,1621-07-24,between_headers,medium,468 RECORDS OF THE VIRGINIA COMPANY
V03-P0481,3,1621-07-24,1621-07-24,running_header,high,"JULY 24, 1621 469"
V03-P0482,3,1621-07-24,1621-07-24,inherited,medium,470 RECORDS OF THE VIRGINIA COMPANY
V03-P0483,3,1621-07-24,1621-07-24,running_header,high,"JULY 24, 1621 471"
V03-P0484,3,1621-07-24,1621-07-24,inherited,medium,472 RECORDS OF THE VIRGINIA COMPANY
V03-P0485,3,1621-07-24,1621-07-24,running_header,high,"JULY 24, 1621 473"
V03-P0486,3,1621-07-24,1621-07-24,inherited,medium,474 RECORDS OF THE VIRGINIA COMPANY
V03-P0487,3,1621-07-24,1621-07-24,running_header,high,"JULY 24, 1621 475"
V03-P0488,3,1621-07-24,1621-07-24,inherited,medium,476 RECORDS OF THE VIRGINIA COMPANY
V03-P0489,3,1621-07-24,1621-07-24,running_header,high,"JULY 24, 1621 477"
V03-P0490,3,1621-07-24,1621-07-24,inherited,medium,478 RECORDS OF THE VIRGINIA COMPANY
V03-P0491,3,1621-07-24,1621-07-24,running_header,high,"JULY 24, 1621 479"
V03-P0492,3,1621-07-24,1621-07-24,inherited,medium,480 RECORDS OF THE VIRGINIA COMPANY
V03-P0493,3,1621-07-24,1621-07-24,running_header,high,"JULY 24, 1621 481"
V03-P0494,3,1621-07-24,1621-07-25,between_headers,medium,482 RECORDS OF THE VIRGINIA COMPANY
V03-P0495,3,1621-07-02,1621-07-02,running_header,low,"JULY 2h, 1681 483"
V03-P0496,3,1621-07-24,1621-07-25,between_headers,medium,484 RECORDS OF THE VIRGINIA COMPANY
V03-P0497,3,1621-07-25,1621-07-25,running_header,high,"JULY 25, 1621 485"
V03-P0498,3,1621-07-25,1621-07-26,between_headers,medium,486 RECORDS OF THE VIRGINIA COMPANY
V03-P0499,3,1621-07-26,1621-07-26,running_header,high,"JULY 26, 1621 487"
V03-P0500,3,1621-07-26,1621-07-26,inherited,medium,488 RECORDS OF THE VIRGINIA COMPANY
V03-P0501,3,1621-07-26,1621-07-26,running_header,high,"JULY 26, 1621 489"
V03-P0502,3,1621-07-26,1621-08-11,between_headers,medium,490 RECORDS OF THE VIRGINIA COMPANY
V03-P0503,3,1621-08-11,1621-08-11,running_header,high,"AUGUST 11, 1621 491"
V03-P0504,3,1621-08-11,1621-08-12,between_headers,medium,ffor the 3. 4. 5. 6.
V03-P0505,3,1621-08-12,1621-08-12,running_header,high,"AUGUST 12, 1621 493"
V03-P0506,3,1621-08-12,1621-08-12,inherited,medium,494 RECORDS OF THE VIRGINIA COMPANY
V03-P0507,3,1621-08-12,1621-08-12,running_header,high,"AUGUST 12, 1621 495"
V03-P0508,3,1621-08-12,1621-08-12,inherited,medium,496 RECORDS OF THE VIRGINIA COMPANY
V03-P0509,3,1621-08-12,1621-08-12,running_header,high,"AUGUST 12, 1621 497"
V03-P0510,3,1621-08-12,1621-08-24,between_headers,medium,498 RECORDS OF THE VIRGINIA COMPANY
V03-P0511,3,1621-08-24,1621-08-24,running_header,high,"AUGUST 24, 1621 499"
V03-P0512,3,1621-08-24,1621-08-24,inherited,medium,500 RECORDS OF THE VIRGINIA COMPANY
V03-P0513,3,1621-08-24,1621-08-24,running_header,high,"AUGUST 24, 1621 501"
V03-P0514,3,1621-08-24,1621-09-11,between_headers,medium,502 RECORDS OF THE VIRGINIA COMPANY
V03-P0515,3,1621-09-11,1621-09-11,running_header,high,"SEPTEMBER 11, 1621 503"
V03-P0516,3,1621-09-11,1621-09-11,inherited,medium,504 RECORDS OF THE VIRGINIA COMPANY
V03-P0517,3,1621-09-11,1621-09-11,running_header,high,"SEPTEMBER 11, 1621 505"
V03-P0518,3,1621-09-11,1621-09-11,inherited,medium,506 RECORDS OF THE VIRGINIA COMPANY
V03-P0519,3,1621-09-11,1621-09-11,running_header,high,"SEPTEMBER 11, 1621 507"
V03-P0520,3,1621-09-11,1621-10-20,between_headers,low,508 RECORDS OF THE VIRGINIA COMPANY
V03-P0521,3,1621-10-20,1621-10-20,running_header,high,"OCTOBER 20, 1621 509"
V03-P0522,3,1621-10-20,1621-11-06,between_headers,medium,510 RECORDS OF THE VIRGINIA COMPANY
V03-P0523,3,1621-11-06,1621-11-06,running_header,high,"NOVEMBER 6, 1621 511"
V03-P0524,3,1621-11-06,1621-11-21,between_headers,medium,512 RECORDS OF THE VIRGINIA COMPANY
V03-P0525,3,1621-11-21,1621-11-21,running_header,high,"NOVEMBER 21, 1621 513"
V03-P0526,3,1621-11-21,1621-11-21,inherited,medium,514 RECORDS OF THE VIRGINIA COMPANY
V03-P0527,3,1621-11-21,1621-11-21,running_header,high,"NOVEMBER 21, 1621 515"
V03-P0528,3,1621-11-21,1621-11-22,between_headers,medium,516 RECORDS OF THE VIRGINIA COMPANY
V03-P0529,3,1621-11-22,1621-11-22,running_header,high,"NOVEMBER (AFTER 22), 1621 517"
V03-P0530,3,1621-11-22,1621-11-22,inherited,medium,518 RECORDS OF THE VIRGINIA COMPANY
V03-P0531,3,1621-11-22,1621-11-22,running_header,high,"NOVEMBER (AFTER 22), 1621 519"
V03-P0532,3,1621-11-22,1621-11-22,inherited,medium,520 RECORDS OF THE VIRGINIA COMPANY
V03-P0533,3,1621-11-22,1621-11-22,running_header,high,"NOVEMBER (AFTER 22), 1621 521"
V03-P0534,3,1621-11-22,1621-11-22,inherited,medium,522 RECORDS OF THE VIRGINIA COMPANY
V03-P0535,3,1621-11-22,1621-11-22,running_header,high,"NOVEMBER (AFTER 22), 1621 523"
V03-P0536,3,1621-11-22,1621-11-24,between_headers,medium,524 RECORDS OF THE VIRGINIA COMPANY
V03-P0537,3,1621-11-24,1621-11-24,running_header,high,"NOVEMBER 24 [212], 1621 525"
V03-P0538,3,1621-11-24,1621-11-26,between_headers,medium,526 RECORDS OF THE VIRGINIA COMPANY
V03-P0539,3,1621-11-26,1621-11-26,running_header,high,"NOVEMBER 26, 1621 §27"
V03-P0540,3,1621-11-26,1621-12-06,between_headers,medium,528 RECORDS OF THE VIRGINIA COMPANY
V03-P0541,3,1621-12-08,1621-12-08,running_header,low,"DECEMBER 8, 1621 529"
V03-P0542,3,1621-11-26,1621-12-06,between_headers,medium,530 RECORDS OF THE VIRGINIA COMPANY
V03-P0543,3,1621-12-06,1621-12-06,running_header,high,"DECEMBER 6, 1621 531"
V03-P0544,3,1621-12-06,1621-12-06,inherited,medium,532 RECORDS OF THE VIRGINIA COMPANY
V03-P0545,3,1621-12-06,1621-12-06,running_header,high,"DECEMBER 6, 1621 533"
V03-P0546,3,1621-12-06,1621-12-23,between_headers,medium,534 RECORDS OF THE VIRGINIA COMPANY
V03-P0547,3,1621-12-23,1621-12-23,running_header,high,"DECEMBER 23, 1621 535"
V03-P0548,3,1621-12-23,1622-01-01,between_headers,medium,536 RECORDS OF THE VIRGINIA COMPANY
V03-P0549,3,1621-12-23,1622-01-01,between_headers,medium,1622 537
V03-P0550,3,1621-12-23,1622-01-01,between_headers,medium,538
V03-P0551,3,1621-12-23,1622-01-01,between_headers,medium,Thomas Alredge_._.....--.-
V03-P0552,3,1621-12-23,1622-01-01,between_headers,medium,SAY RECORDS OF THE VIRGINIA COMPANY
V03-P0553,3,1621-12-23,1622-01-01,between_headers,medium,1622 541
V03-P0554,3,1621-12-23,1622-01-01,between_headers,medium,542 RECORDS OF THE VIRGINIA COMPANY
V03-P0555,3,1621-12-23,1622-01-01,between_headers,medium,1622 543
V03-P0556,3,1621-12-23,1622-01-01,between_headers,medium,544 RECORDS OF THE VIRGINIA COMPANY
V03-P0557,3,1621-12-23,1622-01-01,between_headers,medium,1622 545
V03-P0558,3,1621-12-23,1622-01-01,between_headers,medium,3570 People
V03-P0559,3,1621-12-23,1622-01-01,between_headers,medium,1622 547
V03-P0560,3,1621-12-23,1622-01-01,between_headers,medium,548 RECORDS OF THE VIRGINIA COMPANY
V03-P0561,3,1621-12-23,1622-01-01,between_headers,medium,1622 549
V03-P0562,3,1621-12-23,1622-01-01,between_headers,medium,550 RECORDS OF THE VIRGINIA COMPANY
V03-P0563,3,1621-12-23,1622-01-01,between_headers,medium,1622 551
V03-P0564,3,1621-12-23,1622-01-01,between_headers,medium,552 RECORDS OF THE VIRGINIA COMPANY
V03-P0565,3,1621-12-23,1622-01-01,between_headers,medium,1622 553
V03-P0566,3,1621-12-23,1622-01-01,between_headers,medium,554 RECORDS OF THE VIRGINIA COMPANY
V03-P0567,3,1621-12-23,1622-01-01,between_headers,medium,1622 555
V03-P0568,3,1621-12-23,1622-01-01,between_headers,medium,556 RECORDS OF THE VIRGINIA COMPANY
V03-P0569,3,1621-12-23,1622-01-01,between_headers,medium,1622 557
V03-P0570,3,1621-12-23,1622-01-01,between_headers,medium,558 RECORDS OF THE VIRGINIA COMPANY
V03-P0571,3,1621-12-23,1622-01-01,between_headers,medium,1622 559
V03-P0572,3,1621-12-23,1622-01-01,between_headers,medium,560 RECORDS OF THE VIRGINIA COMPANY
V03-P0573,3,1621-12-23,1622-01-01,between_headers,medium,1622 561
V03-P0574,3,1621-12-23,1622-01-01,between_headers,medium,562 RECORDS OF THE VIRGINIA COMPANY
V03-P0575,3,1621-12-23,1622-01-01,between_headers,medium,1622 563
V03-P0576,3,1621-12-23,1622-01-01,between_headers,medium,564 RECORDS OF THE VIRGINIA COMPANY
V03-P0577,3,1621-12-23,1622-01-01,between_headers,medium,1622 565
V03-P0578,3,1621-12-23,1622-01-01,between_headers,medium,566 RECORDS OF THE VIRGINIA COMPANY
V03-P0579,3,1621-12-23,1622-01-01,between_headers,medium,1622 567
V03-P0580,3,1621-12-23,1622-01-01,between_headers,medium,568
V03-P0581,3,1621-12-23,1622-01-01,between_headers,medium,1622 569
V03-P0582,3,1621-12-23,1622-01-01,between_headers,medium,570
V03-P0583,3,1621-12-23,1622-01-01,between_headers,medium,1622 571
V03-P0584,3,1621-12-23,1622-01-01,between_headers,medium,572 RECORDS OF THE VIRGINIA COMPANY
V03-P0585,3,1621-12-23,1622-01-01,between_headers,medium,1622 573
V03-P0586,3,1621-12-23,1622-01-01,between_headers,medium,574 RECORDS OF THE VIRGINIA COMPANY
V03-P0587,3,1621-12-23,1622-01-01,between_headers,medium,1622 575
V03-P0588,3,1621-12-23,1622-01-01,between_headers,medium,Anno 1620
V03-P0589,3,1621-12-23,1622-01-01,between_headers,medium,1622
V03-P0590,3,1621-12-23,1622-01-01,between_headers,medium,578 RECORDS OF THE VIRGINIA COMPANY
V03-P0591,3,1621-12-23,1622-01-01,between_headers,medium,1622
V03-P0592,3,1621-12-23,1622-01-01,between_headers,medium,580 RECORDS OF THE VIRGINIA COMPANY
V03-P0593,3,1621-12-23,1622-01-01,between_headers,medium,XUI. Photographs of Handwriting of Planters in the Colony.
V03-P0594,3,1621-12-23,1622-01-01,between_headers,medium,580 REGO NGS OF THE VPRGINEA COMPANY
V03-P0595,3,1621-12-23,1622-01-01,between_headers,medium,1% yee |
V03-P0596,3,1621-12-23,1622-01-01,between_headers,medium,
V03-P0597,3,1622-01-01,1622-01-31,running_header,high,"JANUARY, 1621/22 581"
V03-P0598,3,1622-01-01,1622-01-31,between_headers,medium,582 RECORDS OF THE VIRGINIA COMPANY
V03-P0599,3,1622-01-01,1622-01-31,running_header,high,"JANUARY, 1621/22 583"
V03-P0600,3,1622-01-01,1622-01-31,between_headers,medium,584 RECORDS OF THE VIRGINIA COMPANY
V03-P0601,3,1622-01-01,1622-01-31,running_header,high,"JANUARY, 1621/22 585"
V03-P0602,3,1622-01-01,1622-01-31,between_headers,medium,586 RECORDS OF THE VIRGINIA COMPANY
V03-P0603,3,1622-01-01,1622-01-31,running_header,high,"JANUARY, 1621/22 587"
V03-P0604,3,1622-01-14,1622-01-31,between_headers,medium,588 RECORDS OF THE VIRGINIA COMPANY
V03-P0605,3,1622-01-14,1622-01-14,running_header,high,"JANUARY 14, 1621/22 589"
V03-P0606,3,1622-01-14,1622-01-16,between_headers,medium,590 RECORDS OF THE VIRGINIA COMPANY
V03-P0607,3,1622-01-16,1622-01-16,running_header,high,"JANUARY 16, 1621/22 591"
V03-P0608,3,1622-01-16,1622-01-30,between_headers,medium,592 RECORDS OF THE VIRGINIA COMPANY
V03-P0609,3,1622-01-30,1622-01-30,running_header,high,"JANUARY 30, 1621/22 593"
V03-P0610,3,1622-01-30,1622-01-30,inherited,medium,594 RECORDS OF THE VIRGINIA COMPANY
V03-P0611,3,1622-01-30,1622-01-30,running_header,high,"JANUARY 30, 1621/22 595"
V03-P0612,3,1622-01-30,1622-01-30,inherited,medium,596 RECORDS OF THE VIRGINIA COMPANY
V03-P0613,3,1622-01-30,1622-01-30,running_header,high,"JANUARY 30, 1621/22 597"
V03-P0614,3,1622-01-30,1622-02-19,between_headers,medium,598 RECORDS OF THE VIRGINIA COMPANY
V03-P0615,3,1622-02-19,1622-02-19,running_header,high,"FEBRUARY 19, 1622 599"
V03-P0616,3,1622-02-19,1622-02-19,inherited,medium,600 RECORDS OF THE VIRGINIA COMPANY
V03-P0617,3,1622-02-19,1622-02-19,running_header,high,"FEBRUARY 19, 1622 601"
V03-P0618,3,1622-02-19,1622-04-12,between_headers,low,She ought to pay
V03-P0619,3,1622-02-19,1622-04-12,between_headers,low,"MARCH 6, 1921/2 603"
V03-P0620,3,1622-02-19,1622-04-12,between_headers,low,604 RECORDS OF THE VIRGINIA COMPANY
V03-P0621,3,1622-04-12,1622-04-12,running_header,low,"APRIL 12 (?), 1682 605"
V03-P0622,3,1622-02-19,1622-04-12,between_headers,low,606 RECORDS OF THE VIRGINIA COMPANY
V03-P0623,3,1622-04-12,1622-04-12,running_header,high,"APRIL 12 (?), 1622 607"
V03-P0624,3,1622-04-12,1622-04-18,between_headers,medium,608 RECORDS OF THE VIRGINIA COMPANY
V03-P0625,3,1622-04-18,1622-04-18,running_header,high,"APRIL 18, 1622 609"
V03-P0626,3,1622-04-18,1622-04-20,between_headers,medium,The Signett
V03-P0627,3,1622-04-20,1622-04-20,running_header,high,"APRIL (AFTER 20), 1622 611"
V03-P0628,3,1622-04-20,1622-04-20,inherited,medium,612 RECORDS OF THE VIRGINIA COMPANY
V03-P0629,3,1622-04-20,1622-04-20,running_header,high,"APRIL (AFTER 20,) 1622 613"
V03-P0630,3,1622-04-20,1622-04-22,between_headers,medium,614 RECORDS OF THE VIRGINIA COMPANY
V03-P0631,3,1622-04-22,1622-04-22,running_header,high,"APRIL 22, 1622 615"
V03-P0632,3,1622-04-22,1622-05-01,between_headers,medium,616 RECORDS OF THE VIRGINIA COMPANY
V03-P0633,3,1622-04-30,1622-04-30,running_header,low,"APRIL 80, 1622 617"
V03-P0634,3,1622-04-22,1622-05-01,between_headers,medium,618 RECORDS OF THE VIRGINIA COMPANY
V03-P0635,3,1622-05-01,1622-05-31,running_header,high,"MAY, 1622 619"
V03-P0636,3,1622-05-06,1622-05-31,between_headers,medium,620 RECORDS OF THE VIRGINIA COMPANY
V03-P0637,3,1622-05-06,1622-05-06,running_header,high,"MAY 6, 1622 621"
V03-P0638,3,1622-05-06,1622-05-22,between_headers,medium,622 RECORDS OF THE VIRGINIA COMPANY
V03-P0639,3,1622-05-22,1622-05-22,running_header,high,"MAY 22, 1622 623"
V03-P0640,3,1622-05-22,1622-05-22,inherited,medium,624 RECORDS OF THE VIRGINIA COMPANY
V03-P0641,3,1622-05-22,1622-05-22,inherited,medium,"MAY 22, 1922 625"
V03-P0642,3,1622-05-22,1622-05-22,inherited,medium,626 RECORDS OF THE VIRGINIA COMPANY
V03-P0643,3,1622-05-22,1622-05-22,running_header,high,"MAY 22, 1622 627"
V03-P0644,3,1622-05-22,1622-05-22,inherited,medium,628 RECORDS OF THE VIRGINIA COMPANY
V03-P0645,3,1622-05-22,1622-05-22,running_header,high,"MAY 22, 1622 629"
V03-P0646,3,1622-05-22,1622-05-22,inherited,medium,630 RECORDS OF THE VIRGINIA COMPANY
V03-P0647,3,1622-05-22,1622-05-22,running_header,high,"MAY 22, 1622 631"
V03-P0648,3,1622-05-22,1622-05-22,inherited,medium,632 RECORDS OF THE VIRGINIA COMPANY
V03-P0649,3,1622-05-22,1622-05-22,running_header,high,"MAY 22, 1622 633"
V03-P0650,3,1622-05-22,1622-05-22,inherited,medium,634 RECORDS OF THE VIRGINIA COMPANY
V03-P0651,3,1622-05-22,1622-05-22,running_header,high,"MAY 22, 1622 635"
V03-P0652,3,1622-05-01,1622-05-22,between_headers,medium,636 RECORDS OF THE VIRGINIA COMPANY
V03-P0653,3,1622-05-30,1622-05-30,running_header,low,"MAY 80, 1622 637"
V03-P0654,3,1622-05-01,1622-05-22,between_headers,medium,638 RECORDS OF THE VIRGINIA COMPANY
V03-P0655,3,1622-05-01,1622-05-31,running_header,high,"END OF MAY, 1622 639"
V03-P0656,3,1622-05-01,1622-05-31,between_headers,medium,640 RECORDS OF THE VIRGINIA COMPANY
V03-P0657,3,1622-05-01,1622-05-31,running_header,high,"END OF MAY, 1622 641"
V03-P0658,3,1622-05-31,1622-06-02,between_headers,medium,642 RECORDS OF THE VIRGINIA COMPANY
V03-P0659,3,1622-05-01,1622-05-31,running_header,low,"END OF MAY, 1622 643"
V03-P0660,3,1622-05-31,1622-06-02,between_headers,medium,644 RECORDS OF THE VIRGINIA COMPANY
V03-P0661,3,1622-06-02,1622-06-02,running_header,high,"JUNE (2), 1622 645"
V03-P0662,3,1622-06-02,1622-06-10,between_headers,medium,646 RECORDS OF THE VIRGINIA COMPANY
V03-P0663,3,1622-06-10,1622-06-10,running_header,high,"JUNE 10, 1622 647"
V03-P0664,3,1622-06-10,1622-06-10,inherited,medium,648 RECORDS OF THE VIRGINIA COMPANY
V03-P0665,3,1622-06-10,1622-06-10,running_header,high,"JUNE 10, 1622 649"
V03-P0666,3,1622-06-10,1622-06-10,inherited,medium,650 RECORDS OF THE VIRGINIA COMPANY
V03-P0667,3,1622-06-10,1622-06-10,running_header,high,"JUNE 10, 1622 651"
V03-P0668,3,1622-06-10,1622-06-17,between_headers,medium,652 RECORDS OF THE VIRGINIA COMPANY
V03-P0669,3,1622-06-17,1622-06-17,running_header,high,"JUNE 17, 1622 653"
V03-P0670,3,1622-06-17,1622-06-17,inherited,medium,654 RECORDS OF THE VIRGINIA COMPANY
V03-P0671,3,1622-06-17,1622-06-17,running_header,high,"JUNE 17, 1622 655"
V03-P0672,3,1622-06-17,1622-06-20,between_headers,medium,656 RECORDS OF THE VIRGINIA COMPANY
V03-P0673,3,1622-06-20,1622-06-20,running_header,high,"JUNE 20, 1622 657"
V03-P0674,3,1622-06-20,1622-06-21,between_headers,medium,658 RECORDS OF THE VIRGINIA COMPANY
V03-P0675,3,1622-06-21,1622-06-21,running_header,high,"JUNE 21, 1622 659"
V03-P0676,3,1622-06-21,1622-07-09,between_headers,medium,660 RECORDS OF THE VIRGINIA COMPANY
V03-P0677,3,1622-07-09,1622-07-09,running_header,high,"JULY 9, 1622 661"
V03-P0678,3,1622-07-09,1622-07-09,inherited,medium,662 RECORDS OF THE VIRGINIA COMPANY
V03-P0679,3,1622-07-09,1622-07-09,running_header,high,"JULY 9, 1622 663"
V03-P0680,3,1622-07-09,1622-07-17,between_headers,medium,664 RECORDS OF THE VIRGINIA COMPANY
V03-P0681,3,1622-07-17,1622-07-29,running_header,high,"JULY 17(?); BEFORE JULY 29, 1622 665"
V03-P0682,3,1622-07-29,1622-08-01,between_headers,medium,666 RECORDS OF THE VIRGINIA COMPANY
V03-P0683,3,1622-08-01,1622-08-01,running_header,high,"AUGUST 1, 1622 667"
V03-P0684,3,1622-08-01,1622-08-01,inherited,medium,668 RECORDS OF THE VIRGINIA COMPANY
V03-P0685,3,1622-08-01,1622-08-01,running_header,high,"AUGUST 1, 1622 669"
V03-P0686,3,1622-08-01,1622-08-01,inherited,medium,670 RECORDS OF THE VIRGINIA COMPANY
V03-P0687,3,1622-08-01,1622-08-01,running_header,high,"AUGUST 1, 1622 671"
V03-P0688,3,1622-08-01,1622-08-01,inherited,medium,672 RECORDS OF THE VIRGINIA COMPANY
V03-P0689,3,1622-08-01,1622-08-01,running_header,high,"AUGUST 1, 1622 673"
V03-P0690,3,1622-08-01,1622-09-01,between_headers,medium,dead
V03-P0691,3,1622-09-01,1622-09-01,running_header,high,"SEPTEMBER 1, 1622 675"
V03-P0692,3,1622-09-01,1622-09-01,inherited,medium,Virginia Planta-
V03-P0693,3,1622-09-01,1622-09-01,running_header,high,"SEPTEMBER 1, 1622 677"
V03-P0694,3,1622-09-01,1622-09-23,between_headers,medium,678 RECORDS OF THE VIRGINIA COMPANY
V03-P0695,3,1622-09-23,1622-09-23,running_header,high,"SEPTEMBER 23, 1622 679"
V03-P0696,3,1622-09-23,1622-10-07,between_headers,medium,680 RECORDS OF THE VIRGINIA COMPANY
V03-P0697,3,1622-09-23,1622-10-07,between_headers,medium,"BETWEEN OCTOBER AND JANUARY, 1622/23 681"
V03-P0698,3,1622-09-23,1622-10-07,between_headers,medium,682 RECORDS OF THE VIRGINIA COMPANY
V03-P0699,3,1622-10-07,1622-10-07,running_header,high,"OCTOBER 7, 1622 683"
V03-P0700,3,1622-10-07,1622-10-07,inherited,medium,684 RECORDS OF THE VIRGINIA COMPANY
V03-P0701,3,1622-10-07,1622-10-07,running_header,high,"OCTOBER 7, 1622 685"
V03-P0702,3,1622-10-07,1622-10-07,inherited,medium,686 RECORDS OF THE VIRGINIA COMPANY
V03-P0703,3,1622-10-07,1622-10-07,running_header,high,"OCTOBER 7, 1622 687"
V03-P0704,3,1622-10-07,1622-10-07,inherited,medium,688 RECORDS OF THE VIRGINIA COMPANY
V03-P0705,3,1622-10-07,1622-10-07,running_header,high,"OCTOBER 7, 1622 689"
V03-P0706,3,1622-10-07,1622-10-18,between_headers,medium,690 RECORDS OF THE VIRGINIA COMPANY
V03-P0707,3,1622-10-18,1622-10-18,running_header,low,"OCTOBER 18, 1622 691"
V03-P0708,3,1622-10-07,1622-10-18,between_headers,medium,692 RECORDS OF THE VIRGINIA COMPANY
V03-P0709,3,1622-10-14,1622-10-14,running_header,low,"OCTOBER 14, 1622 693"
V03-P0710,3,1622-10-07,1622-10-18,between_headers,medium,694 RECORDS OF THE VIRGINIA COMPANY
V03-P0711,3,1622-10-18,1622-10-18,running_header,high,"OCTOBER 18, 1622 695"
V03-P0712,3,1622-10-18,1622-10-28,between_headers,medium,696 RECORDS OF THE VIRGINIA COMPANY
V03-P0713,3,1622-10-28,1622-10-28,running_header,high,"OCTOBER 28, 1622 697"
V03-P0714,3,1622-10-28,1622-11-02,between_headers,medium,698 RECORDS OF THE VIRGINIA COMPANY
V03-P0715,3,1622-11-02,1622-11-02,running_header,high,"NOVEMBER 2, 1622 699"
V03-P0716,3,1622-11-02,1622-12-09,between_headers,low,700 RECORDS OF THE VIRGINIA COMPANY
V03-P0717,3,1622-12-09,1622-12-09,running_header,high,"DECEMBER 9, 1622 701"
V03-P0718,3,1622-12-09,1622-12-10,between_headers,medium,702 RECORDS OF THE VIRGINIA COMPANY
V03-P0719,3,1622-12-10,1622-12-10,running_header,high,"DECEMBER 10, 1622 703"
V03-P0720,3,1622-12-10,1622-12-16,between_headers,medium,This first course
V03-P0721,3,1622-12-01,1622-12-31,running_header,low,"DECEMBER 165, 1622 705"
V03-P0722,3,1622-12-10,1622-12-16,between_headers,medium,706 RECORDS OF THE VIRGINIA COMPANY
V03-P0723,3,1622-12-16,1622-12-16,running_header,high,"DECEMBER 16, 1622 707"
V03-P0724,3,1622-12-16,1622-12-16,inherited,medium,708 RECORDS OF THE VIRGINIA COMPANY
V03-P0725,3,1622-12-16,1622-12-16,running_header,high,"DECEMBER 16, 1622 709"
V03-P0726,3,1622-12-16,1622-12-16,inherited,medium,[457]
V03-P0727,3,1622-12-16,1622-12-16,inherited,medium,Index
V03-P0728,3,1622-12-16,1622-12-16,inherited,medium,712
V03-P0729,3,1622-12-16,1622-12-16,inherited,medium,INDEX
V03-P0730,3,1622-12-16,1622-12-16,inherited,medium,714 INDEX
V03-P0731,3,1622-12-16,1622-12-16,inherited,medium,INDEX
V03-P0732,3,1622-12-16,1622-12-16,inherited,medium,716 INDEX
V03-P0733,3,1622-12-16,1622-12-16,inherited,medium,INDEX
V03-P0734,3,1622-12-16,1622-12-16,inherited,medium,718
V03-P0735,3,1622-12-16,1622-12-16,inherited,medium,INDEX
V03-P0736,3,1622-12-16,1622-12-16,inherited,medium,720
V03-P0737,3,1622-12-16,1622-12-16,inherited,medium,INDEX
V03-P0738,3,1622-12-16,1622-12-16,inherited,medium,722
V03-P0739,3,1622-12-16,1622-12-16,inherited,medium,INDEX
V03-P0740,3,1622-12-16,1622-12-16,inherited,medium,724
V03-P0741,3,1622-12-16,1622-12-16,inherited,medium,INDEX
V03-P0742,3,1622-12-16,1622-12-16,inherited,medium,726
V03-P0743,3,1622-12-16,1622-12-16,inherited,medium,INDEX
V03-P0744,3,1622-12-16,1622-12-16,inherited,medium,728
V03-P0745,3,1622-12-16,1622-12-16,inherited,medium,INDEX
V03-P0746,3,1622-12-16,1622-12-16,inherited,medium,730 INDEX
V03-P0747,3,1622-12-16,1622-12-16,inherited,medium,INDEX
V03-P0748,3,1622-12-16,1622-12-16,inherited,medium,732
V03-P0749,3,1622-12-16,1622-12-16,inherited,medium,INDEX
V03-P0750,3,1622-12-16,1622-12-16,inherited,medium,734. INDEX
V03-P0751,3,1622-12-16,1622-12-16,inherited,medium,INDEX
V03-P0752,3,1622-12-16,1622-12-16,inherited,medium,736
V03-P0753,3,1622-12-16,1622-12-16,inherited,medium,"Ipswich, Town of, 85."
V03-P0754,3,1622-12-16,1622-12-16,inherited,medium,738
V03-P0755,3,1622-12-16,1622-12-16,inherited,medium,INDEX
V03-P0756,3,1622-12-16,1622-12-16,inherited,medium,740 INDEX
V03-P0757,3,1622-12-16,1622-12-16,inherited,medium,INDEX
V03-P0758,3,1622-12-16,1622-12-16,inherited,medium,742
V03-P0759,3,1622-12-16,1622-12-16,inherited,medium,"Martin's Hundred, 450, 495, 668, 691."
V03-P0760,3,1622-12-16,1622-12-16,inherited,medium,744
V03-P0761,3,1622-12-16,1622-12-16,inherited,medium,INDEX
V03-P0762,3,1622-12-16,1622-12-16,inherited,medium,746 INDEX
V03-P0763,3,1622-12-16,1622-12-16,inherited,medium,INDEX
V03-P0764,3,1622-12-16,1622-12-16,inherited,medium,748
V03-P0765,3,1622-12-16,1622-12-16,inherited,medium,INDEX 749
V04-P0001,4,1623-01-03,1623-01-03,inherited,medium,1622/3 (?) 3
V04-P0002,4,1623-01-03,1623-01-03,inherited,medium,4 RECORDS OF THE VIRGINIA COMPANY
V04-P0003,4,1623-01-03,1623-01-03,inherited,medium,"BETWEEN JANUARY AND APRIL, 1622/8 5"
V04-P0004,4,1623-01-03,1623-01-03,inherited,medium,6 RECORDS OF THE VIRGINIA COMPANY
V04-P0005,4,1623-01-03,1623-01-03,running_header,high,"JANUARY 3, 1622/3 7"
V04-P0006,4,1623-01-03,1623-01-20,between_headers,medium,§ RECORDS OF THE VIRGINIA COMPANY
V04-P0007,4,1623-01-20,1623-01-20,running_header,high,"JANUARY 20, 1622/3 9"
V04-P0008,4,1623-01-20,1623-01-20,inherited,medium,10 RECORDS OF THE VIRGINIA COMPANY
V04-P0009,4,1623-01-20,1623-01-20,inherited,medium,"JANUARY 20, 1622/8 1"
V04-P0010,4,1623-01-20,1623-01-20,inherited,medium,12 RECORDS OF THE VIRGINIA COMPANY .
V04-P0011,4,1623-01-20,1623-01-20,running_header,high,"JANUARY 20, 1622/3 13"
V04-P0012,4,1623-01-20,1623-02-01,between_headers,medium,14 RECORDS OF THE VIRGINIA COMPANY
V04-P0013,4,1623-01-20,1623-02-01,between_headers,medium,"JANUARY 20, 1622/8 15"
V04-P0014,4,1623-01-20,1623-02-01,between_headers,medium,16 RECORDS OF THE VIRGINIA COMPANY
V04-P0015,4,1623-01-20,1623-02-01,between_headers,medium,"JANUARY 20, 1622/8 17"
V04-P0016,4,1623-01-20,1623-02-01,between_headers,medium,18 RECORDS OF THE VIRGINIA COMPANY
V04-P0017,4,1623-02-01,1623-02-28,running_header,high,"FEBRUARY (?}, 1622/3 19"
V04-P0018,4,1623-02-28,1623-03-01,between_headers,medium,a) RECORDS OF THE VIRGINIA COMPANY
V04-P0019,4,1623-02-14,1623-02-14,running_header,low,"FEBRUARY 14, 1622/3 21"
V04-P0020,4,1623-02-28,1623-03-01,between_headers,medium,22 RECORDS OF TILE VIRGINIA COMPANY
V04-P0021,4,1623-02-28,1623-03-01,between_headers,medium,"MARCH, 1622/8 23"
V04-P0022,4,1623-02-28,1623-03-01,between_headers,medium,24 RECORDS OF THE VIRGINIA COMPANY
V04-P0023,4,1623-03-01,1623-03-31,running_header,high,"MARCH, 1622/3 25"
V04-P0024,4,1623-03-01,1623-03-31,between_headers,medium,26 RECORDS OF THE VIRGINIA COMPANY
V04-P0025,4,1623-03-01,1623-03-31,running_header,high,"[MARCH], 1622/3 27"
V04-P0026,4,1623-03-01,1623-03-31,between_headers,medium,28 RECORDS OF THE VIRGINIA COMPANY
V04-P0027,4,1623-03-01,1623-03-31,between_headers,medium,2
V04-P0028,4,1623-03-01,1623-03-31,between_headers,medium,30 RECORDS OF THE VIRGINIA COMPANY
V04-P0029,4,1623-03-09,1623-03-09,running_header,low,"MARCIE (9), 1628 31"
V04-P0030,4,1623-03-01,1623-03-31,between_headers,medium,32 RECORDS OF THE VIRGINIA COMPANY
V04-P0031,4,1623-03-01,1623-03-31,between_headers,medium,"MARCH (?), 123 33"
V04-P0032,4,1623-03-01,1623-03-31,between_headers,medium,34 RECORDS OF TILE VIRGINIA COMPANY
V04-P0033,4,1623-03-01,1623-03-31,running_header,high,"MARCH (?), 1623 35"
V04-P0034,4,1623-03-01,1623-03-31,between_headers,medium,36. RECORDS OF THE VIRGINIA COMPANY
V04-P0035,4,1623-03-01,1623-03-31,between_headers,medium,"MARCIE OR APRIL (?), 162: a7"
V04-P0036,4,1623-03-01,1623-03-31,between_headers,medium,sem nud
V04-P0037,4,1623-03-01,1624-07-31,running_header,high,"MARCH, 1622/3, TO JULY, 1624 389"
V04-P0038,4,1623-03-05,1624-07-31,between_headers,low,40 PBCORDS OFTHE VIRGIN TASCONEARY
V04-P0039,4,1623-03-05,1623-03-05,running_header,high,"MARCH 5, 1622/3 41"
V04-P0040,4,1623-03-05,1623-03-17,between_headers,medium,42 RECORDS OF THE VIRGINIA COMPANY
V04-P0041,4,1623-03-17,1623-03-17,running_header,high,"MARCH 17, 1622/3 43"
V04-P0042,4,1623-03-17,1623-03-17,inherited,medium,4d RECORDS OF THUG VIRGINIA COMPANY
V04-P0043,4,1623-03-17,1623-03-17,running_header,high,"MARCH 17, 1622/3 45"
V04-P0044,4,1623-03-17,1623-03-20,between_headers,medium,46 RECORDS OF THE VIRGINIA COMPANY
V04-P0045,4,1623-03-17,1623-03-20,between_headers,medium,"ALARCH 17, 1622/3 47"
V04-P0046,4,1623-03-17,1623-03-20,between_headers,medium,48 RECORDS OF THis VIRGINIA COMPANY
V04-P0047,4,1623-03-20,1623-03-20,running_header,high,"MARCH 20, 1622/3 49"
V04-P0048,4,1623-03-20,1623-03-20,inherited,medium,50 RECORDS OF THE VIRGINIA COMPANY
V04-P0049,4,1623-03-20,1623-03-20,running_header,high,"MARCH 20, 1622/3 51"
V04-P0050,4,1623-03-20,1623-03-20,inherited,medium,52 RECORDS OF THE VIRGINIA COMPANY
V04-P0051,4,1623-03-20,1623-03-20,running_header,high,"MARCH 20, 1622/3 53"
V04-P0052,4,1623-03-20,1623-03-20,inherited,medium,54 RECORDS OF Tile VIRGINIA COMPANY
V04-P0053,4,1623-03-20,1623-03-20,running_header,high,"MARCH 20, 1622/3 55"
V04-P0054,4,1623-03-20,1623-03-20,inherited,medium,56 RECORDS OF THE VIRGINIA COMPANY
V04-P0055,4,1623-03-20,1623-03-20,inherited,medium,"MARCH 20, 1622/8 57"
V04-P0056,4,1623-03-20,1623-03-20,inherited,medium,Pa
V04-P0057,4,1623-03-20,1623-04-08,running_header,high,"MARCH 20, APRIL 2 AND 8, 1622/3 59"
V04-P0058,4,1623-03-20,1623-04-08,between_headers,medium,60 RECORDS OF THE VIRGINIA COMPANY
V04-P0059,4,1623-03-20,1623-04-03,running_header,high,"MARCH 20, APRIL 2 AND 3, 1623 61"
V04-P0060,4,1623-03-24,1623-04-03,between_headers,medium,62 RECORDS OF THE VIRGINIA COMPANY
V04-P0061,4,1623-03-24,1623-03-24,running_header,high,"MARCH 24, 1622/3 63"
V04-P0062,4,1623-03-24,1623-03-28,between_headers,medium,64 RECORDS OF THE VIRGINIA COMPANY
V04-P0063,4,1623-03-28,1623-03-28,running_header,high,"MAROH 28, 1623 65"
V04-P0064,4,1623-03-28,1623-03-30,between_headers,medium,JThe benefitts of
V04-P0065,4,1623-03-28,1623-03-28,running_header,low,"MARCH 28, 1623 67"
V04-P0066,4,1623-03-28,1623-03-30,between_headers,medium,68 RECORDS OF THE VIRGINIA COMPANY
V04-P0067,4,1623-03-28,1623-03-30,between_headers,medium,"ALARCH 80, 1623 69"
V04-P0068,4,1623-03-28,1623-03-30,between_headers,medium,70 RECORDS OF THE VIRGINIA COMPANY
V04-P0069,4,1623-03-30,1623-03-30,running_header,high,"MARCH 30, 1623 71"
V04-P0070,4,1623-03-30,1623-04-01,between_headers,medium,72 RECORDS OF THE VIRGINIA COMPANY
V04-P0071,4,1623-03-30,1623-03-30,running_header,low,"MARCH 80, 1623 73"
V04-P0072,4,1623-03-30,1623-04-01,between_headers,medium,74 RECORDS OF THE VIRGINIA COMPANY
V04-P0073,4,1623-03-30,1623-03-30,running_header,low,"MARCH 30, 1628 75"
V04-P0074,4,1623-03-30,1623-04-01,between_headers,medium,St W. Nuee.
V04-P0075,4,1623-03-31,1623-03-31,running_header,low,"MARCH 81, 1623 77"
V04-P0076,4,1623-03-30,1623-04-01,between_headers,medium,Gearge Sandys
V04-P0077,4,1623-04-01,1623-04-30,running_header,high,"APRIL, 1623 79"
V04-P0078,4,1623-04-30,1623-05-01,between_headers,medium,80
V04-P0079,4,1623-04-01,1623-04-30,running_header,low,"APRIL (?), 1623 $I"
V04-P0080,4,1623-04-30,1623-05-01,between_headers,medium,82 RECORDS OF THE VIRGINIA COMPANY
V04-P0081,4,1623-04-01,1623-04-30,running_header,low,"APRIL (?), 1628 83"
V04-P0082,4,1623-04-30,1623-05-01,between_headers,medium,84 RECORDS OF THE VIRGINIA COMPANY
V04-P0083,4,1623-04-01,1623-04-30,running_header,low,"APRIL (?), 1623 85"
V04-P0084,4,1623-04-30,1623-05-01,between_headers,medium,86 RECORDS OF THE VIRGINIA COMPANY
V04-P0085,4,1623-04-01,1623-04-30,running_header,low,"APRIL (?), 1623 87"
V04-P0086,4,1623-04-30,1623-05-01,between_headers,medium,88 RECORDS OF THE VIRGINIA COMPANY
V04-P0087,4,1623-04-01,1623-04-30,running_header,low,"APRIE (?), 1623 89"
V04-P0088,4,1623-04-30,1623-05-01,between_headers,medium,90 RECORDS OF THE VIRGINIA COMPANY
V04-P0089,4,1623-05-01,1623-05-31,running_header,high,"APRIL OR MAY (?), 1623 Ol"
V04-P0090,4,1623-05-31,1623-09-01,between_headers,low,92 RECORDS OF THE VIRGINIA COMPANY
V04-P0091,4,1623-06-01,1623-06-30,running_header,low,"BETWEEN APRIL AND JUNE, 1623 93"
V04-P0092,4,1623-05-31,1623-09-01,between_headers,low,94 RECORDS OF THE VIRGINIA COMPANY
V04-P0093,4,1623-05-31,1623-09-01,between_headers,low,"XIV. “Note of the Men sent (to Virginia) in 8"" T. Smiths tvme”’,"
V04-P0094,4,1623-05-31,1623-09-01,between_headers,low,“onvp edie TS a muito! or tomenalt ali leone! TZ
V04-P0095,4,1623-05-31,1623-09-01,between_headers,low,% hh. Geos Pee Prarpoece ia al th pe fags 4 fores
V04-P0096,4,1623-05-31,1623-09-01,between_headers,low,
V04-P0097,4,1623-09-01,1623-09-30,running_header,low,"BETWEEN APRIL AND SEPTEMBER, 1623 95"
V04-P0098,4,1623-05-31,1623-09-01,between_headers,low,96 RECORDS OF THE VIRGINIA COMPANY
V04-P0099,4,1623-09-01,1623-09-30,running_header,high,"BETWEEN APRIL AND SEPTEMBER, 1623 OF"
V04-P0100,4,1623-04-04,1623-09-30,between_headers,low,98 RECORDS OF THE VIRGINIA COMPANY
V04-P0101,4,1623-04-04,1623-04-04,running_header,low,"APRIL 4, 1623 99"
V04-P0102,4,1623-04-04,1623-09-30,between_headers,low,100 RECORDS OF THE VIRGINIA COMPANY
V04-P0103,4,1623-04-04,1623-04-04,running_header,high,"APRIL 4, 1623 101"
V04-P0104,4,1623-04-04,1623-04-04,inherited,medium,102 RECORDS OF THE VIRGINIA COMPANY
V04-P0105,4,1623-04-04,1623-04-04,running_header,high,"AFTER APRIL 4, 1623 103"
V04-P0106,4,1623-04-04,1623-04-07,between_headers,medium,104 RECORDS OF THE VIRGINIA COMPANY
V04-P0107,4,1623-04-07,1623-04-07,running_header,high,"APRIL 7, 1623 105"
V04-P0108,4,1623-04-07,1623-04-12,between_headers,medium,106 RECORDS OF THE VIRGINIA COMPANY
V04-P0109,4,1623-04-08,1623-04-08,running_header,low,"APRIL 8, 1623 107"
V04-P0110,4,1623-04-07,1623-04-12,between_headers,medium,108 RECORDS OF THE VIRGINIA COMPANY
V04-P0111,4,1623-04-01,1623-04-30,running_header,low,"APRIL &, 1623 109"
V04-P0112,4,1623-04-07,1623-04-12,between_headers,medium,110 RECORDS OF THE VIRGINIA COMPANY
V04-P0113,4,1623-04-12,1623-04-12,running_header,high,"APRIL, SOON AFTER APRIL 12, 1623 111"
V04-P0114,4,1623-04-12,1623-04-14,between_headers,medium,2 RECORDS OF THE VIRGINIA COMPANY
V04-P0115,4,1623-04-12,1623-04-12,running_header,low,"APRIL (?), AFTER APRIL 12, 1628 113"
V04-P0116,4,1623-04-12,1623-04-14,between_headers,medium,14 RECORDS OF THE VIRGINIA COMPANY
V04-P0117,4,1623-04-14,1623-04-14,running_header,high,"APRIL 14, 1623 115"
V04-P0118,4,1623-04-14,1623-04-15,between_headers,medium,np
V04-P0119,4,1623-04-14,1623-04-14,running_header,low,"APRIL 14, 1628 117"
V04-P0120,4,1623-04-14,1623-04-15,between_headers,medium,*heamaincof adage
V04-P0121,4,1623-04-15,1623-04-15,running_header,high,"APRIL 15, 1623 119"
V04-P0122,4,1623-04-15,1623-04-21,between_headers,medium,120 RECORDS OF THE VIRGINIA COMPANY
V04-P0123,4,1623-04-15,1623-04-21,between_headers,medium,"APRIL 18, 1682 121"
V04-P0124,4,1623-04-15,1623-04-21,between_headers,medium,122 RECORDS OF THE VIRGINIA COMPANY
V04-P0125,4,1623-04-21,1623-04-21,running_header,high,"APRIE 21, 1623 123"
V04-P0126,4,1623-04-21,1623-04-21,inherited,medium,124 RECORDS OF THE VIRGINIA COMPANY
V04-P0127,4,1623-04-21,1623-04-21,running_header,high,"APRIL 21, 1623 125"
V04-P0128,4,1623-04-21,1623-04-29,between_headers,medium,126 RECORDS OF THE VIRGINIA COMPANY
V04-P0129,4,1623-04-24,1623-05-08,running_header,low,"APRIL 24 AND MAY 8, 1623 127"
V04-P0130,4,1623-04-21,1623-04-29,between_headers,medium,128 RECORDS OF THE VIRGINIA COMPANY
V04-P0131,4,1623-04-29,1623-04-29,running_header,high,"APRIL 29, 1623 129"
V04-P0132,4,1623-04-29,1623-05-01,between_headers,medium,130 RECORDS OF THE VIRGINIA COMPANY
V04-P0133,4,1623-04-29,1623-05-01,between_headers,medium,"MAY, 162% 131"
V04-P0134,4,1623-04-29,1623-05-01,between_headers,medium,132 RECORDS OF THE VIRGINIA COMPANY
V04-P0135,4,1623-05-01,1623-05-31,running_header,high,"MAY, 1623 133"
V04-P0136,4,1623-05-01,1623-05-31,between_headers,medium,134 RECORDS OF THE VIRGINIA COMPANY
V04-P0137,4,1623-05-01,1623-05-31,between_headers,medium,"MALAY, 1623 135"
V04-P0138,4,1623-05-01,1623-05-31,between_headers,medium,136 RECORDS OF THE VIRGINIA COMPANY
V04-P0139,4,1623-05-01,1623-05-31,running_header,low,"MAY, 1623 137"
V04-P0140,4,1623-05-01,1623-05-31,between_headers,medium,138 RECORDS OF THE VIRGINIA COMPANY
V04-P0141,4,1623-05-01,1623-05-31,running_header,high,"MAY, 1623 139"
V04-P0142,4,1623-05-01,1623-05-31,between_headers,medium,140 RECORDS OF THE VIRGINIA COMPANY
V04-P0143,4,1623-05-01,1623-05-31,running_header,low,"MAY, 1628 141"
V04-P0144,4,1623-05-01,1623-05-31,between_headers,medium,142 RECORDS OF THE VIRGINIA COMPANY
V04-P0145,4,1623-05-01,1623-05-31,running_header,high,"MAY, 1623 1438"
V04-P0146,4,1623-05-01,1623-05-31,between_headers,medium,144 RECORDS OF THE VIRGINIA COMPANY
V04-P0147,4,1623-05-01,1623-05-31,running_header,high,"MAY, 1623 145"
V04-P0148,4,1623-05-01,1623-05-31,between_headers,medium,146 RECORDS OF THE VIRGINIA COMPANY
V04-P0149,4,1623-05-01,1623-05-31,running_header,low,"MAY, 1623 147"
V04-P0150,4,1623-05-01,1623-05-31,between_headers,medium,qqnetell
V04-P0151,4,1623-05-01,1623-05-31,running_header,high,"MAY, 1623 149"
V04-P0152,4,1623-05-01,1623-05-31,between_headers,medium,150 RECORDS OF THE VIRGINIA COMPANY
V04-P0153,4,1623-05-01,1623-05-31,running_header,high,"MAY, 1623 151"
V04-P0154,4,1623-05-31,1623-06-01,between_headers,medium,152 RECORDS OF THE VIRGINIA COMPANY
V04-P0155,4,1623-05-02,1623-05-02,running_header,low,"MAY (2), 1683 153"
V04-P0156,4,1623-05-31,1623-06-01,between_headers,medium,154 RECORDS OF THE VIRGINIA COMPANY
V04-P0157,4,1623-05-01,1623-05-31,running_header,low,"MAY (#), 1623 155"
V04-P0158,4,1623-05-31,1623-06-01,between_headers,medium,156 RECORDS OF THE VIRGINIA COMPANY
V04-P0159,4,1623-05-01,1623-05-31,running_header,low,"MAY (?), 1623 157"
V04-P0160,4,1623-05-31,1623-06-01,between_headers,medium,158 RECORDS OF THE VIRGINIA COMPANY
V04-P0161,4,1623-06-01,1623-06-30,running_header,high,"MAY-JUNE, 1623 159"
V04-P0162,4,1623-06-01,1623-06-30,between_headers,medium,160 RECORDS OF THE VIRGINIA COMPANY
V04-P0163,4,1623-06-01,1623-06-30,running_header,high,"MAY-JUNE, 1623 161"
V04-P0164,4,1623-05-02,1623-06-30,between_headers,low,Muy +
V04-P0165,4,1623-05-02,1623-05-02,running_header,high,"MAY 2, 1623 163"
V04-P0166,4,1623-05-02,1623-05-04,between_headers,medium,164 RECORDS OF THE VIRGINIA COMPANY
V04-P0167,4,1623-05-04,1623-05-04,running_header,high,"MAY 4, 1623 165"
V04-P0168,4,1623-05-04,1623-05-07,between_headers,medium,|; Comissionll
V04-P0169,4,1623-05-07,1623-05-07,running_header,low,"PROBABLY BEFORE MAY 7, 1623 167"
V04-P0170,4,1623-05-04,1623-05-07,between_headers,medium,168 RECORDS OF THE VIRGINIA COMPANY
V04-P0171,4,1623-05-07,1623-05-07,running_header,high,"MAY (AFTER MAY 7), 1623 169"
V04-P0172,4,1623-05-07,1623-05-09,between_headers,medium,170 RECORDS OF THE VIRGINIA COMPANY
V04-P0173,4,1623-05-07,1623-05-18,running_header,low,"BETWEEN MAY 7 AND 18, 1683 171"
V04-P0174,4,1623-05-07,1623-05-09,between_headers,medium,P. 40
V04-P0175,4,1623-05-09,1623-05-09,running_header,low,"MAY OR JUNE (AFTER MAY 9), 1628 173"
V04-P0176,4,1623-05-07,1623-05-09,between_headers,medium,174 RECORDS OF THE VIRGINIA COMPANY
V04-P0177,4,1623-05-09,1623-05-09,running_header,high,"MAY OR JUNE (AFTER MAY 9), 1623 175"
V04-P0178,4,1623-05-09,1623-05-09,inherited,medium,176 RECORDS OF THE VIRGINIA COMPANY
V04-P0179,4,1623-05-09,1623-05-09,inherited,medium,"MAY OR JUNE (AFTER MAY 8), 162¢ 177"
V04-P0180,4,1623-05-09,1623-05-09,inherited,medium,178 RECORDS OF THE VIRGINIA COMPANY
V04-P0181,4,1623-05-09,1623-05-09,running_header,low,"MAY OR JUNE (AFTER MAY 9), 1628 179"
V04-P0182,4,1623-05-09,1623-05-09,inherited,medium,180 RECORDS OF THE VIRGINIA COMPANY
V04-P0183,4,1623-05-09,1623-05-09,running_header,high,"MAY OR JUNE (AFTER MAY 9), 1623 181"
V04-P0184,4,1623-05-09,1623-05-09,inherited,medium,182 RECORDS OF THE VIRGINIA COMPANY
V04-P0185,4,1623-05-09,1623-05-09,running_header,high,"MAY OR JUNE (AFTER MAY 9), 1623 183"
V04-P0186,4,1623-05-09,1623-05-09,inherited,medium,184 RECORDS OF THE VIRGINIA COMPANY
V04-P0187,4,1623-05-09,1623-05-09,running_header,high,"MAY OR JUNE (AFTER MAY 9), 1623 185"
V04-P0188,4,1623-05-09,1623-05-14,between_headers,medium,Mr Rostingham
V04-P0189,4,1623-05-09,1623-05-09,running_header,low,"MAY OR JUNE (AFTER MAY 9), 1623 187"
V04-P0190,4,1623-05-09,1623-05-14,between_headers,medium,188 RECORDS OF THE VIRGINIA COMPANY
V04-P0191,4,1623-05-12,1623-05-12,running_header,low,"MAY 12, 1628 189"
V04-P0192,4,1623-05-09,1623-05-14,between_headers,medium,190 RECORDS OF THE VIRGINIA COMPANY
V04-P0193,4,1623-05-01,1623-05-31,running_header,low,"MAY 138, 1628 191"
V04-P0194,4,1623-05-09,1623-05-14,between_headers,medium,192 RECORDS OF THE VIRGINIA COMPANY
V04-P0195,4,1623-05-14,1623-05-14,running_header,high,"MAY 14, 1623 193"
V04-P0196,4,1623-05-14,1623-05-18,between_headers,medium,194 RECORDS OF THE VIRGINIA COMPANY
V04-P0197,4,1623-05-18,1623-05-18,running_header,high,"MAY (SHORTLY BEFORE MAY 18), 1623 195"
V04-P0198,4,1623-05-18,1623-05-24,between_headers,medium,196 RECORDS OF THE VIRGINIA COMPANY
V04-P0199,4,1623-05-18,1623-05-18,running_header,low,"MAY (SHORTLY BEFORE MAY 18), 1623 197"
V04-P0200,4,1623-05-18,1623-05-24,between_headers,medium,198 RECORDS OF THE VIRGINIA COMPANY
V04-P0201,4,1623-05-22,1623-05-22,running_header,low,"MAY 22, 1628 199"
V04-P0202,4,1623-05-18,1623-05-24,between_headers,medium,200 RECORDS OF THE VIRGINIA COMPANY
V04-P0203,4,1623-05-24,1623-05-24,running_header,high,"MAY (SOON AFTER MAY 24), 1623 201"
V04-P0204,4,1623-05-24,1623-05-26,between_headers,medium,"Ol,"
V04-P0205,4,1623-05-04,1623-05-04,running_header,low,"MAY (AFTER MAY #4), 1623 203"
V04-P0206,4,1623-05-24,1623-05-26,between_headers,medium,204 RECORDS OF THE VIRGINIA COMPANY
V04-P0207,4,1623-05-26,1623-05-26,running_header,high,"MAY 26, 1623 205"
V04-P0208,4,1623-05-26,1623-05-29,between_headers,medium,206 RECORDS OF THE VIRGINIA COMPANY
V04-P0209,4,1623-05-26,1623-05-26,running_header,low,"MAY 26, 1623 207"
V04-P0210,4,1623-05-26,1623-05-29,between_headers,medium,208 RECORDS OF THE VIRGINIA COMPANY
V04-P0211,4,1623-05-29,1623-05-29,running_header,high,"MAY 29, 1623 209"
V04-P0212,4,1623-05-29,1623-06-01,between_headers,medium,210 RECORDS OF THE VIRGINIA COMPANY
V04-P0213,4,1623-06-01,1623-06-30,running_header,high,"JUNE (#), 1623 211"
V04-P0214,4,1623-06-04,1623-06-30,between_headers,medium,212 RECORDS OF THE VIRGINIA COMPANY
V04-P0215,4,1623-06-02,1623-06-02,running_header,low,"JUNE (2), 1623 213"
V04-P0216,4,1623-06-04,1623-06-30,between_headers,medium,qr
V04-P0217,4,1623-07-01,1623-07-31,running_header,low,"JUNE OR JULY (?), 1623 215"
V04-P0218,4,1623-06-04,1623-06-30,between_headers,medium,216 RECORDS OF THE VIRGINIA COMPANY
V04-P0219,4,1623-07-01,1623-07-31,running_header,low,"JUNE OR JULY (?), 1628 217"
V04-P0220,4,1623-06-04,1623-06-30,between_headers,medium,218 RECORDS OF THE VIRGINIA COMPANY
V04-P0221,4,1623-06-04,1623-11-17,running_header,high,"JUNE 4, NOVEMBER 17, 1623 219"
V04-P0222,4,1623-06-09,1623-11-17,between_headers,low,220 RECORDS OF THE VIRGINIA COMPANY
V04-P0223,4,1623-06-09,1623-06-09,running_header,high,"JUNE 9, 1623 221"
V04-P0224,4,1623-06-09,1623-06-09,inherited,medium,222 RECORDS OF THE VIRGINIA COMPANY
V04-P0225,4,1623-06-09,1623-06-09,running_header,high,"JUNE 9 (?), 1623 223"
V04-P0226,4,1623-06-09,1623-06-09,inherited,medium,224 RECORDS OF THE VIRGINIA COMPANY
V04-P0227,4,1623-06-09,1623-06-09,running_header,high,"JUNE (AFTER JUNE 9), 1623 225"
V04-P0228,4,1623-06-09,1623-06-19,between_headers,medium,226 RECORDS OF THE VIRGINIA COMPANY
V04-P0229,4,1623-06-18,1623-06-18,running_header,low,"JUNE 18 (?), 1623 227,"
V04-P0230,4,1623-06-09,1623-06-19,between_headers,medium,dearth
V04-P0231,4,1623-06-19,1623-06-19,running_header,low,"JUNE 19, 1628 229"
V04-P0232,4,1623-06-09,1623-06-19,between_headers,medium,or Cerne
V04-P0233,4,1623-06-19,1623-06-19,running_header,high,"JUNE 19, 1623 231"
V04-P0234,4,1623-06-19,1623-06-19,inherited,medium,of 56 but 14
V04-P0235,4,1623-06-19,1623-06-19,running_header,high,"JUNE 19, 1623 233"
V04-P0236,4,1623-06-19,1623-06-19,inherited,medium,234 RECORDS OF THE VIRGINIA COMPANY
V04-P0237,4,1623-06-19,1623-06-19,running_header,low,"JUNE 19, 1683 235"
V04-P0238,4,1623-06-19,1623-06-19,inherited,medium,236 RECORDS OF THE VIRGINIA COMPANY
V04-P0239,4,1623-06-19,1623-06-19,running_header,low,"JUNE 19, 1623 237"
V04-P0240,4,1623-06-19,1623-06-19,inherited,medium,238 RECORDS OF THE VIRGINIA COMPANY
V04-P0241,4,1623-06-19,1623-06-19,running_header,high,"JUNE 19, 1623 239"
V04-P0242,4,1623-06-19,1623-06-28,between_headers,medium,240 RECORDS OF THE VIRGINIA COMPANY
V04-P0243,4,1623-06-28,1623-06-28,running_header,high,"JUNE 28, 1623 24)"
V04-P0244,4,1623-06-28,1623-06-30,between_headers,medium,242 RECORDS OF THE VIRGINIA COMPANY
V04-P0245,4,1623-06-30,1623-06-30,running_header,high,"JUNE 30, 1623 243"
V04-P0246,4,1623-06-30,1623-07-04,between_headers,medium,244 RECORDS OF THE VIRGINIA COMPANY
V04-P0247,4,1623-07-04,1623-07-04,running_header,high,"JULY 4, 1623 245"
V04-P0248,4,1623-07-04,1623-07-06,between_headers,medium,246
V04-P0249,4,1623-07-04,1623-07-04,running_header,low,"JULY 4, 1623 247"
V04-P0250,4,1623-07-04,1623-07-06,between_headers,medium,248 RECORDS OF THE VIRGINIA COMPANY
V04-P0251,4,1623-07-06,1623-07-06,running_header,high,"JULY 6, 1623 249"
V04-P0252,4,1623-07-06,1623-07-22,between_headers,medium,250 RECORDS OF THE VIRGINIA COMPANY
V04-P0253,4,1623-07-06,1623-07-22,between_headers,medium,XV.
V04-P0254,4,1623-07-06,1623-07-22,between_headers,medium,
V04-P0255,4,1623-07-06,1623-07-22,between_headers,medium,"whi, a ie"
V04-P0256,4,1623-07-06,1623-07-22,between_headers,medium,{VE gy va
V04-P0257,4,1623-07-06,1623-07-22,between_headers,medium,piags a
V04-P0258,4,1623-07-06,1623-07-22,between_headers,medium,=>
V04-P0259,4,1623-07-22,1623-07-22,running_header,high,"JULY 22, 1623 251"
V04-P0260,4,1623-07-22,1623-09-01,between_headers,low,252 RECORDS OF THE VIRGINIA COMPANY
V04-P0261,4,1623-07-28,1623-07-28,running_header,low,"JULY 28, 1628 253"
V04-P0262,4,1623-07-22,1623-09-01,between_headers,low,254 RECORDS OF THE VIRGINIA COMPANY
V04-P0263,4,1623-07-31,1623-07-31,running_header,low,"JULY 81, 1623 255"
V04-P0264,4,1623-07-22,1623-09-01,between_headers,low,256 RECORDS OF THLE VIRGINIA COMPANY
V04-P0265,4,1623-07-31,1623-07-31,running_header,low,"JULY 81, 1623 257"
V04-P0266,4,1623-07-22,1623-09-01,between_headers,low,258 RECORDS OF THE VIRGINIA COMPANY
V04-P0267,4,1623-09-01,1623-09-30,running_header,high,"AUGUST OR SEPTEMBER, 1623 259"
V04-P0268,4,1623-09-01,1623-09-30,between_headers,medium,260 RECORDS OF THE VIRGINIA COMPANY
V04-P0269,4,1623-09-01,1623-09-30,running_header,high,"AUGUST OR SEPTEMBER, 1623 261"
V04-P0270,4,1623-08-06,1623-09-30,between_headers,low,262 RECORDS OF THE VIRGINIA COMPANY
V04-P0271,4,1623-08-06,1623-08-06,running_header,low,"AUGUST 6, 1628 263"
V04-P0272,4,1623-08-06,1623-09-30,between_headers,low,264 RECORDS OF THE VIRGINIA COMPANY
V04-P0273,4,1623-08-06,1623-08-06,running_header,high,"AUGUST 6, 1623 265"
V04-P0274,4,1623-08-06,1623-08-06,inherited,medium,266 RECORDS OF THE VIRGINIA COMPANY
V04-P0275,4,1623-08-06,1623-08-06,running_header,low,"AUGUST 6, 1623 267"
V04-P0276,4,1623-08-06,1623-08-06,inherited,medium,268 RECORDS OF THE VIRGINIA COMPANY
V04-P0277,4,1623-08-06,1623-08-06,running_header,high,"AUGUST 6, 1623 269"
V04-P0278,4,1623-08-06,1623-08-31,between_headers,medium,pag: 30
V04-P0279,4,1623-08-31,1623-08-31,running_header,high,"AUGUST 31, 1623 271"
V04-P0280,4,1623-08-31,1623-09-04,between_headers,medium,272 RECORDS OF THE VIRGINIA COMPANY
V04-P0281,4,1623-08-31,1623-08-31,running_header,low,"AUGUST 81, 1623 273"
V04-P0282,4,1623-08-31,1623-09-04,between_headers,medium,274 RECORDS OF THE VIRGINIA COMPANY
V04-P0283,4,1623-09-04,1623-09-04,running_header,high,"SEPTEMBER 4, 1623 275"
V04-P0284,4,1623-09-04,1623-09-16,between_headers,medium,276 RECORDS OF THE VIRGINIA COMPANY
V04-P0285,4,1623-09-04,1623-09-08,running_header,low,"SEPTEMBER 4, 8, 1623 277"
V04-P0286,4,1623-09-04,1623-09-16,between_headers,medium,278
V04-P0287,4,1623-09-16,1623-09-16,running_header,high,"SEPTEMBER 16, 1623 279"
V04-P0288,4,1623-09-16,1623-09-16,inherited,medium,280 RECORDS OF THE VIRGINIA COMPANY
V04-P0289,4,1623-09-16,1623-09-16,running_header,high,"SEPTEMBER 16, 1623 281"
V04-P0290,4,1623-09-16,1623-09-21,between_headers,medium,282 RECORDS OF THE VIRGINIA COMPANY
V04-P0291,4,1623-09-21,1623-09-21,running_header,high,"SEPTEMBER 21, 1623 283"
V04-P0292,4,1623-09-21,1623-10-01,between_headers,medium,284 RECORDS OF THE VIRGINIA COMPANY
V04-P0293,4,1623-10-01,1623-10-31,running_header,high,"OCTOBER, 1623 285"
V04-P0294,4,1623-10-11,1623-10-31,between_headers,medium,286 RECGRDS OF THE VIRGINIA COMPANY
V04-P0295,4,1623-10-01,1624-02-29,running_header,low,"OCTOBER, 1683, TO FEBRUARY, 1625/4 287"
V04-P0296,4,1623-10-11,1623-10-31,between_headers,medium,288 RECORDS OF THE VIRGINIA COMPANY
V04-P0297,4,1623-10-11,1623-10-11,running_header,high,"OCTOBER 11, 1623 289"
V04-P0298,4,1623-10-11,1623-10-22,between_headers,medium,290 RECORDS OF THE VIRGINIA COMPANY
V04-P0299,4,1623-10-11,1623-10-22,between_headers,medium,M’ Buekeridge
V04-P0300,4,1623-10-11,1623-10-22,between_headers,medium,292 RECORDS OF THE VIRGINIA COMPANY
V04-P0301,4,1623-10-22,1623-10-22,running_header,high,"OCTOBER 22, 1623 293"
V04-P0302,4,1623-10-22,1623-11-04,between_headers,medium,294 RECORDS OF THE VIRGINIA COMPANY
V04-P0303,4,1623-11-04,1624-05-24,running_header,high,"NOVEMBER 4, 1623, TO MAY 24, 1624 295"
V04-P0304,4,1623-11-04,1624-05-24,between_headers,low,296 RECORDS OF THE VIRGINIA COMPANY
V04-P0305,4,1623-11-04,1624-05-24,running_header,low,"NOVEMBER 4, 16283, TO MAY 24, 1624 297"
V04-P0306,4,1623-11-04,1624-05-24,between_headers,low,298 RECORDS OF THE VIRGINIA COMPANY
V04-P0307,4,1623-11-04,1624-05-24,running_header,high,"NOVEMBER 4, 1623, TO MAY 24, 1624 299"
V04-P0308,4,1623-11-04,1624-05-24,between_headers,low,300 RECORDS OF THE VIRGINIA COMPANY
V04-P0309,4,1623-11-04,1624-05-24,running_header,high,"NOVEMBER 4, 1623, TO MAY 24, 1624 301"
V04-P0310,4,1623-11-04,1624-05-24,between_headers,low,302 RECORDS OF THE VIRGINIA COMPANY
V04-P0311,4,1623-11-04,1624-05-24,running_header,high,"NOVEMBER 4, 1623, TO MAY 24, 1624 3803"
V04-P0312,4,1623-11-04,1624-05-24,between_headers,low,304 RECORDS OF THE VIRGINIA COMPANY
V04-P0313,4,1623-11-04,1624-05-24,running_header,high,"NOVEMBER 4, 1623, TO MAY 24, 1624 305"
V04-P0314,4,1623-11-04,1624-05-24,between_headers,low,p. 8
V04-P0315,4,1623-11-04,1624-05-24,running_header,low,"NOVEMBER 4, 1623, TO MAY 24, 1624 307"
V04-P0316,4,1623-11-04,1624-05-24,between_headers,low,ped.
V04-P0317,4,1623-11-04,1623-11-04,running_header,high,"NOVEMBER 4, 1623, TO MAY 24, 1024 309"
V04-P0318,4,1623-11-04,1623-11-04,inherited,medium,oe
V04-P0319,4,1623-11-04,1624-05-24,running_header,high,"NOVEMBER 4, 1623, TO MAY 24, 1624 311"
V04-P0320,4,1623-11-04,1624-05-24,between_headers,low,312 RECORDS OF THE VIRGINIA COMPANY
V04-P0321,4,1623-11-04,1624-05-24,running_header,high,"NOVEMBER 4, 1623, TO MAY 24, 1624 313"
V04-P0322,4,1623-11-04,1624-05-24,between_headers,low,314 RECORDS OF THE VIRGINIA COMPANY
V04-P0323,4,1623-11-04,1624-05-24,running_header,low,"NOVEMBER 4, 1628, TO MAY 24, 1624 315"
V04-P0324,4,1623-11-04,1624-05-24,between_headers,low,pol.
V04-P0325,4,1623-11-04,1624-05-24,running_header,low,"NOVEMBER 4, 1623, TO MAY 24, 1624 317"
V04-P0326,4,1623-11-04,1624-05-24,between_headers,low,318 RECORDS OF THE VIRGINIA COMPANY
V04-P0327,4,1623-11-04,1624-05-24,running_header,low,"NOVEMBER 4, 1628, TO MAY 24, 1624 31g"
V04-P0328,4,1623-11-04,1624-05-24,between_headers,low,felt
V04-P0329,4,1623-11-04,1624-05-24,running_header,low,"NOVEMBER 4, 1628, TO MAY 24, 1624 321"
V04-P0330,4,1623-11-04,1624-05-24,between_headers,low,pods.
V04-P0331,4,1623-11-04,1624-05-24,running_header,high,"NOVEMBER 4, 1623, TO MAY 24, 1624 323"
V04-P0332,4,1623-11-04,1624-05-24,between_headers,low,poi
V04-P0333,4,1623-11-04,1624-05-24,running_header,low,"NOVEMBER 4, 1628, TO MAY 24, 1624 325"
V04-P0334,4,1623-11-04,1624-05-24,between_headers,low,326 RECORDS OF THE VIRGINIA COMPANY
V04-P0335,4,1623-11-04,1624-05-24,running_header,high,"NOVEMBER 4, 1623, TO MAY 24, 1624 327"
V04-P0336,4,1623-11-04,1624-05-24,between_headers,low,328 RECORDS OF THE VIRGINIA COMPANY
V04-P0337,4,1623-11-04,1624-05-24,running_header,high,"NOVEMBER 4, 1623, TO MAY 24, 1624 329"
V04-P0338,4,1623-11-04,1624-05-24,between_headers,low,330 RECORDS OF THE VIRGINIA COMPANY
V04-P0339,4,1623-11-04,1624-05-24,running_header,high,"NOVEMBER 4, 1623, TO MAY 24, 1624 331"
V04-P0340,4,1623-11-04,1624-05-24,between_headers,low,332 RECORDS OF THE VIRGINIA COMPANY
V04-P0341,4,1623-11-04,1624-05-24,running_header,low,"NOVEMBER 4, 1628, TO MAY 24, 1624 33:"
V04-P0342,4,1623-11-04,1624-05-24,between_headers,low,Pete
V04-P0343,4,1623-11-04,1624-05-24,running_header,high,"NOVEMBER 4, 1623, TO MAY 24, 1624 335"
V04-P0344,4,1623-11-04,1624-05-24,between_headers,low,336 RECORDS OF THE VIRGINIA COMPANY
V04-P0345,4,1623-11-04,1623-11-04,running_header,high,"NOVEMBER 4, 1623, TO MAY 24, 162 337"
V04-P0346,4,1623-11-04,1623-11-04,inherited,medium,338 RECORDS OF THE VIRGINIA COMPANY
V04-P0347,4,1623-11-04,1624-05-24,running_header,high,"NOVEMBER 4, 1623, TO MAY 24, 1624 339"
V04-P0348,4,1623-11-04,1624-05-24,between_headers,low,340 RECORDS OF THE VIRGINIA COMPANY
V04-P0349,4,1623-11-04,1624-05-24,running_header,high,"NOVEMBER 4, 1623, TO MAY 24, 1624 341"
V04-P0350,4,1623-11-04,1624-05-24,between_headers,low,"p. 3,"
V04-P0351,4,1623-11-04,1624-05-24,running_header,high,"NOVEMBER 4, 1623, TO MAY 24, 1624 848"
V04-P0352,4,1623-11-04,1624-05-24,between_headers,low,344 RECORDS OF THE VIRGINIA COMPANY
V04-P0353,4,1623-11-04,1624-05-24,running_header,high,"NOVEMBER 4, 1623, TO MAY 24, 1624 345"
V04-P0354,4,1623-11-04,1624-05-24,between_headers,low,"346, RECORDS OF THE VIRGINIA COMPANY"
V04-P0355,4,1623-11-04,1624-05-24,running_header,low,"NOVEMBER 4, 1628, TO MAY 24, 1624 347"
V04-P0356,4,1623-11-04,1624-05-24,between_headers,low,348 RECORDS OF THE VIRGINIA COMPANY
V04-P0357,4,1623-11-04,1624-05-24,running_header,high,"NOVEMBER 4, 1623, TO MAY 24, 1624 349"
V04-P0358,4,1624-05-24,1624-05-24,inherited,medium,350 RECORDS OF THE VIRGINIA COMPANY
V04-P0359,4,1623-11-04,1624-05-24,running_header,low,"NOVEMBER 4, 1623, TO MAY 24, 1624 351"
V04-P0360,4,1624-05-24,1624-05-24,inherited,medium,dd.
V04-P0361,4,1624-05-24,1624-05-24,running_header,high,"NOVEMBER 4, 1698, TO MAY 24, 1624 353"
V04-P0362,4,1623-11-04,1624-05-24,between_headers,low,354
V04-P0363,4,1623-11-04,1624-05-24,running_header,high,"NOVEMBER 4, 1623, TO MAY 24, 1624 355"
V04-P0364,4,1623-11-04,1624-05-24,between_headers,low,356 RECORDS OF THE VIRGINIA COMPANY
V04-P0365,4,1623-11-04,1624-05-24,running_header,high,"NOVEMBER 4, 1623, TO MAY 24, 1624 357"
V04-P0366,4,1623-11-04,1624-05-24,between_headers,low,358 RECORDS OF THE VIRGINIA COMPANY
V04-P0367,4,1623-11-04,1624-05-24,running_header,low,"NOVEMBER 4, 1628, TO MAY 24, 1624 359"
V04-P0368,4,1623-11-04,1624-05-24,between_headers,low,me.
V04-P0369,4,1623-11-04,1624-05-24,running_header,high,"NOVEMBER 4, 1623, TO MAY 24, 1624 361"
V04-P0370,4,1623-11-04,1624-05-24,between_headers,low,362 RECORDS OF THE VIRGINIA COMPANY
V04-P0371,4,1623-11-04,1624-05-24,running_header,high,"NOVEMBER 4, 1623, TO MAY 24, 1624 363"
V04-P0372,4,1623-11-04,1624-05-24,between_headers,low,364 RECORDS OF THE VIRGINIA COMPANY
V04-P0373,4,1623-11-04,1624-05-24,running_header,low,"NOVEMBER 4, 1628, TO MAY 24, 1624 365"
V04-P0374,4,1623-11-04,1624-05-24,between_headers,low,tid:
V04-P0375,4,1623-11-04,1624-05-24,running_header,high,"NOVEMBER 4, 1623, TO MAY 24, 1624 367"
V04-P0376,4,1623-11-04,1624-05-24,between_headers,low,368 RECORDS OF THE VIRGINIA COMPANY
V04-P0377,4,1623-11-04,1624-05-24,running_header,high,"NOVEMBER 4, 1623, TO MAY 24, 1624 369"
V04-P0378,4,1623-11-04,1624-05-24,between_headers,low,fe 3
V04-P0379,4,1623-11-04,1624-05-24,running_header,high,"NOVEMBER 4, 1623, TO MAY 24, 1624 371"
V04-P0380,4,1623-11-04,1624-05-24,between_headers,low,"pts,"
V04-P0381,4,1623-11-04,1624-05-24,running_header,high,"NOVEMBER 4, 1623, TO MAY 24, 1624 373"
V04-P0382,4,1623-11-04,1624-05-24,between_headers,low,(la.
V04-P0383,4,1623-11-04,1624-05-24,running_header,high,"NOVEMBER 4, 1623, TO MAY 24, 1624 875"
V04-P0384,4,1623-11-04,1624-05-24,between_headers,low,376
V04-P0385,4,1623-11-04,1624-05-24,running_header,high,"NOVEMBER 4, 1623, TO MAY 24, 1624 877"
V04-P0386,4,1623-11-04,1624-05-24,between_headers,low,pee
V04-P0387,4,1623-11-04,1624-05-24,running_header,high,"NOVEMBER 4, 1623, TO MAY 24, 1624 379"
V04-P0388,4,1623-11-04,1624-05-24,between_headers,low,350 RECORDS OF THE VIRGINIA COMPANY
V04-P0389,4,1623-11-04,1624-05-24,running_header,high,"NOVEMBER 4, 1623, TO MAY 24, 1624 381"
V04-P0390,4,1623-11-04,1624-05-24,between_headers,low,382 RECORDS OF THE VIRGINIA COMPANY
V04-P0391,4,1623-11-04,1624-05-24,running_header,low,"NOVEMBER 4, 1628, TO MAY 24, 1624 383"
V04-P0392,4,1623-11-04,1624-05-24,between_headers,low,dy
V04-P0393,4,1623-11-04,1624-05-24,running_header,high,"NOVEMBER 4, 1623, TO MAY 24, 1624 385"
V04-P0394,4,1623-11-04,1624-05-24,between_headers,low,p.3i.
V04-P0395,4,1623-11-04,1624-05-24,running_header,high,"NOVEMBER 4, 1623, TO MAY 24, 1624 387"
V04-P0396,4,1623-11-04,1624-05-24,between_headers,low,388 RECORDS OF THE VIRGINIA COMPANY
V04-P0397,4,1623-11-04,1624-05-24,running_header,high,"NOVEMBER 4, 1623, TO MAY 24, 1624 389"
V04-P0398,4,1623-11-04,1624-05-24,between_headers,low,p
V04-P0399,4,1623-11-04,1624-05-24,running_header,high,"NOVEMBER 4, 1623, TO MAY 24, 1624 391"
V04-P0400,4,1623-11-04,1624-05-24,between_headers,low,es
V04-P0401,4,1623-11-04,1624-05-24,running_header,high,"NOVEMBER 4, 1623, TO MAY 24, 1624 393,"
V04-P0402,4,1623-11-04,1624-05-24,between_headers,low,394 RECORDS OF THE VIRGINIA COMPANY
V04-P0403,4,1623-11-04,1624-05-24,running_header,high,"NOVEMBER 4, 1623, TO MAY 24, 1624 395"
V04-P0404,4,1623-11-04,1624-05-24,between_headers,low,p
V04-P0405,4,1623-11-04,1624-05-24,running_header,high,"NOVEMBER 4, 1623, TO MAY 24, 1624 397"
V04-P0406,4,1623-11-18,1624-05-24,between_headers,low,pas.
V04-P0407,4,1623-11-18,1623-11-18,running_header,high,"NOVEMBER 18, 1623 399"
V04-P0408,4,1623-11-18,1623-11-20,between_headers,medium,400 RECORDS OF THE VIRGINIA COMPANY
V04-P0409,4,1623-11-20,1623-11-20,running_header,high,"NOVEMBER 20, 1623 401"
V04-P0410,4,1623-11-20,1623-11-27,between_headers,medium,p. 1D.
V04-P0411,4,1623-11-21,1623-11-21,running_header,low,"NOVEMBER 21, 1628 403"
V04-P0412,4,1623-11-20,1623-11-27,between_headers,medium,404 RECORDS OF THE VIRGINIA COMPANY
V04-P0413,4,1623-11-22,1623-11-22,running_header,low,"NOVEMBER 22, 1628 A405"
V04-P0414,4,1623-11-20,1623-11-27,between_headers,medium,406 RECORDS OF THE VIRGINIA COMPANY
V04-P0415,4,1623-11-27,1623-11-27,running_header,high,"NOVEMBER 27, 1623 407"
V04-P0416,4,1623-11-27,1623-12-07,between_headers,medium,408
V04-P0417,4,1623-12-07,1623-12-07,running_header,high,"BEFORE DECEMBER 7, 1623 409"
V04-P0418,4,1623-12-07,1623-12-07,inherited,medium,410 RECORDS OF THE VIRGINIA COMPANY
V04-P0419,4,1623-12-07,1623-12-07,running_header,high,"BEFORE DECEMBER 7, 1623"
V04-P0420,4,1623-12-07,1623-12-07,inherited,medium,412
V04-P0421,4,1623-12-07,1623-12-07,running_header,high,"BEFORE DECEMBER 7, 1623 413"
V04-P0422,4,1623-12-07,1623-12-07,inherited,medium,414
V04-P0423,4,1623-12-07,1623-12-07,running_header,high,"BEFORE DECEMBER 7, 1623"
V04-P0424,4,1623-12-07,1623-12-07,inherited,medium,416
V04-P0425,4,1623-12-07,1623-12-07,running_header,high,"BEFORE DECEMBER 7, 1623"
V04-P0426,4,1623-12-07,1623-12-07,inherited,medium,418
V04-P0427,4,1623-12-07,1623-12-07,running_header,high,"BEFORE DECEMBER 7, 1623 419"
V04-P0428,4,1623-12-07,1623-12-07,inherited,medium,420
V04-P0429,4,1623-12-07,1623-12-07,running_header,high,"BEFORE DECEMBER 7, 1623"
V04-P0430,4,1623-12-07,1623-12-07,inherited,medium,422
V04-P0431,4,1623-12-07,1623-12-07,running_header,high,"BEFORE DECEMBER 7, 1623 42°"
V04-P0432,4,1623-12-07,1623-12-07,inherited,medium,A424 RECORDS OF THE VIRGINIA COMPANY
V04-P0433,4,1623-12-07,1623-12-07,running_header,high,"BEFORE DECEMBER 7, 1623 425"
V04-P0434,4,1623-12-07,1623-12-07,inherited,medium,426 RECORDS OF THE VIRGINIA COMPANY
V04-P0435,4,1623-12-07,1623-12-07,running_header,high,"BEFORE DECEMBER 7, 1623 427"
V04-P0436,4,1623-12-07,1623-12-07,inherited,medium,428 RECORDS OF THE VIRGINIA COMPANY
V04-P0437,4,1623-12-07,1623-12-07,running_header,low,"BEFORE DECEMBER 7, 1628 A429"
V04-P0438,4,1623-12-07,1623-12-07,inherited,medium,430 RECORDS OF THE VIRGINIA COMPANY
V04-P0439,4,1623-12-07,1623-12-07,running_header,high,"BEFORE DECEMBER 7, 1623 431"
V04-P0440,4,1623-12-07,1623-12-07,inherited,medium,432 RECORDS OF THE VIRGINIA COMPANY
V04-P0441,4,1623-12-07,1623-12-07,running_header,high,"BEFORE DECEMBER 7, 1623 433"
V04-P0442,4,1623-12-01,1623-12-07,between_headers,medium,434 RECORDS OF THE VIRGINIA COMPANY
V04-P0443,4,1623-12-01,1623-12-31,running_header,high,"EARLY DECEMBER, 1623 435"
V04-P0444,4,1623-12-01,1623-12-31,between_headers,medium,436 RECORDS OF THE VIRGINIA COMPANY
V04-P0445,4,1623-12-01,1623-12-31,running_header,high,"EARLY DECEMBER, 1623 A437"
V04-P0446,4,1623-12-01,1623-12-31,between_headers,medium,438 RECORDS OF THE VIRGINIA COMPANY
V04-P0447,4,1623-12-01,1623-12-31,running_header,high,"EARLY DECEMBER, 1623 439"
V04-P0448,4,1623-12-31,1623-12-31,inherited,medium,440 RECORDS OF THE VIRGINIA COMPANY
V04-P0449,4,1623-12-08,1623-12-08,running_header,low,"DECEMBER 8, 1623 441"
V04-P0450,4,1623-12-31,1623-12-31,inherited,medium,442 RECORDS OF THE VIRGINIA COMPANY
V04-P0451,4,1623-12-19,1623-12-19,running_header,low,"DECEMBER 19, 1628 443"
V04-P0452,4,1623-12-31,1623-12-31,inherited,medium,444 RECORDS OF THE VIRGINIA COMPANY
V04-P0453,4,1623-12-31,1623-12-31,running_header,high,"DECEMBER 31, 1623 445,"
V04-P0454,4,1623-12-31,1624-01-19,between_headers,medium,446 RECORDS OF THE VIRGINIA COMPANY
V04-P0455,4,1624-01-19,1624-01-19,running_header,high,"JANUARY 19, 1623/4 447"
V04-P0456,4,1624-01-19,1624-01-26,between_headers,medium,448 RECORDS OF THE VIRGINIA COMPANY
V04-P0457,4,1624-01-26,1624-01-26,running_header,high,"JANUARY 26, 1623/4 449"
V04-P0458,4,1624-01-26,1624-01-30,between_headers,medium,450 RECORDS OF THE VIRGINIA COMPANY
V04-P0459,4,1624-01-30,1624-01-30,running_header,high,"JANUARY 30, 1623/4 451"
V04-P0460,4,1624-01-30,1624-01-30,inherited,medium,pee S
V04-P0461,4,1624-01-30,1624-01-30,running_header,high,"JANUARY 30, 1623/4 453"
V04-P0462,4,1624-01-30,1624-02-01,between_headers,medium,454 RECORDS OF THE VIRGINIA COMPANY
V04-P0463,4,1624-02-01,1624-02-29,running_header,high,"EARLY IN FEBRUARY, 1623/4 455"
V04-P0464,4,1624-02-29,1624-03-01,between_headers,medium,456 RECORDS OF THE VIRGINIA COMPANY
V04-P0465,4,1624-02-01,1624-02-29,running_header,low,"FEBRUARY, 1623/4 457"
V04-P0466,4,1624-02-29,1624-03-01,between_headers,medium,458 RECORDS OF THE VIRGINIA COMPANY
V04-P0467,4,1624-02-29,1624-03-01,between_headers,medium,"MARCT!, 1623/4 459"
V04-P0468,4,1624-02-29,1624-03-01,between_headers,medium,460 RECORDS OF THE VIRGINIA COMPANY
V04-P0469,4,1624-03-01,1624-03-31,running_header,high,"MARCH, 1623/4 461"
V04-P0470,4,1624-03-01,1624-03-31,between_headers,medium,462 RECORDS OF THE VIRGINIA COMPANY
V04-P0471,4,1624-03-01,1624-03-31,running_header,high,"MARCH, 1628/4 463"
V04-P0472,4,1624-03-02,1624-03-31,between_headers,medium,464 RECORDS OF THE VIRGINIA COMPANY
V04-P0473,4,1624-03-02,1624-03-03,running_header,high,"MARCH 2,3 1623/4 465"
V04-P0474,4,1624-03-03,1624-03-09,between_headers,medium,466 RECORDS OF TILE VIRGINIA COMPANY
V04-P0475,4,1624-03-09,1624-03-09,running_header,high,"MARCH 9, 1628/4 467"
V04-P0476,4,1624-03-09,1624-03-30,between_headers,medium,468 RECORDS OF THE VIRGINIA COMPANY
V04-P0477,4,1623-03-11,1623-03-11,running_header,low,"MARCH 11, 1623 469"
V04-P0478,4,1624-03-09,1624-03-30,between_headers,medium,{70 RECORDS OF PHI VIRGINIAN COMPPANY
V04-P0479,4,1624-03-09,1624-03-30,between_headers,medium,"MARCIT 23, 24, 25, 1623/4 47"
V04-P0480,4,1624-03-09,1624-03-30,between_headers,medium,AT2 RECORDS OF THE VIRGINIA COMPANY
V04-P0481,4,1624-03-30,1624-03-30,running_header,high,"MARCI! 30, 1624 473"
V04-P0482,4,1624-03-30,1624-04-17,between_headers,medium,474 RECORDS OF THE VIRGINIA COMPANY
V04-P0483,4,1624-04-17,1624-04-17,running_header,high,"APRIL 17, 1624 475"
V04-P0484,4,1624-04-17,1624-04-28,between_headers,medium,476 RECORDS OF THE VIRGINIA COMPANY
V04-P0485,4,1624-04-17,1624-04-28,between_headers,medium,
V04-P0486,4,1624-04-17,1624-04-28,between_headers,medium,| Pas ae
V04-P0487,4,1624-04-17,1624-04-28,between_headers,medium,
V04-P0488,4,1624-04-17,1624-04-28,between_headers,medium,XVI. Part of “Heads of a Speech” in the House of Commons by
V04-P0489,4,1624-04-28,1624-04-28,running_header,high,"APRIL 28, 1624 ‘ATT"
V04-P0490,4,1624-04-28,1624-05-01,between_headers,medium,478 RECORDS OF THE VIRGINIA COMPANY
V04-P0491,4,1624-05-01,1624-05-31,running_header,high,MAY 1624 479
V04-P0492,4,1624-05-31,1624-06-14,between_headers,medium,480 RECORDS OF THE VIRGINIA COMPANY
V04-P0493,4,1624-05-12,1624-05-12,running_header,low,"MAY 12, 1624 481"
V04-P0494,4,1624-05-31,1624-06-14,between_headers,medium,482 RECORDS OF THE VIRGINIA COMPANY
V04-P0495,4,1624-06-14,1624-06-14,running_header,high,"JUNE 14, 1624 483"
V04-P0496,4,1624-06-14,1624-06-22,between_headers,medium,484 RECORDS OF THE VIRGINIA COMPANY
V04-P0497,4,1624-06-22,1624-06-22,running_header,high,"JUNE 22, 1624 485"
V04-P0498,4,1624-06-22,1624-06-26,between_headers,medium,486 RECORDS OF THE VIRGINIA COMPANY
V04-P0499,4,1624-06-26,1624-06-26,running_header,high,"JUNE 26, 1624 487"
V04-P0500,4,1624-06-26,1624-07-12,between_headers,medium,488 RECORDS OF THE VIRGINIA COMPANY
V04-P0501,4,1624-07-12,1624-07-12,running_header,high,"JULY 12, 1624 489"
V04-P0502,4,1624-07-12,1624-07-15,between_headers,medium,490 RECORDS OF THE VIRGINIA COMPANY
V04-P0503,4,1624-07-15,1624-07-15,running_header,high,"JULY 15, 1624 491"
V04-P0504,4,1624-07-15,1624-07-15,inherited,medium,492 RECORDS OF THE VIRGINIA COMPANY
V04-P0505,4,1624-07-15,1624-07-15,running_header,high,"JULY 15, 1624 493"
V04-P0506,4,1624-07-15,1624-07-15,inherited,medium,404 RECORDS OF THE VIRGINIA COMPANY
V04-P0507,4,1624-07-15,1624-07-15,running_header,high,"JULY 15, 1624 495"
V04-P0508,4,1624-07-15,1624-07-16,between_headers,medium,496 RECORDS OF THE VIRGINIA COMPANY
V04-P0509,4,1624-07-16,1624-07-16,running_header,high,"JULY 16, 1624 497"
V04-P0510,4,1624-07-16,1624-07-16,inherited,medium,498 RECORDS OF THE VIRGINIA COMPANY
V04-P0511,4,1624-07-16,1624-07-16,running_header,high,"JULY 16, 1624 A499"
V04-P0512,4,1624-07-16,1624-08-26,between_headers,low,500 RECORDS OF THE VIRGINIA COMPANY
V04-P0513,4,1624-08-26,1624-08-26,running_header,high,"AUGUST 26, 1624 501"
V04-P0514,4,1624-08-26,1624-08-26,inherited,medium,502 RECORDS OF THE VIRGINIA COMPANY
V04-P0515,4,1624-08-26,1624-08-26,running_header,high,"AUGUST 26, 1624 503"
V04-P0516,4,1624-08-26,1624-10-28,between_headers,low,"PSe Pe Waatt,"
V04-P0517,4,1624-10-28,1624-10-28,running_header,high,"OCTOBER 28, 1624 505"
V04-P0518,4,1624-10-28,1624-12-02,between_headers,low,506 RECORDS OF THE VIRGINIA COMPANY
V04-P0519,4,1624-12-02,1624-12-02,running_header,high,"DECEMBER 2, 1624 507"
V04-P0520,4,1624-12-02,1625-01-10,between_headers,low,508 RECORDS OF THE VIRGINIA COMPANY
V04-P0521,4,1625-01-10,1625-01-10,running_header,high,"JANUARY 10, 1624/5 509"
V04-P0522,4,1625-01-10,1625-02-04,between_headers,medium,510 RECORDS OF THE VIRGINIA COMPANY
V04-P0523,4,1625-02-04,1625-02-04,running_header,high,"FEBRUARY 4, 1624/5 511"
V04-P0524,4,1625-02-04,1625-02-04,inherited,medium,512 RECORDS OF THE VIRGINIA COMPANY
V04-P0525,4,1625-02-04,1625-02-04,running_header,high,"FEBRUARY 4, 1624/5 513"
V04-P0526,4,1625-02-04,1625-02-04,inherited,medium,514 RECORDS OF THE VIRGINIA COMPANY
V04-P0527,4,1625-02-04,1625-02-04,running_header,high,"FEBRUARY 4, 1624/5 515"
V04-P0528,4,1625-02-04,1625-04-01,between_headers,low,516 RECORDS OF THE VIRGINIA COMPANY
V04-P0529,4,1625-02-04,1625-04-01,between_headers,low,"FEBRUARY 4, 1624]5 517"
V04-P0530,4,1625-02-04,1625-04-01,between_headers,low,518 RECORDS OF THE VIRGINIA COMPANY
V04-P0531,4,1625-04-01,1625-04-30,running_header,high,"APRIL (?), 1625 519"
V04-P0532,4,1625-04-01,1625-04-30,between_headers,medium,520 RECORDS OF THE VIRGINIA COMPANY
V04-P0533,4,1625-04-01,1625-04-30,running_header,high,"APRIL (?), 1625 §21"
V04-P0534,4,1625-04-30,1626-04-01,between_headers,low,522 RECORDS OF THE VIRGINIA COMPANY
V04-P0535,4,1625-04-01,1625-04-30,running_header,low,"APRIL(?), 1625 523"
V04-P0536,4,1625-04-30,1626-04-01,between_headers,low,524 RECORDS OF THE VIRGINIA COMPANY
V04-P0537,4,1626-04-01,1626-04-30,running_header,high,"APRIL (?), 1626 525"
V04-P0538,4,1625-04-01,1626-04-30,between_headers,low,526 RECORDS OF THE VIRGINIA COMPANY
V04-P0539,4,1625-04-01,1625-04-30,running_header,high,"APRIL (?), 1625 527"
V04-P0540,4,1625-04-30,1626-04-01,between_headers,low,b28 RECORDS OF THI VIRGINIA COMPANY
V04-P0541,4,1625-04-07,1625-04-07,running_header,low,"APRIL (7), 1625 52u"
V04-P0542,4,1625-04-30,1626-04-01,between_headers,low,530 RECORDS OF TIE VIRGINLA COMPANY
V04-P0543,4,1626-04-01,1626-04-30,running_header,high,"APRIL (?), 1626 531"
V04-P0544,4,1626-04-01,1626-04-30,between_headers,medium,532 RECORDS OF THE VIRGINIA COMPANY
V04-P0545,4,1626-04-01,1626-04-30,running_header,high,"APRIL (?), 1626 533"
V04-P0546,4,1625-04-01,1626-04-30,between_headers,low,534 RECORDS OF THE VIRGINLA COMPANY
V04-P0547,4,1625-04-01,1625-04-30,running_header,high,"APRIL (?), 1625 535"
V04-P0548,4,1625-04-01,1625-04-30,between_headers,medium,536 RECORDS OF THE VIRGINIA COMPANY
V04-P0549,4,1625-04-01,1625-04-30,running_header,high,"APRIL (?), 1625 537"
V04-P0550,4,1625-04-01,1625-04-30,between_headers,medium,538 RECORDS OF THE VIRGINIA COMPANY
V04-P0551,4,1625-04-01,1625-04-30,running_header,high,"APRIL (?), 1625 539"
V04-P0552,4,1625-04-01,1625-04-30,between_headers,medium,540 RECORDS OF THE VIRGINIA COMPANY
V04-P0553,4,1625-04-01,1625-04-30,running_header,high,"APRIL (?), 1625 541"
V04-P0554,4,1625-04-01,1625-04-30,between_headers,medium,542 RECORDS OF Ube VIRGINEA COMPANY
V04-P0555,4,1625-04-01,1625-04-30,running_header,high,"APRIL (?), 1625 543"
V04-P0556,4,1625-04-01,1625-04-30,between_headers,medium,544 RECORDS OF THE VIRGINIA COMPANY
V04-P0557,4,1625-04-01,1625-04-30,running_header,high,"APRIL (?), 1625 545"
V04-P0558,4,1625-04-01,1625-04-30,between_headers,medium,546 RECORDS OF THE VIRGINIA COMPANY
V04-P0559,4,1625-04-01,1625-04-30,running_header,high,"APRIL (?), 1625 547"
V04-P0560,4,1625-04-30,1625-05-01,between_headers,medium,548 RECORDS OF THE VIRGINIA COMPANY
V04-P0561,4,1625-04-01,1625-04-30,running_header,low,"APRIL (?), 1625 549"
V04-P0562,4,1625-04-30,1625-05-01,between_headers,medium,550 RECORDS OF THE VIRGINIA COMPANY
V04-P0563,4,1626-05-01,1626-05-31,running_header,low,"MAY, 1626 681"
V04-P0564,4,1625-04-30,1625-05-01,between_headers,medium,552 RECORDS OF THE VIRGINIA COMPANY
V04-P0565,4,1625-05-01,1625-05-31,running_header,high,"MAY, 1625"
V04-P0566,4,1625-05-31,1625-06-15,between_headers,medium,554 RECORDS OF THE VIRGINIA COMPANY
V04-P0567,4,1625-05-01,1625-05-31,running_header,low,"MAY, 1625 555"
V04-P0568,4,1625-05-31,1625-06-15,between_headers,medium,556 RECORDS OF THE VIRGINIA COMPANY
V04-P0569,4,1625-05-31,1625-06-15,between_headers,medium,M' W™ Claybourne
V04-P0570,4,1625-05-31,1625-06-15,between_headers,medium,558 RECORDS OF THE VIRGINIA COMPANY
V04-P0571,4,1625-06-15,1625-06-15,running_header,high,"JUNE 15, 1625 559"
V04-P0572,4,1625-06-15,1625-06-15,inherited,medium,560 RECORDS OF THE VIRGINIA COMPANY
V04-P0573,4,1625-06-15,1625-06-15,running_header,high,"JUNE 15, 1625 561"
V04-P0574,4,1625-06-15,1626-06-16,between_headers,low,562 RECORDS OF THE VIRGINIA COMPANY
V04-P0575,4,1626-06-18,1626-06-18,running_header,low,"JUNE 18, 1626 563"
V04-P0576,4,1625-06-15,1626-06-16,between_headers,low,564 RECORDS OF THE VIRGINIA COMPANY
V04-P0577,4,1626-06-16,1626-06-16,running_header,high,"JUNE 16, 1626 565"
V04-P0578,4,1626-01-04,1626-06-16,between_headers,low,566 RECORDS OF THE VIRGINIA COMPANY
V04-P0579,4,1626-01-04,1626-01-04,running_header,high,"JANUARY 4, 1625/6 567"
V04-P0580,4,1626-01-04,1626-01-04,inherited,medium,568 RECORDS OF THE VIRGINIA COMPANY
V04-P0581,4,1626-01-04,1626-01-04,running_header,high,"JANUARY 4, 1625/6 569"
V04-P0582,4,1626-01-04,1626-04-06,between_headers,low,570 RECORDS OF THE VIRGINIA COMPANY
V04-P0583,4,1626-04-06,1626-04-06,running_header,high,"APRIL 6, 1626 571"
V04-P0584,4,1626-04-06,1626-04-06,inherited,medium,572 RECORDS OF THE VIRGINIA COMPANY
V04-P0585,4,1626-04-06,1626-04-06,running_header,high,"APRIL 6, 1626 573"
V04-P0586,4,1623-05-09,1626-04-06,between_headers,low,574 RECORDS OF THE VIRGINIA COMPANY
V04-P0587,4,1623-05-09,1626-04-06,between_headers,low,Addenda
V04-P0588,4,1623-05-09,1626-04-06,between_headers,low,576 RECORDS OF THE VIRGINIA COMPANY
V04-P0589,4,1623-05-09,1623-05-09,running_header,high,"MAY 9, 1623 577"
V04-P0590,4,1623-05-09,1624-03-06,between_headers,low,578 RECORDS OF THE VIRGINIA COMPANY
V04-P0591,4,1623-03-01,1623-03-31,running_header,low,"MARCH &, 16283 579"
V04-P0592,4,1623-05-09,1624-03-06,between_headers,low,580 RECORDS OF THIE VIRGINIA COMPANY
V04-P0593,4,1623-05-09,1624-03-06,between_headers,low,"ALARCH 5, 1628/4 581"
V04-P0594,4,1623-05-09,1624-03-06,between_headers,low,582 RECORDS OF TRE VIRGINIA COMPANY
V04-P0595,4,1624-03-06,1624-03-06,running_header,high,"MARCH 6, 1628/4 583"
V04-P0596,4,1624-03-06,1624-03-06,inherited,medium,584 RECORDS OF THE VIRGINIA COMPANY
V04-P0597,4,1624-03-06,1624-03-06,running_header,high,"MARCH 6, 1623/4 585"
V04-P0598,4,1624-03-06,1624-03-06,inherited,medium,
V04-P0599,4,1624-03-06,1624-03-06,inherited,medium,Hudex
V04-P0600,4,1624-03-06,1624-03-06,inherited,medium,588 INDEX
V04-P0601,4,1624-03-06,1624-03-06,inherited,medium,INDEX
V04-P0602,4,1624-03-06,1624-03-06,inherited,medium,590 INDEX
V04-P0603,4,1624-03-06,1624-03-06,inherited,medium,"Bowyer, Sir Edmond (Bowyear), 157."
V04-P0604,4,1624-03-06,1624-03-06,inherited,medium,592
V04-P0605,4,1624-03-06,1624-03-06,inherited,medium,INDEX 593
V04-P0606,4,1624-03-06,1624-03-06,inherited,medium,594
V04-P0607,4,1624-03-06,1624-03-06,inherited,medium,INDEX
V04-P0608,4,1624-03-06,1624-03-06,inherited,medium,596
V04-P0609,4,1624-03-06,1624-03-06,inherited,medium,INDEX
V04-P0610,4,1624-03-06,1624-03-06,inherited,medium,Commodities—Continued.
V04-P0611,4,1624-03-06,1624-03-06,inherited,medium,INDEX
V04-P0612,4,1624-03-06,1624-03-06,inherited,medium,600
V04-P0613,4,1624-03-06,1624-03-06,inherited,medium,INDEX
V04-P0614,4,1624-03-06,1624-03-06,inherited,medium,602
V04-P0615,4,1624-03-06,1624-03-06,inherited,medium,INDEX
V04-P0616,4,1624-03-06,1624-03-06,inherited,medium,604
V04-P0617,4,1624-03-06,1624-03-06,inherited,medium,INDEX
V04-P0618,4,1624-03-06,1624-03-06,inherited,medium,606
V04-P0619,4,1624-03-06,1624-03-06,inherited,medium,INDEX
V04-P0620,4,1624-03-06,1624-03-06,inherited,medium,608
V04-P0621,4,1624-03-06,1624-03-06,inherited,medium,INDEX
V04-P0622,4,1624-03-06,1624-03-06,inherited,medium,610
V04-P0623,4,1624-03-06,1624-03-06,inherited,medium,INDEX
V04-P0624,4,1624-03-06,1624-03-06,inherited,medium,612
V04-P0625,4,1624-03-06,1624-03-06,inherited,medium,INDEX
V04-P0626,4,1624-03-06,1624-03-06,inherited,medium,614
V04-P0627,4,1624-03-06,1624-03-06,inherited,medium,INDEX
V04-P0628,4,1624-03-06,1624-03-06,inherited,medium,G16
V04-P0629,4,1624-03-06,1624-03-06,inherited,medium,INDEX
V04-P0630,4,1624-03-06,1624-03-06,inherited,medium,618 INDEX
V04-P0631,4,1624-03-06,1624-03-06,inherited,medium,INDEX
