segment_id,page_id,char_start,char_end,date_start,date_end,date_source,confidence,heading
V01-P0001-S01,V01-P0001,0,36,1619-04-28,1619-04-28,inherited,medium,
V01-P0002-S01,V01-P0002,0,0,1619-04-28,1619-04-28,inherited,medium,
V01-P0003-S01,V01-P0003,0,59,1619-04-28,1619-04-28,inherited,medium,
V01-P0003-S02,V01-P0003,59,945,1619-04-28,1619-04-28,meeting_heading,high,A QUARTER CoURT HELD FOR VIRGINIA at S* THomas SMITHS HOWSE IN PHILPOTT Lane 28 of Apr’ 1619 PRESENT
V01-P0004-S01,V01-P0004,0,2459,1619-04-28,1619-04-28,continued_meeting,high,
V01-P0005-S01,V01-P0005,0,1846,1619-04-28,1619-04-28,continued_meeting,high,
V01-P0006-S01,V01-P0006,0,1309,1619-04-28,1619-04-28,continued_meeting,high,
V01-P0007-S01,V01-P0007,0,18,1619-04-28,1619-04-28,continued_meeting,high,
V01-P0007-S02,V01-P0007,18,1565,1619-05-12,1619-05-12,meeting_heading,high,"MAY THE 12 1619 A Court HELD FOR VIRGINIA AT MR. FERRARS HOWSE IN St. SirHes LANE, BEING PRESENT"
V01-P0008-S01,V01-P0008,0,2319,1619-05-12,1619-05-12,continued_meeting,high,
V01-P0009-S01,V01-P0009,0,2317,1619-05-12,1619-05-12,continued_meeting,high,
V01-P0010-S01,V01-P0010,0,857,1619-05-12,1619-05-12,continued_meeting,high,
V01-P0010-S02,V01-P0010,857,1437,1619-05-26,1619-05-26,meeting_heading,high,"MAY THE 26"" 1619 PRESENT"
V01-P0011-S01,V01-P0011,0,2169,1619-05-26,1619-05-26,continued_meeting,high,
V01-P0012-S01,V01-P0012,0,2399,1619-05-26,1619-05-26,continued_meeting,high,
V01-P0013-S01,V01-P0013,0,1644,1619-05-26,1619-05-26,continued_meeting,high,
V01-P0014-S01,V01-P0014,0,58,1619-05-26,1619-05-26,continued_meeting,high,
V01-P0014-S02,V01-P0014,58,1547,1619-05-26,1619-06-07,between_headers; heading_undated,medium,A PREPARATIVE COURT HELD FOR THE VIRGINIA Company AT Mr. ff—eRrRARS Howse In S’ SitHes LANE. PRESENT
V01-P0015-S01,V01-P0015,0,1549,1619-06-07,1619-06-07,running_header,high,
V01-P0016-S01,V01-P0016,0,37,1619-06-07,1619-06-09,between_headers,medium,
V01-P0016-S02,V01-P0016,37,1489,1619-06-09,1619-06-09,meeting_heading,high,IUNE IX 1619 A QUARTER COURT HELD FOR VIRGINIA AT M® FERRARS HOWSE IN S’ SrrHes LANE PRESENT
V01-P0017-S01,V01-P0017,0,2375,1619-06-09,1619-06-09,continued_meeting,high,
V01-P0018-S01,V01-P0018,0,2256,1619-06-09,1619-06-09,continued_meeting,high,
V01-P0019-S01,V01-P0019,0,2040,1619-06-09,1619-06-09,continued_meeting,high,
V01-P0020-S01,V01-P0020,0,1417,1619-06-09,1619-06-09,continued_meeting,high,
V01-P0021-S01,V01-P0021,0,19,1619-06-09,1619-06-09,continued_meeting,high,
V01-P0021-S02,V01-P0021,19,1648,1619-06-14,1619-06-14,meeting_heading,high,IUNE THE 14 1619 PRESENT
V01-P0022-S01,V01-P0022,0,2226,1619-06-14,1619-06-14,continued_meeting,high,
V01-P0023-S01,V01-P0023,0,2284,1619-06-14,1619-06-14,continued_meeting,high,
V01-P0024-S01,V01-P0024,0,2041,1619-06-14,1619-06-14,continued_meeting,high,
V01-P0025-S01,V01-P0025,0,433,1619-06-14,1619-06-14,continued_meeting,high,
V01-P0025-S02,V01-P0025,433,1520,1619-06-24,1619-06-24,meeting_heading,high,"IUNE THE 24"" 1619 PRESENT"
V01-P0026-S01,V01-P0026,0,1868,1619-06-24,1619-06-24,continued_meeting,high,
V01-P0027-S01,V01-P0027,0,1951,1619-06-24,1619-06-24,continued_meeting,high,
V01-P0028-S01,V01-P0028,0,1434,1619-06-24,1619-06-24,continued_meeting,high,
V01-P0029-S01,V01-P0029,0,19,1619-06-24,1619-06-24,continued_meeting,high,
V01-P0029-S02,V01-P0029,19,1648,1619-06-28,1619-06-28,meeting_heading,high,IUNE THE 28 1619 PRESENT
V01-P0030-S01,V01-P0030,0,2356,1619-06-28,1619-06-28,continued_meeting,high,
V01-P0031-S01,V01-P0031,0,2266,1619-06-28,1619-06-28,continued_meeting,high,
V01-P0032-S01,V01-P0032,0,334,1619-06-28,1619-06-28,continued_meeting,high,
V01-P0032-S02,V01-P0032,334,1574,1619-07-07,1619-07-07,meeting_heading,high,IULY THE VIJ 1619 Brena PRESENT
V01-P0033-S01,V01-P0033,0,2303,1619-07-07,1619-07-07,continued_meeting,high,
V01-P0034-S01,V01-P0034,0,1624,1619-07-07,1619-07-07,continued_meeting,high,
V01-P0035-S01,V01-P0035,0,1520,1619-07-07,1619-07-07,continued_meeting,high,
V01-P0036-S01,V01-P0036,0,2625,1619-07-07,1619-07-07,continued_meeting,high,
V01-P0037-S01,V01-P0037,0,2314,1619-07-07,1619-07-07,continued_meeting,high,
V01-P0038-S01,V01-P0038,0,2207,1619-07-07,1619-07-07,continued_meeting,high,
V01-P0039-S01,V01-P0039,0,19,1619-07-07,1619-07-07,continued_meeting,high,
V01-P0039-S02,V01-P0039,19,1205,1619-07-21,1619-07-21,meeting_heading,high,"IULY THE 21% 1619 A Court HELD At M* ffERRARS HOWSE IN St Sytues Lane, BEING PRESENT"
V01-P0040-S01,V01-P0040,0,2248,1619-07-21,1619-07-21,continued_meeting,high,
V01-P0041-S01,V01-P0041,0,2193,1619-07-21,1619-07-21,continued_meeting,high,
V01-P0042-S01,V01-P0042,0,2340,1619-07-21,1619-07-21,continued_meeting,high,
V01-P0043-S01,V01-P0043,0,2079,1619-07-21,1619-07-21,continued_meeting,high,
V01-P0044-S01,V01-P0044,0,1503,1619-07-21,1619-07-21,continued_meeting,high,
V01-P0045-S01,V01-P0045,0,22,1619-10-20,1619-10-20,running_header,high,
V01-P0045-S02,V01-P0045,22,1901,1619-10-20,1619-10-20,meeting_heading,high,OCTOBER THE 20 1619 PRESENT
V01-P0046-S01,V01-P0046,0,2306,1619-10-20,1619-10-20,continued_meeting,high,
V01-P0047-S01,V01-P0047,0,22,1619-10-20,1619-10-20,continued_meeting,high,
V01-P0047-S02,V01-P0047,22,1593,1619-11-03,1619-11-03,meeting_heading,high,NOUEMBER THE THIRD 1619: BEING PRESENT
V01-P0048-S01,V01-P0048,0,2415,1619-11-03,1619-11-03,continued_meeting,high,
V01-P0049-S01,V01-P0049,0,2431,1619-11-03,1619-11-03,continued_meeting,high,
V01-P0050-S01,V01-P0050,0,2396,1619-11-03,1619-11-03,continued_meeting,high,
V01-P0051-S01,V01-P0051,0,1973,1619-11-03,1619-11-03,continued_meeting,high,
V01-P0052-S01,V01-P0052,0,2090,1619-11-03,1619-11-03,continued_meeting,high,
V01-P0053-S01,V01-P0053,0,23,1619-11-03,1619-11-03,continued_meeting,high,
V01-P0053-S02,V01-P0053,23,1365,1619-11-15,1619-11-15,meeting_heading,high,"NOUEMBER THE 15"" 1619 A PREPARATIUE COURT HELD FOR VIRGINIA AT M® ffERRARS HOWSE IN S’ SytTHES LANE. PRESENT"
V01-P0054-S01,V01-P0054,0,2278,1619-11-15,1619-11-15,continued_meeting,high,
V01-P0055-S01,V01-P0055,0,2011,1619-11-15,1619-11-15,continued_meeting,high,
V01-P0056-S01,V01-P0056,0,937,1619-11-15,1619-11-15,continued_meeting,high,
V01-P0057-S01,V01-P0057,0,96,1619-11-15,1619-11-15,continued_meeting,high,
V01-P0057-S02,V01-P0057,96,1374,1619-11-17,1619-11-17,meeting_heading,high,"THE 17"" or NovEMB 1619. WERE PRESENT."
V01-P0058-S01,V01-P0058,0,2157,1619-11-17,1619-11-17,continued_meeting,high,
V01-P0059-S01,V01-P0059,0,2442,1619-11-17,1619-11-17,continued_meeting,high,
V01-P0060-S01,V01-P0060,0,2463,1619-11-17,1619-11-17,continued_meeting,high,
V01-P0061-S01,V01-P0061,0,2285,1619-11-17,1619-11-17,continued_meeting,high,
V01-P0062-S01,V01-P0062,0,2634,1619-11-17,1619-11-17,continued_meeting,high,
V01-P0063-S01,V01-P0063,0,2350,1619-11-17,1619-11-17,continued_meeting,high,
V01-P0064-S01,V01-P0064,0,2634,1619-11-17,1619-11-17,continued_meeting,high,
V01-P0065-S01,V01-P0065,0,2423,1619-11-17,1619-11-17,continued_meeting,high,
V01-P0066-S01,V01-P0066,0,1007,1619-11-17,1619-11-17,continued_meeting,high,
V01-P0066-S02,V01-P0066,1007,1761,1619-11-22,1619-11-22,meeting_heading,high,AN EXTRAORDINARY COURTE HELDE THE xxij™ or NOVEMBER 1619: PRESENT.
V01-P0067-S01,V01-P0067,0,2543,1619-11-22,1619-11-22,continued_meeting,high,
V01-P0068-S01,V01-P0068,0,551,1619-11-22,1619-11-22,continued_meeting,high,
V01-P0068-S02,V01-P0068,551,1714,1619-12-01,1619-12-01,meeting_heading,high,DECEMBER Y° FIRST 1619. PRESENT.
V01-P0069-S01,V01-P0069,0,2495,1619-12-01,1619-12-01,continued_meeting,high,
V01-P0070-S01,V01-P0070,0,2569,1619-12-01,1619-12-01,continued_meeting,high,
V01-P0071-S01,V01-P0071,0,1284,1619-12-01,1619-12-01,continued_meeting,high,
V01-P0072-S01,V01-P0072,0,37,1619-12-01,1619-12-01,continued_meeting,high,
V01-P0072-S02,V01-P0072,37,1097,1619-12-01,1619-12-15,between_headers; heading_undated,medium,DECEMBER—THE XV PRESENT
V01-P0073-S01,V01-P0073,0,82,1619-12-01,1619-12-15,between_headers,medium,
V01-P0074-S01,V01-P0074,0,0,1619-12-01,1619-12-15,between_headers,medium,
V01-P0075-S01,V01-P0075,0,1613,1619-12-01,1619-12-15,between_headers,medium,
V01-P0076-S01,V01-P0076,0,0,1619-12-01,1619-12-15,between_headers,medium,
V01-P0077-S01,V01-P0077,0,2670,1619-12-15,1619-12-15,running_header,high,
V01-P0078-S01,V01-P0078,0,2707,1619-12-15,1619-12-23,between_headers,medium,
V01-P0079-S01,V01-P0079,0,2864,1619-12-16,1619-12-16,running_header,low,
V01-P0080-S01,V01-P0080,0,2374,1619-12-15,1619-12-23,between_headers,medium,
V01-P0081-S01,V01-P0081,0,2557,1619-12-15,1619-12-15,running_header,low,
V01-P0082-S01,V01-P0082,0,2496,1619-12-15,1619-12-23,between_headers,medium,
V01-P0083-S01,V01-P0083,0,2149,1619-12-16,1619-12-16,running_header,low,
V01-P0084-S01,V01-P0084,0,609,1619-12-15,1619-12-23,between_headers,medium,
V01-P0084-S02,V01-P0084,609,1718,1619-12-23,1619-12-23,meeting_heading,high,"DECEMBER, Y° 23: 1619 PRESENT."
V01-P0085-S01,V01-P0085,0,2118,1619-12-23,1619-12-23,continued_meeting,high,
V01-P0086-S01,V01-P0086,0,37,1619-12-23,1619-12-23,continued_meeting,high,
V01-P0086-S02,V01-P0086,37,1688,1620-01-08,1620-01-08,meeting_heading,high,JANUARY Ye VILJ 1619 PRESENT.
V01-P0087-S01,V01-P0087,0,2293,1620-01-08,1620-01-08,continued_meeting,high,
V01-P0088-S01,V01-P0088,0,37,1620-01-08,1620-01-08,continued_meeting,high,
V01-P0088-S02,V01-P0088,37,2006,1620-01-12,1620-01-12,meeting_heading,high,TANUARY Ye: 12; 1619 PRESENT.
V01-P0089-S01,V01-P0089,0,2474,1620-01-12,1620-01-12,continued_meeting,high,
V01-P0090-S01,V01-P0090,0,2478,1620-01-12,1620-01-12,continued_meeting,high,
V01-P0091-S01,V01-P0091,0,1832,1620-01-12,1620-01-12,continued_meeting,high,
V01-P0092-S01,V01-P0092,0,210,1620-01-12,1620-01-12,continued_meeting,high,
V01-P0092-S02,V01-P0092,210,1721,1620-01-12,1620-02-02,between_headers; heading_undated,medium,PRESENT.
V01-P0093-S01,V01-P0093,0,2463,1620-01-26,1620-01-26,running_header,low,
V01-P0094-S01,V01-P0094,0,545,1620-01-12,1620-02-02,between_headers,medium,
V01-P0094-S02,V01-P0094,545,1592,1620-01-12,1620-02-02,between_headers; heading_undated,medium,A PREPARATIUE COURTE HELD FOR VIRGINIA AT S* Epwin SANDIS HOUSE Y* LAST OF JANUARY ven PRESENT
V01-P0095-S01,V01-P0095,0,2660,1620-01-12,1620-02-02,between_headers,medium,
V01-P0096-S01,V01-P0096,0,2329,1620-01-12,1620-02-02,between_headers,medium,
V01-P0097-S01,V01-P0097,0,154,1620-02-02,1620-02-02,running_header,high,
V01-P0097-S02,V01-P0097,154,1292,1620-02-02,1620-02-02,running_header; heading_undated,high,WERE PRESENT
V01-P0098-S01,V01-P0098,0,2403,1620-02-02,1620-02-02,inherited,medium,
V01-P0099-S01,V01-P0099,0,2354,1620-02-02,1620-02-02,running_header,high,
V01-P0100-S01,V01-P0100,0,2591,1620-02-02,1620-02-02,inherited,medium,
V01-P0101-S01,V01-P0101,0,2967,1620-02-02,1620-02-02,running_header,high,
V01-P0102-S01,V01-P0102,0,3033,1620-02-02,1620-02-16,between_headers,medium,
V01-P0103-S01,V01-P0103,0,2494,1620-02-02,1620-02-02,running_header,low,
V01-P0104-S01,V01-P0104,0,2540,1620-02-02,1620-02-16,between_headers,medium,
V01-P0105-S01,V01-P0105,0,632,1620-02-16,1620-02-16,running_header_old_style,high,
V01-P0105-S02,V01-P0105,632,1645,1620-02-16,1620-02-16,meeting_heading,high,FEBRUARY Ye XVJ® 1619. PRESENT
V01-P0106-S01,V01-P0106,0,2368,1620-02-16,1620-02-16,continued_meeting,high,
V01-P0107-S01,V01-P0107,0,2313,1620-02-16,1620-02-16,continued_meeting,high,
V01-P0108-S01,V01-P0108,0,2301,1620-02-16,1620-02-16,continued_meeting,high,
V01-P0109-S01,V01-P0109,0,23,1620-02-16,1620-02-16,continued_meeting,high,
V01-P0109-S02,V01-P0109,23,1509,1620-02-22,1620-02-22,meeting_heading,medium,FEBRUARY Ye 22 [1619-20}: PRESENT.
V01-P0110-S01,V01-P0110,0,2426,1620-02-22,1620-02-22,continued_meeting,medium,
V01-P0111-S01,V01-P0111,0,1880,1620-02-22,1620-02-22,continued_meeting,medium,
V01-P0112-S01,V01-P0112,0,37,1620-02-22,1620-02-22,continued_meeting,medium,
V01-P0112-S02,V01-P0112,37,1807,1620-03-02,1620-03-02,meeting_heading,high,MARCH Ye SECOND 1619 PRESENT.
V01-P0113-S01,V01-P0113,0,2530,1620-03-02,1620-03-02,continued_meeting,high,
V01-P0114-S01,V01-P0114,0,2264,1620-03-02,1620-03-02,continued_meeting,high,
V01-P0115-S01,V01-P0115,0,897,1620-03-02,1620-03-02,continued_meeting,high,
V01-P0115-S02,V01-P0115,897,1752,1620-03-15,1620-03-15,meeting_heading,high,MARCH THE 15% 1619 PRESENT.
V01-P0116-S01,V01-P0116,0,2538,1620-03-15,1620-03-15,continued_meeting,high,
V01-P0117-S01,V01-P0117,0,2039,1620-03-15,1620-03-15,continued_meeting,high,
V01-P0118-S01,V01-P0118,0,1843,1620-03-15,1620-03-15,continued_meeting,high,
V01-P0119-S01,V01-P0119,0,20,1620-03-15,1620-03-15,continued_meeting,high,
V01-P0119-S02,V01-P0119,20,1677,1620-03-20,1620-03-20,meeting_heading,high,AN EXTRAORDINARY COURTE HELDE THE 20™: of Marcu 1620 PRESENT
V01-P0120-S01,V01-P0120,0,2362,1620-03-20,1620-03-20,continued_meeting,high,
V01-P0121-S01,V01-P0121,0,2646,1620-03-20,1620-03-20,continued_meeting,high,
V01-P0122-S01,V01-P0122,0,185,1620-03-20,1620-03-20,continued_meeting,high,
V01-P0122-S02,V01-P0122,185,1807,1620-03-29,1620-03-29,meeting_heading,high,MARCH Ye—XXIX*: ANNe DOM: 1620 PRESENT.
V01-P0123-S01,V01-P0123,0,908,1620-03-29,1620-03-29,continued_meeting,high,
V01-P0123-S02,V01-P0123,908,1794,1620-03-18,1620-03-18,meeting_heading,high,"A MEETINGE OF COMITTEES HELDE AT S* THoMAs SMITHE BY ORDER FROM THE VIRGINIA CourTE 18"": Marca 1619 PRESENT."
V01-P0124-S01,V01-P0124,0,2411,1620-03-18,1620-03-18,continued_meeting,high,
V01-P0125-S01,V01-P0125,0,2607,1620-03-18,1620-03-18,continued_meeting,high,
V01-P0126-S01,V01-P0126,0,2368,1620-03-18,1620-03-18,continued_meeting,high,
V01-P0127-S01,V01-P0127,0,814,1620-03-18,1620-03-18,continued_meeting,high,
V01-P0127-S02,V01-P0127,814,1661,1620-04-03,1620-04-03,meeting_heading,high,AN EXTRAORDINARY CoURTE HELD AT S® Epwin Sanpys HOUSE THE 3 OF APRILL 1620 PRESENT.
V01-P0128-S01,V01-P0128,0,2451,1620-04-03,1620-04-03,continued_meeting,high,
V01-P0129-S01,V01-P0129,0,2409,1620-04-03,1620-04-03,continued_meeting,high,
V01-P0130-S01,V01-P0130,0,972,1620-04-03,1620-04-03,continued_meeting,high,
V01-P0130-S02,V01-P0130,972,1532,1620-04-07,1620-04-07,meeting_heading,high,"AN VNPERFECT COURTE HELDE FOR VIRGINIA ATT S* Epwin Sanpys HOWSE YE viJ""™ oF APRILL 1620. PRESENT"
V01-P0131-S01,V01-P0131,0,2075,1620-04-07,1620-04-07,continued_meeting,high,
V01-P0132-S01,V01-P0132,0,2234,1620-04-07,1620-04-07,continued_meeting,high,
V01-P0133-S01,V01-P0133,0,1616,1620-04-07,1620-04-07,continued_meeting,high,
V01-P0134-S01,V01-P0134,0,1323,1620-04-07,1620-04-07,continued_meeting,high,
V01-P0135-S01,V01-P0135,0,2277,1620-04-07,1620-04-07,continued_meeting,high,
V01-P0136-S01,V01-P0136,0,2463,1620-04-07,1620-04-07,continued_meeting,high,
V01-P0137-S01,V01-P0137,0,1759,1620-04-07,1620-04-07,continued_meeting,high,
V01-P0138-S01,V01-P0138,0,275,1620-04-07,1620-04-07,continued_meeting,high,
V01-P0138-S02,V01-P0138,275,1584,1620-05-11,1620-05-15,between_headers; heading_undated,medium,PRESENT.
V01-P0139-S01,V01-P0139,0,2258,1620-05-15,1620-05-15,running_header,high,
V01-P0140-S01,V01-P0140,0,2159,1620-05-15,1620-05-17,between_headers,medium,
V01-P0141-S01,V01-P0141,0,0,1620-05-15,1620-05-17,between_headers,medium,
V01-P0142-S01,V01-P0142,0,22,1620-05-15,1620-05-17,between_headers,medium,
V01-P0143-S01,V01-P0143,0,214,1620-05-15,1620-05-17,between_headers,medium,
V01-P0144-S01,V01-P0144,0,0,1620-05-15,1620-05-17,between_headers,medium,
V01-P0145-S01,V01-P0145,0,18,1620-05-17,1620-05-17,running_header,high,
V01-P0145-S02,V01-P0145,18,1289,1620-05-17,1620-05-17,meeting_heading,high,A QuartTER CoURTE HELD FoR VIRGINIA AT M* FERRARS IN S* Sitges LANE THE 17™ oF May 1620 PRESENT
V01-P0146-S01,V01-P0146,0,1511,1620-05-17,1620-05-17,continued_meeting,high,
V01-P0147-S01,V01-P0147,0,2176,1620-05-17,1620-05-17,continued_meeting,high,
V01-P0148-S01,V01-P0148,0,2284,1620-05-17,1620-05-17,continued_meeting,high,
V01-P0149-S01,V01-P0149,0,2553,1620-05-17,1620-05-17,continued_meeting,high,
V01-P0150-S01,V01-P0150,0,2281,1620-05-17,1620-05-17,continued_meeting,high,
V01-P0151-S01,V01-P0151,0,2140,1620-05-17,1620-05-17,continued_meeting,high,
V01-P0152-S01,V01-P0152,0,1860,1620-05-17,1620-05-17,continued_meeting,high,
V01-P0153-S01,V01-P0153,0,1923,1620-05-17,1620-05-17,continued_meeting,high,
V01-P0154-S01,V01-P0154,0,1678,1620-05-17,1620-05-17,continued_meeting,high,
V01-P0155-S01,V01-P0155,0,1666,1620-05-17,1620-05-17,continued_meeting,high,
V01-P0156-S01,V01-P0156,0,2245,1620-05-17,1620-05-17,continued_meeting,high,
V01-P0157-S01,V01-P0157,0,2280,1620-05-17,1620-05-17,continued_meeting,high,
V01-P0158-S01,V01-P0158,0,2372,1620-05-17,1620-05-17,continued_meeting,high,
V01-P0159-S01,V01-P0159,0,21,1620-05-17,1620-05-17,continued_meeting,high,
V01-P0159-S02,V01-P0159,21,1353,1620-05-23,1620-05-23,meeting_heading,medium,AN EXTRAORDINARY COURTE HELDE FOR VIRGINIA Y* 237 or May 1620 PRESENT
V01-P0160-S01,V01-P0160,0,2362,1620-05-23,1620-05-23,continued_meeting,medium,
V01-P0161-S01,V01-P0161,0,2272,1620-05-23,1620-05-23,continued_meeting,medium,
V01-P0162-S01,V01-P0162,0,2341,1620-05-23,1620-05-23,continued_meeting,medium,
V01-P0163-S01,V01-P0163,0,2292,1620-05-23,1620-05-23,continued_meeting,medium,
V01-P0164-S01,V01-P0164,0,838,1620-05-23,1620-05-23,continued_meeting,medium,
V01-P0164-S02,V01-P0164,838,1628,1620-05-31,1620-05-31,meeting_heading,high,A CouUuRTE HELD FOR VIRGINIA THE LAST OF May 1620 PRESENT.
V01-P0165-S01,V01-P0165,0,2244,1620-05-31,1620-05-31,continued_meeting,high,
V01-P0166-S01,V01-P0166,0,2464,1620-05-31,1620-05-31,continued_meeting,high,
V01-P0167-S01,V01-P0167,0,2363,1620-05-31,1620-05-31,continued_meeting,high,
V01-P0168-S01,V01-P0168,0,2256,1620-05-31,1620-05-31,continued_meeting,high,
V01-P0169-S01,V01-P0169,0,19,1620-05-31,1620-05-31,continued_meeting,high,
V01-P0169-S02,V01-P0169,19,1547,1620-06-23,1620-06-23,meeting_heading,high,23 IVNIJS 1620 A CoURTE HELDE PRESENT
V01-P0170-S01,V01-P0170,0,2465,1620-06-23,1620-06-23,continued_meeting,high,
V01-P0171-S01,V01-P0171,0,2447,1620-06-23,1620-06-23,continued_meeting,high,
V01-P0172-S01,V01-P0172,0,2257,1620-06-23,1620-06-23,continued_meeting,high,
V01-P0173-S01,V01-P0173,0,19,1620-06-23,1620-06-23,continued_meeting,high,
V01-P0173-S02,V01-P0173,19,1580,1620-06-26,1620-06-26,meeting_heading,high,26 TUNIS 1620. AT A COURT THEN HELDE WAS PRESENT
V01-P0174-S01,V01-P0174,0,2142,1620-06-26,1620-06-26,continued_meeting,high,
V01-P0175-S01,V01-P0175,0,2307,1620-06-26,1620-06-26,continued_meeting,high,
V01-P0176-S01,V01-P0176,0,2490,1620-06-26,1620-06-26,continued_meeting,high,
V01-P0177-S01,V01-P0177,0,1837,1620-06-26,1620-06-26,continued_meeting,high,
V01-P0178-S01,V01-P0178,0,1081,1620-06-26,1620-06-26,continued_meeting,high,
V01-P0178-S02,V01-P0178,1081,1341,1620-06-27,1620-06-27,meeting_heading,high,A GENERALL QUARTER COURTE HELD IN THE ffORENOONE AT M* FERRARS HOUSE THE XXVIJ™ OF IvNE 1620 PRESENT
V01-P0179-S01,V01-P0179,0,1669,1620-06-27,1620-06-27,continued_meeting,high,
V01-P0180-S01,V01-P0180,0,2109,1620-06-27,1620-06-27,continued_meeting,high,
V01-P0181-S01,V01-P0181,0,1742,1620-06-27,1620-06-27,continued_meeting,high,
V01-P0182-S01,V01-P0182,0,120,1620-06-27,1620-06-27,continued_meeting,high,
V01-P0182-S02,V01-P0182,120,1208,1620-06-28,1620-06-28,inherited; heading_undated,medium,"A GREAT AND GENERALL QUARTER COURTE HELDE IN THE AFTERNOONE AT M* F'ERRARC HOUSE. 28"" Tun 1620: PRESENT"
V01-P0183-S01,V01-P0183,0,2031,1620-06-28,1620-06-28,running_header,high,
V01-P0184-S01,V01-P0184,0,2312,1620-06-28,1620-06-28,inherited,medium,
V01-P0185-S01,V01-P0185,0,2178,1620-06-28,1620-06-28,running_header,high,
V01-P0186-S01,V01-P0186,0,1808,1620-06-28,1620-07-07,between_headers,medium,
V01-P0187-S01,V01-P0187,0,518,1620-07-07,1620-07-07,running_header,high,
V01-P0187-S02,V01-P0187,518,1713,1620-07-07,1620-07-07,running_header; heading_undated,high,A COURTE HELD IN THE AFTERNOONE ATT m® ffERRAR€ HOUSE 7 Ivuiy 1620 THER BEINGE PRESENT
V01-P0188-S01,V01-P0188,0,2076,1620-07-07,1620-07-07,inherited,medium,
V01-P0189-S01,V01-P0189,0,1844,1620-07-07,1620-07-07,running_header,high,
V01-P0190-S01,V01-P0190,0,1641,1620-07-07,1620-07-07,inherited,medium,
V01-P0191-S01,V01-P0191,0,1832,1620-07-07,1620-07-07,running_header,high,
V01-P0192-S01,V01-P0192,0,1521,1620-07-07,1620-07-07,inherited,medium,
V01-P0193-S01,V01-P0193,0,1812,1620-07-07,1620-07-07,inherited,medium,
V01-P0194-S01,V01-P0194,0,2157,1620-07-07,1620-07-07,inherited,medium,
V01-P0195-S01,V01-P0195,0,1705,1620-07-07,1620-07-07,running_header,high,
V01-P0196-S01,V01-P0196,0,1283,1620-07-07,1620-07-07,inherited,medium,
V01-P0197-S01,V01-P0197,0,2342,1620-07-07,1620-07-07,running_header,high,
V01-P0198-S01,V01-P0198,0,2578,1620-07-07,1620-07-12,between_headers,medium,
V01-P0199-S01,V01-P0199,0,355,1620-07-12,1620-07-12,running_header,high,
V01-P0199-S02,V01-P0199,355,1200,1620-06-12,1620-06-12,meeting_heading,high,ATT A GENERALL COURTE HELDE IN THE AFTERNOONE FOR VIRGINIA THE 12™ Ivunis 1620 PRESENT
V01-P0200-S01,V01-P0200,0,2357,1620-06-12,1620-06-12,continued_meeting,high,
V01-P0201-S01,V01-P0201,0,2265,1620-06-12,1620-06-12,continued_meeting,high,
V01-P0202-S01,V01-P0202,0,2416,1620-06-12,1620-06-12,continued_meeting,high,
V01-P0203-S01,V01-P0203,0,2217,1620-06-12,1620-06-12,continued_meeting,high,
V01-P0204-S01,V01-P0204,0,2045,1620-06-12,1620-06-12,continued_meeting,high,
V01-P0205-S01,V01-P0205,0,20,1620-06-12,1620-06-12,continued_meeting,high,
V01-P0205-S02,V01-P0205,20,946,1620-07-18,1620-07-18,running_header; heading_undated,high,AN EXTRAORDINARY COURTE HELDE 18™ luni 1620 THER BEINGE PRESENT.
V01-P0206-S01,V01-P0206,0,2459,1620-07-18,1620-07-18,inherited,medium,
V01-P0207-S01,V01-P0207,0,2251,1620-07-18,1620-07-18,running_header,high,
V01-P0208-S01,V01-P0208,0,1693,1620-07-18,1620-11-04,between_headers,low,
V01-P0209-S01,V01-P0209,0,22,1620-11-04,1620-11-04,running_header,high,
V01-P0209-S02,V01-P0209,22,1490,1620-11-04,1620-11-04,meeting_heading,high,Art A CoURTE HELDE y® 4™ or NOUEMBER 1620 PRESENT
V01-P0210-S01,V01-P0210,0,2509,1620-11-04,1620-11-04,continued_meeting,high,
V01-P0211-S01,V01-P0211,0,2482,1620-11-04,1620-11-04,continued_meeting,high,
V01-P0212-S01,V01-P0212,0,2138,1620-11-04,1620-11-04,continued_meeting,high,
V01-P0213-S01,V01-P0213,0,2155,1620-11-04,1620-11-04,continued_meeting,high,
V01-P0214-S01,V01-P0214,0,2261,1620-11-04,1620-11-04,continued_meeting,high,
V01-P0215-S01,V01-P0215,0,593,1620-11-04,1620-11-04,continued_meeting,high,
V01-P0215-S02,V01-P0215,593,1539,1620-11-13,1620-11-13,meeting_heading,high,"A PREPARATIVE COURTE HELD xy"" 13™ oF NOUEMBER 1620 PRESENT"
V01-P0216-S01,V01-P0216,0,2298,1620-11-13,1620-11-13,continued_meeting,high,
V01-P0217-S01,V01-P0217,0,2261,1620-11-13,1620-11-13,continued_meeting,high,
V01-P0218-S01,V01-P0218,0,2097,1620-11-13,1620-11-13,continued_meeting,high,
V01-P0219-S01,V01-P0219,0,2103,1620-11-13,1620-11-13,continued_meeting,high,
V01-P0220-S01,V01-P0220,0,1867,1620-11-13,1620-11-13,continued_meeting,high,
V01-P0221-S01,V01-P0221,0,23,1620-11-13,1620-11-13,continued_meeting,high,
V01-P0221-S02,V01-P0221,23,1338,1620-11-15,1620-11-15,meeting_heading,high,ATT A QUARTER COURTE HELDE FOR VIRGINTA THE 15™ OF NovEMBER 1620. PRESENT
V01-P0222-S01,V01-P0222,0,2467,1620-11-15,1620-11-15,continued_meeting,high,
V01-P0223-S01,V01-P0223,0,2486,1620-11-15,1620-11-15,continued_meeting,high,
V01-P0224-S01,V01-P0224,0,2475,1620-11-15,1620-11-15,continued_meeting,high,
V01-P0225-S01,V01-P0225,0,2723,1620-11-15,1620-11-15,continued_meeting,high,
V01-P0226-S01,V01-P0226,0,2610,1620-11-15,1620-11-15,continued_meeting,high,
V01-P0227-S01,V01-P0227,0,2374,1620-11-15,1620-11-15,continued_meeting,high,
V01-P0228-S01,V01-P0228,0,2356,1620-11-15,1620-11-15,continued_meeting,high,
V01-P0229-S01,V01-P0229,0,780,1620-11-15,1620-11-15,continued_meeting,high,
V01-P0229-S02,V01-P0229,780,1561,1620-12-13,1620-12-13,meeting_heading,high,"Att A COURTE HELDE IN Y” AFTERNOONE y"" 13 or DECEMBER 1620; PRESENT."
V01-P0230-S01,V01-P0230,0,2523,1620-12-13,1620-12-13,continued_meeting,high,
V01-P0231-S01,V01-P0231,0,2389,1620-12-13,1620-12-13,continued_meeting,high,
V01-P0232-S01,V01-P0232,0,2849,1620-12-13,1620-12-13,continued_meeting,high,
V01-P0233-S01,V01-P0233,0,2302,1620-12-13,1620-12-13,continued_meeting,high,
V01-P0234-S01,V01-P0234,0,2132,1620-12-13,1620-12-13,continued_meeting,high,
V01-P0235-S01,V01-P0235,0,22,1621-01-29,1621-01-29,running_header_old_style,high,
V01-P0235-S02,V01-P0235,22,1344,1621-01-29,1621-01-29,running_header_old_style; heading_undated,high,A PREPARATIVE COURT HELD THE 29 IANUA: PRESENT
V01-P0236-S01,V01-P0236,0,2320,1621-01-29,1621-01-29,inherited,medium,
V01-P0237-S01,V01-P0237,0,989,1621-01-29,1621-01-29,running_header_old_style,high,
V01-P0237-S02,V01-P0237,989,1566,1621-01-29,1621-01-29,running_header_old_style; heading_undated,high,A GENERALL QUARTER CoURT HELD FOR VIRGINIA VLTIMO [anvuaRIs 1620: PRESENT
V01-P0238-S01,V01-P0238,0,2042,1621-01-29,1621-01-29,inherited,medium,
V01-P0239-S01,V01-P0239,0,2035,1621-01-29,1621-01-29,running_header_old_style,high,
V01-P0240-S01,V01-P0240,0,2563,1621-01-29,1621-02-22,between_headers,medium,
V01-P0241-S01,V01-P0241,0,184,1621-02-22,1621-02-22,running_header_old_style,high,
V01-P0241-S02,V01-P0241,184,1805,1621-02-22,1621-02-22,meeting_heading,high,AN EXTRAORDINARY COURT HELD FOR VIRGINIA 22: FEBRUARI 1620: PRESENT
V01-P0242-S01,V01-P0242,0,2403,1621-02-22,1621-02-22,continued_meeting,high,
V01-P0243-S01,V01-P0243,0,2234,1621-02-22,1621-02-22,continued_meeting,high,
V01-P0244-S01,V01-P0244,0,1050,1621-02-22,1621-02-22,continued_meeting,high,
V01-P0244-S02,V01-P0244,1050,1531,1621-04-12,1621-04-12,meeting_heading,high,AT A COURT HELD FOR VIRGINIA THE 12 or APRILL 1621: PRESENT.
V01-P0245-S01,V01-P0245,0,2335,1621-04-12,1621-04-12,continued_meeting,high,
V01-P0246-S01,V01-P0246,0,2503,1621-04-12,1621-04-12,continued_meeting,high,
V01-P0247-S01,V01-P0247,0,2492,1621-04-12,1621-04-12,continued_meeting,high,
V01-P0248-S01,V01-P0248,0,1977,1621-04-12,1621-04-12,continued_meeting,high,
V01-P0249-S01,V01-P0249,0,2293,1621-04-12,1621-04-12,continued_meeting,high,
V01-P0250-S01,V01-P0250,0,2483,1621-04-12,1621-04-12,continued_meeting,high,
V01-P0251-S01,V01-P0251,0,2433,1621-04-12,1621-04-12,continued_meeting,high,
V01-P0252-S01,V01-P0252,0,1258,1621-04-12,1621-04-12,continued_meeting,high,
V01-P0252-S02,V01-P0252,1258,1638,1621-04-30,1621-04-30,meeting_heading,high,30: Apritis 1621: PRESENT:
V01-P0253-S01,V01-P0253,0,2268,1621-04-30,1621-04-30,continued_meeting,high,
V01-P0254-S01,V01-P0254,0,2360,1621-04-30,1621-04-30,continued_meeting,high,
V01-P0255-S01,V01-P0255,0,2328,1621-04-30,1621-04-30,continued_meeting,high,
V01-P0256-S01,V01-P0256,0,2555,1621-04-30,1621-04-30,continued_meeting,high,
V01-P0257-S01,V01-P0257,0,2340,1621-04-30,1621-04-30,continued_meeting,high,
V01-P0258-S01,V01-P0258,0,2298,1621-04-30,1621-04-30,continued_meeting,high,
V01-P0259-S01,V01-P0259,0,2188,1621-04-30,1621-04-30,continued_meeting,high,
V01-P0260-S01,V01-P0260,0,2295,1621-04-30,1621-04-30,continued_meeting,high,
V01-P0261-S01,V01-P0261,0,1993,1621-04-30,1621-04-30,continued_meeting,high,
V01-P0262-S01,V01-P0262,0,1946,1621-04-30,1621-04-30,continued_meeting,high,
V01-P0263-S01,V01-P0263,0,725,1621-04-30,1621-04-30,continued_meeting,high,
V01-P0263-S02,V01-P0263,725,1416,1621-05-01,1621-05-31,meeting_heading,high,oF May 1621: PRESENT
V01-P0264-S01,V01-P0264,0,2242,1621-05-01,1621-05-31,continued_meeting,high,
V01-P0265-S01,V01-P0265,0,46,1621-05-01,1621-05-31,continued_meeting,high,
V01-P0266-S01,V01-P0266,0,141,1621-05-01,1621-05-31,continued_meeting,high,
V01-P0267-S01,V01-P0267,0,1357,1621-05-01,1621-05-31,continued_meeting,high,
V01-P0268-S01,V01-P0268,0,0,1621-05-01,1621-05-31,continued_meeting,high,
V01-P0269-S01,V01-P0269,0,2137,1621-05-01,1621-05-31,continued_meeting,high,
V01-P0270-S01,V01-P0270,0,2369,1621-05-01,1621-05-31,continued_meeting,high,
V01-P0271-S01,V01-P0271,0,1623,1621-05-01,1621-05-31,continued_meeting,high,
V01-P0272-S01,V01-P0272,0,1834,1621-05-01,1621-05-31,continued_meeting,high,
V01-P0273-S01,V01-P0273,0,2267,1621-05-01,1621-05-31,continued_meeting,high,
V01-P0274-S01,V01-P0274,0,2269,1621-05-01,1621-05-31,continued_meeting,high,
V01-P0275-S01,V01-P0275,0,2278,1621-05-01,1621-05-31,continued_meeting,high,
V01-P0276-S01,V01-P0276,0,2033,1621-05-01,1621-05-31,continued_meeting,high,
V01-P0277-S01,V01-P0277,0,1946,1621-05-01,1621-05-31,continued_meeting,high,
V01-P0278-S01,V01-P0278,0,2234,1621-05-01,1621-05-31,continued_meeting,high,
V01-P0279-S01,V01-P0279,0,18,1621-05-01,1621-05-31,continued_meeting,high,
V01-P0279-S02,V01-P0279,18,1912,1621-05-12,1621-05-12,meeting_heading,high,ATT AN EXTRAORDINARY COURT HELD FOR VIRGINIA THE 12 oF May 1621 PRESENT
V01-P0280-S01,V01-P0280,0,418,1621-05-12,1621-05-12,continued_meeting,high,
V01-P0280-S02,V01-P0280,418,1891,1621-05-23,1621-05-23,meeting_heading,high,A Court HELD FOR VIRGINIA THE 23°: May 1621; at M*® FERRARS HOUSE: PRESENT
V01-P0281-S01,V01-P0281,0,858,1621-05-23,1621-05-23,continued_meeting,high,
V01-P0281-S02,V01-P0281,858,1341,1621-06-11,1621-06-11,meeting_heading,high,A PREPARATIVE COURT HELD FOR VIRGINIA IN THE AFTERNOONE THE Xj™ OF IvNE 1621. PRESENT.
V01-P0282-S01,V01-P0282,0,2715,1621-06-11,1621-06-11,continued_meeting,high,
V01-P0283-S01,V01-P0283,0,2133,1621-06-11,1621-06-11,continued_meeting,high,
V01-P0284-S01,V01-P0284,0,2487,1621-06-11,1621-06-11,continued_meeting,high,
V01-P0285-S01,V01-P0285,0,2380,1621-06-11,1621-06-11,continued_meeting,high,
V01-P0286-S01,V01-P0286,0,2397,1621-06-11,1621-06-11,continued_meeting,high,
V01-P0287-S01,V01-P0287,0,2175,1621-06-11,1621-06-11,continued_meeting,high,
V01-P0288-S01,V01-P0288,0,1920,1621-06-11,1621-06-11,continued_meeting,high,
V01-P0289-S01,V01-P0289,0,2181,1621-06-11,1621-06-11,continued_meeting,high,
V01-P0290-S01,V01-P0290,0,455,1621-06-11,1621-06-11,continued_meeting,high,
V01-P0290-S02,V01-P0290,455,1492,1621-06-13,1621-06-13,meeting_heading,high,ATT A GREAT AND GENERALL QUARTER COURTE HELDE FOR VIRGINIA THE 13 oF IUNE 1621 PRESENT
V01-P0291-S01,V01-P0291,0,2239,1621-06-13,1621-06-13,continued_meeting,high,
V01-P0292-S01,V01-P0292,0,2408,1621-06-13,1621-06-13,continued_meeting,high,
V01-P0293-S01,V01-P0293,0,2489,1621-06-13,1621-06-13,continued_meeting,high,
V01-P0294-S01,V01-P0294,0,1848,1621-06-13,1621-06-13,continued_meeting,high,
V01-P0295-S01,V01-P0295,0,2286,1621-06-13,1621-06-13,continued_meeting,high,
V01-P0296-S01,V01-P0296,0,2098,1621-06-13,1621-06-13,continued_meeting,high,
V01-P0297-S01,V01-P0297,0,2396,1621-06-13,1621-06-13,continued_meeting,high,
V01-P0298-S01,V01-P0298,0,2495,1621-06-13,1621-06-13,continued_meeting,high,
V01-P0299-S01,V01-P0299,0,2425,1621-06-13,1621-06-13,continued_meeting,high,
V01-P0300-S01,V01-P0300,0,2032,1621-06-13,1621-06-13,continued_meeting,high,
V01-P0301-S01,V01-P0301,0,2237,1621-06-13,1621-06-13,continued_meeting,high,
V01-P0302-S01,V01-P0302,0,731,1621-06-13,1621-06-13,continued_meeting,high,
V01-P0302-S02,V01-P0302,731,1357,1621-06-13,1621-06-25,between_headers; heading_undated,medium,AT A GENERALL COURTE HELDE FOR VIRGINIA THE 25™ Juni 1621 PRESENT.
V01-P0303-S01,V01-P0303,0,2536,1621-06-25,1621-06-25,running_header,high,
V01-P0304-S01,V01-P0304,0,540,1621-06-25,1621-07-02,between_headers,medium,
V01-P0304-S02,V01-P0304,540,1728,1621-06-25,1621-07-02,between_headers; heading_undated,medium,AT AN EXTRAORDINARY COURTE HELDE FOR VIRGINIA y™ 2 Tunas 1621 PRESENT.
V01-P0305-S01,V01-P0305,0,2319,1621-07-02,1621-07-02,running_header,high,
V01-P0306-S01,V01-P0306,0,2244,1621-07-02,1621-07-10,between_headers,medium,
V01-P0307-S01,V01-P0307,0,19,1621-07-10,1621-07-10,running_header,high,
V01-P0307-S02,V01-P0307,19,1202,1621-06-10,1621-06-10,meeting_heading,high,At a COURTE HELDE FOR VIRGINIA THE 10™ Tunis 1621 PRESENT.
V01-P0308-S01,V01-P0308,0,2441,1621-06-10,1621-06-10,continued_meeting,high,
V01-P0309-S01,V01-P0309,0,2352,1621-06-10,1621-06-10,continued_meeting,high,
V01-P0310-S01,V01-P0310,0,2385,1621-06-10,1621-06-10,continued_meeting,high,
V01-P0311-S01,V01-P0311,0,2506,1621-06-10,1621-06-10,continued_meeting,high,
V01-P0312-S01,V01-P0312,0,2468,1621-06-10,1621-06-10,continued_meeting,high,
V01-P0313-S01,V01-P0313,0,1952,1621-06-10,1621-06-10,continued_meeting,high,
V01-P0314-S01,V01-P0314,0,161,1621-06-10,1621-06-10,continued_meeting,high,
V01-P0314-S02,V01-P0314,161,1568,1621-07-10,1621-07-12,between_headers; heading_undated,medium,PRESENT.
V01-P0315-S01,V01-P0315,0,2466,1621-07-12,1621-07-12,running_header,high,
V01-P0316-S01,V01-P0316,0,37,1621-07-12,1621-07-16,between_headers,medium,
V01-P0316-S02,V01-P0316,37,1236,1621-07-16,1621-07-16,meeting_heading,high,"At A CoURTE HELD y"" 16: oF IuLy 1621 m* Deputy. m’ Risley. m’* Roberte. D’‘ Gulstone. m’ Rogers. m'™ Wydowé®. m' Wroth. m'’ Nich: Ferrar. m*’ Baynam. m’ Gibbs. "
V01-P0317-S01,V01-P0317,0,2393,1621-07-16,1621-07-16,continued_meeting,high,
V01-P0318-S01,V01-P0318,0,1948,1621-07-16,1621-07-16,continued_meeting,high,
V01-P0319-S01,V01-P0319,0,2129,1621-07-16,1621-07-16,continued_meeting,high,
V01-P0320-S01,V01-P0320,0,2374,1621-07-16,1621-07-16,continued_meeting,high,
V01-P0321-S01,V01-P0321,0,2442,1621-07-16,1621-07-16,continued_meeting,high,
V01-P0322-S01,V01-P0322,0,2066,1621-07-16,1621-07-16,continued_meeting,high,
V01-P0323-S01,V01-P0323,0,2426,1621-07-16,1621-07-16,continued_meeting,high,
V01-P0324-S01,V01-P0324,0,2366,1621-07-16,1621-07-16,continued_meeting,high,
V01-P0325-S01,V01-P0325,0,1777,1621-07-16,1621-07-16,continued_meeting,high,
V01-P0326-S01,V01-P0326,0,2415,1621-07-16,1621-07-16,continued_meeting,high,
V01-P0327-S01,V01-P0327,0,2447,1621-07-16,1621-07-16,continued_meeting,high,
V01-P0328-S01,V01-P0328,0,946,1621-07-16,1621-07-16,continued_meeting,high,
V01-P0328-S02,V01-P0328,946,1713,1621-07-24,1621-07-27,between_headers; heading_undated,medium,PRESENT
V01-P0329-S01,V01-P0329,0,2245,1621-07-27,1621-07-27,running_header,high,
V01-P0330-S01,V01-P0330,0,38,1621-07-27,1621-10-17,between_headers,low,
V01-P0330-S02,V01-P0330,38,1648,1621-10-15,1621-10-15,meeting_heading,high,"A CoURTE HELDE y"" 15™: oF OcroBER 1621 S' Iohn Dauers. S’ Phillip Cary. S' Hugh Wirrall. m’ Steward. m' Palavicine. m’ Bland. m’ Widdowes. m* Baynam. m' Sewarde"
V01-P0331-S01,V01-P0331,0,962,1621-10-15,1621-10-15,continued_meeting,high,
V01-P0331-S02,V01-P0331,962,1713,1621-10-17,1621-10-17,meeting_heading,high,A CoURTE HELDE THE 17™ oF OCTOBER 1621 m* Deputy. m’ Abra: Chamberlin. m’ Georg Smith. m'‘ Gibbes. m’ Bland. m* Webb. m’ Ro: Smith. m' Whitley. m* Hackett. m‘ N
V01-P0332-S01,V01-P0332,0,2315,1621-10-17,1621-10-17,continued_meeting,high,
V01-P0333-S01,V01-P0333,0,1934,1621-10-17,1621-10-17,continued_meeting,high,
V01-P0334-S01,V01-P0334,0,37,1621-10-17,1621-10-17,continued_meeting,high,
V01-P0334-S02,V01-P0334,37,1839,1621-10-22,1621-10-22,meeting_heading,high,At A COURTE HELDE y* 22™ OcToOBER 1621. S' Phillip Cary. m’ Ayres. m’ Mellinge. m’ Deputy. m’ Swinhoe. m’ George Smith. m' Gibbes. m’ Wyddowes. m’ Penistone. m’
V01-P0335-S01,V01-P0335,0,22,1621-10-22,1621-10-22,continued_meeting,high,
V01-P0335-S02,V01-P0335,22,1707,1621-10-24,1621-10-24,meeting_heading,high,At A CouRTE HELDE y™ 24™: OcToBER 1621. m’ Deputy. m’ Abra: Chamberlyne. m’ Widdowes. m' Gibbs. m’ Berblock. m’ Baynam. Docto: Winstone. m’ Blande. m’ Bolton. m
V01-P0336-S01,V01-P0336,0,2357,1621-10-24,1621-10-24,continued_meeting,high,
V01-P0337-S01,V01-P0337,0,1942,1621-10-24,1621-10-24,continued_meeting,high,
V01-P0338-S01,V01-P0338,0,2055,1621-10-24,1621-10-24,continued_meeting,high,
V01-P0339-S01,V01-P0339,0,2159,1621-10-24,1621-10-24,continued_meeting,high,
V01-P0340-S01,V01-P0340,0,1034,1621-10-24,1621-10-24,continued_meeting,high,
V01-P0340-S02,V01-P0340,1034,1580,1621-10-01,1621-10-31,meeting_heading,high,ATT A COURTE HELDE Y* LASTE OcTOBER 1621 PRESENT.
V01-P0341-S01,V01-P0341,0,2498,1621-10-01,1621-10-31,continued_meeting,high,
V01-P0342-S01,V01-P0342,0,1693,1621-10-01,1621-10-31,continued_meeting,high,
V01-P0342-S02,V01-P0342,1693,1742,1621-10-31,1621-10-31,inherited; heading_undated,medium,Pronspa¥ §Turspay§ THE 30: OctTos: i621 PRESENT
V01-P0342-S03,V01-P0342,1742,1953,1621-10-31,1621-10-31,inherited; heading_undated,medium,PRESENT
V01-P0343-S01,V01-P0343,0,2367,1621-10-31,1621-10-31,running_header,high,
V01-P0344-S01,V01-P0344,0,2148,1621-10-31,1621-10-31,inherited,medium,
V01-P0345-S01,V01-P0345,0,2120,1621-10-31,1621-10-31,running_header,high,
V01-P0346-S01,V01-P0346,0,2036,1621-10-31,1621-10-31,inherited,medium,
V01-P0347-S01,V01-P0347,0,2182,1621-10-31,1621-10-31,running_header,high,
V01-P0348-S01,V01-P0348,0,1940,1621-10-31,1621-11-14,between_headers,medium,
V01-P0349-S01,V01-P0349,0,23,1621-11-14,1621-11-14,running_header,high,
V01-P0349-S02,V01-P0349,23,1790,1621-11-14,1621-11-14,meeting_heading,high,At A Court HELD FOR VIRGINIA THE 14™ oF NOUEMBER i621 PRESENT
V01-P0350-S01,V01-P0350,0,2246,1621-11-14,1621-11-14,continued_meeting,high,
V01-P0351-S01,V01-P0351,0,2126,1621-11-14,1621-11-14,continued_meeting,high,
V01-P0352-S01,V01-P0352,0,1725,1621-11-14,1621-11-14,continued_meeting,high,
V01-P0353-S01,V01-P0353,0,23,1621-11-14,1621-11-14,continued_meeting,high,
V01-P0353-S02,V01-P0353,23,1489,1621-11-19,1621-11-19,meeting_heading,high,A PR#PARATIVE COURT HELD FOR VIRGINIA THE NINETEENTH OF NovurEMBER 1621. || PRESENT||
V01-P0353-S03,V01-P0353,1489,1560,1621-11-19,1621-11-19,running_header; heading_undated,high,"a generall Court held the 10” of Iuly last, and was also authorised by"
V01-P0354-S01,V01-P0354,0,2248,1621-11-19,1621-11-19,inherited,medium,
V01-P0355-S01,V01-P0355,0,2051,1621-11-19,1621-11-19,running_header,high,
V01-P0356-S01,V01-P0356,0,2078,1621-11-19,1621-11-21,between_headers,medium,
V01-P0357-S01,V01-P0357,0,972,1621-11-21,1621-11-21,running_header,high,
V01-P0357-S02,V01-P0357,972,1625,1621-11-21,1621-11-21,meeting_heading,high,AT A GexERAbE-QOeaRFER CourT ||HELD|| FOR VIRGINIA ON WEDENSDAY IN THE FORENOONE THE 21 oF NoUEMBER i621 PRESENT.
V01-P0358-S01,V01-P0358,0,1771,1621-11-21,1621-11-21,continued_meeting,high,
V01-P0359-S01,V01-P0359,0,85,1621-11-21,1621-11-21,continued_meeting,high,
V01-P0359-S02,V01-P0359,85,1622,1621-11-21,1621-11-21,meeting_heading,high,VIRGINIA THE 21 oF NouemB: i621 PRESENT.
V01-P0360-S01,V01-P0360,0,2075,1621-11-21,1621-11-21,continued_meeting,high,
V01-P0361-S01,V01-P0361,0,2296,1621-11-21,1621-11-21,continued_meeting,high,
V01-P0362-S01,V01-P0362,0,2196,1621-11-21,1621-11-21,continued_meeting,high,
V01-P0363-S01,V01-P0363,0,2255,1621-11-21,1621-11-21,continued_meeting,high,
V01-P0364-S01,V01-P0364,0,2367,1621-11-21,1621-11-21,continued_meeting,high,
V01-P0365-S01,V01-P0365,0,1996,1621-11-21,1621-11-21,continued_meeting,high,
V01-P0366-S01,V01-P0366,0,1862,1621-11-21,1621-11-21,continued_meeting,high,
V01-P0367-S01,V01-P0367,0,2206,1621-11-21,1621-11-21,continued_meeting,high,
V01-P0368-S01,V01-P0368,0,2170,1621-11-21,1621-11-21,continued_meeting,high,
V01-P0369-S01,V01-P0369,0,1829,1621-11-21,1621-11-21,continued_meeting,high,
V01-P0370-S01,V01-P0370,0,2279,1621-11-21,1621-11-21,continued_meeting,high,
V01-P0371-S01,V01-P0371,0,2284,1621-11-21,1621-11-21,continued_meeting,high,
V01-P0372-S01,V01-P0372,0,869,1621-11-21,1621-11-21,continued_meeting,high,
V01-P0372-S02,V01-P0372,869,1572,1621-12-04,1621-12-04,meeting_heading,high,AT A CouRT HELD FOR VIRGINIA ON WEDENSDAY THE 4™ DECEMBER 162] m’ Deputy. m’ Wiseman. m’ Cuffe. m'’ Gibbs. m’ Bland. m’ Geo: Smith. m* Wrote. m* Mellinge. m™ We
V01-P0373-S01,V01-P0373,0,1940,1621-12-04,1621-12-04,continued_meeting,high,
V01-P0374-S01,V01-P0374,0,1872,1621-12-04,1621-12-04,continued_meeting,high,
V01-P0375-S01,V01-P0375,0,23,1621-12-04,1621-12-04,continued_meeting,high,
V01-P0375-S02,V01-P0375,23,1378,1621-12-19,1621-12-19,meeting_heading,high,Av A CoURT HELD FOR VIRGINIA THE 19™ oF DECEMBER i621 PRESENT
V01-P0376-S01,V01-P0376,0,1790,1621-12-19,1621-12-19,continued_meeting,high,
V01-P0377-S01,V01-P0377,0,1709,1621-12-19,1621-12-19,continued_meeting,high,
V01-P0378-S01,V01-P0378,0,539,1621-12-19,1621-12-19,continued_meeting,high,
V01-P0378-S02,V01-P0378,539,1369,1621-12-19,1622-01-16,between_headers; heading_undated,medium,AT A COURT HELD FOR VIRGINIA ON WEDENSDAY THE 16 oF [ANUA: 1621 || PRESENT||
V01-P0379-S01,V01-P0379,0,2174,1622-01-16,1622-01-16,running_header,high,
V01-P0380-S01,V01-P0380,0,1878,1622-01-16,1622-01-21,between_headers,medium,
V01-P0381-S01,V01-P0381,0,253,1622-01-21,1622-01-21,running_header,high,
V01-P0381-S02,V01-P0381,253,1520,1622-01-21,1622-01-21,meeting_heading,high,"AT A COURT HOLDEN FOR VIRGINIA THE 21 oF JANUARY 1621 m* Deputy. m’ Wheatly m’. m’ Rogers. m* Gibbes. m’ Bland. m* Meuerell. m* Wroth. m’"" Bromefeild. m’ Cuffe."
V01-P0382-S01,V01-P0382,0,1936,1622-01-21,1622-01-21,continued_meeting,high,
V01-P0383-S01,V01-P0383,0,1306,1622-01-21,1622-01-21,continued_meeting,high,
V01-P0384-S01,V01-P0384,0,2043,1622-01-21,1622-01-21,continued_meeting,high,
V01-P0385-S01,V01-P0385,0,2072,1622-01-21,1622-01-21,continued_meeting,high,
V01-P0386-S01,V01-P0386,0,2017,1622-01-21,1622-01-21,continued_meeting,high,
V01-P0387-S01,V01-P0387,0,1583,1622-01-21,1622-01-21,continued_meeting,high,
V01-P0388-S01,V01-P0388,0,37,1622-01-21,1622-01-21,continued_meeting,high,
V01-P0388-S02,V01-P0388,37,479,1622-01-30,1622-01-30,meeting_heading,high,"AT A QUARTER COURT HELD FOR VIRGINIA THE 30"" oF Januar 1621 m'‘ Deputy. m’ Gibbs. m' Wrote. m' Io: Smith. m’ Ro: Smith. m’ Keightley. m' Nich: ffarrar. m’ Tomli"
V01-P0388-S03,V01-P0388,479,1223,1622-01-28,1622-01-30,between_headers; heading_undated,medium,|| PRESENT||
V01-P0389-S01,V01-P0389,0,1394,1622-01-28,1622-01-30,between_headers,medium,
V01-P0390-S01,V01-P0390,0,2925,1622-01-28,1622-01-30,between_headers,medium,
V01-P0391-S01,V01-P0391,0,2447,1622-01-30,1622-01-30,running_header,high,
V01-P0392-S01,V01-P0392,0,2190,1622-01-30,1622-01-30,inherited,medium,
V01-P0393-S01,V01-P0393,0,2157,1622-01-30,1622-01-30,running_header,high,
V01-P0394-S01,V01-P0394,0,2121,1622-01-30,1622-01-30,inherited,medium,
V01-P0395-S01,V01-P0395,0,2059,1622-01-30,1622-01-30,running_header,high,
V01-P0396-S01,V01-P0396,0,2181,1622-01-30,1622-01-30,inherited,medium,
V01-P0397-S01,V01-P0397,0,2227,1622-01-30,1622-01-30,running_header,high,
V01-P0398-S01,V01-P0398,0,2061,1622-01-30,1622-01-30,inherited,medium,
V01-P0399-S01,V01-P0399,0,2431,1622-01-30,1622-01-30,running_header,high,
V01-P0400-S01,V01-P0400,0,1092,1622-01-30,1622-02-13,between_headers,medium,
V01-P0401-S01,V01-P0401,0,23,1622-02-13,1622-02-13,running_header,high,
V01-P0401-S02,V01-P0401,23,1581,1622-02-13,1622-02-13,meeting_heading,high,At A CoURT HELD FOR VIRGINIA ON WEDENSDAY THE 13™ oF ffEBRUA: 1621 || PRESENT||
V01-P0402-S01,V01-P0402,0,2216,1622-02-13,1622-02-13,continued_meeting,high,
V01-P0403-S01,V01-P0403,0,2177,1622-02-13,1622-02-13,continued_meeting,high,
V01-P0404-S01,V01-P0404,0,2001,1622-02-13,1622-02-13,continued_meeting,high,
V01-P0405-S01,V01-P0405,0,2202,1622-02-13,1622-02-13,continued_meeting,high,
V01-P0406-S01,V01-P0406,0,2163,1622-02-13,1622-02-13,continued_meeting,high,
V01-P0407-S01,V01-P0407,0,2209,1622-02-13,1622-02-13,continued_meeting,high,
V01-P0408-S01,V01-P0408,0,1521,1622-02-13,1622-02-13,continued_meeting,high,
V01-P0409-S01,V01-P0409,0,23,1622-02-13,1622-02-13,continued_meeting,high,
V01-P0409-S02,V01-P0409,23,1330,1622-02-27,1622-02-27,meeting_heading,high,A VIRGINIA CoURT HELD ON WEDENSDAY 27™ oF ffEBRUARY 1621 PRESENT
V01-P0410-S01,V01-P0410,0,2212,1622-02-27,1622-02-27,continued_meeting,high,
V01-P0411-S01,V01-P0411,0,1716,1622-02-27,1622-02-27,continued_meeting,high,
V01-P0412-S01,V01-P0412,0,1650,1622-02-27,1622-02-27,continued_meeting,high,
V01-P0413-S01,V01-P0413,0,2163,1622-02-27,1622-02-27,continued_meeting,high,
V01-P0414-S01,V01-P0414,0,2144,1622-02-27,1622-02-27,continued_meeting,high,
V01-P0415-S01,V01-P0415,0,1638,1622-02-27,1622-02-27,continued_meeting,high,
V01-P0416-S01,V01-P0416,0,39,1622-02-27,1622-02-27,continued_meeting,high,
V01-P0416-S02,V01-P0416,39,859,1622-03-13,1622-03-13,meeting_heading,high,At A COURT HELD FOR VIRGINIA THE i3™ oF Marc# 1621 || PRESENT||
V01-P0417-S01,V01-P0417,0,2364,1622-03-13,1622-03-13,continued_meeting,high,
V01-P0418-S01,V01-P0418,0,2872,1622-03-13,1622-03-13,continued_meeting,high,
V01-P0419-S01,V01-P0419,0,1961,1622-03-13,1622-03-13,continued_meeting,high,
V01-P0420-S01,V01-P0420,0,2145,1622-03-13,1622-03-13,continued_meeting,high,
V01-P0421-S01,V01-P0421,0,2160,1622-03-13,1622-03-13,continued_meeting,high,
V01-P0422-S01,V01-P0422,0,1939,1622-03-13,1622-03-13,continued_meeting,high,
V01-P0423-S01,V01-P0423,0,2039,1622-03-13,1622-03-13,continued_meeting,high,
V01-P0424-S01,V01-P0424,0,73,1622-03-13,1622-03-13,continued_meeting,high,
V01-P0424-S02,V01-P0424,73,1525,1622-03-20,1622-03-20,meeting_heading,high,"HELD ON WEDENSDAY IN THE AFTERNOONE THE 20"" oF Marca i621 \|PRESENT||"
V01-P0425-S01,V01-P0425,0,2366,1622-03-20,1622-03-20,continued_meeting,high,
V01-P0426-S01,V01-P0426,0,794,1622-03-20,1622-03-20,continued_meeting,high,
V01-P0426-S02,V01-P0426,794,1429,1622-03-27,1622-03-27,meeting_heading,high,"At A COURT HELD FOR VIRGINIA ON WEDENSDAY THE 27"" Marcu i622 PRESENT."
V01-P0427-S01,V01-P0427,0,2264,1622-03-27,1622-03-27,continued_meeting,high,
V01-P0428-S01,V01-P0428,0,2139,1622-03-27,1622-03-27,continued_meeting,high,
V01-P0429-S01,V01-P0429,0,760,1622-03-27,1622-03-27,continued_meeting,high,
V01-P0429-S02,V01-P0429,760,1324,1622-04-03,1622-04-03,meeting_heading,high,AN EXTRAORDINARY COURT HELD FOR VIRGINIA ON WEDENSDAY THE 3° oF APRILL 1622 PRESENT
V01-P0430-S01,V01-P0430,0,1752,1622-04-03,1622-04-03,continued_meeting,high,
V01-P0431-S01,V01-P0431,0,20,1622-04-03,1622-04-03,continued_meeting,high,
V01-P0431-S02,V01-P0431,20,1486,1622-04-10,1622-04-10,meeting_heading,high,At A CouRT HELD FOR VIRGINIA THE 10™ DAYE OF APRILL 1622 PRESENT
V01-P0432-S01,V01-P0432,0,2154,1622-04-10,1622-04-10,continued_meeting,high,
V01-P0433-S01,V01-P0433,0,2173,1622-04-10,1622-04-10,continued_meeting,high,
V01-P0434-S01,V01-P0434,0,1847,1622-04-10,1622-04-10,continued_meeting,high,
V01-P0435-S01,V01-P0435,0,17,1622-04-10,1622-04-10,continued_meeting,high,
V01-P0435-S02,V01-P0435,17,1536,1622-05-08,1622-05-08,meeting_heading,high,VIRGINIA COURT HELD THE 8™ oF May i622 PRESENT
V01-P0436-S01,V01-P0436,0,2297,1622-05-08,1622-05-08,continued_meeting,high,
V01-P0437-S01,V01-P0437,0,2138,1622-05-08,1622-05-08,continued_meeting,high,
V01-P0438-S01,V01-P0438,0,2100,1622-05-08,1622-05-08,continued_meeting,high,
V01-P0439-S01,V01-P0439,0,2158,1622-05-08,1622-05-08,continued_meeting,high,
V01-P0440-S01,V01-P0440,0,1830,1622-05-08,1622-05-08,continued_meeting,high,
V01-P0441-S01,V01-P0441,0,0,1622-05-08,1622-05-08,continued_meeting,high,
V01-P0442-S01,V01-P0442,0,0,1622-05-08,1622-05-08,continued_meeting,high,
V01-P0443-S01,V01-P0443,0,0,1622-05-08,1622-05-08,continued_meeting,high,
V01-P0444-S01,V01-P0444,0,4,1622-05-08,1622-05-08,continued_meeting,high,
V01-P0445-S01,V01-P0445,0,0,1622-05-08,1622-05-08,continued_meeting,high,
V01-P0446-S01,V01-P0446,0,0,1622-05-08,1622-05-08,continued_meeting,high,
V01-P0447-S01,V01-P0447,0,0,1622-05-08,1622-05-08,continued_meeting,high,
V01-P0448-S01,V01-P0448,0,1716,1622-05-08,1622-05-08,continued_meeting,high,
V02-P0001-S01,V02-P0001,0,64,1622-05-20,1622-05-20,inherited,medium,
V02-P0001-S02,V02-P0001,64,1068,1622-05-20,1622-05-20,meeting_heading,high,CourT HELD FOR VIRGINIA THE 20™ oF May i622 PRESENT
V02-P0002-S01,V02-P0002,0,2415,1622-05-20,1622-05-20,continued_meeting,high,
V02-P0003-S01,V02-P0003,0,2275,1622-05-20,1622-05-20,continued_meeting,high,
V02-P0004-S01,V02-P0004,0,2100,1622-05-20,1622-05-20,continued_meeting,high,
V02-P0005-S01,V02-P0005,0,2261,1622-05-20,1622-05-20,continued_meeting,high,
V02-P0006-S01,V02-P0006,0,2137,1622-05-20,1622-05-20,continued_meeting,high,
V02-P0007-S01,V02-P0007,0,1999,1622-05-20,1622-05-20,continued_meeting,high,
V02-P0008-S01,V02-P0008,0,2072,1622-05-20,1622-05-20,continued_meeting,high,
V02-P0009-S01,V02-P0009,0,1774,1622-05-20,1622-05-20,continued_meeting,high,
V02-P0010-S01,V02-P0010,0,36,1622-05-20,1622-05-20,continued_meeting,high,
V02-P0010-S02,V02-P0010,36,1774,1622-05-22,1622-05-22,meeting_heading,high,"A GENERALL QUARTER COURT HELD FOR VIRGINIA IN THE FORENOONE THE 22™ oF May 1622 S' Edwin Sandis. m"" Nich: ffarrar. Capt: Bargraue. S' Io: Dauers. m'* John Smith"
V02-P0011-S01,V02-P0011,0,1902,1622-05-22,1622-05-22,continued_meeting,high,
V02-P0012-S01,V02-P0012,0,1251,1622-05-22,1622-05-22,continued_meeting,high,
V02-P0013-S01,V02-P0013,0,428,1622-05-22,1622-05-22,continued_meeting,high,
V02-P0013-S02,V02-P0013,428,1032,1622-05-22,1622-05-22,meeting_heading,high,QUARTER COURT HELD FOR VIRGINIA IN THE AFTERNOONE THE 22 or May 1622 PRESENT
V02-P0014-S01,V02-P0014,0,1458,1622-05-22,1622-05-22,continued_meeting,high,
V02-P0015-S01,V02-P0015,0,2218,1622-05-22,1622-05-22,continued_meeting,high,
V02-P0016-S01,V02-P0016,0,2409,1622-05-22,1622-05-22,continued_meeting,high,
V02-P0017-S01,V02-P0017,0,1614,1622-05-22,1622-05-22,continued_meeting,high,
V02-P0018-S01,V02-P0018,0,1704,1622-05-22,1622-05-22,continued_meeting,high,
V02-P0019-S01,V02-P0019,0,1776,1622-05-22,1622-05-22,continued_meeting,high,
V02-P0020-S01,V02-P0020,0,1898,1622-05-22,1622-05-22,continued_meeting,high,
V02-P0021-S01,V02-P0021,0,2216,1622-05-22,1622-05-22,continued_meeting,high,
V02-P0022-S01,V02-P0022,0,1460,1622-05-22,1622-05-22,continued_meeting,high,
V02-P0023-S01,V02-P0023,0,2203,1622-05-22,1622-05-22,continued_meeting,high,
V02-P0024-S01,V02-P0024,0,1642,1622-05-22,1622-05-22,continued_meeting,high,
V02-P0025-S01,V02-P0025,0,65,1622-05-22,1622-05-22,continued_meeting,high,
V02-P0025-S02,V02-P0025,65,1257,1622-06-06,1622-06-06,running_header; heading_undated,low,PRESENT
V02-P0026-S01,V02-P0026,0,2105,1622-05-22,1622-06-19,between_headers,medium,
V02-P0027-S01,V02-P0027,0,2305,1622-06-05,1622-06-05,running_header,low,
V02-P0028-S01,V02-P0028,0,2270,1622-05-22,1622-06-19,between_headers,medium,
V02-P0029-S01,V02-P0029,0,2144,1622-05-22,1622-06-19,between_headers,medium,
V02-P0030-S01,V02-P0030,0,1828,1622-05-22,1622-06-19,between_headers,medium,
V02-P0031-S01,V02-P0031,0,15,1622-06-19,1622-06-19,running_header,high,
V02-P0031-S02,V02-P0031,15,1262,1622-06-19,1622-06-19,meeting_heading,high,At a Virerta Court ||HELD|| THE 19™ or IunE 1622 PRESENT
V02-P0032-S01,V02-P0032,0,2144,1622-06-19,1622-06-19,continued_meeting,high,
V02-P0033-S01,V02-P0033,0,2100,1622-06-19,1622-06-19,continued_meeting,high,
V02-P0034-S01,V02-P0034,0,2841,1622-06-19,1622-06-19,continued_meeting,high,
V02-P0035-S01,V02-P0035,0,2033,1622-06-19,1622-06-19,continued_meeting,high,
V02-P0036-S01,V02-P0036,0,2705,1622-06-19,1622-06-19,continued_meeting,high,
V02-P0037-S01,V02-P0037,0,0,1622-06-19,1622-06-19,continued_meeting,high,
V02-P0038-S01,V02-P0038,0,0,1622-06-19,1622-06-19,continued_meeting,high,
V02-P0039-S01,V02-P0039,0,163,1622-06-19,1622-06-19,continued_meeting,high,
V02-P0040-S01,V02-P0040,0,0,1622-06-19,1622-06-19,continued_meeting,high,
V02-P0041-S01,V02-P0041,0,2689,1622-06-19,1622-06-19,continued_meeting,high,
V02-P0042-S01,V02-P0042,0,2405,1622-06-19,1622-06-19,continued_meeting,high,
V02-P0043-S01,V02-P0043,0,2793,1622-06-19,1622-06-19,continued_meeting,high,
V02-P0044-S01,V02-P0044,0,3100,1622-06-19,1622-06-19,continued_meeting,high,
V02-P0045-S01,V02-P0045,0,2438,1622-06-19,1622-06-19,continued_meeting,high,
V02-P0046-S01,V02-P0046,0,2261,1622-06-19,1622-06-19,continued_meeting,high,
V02-P0047-S01,V02-P0047,0,2242,1622-06-19,1622-06-19,continued_meeting,high,
V02-P0048-S01,V02-P0048,0,2970,1622-06-19,1622-06-19,continued_meeting,high,
V02-P0049-S01,V02-P0049,0,2768,1622-06-19,1622-06-19,continued_meeting,high,
V02-P0050-S01,V02-P0050,0,3082,1622-06-19,1622-06-19,continued_meeting,high,
V02-P0051-S01,V02-P0051,0,2371,1622-06-19,1622-06-19,continued_meeting,high,
V02-P0052-S01,V02-P0052,0,2371,1622-06-19,1622-06-19,continued_meeting,high,
V02-P0053-S01,V02-P0053,0,1848,1622-06-19,1622-06-19,continued_meeting,high,
V02-P0054-S01,V02-P0054,0,90,1622-06-19,1622-06-19,continued_meeting,high,
V02-P0054-S02,V02-P0054,90,1207,1622-06-01,1622-06-30,meeting_heading,high,oF IunE i622 PRESENT
V02-P0055-S01,V02-P0055,0,2817,1622-06-01,1622-06-30,continued_meeting,high,
V02-P0056-S01,V02-P0056,0,2442,1622-06-01,1622-06-30,continued_meeting,high,
V02-P0057-S01,V02-P0057,0,2733,1622-06-01,1622-06-30,continued_meeting,high,
V02-P0058-S01,V02-P0058,0,2267,1622-06-01,1622-06-30,continued_meeting,high,
V02-P0059-S01,V02-P0059,0,2755,1622-06-01,1622-06-30,continued_meeting,high,
V02-P0060-S01,V02-P0060,0,2422,1622-06-01,1622-06-30,continued_meeting,high,
V02-P0061-S01,V02-P0061,0,1239,1622-06-01,1622-06-30,continued_meeting,high,
V02-P0061-S02,V02-P0061,1239,1516,1622-06-29,1622-07-01,between_headers; heading_undated,medium,A PREPARATIVE COURT HELD FOR VIRGINIA THE 1° Iuuy i622 PRESENT
V02-P0062-S01,V02-P0062,0,1672,1622-06-29,1622-07-01,between_headers,medium,
V02-P0063-S01,V02-P0063,0,2344,1622-06-29,1622-07-01,between_headers,medium,
V02-P0064-S01,V02-P0064,0,2385,1622-07-01,1622-07-01,running_header,low,
V02-P0065-S01,V02-P0065,0,2348,1622-06-29,1622-07-01,between_headers,medium,
V02-P0066-S01,V02-P0066,0,2014,1622-07-01,1622-07-01,running_header,high,
V02-P0067-S01,V02-P0067,0,2180,1622-07-01,1622-07-01,inherited,medium,
V02-P0068-S01,V02-P0068,0,2062,1622-07-01,1622-07-01,running_header,high,
V02-P0069-S01,V02-P0069,0,1874,1622-07-01,1622-07-08,between_headers,medium,
V02-P0070-S01,V02-P0070,0,82,1622-07-01,1622-07-08,between_headers,medium,
V02-P0070-S02,V02-P0070,82,1134,1622-07-03,1622-07-03,meeting_heading,high,THE THIRD oF IuLy i622 PRESENT
V02-P0071-S01,V02-P0071,0,1817,1622-07-03,1622-07-03,continued_meeting,high,
V02-P0072-S01,V02-P0072,0,1270,1622-07-03,1622-07-03,continued_meeting,high,
V02-P0073-S01,V02-P0073,0,1691,1622-07-03,1622-07-03,continued_meeting,high,
V02-P0074-S01,V02-P0074,0,737,1622-07-03,1622-07-03,continued_meeting,high,
V02-P0074-S02,V02-P0074,737,1105,1622-07-03,1622-07-03,meeting_heading,high,AT A QUARTER CoURT HELD FOR VIRGINIA ON WEDENSDAY IN THE AFTERNOONE THE 3° IvLy 1622 PRESENT
V02-P0075-S01,V02-P0075,0,1565,1622-07-03,1622-07-03,continued_meeting,high,
V02-P0076-S01,V02-P0076,0,2198,1622-07-03,1622-07-03,continued_meeting,high,
V02-P0077-S01,V02-P0077,0,2274,1622-07-03,1622-07-03,continued_meeting,high,
V02-P0078-S01,V02-P0078,0,2233,1622-07-03,1622-07-03,continued_meeting,high,
V02-P0079-S01,V02-P0079,0,2342,1622-07-03,1622-07-03,continued_meeting,high,
V02-P0080-S01,V02-P0080,0,2117,1622-07-03,1622-07-03,continued_meeting,high,
V02-P0081-S01,V02-P0081,0,2192,1622-07-03,1622-07-03,continued_meeting,high,
V02-P0082-S01,V02-P0082,0,2446,1622-07-03,1622-07-03,continued_meeting,high,
V02-P0083-S01,V02-P0083,0,3032,1622-07-03,1622-07-03,continued_meeting,high,
V02-P0084-S01,V02-P0084,0,2617,1622-07-03,1622-07-03,continued_meeting,high,
V02-P0085-S01,V02-P0085,0,1808,1622-07-03,1622-07-03,continued_meeting,high,
V02-P0086-S01,V02-P0086,0,1545,1622-07-03,1622-07-03,continued_meeting,high,
V02-P0087-S01,V02-P0087,0,1159,1622-07-03,1622-07-03,continued_meeting,high,
V02-P0088-S01,V02-P0088,0,1459,1622-07-03,1622-07-03,continued_meeting,high,
V02-P0089-S01,V02-P0089,0,33,1622-07-03,1622-07-03,continued_meeting,high,
V02-P0089-S02,V02-P0089,33,1097,1622-07-08,1622-09-06,between_headers; heading_undated,low,AT A CoURT HELD FOR VIRGINIA ON WEDENSDAY THE 17™ Iu i622 PRESENT
V02-P0090-S01,V02-P0090,0,1953,1622-07-08,1622-09-06,between_headers,low,
V02-P0091-S01,V02-P0091,0,2094,1622-07-08,1622-09-06,between_headers,low,
V02-P0092-S01,V02-P0092,0,2282,1622-07-17,1622-07-17,running_header,low,
V02-P0093-S01,V02-P0093,0,2121,1622-07-08,1622-09-06,between_headers,low,
V02-P0094-S01,V02-P0094,0,2269,1622-07-08,1622-09-06,between_headers,low,
V02-P0095-S01,V02-P0095,0,2008,1622-07-08,1622-09-06,between_headers,low,
V02-P0096-S01,V02-P0096,0,156,1622-08-14,1622-08-14,running_header,low,
V02-P0096-S02,V02-P0096,156,1445,1622-08-14,1622-08-14,meeting_heading,high,At a Court HELD FOR VIRGINIA THE 14™ or Avaust i622 PRESENT
V02-P0097-S01,V02-P0097,0,1945,1622-08-14,1622-08-14,continued_meeting,high,
V02-P0098-S01,V02-P0098,0,952,1622-08-14,1622-08-14,continued_meeting,high,
V02-P0098-S02,V02-P0098,952,1477,1622-09-05,1622-09-05,meeting_heading,high,At A CouRT HELD FOR VIRGINIA ON THURSDAY IN THE AFTERNOONE THE 5° OF SEPTEMBER 1622 PRESENT
V02-P0099-S01,V02-P0099,0,2270,1622-09-05,1622-09-05,continued_meeting,high,
V02-P0100-S01,V02-P0100,0,418,1622-09-05,1622-09-05,continued_meeting,high,
V02-P0100-S02,V02-P0100,418,1439,1622-10-07,1622-10-07,meeting_heading,high,AN EXTRAORDINARY COURT HOLDEN FOR VIRGINIA ON MONDAY THE 7° oF OcTOBER i622 PRESENT
V02-P0101-S01,V02-P0101,0,2179,1622-10-07,1622-10-07,continued_meeting,high,
V02-P0102-S01,V02-P0102,0,2221,1622-10-07,1622-10-07,continued_meeting,high,
V02-P0103-S01,V02-P0103,0,2278,1622-10-07,1622-10-07,continued_meeting,high,
V02-P0104-S01,V02-P0104,0,2216,1622-10-07,1622-10-07,continued_meeting,high,
V02-P0105-S01,V02-P0105,0,1871,1622-10-07,1622-10-07,continued_meeting,high,
V02-P0106-S01,V02-P0106,0,2461,1622-10-07,1622-10-07,continued_meeting,high,
V02-P0107-S01,V02-P0107,0,731,1622-10-07,1622-10-07,continued_meeting,high,
V02-P0107-S02,V02-P0107,731,1491,1622-10-23,1622-10-23,meeting_heading,medium,AT A COURT HELD FOR VIRGINIA THE 237 or OCTOBER i622 PRESENT
V02-P0108-S01,V02-P0108,0,2370,1622-10-23,1622-10-23,continued_meeting,medium,
V02-P0109-S01,V02-P0109,0,2021,1622-10-23,1622-10-23,continued_meeting,medium,
V02-P0110-S01,V02-P0110,0,2310,1622-10-23,1622-10-23,continued_meeting,medium,
V02-P0111-S01,V02-P0111,0,2504,1622-10-23,1622-10-23,continued_meeting,medium,
V02-P0112-S01,V02-P0112,0,2323,1622-10-23,1622-10-23,continued_meeting,medium,
V02-P0113-S01,V02-P0113,0,596,1622-10-23,1622-10-23,continued_meeting,medium,
V02-P0113-S02,V02-P0113,596,1343,1622-11-06,1622-11-06,meeting_heading,high,At A CouRT HELD FOR VIRGINIA THE 6° or NovuEMB: 1622 PRESENT
V02-P0114-S01,V02-P0114,0,2276,1622-11-06,1622-11-06,continued_meeting,high,
V02-P0115-S01,V02-P0115,0,2138,1622-11-06,1622-11-06,continued_meeting,high,
V02-P0116-S01,V02-P0116,0,0,1622-11-06,1622-11-06,continued_meeting,high,
V02-P0117-S01,V02-P0117,0,0,1622-11-06,1622-11-06,continued_meeting,high,
V02-P0118-S01,V02-P0118,0,398,1622-11-06,1622-11-06,continued_meeting,high,
V02-P0119-S01,V02-P0119,0,0,1622-11-06,1622-11-06,continued_meeting,high,
V02-P0120-S01,V02-P0120,0,2173,1622-11-06,1622-11-06,continued_meeting,high,
V02-P0121-S01,V02-P0121,0,2206,1622-11-06,1622-11-06,continued_meeting,high,
V02-P0122-S01,V02-P0122,0,2236,1622-11-06,1622-11-06,continued_meeting,high,
V02-P0123-S01,V02-P0123,0,1120,1622-11-06,1622-11-06,continued_meeting,high,
V02-P0123-S02,V02-P0123,1120,1298,1622-11-13,1622-11-13,meeting_heading,high,AN EXTRAORDINARY COURT HOLDEN FOR VIRGINIA ON WEDENSDAY THE 13™ or NovuEMB: i622 PRESENT
V02-P0124-S01,V02-P0124,0,1217,1622-11-13,1622-11-13,continued_meeting,high,
V02-P0125-S01,V02-P0125,0,33,1622-11-13,1622-11-13,continued_meeting,high,
V02-P0125-S02,V02-P0125,33,1295,1622-11-18,1622-11-18,meeting_heading,high,AT A PR#PARATIUE COURT HELD FOR VIRGINIA ON MonpDaAy THE 18 or NovEMB i622 Lo Cauendish. Lo Padgett. 8' Ed: Sackuill. m’* Barbo’. m* Webbe. S* Edwin Sandys. m* 
V02-P0126-S01,V02-P0126,0,2742,1622-11-18,1622-11-18,continued_meeting,high,
V02-P0127-S01,V02-P0127,0,2360,1622-11-18,1622-11-18,continued_meeting,high,
V02-P0128-S01,V02-P0128,0,2355,1622-11-18,1622-11-18,continued_meeting,high,
V02-P0129-S01,V02-P0129,0,1092,1622-11-18,1622-11-18,continued_meeting,high,
V02-P0130-S01,V02-P0130,0,2380,1622-11-18,1622-11-18,continued_meeting,high,
V02-P0131-S01,V02-P0131,0,2864,1622-11-18,1622-11-18,continued_meeting,high,
V02-P0132-S01,V02-P0132,0,1634,1622-11-18,1622-11-18,continued_meeting,high,
V02-P0132-S02,V02-P0132,1634,1950,1622-11-20,1622-11-20,meeting_heading,high,AT A QUARTER COURT HELD FOR VIRGINIA IN THE FORENOONE THE 20™ or NoUEMBER i622 PRESENT
V02-P0133-S01,V02-P0133,0,2093,1622-11-20,1622-11-20,continued_meeting,high,
V02-P0134-S01,V02-P0134,0,2463,1622-11-20,1622-11-20,continued_meeting,high,
V02-P0135-S01,V02-P0135,0,2178,1622-11-20,1622-11-20,continued_meeting,high,
V02-P0136-S01,V02-P0136,0,2387,1622-11-20,1622-11-20,continued_meeting,high,
V02-P0137-S01,V02-P0137,0,2288,1622-11-20,1622-11-20,continued_meeting,high,
V02-P0138-S01,V02-P0138,0,273,1622-11-20,1622-11-20,continued_meeting,high,
V02-P0138-S02,V02-P0138,273,1274,1622-11-20,1622-11-20,meeting_heading,high,"CouRT HELD FOR VIRGINIA ON WEDENSDAY IN THE AFTERNOONE THE 20™: TH OF NOUEMB"" 1622 Ea: of Southampton. Lo: Cauendish. Lo: Padgett. m* Tomlins. Capt: Bargraue. m"
V02-P0139-S01,V02-P0139,0,2305,1622-11-20,1622-11-20,continued_meeting,high,
V02-P0140-S01,V02-P0140,0,2341,1622-11-20,1622-11-20,continued_meeting,high,
V02-P0141-S01,V02-P0141,0,2279,1622-11-20,1622-11-20,continued_meeting,high,
V02-P0142-S01,V02-P0142,0,848,1622-11-20,1622-11-20,continued_meeting,high,
V02-P0142-S02,V02-P0142,848,1089,1622-11-22,1622-11-22,running_header; heading_undated,high,PRESENT
V02-P0143-S01,V02-P0143,0,1789,1622-11-22,1622-11-22,inherited,medium,
V02-P0144-S01,V02-P0144,0,2354,1622-11-22,1622-11-22,running_header,high,
V02-P0145-S01,V02-P0145,0,2486,1622-11-22,1622-11-22,inherited,medium,
V02-P0146-S01,V02-P0146,0,2234,1622-11-22,1622-11-22,running_header,high,
V02-P0147-S01,V02-P0147,0,2289,1622-11-22,1622-11-22,inherited,medium,
V02-P0148-S01,V02-P0148,0,273,1622-11-20,1622-11-20,running_header,low,
V02-P0148-S02,V02-P0148,273,1279,1622-11-20,1622-11-20,meeting_heading,high,"CouRT HELD FOR VIRGINIA ON WEDENSDAY IN THE AFTERNOONE THE 20™: TH OF NOUEMB"" 1622 Ea: of Southampton. Lo: Cauendish. Lo: Padgett. m* Tomlins. Capt: Bargraue. S"
V02-P0149-S01,V02-P0149,0,2301,1622-11-20,1622-11-20,continued_meeting,high,
V02-P0150-S01,V02-P0150,0,2347,1622-11-20,1622-11-20,continued_meeting,high,
V02-P0151-S01,V02-P0151,0,2280,1622-11-20,1622-11-20,continued_meeting,high,
V02-P0152-S01,V02-P0152,0,719,1622-11-20,1622-11-20,continued_meeting,high,
V02-P0152-S02,V02-P0152,719,1075,1622-11-22,1622-11-22,running_header; heading_undated,high,||At a CoURT HELD FOR VIRGINIA ON ffripay THE 22° or Novurms. 1622. BEING THE SuMER [LAND€ PREPARATIVE Court DAY. PRESENT
V02-P0153-S01,V02-P0153,0,1791,1622-11-22,1622-11-22,inherited,medium,
V02-P0154-S01,V02-P0154,0,2358,1622-11-22,1622-11-22,running_header,high,
V02-P0155-S01,V02-P0155,0,2486,1622-11-22,1622-11-22,inherited,medium,
V02-P0156-S01,V02-P0156,0,2235,1622-11-22,1622-11-22,running_header,high,
V02-P0157-S01,V02-P0157,0,313,1622-11-22,1622-11-27,between_headers,medium,
V02-P0157-S02,V02-P0157,313,1178,1622-11-27,1622-11-27,meeting_heading,high,AN EXTRAORDINARY COURT HELD FOR VIRGINIA ON WEDENSDAY IN THE AFTERNOONE THE 27™ or NOUEMBER i622 BEINGE THE SuMER ILAND€ QUARTER CouURT y° Right hon™|| Ea: of S
V02-P0157-S03,V02-P0157,1178,1190,1622-11-22,1622-11-27,between_headers; heading_undated,medium,|| PRESENT
V02-P0158-S01,V02-P0158,0,1405,1622-11-27,1622-11-27,running_header,low,
V02-P0159-S01,V02-P0159,0,2311,1622-11-22,1622-11-27,between_headers,medium,
V02-P0160-S01,V02-P0160,0,1939,1622-11-27,1622-11-27,running_header,low,
V02-P0161-S01,V02-P0161,0,1885,1622-11-22,1622-11-27,between_headers,medium,
V02-P0162-S01,V02-P0162,0,1648,1622-11-27,1622-11-27,running_header,low,
V02-P0163-S01,V02-P0163,0,2225,1622-11-22,1622-11-27,between_headers,medium,
V02-P0164-S01,V02-P0164,0,2109,1622-11-27,1622-11-27,running_header,high,
V02-P0165-S01,V02-P0165,0,1232,1622-11-27,1622-11-27,inherited,medium,
V02-P0166-S01,V02-P0166,0,1777,1622-11-27,1622-11-27,running_header,high,
V02-P0167-S01,V02-P0167,0,2182,1622-11-27,1622-12-04,between_headers,medium,
V02-P0168-S01,V02-P0168,0,1197,1622-11-27,1622-11-27,running_header,low,
V02-P0168-S02,V02-P0168,1197,1603,1622-11-27,1622-11-27,meeting_heading,high,AT A QUARTER COURTE HELDE FOR THE SUMMER ISLANDS ON Quarter Courte for the Summer Isl- WEDNESDAY THE 27 oF NOVEMBER 1622 ~ ae PRESENT
V02-P0169-S01,V02-P0169,0,1593,1622-11-27,1622-11-27,continued_meeting,high,
V02-P0170-S01,V02-P0170,0,2183,1622-11-27,1622-11-27,continued_meeting,high,
V02-P0171-S01,V02-P0171,0,1903,1622-11-27,1622-11-27,continued_meeting,high,
V02-P0172-S01,V02-P0172,0,18,1622-11-27,1622-11-27,continued_meeting,high,
V02-P0172-S02,V02-P0172,18,1384,1622-12-04,1622-12-04,meeting_heading,high,At a CoURT HELD FOR VIRGINIA ON WEDENSDAY THE 4™ oF DECEMBER i622 PRESENT
V02-P0173-S01,V02-P0173,0,2209,1622-12-04,1622-12-04,continued_meeting,high,
V02-P0174-S01,V02-P0174,0,2193,1622-12-04,1622-12-04,continued_meeting,high,
V02-P0175-S01,V02-P0175,0,2296,1622-12-04,1622-12-04,continued_meeting,high,
V02-P0176-S01,V02-P0176,0,2212,1622-12-04,1622-12-04,continued_meeting,high,
V02-P0177-S01,V02-P0177,0,2329,1622-12-04,1622-12-04,continued_meeting,high,
V02-P0178-S01,V02-P0178,0,2198,1622-12-04,1622-12-04,continued_meeting,high,
V02-P0179-S01,V02-P0179,0,2239,1622-12-04,1622-12-04,continued_meeting,high,
V02-P0180-S01,V02-P0180,0,2365,1622-12-04,1622-12-04,continued_meeting,high,
V02-P0181-S01,V02-P0181,0,2391,1622-12-04,1622-12-04,continued_meeting,high,
V02-P0182-S01,V02-P0182,0,2407,1622-12-04,1622-12-04,continued_meeting,high,
V02-P0183-S01,V02-P0183,0,2233,1622-12-04,1622-12-04,continued_meeting,high,
V02-P0184-S01,V02-P0184,0,2376,1622-12-04,1622-12-04,continued_meeting,high,
V02-P0185-S01,V02-P0185,0,2152,1622-12-04,1622-12-04,continued_meeting,high,
V02-P0186-S01,V02-P0186,0,2169,1622-12-04,1622-12-04,continued_meeting,high,
V02-P0187-S01,V02-P0187,0,2224,1622-12-04,1622-12-04,continued_meeting,high,
V02-P0188-S01,V02-P0188,0,2178,1622-12-04,1622-12-04,continued_meeting,high,
V02-P0189-S01,V02-P0189,0,1762,1622-12-04,1622-12-04,continued_meeting,high,
V02-P0190-S01,V02-P0190,0,18,1623-01-29,1623-01-29,running_header,low,
V02-P0190-S02,V02-P0190,18,1159,1623-01-29,1623-01-29,meeting_heading,medium,"At a Court HELD FOR VIRGINIA ON WEDENSDAY THE 297"" or [ANUARY 1622 PRESENT"
V02-P0191-S01,V02-P0191,0,1448,1623-01-29,1623-01-29,continued_meeting,medium,
V02-P0192-S01,V02-P0192,0,2342,1623-01-29,1623-01-29,continued_meeting,medium,
V02-P0193-S01,V02-P0193,0,2113,1623-01-29,1623-01-29,continued_meeting,medium,
V02-P0194-S01,V02-P0194,0,2110,1623-01-29,1623-01-29,continued_meeting,medium,
V02-P0195-S01,V02-P0195,0,2300,1623-01-29,1623-01-29,continued_meeting,medium,
V02-P0196-S01,V02-P0196,0,2166,1623-01-29,1623-01-29,continued_meeting,medium,
V02-P0197-S01,V02-P0197,0,2245,1623-01-29,1623-01-29,continued_meeting,medium,
V02-P0198-S01,V02-P0198,0,741,1623-01-29,1623-01-29,continued_meeting,medium,
V02-P0198-S02,V02-P0198,741,1100,1623-01-29,1623-01-29,running_header; heading_date_rejected,low,ON WEDENSDAY THE 11™ oF DeEcEMB*® 1622 PRESENT
V02-P0199-S01,V02-P0199,0,2463,1623-01-29,1623-01-29,inherited,medium,
V02-P0200-S01,V02-P0200,0,2086,1623-01-29,1623-01-29,inherited,medium,
V02-P0201-S01,V02-P0201,0,2071,1623-01-29,1623-01-29,inherited,medium,
V02-P0202-S01,V02-P0202,0,2220,1623-01-29,1623-01-29,running_header,low,
V02-P0203-S01,V02-P0203,0,2257,1623-01-29,1623-01-29,inherited,medium,
V02-P0204-S01,V02-P0204,0,2036,1623-01-29,1623-01-29,inherited,medium,
V02-P0205-S01,V02-P0205,0,2087,1623-01-29,1623-01-29,inherited,medium,
V02-P0206-S01,V02-P0206,0,1919,1623-01-29,1623-01-29,running_header,high,
V02-P0207-S01,V02-P0207,0,33,1623-01-29,1623-02-03,between_headers,medium,
V02-P0207-S02,V02-P0207,33,1192,1623-01-31,1623-01-31,meeting_heading,high,At a CoURT HELD FOR VIRGINIA ON ffRIDAY THE LAST OF JANUARY i622 BY ORDER OF A FORMER COURT HELD THE BEPERH WEDENSDAY BEFORE m* Alderm: Johnson. m’ Tomlins. m’ 
V02-P0208-S01,V02-P0208,0,1924,1623-01-31,1623-01-31,continued_meeting,high,
V02-P0209-S01,V02-P0209,0,1904,1623-01-31,1623-01-31,continued_meeting,high,
V02-P0210-S01,V02-P0210,0,1971,1623-01-31,1623-01-31,continued_meeting,high,
V02-P0211-S01,V02-P0211,0,1971,1623-01-31,1623-01-31,continued_meeting,high,
V02-P0212-S01,V02-P0212,0,2190,1623-01-31,1623-01-31,continued_meeting,high,
V02-P0213-S01,V02-P0213,0,2073,1623-01-31,1623-01-31,continued_meeting,high,
V02-P0214-S01,V02-P0214,0,2022,1623-01-31,1623-01-31,continued_meeting,high,
V02-P0215-S01,V02-P0215,0,1829,1623-01-31,1623-01-31,continued_meeting,high,
V02-P0216-S01,V02-P0216,0,1860,1623-01-31,1623-01-31,continued_meeting,high,
V02-P0217-S01,V02-P0217,0,1987,1623-01-31,1623-01-31,continued_meeting,high,
V02-P0218-S01,V02-P0218,0,1818,1623-01-31,1623-01-31,continued_meeting,high,
V02-P0219-S01,V02-P0219,0,1972,1623-01-31,1623-01-31,continued_meeting,high,
V02-P0220-S01,V02-P0220,0,2066,1623-01-31,1623-01-31,continued_meeting,high,
V02-P0221-S01,V02-P0221,0,2111,1623-01-31,1623-01-31,continued_meeting,high,
V02-P0222-S01,V02-P0222,0,1922,1623-01-31,1623-01-31,continued_meeting,high,
V02-P0223-S01,V02-P0223,0,2009,1623-01-31,1623-01-31,continued_meeting,high,
V02-P0224-S01,V02-P0224,0,1074,1623-01-31,1623-01-31,continued_meeting,high,
V02-P0224-S02,V02-P0224,1074,1291,1623-02-03,1623-02-03,meeting_heading,medium,3° or ffmBRUARY 1620/ PRESENT
V02-P0225-S01,V02-P0225,0,1869,1623-02-03,1623-02-03,continued_meeting,medium,
V02-P0226-S01,V02-P0226,0,18,1623-02-03,1623-02-03,continued_meeting,medium,
V02-P0226-S02,V02-P0226,18,1138,1623-02-03,1623-02-03,meeting_heading,high,At A PR#/PARATIVE COURT HELD ON MonbDay THE 3°: oF FEBRUARY i622 PRESENT
V02-P0227-S01,V02-P0227,0,2150,1623-02-03,1623-02-03,continued_meeting,high,
V02-P0228-S01,V02-P0228,0,1964,1623-02-03,1623-02-03,continued_meeting,high,
V02-P0229-S01,V02-P0229,0,1725,1623-02-03,1623-02-03,continued_meeting,high,
V02-P0230-S01,V02-P0230,0,1915,1623-02-03,1623-02-03,continued_meeting,high,
V02-P0231-S01,V02-P0231,0,1940,1623-02-03,1623-02-03,continued_meeting,high,
V02-P0232-S01,V02-P0232,0,1801,1623-02-03,1623-02-03,continued_meeting,high,
V02-P0233-S01,V02-P0233,0,1952,1623-02-03,1623-02-03,continued_meeting,high,
V02-P0234-S01,V02-P0234,0,1863,1623-02-03,1623-02-03,continued_meeting,high,
V02-P0235-S01,V02-P0235,0,1993,1623-02-03,1623-02-03,continued_meeting,high,
V02-P0236-S01,V02-P0236,0,273,1623-02-03,1623-02-03,continued_meeting,high,
V02-P0236-S02,V02-P0236,273,1298,1623-02-04,1623-02-04,meeting_heading,medium,AN EXTRAORDINARY COURT HELD FOR VIRGINIA ON TUISDAY IN THE FORENOONE THE 47™ or ffmBRUARY 1622 PRESENT
V02-P0237-S01,V02-P0237,0,2535,1623-02-04,1623-02-04,continued_meeting,medium,
V02-P0238-S01,V02-P0238,0,2752,1623-02-04,1623-02-04,continued_meeting,medium,
V02-P0239-S01,V02-P0239,0,2045,1623-02-04,1623-02-04,continued_meeting,medium,
V02-P0240-S01,V02-P0240,0,2191,1623-02-04,1623-02-04,continued_meeting,medium,
V02-P0241-S01,V02-P0241,0,1997,1623-02-04,1623-02-04,continued_meeting,medium,
V02-P0242-S01,V02-P0242,0,413,1623-02-04,1623-02-04,continued_meeting,medium,
V02-P0242-S02,V02-P0242,413,1296,1623-02-04,1623-02-04,running_header; heading_date_rejected,high,At A Court HELD FOR VIRGINIA ON TUISDAY IN THE PORB||AFTER||NOONE THE 477 OF ffEBRUARY 1622 PRESENT
V02-P0243-S01,V02-P0243,0,1799,1623-02-04,1623-02-04,inherited,medium,
V02-P0244-S01,V02-P0244,0,2061,1623-02-04,1623-02-04,running_header,low,
V02-P0245-S01,V02-P0245,0,2142,1623-02-04,1623-02-04,inherited,medium,
V02-P0246-S01,V02-P0246,0,1848,1623-02-04,1623-02-04,running_header,high,
V02-P0247-S01,V02-P0247,0,2105,1623-02-04,1623-02-04,inherited,medium,
V02-P0248-S01,V02-P0248,0,1788,1623-02-04,1623-02-04,running_header,low,
V02-P0249-S01,V02-P0249,0,1991,1623-02-04,1623-02-04,inherited,medium,
V02-P0250-S01,V02-P0250,0,2291,1623-02-04,1623-02-04,inherited,medium,
V02-P0251-S01,V02-P0251,0,2143,1623-02-04,1623-02-04,inherited,medium,
V02-P0252-S01,V02-P0252,0,3010,1623-02-04,1623-02-04,inherited,medium,
V02-P0253-S01,V02-P0253,0,3055,1623-02-04,1623-02-04,inherited,medium,
V02-P0254-S01,V02-P0254,0,2346,1623-02-04,1623-02-04,running_header,high,
V02-P0255-S01,V02-P0255,0,522,1623-02-04,1623-02-05,between_headers,medium,
V02-P0255-S02,V02-P0255,522,1209,1623-02-05,1623-02-05,meeting_heading,high,QuartTER CoURT HOLDEN FOR VIRGINIA ON WEDENSDAY THE 5° ffEBRUARY 1622 Lo PRESENT
V02-P0256-S01,V02-P0256,0,1450,1623-02-05,1623-02-05,continued_meeting,high,
V02-P0257-S01,V02-P0257,0,1094,1623-02-05,1623-02-05,continued_meeting,high,
V02-P0258-S01,V02-P0258,0,2384,1623-02-05,1623-02-05,continued_meeting,high,
V02-P0259-S01,V02-P0259,0,2290,1623-02-05,1623-02-05,continued_meeting,high,
V02-P0260-S01,V02-P0260,0,2130,1623-02-05,1623-02-05,continued_meeting,high,
V02-P0261-S01,V02-P0261,0,2412,1623-02-05,1623-02-05,continued_meeting,high,
V02-P0262-S01,V02-P0262,0,2228,1623-02-05,1623-02-05,continued_meeting,high,
V02-P0263-S01,V02-P0263,0,2242,1623-02-05,1623-02-05,continued_meeting,high,
V02-P0264-S01,V02-P0264,0,2170,1623-02-05,1623-02-05,continued_meeting,high,
V02-P0265-S01,V02-P0265,0,2297,1623-02-05,1623-02-05,continued_meeting,high,
V02-P0266-S01,V02-P0266,0,2385,1623-02-05,1623-02-05,continued_meeting,high,
V02-P0267-S01,V02-P0267,0,2301,1623-02-05,1623-02-05,continued_meeting,high,
V02-P0268-S01,V02-P0268,0,2095,1623-02-05,1623-02-05,continued_meeting,high,
V02-P0269-S01,V02-P0269,0,2064,1623-02-05,1623-02-05,continued_meeting,high,
V02-P0270-S01,V02-P0270,0,2154,1623-02-05,1623-02-05,continued_meeting,high,
V02-P0271-S01,V02-P0271,0,2392,1623-02-05,1623-02-05,continued_meeting,high,
V02-P0272-S01,V02-P0272,0,1741,1623-02-05,1623-02-05,continued_meeting,high,
V02-P0273-S01,V02-P0273,0,1432,1623-02-05,1623-02-05,continued_meeting,high,
V02-P0274-S01,V02-P0274,0,19,1623-02-05,1623-02-05,continued_meeting,high,
V02-P0274-S02,V02-P0274,19,544,1623-02-12,1623-02-12,meeting_heading,high,At a CourT HELD FOR VIRGINIA ON WEDENSDAY THE 12: ffEBRUARIJ 1622 BEINGE THE SuM=eR ILANDS QUARTER COURT DAYE the Right Hono™: Ea: of Southampton. S* Edw: Sacku
V02-P0274-S03,V02-P0274,544,1224,1623-02-12,1623-02-12,running_header; heading_undated,high,PRESENT
V02-P0275-S01,V02-P0275,0,1826,1623-02-12,1623-02-12,inherited,medium,
V02-P0276-S01,V02-P0276,0,2283,1623-02-12,1623-02-12,running_header,low,
V02-P0277-S01,V02-P0277,0,2193,1623-02-12,1623-02-12,inherited,medium,
V02-P0278-S01,V02-P0278,0,2292,1623-02-01,1623-02-01,running_header,low,
V02-P0279-S01,V02-P0279,0,2353,1623-02-12,1623-02-12,inherited,medium,
V02-P0280-S01,V02-P0280,0,2243,1623-02-12,1623-02-12,running_header,high,
V02-P0281-S01,V02-P0281,0,2088,1623-02-12,1623-02-12,inherited,medium,
V02-P0282-S01,V02-P0282,0,2451,1623-02-12,1623-02-12,running_header,high,
V02-P0283-S01,V02-P0283,0,2042,1623-02-12,1623-02-19,between_headers,medium,
V02-P0284-S01,V02-P0284,0,1172,1623-02-19,1623-02-19,running_header,high,
V02-P0284-S02,V02-P0284,1172,1535,1623-02-19,1623-02-19,meeting_heading,high,At a CoURT HELD FOR VIRGINIA ||AND THE S® Inanpe|| ON WEDENSDAY THE 19™ oF ffEBRUARY 1622 Right Hono” Ea: of Southampton. Lo: S*‘ Iohn. Lo Cauendish. Lo: Padget
V02-P0285-S01,V02-P0285,0,1629,1623-02-19,1623-02-19,continued_meeting,high,
V02-P0286-S01,V02-P0286,0,2204,1623-02-19,1623-02-19,continued_meeting,high,
V02-P0287-S01,V02-P0287,0,2162,1623-02-19,1623-02-19,continued_meeting,high,
V02-P0288-S01,V02-P0288,0,2213,1623-02-19,1623-02-19,continued_meeting,high,
V02-P0289-S01,V02-P0289,0,2084,1623-02-19,1623-02-19,continued_meeting,high,
V02-P0290-S01,V02-P0290,0,2028,1623-02-19,1623-02-19,continued_meeting,high,
V02-P0291-S01,V02-P0291,0,2259,1623-02-19,1623-02-19,continued_meeting,high,
V02-P0292-S01,V02-P0292,0,2278,1623-02-19,1623-02-19,continued_meeting,high,
V02-P0293-S01,V02-P0293,0,2159,1623-02-19,1623-02-19,continued_meeting,high,
V02-P0294-S01,V02-P0294,0,2304,1623-02-19,1623-02-19,continued_meeting,high,
V02-P0295-S01,V02-P0295,0,2162,1623-02-19,1623-02-19,continued_meeting,high,
V02-P0296-S01,V02-P0296,0,2295,1623-02-19,1623-02-19,continued_meeting,high,
V02-P0297-S01,V02-P0297,0,2134,1623-02-19,1623-02-19,continued_meeting,high,
V02-P0298-S01,V02-P0298,0,2238,1623-02-19,1623-02-19,continued_meeting,high,
V02-P0299-S01,V02-P0299,0,2225,1623-02-19,1623-02-19,continued_meeting,high,
V02-P0300-S01,V02-P0300,0,2167,1623-02-19,1623-02-19,continued_meeting,high,
V02-P0301-S01,V02-P0301,0,2267,1623-02-19,1623-02-19,continued_meeting,high,
V02-P0302-S01,V02-P0302,0,2287,1623-02-19,1623-02-19,continued_meeting,high,
V02-P0303-S01,V02-P0303,0,2083,1623-02-19,1623-02-19,continued_meeting,high,
V02-P0304-S01,V02-P0304,0,1241,1623-02-19,1623-02-19,continued_meeting,high,
V02-P0304-S02,V02-P0304,1241,1532,1623-02-22,1623-02-22,meeting_heading,high,AN EXTRAORDINARY COURT HELD FOR Viren ||AND THE SuMER ILAND€|| ON SATTURDAY IN THE FORENOONE THE 22™ or ffeBRUA: i622 PRESENT
V02-P0305-S01,V02-P0305,0,1593,1623-02-22,1623-02-22,continued_meeting,high,
V02-P0306-S01,V02-P0306,0,1895,1623-02-22,1623-02-22,continued_meeting,high,
V02-P0307-S01,V02-P0307,0,33,1623-02-22,1623-02-22,continued_meeting,high,
V02-P0307-S02,V02-P0307,33,1222,1623-02-24,1623-02-24,meeting_heading,high,AN EXTRAORDINARY COURT HELD FOR ViremniaA ON MonbDAY IN THE AFTERNOONE THE 24™ or ffEBRUARY 1622 PRESENT
V02-P0308-S01,V02-P0308,0,2354,1623-02-24,1623-02-24,continued_meeting,high,
V02-P0309-S01,V02-P0309,0,2156,1623-02-24,1623-02-24,continued_meeting,high,
V02-P0310-S01,V02-P0310,0,2055,1623-02-24,1623-02-24,continued_meeting,high,
V02-P0311-S01,V02-P0311,0,988,1623-02-24,1623-02-24,continued_meeting,high,
V02-P0311-S02,V02-P0311,988,1345,1623-03-05,1623-03-05,meeting_heading,high,At A CoURT HELD FOR VIRGINIA AND THE Suiter ILANDe oN WEDENSDAY IN THE AFTERNOONE THE 5° OF Marca ||/Marca 5.'|| i622 PRESENT
V02-P0312-S01,V02-P0312,0,1575,1623-03-05,1623-03-05,continued_meeting,high,
V02-P0313-S01,V02-P0313,0,2413,1623-03-05,1623-03-05,continued_meeting,high,
V02-P0314-S01,V02-P0314,0,2292,1623-03-05,1623-03-05,continued_meeting,high,
V02-P0315-S01,V02-P0315,0,2250,1623-03-05,1623-03-05,continued_meeting,high,
V02-P0316-S01,V02-P0316,0,2234,1623-03-05,1623-03-05,continued_meeting,high,
V02-P0317-S01,V02-P0317,0,1925,1623-03-05,1623-03-05,continued_meeting,high,
V02-P0318-S01,V02-P0318,0,2151,1623-03-05,1623-03-05,continued_meeting,high,
V02-P0319-S01,V02-P0319,0,3100,1623-03-05,1623-03-05,continued_meeting,high,
V02-P0320-S01,V02-P0320,0,2428,1623-03-05,1623-03-05,continued_meeting,high,
V02-P0321-S01,V02-P0321,0,2252,1623-03-05,1623-03-05,continued_meeting,high,
V02-P0322-S01,V02-P0322,0,2098,1623-03-05,1623-03-05,continued_meeting,high,
V02-P0323-S01,V02-P0323,0,2027,1623-03-05,1623-03-05,continued_meeting,high,
V02-P0324-S01,V02-P0324,0,2313,1623-03-05,1623-03-05,continued_meeting,high,
V02-P0325-S01,V02-P0325,0,2383,1623-03-05,1623-03-05,continued_meeting,high,
V02-P0326-S01,V02-P0326,0,2286,1623-03-05,1623-03-05,continued_meeting,high,
V02-P0327-S01,V02-P0327,0,2307,1623-03-05,1623-03-05,continued_meeting,high,
V02-P0328-S01,V02-P0328,0,2221,1623-03-05,1623-03-05,continued_meeting,high,
V02-P0329-S01,V02-P0329,0,1064,1623-03-05,1623-03-05,continued_meeting,high,
V02-P0329-S02,V02-P0329,1064,1557,1623-03-07,1623-03-07,meeting_heading,high,"At A CoURT HELD FOR VIRGINIA on ffRipAY IN THE AFTERNOONE THE 7° oF Marcu i622: nw ence ty. mischiet, one and ov PRESENT"
V02-P0330-S01,V02-P0330,0,1574,1623-03-07,1623-03-07,continued_meeting,high,
V02-P0331-S01,V02-P0331,0,2047,1623-03-07,1623-03-07,continued_meeting,high,
V02-P0332-S01,V02-P0332,0,0,1623-03-07,1623-03-07,continued_meeting,high,
V02-P0333-S01,V02-P0333,0,0,1623-03-07,1623-03-07,continued_meeting,high,
V02-P0334-S01,V02-P0334,0,388,1623-03-07,1623-03-07,continued_meeting,high,
V02-P0335-S01,V02-P0335,0,0,1623-03-07,1623-03-07,continued_meeting,high,
V02-P0336-S01,V02-P0336,0,1365,1623-03-07,1623-03-07,continued_meeting,high,
V02-P0336-S02,V02-P0336,1365,1933,1623-03-07,1623-03-07,running_header; heading_undated,high,Present?
V02-P0337-S01,V02-P0337,0,2574,1623-03-07,1623-03-07,inherited,medium,
V02-P0338-S01,V02-P0338,0,2336,1623-03-07,1623-03-07,running_header,high,
V02-P0339-S01,V02-P0339,0,2379,1623-03-07,1623-03-07,inherited,medium,
V02-P0340-S01,V02-P0340,0,2308,1623-03-07,1623-03-07,running_header,high,
V02-P0341-S01,V02-P0341,0,2644,1623-03-07,1623-03-19,between_headers,medium,
V02-P0342-S01,V02-P0342,0,1440,1623-03-07,1623-03-07,running_header,low,
V02-P0343-S01,V02-P0343,0,387,1623-03-07,1623-03-19,between_headers,medium,
V02-P0343-S02,V02-P0343,387,1216,1623-03-07,1623-03-19,between_headers; heading_undated,medium,PRESENT
V02-P0344-S01,V02-P0344,0,2199,1623-03-19,1623-03-19,running_header,high,
V02-P0345-S01,V02-P0345,0,2330,1623-03-19,1623-03-19,inherited,medium,
V02-P0346-S01,V02-P0346,0,2395,1623-03-19,1623-03-19,running_header,low,
V02-P0347-S01,V02-P0347,0,2330,1623-03-19,1623-03-19,inherited,medium,
V02-P0348-S01,V02-P0348,0,1997,1623-03-19,1623-03-19,running_header,high,
V02-P0349-S01,V02-P0349,0,33,1623-03-19,1623-03-24,between_headers,medium,
V02-P0349-S02,V02-P0349,33,944,1623-03-24,1623-03-24,meeting_heading,high,At A Court HELD FOR VIRGINIA oN MonpDAY IN THE AFTERNOONE THE 24™ or MarcH i622 PRESENT
V02-P0350-S01,V02-P0350,0,2024,1623-03-24,1623-03-24,continued_meeting,high,
V02-P0351-S01,V02-P0351,0,2950,1623-03-24,1623-03-24,continued_meeting,high,
V02-P0352-S01,V02-P0352,0,3102,1623-03-24,1623-03-24,continued_meeting,high,
V02-P0353-S01,V02-P0353,0,3106,1623-03-24,1623-03-24,continued_meeting,high,
V02-P0354-S01,V02-P0354,0,3065,1623-03-24,1623-03-24,continued_meeting,high,
V02-P0355-S01,V02-P0355,0,2023,1623-03-24,1623-03-24,continued_meeting,high,
V02-P0355-S02,V02-P0355,2023,2324,1623-04-02,1623-04-02,meeting_heading,high,"At A CoURT HELD FOR VIRGINIA ON WEDENSDAY IN ¥"" AFTERNOONE Y"" SECOND OF APRILL 1623. PRESENT"
V02-P0356-S01,V02-P0356,0,1607,1623-04-02,1623-04-02,continued_meeting,high,
V02-P0357-S01,V02-P0357,0,1963,1623-04-02,1623-04-02,continued_meeting,high,
V02-P0358-S01,V02-P0358,0,2291,1623-04-02,1623-04-02,continued_meeting,high,
V02-P0359-S01,V02-P0359,0,2180,1623-04-02,1623-04-02,continued_meeting,high,
V02-P0360-S01,V02-P0360,0,706,1623-04-02,1623-04-02,continued_meeting,high,
V02-P0360-S02,V02-P0360,706,1399,1623-04-12,1623-04-12,meeting_heading,high,AN EXTRAORDINARY COURT HELD FOR VIRGINIA AND THE Sumer ILANDES ON SATTURDAY IN THE ffORENOONE THE 12™ or AprRiLL 1623. PRESENT
V02-P0361-S01,V02-P0361,0,1740,1623-04-12,1623-04-12,continued_meeting,high,
V02-P0362-S01,V02-P0362,0,1945,1623-04-12,1623-04-12,continued_meeting,high,
V02-P0363-S01,V02-P0363,0,2407,1623-04-12,1623-04-12,continued_meeting,high,
V02-P0364-S01,V02-P0364,0,2665,1623-04-12,1623-04-12,continued_meeting,high,
V02-P0365-S01,V02-P0365,0,2629,1623-04-12,1623-04-12,continued_meeting,high,
V02-P0366-S01,V02-P0366,0,2595,1623-04-12,1623-04-12,continued_meeting,high,
V02-P0367-S01,V02-P0367,0,1893,1623-04-12,1623-04-12,continued_meeting,high,
V02-P0368-S01,V02-P0368,0,2931,1623-04-12,1623-04-12,continued_meeting,high,
V02-P0369-S01,V02-P0369,0,2768,1623-04-12,1623-04-12,continued_meeting,high,
V02-P0370-S01,V02-P0370,0,2822,1623-04-12,1623-04-12,continued_meeting,high,
V02-P0371-S01,V02-P0371,0,2904,1623-04-12,1623-04-12,continued_meeting,high,
V02-P0372-S01,V02-P0372,0,2796,1623-04-12,1623-04-12,continued_meeting,high,
V02-P0373-S01,V02-P0373,0,2654,1623-04-12,1623-04-12,continued_meeting,high,
V02-P0374-S01,V02-P0374,0,2685,1623-04-12,1623-04-12,continued_meeting,high,
V02-P0375-S01,V02-P0375,0,2974,1623-04-12,1623-04-12,continued_meeting,high,
V02-P0376-S01,V02-P0376,0,2827,1623-04-12,1623-04-12,continued_meeting,high,
V02-P0377-S01,V02-P0377,0,1578,1623-04-12,1623-04-12,continued_meeting,high,
V02-P0378-S01,V02-P0378,0,2205,1623-04-12,1623-04-12,continued_meeting,high,
V02-P0379-S01,V02-P0379,0,33,1623-04-12,1623-04-12,continued_meeting,high,
V02-P0379-S02,V02-P0379,33,1199,1623-04-17,1623-04-17,meeting_heading,medium,AN EXTRAORDINARY COURT HELD FOR VIRGINIA ON THURSDAY THE 177 or APRILL 1623 PRESENT
V02-P0380-S01,V02-P0380,0,2414,1623-04-17,1623-04-17,continued_meeting,medium,
V02-P0381-S01,V02-P0381,0,1719,1623-04-17,1623-04-17,continued_meeting,medium,
V02-P0382-S01,V02-P0382,0,16,1623-04-17,1623-04-17,continued_meeting,medium,
V02-P0382-S02,V02-P0382,16,1220,1623-04-18,1623-04-18,meeting_heading,high,"At a CouRT HELD FOR VIRGINIA AND Y* Sumer ILANDES oN ffRIpAy IN Y"" AFTERNOONE y® 18™ or ApRILL. 1623. PRESENT"
V02-P0383-S01,V02-P0383,0,2044,1623-04-18,1623-04-18,continued_meeting,high,
V02-P0384-S01,V02-P0384,0,259,1623-04-18,1623-04-18,continued_meeting,high,
V02-P0384-S02,V02-P0384,259,1461,1623-04-18,1623-04-18,meeting_heading,high,"A CourT HELD FOR y"" SuMER ILANDe THE 18™ or APRILL 1623. PRESENT."
V02-P0385-S01,V02-P0385,0,120,1623-04-18,1623-04-18,continued_meeting,high,
V02-P0385-S02,V02-P0385,120,961,1623-04-18,1623-04-23,between_headers; heading_undated,medium,PRESENT
V02-P0386-S01,V02-P0386,0,1821,1623-04-23,1623-04-23,running_header,high,
V02-P0387-S01,V02-P0387,0,2308,1623-04-23,1623-04-23,inherited,medium,
V02-P0388-S01,V02-P0388,0,2578,1623-04-23,1623-04-23,inherited,medium,
V02-P0389-S01,V02-P0389,0,2768,1623-04-23,1623-04-23,inherited,medium,
V02-P0390-S01,V02-P0390,0,2786,1623-04-23,1623-04-23,running_header,high,
V02-P0391-S01,V02-P0391,0,2628,1623-04-23,1623-04-30,between_headers,medium,
V02-P0392-S01,V02-P0392,0,2326,1623-04-28,1623-04-28,running_header,low,
V02-P0393-S01,V02-P0393,0,37,1623-04-23,1623-04-30,between_headers,medium,
V02-P0393-S02,V02-P0393,37,355,1623-04-25,1623-04-25,meeting_heading,high,At A CoURT HELD FOR VIRGINIA ON ffRIDAY IN Y* AFTERNOONE THE 25 oF APRILL 1623. Right hono™ Lo: Cauendish. §S' Io: Brooke. S' Edw: Sandis. S’ Io: Dauers. 8’ Edw
V02-P0393-S03,V02-P0393,355,1032,1623-04-23,1623-04-30,between_headers; heading_undated,medium,PRESENT
V02-P0394-S01,V02-P0394,0,1541,1623-04-23,1623-04-30,between_headers,medium,
V02-P0394-S02,V02-P0394,1541,1758,1623-04-30,1623-04-30,meeting_heading,high,AT A COURT HELD FOR VIRGINIA ON WEDENSDAY IN THE AFTERNOONE THE LAST OF APRILL 1623. PRESENT
V02-P0395-S01,V02-P0395,0,1535,1623-04-30,1623-04-30,continued_meeting,high,
V02-P0396-S01,V02-P0396,0,2737,1623-04-30,1623-04-30,continued_meeting,high,
V02-P0397-S01,V02-P0397,0,2883,1623-04-30,1623-04-30,continued_meeting,high,
V02-P0398-S01,V02-P0398,0,2738,1623-04-30,1623-04-30,continued_meeting,high,
V02-P0399-S01,V02-P0399,0,2788,1623-04-30,1623-04-30,continued_meeting,high,
V02-P0400-S01,V02-P0400,0,2262,1623-04-30,1623-04-30,continued_meeting,high,
V02-P0401-S01,V02-P0401,0,2130,1623-04-30,1623-04-30,continued_meeting,high,
V02-P0402-S01,V02-P0402,0,2372,1623-04-30,1623-04-30,continued_meeting,high,
V02-P0403-S01,V02-P0403,0,2102,1623-04-30,1623-04-30,continued_meeting,high,
V02-P0404-S01,V02-P0404,0,824,1623-04-30,1623-04-30,continued_meeting,high,
V02-P0404-S02,V02-P0404,824,1447,1623-04-30,1623-04-30,meeting_heading,high,"At a Court HOLDEN FOR y? SuMER ILANDS ON WEDENSDAY IN Y"" AFTERNOONE THE LAST OF APRILL 1623. Bas ot sea [ Blank space. } The Virginia Court held this Afternoone"
V02-P0405-S01,V02-P0405,0,796,1623-04-30,1623-04-30,continued_meeting,high,
V02-P0405-S02,V02-P0405,796,1222,1623-05-07,1623-05-07,meeting_heading,high,"A Court HELD FOR VIRGINIA AND Y* SUMER InaAND€ ON WEDENSDAY IN Y"" AFTERNOONE THE 7"" or May 1623. PRESENT"
V02-P0406-S01,V02-P0406,0,1499,1623-05-07,1623-05-07,continued_meeting,high,
V02-P0407-S01,V02-P0407,0,2069,1623-05-07,1623-05-07,continued_meeting,high,
V02-P0408-S01,V02-P0408,0,2601,1623-05-07,1623-05-07,continued_meeting,high,
V02-P0409-S01,V02-P0409,0,2893,1623-05-07,1623-05-07,continued_meeting,high,
V02-P0410-S01,V02-P0410,0,2797,1623-05-07,1623-05-07,continued_meeting,high,
V02-P0411-S01,V02-P0411,0,2975,1623-05-07,1623-05-07,continued_meeting,high,
V02-P0412-S01,V02-P0412,0,2621,1623-05-07,1623-05-07,continued_meeting,high,
V02-P0413-S01,V02-P0413,0,2872,1623-05-07,1623-05-07,continued_meeting,high,
V02-P0414-S01,V02-P0414,0,2407,1623-05-07,1623-05-07,continued_meeting,high,
V02-P0415-S01,V02-P0415,0,2129,1623-05-07,1623-05-07,continued_meeting,high,
V02-P0416-S01,V02-P0416,0,2835,1623-05-07,1623-05-07,continued_meeting,high,
V02-P0417-S01,V02-P0417,0,2869,1623-05-07,1623-05-07,continued_meeting,high,
V02-P0418-S01,V02-P0418,0,2959,1623-05-07,1623-05-07,continued_meeting,high,
V02-P0419-S01,V02-P0419,0,2922,1623-05-07,1623-05-07,continued_meeting,high,
V02-P0420-S01,V02-P0420,0,2814,1623-05-07,1623-05-07,continued_meeting,high,
V02-P0421-S01,V02-P0421,0,2945,1623-05-07,1623-05-07,continued_meeting,high,
V02-P0422-S01,V02-P0422,0,3022,1623-05-07,1623-05-07,continued_meeting,high,
V02-P0423-S01,V02-P0423,0,2749,1623-05-07,1623-05-07,continued_meeting,high,
V02-P0424-S01,V02-P0424,0,2672,1623-05-07,1623-05-07,continued_meeting,high,
V02-P0425-S01,V02-P0425,0,2719,1623-05-07,1623-05-07,continued_meeting,high,
V02-P0426-S01,V02-P0426,0,2641,1623-05-07,1623-05-07,continued_meeting,high,
V02-P0427-S01,V02-P0427,0,1217,1623-05-07,1623-05-07,continued_meeting,high,
V02-P0427-S02,V02-P0427,1217,1504,1623-05-07,1623-05-07,meeting_heading,high,"A CouRT HELD FOR THE SUMER ILANDES ON WEDENSDAY IN THE AFTERNOONE THE 7™ OF May 1623. Pitts The Virginia Court held this Afternoone being ended, & the Lo: Cauen"
V02-P0428-S01,V02-P0428,0,944,1623-05-07,1623-05-07,continued_meeting,high,
V02-P0428-S02,V02-P0428,944,1317,1623-05-12,1623-05-12,meeting_heading,high,A PREPARATIVE CoURT HELD FOR VIRGINIA on Monpay In Y® AFTERNOONE THE 12™ or May 1623. PRESENT
V02-P0429-S01,V02-P0429,0,1653,1623-05-12,1623-05-12,continued_meeting,high,
V02-P0430-S01,V02-P0430,0,1755,1623-05-12,1623-05-12,continued_meeting,high,
V02-P0431-S01,V02-P0431,0,2044,1623-05-12,1623-05-12,continued_meeting,high,
V02-P0432-S01,V02-P0432,0,1963,1623-05-12,1623-05-12,continued_meeting,high,
V02-P0433-S01,V02-P0433,0,2817,1623-05-12,1623-05-12,continued_meeting,high,
V02-P0434-S01,V02-P0434,0,2081,1623-05-12,1623-05-12,continued_meeting,high,
V02-P0435-S01,V02-P0435,0,1856,1623-05-12,1623-05-12,continued_meeting,high,
V02-P0436-S01,V02-P0436,0,1977,1623-05-12,1623-05-12,continued_meeting,high,
V02-P0437-S01,V02-P0437,0,117,1623-05-12,1623-05-12,continued_meeting,high,
V02-P0437-S02,V02-P0437,117,1122,1623-05-12,1623-05-14,between_headers; heading_undated,medium,PRESENT
V02-P0438-S01,V02-P0438,0,974,1623-05-01,1623-05-01,running_header,low,
V02-P0439-S01,V02-P0439,0,1948,1623-05-12,1623-05-14,between_headers,medium,
V02-P0440-S01,V02-P0440,0,1883,1623-05-14,1623-05-14,running_header,high,
V02-P0441-S01,V02-P0441,0,2780,1623-05-14,1623-05-17,between_headers,medium,
V02-P0442-S01,V02-P0442,0,2512,1623-05-01,1623-05-01,running_header,low,
V02-P0443-S01,V02-P0443,0,2131,1623-05-14,1623-05-17,between_headers,medium,
V02-P0444-S01,V02-P0444,0,1854,1623-05-14,1623-05-17,between_headers,medium,
V02-P0445-S01,V02-P0445,0,1969,1623-05-14,1623-05-17,between_headers,medium,
V02-P0446-S01,V02-P0446,0,14,1623-05-17,1623-05-17,running_header,high,
V02-P0446-S02,V02-P0446,14,1286,1623-05-17,1623-05-17,meeting_heading,high,"AN EXTRAORDINARY COURTE HELD ON SATTERDAY IN ¥"" AFTERNOONE Y"" 17™ or May 1623 PRESENT"
V02-P0447-S01,V02-P0447,0,1838,1623-05-17,1623-05-17,continued_meeting,high,
V02-P0448-S01,V02-P0448,0,1900,1623-05-17,1623-05-17,continued_meeting,high,
V02-P0449-S01,V02-P0449,0,37,1623-05-17,1623-05-17,continued_meeting,high,
V02-P0449-S02,V02-P0449,37,1881,1623-05-24,1623-05-24,meeting_heading,high,A Court HELDE FOR VIRGINIA ON SATTERDAY y* 24™ or May—1623. PRESENT
V02-P0450-S01,V02-P0450,0,2749,1623-05-24,1623-05-24,continued_meeting,high,
V02-P0451-S01,V02-P0451,0,84,1623-05-24,1623-05-24,continued_meeting,high,
V02-P0451-S02,V02-P0451,84,895,1623-05-24,1623-06-18,between_headers; heading_undated,medium,PRESENT
V02-P0452-S01,V02-P0452,0,2735,1623-06-09,1623-06-09,running_header_year_fixed,low,
V02-P0453-S01,V02-P0453,0,2133,1623-05-24,1623-06-18,between_headers,medium,
V02-P0454-S01,V02-P0454,0,15,1623-05-24,1623-06-18,between_headers,medium,
V02-P0454-S02,V02-P0454,15,1131,1623-06-18,1623-06-18,meeting_heading,high,A CourT HELDE FOR VIRGINIA ON WEDNESDAY IN THE AFTERNOONE Y* 18™ or IvneE 1623. PRESENT
V02-P0455-S01,V02-P0455,0,2135,1623-06-18,1623-06-18,continued_meeting,high,
V02-P0456-S01,V02-P0456,0,2070,1623-06-18,1623-06-18,continued_meeting,high,
V02-P0457-S01,V02-P0457,0,1747,1623-06-18,1623-06-18,continued_meeting,high,
V02-P0458-S01,V02-P0458,0,15,1623-06-18,1623-06-18,continued_meeting,high,
V02-P0458-S02,V02-P0458,15,1349,1623-06-23,1623-06-23,meeting_heading,medium,"PREPARATIVE CouRTE 237"" Iunis 1623. PRESENT"
V02-P0459-S01,V02-P0459,0,2186,1623-06-23,1623-06-23,continued_meeting,medium,
V02-P0460-S01,V02-P0460,0,2210,1623-06-23,1623-06-23,continued_meeting,medium,
V02-P0461-S01,V02-P0461,0,2175,1623-06-23,1623-06-23,continued_meeting,medium,
V02-P0462-S01,V02-P0462,0,2152,1623-06-23,1623-06-23,continued_meeting,medium,
V02-P0463-S01,V02-P0463,0,1919,1623-06-23,1623-06-23,continued_meeting,medium,
V02-P0464-S01,V02-P0464,0,691,1623-06-23,1623-06-23,continued_meeting,medium,
V02-P0464-S02,V02-P0464,691,1505,1623-06-25,1623-06-25,meeting_heading,high,At A QUARTER CoURT HELD FOR VIRGINIA THE 25™ oF [UNE 1623 PRESENT
V02-P0465-S01,V02-P0465,0,1433,1623-06-25,1623-06-25,continued_meeting,high,
V02-P0466-S01,V02-P0466,0,2412,1623-06-25,1623-06-25,continued_meeting,high,
V02-P0467-S01,V02-P0467,0,2036,1623-06-25,1623-06-25,continued_meeting,high,
V02-P0468-S01,V02-P0468,0,2185,1623-06-25,1623-06-25,continued_meeting,high,
V02-P0469-S01,V02-P0469,0,2308,1623-06-25,1623-06-25,continued_meeting,high,
V02-P0470-S01,V02-P0470,0,0,1623-06-25,1623-06-25,continued_meeting,high,
V02-P0471-S01,V02-P0471,0,0,1623-06-25,1623-06-25,continued_meeting,high,
V02-P0472-S01,V02-P0472,0,521,1623-06-25,1623-06-25,continued_meeting,high,
V02-P0473-S01,V02-P0473,0,0,1623-06-25,1623-06-25,continued_meeting,high,
V02-P0474-S01,V02-P0474,0,2206,1623-06-25,1623-06-25,continued_meeting,high,
V02-P0475-S01,V02-P0475,0,2247,1623-06-25,1623-06-25,continued_meeting,high,
V02-P0476-S01,V02-P0476,0,1609,1623-06-25,1623-06-25,continued_meeting,high,
V02-P0477-S01,V02-P0477,0,33,1623-06-25,1623-06-25,continued_meeting,high,
V02-P0477-S02,V02-P0477,33,1302,1623-07-01,1623-07-01,meeting_heading,high,At a CourT HELD ON TUISDAY IN THE FORENOONE THE FIRST OF IvuLy 1623 PRESENT.
V02-P0478-S01,V02-P0478,0,2186,1623-07-01,1623-07-01,continued_meeting,high,
V02-P0479-S01,V02-P0479,0,505,1623-07-01,1623-07-01,continued_meeting,high,
V02-P0479-S02,V02-P0479,505,1290,1623-07-04,1623-07-04,meeting_heading,high,IN THE FORENOONE THE 4° Ivy i623? PRESENT.
V02-P0480-S01,V02-P0480,0,2120,1623-07-04,1623-07-04,continued_meeting,high,
V02-P0481-S01,V02-P0481,0,33,1623-07-04,1623-07-04,continued_meeting,high,
V02-P0481-S02,V02-P0481,33,1006,1623-07-01,1623-08-06,between_headers; heading_undated,low,AT A COURTE HELDE FOR VIRGINIA ON WEDNESDAY IN THE AFTERNOONE THE 9 OF m’* Carew Rawleigh. m’ Deputy. m’ White. m’ Tomlyns. m’ Thon Farrar. m’ Ghibbs. m’* Wrott
V02-P0482-S01,V02-P0482,0,2006,1623-07-01,1623-08-06,between_headers,low,
V02-P0483-S01,V02-P0483,0,33,1623-07-01,1623-08-06,between_headers,low,
V02-P0483-S02,V02-P0483,33,1295,1623-07-01,1623-08-06,between_headers; heading_undated,low,AT A COURTE HELDE FOR VIRGINIA ON WEDNESDAY THE 6 oF AvaustT 1623 In THE AFTERNOONE PRESENT
V02-P0484-S01,V02-P0484,0,1885,1623-08-06,1623-08-06,running_header,high,
V02-P0485-S01,V02-P0485,0,2058,1623-08-06,1623-11-12,between_headers,low,
V02-P0486-S01,V02-P0486,0,0,1623-08-06,1623-11-12,between_headers,low,
V02-P0487-S01,V02-P0487,0,0,1623-08-06,1623-11-12,between_headers,low,
V02-P0488-S01,V02-P0488,0,594,1623-08-06,1623-11-12,between_headers,low,
V02-P0489-S01,V02-P0489,0,0,1623-08-06,1623-11-12,between_headers,low,
V02-P0490-S01,V02-P0490,0,607,1623-10-16,1623-10-16,running_header,low,
V02-P0490-S02,V02-P0490,607,1418,1623-10-15,1623-10-15,meeting_heading,high,At A CoURT HELD FOR VIRGINIA ON WEDENSDAY IN THE AFTERNOONE THE 15 oF Oct: i623 PRESENT
V02-P0491-S01,V02-P0491,0,1546,1623-10-15,1623-10-15,continued_meeting,high,
V02-P0492-S01,V02-P0492,0,3322,1623-10-15,1623-10-15,continued_meeting,high,
V02-P0493-S01,V02-P0493,0,2489,1623-10-15,1623-10-15,continued_meeting,high,
V02-P0494-S01,V02-P0494,0,2443,1623-10-15,1623-10-15,continued_meeting,high,
V02-P0495-S01,V02-P0495,0,747,1623-10-15,1623-10-15,continued_meeting,high,
V02-P0495-S02,V02-P0495,747,1444,1623-10-20,1623-10-20,meeting_heading,medium,"AN EXTRAORDINARY CoURT HELD ON MonbDAY IN THE FORENOONE THE 207"" or OcToBER 1623. 8S"" Tho: Wroth. m’* Draper. m’ Kirby. S* Samuell Argall m’* Cuffe. m* Sharrowe"
V02-P0496-S01,V02-P0496,0,921,1623-10-20,1623-10-20,continued_meeting,medium,
V02-P0496-S02,V02-P0496,921,1537,1623-08-06,1623-11-12,between_headers; heading_undated,low,PRESENT.
V02-P0497-S01,V02-P0497,0,2453,1623-08-06,1623-11-12,between_headers,low,
V02-P0498-S01,V02-P0498,0,498,1623-10-22,1623-10-22,running_header,low,
V02-P0498-S02,V02-P0498,498,1603,1623-10-22,1623-10-22,meeting_heading,high,"At A COURT HELD FOR VIRGINIA ON WEDENSDAY IN Y""* AFTERNOONE THE 22™ oF OCTOBER i623 PRESENT."
V02-P0499-S01,V02-P0499,0,145,1623-10-22,1623-10-22,continued_meeting,high,
V02-P0499-S02,V02-P0499,145,2536,1623-10-20,1623-10-20,meeting_heading,medium,At WHITEHALL THE 207 or OcTOBER i628.' PRESENT
V02-P0500-S01,V02-P0500,0,274,1623-10-20,1623-10-20,continued_meeting,medium,
V02-P0500-S02,V02-P0500,274,1246,1623-11-12,1623-11-12,meeting_heading,high,At Aa CouRT HELD FOR VIRGINIA ON WEDENSDAY IN THE AFTERNOONE THE 12 NovemMB: i623 PRESENT
V02-P0501-S01,V02-P0501,0,2423,1623-11-12,1623-11-12,continued_meeting,high,
V02-P0502-S01,V02-P0502,0,2059,1623-11-12,1623-11-12,continued_meeting,high,
V02-P0503-S01,V02-P0503,0,2137,1623-11-12,1623-11-12,continued_meeting,high,
V02-P0504-S01,V02-P0504,0,415,1623-11-12,1623-11-12,continued_meeting,high,
V02-P0504-S02,V02-P0504,415,1175,1623-11-17,1623-11-17,meeting_heading,high,A PRZPARATIVE CoURT HELD ON MONDAY IN THE AFTERNOONE THE 17™ OF NOUEMBER 1623 PRESENT
V02-P0505-S01,V02-P0505,0,2060,1623-11-17,1623-11-17,continued_meeting,high,
V02-P0506-S01,V02-P0506,0,2091,1623-11-17,1623-11-17,continued_meeting,high,
V02-P0507-S01,V02-P0507,0,1908,1623-11-17,1623-11-17,continued_meeting,high,
V02-P0508-S01,V02-P0508,0,19,1623-11-17,1623-11-17,continued_meeting,high,
V02-P0508-S02,V02-P0508,19,1041,1623-11-19,1623-11-19,meeting_heading,high,"A QuarRTER CouRT HELD FOR VIRGINIA ON WEDNESDAY IN THE AFTERNOONE THE i9™ oF NoUEMBER 1623."" PRESENT"
V02-P0509-S01,V02-P0509,0,1979,1623-11-19,1623-11-19,continued_meeting,high,
V02-P0510-S01,V02-P0510,0,2895,1623-11-19,1623-11-19,continued_meeting,high,
V02-P0511-S01,V02-P0511,0,2679,1623-11-19,1623-11-19,continued_meeting,high,
V02-P0512-S01,V02-P0512,0,2871,1623-11-19,1623-11-19,continued_meeting,high,
V02-P0513-S01,V02-P0513,0,2731,1623-11-19,1623-11-19,continued_meeting,high,
V02-P0514-S01,V02-P0514,0,2144,1623-11-19,1623-11-19,continued_meeting,high,
V02-P0515-S01,V02-P0515,0,2349,1623-11-19,1623-11-19,continued_meeting,high,
V02-P0516-S01,V02-P0516,0,2300,1623-11-19,1623-11-19,continued_meeting,high,
V02-P0517-S01,V02-P0517,0,2175,1623-11-19,1623-11-19,continued_meeting,high,
V02-P0518-S01,V02-P0518,0,2041,1623-11-19,1623-11-19,continued_meeting,high,
V02-P0519-S01,V02-P0519,0,2288,1623-11-19,1623-11-19,continued_meeting,high,
V02-P0520-S01,V02-P0520,0,1088,1623-11-19,1623-11-19,continued_meeting,high,
V02-P0520-S02,V02-P0520,1088,1571,1624-01-14,1624-01-14,meeting_heading,high,A CourTE HELDE FOR VIRGINIA ON WEDNESDAY IN THE AFTERNOONE THE 14 or [aANuUARY—1623. PRESENT
V02-P0521-S01,V02-P0521,0,1210,1624-01-14,1624-01-14,continued_meeting,high,
V02-P0522-S01,V02-P0522,0,2144,1624-01-14,1624-01-14,continued_meeting,high,
V02-P0523-S01,V02-P0523,0,1996,1624-01-14,1624-01-14,continued_meeting,high,
V02-P0524-S01,V02-P0524,0,29,1624-01-14,1624-01-14,continued_meeting,high,
V02-P0524-S02,V02-P0524,29,2560,1624-01-05,1624-01-05,meeting_heading,high,Arr a Court For THE Soffer ILANDS HELDE AT SR Tuomas Smitus HOUsE THE 5“ or Ianuary—1623. . .. = [359] This Court takinge into Consideraéon the necessitie of so
V02-P0525-S01,V02-P0525,0,2074,1624-01-05,1624-01-05,continued_meeting,high,
V02-P0526-S01,V02-P0526,0,1995,1624-01-05,1624-01-05,continued_meeting,high,
V02-P0527-S01,V02-P0527,0,2159,1624-01-05,1624-01-05,continued_meeting,high,
V02-P0528-S01,V02-P0528,0,1960,1624-01-05,1624-01-05,continued_meeting,high,
V02-P0529-S01,V02-P0529,0,33,1624-01-05,1624-01-05,continued_meeting,high,
V02-P0529-S02,V02-P0529,33,975,1624-02-02,1624-02-02,meeting_heading,high,A PREPARATIVE COURT HELD FOR VIRGINIA ON MunpDay IN Y*® AFTERNOONE THE SECOND OF F'EBRUARY—1623. S' Iohn Dauers. S' Rob: Killigrue. m'‘ Deputy. D* Meddus. m* Io
V02-P0530-S01,V02-P0530,0,2153,1624-02-02,1624-02-02,continued_meeting,high,
V02-P0531-S01,V02-P0531,0,1908,1624-02-02,1624-02-02,continued_meeting,high,
V02-P0532-S01,V02-P0532,0,2491,1624-02-02,1624-02-02,continued_meeting,high,
V02-P0533-S01,V02-P0533,0,2234,1624-02-02,1624-02-02,continued_meeting,high,
V02-P0534-S01,V02-P0534,0,1960,1624-02-02,1624-02-02,continued_meeting,high,
V02-P0535-S01,V02-P0535,0,33,1624-02-02,1624-02-02,continued_meeting,high,
V02-P0535-S02,V02-P0535,33,367,1624-02-04,1624-02-04,meeting_heading,medium,"Att A QuaRTER CoURT HELD FOR VIRGINIA ON WEDENSDAY IN THE AFTERNOONE THE 47"" or FEBRUARY m' Deputie. m‘ D' Gulston. m' D' Meddowes. m' Cory Rawleigh. m’ Iohn Sm"
V02-P0535-S03,V02-P0535,367,1039,1624-02-02,1624-02-04,between_headers; heading_undated,medium,PRESENT?!
V02-P0536-S01,V02-P0536,0,1512,1624-02-04,1624-02-04,running_header,low,
V02-P0537-S01,V02-P0537,0,2061,1624-02-02,1624-02-04,between_headers,medium,
V02-P0538-S01,V02-P0538,0,2727,1624-02-04,1624-02-04,running_header,high,
V02-P0539-S01,V02-P0539,0,3132,1624-02-04,1624-02-04,inherited,medium,
V02-P0540-S01,V02-P0540,0,2226,1624-02-04,1624-02-04,running_header,high,
V02-P0541-S01,V02-P0541,0,37,1624-02-04,1624-04-26,between_headers,low,
V02-P0541-S02,V02-P0541,37,902,1624-04-21,1624-04-21,meeting_heading,high,"A CouRT HELD FOR VIRGINIA ON WEDNESDAY IN Y"" AFTERNOONE THE 21™ or APRILL—1624. || PRESENT||"
V02-P0542-S01,V02-P0542,0,2317,1624-04-21,1624-04-21,continued_meeting,high,
V02-P0543-S01,V02-P0543,0,3033,1624-04-21,1624-04-21,continued_meeting,high,
V02-P0544-S01,V02-P0544,0,2266,1624-04-21,1624-04-21,continued_meeting,high,
V02-P0545-S01,V02-P0545,0,2459,1624-04-21,1624-04-21,continued_meeting,high,
V02-P0546-S01,V02-P0546,0,2361,1624-04-21,1624-04-21,continued_meeting,high,
V02-P0547-S01,V02-P0547,0,2324,1624-04-21,1624-04-21,continued_meeting,high,
V02-P0548-S01,V02-P0548,0,2093,1624-04-21,1624-04-21,continued_meeting,high,
V02-P0549-S01,V02-P0549,0,2710,1624-04-21,1624-04-21,continued_meeting,high,
V02-P0550-S01,V02-P0550,0,2610,1624-04-21,1624-04-21,continued_meeting,high,
V02-P0551-S01,V02-P0551,0,2092,1624-04-21,1624-04-21,continued_meeting,high,
V02-P0552-S01,V02-P0552,0,16,1624-04-21,1624-04-21,continued_meeting,high,
V02-P0552-S02,V02-P0552,16,1294,1624-04-26,1624-04-26,meeting_heading,high,A PREPARATIVE COURTE HELDE FOR VIRGINIA ON MUNDAY IN THE AFTERNOONE Y*: 26: or APRILI—1624. S* Iohn Dauers. S' Roger Twisden. m’ Deputie. m* Iohn fferrar. m* Sh
V02-P0553-S01,V02-P0553,0,2188,1624-04-26,1624-04-26,continued_meeting,high,
V02-P0554-S01,V02-P0554,0,2041,1624-04-26,1624-04-26,continued_meeting,high,
V02-P0555-S01,V02-P0555,0,2206,1624-04-26,1624-04-26,continued_meeting,high,
V02-P0556-S01,V02-P0556,0,1159,1624-04-26,1624-04-26,continued_meeting,high,
V02-P0556-S02,V02-P0556,1159,1691,1624-04-28,1624-04-28,meeting_heading,high,Att a QuartTeR CouRT HELDE FOR VIRGINIA ON WEDNESDAY IN THE ffoRENOONE THE 28: or ApRILL — 1624 PRESENT
V02-P0557-S01,V02-P0557,0,881,1624-04-28,1624-04-28,continued_meeting,high,
V02-P0558-S01,V02-P0558,0,2143,1624-04-28,1624-04-28,continued_meeting,high,
V02-P0559-S01,V02-P0559,0,1902,1624-04-28,1624-04-28,continued_meeting,high,
V02-P0560-S01,V02-P0560,0,2121,1624-04-28,1624-04-28,continued_meeting,high,
V02-P0561-S01,V02-P0561,0,2048,1624-04-28,1624-04-28,continued_meeting,high,
V02-P0562-S01,V02-P0562,0,70,1624-04-28,1624-04-28,continued_meeting,high,
V02-P0562-S02,V02-P0562,70,881,1624-06-01,1624-06-30,meeting_heading,high,oF IvnE 1624: PRESENT
V02-P0563-S01,V02-P0563,0,2463,1624-06-01,1624-06-30,continued_meeting,high,
V02-P0564-S01,V02-P0564,0,2164,1624-06-01,1624-06-30,continued_meeting,high,
V02-P0565-S01,V02-P0565,0,2138,1624-06-01,1624-06-30,continued_meeting,high,
V02-P0566-S01,V02-P0566,0,0,1624-06-01,1624-06-30,continued_meeting,high,
V02-P0567-S01,V02-P0567,0,0,1624-06-01,1624-06-30,continued_meeting,high,
V02-P0568-S01,V02-P0568,0,1663,1624-06-01,1624-06-30,continued_meeting,high,
V02-P0569-S01,V02-P0569,0,2351,1624-06-01,1624-06-30,continued_meeting,high,
V02-P0570-S01,V02-P0570,0,2473,1624-06-01,1624-06-30,continued_meeting,high,
V02-P0571-S01,V02-P0571,0,2106,1624-06-01,1624-06-30,continued_meeting,high,
V02-P0572-S01,V02-P0572,0,2110,1624-06-01,1624-06-30,continued_meeting,high,
V02-P0573-S01,V02-P0573,0,2106,1624-06-01,1624-06-30,continued_meeting,high,
V02-P0574-S01,V02-P0574,0,2185,1624-06-01,1624-06-30,continued_meeting,high,
V02-P0575-S01,V02-P0575,0,2264,1624-06-01,1624-06-30,continued_meeting,high,
V02-P0576-S01,V02-P0576,0,2078,1624-06-01,1624-06-30,continued_meeting,high,
V02-P0577-S01,V02-P0577,0,2331,1624-06-01,1624-06-30,continued_meeting,high,
V02-P0578-S01,V02-P0578,0,2402,1624-06-01,1624-06-30,continued_meeting,high,
V02-P0579-S01,V02-P0579,0,2111,1624-06-01,1624-06-30,continued_meeting,high,
V02-P0580-S01,V02-P0580,0,2258,1624-06-01,1624-06-30,continued_meeting,high,
V02-P0581-S01,V02-P0581,0,2610,1624-06-01,1624-06-30,continued_meeting,high,
V02-P0582-S01,V02-P0582,0,2487,1624-06-01,1624-06-30,continued_meeting,high,
V02-P0583-S01,V02-P0583,0,2299,1624-06-01,1624-06-30,continued_meeting,high,
V02-P0584-S01,V02-P0584,0,2026,1624-06-01,1624-06-30,continued_meeting,high,
V02-P0585-S01,V02-P0585,0,2361,1624-06-01,1624-06-30,continued_meeting,high,
V02-P0586-S01,V02-P0586,0,2034,1624-06-01,1624-06-30,continued_meeting,high,
V02-P0587-S01,V02-P0587,0,2383,1624-06-01,1624-06-30,continued_meeting,high,
V02-P0588-S01,V02-P0588,0,2206,1624-06-01,1624-06-30,continued_meeting,high,
V02-P0589-S01,V02-P0589,0,2158,1624-06-01,1624-06-30,continued_meeting,high,
V02-P0590-S01,V02-P0590,0,2279,1624-06-01,1624-06-30,continued_meeting,high,
V02-P0591-S01,V02-P0591,0,1998,1624-06-01,1624-06-30,continued_meeting,high,
V02-P0592-S01,V02-P0592,0,2229,1624-06-01,1624-06-30,continued_meeting,high,
V02-P0593-S01,V02-P0593,0,2052,1624-06-01,1624-06-30,continued_meeting,high,
V02-P0594-S01,V02-P0594,0,2151,1624-06-01,1624-06-30,continued_meeting,high,
V02-P0595-S01,V02-P0595,0,2061,1624-06-01,1624-06-30,continued_meeting,high,
V02-P0596-S01,V02-P0596,0,1926,1624-06-01,1624-06-30,continued_meeting,high,
V02-P0597-S01,V02-P0597,0,2389,1624-06-01,1624-06-30,continued_meeting,high,
V02-P0598-S01,V02-P0598,0,2484,1624-06-01,1624-06-30,continued_meeting,high,
V02-P0599-S01,V02-P0599,0,2476,1624-06-01,1624-06-30,continued_meeting,high,
V02-P0600-S01,V02-P0600,0,2349,1624-06-01,1624-06-30,continued_meeting,high,
V02-P0601-S01,V02-P0601,0,2403,1624-06-01,1624-06-30,continued_meeting,high,
V02-P0602-S01,V02-P0602,0,2311,1624-06-01,1624-06-30,continued_meeting,high,
V02-P0603-S01,V02-P0603,0,2385,1624-06-01,1624-06-30,continued_meeting,high,
V02-P0604-S01,V02-P0604,0,2193,1624-06-01,1624-06-30,continued_meeting,high,
V02-P0605-S01,V02-P0605,0,2095,1624-06-01,1624-06-30,continued_meeting,high,
V02-P0606-S01,V02-P0606,0,2083,1624-06-01,1624-06-30,continued_meeting,high,
V02-P0607-S01,V02-P0607,0,2141,1624-06-01,1624-06-30,continued_meeting,high,
V02-P0608-S01,V02-P0608,0,2189,1624-06-01,1624-06-30,continued_meeting,high,
V02-P0609-S01,V02-P0609,0,2287,1624-06-01,1624-06-30,continued_meeting,high,
V02-P0610-S01,V02-P0610,0,2382,1624-06-01,1624-06-30,continued_meeting,high,
V02-P0611-S01,V02-P0611,0,2374,1624-06-01,1624-06-30,continued_meeting,high,
V02-P0612-S01,V02-P0612,0,2425,1624-06-01,1624-06-30,continued_meeting,high,
V02-P0613-S01,V02-P0613,0,2413,1624-06-01,1624-06-30,continued_meeting,high,
V02-P0614-S01,V02-P0614,0,2102,1624-06-01,1624-06-30,continued_meeting,high,
V02-P0615-S01,V02-P0615,0,2324,1624-06-01,1624-06-30,continued_meeting,high,
V02-P0616-S01,V02-P0616,0,2209,1624-06-01,1624-06-30,continued_meeting,high,
V02-P0617-S01,V02-P0617,0,2379,1624-06-01,1624-06-30,continued_meeting,high,
V02-P0618-S01,V02-P0618,0,1994,1624-06-01,1624-06-30,continued_meeting,high,
V02-P0619-S01,V02-P0619,0,2439,1624-06-01,1624-06-30,continued_meeting,high,
V02-P0620-S01,V02-P0620,0,2392,1624-06-01,1624-06-30,continued_meeting,high,
V02-P0621-S01,V02-P0621,0,2317,1624-06-01,1624-06-30,continued_meeting,high,
V02-P0622-S01,V02-P0622,0,2334,1624-06-01,1624-06-30,continued_meeting,high,
V02-P0623-S01,V02-P0623,0,2121,1624-06-01,1624-06-30,continued_meeting,high,
V02-P0624-S01,V02-P0624,0,2243,1624-06-01,1624-06-30,continued_meeting,high,
V02-P0625-S01,V02-P0625,0,2343,1624-06-01,1624-06-30,continued_meeting,high,
V02-P0626-S01,V02-P0626,0,2188,1624-06-01,1624-06-30,continued_meeting,high,
V02-P0627-S01,V02-P0627,0,2532,1624-06-01,1624-06-30,continued_meeting,high,
V02-P0628-S01,V02-P0628,0,2762,1624-06-01,1624-06-30,continued_meeting,high,
V02-P0629-S01,V02-P0629,0,2068,1624-06-01,1624-06-30,continued_meeting,high,
V02-P0630-S01,V02-P0630,0,2035,1624-06-01,1624-06-30,continued_meeting,high,
V03-P0001-S01,V03-P0001,0,1495,1608-06-08,1608-06-08,inherited,medium,
V03-P0002-S01,V03-P0002,0,2307,1608-06-08,1608-06-08,inherited,medium,
V03-P0003-S01,V03-P0003,0,1887,1608-06-08,1608-06-08,inherited,medium,
V03-P0004-S01,V03-P0004,0,1889,1608-06-08,1608-06-08,inherited,medium,
V03-P0005-S01,V03-P0005,0,2257,1608-06-08,1608-06-08,inherited,medium,
V03-P0006-S01,V03-P0006,0,1180,1608-06-08,1608-06-08,inherited,medium,
V03-P0007-S01,V03-P0007,0,1963,1608-06-08,1608-06-08,running_header,high,
V03-P0008-S01,V03-P0008,0,2260,1608-06-08,1608-06-08,inherited,medium,
V03-P0009-S01,V03-P0009,0,2245,1608-06-08,1608-06-08,running_header,high,
V03-P0010-S01,V03-P0010,0,2106,1608-06-08,1608-06-23,between_headers,medium,
V03-P0011-S01,V03-P0011,0,2449,1608-06-23,1608-06-23,running_header,high,
V03-P0012-S01,V03-P0012,0,2115,1608-06-23,1609-05-01,between_headers,low,
V03-P0013-S01,V03-P0013,0,2488,1609-05-01,1609-05-31,running_header,high,
V03-P0014-S01,V03-P0014,0,2541,1609-05-01,1609-05-31,between_headers,medium,
V03-P0015-S01,V03-P0015,0,2308,1609-05-01,1609-05-31,running_header,high,
V03-P0016-S01,V03-P0016,0,2300,1609-05-01,1609-05-31,between_headers,medium,
V03-P0017-S01,V03-P0017,0,2524,1609-05-01,1609-05-31,running_header,high,
V03-P0018-S01,V03-P0018,0,2537,1609-05-01,1609-05-31,between_headers,medium,
V03-P0019-S01,V03-P0019,0,2469,1609-05-01,1609-05-31,running_header,high,
V03-P0020-S01,V03-P0020,0,2488,1609-05-01,1609-05-31,between_headers,medium,
V03-P0021-S01,V03-P0021,0,2340,1609-05-01,1609-05-31,running_header,high,
V03-P0022-S01,V03-P0022,0,2258,1609-05-31,1610-11-18,between_headers,low,
V03-P0023-S01,V03-P0023,0,2223,1609-05-01,1609-05-31,running_header,low,
V03-P0024-S01,V03-P0024,0,2107,1609-05-31,1610-11-18,between_headers,low,
V03-P0025-S01,V03-P0025,0,2261,1609-05-31,1610-11-18,between_headers,low,
V03-P0026-S01,V03-P0026,0,2420,1609-05-31,1610-11-18,between_headers,low,
V03-P0027-S01,V03-P0027,0,2208,1609-05-31,1610-11-18,between_headers,low,
V03-P0028-S01,V03-P0028,0,2365,1609-05-31,1610-11-18,between_headers,low,
V03-P0029-S01,V03-P0029,0,2067,1610-11-18,1610-11-18,running_header,high,
V03-P0030-S01,V03-P0030,0,2353,1610-11-18,1611-04-01,between_headers,low,
V03-P0031-S01,V03-P0031,0,1572,1610-11-18,1611-04-01,between_headers,low,
V03-P0032-S01,V03-P0032,0,2028,1610-11-18,1611-04-01,between_headers,low,
V03-P0033-S01,V03-P0033,0,1361,1611-04-01,1611-04-30,running_header,high,
V03-P0034-S01,V03-P0034,0,2267,1611-04-30,1612-11-25,between_headers,low,
V03-P0035-S01,V03-P0035,0,2564,1612-11-25,1612-11-25,running_header,high,
V03-P0036-S01,V03-P0036,0,2599,1612-11-25,1612-12-11,between_headers,medium,
V03-P0037-S01,V03-P0037,0,2579,1612-11-25,1612-11-25,running_header,low,
V03-P0038-S01,V03-P0038,0,2524,1612-11-25,1612-12-11,between_headers,medium,
V03-P0039-S01,V03-P0039,0,1980,1612-12-11,1612-12-11,running_header,high,
V03-P0040-S01,V03-P0040,0,2593,1612-12-11,1613-01-11,between_headers,medium,
V03-P0041-S01,V03-P0041,0,2004,1613-01-11,1613-01-11,running_header,high,
V03-P0042-S01,V03-P0042,0,2552,1613-01-11,1613-04-28,between_headers,low,
V03-P0043-S01,V03-P0043,0,2241,1613-04-28,1613-04-28,running_header,high,
V03-P0044-S01,V03-P0044,0,2304,1613-04-28,1613-11-15,between_headers,low,
V03-P0045-S01,V03-P0045,0,1884,1618-11-01,1618-11-01,running_header,low,
V03-P0046-S01,V03-P0046,0,2599,1613-04-28,1613-11-15,between_headers,low,
V03-P0047-S01,V03-P0047,0,2580,1613-11-01,1613-11-01,running_header,low,
V03-P0048-S01,V03-P0048,0,1858,1613-04-28,1613-11-15,between_headers,low,
V03-P0049-S01,V03-P0049,0,2251,1613-11-15,1613-11-15,running_header,high,
V03-P0050-S01,V03-P0050,0,2577,1613-11-15,1613-11-15,inherited,medium,
V03-P0051-S01,V03-P0051,0,2556,1613-11-15,1613-11-15,running_header,high,
V03-P0052-S01,V03-P0052,0,2131,1613-11-15,1616-03-06,between_headers,low,
V03-P0053-S01,V03-P0053,0,2581,1613-11-30,1613-11-30,running_header,low,
V03-P0054-S01,V03-P0054,0,2592,1613-11-15,1616-03-06,between_headers,low,
V03-P0055-S01,V03-P0055,0,2649,1618-11-30,1618-11-30,running_header,low,
V03-P0056-S01,V03-P0056,0,2404,1613-11-15,1616-03-06,between_headers,low,
V03-P0057-S01,V03-P0057,0,2374,1614-02-16,1614-02-16,running_header,low,
V03-P0058-S01,V03-P0058,0,1877,1613-11-15,1616-03-06,between_headers,low,
V03-P0059-S01,V03-P0059,0,2337,1613-11-15,1616-03-06,between_headers,low,
V03-P0060-S01,V03-P0060,0,1915,1613-11-15,1616-03-06,between_headers,low,
V03-P0061-S01,V03-P0061,0,1574,1613-11-15,1616-03-06,between_headers,low,
V03-P0062-S01,V03-P0062,0,1922,1613-11-15,1616-03-06,between_headers,low,
V03-P0063-S01,V03-P0063,0,1811,1616-03-06,1616-03-06,running_header,high,
V03-P0064-S01,V03-P0064,0,1905,1616-03-06,1617-06-07,between_headers,low,
V03-P0065-S01,V03-P0065,0,1617,1616-03-06,1622-06-09,running_header,low,
V03-P0066-S01,V03-P0066,0,2070,1616-03-06,1617-06-07,between_headers,low,
V03-P0067-S01,V03-P0067,0,2062,1616-03-06,1617-06-07,between_headers,low,
V03-P0068-S01,V03-P0068,0,1996,1616-03-06,1617-06-07,between_headers,low,
V03-P0069-S01,V03-P0069,0,2030,1617-06-07,1617-06-07,running_header,high,
V03-P0070-S01,V03-P0070,0,2067,1617-06-07,1617-06-08,between_headers,medium,
V03-P0071-S01,V03-P0071,0,2465,1617-06-08,1617-06-08,running_header,high,
V03-P0072-S01,V03-P0072,0,2266,1617-06-08,1617-06-09,between_headers,medium,
V03-P0073-S01,V03-P0073,0,1719,1617-06-09,1617-06-09,running_header,high,
V03-P0074-S01,V03-P0074,0,1534,1617-06-09,1617-10-20,between_headers,low,
V03-P0075-S01,V03-P0075,0,927,1617-10-20,1617-10-20,running_header,high,
V03-P0076-S01,V03-P0076,0,1202,1617-10-20,1617-12-27,between_headers,low,
V03-P0077-S01,V03-P0077,0,1858,1617-12-27,1617-12-27,running_header,high,
V03-P0078-S01,V03-P0078,0,1590,1617-12-27,1618-05-18,between_headers,low,
V03-P0079-S01,V03-P0079,0,1798,1617-12-27,1618-05-18,between_headers,low,
V03-P0080-S01,V03-P0080,0,2148,1617-12-27,1618-05-18,between_headers,low,
V03-P0081-S01,V03-P0081,0,2207,1617-12-27,1618-05-18,between_headers,low,
V03-P0082-S01,V03-P0082,0,2281,1617-12-27,1618-05-18,between_headers,low,
V03-P0083-S01,V03-P0083,0,2219,1617-12-27,1618-05-18,between_headers,low,
V03-P0084-S01,V03-P0084,0,2284,1617-12-27,1618-05-18,between_headers,low,
V03-P0085-S01,V03-P0085,0,1980,1617-12-27,1618-05-18,between_headers,low,
V03-P0086-S01,V03-P0086,0,2018,1617-12-27,1618-05-18,between_headers,low,
V03-P0087-S01,V03-P0087,0,1844,1617-12-27,1618-05-18,between_headers,low,
V03-P0088-S01,V03-P0088,0,2016,1617-12-27,1618-05-18,between_headers,low,
V03-P0089-S01,V03-P0089,0,2135,1617-12-27,1618-05-18,between_headers,low,
V03-P0090-S01,V03-P0090,0,1255,1617-12-27,1618-05-18,between_headers,low,
V03-P0091-S01,V03-P0091,0,1938,1618-02-20,1618-02-20,running_header,low,
V03-P0092-S01,V03-P0092,0,1754,1617-12-27,1618-05-18,between_headers,low,
V03-P0093-S01,V03-P0093,0,189,1617-12-27,1618-05-18,between_headers,low,
V03-P0094-S01,V03-P0094,0,680,1617-12-27,1618-05-18,between_headers,low,
V03-P0095-S01,V03-P0095,0,0,1617-12-27,1618-05-18,between_headers,low,
V03-P0096-S01,V03-P0096,0,0,1617-12-27,1618-05-18,between_headers,low,
V03-P0097-S01,V03-P0097,0,1327,1618-05-18,1618-05-18,running_header,low,
V03-P0098-S01,V03-P0098,0,1663,1617-12-27,1618-05-18,between_headers,low,
V03-P0099-S01,V03-P0099,0,1732,1618-05-18,1618-05-18,running_header,high,
V03-P0100-S01,V03-P0100,0,2048,1618-05-18,1618-05-18,inherited,medium,
V03-P0101-S01,V03-P0101,0,1952,1618-05-18,1618-05-18,running_header,high,
V03-P0102-S01,V03-P0102,0,1806,1618-05-18,1618-11-18,between_headers,low,
V03-P0103-S01,V03-P0103,0,2680,1618-11-18,1618-11-18,running_header,low,
V03-P0104-S01,V03-P0104,0,2720,1618-05-18,1618-11-18,between_headers,low,
V03-P0105-S01,V03-P0105,0,2719,1618-11-18,1618-11-18,running_header,high,
V03-P0106-S01,V03-P0106,0,2662,1618-11-18,1618-11-18,inherited,medium,
V03-P0107-S01,V03-P0107,0,2628,1618-11-18,1618-11-18,running_header,high,
V03-P0108-S01,V03-P0108,0,2623,1618-11-18,1618-11-18,inherited,medium,
V03-P0109-S01,V03-P0109,0,2603,1618-11-18,1618-11-18,running_header,high,
V03-P0110-S01,V03-P0110,0,2548,1618-11-18,1619-02-08,between_headers,low,
V03-P0111-S01,V03-P0111,0,2523,1618-11-18,1618-11-18,running_header,low,
V03-P0112-S01,V03-P0112,0,2592,1618-11-18,1619-02-08,between_headers,low,
V03-P0113-S01,V03-P0113,0,1970,1618-11-18,1619-02-08,between_headers,low,
V03-P0114-S01,V03-P0114,0,2515,1618-11-18,1619-02-08,between_headers,low,
V03-P0115-S01,V03-P0115,0,2518,1618-11-18,1619-02-08,between_headers,low,
V03-P0116-S01,V03-P0116,0,2600,1618-11-18,1619-02-08,between_headers,low,
V03-P0117-S01,V03-P0117,0,2496,1618-11-18,1619-02-08,between_headers,low,
V03-P0118-S01,V03-P0118,0,2082,1618-11-18,1619-02-08,between_headers,low,
V03-P0119-S01,V03-P0119,0,2270,1618-11-18,1619-02-08,between_headers,low,
V03-P0120-S01,V03-P0120,0,2240,1618-11-18,1619-02-08,between_headers,low,
V03-P0121-S01,V03-P0121,0,1677,1618-11-18,1619-02-08,between_headers,low,
V03-P0122-S01,V03-P0122,0,1503,1618-11-18,1619-02-08,between_headers,low,
V03-P0123-S01,V03-P0123,0,2662,1618-11-18,1619-02-08,between_headers,low,
V03-P0124-S01,V03-P0124,0,2520,1618-11-18,1619-02-08,between_headers,low,
V03-P0125-S01,V03-P0125,0,2588,1618-11-18,1619-02-08,between_headers,low,
V03-P0126-S01,V03-P0126,0,2142,1618-11-18,1619-02-08,between_headers,low,
V03-P0127-S01,V03-P0127,0,2652,1618-11-18,1619-02-08,between_headers,low,
V03-P0128-S01,V03-P0128,0,2624,1618-11-18,1619-02-08,between_headers,low,
V03-P0129-S01,V03-P0129,0,2546,1618-11-18,1619-02-08,between_headers,low,
V03-P0130-S01,V03-P0130,0,2426,1618-11-18,1619-02-08,between_headers,low,
V03-P0131-S01,V03-P0131,0,2284,1618-11-18,1619-02-08,between_headers,low,
V03-P0132-S01,V03-P0132,0,2541,1618-11-18,1619-02-08,between_headers,low,
V03-P0133-S01,V03-P0133,0,1825,1618-11-18,1619-02-08,between_headers,low,
V03-P0134-S01,V03-P0134,0,2384,1618-11-18,1619-02-08,between_headers,low,
V03-P0135-S01,V03-P0135,0,2613,1619-02-08,1619-02-08,running_header,high,
V03-P0136-S01,V03-P0136,0,2630,1619-02-08,1619-02-08,inherited,medium,
V03-P0137-S01,V03-P0137,0,2615,1619-02-08,1619-02-08,running_header,high,
V03-P0138-S01,V03-P0138,0,1998,1619-02-08,1619-02-15,between_headers,medium,
V03-P0139-S01,V03-P0139,0,1791,1619-02-15,1619-02-15,running_header,high,
V03-P0140-S01,V03-P0140,0,1549,1619-02-15,1619-04-27,between_headers,low,
V03-P0141-S01,V03-P0141,0,1837,1619-04-01,1619-04-30,running_header,low,
V03-P0142-S01,V03-P0142,0,1987,1619-02-15,1619-04-27,between_headers,low,
V03-P0143-S01,V03-P0143,0,1322,1619-04-27,1619-04-27,running_header,high,
V03-P0144-S01,V03-P0144,0,2057,1619-04-27,1619-04-27,inherited,medium,
V03-P0145-S01,V03-P0145,0,1811,1619-04-27,1619-04-27,running_header,high,
V03-P0146-S01,V03-P0146,0,2020,1619-04-27,1619-06-17,between_headers,low,
V03-P0147-S01,V03-P0147,0,1592,1619-04-27,1619-04-27,running_header,low,
V03-P0148-S01,V03-P0148,0,1312,1619-04-27,1619-06-17,between_headers,low,
V03-P0149-S01,V03-P0149,0,2143,1619-06-17,1619-06-17,running_header,high,
V03-P0150-S01,V03-P0150,0,2095,1619-06-17,1619-07-08,between_headers,medium,
V03-P0151-S01,V03-P0151,0,2414,1619-06-21,1619-06-21,running_header,low,
V03-P0152-S01,V03-P0152,0,1740,1619-06-17,1619-07-08,between_headers,medium,
V03-P0153-S01,V03-P0153,0,2078,1619-07-08,1619-07-08,running_header,high,
V03-P0154-S01,V03-P0154,0,1797,1619-07-08,1619-07-20,between_headers,medium,
V03-P0155-S01,V03-P0155,0,1946,1619-07-20,1619-07-20,running_header,high,
V03-P0156-S01,V03-P0156,0,2314,1619-07-20,1619-09-01,between_headers,low,
V03-P0157-S01,V03-P0157,0,1856,1619-07-30,1619-08-04,running_header,low,
V03-P0158-S01,V03-P0158,0,1078,1619-07-20,1619-09-01,between_headers,low,
V03-P0159-S01,V03-P0159,0,2499,1619-07-30,1619-08-08,running_header,low,
V03-P0160-S01,V03-P0160,0,2366,1619-07-20,1619-09-01,between_headers,low,
V03-P0161-S01,V03-P0161,0,2212,1619-07-30,1619-08-08,running_header,low,
V03-P0162-S01,V03-P0162,0,2111,1619-07-20,1619-09-01,between_headers,low,
V03-P0163-S01,V03-P0163,0,2019,1619-07-30,1619-08-08,running_header,low,
V03-P0164-S01,V03-P0164,0,2507,1619-07-20,1619-09-01,between_headers,low,
V03-P0165-S01,V03-P0165,0,2399,1619-07-30,1619-08-08,running_header,low,
V03-P0166-S01,V03-P0166,0,2133,1619-07-20,1619-09-01,between_headers,low,
V03-P0167-S01,V03-P0167,0,2450,1619-07-31,1619-08-08,running_header,low,
V03-P0168-S01,V03-P0168,0,2223,1619-07-20,1619-09-01,between_headers,low,
V03-P0169-S01,V03-P0169,0,2442,1619-07-30,1619-08-08,running_header,low,
V03-P0170-S01,V03-P0170,0,2350,1619-07-20,1619-09-01,between_headers,low,
V03-P0171-S01,V03-P0171,0,2450,1619-07-30,1619-08-08,running_header,low,
V03-P0172-S01,V03-P0172,0,2589,1619-07-20,1619-09-01,between_headers,low,
V03-P0173-S01,V03-P0173,0,2308,1619-07-30,1619-08-08,running_header,low,
V03-P0174-S01,V03-P0174,0,2213,1619-07-20,1619-09-01,between_headers,low,
V03-P0175-S01,V03-P0175,0,2206,1619-07-30,1619-08-04,running_header,low,
V03-P0176-S01,V03-P0176,0,2319,1619-07-20,1619-09-01,between_headers,low,
V03-P0177-S01,V03-P0177,0,2377,1619-07-30,1619-08-04,running_header,low,
V03-P0178-S01,V03-P0178,0,2195,1619-07-20,1619-09-01,between_headers,low,
V03-P0179-S01,V03-P0179,0,2427,1619-07-30,1619-08-08,running_header,low,
V03-P0180-S01,V03-P0180,0,2438,1619-07-20,1619-09-01,between_headers,low,
V03-P0181-S01,V03-P0181,0,2100,1619-07-30,1619-08-08,running_header,low,
V03-P0182-S01,V03-P0182,0,1976,1619-07-20,1619-09-01,between_headers,low,
V03-P0183-S01,V03-P0183,0,2202,1619-09-01,1619-09-30,running_header,high,
V03-P0184-S01,V03-P0184,0,2158,1619-09-01,1619-09-30,between_headers,medium,
V03-P0185-S01,V03-P0185,0,1888,1619-09-01,1619-09-30,running_header,high,
V03-P0186-S01,V03-P0186,0,2112,1619-09-01,1619-09-30,between_headers,medium,
V03-P0187-S01,V03-P0187,0,2057,1619-09-01,1619-09-30,running_header,high,
V03-P0188-S01,V03-P0188,0,1972,1619-09-01,1619-09-30,between_headers,medium,
V03-P0189-S01,V03-P0189,0,2187,1619-09-01,1619-09-30,running_header,high,
V03-P0190-S01,V03-P0190,0,2100,1619-09-01,1619-09-30,between_headers,medium,
V03-P0191-S01,V03-P0191,0,2022,1619-09-01,1619-09-30,running_header,high,
V03-P0192-S01,V03-P0192,0,2024,1619-09-01,1619-09-30,between_headers,medium,
V03-P0193-S01,V03-P0193,0,1675,1619-09-01,1619-09-30,running_header,high,
V03-P0194-S01,V03-P0194,0,1648,1619-08-16,1619-09-30,between_headers,low,
V03-P0195-S01,V03-P0195,0,1996,1619-08-16,1619-08-16,running_header,high,
V03-P0196-S01,V03-P0196,0,1611,1619-08-16,1619-08-18,between_headers,medium,
V03-P0197-S01,V03-P0197,0,2344,1619-08-18,1619-08-18,running_header,high,
V03-P0198-S01,V03-P0198,0,2703,1619-08-18,1619-09-01,between_headers,medium,
V03-P0199-S01,V03-P0199,0,1746,1619-09-01,1619-09-30,running_header,high,
V03-P0200-S01,V03-P0200,0,1534,1619-09-04,1619-09-30,between_headers,medium,
V03-P0201-S01,V03-P0201,0,1722,1619-09-01,1619-09-30,running_header,low,
V03-P0202-S01,V03-P0202,0,1623,1619-09-04,1619-09-30,between_headers,medium,
V03-P0203-S01,V03-P0203,0,1923,1619-09-04,1619-09-04,running_header,high,
V03-P0204-S01,V03-P0204,0,2651,1619-09-04,1619-09-04,inherited,medium,
V03-P0205-S01,V03-P0205,0,2172,1619-09-04,1619-09-04,running_header,high,
V03-P0206-S01,V03-P0206,0,2532,1619-09-04,1619-09-04,inherited,medium,
V03-P0207-S01,V03-P0207,0,2396,1619-09-04,1619-09-04,running_header,high,
V03-P0208-S01,V03-P0208,0,2495,1619-09-04,1619-09-04,inherited,medium,
V03-P0209-S01,V03-P0209,0,2441,1619-09-04,1619-09-04,running_header,high,
V03-P0210-S01,V03-P0210,0,2430,1619-09-04,1619-09-04,inherited,medium,
V03-P0211-S01,V03-P0211,0,1893,1619-09-04,1619-09-04,running_header,low,
V03-P0212-S01,V03-P0212,0,2500,1619-09-04,1619-09-04,inherited,medium,
V03-P0213-S01,V03-P0213,0,2328,1619-09-04,1619-09-04,running_header,high,
V03-P0214-S01,V03-P0214,0,2038,1619-09-04,1619-09-07,between_headers,medium,
V03-P0215-S01,V03-P0215,0,1834,1619-09-07,1619-09-07,running_header,high,
V03-P0216-S01,V03-P0216,0,2108,1619-09-07,1619-09-15,between_headers,medium,
V03-P0217-S01,V03-P0217,0,1437,1619-09-15,1619-09-15,running_header,high,
V03-P0218-S01,V03-P0218,0,2285,1619-09-15,1619-09-20,between_headers,medium,
V03-P0219-S01,V03-P0219,0,1666,1619-09-20,1619-09-20,running_header,high,
V03-P0220-S01,V03-P0220,0,2088,1619-09-20,1619-09-30,between_headers,medium,
V03-P0221-S01,V03-P0221,0,2619,1619-09-29,1619-09-29,running_header,low,
V03-P0222-S01,V03-P0222,0,2572,1619-09-20,1619-09-30,between_headers,medium,
V03-P0223-S01,V03-P0223,0,1931,1619-09-30,1619-09-30,running_header,high,
V03-P0224-S01,V03-P0224,0,2486,1619-09-30,1619-10-04,between_headers,medium,
V03-P0225-S01,V03-P0225,0,2608,1619-09-30,1619-09-30,running_header,low,
V03-P0226-S01,V03-P0226,0,2504,1619-09-30,1619-10-04,between_headers,medium,
V03-P0227-S01,V03-P0227,0,1751,1619-10-04,1619-10-04,running_header,high,
V03-P0228-S01,V03-P0228,0,1947,1619-10-04,1619-10-18,between_headers,medium,
V03-P0229-S01,V03-P0229,0,1181,1619-10-18,1619-10-18,running_header,high,
V03-P0230-S01,V03-P0230,0,2178,1619-10-18,1619-11-12,between_headers,medium,
V03-P0231-S01,V03-P0231,0,2100,1619-11-11,1619-11-11,running_header,low,
V03-P0232-S01,V03-P0232,0,2401,1619-10-18,1619-11-12,between_headers,medium,
V03-P0233-S01,V03-P0233,0,1502,1619-11-12,1619-11-12,running_header,high,
V03-P0234-S01,V03-P0234,0,1501,1619-11-12,1620-01-01,between_headers,low,
V03-P0235-S01,V03-P0235,0,2192,1619-11-12,1620-01-01,between_headers,low,
V03-P0236-S01,V03-P0236,0,2034,1619-11-12,1620-01-01,between_headers,low,
V03-P0237-S01,V03-P0237,0,2529,1619-11-12,1620-01-01,between_headers,low,
V03-P0238-S01,V03-P0238,0,2524,1619-11-12,1620-01-01,between_headers,low,
V03-P0239-S01,V03-P0239,0,1956,1619-11-12,1620-01-01,between_headers,low,
V03-P0240-S01,V03-P0240,0,1940,1619-11-12,1620-01-01,between_headers,low,
V03-P0241-S01,V03-P0241,0,1839,1619-11-12,1620-01-01,between_headers,low,
V03-P0242-S01,V03-P0242,0,2229,1619-11-12,1620-01-01,between_headers,low,
V03-P0243-S01,V03-P0243,0,2120,1619-11-12,1620-01-01,between_headers,low,
V03-P0244-S01,V03-P0244,0,2030,1619-11-12,1620-01-01,between_headers,low,
V03-P0245-S01,V03-P0245,0,1749,1620-01-01,1620-01-31,running_header,high,
V03-P0246-S01,V03-P0246,0,2517,1620-01-01,1620-01-31,between_headers,medium,
V03-P0247-S01,V03-P0247,0,2197,1620-01-01,1620-01-31,running_header,high,
V03-P0248-S01,V03-P0248,0,2495,1620-01-01,1620-01-31,between_headers,medium,
V03-P0249-S01,V03-P0249,0,2132,1620-01-01,1620-01-31,running_header,high,
V03-P0250-S01,V03-P0250,0,2326,1620-01-18,1620-01-31,between_headers,medium,
V03-P0251-S01,V03-P0251,0,2390,1620-01-01,1620-01-31,running_header,low,
V03-P0252-S01,V03-P0252,0,1588,1620-01-18,1620-01-31,between_headers,medium,
V03-P0253-S01,V03-P0253,0,2005,1620-01-18,1620-01-18,running_header,high,
V03-P0254-S01,V03-P0254,0,2591,1620-01-18,1620-01-18,inherited,medium,
V03-P0255-S01,V03-P0255,0,2613,1620-01-18,1620-01-18,running_header,high,
V03-P0256-S01,V03-P0256,0,2529,1620-01-13,1620-01-18,between_headers,medium,
V03-P0257-S01,V03-P0257,0,1410,1620-01-13,1620-01-13,running_header,high,
V03-P0258-S01,V03-P0258,0,1623,1620-01-13,1620-01-16,between_headers,medium,
V03-P0259-S01,V03-P0259,0,1981,1620-01-16,1620-01-16,running_header,high,
V03-P0260-S01,V03-P0260,0,2372,1620-01-16,1620-01-28,between_headers,medium,
V03-P0261-S01,V03-P0261,0,2676,1620-01-16,1620-01-16,running_header,low,
V03-P0262-S01,V03-P0262,0,1428,1620-01-16,1620-01-28,between_headers,medium,
V03-P0263-S01,V03-P0263,0,2173,1620-01-28,1620-01-28,running_header,high,
V03-P0264-S01,V03-P0264,0,1789,1620-01-28,1620-02-01,between_headers,medium,
V03-P0265-S01,V03-P0265,0,198,1620-01-28,1620-02-01,between_headers,medium,
V03-P0266-S01,V03-P0266,0,699,1620-01-28,1620-02-01,between_headers,medium,
V03-P0267-S01,V03-P0267,0,2572,1620-01-28,1620-02-01,between_headers,medium,
V03-P0268-S01,V03-P0268,0,0,1620-01-28,1620-02-01,between_headers,medium,
V03-P0269-S01,V03-P0269,0,1698,1620-02-01,1620-02-29,running_header,high,
V03-P0270-S01,V03-P0270,0,1785,1620-02-29,1620-03-06,between_headers,medium,
V03-P0271-S01,V03-P0271,0,2603,1620-03-06,1620-03-06,running_header,high,
V03-P0272-S01,V03-P0272,0,2554,1620-03-06,1620-04-05,between_headers,medium,
V03-P0273-S01,V03-P0273,0,1573,1620-04-05,1620-04-10,running_header,high,
V03-P0274-S01,V03-P0274,0,1667,1620-04-10,1620-05-01,between_headers,medium,
V03-P0275-S01,V03-P0275,0,2023,1620-05-01,1620-05-31,running_header,low,
V03-P0276-S01,V03-P0276,0,2306,1620-04-10,1620-05-01,between_headers,medium,
V03-P0277-S01,V03-P0277,0,2258,1620-05-01,1620-05-01,running_header,high,
V03-P0278-S01,V03-P0278,0,2427,1620-05-01,1620-05-17,between_headers,medium,
V03-P0279-S01,V03-P0279,0,1569,1620-05-07,1620-05-07,running_header,low,
V03-P0280-S01,V03-P0280,0,2595,1620-05-01,1620-05-17,between_headers,medium,
V03-P0281-S01,V03-P0281,0,2613,1620-05-01,1620-05-31,running_header,low,
V03-P0282-S01,V03-P0282,0,1848,1620-05-01,1620-05-17,between_headers,medium,
V03-P0283-S01,V03-P0283,0,2165,1620-05-17,1620-05-17,running_header,high,
V03-P0284-S01,V03-P0284,0,2651,1620-05-17,1620-05-17,inherited,medium,
V03-P0285-S01,V03-P0285,0,2642,1620-05-17,1620-05-17,inherited,medium,
V03-P0286-S01,V03-P0286,0,2607,1620-05-17,1620-05-17,inherited,medium,
V03-P0287-S01,V03-P0287,0,2656,1620-05-17,1620-05-17,running_header,high,
V03-P0288-S01,V03-P0288,0,2190,1620-05-17,1620-06-01,between_headers,medium,
V03-P0289-S01,V03-P0289,0,1951,1620-05-17,1620-06-01,between_headers,medium,
V03-P0290-S01,V03-P0290,0,1963,1620-05-17,1620-06-01,between_headers,medium,
V03-P0291-S01,V03-P0291,0,1985,1620-05-17,1620-06-01,between_headers,medium,
V03-P0292-S01,V03-P0292,0,1768,1620-05-17,1620-06-01,between_headers,medium,
V03-P0293-S01,V03-P0293,0,1724,1620-05-17,1620-06-01,between_headers,medium,
V03-P0294-S01,V03-P0294,0,1720,1620-05-17,1620-06-01,between_headers,medium,
V03-P0295-S01,V03-P0295,0,2045,1620-05-17,1620-06-01,between_headers,medium,
V03-P0296-S01,V03-P0296,0,2032,1620-05-17,1620-06-01,between_headers,medium,
V03-P0297-S01,V03-P0297,0,1671,1620-06-01,1620-06-30,running_header,high,
V03-P0298-S01,V03-P0298,0,1916,1620-06-01,1620-06-30,between_headers,medium,
V03-P0299-S01,V03-P0299,0,1549,1620-06-01,1620-06-30,running_header,high,
V03-P0300-S01,V03-P0300,0,2119,1620-06-01,1620-06-30,between_headers,medium,
V03-P0301-S01,V03-P0301,0,2253,1620-06-01,1620-06-01,running_header,high,
V03-P0302-S01,V03-P0302,0,1548,1620-06-01,1620-06-07,between_headers,medium,
V03-P0303-S01,V03-P0303,0,2590,1620-06-07,1620-06-07,running_header,high,
V03-P0304-S01,V03-P0304,0,2384,1620-06-07,1620-06-07,inherited,medium,
V03-P0305-S01,V03-P0305,0,2250,1620-06-07,1620-06-07,running_header,low,
V03-P0306-S01,V03-P0306,0,2615,1620-06-07,1620-06-07,inherited,medium,
V03-P0307-S01,V03-P0307,0,2591,1620-06-07,1620-06-07,running_header,high,
V03-P0308-S01,V03-P0308,0,1915,1620-06-07,1620-06-12,between_headers,medium,
V03-P0309-S01,V03-P0309,0,2575,1620-06-12,1620-06-12,running_header,high,
V03-P0310-S01,V03-P0310,0,2497,1620-06-12,1620-06-12,inherited,medium,
V03-P0311-S01,V03-P0311,0,2295,1620-06-12,1620-06-12,running_header,high,
V03-P0312-S01,V03-P0312,0,2633,1620-06-12,1620-06-12,inherited,medium,
V03-P0313-S01,V03-P0313,0,2421,1620-06-12,1620-06-12,running_header,high,
V03-P0314-S01,V03-P0314,0,1797,1620-06-12,1620-06-22,between_headers,medium,
V03-P0315-S01,V03-P0315,0,1943,1620-06-22,1620-06-22,running_header,low,
V03-P0316-S01,V03-P0316,0,2624,1620-06-12,1620-06-22,between_headers,medium,
V03-P0317-S01,V03-P0317,0,2587,1620-06-22,1620-06-22,running_header,high,
V03-P0318-S01,V03-P0318,0,2650,1620-06-22,1620-06-22,inherited,medium,
V03-P0319-S01,V03-P0319,0,2642,1620-06-22,1620-06-22,running_header,high,
V03-P0320-S01,V03-P0320,0,2647,1620-06-22,1620-06-22,inherited,medium,
V03-P0321-S01,V03-P0321,0,2617,1620-06-22,1620-06-22,running_header,high,
V03-P0322-S01,V03-P0322,0,2385,1620-06-22,1620-06-22,inherited,medium,
V03-P0323-S01,V03-P0323,0,2336,1620-06-22,1620-06-22,running_header,high,
V03-P0324-S01,V03-P0324,0,2452,1620-06-22,1620-06-22,inherited,medium,
V03-P0325-S01,V03-P0325,0,1201,1620-06-22,1620-06-22,running_header,high,
V03-P0326-S01,V03-P0326,0,1461,1620-06-22,1620-06-22,inherited,medium,
V03-P0327-S01,V03-P0327,0,1349,1620-06-22,1620-06-22,running_header,high,
V03-P0328-S01,V03-P0328,0,1782,1620-06-22,1620-06-22,inherited,medium,
V03-P0329-S01,V03-P0329,0,1433,1620-06-22,1620-06-22,running_header,high,
V03-P0330-S01,V03-P0330,0,1506,1620-06-22,1620-06-22,inherited,medium,
V03-P0331-S01,V03-P0331,0,1003,1620-06-22,1620-06-22,running_header,high,
V03-P0332-S01,V03-P0332,0,1546,1620-06-22,1620-06-22,inherited,medium,
V03-P0333-S01,V03-P0333,0,1152,1620-06-22,1620-06-22,running_header,high,
V03-P0334-S01,V03-P0334,0,1671,1620-06-22,1620-06-22,inherited,medium,
V03-P0335-S01,V03-P0335,0,1191,1620-06-22,1620-06-22,running_header,high,
V03-P0336-S01,V03-P0336,0,1216,1620-06-22,1620-06-22,inherited,medium,
V03-P0337-S01,V03-P0337,0,1360,1620-06-22,1620-06-22,running_header,high,
V03-P0338-S01,V03-P0338,0,1382,1620-06-22,1620-06-22,inherited,medium,
V03-P0339-S01,V03-P0339,0,1155,1620-06-22,1620-06-22,running_header,high,
V03-P0340-S01,V03-P0340,0,1398,1620-06-22,1620-06-22,inherited,medium,
V03-P0341-S01,V03-P0341,0,1379,1620-06-22,1620-06-22,running_header,high,
V03-P0342-S01,V03-P0342,0,1697,1620-06-22,1620-06-22,inherited,medium,
V03-P0343-S01,V03-P0343,0,1193,1620-06-22,1620-06-22,running_header,high,
V03-P0344-S01,V03-P0344,0,1543,1620-06-22,1620-06-22,inherited,medium,
V03-P0345-S01,V03-P0345,0,1346,1620-06-22,1620-06-22,running_header,high,
V03-P0346-S01,V03-P0346,0,1259,1620-06-22,1620-06-27,between_headers,medium,
V03-P0347-S01,V03-P0347,0,1547,1620-06-27,1620-06-27,running_header,high,
V03-P0348-S01,V03-P0348,0,1575,1620-06-27,1620-07-01,between_headers,medium,
V03-P0349-S01,V03-P0349,0,1396,1620-06-27,1620-07-01,between_headers,medium,
V03-P0350-S01,V03-P0350,0,1696,1620-06-27,1620-07-01,between_headers,medium,
V03-P0351-S01,V03-P0351,0,1614,1620-06-27,1620-07-01,between_headers,medium,
V03-P0352-S01,V03-P0352,0,1914,1620-06-27,1620-07-01,between_headers,medium,
V03-P0353-S01,V03-P0353,0,1470,1620-06-27,1620-07-01,between_headers,medium,
V03-P0354-S01,V03-P0354,0,1557,1620-06-27,1620-07-01,between_headers,medium,
V03-P0355-S01,V03-P0355,0,1626,1620-06-27,1620-07-01,between_headers,medium,
V03-P0356-S01,V03-P0356,0,1998,1620-06-27,1620-07-01,between_headers,medium,
V03-P0357-S01,V03-P0357,0,1663,1620-06-27,1620-07-01,between_headers,medium,
V03-P0358-S01,V03-P0358,0,1473,1620-06-27,1620-07-01,between_headers,medium,
V03-P0359-S01,V03-P0359,0,1881,1620-06-27,1620-07-01,between_headers,medium,
V03-P0360-S01,V03-P0360,0,1737,1620-06-27,1620-07-01,between_headers,medium,
V03-P0361-S01,V03-P0361,0,1967,1620-06-27,1620-07-01,between_headers,medium,
V03-P0362-S01,V03-P0362,0,1964,1620-06-27,1620-07-01,between_headers,medium,
V03-P0363-S01,V03-P0363,0,1412,1620-06-27,1620-07-01,between_headers,medium,
V03-P0364-S01,V03-P0364,0,1522,1620-06-27,1620-07-01,between_headers,medium,
V03-P0365-S01,V03-P0365,0,1699,1620-06-27,1620-07-01,between_headers,medium,
V03-P0366-S01,V03-P0366,0,1449,1620-06-27,1620-07-01,between_headers,medium,
V03-P0367-S01,V03-P0367,0,1462,1620-06-27,1620-07-01,between_headers,medium,
V03-P0368-S01,V03-P0368,0,2261,1620-06-27,1620-07-01,between_headers,medium,
V03-P0369-S01,V03-P0369,0,2194,1620-06-27,1620-07-01,between_headers,medium,
V03-P0370-S01,V03-P0370,0,2025,1620-06-27,1620-07-01,between_headers,medium,
V03-P0371-S01,V03-P0371,0,1846,1620-06-27,1620-07-01,between_headers,medium,
V03-P0372-S01,V03-P0372,0,1714,1620-06-27,1620-07-01,between_headers,medium,
V03-P0373-S01,V03-P0373,0,1629,1620-07-01,1620-07-31,running_header,high,
V03-P0374-S01,V03-P0374,0,2074,1620-07-05,1620-07-31,between_headers,medium,
V03-P0375-S01,V03-P0375,0,1885,1620-07-05,1620-07-05,running_header,high,
V03-P0376-S01,V03-P0376,0,1924,1620-07-05,1620-07-14,between_headers,medium,
V03-P0377-S01,V03-P0377,0,2074,1620-07-14,1620-07-14,running_header,high,
V03-P0378-S01,V03-P0378,0,1541,1620-07-14,1620-07-19,between_headers,medium,
V03-P0379-S01,V03-P0379,0,1944,1620-07-19,1620-07-19,running_header,high,
V03-P0380-S01,V03-P0380,0,1700,1620-07-19,1620-08-09,between_headers,medium,
V03-P0381-S01,V03-P0381,0,1799,1620-08-09,1620-08-09,running_header,high,
V03-P0382-S01,V03-P0382,0,2055,1620-08-09,1620-08-26,between_headers,medium,
V03-P0383-S01,V03-P0383,0,2392,1620-08-26,1620-08-26,running_header,high,
V03-P0384-S01,V03-P0384,0,1825,1620-08-26,1620-08-28,between_headers,medium,
V03-P0385-S01,V03-P0385,0,2430,1620-08-28,1620-08-28,running_header,high,
V03-P0386-S01,V03-P0386,0,2443,1620-08-28,1620-08-28,inherited,medium,
V03-P0387-S01,V03-P0387,0,2193,1620-08-28,1620-08-28,running_header,high,
V03-P0388-S01,V03-P0388,0,2683,1620-08-28,1620-08-31,between_headers,medium,
V03-P0389-S01,V03-P0389,0,2255,1620-08-31,1620-08-31,running_header,high,
V03-P0390-S01,V03-P0390,0,2595,1620-08-31,1620-09-01,between_headers,medium,
V03-P0391-S01,V03-P0391,0,2609,1620-08-01,1620-08-31,running_header,low,
V03-P0392-S01,V03-P0392,0,2293,1620-08-31,1620-09-01,between_headers,medium,
V03-P0393-S01,V03-P0393,0,2008,1620-09-01,1620-09-30,running_header,high,
V03-P0394-S01,V03-P0394,0,1949,1620-09-01,1620-09-30,between_headers,medium,
V03-P0395-S01,V03-P0395,0,2303,1620-09-01,1620-09-30,running_header,high,
V03-P0396-S01,V03-P0396,0,2713,1620-09-01,1620-09-30,between_headers,medium,
V03-P0397-S01,V03-P0397,0,2275,1620-09-01,1620-09-30,running_header,high,
V03-P0398-S01,V03-P0398,0,2033,1620-09-01,1620-09-30,between_headers,medium,
V03-P0399-S01,V03-P0399,0,2217,1620-09-01,1620-09-30,running_header,high,
V03-P0400-S01,V03-P0400,0,2054,1620-09-01,1620-09-30,between_headers,medium,
V03-P0401-S01,V03-P0401,0,2113,1620-09-01,1620-09-01,running_header,high,
V03-P0402-S01,V03-P0402,0,2168,1620-09-01,1620-09-01,inherited,medium,
V03-P0403-S01,V03-P0403,0,1439,1620-09-01,1620-09-01,running_header,high,
V03-P0404-S01,V03-P0404,0,1879,1621-04-08,1621-04-08,running_header,low,
V03-P0405-S01,V03-P0405,0,2278,1620-09-10,1620-09-10,running_header,high,
V03-P0406-S01,V03-P0406,0,2472,1620-09-10,1620-09-10,inherited,medium,
V03-P0407-S01,V03-P0407,0,2404,1620-09-10,1620-09-10,running_header,high,
V03-P0408-S01,V03-P0408,0,1590,1620-09-10,1620-09-16,between_headers,medium,
V03-P0409-S01,V03-P0409,0,1584,1620-09-16,1620-09-16,running_header,high,
V03-P0410-S01,V03-P0410,0,1988,1620-09-16,1620-09-18,between_headers,medium,
V03-P0411-S01,V03-P0411,0,2261,1621-09-18,1621-09-18,running_header,low,
V03-P0412-S01,V03-P0412,0,2036,1620-09-16,1620-09-18,between_headers,medium,
V03-P0413-S01,V03-P0413,0,1482,1620-09-18,1620-09-18,running_header,high,
V03-P0414-S01,V03-P0414,0,1717,1620-09-18,1620-09-18,inherited,medium,
V03-P0415-S01,V03-P0415,0,1624,1620-09-18,1620-09-18,running_header,high,
V03-P0416-S01,V03-P0416,0,2330,1620-09-18,1620-09-22,between_headers,medium,
V03-P0417-S01,V03-P0417,0,2274,1620-09-22,1620-09-22,running_header,high,
V03-P0418-S01,V03-P0418,0,1754,1620-09-22,1620-09-26,between_headers,medium,
V03-P0419-S01,V03-P0419,0,1803,1620-09-26,1620-09-26,running_header,high,
V03-P0420-S01,V03-P0420,0,1876,1620-09-26,1620-10-28,between_headers,low,
V03-P0421-S01,V03-P0421,0,2529,1620-09-30,1620-09-30,running_header,low,
V03-P0422-S01,V03-P0422,0,2566,1620-09-26,1620-10-28,between_headers,low,
V03-P0423-S01,V03-P0423,0,2111,1620-10-28,1620-10-28,running_header,high,
V03-P0424-S01,V03-P0424,0,1708,1620-10-28,1620-12-19,between_headers,low,
V03-P0425-S01,V03-P0425,0,2397,1620-12-19,1620-12-19,running_header,high,
V03-P0426-S01,V03-P0426,0,1802,1620-12-19,1621-01-21,between_headers,low,
V03-P0427-S01,V03-P0427,0,2404,1620-12-19,1621-01-21,between_headers,low,
V03-P0428-S01,V03-P0428,0,2340,1620-12-19,1621-01-21,between_headers,low,
V03-P0429-S01,V03-P0429,0,2290,1620-12-19,1621-01-21,between_headers,low,
V03-P0430-S01,V03-P0430,0,1678,1620-12-19,1621-01-21,between_headers,low,
V03-P0431-S01,V03-P0431,0,1615,1620-12-19,1621-01-21,between_headers,low,
V03-P0432-S01,V03-P0432,0,1752,1620-12-19,1621-01-21,between_headers,low,
V03-P0433-S01,V03-P0433,0,308,1620-12-19,1621-01-21,between_headers,low,
V03-P0434-S01,V03-P0434,0,1029,1620-12-19,1621-01-21,between_headers,low,
V03-P0435-S01,V03-P0435,0,649,1620-12-19,1621-01-21,between_headers,low,
V03-P0436-S01,V03-P0436,0,0,1620-12-19,1621-01-21,between_headers,low,
V03-P0437-S01,V03-P0437,0,2491,1621-01-21,1621-01-21,running_header,high,
V03-P0438-S01,V03-P0438,0,1538,1621-01-21,1621-02-14,between_headers,medium,
V03-P0439-S01,V03-P0439,0,1719,1621-02-14,1621-02-14,running_header,high,
V03-P0440-S01,V03-P0440,0,1475,1621-02-14,1621-02-14,inherited,medium,
V03-P0441-S01,V03-P0441,0,1985,1621-02-14,1621-02-14,running_header,high,
V03-P0442-S01,V03-P0442,0,2669,1621-02-14,1621-02-14,inherited,medium,
V03-P0443-S01,V03-P0443,0,2680,1621-02-14,1621-02-14,running_header,high,
V03-P0444-S01,V03-P0444,0,2007,1621-02-14,1621-03-06,between_headers,medium,
V03-P0445-S01,V03-P0445,0,2517,1621-03-06,1621-03-06,running_header,high,
V03-P0446-S01,V03-P0446,0,1893,1621-03-06,1621-03-24,between_headers,medium,
V03-P0447-S01,V03-P0447,0,1816,1621-03-24,1621-03-24,running_header,high,
V03-P0448-S01,V03-P0448,0,2061,1621-03-24,1621-04-12,between_headers,medium,
V03-P0449-S01,V03-P0449,0,2601,1621-04-12,1621-04-12,running_header,high,
V03-P0450-S01,V03-P0450,0,2285,1621-04-12,1621-04-17,between_headers,medium,
V03-P0451-S01,V03-P0451,0,1990,1621-04-17,1621-04-17,running_header,high,
V03-P0452-S01,V03-P0452,0,2593,1621-04-17,1621-05-01,between_headers,medium,
V03-P0453-S01,V03-P0453,0,2142,1621-05-01,1621-05-31,running_header,high,
V03-P0454-S01,V03-P0454,0,2086,1621-05-08,1621-05-31,between_headers,medium,
V03-P0455-S01,V03-P0455,0,1884,1621-05-08,1621-05-08,running_header,high,
V03-P0456-S01,V03-P0456,0,1652,1621-05-08,1621-05-15,between_headers,medium,
V03-P0457-S01,V03-P0457,0,1783,1621-05-09,1621-05-09,running_header,low,
V03-P0458-S01,V03-P0458,0,2338,1621-05-08,1621-05-15,between_headers,medium,
V03-P0459-S01,V03-P0459,0,2059,1621-05-15,1621-05-16,running_header,high,
V03-P0460-S01,V03-P0460,0,2344,1621-05-16,1621-05-16,inherited,medium,
V03-P0461-S01,V03-P0461,0,1845,1621-05-16,1621-05-16,running_header,high,
V03-P0462-S01,V03-P0462,0,1855,1621-05-16,1621-05-16,inherited,medium,
V03-P0463-S01,V03-P0463,0,1911,1621-05-16,1621-05-16,running_header,high,
V03-P0464-S01,V03-P0464,0,2331,1621-05-16,1621-05-16,inherited,medium,
V03-P0465-S01,V03-P0465,0,2056,1621-05-16,1621-05-16,running_header,high,
V03-P0466-S01,V03-P0466,0,1495,1621-05-16,1621-05-27,between_headers,medium,
V03-P0467-S01,V03-P0467,0,2251,1621-05-27,1621-05-27,running_header,high,
V03-P0468-S01,V03-P0468,0,2502,1621-05-27,1621-05-27,inherited,medium,
V03-P0469-S01,V03-P0469,0,2050,1621-05-27,1621-05-27,running_header,high,
V03-P0470-S01,V03-P0470,0,2056,1621-05-27,1621-06-18,between_headers,medium,
V03-P0471-S01,V03-P0471,0,833,1621-06-18,1621-06-18,running_header,high,
V03-P0471-S02,V03-P0471,833,1585,1621-06-18,1621-06-18,meeting_heading,medium,[57] Att Whitehall the 18 of June. 1621 Present
V03-P0472-S01,V03-P0472,0,2087,1621-06-18,1621-06-18,continued_meeting,medium,
V03-P0473-S01,V03-P0473,0,2151,1621-06-18,1621-06-18,continued_meeting,medium,
V03-P0474-S01,V03-P0474,0,1700,1621-06-18,1621-06-18,continued_meeting,medium,
V03-P0475-S01,V03-P0475,0,2540,1621-06-18,1621-06-18,continued_meeting,medium,
V03-P0476-S01,V03-P0476,0,1722,1621-06-18,1621-06-18,continued_meeting,medium,
V03-P0477-S01,V03-P0477,0,2071,1621-06-18,1621-06-18,continued_meeting,medium,
V03-P0478-S01,V03-P0478,0,2100,1621-06-18,1621-06-18,continued_meeting,medium,
V03-P0479-S01,V03-P0479,0,1611,1621-06-18,1621-06-18,continued_meeting,medium,
V03-P0480-S01,V03-P0480,0,1470,1621-06-18,1621-06-18,continued_meeting,medium,
V03-P0481-S01,V03-P0481,0,2460,1621-06-18,1621-06-18,continued_meeting,medium,
V03-P0482-S01,V03-P0482,0,2403,1621-06-18,1621-06-18,continued_meeting,medium,
V03-P0483-S01,V03-P0483,0,2328,1621-06-18,1621-06-18,continued_meeting,medium,
V03-P0484-S01,V03-P0484,0,2514,1621-06-18,1621-06-18,continued_meeting,medium,
V03-P0485-S01,V03-P0485,0,2447,1621-06-18,1621-06-18,continued_meeting,medium,
V03-P0486-S01,V03-P0486,0,2463,1621-06-18,1621-06-18,continued_meeting,medium,
V03-P0487-S01,V03-P0487,0,2301,1621-06-18,1621-06-18,continued_meeting,medium,
V03-P0488-S01,V03-P0488,0,2318,1621-06-18,1621-06-18,continued_meeting,medium,
V03-P0489-S01,V03-P0489,0,2420,1621-06-18,1621-06-18,continued_meeting,medium,
V03-P0490-S01,V03-P0490,0,2520,1621-06-18,1621-06-18,continued_meeting,medium,
V03-P0491-S01,V03-P0491,0,2352,1621-06-18,1621-06-18,continued_meeting,medium,
V03-P0492-S01,V03-P0492,0,2438,1621-06-18,1621-06-18,continued_meeting,medium,
V03-P0493-S01,V03-P0493,0,2388,1621-06-18,1621-06-18,continued_meeting,medium,
V03-P0494-S01,V03-P0494,0,1864,1621-06-18,1621-06-18,continued_meeting,medium,
V03-P0495-S01,V03-P0495,0,2566,1621-06-18,1621-06-18,continued_meeting,medium,
V03-P0496-S01,V03-P0496,0,1950,1621-06-18,1621-06-18,continued_meeting,medium,
V03-P0497-S01,V03-P0497,0,2267,1621-06-18,1621-06-18,continued_meeting,medium,
V03-P0498-S01,V03-P0498,0,2639,1621-06-18,1621-06-18,continued_meeting,medium,
V03-P0499-S01,V03-P0499,0,2368,1621-06-18,1621-06-18,continued_meeting,medium,
V03-P0500-S01,V03-P0500,0,2527,1621-06-18,1621-06-18,continued_meeting,medium,
V03-P0501-S01,V03-P0501,0,2572,1621-06-18,1621-06-18,continued_meeting,medium,
V03-P0502-S01,V03-P0502,0,1879,1621-06-18,1621-06-18,continued_meeting,medium,
V03-P0503-S01,V03-P0503,0,1679,1621-08-11,1621-08-11,running_header,high,
V03-P0504-S01,V03-P0504,0,2136,1621-08-11,1621-08-12,between_headers,medium,
V03-P0505-S01,V03-P0505,0,2551,1621-08-12,1621-08-12,running_header,high,
V03-P0506-S01,V03-P0506,0,2566,1621-08-12,1621-08-12,inherited,medium,
V03-P0507-S01,V03-P0507,0,2405,1621-08-12,1621-08-12,running_header,high,
V03-P0508-S01,V03-P0508,0,2657,1621-08-12,1621-08-12,inherited,medium,
V03-P0509-S01,V03-P0509,0,2344,1621-08-12,1621-08-12,running_header,high,
V03-P0510-S01,V03-P0510,0,1637,1621-08-12,1621-08-24,between_headers,medium,
V03-P0511-S01,V03-P0511,0,2216,1621-08-24,1621-08-24,running_header,high,
V03-P0512-S01,V03-P0512,0,2301,1621-08-24,1621-08-24,inherited,medium,
V03-P0513-S01,V03-P0513,0,1918,1621-08-24,1621-08-24,running_header,high,
V03-P0514-S01,V03-P0514,0,2198,1621-08-24,1621-09-11,between_headers,medium,
V03-P0515-S01,V03-P0515,0,2713,1621-09-11,1621-09-11,running_header,high,
V03-P0516-S01,V03-P0516,0,2720,1621-09-11,1621-09-11,inherited,medium,
V03-P0517-S01,V03-P0517,0,2626,1621-09-11,1621-09-11,running_header,high,
V03-P0518-S01,V03-P0518,0,2566,1621-09-11,1621-09-11,inherited,medium,
V03-P0519-S01,V03-P0519,0,2163,1621-09-11,1621-09-11,running_header,high,
V03-P0520-S01,V03-P0520,0,2139,1621-09-11,1621-10-20,between_headers,low,
V03-P0521-S01,V03-P0521,0,1416,1621-10-20,1621-10-20,running_header,high,
V03-P0522-S01,V03-P0522,0,816,1621-10-20,1621-11-06,between_headers,medium,
V03-P0522-S02,V03-P0522,816,1749,1621-10-24,1621-10-24,meeting_heading,high,"[171] Att Whitehall the 24 of October, 1621 Present"
V03-P0523-S01,V03-P0523,0,2130,1621-10-24,1621-10-24,continued_meeting,high,
V03-P0524-S01,V03-P0524,0,1813,1621-10-24,1621-10-24,continued_meeting,high,
V03-P0525-S01,V03-P0525,0,2355,1621-10-24,1621-10-24,continued_meeting,high,
V03-P0526-S01,V03-P0526,0,2177,1621-10-24,1621-10-24,continued_meeting,high,
V03-P0527-S01,V03-P0527,0,1922,1621-10-24,1621-10-24,continued_meeting,high,
V03-P0528-S01,V03-P0528,0,2294,1621-10-24,1621-10-24,continued_meeting,high,
V03-P0529-S01,V03-P0529,0,2235,1621-10-24,1621-10-24,continued_meeting,high,
V03-P0530-S01,V03-P0530,0,2410,1621-10-24,1621-10-24,continued_meeting,high,
V03-P0531-S01,V03-P0531,0,2672,1621-10-24,1621-10-24,continued_meeting,high,
V03-P0532-S01,V03-P0532,0,2317,1621-10-24,1621-10-24,continued_meeting,high,
V03-P0533-S01,V03-P0533,0,2250,1621-10-24,1621-10-24,continued_meeting,high,
V03-P0534-S01,V03-P0534,0,2503,1621-10-24,1621-10-24,continued_meeting,high,
V03-P0535-S01,V03-P0535,0,2582,1621-10-24,1621-10-24,continued_meeting,high,
V03-P0536-S01,V03-P0536,0,1640,1621-10-24,1621-10-24,continued_meeting,high,
V03-P0537-S01,V03-P0537,0,2087,1621-10-24,1621-10-24,continued_meeting,high,
V03-P0538-S01,V03-P0538,0,2240,1621-10-24,1621-10-24,continued_meeting,high,
V03-P0539-S01,V03-P0539,0,2381,1621-10-24,1621-10-24,continued_meeting,high,
V03-P0540-S01,V03-P0540,0,1769,1621-10-24,1621-10-24,continued_meeting,high,
V03-P0541-S01,V03-P0541,0,1884,1621-10-24,1621-10-24,continued_meeting,high,
V03-P0542-S01,V03-P0542,0,2391,1621-10-24,1621-10-24,continued_meeting,high,
V03-P0543-S01,V03-P0543,0,2617,1621-10-24,1621-10-24,continued_meeting,high,
V03-P0544-S01,V03-P0544,0,2571,1621-10-24,1621-10-24,continued_meeting,high,
V03-P0545-S01,V03-P0545,0,2364,1621-10-24,1621-10-24,continued_meeting,high,
V03-P0546-S01,V03-P0546,0,1720,1621-10-24,1621-10-24,continued_meeting,high,
V03-P0547-S01,V03-P0547,0,1911,1621-12-23,1621-12-23,running_header,high,
V03-P0548-S01,V03-P0548,0,2101,1621-12-23,1622-01-01,between_headers,medium,
V03-P0549-S01,V03-P0549,0,1878,1621-12-23,1622-01-01,between_headers,medium,
V03-P0550-S01,V03-P0550,0,2019,1621-12-23,1622-01-01,between_headers,medium,
V03-P0551-S01,V03-P0551,0,2258,1621-12-23,1622-01-01,between_headers,medium,
V03-P0552-S01,V03-P0552,0,2425,1621-12-23,1622-01-01,between_headers,medium,
V03-P0553-S01,V03-P0553,0,2248,1621-12-23,1622-01-01,between_headers,medium,
V03-P0554-S01,V03-P0554,0,2257,1621-12-23,1622-01-01,between_headers,medium,
V03-P0555-S01,V03-P0555,0,2505,1621-12-23,1622-01-01,between_headers,medium,
V03-P0556-S01,V03-P0556,0,2566,1621-12-23,1622-01-01,between_headers,medium,
V03-P0557-S01,V03-P0557,0,2512,1621-12-23,1622-01-01,between_headers,medium,
V03-P0558-S01,V03-P0558,0,2759,1621-12-23,1622-01-01,between_headers,medium,
V03-P0559-S01,V03-P0559,0,2595,1621-12-23,1622-01-01,between_headers,medium,
V03-P0560-S01,V03-P0560,0,2478,1621-12-23,1622-01-01,between_headers,medium,
V03-P0561-S01,V03-P0561,0,2430,1621-12-23,1622-01-01,between_headers,medium,
V03-P0562-S01,V03-P0562,0,2626,1621-12-23,1622-01-01,between_headers,medium,
V03-P0563-S01,V03-P0563,0,2546,1621-12-23,1622-01-01,between_headers,medium,
V03-P0564-S01,V03-P0564,0,2628,1621-12-23,1622-01-01,between_headers,medium,
V03-P0565-S01,V03-P0565,0,2574,1621-12-23,1622-01-01,between_headers,medium,
V03-P0566-S01,V03-P0566,0,2586,1621-12-23,1622-01-01,between_headers,medium,
V03-P0567-S01,V03-P0567,0,2405,1621-12-23,1622-01-01,between_headers,medium,
V03-P0568-S01,V03-P0568,0,2385,1621-12-23,1622-01-01,between_headers,medium,
V03-P0569-S01,V03-P0569,0,2527,1621-12-23,1622-01-01,between_headers,medium,
V03-P0570-S01,V03-P0570,0,2577,1621-12-23,1622-01-01,between_headers,medium,
V03-P0571-S01,V03-P0571,0,2316,1621-12-23,1622-01-01,between_headers,medium,
V03-P0572-S01,V03-P0572,0,2336,1621-12-23,1622-01-01,between_headers,medium,
V03-P0573-S01,V03-P0573,0,2500,1621-12-23,1622-01-01,between_headers,medium,
V03-P0574-S01,V03-P0574,0,2461,1621-12-23,1622-01-01,between_headers,medium,
V03-P0575-S01,V03-P0575,0,2567,1621-12-23,1622-01-01,between_headers,medium,
V03-P0576-S01,V03-P0576,0,2582,1621-12-23,1622-01-01,between_headers,medium,
V03-P0577-S01,V03-P0577,0,1224,1621-12-23,1622-01-01,between_headers,medium,
V03-P0578-S01,V03-P0578,0,1040,1621-12-23,1622-01-01,between_headers,medium,
V03-P0579-S01,V03-P0579,0,907,1621-12-23,1622-01-01,between_headers,medium,
V03-P0580-S01,V03-P0580,0,797,1621-12-23,1622-01-01,between_headers,medium,
V03-P0581-S01,V03-P0581,0,876,1621-12-23,1622-01-01,between_headers,medium,
V03-P0582-S01,V03-P0582,0,1266,1621-12-23,1622-01-01,between_headers,medium,
V03-P0583-S01,V03-P0583,0,977,1621-12-23,1622-01-01,between_headers,medium,
V03-P0584-S01,V03-P0584,0,2437,1621-12-23,1622-01-01,between_headers,medium,
V03-P0585-S01,V03-P0585,0,2633,1621-12-23,1622-01-01,between_headers,medium,
V03-P0586-S01,V03-P0586,0,2457,1621-12-23,1622-01-01,between_headers,medium,
V03-P0587-S01,V03-P0587,0,2005,1621-12-23,1622-01-01,between_headers,medium,
V03-P0588-S01,V03-P0588,0,2453,1621-12-23,1622-01-01,between_headers,medium,
V03-P0589-S01,V03-P0589,0,1888,1621-12-23,1622-01-01,between_headers,medium,
V03-P0590-S01,V03-P0590,0,1711,1621-12-23,1622-01-01,between_headers,medium,
V03-P0591-S01,V03-P0591,0,1060,1621-12-23,1622-01-01,between_headers,medium,
V03-P0592-S01,V03-P0592,0,2107,1621-12-23,1622-01-01,between_headers,medium,
V03-P0593-S01,V03-P0593,0,719,1621-12-23,1622-01-01,between_headers,medium,
V03-P0594-S01,V03-P0594,0,1453,1621-12-23,1622-01-01,between_headers,medium,
V03-P0595-S01,V03-P0595,0,700,1621-12-23,1622-01-01,between_headers,medium,
V03-P0596-S01,V03-P0596,0,0,1621-12-23,1622-01-01,between_headers,medium,
V03-P0597-S01,V03-P0597,0,1948,1622-01-01,1622-01-31,running_header,high,
V03-P0598-S01,V03-P0598,0,2657,1622-01-01,1622-01-31,between_headers,medium,
V03-P0599-S01,V03-P0599,0,2398,1622-01-01,1622-01-31,running_header,high,
V03-P0600-S01,V03-P0600,0,2493,1622-01-01,1622-01-31,between_headers,medium,
V03-P0601-S01,V03-P0601,0,2503,1622-01-01,1622-01-31,running_header,high,
V03-P0602-S01,V03-P0602,0,2521,1622-01-01,1622-01-31,between_headers,medium,
V03-P0603-S01,V03-P0603,0,2254,1622-01-01,1622-01-31,running_header,high,
V03-P0604-S01,V03-P0604,0,1850,1622-01-14,1622-01-31,between_headers,medium,
V03-P0605-S01,V03-P0605,0,1871,1622-01-14,1622-01-14,running_header,high,
V03-P0606-S01,V03-P0606,0,1681,1622-01-14,1622-01-16,between_headers,medium,
V03-P0607-S01,V03-P0607,0,2230,1622-01-16,1622-01-16,running_header,high,
V03-P0608-S01,V03-P0608,0,2028,1622-01-16,1622-01-30,between_headers,medium,
V03-P0609-S01,V03-P0609,0,2542,1622-01-30,1622-01-30,running_header,high,
V03-P0610-S01,V03-P0610,0,2413,1622-01-30,1622-01-30,inherited,medium,
V03-P0611-S01,V03-P0611,0,2393,1622-01-30,1622-01-30,running_header,high,
V03-P0612-S01,V03-P0612,0,2504,1622-01-30,1622-01-30,inherited,medium,
V03-P0613-S01,V03-P0613,0,2437,1622-01-30,1622-01-30,running_header,high,
V03-P0614-S01,V03-P0614,0,1995,1622-01-30,1622-02-19,between_headers,medium,
V03-P0615-S01,V03-P0615,0,2635,1622-02-19,1622-02-19,running_header,high,
V03-P0616-S01,V03-P0616,0,2551,1622-02-19,1622-02-19,inherited,medium,
V03-P0617-S01,V03-P0617,0,2710,1622-02-19,1622-02-19,running_header,high,
V03-P0618-S01,V03-P0618,0,1686,1622-02-19,1622-04-12,between_headers,low,
V03-P0618-S02,V03-P0618,1686,2252,1622-02-25,1622-02-25,meeting_heading,high,At a Court held y® Sum* Ilands 25 Feb 1621 The Cotttittee appointed by the last Quarter Courte to meete upon Mondayes in the afternoone to advise and consider o
V03-P0619-S01,V03-P0619,0,1446,1622-02-25,1622-02-25,continued_meeting,high,
V03-P0620-S01,V03-P0620,0,1792,1622-02-25,1622-02-25,continued_meeting,high,
V03-P0621-S01,V03-P0621,0,2162,1622-04-12,1622-04-12,running_header,low,
V03-P0622-S01,V03-P0622,0,2405,1622-02-25,1622-02-25,continued_meeting,high,
V03-P0623-S01,V03-P0623,0,2306,1622-04-12,1622-04-12,running_header,high,
V03-P0624-S01,V03-P0624,0,1921,1622-04-12,1622-04-18,between_headers,medium,
V03-P0625-S01,V03-P0625,0,1637,1622-04-18,1622-04-18,running_header,high,
V03-P0626-S01,V03-P0626,0,1654,1622-04-18,1622-04-20,between_headers,medium,
V03-P0627-S01,V03-P0627,0,1655,1622-04-20,1622-04-20,running_header,high,
V03-P0628-S01,V03-P0628,0,2589,1622-04-20,1622-04-20,inherited,medium,
V03-P0629-S01,V03-P0629,0,2586,1622-04-20,1622-04-20,running_header,high,
V03-P0630-S01,V03-P0630,0,2563,1622-04-20,1622-04-22,between_headers,medium,
V03-P0631-S01,V03-P0631,0,2003,1622-04-22,1622-04-22,running_header,high,
V03-P0632-S01,V03-P0632,0,1888,1622-04-22,1622-05-01,between_headers,medium,
V03-P0633-S01,V03-P0633,0,1543,1622-04-30,1622-04-30,running_header,low,
V03-P0634-S01,V03-P0634,0,1601,1622-04-22,1622-05-01,between_headers,medium,
V03-P0635-S01,V03-P0635,0,1855,1622-05-01,1622-05-31,running_header,high,
V03-P0636-S01,V03-P0636,0,2104,1622-05-06,1622-05-31,between_headers,medium,
V03-P0637-S01,V03-P0637,0,2460,1622-05-06,1622-05-06,running_header,high,
V03-P0638-S01,V03-P0638,0,1876,1622-05-06,1622-05-22,between_headers,medium,
V03-P0639-S01,V03-P0639,0,1672,1622-05-22,1622-05-22,running_header,high,
V03-P0640-S01,V03-P0640,0,2516,1622-05-22,1622-05-22,inherited,medium,
V03-P0641-S01,V03-P0641,0,2497,1622-05-22,1622-05-22,inherited,medium,
V03-P0642-S01,V03-P0642,0,2358,1622-05-22,1622-05-22,inherited,medium,
V03-P0643-S01,V03-P0643,0,2438,1622-05-22,1622-05-22,running_header,high,
V03-P0644-S01,V03-P0644,0,1876,1622-05-22,1622-05-22,inherited,medium,
V03-P0645-S01,V03-P0645,0,1930,1622-05-22,1622-05-22,running_header,high,
V03-P0646-S01,V03-P0646,0,2537,1622-05-22,1622-05-22,inherited,medium,
V03-P0647-S01,V03-P0647,0,2264,1622-05-22,1622-05-22,running_header,high,
V03-P0648-S01,V03-P0648,0,2568,1622-05-22,1622-05-22,inherited,medium,
V03-P0649-S01,V03-P0649,0,2219,1622-05-22,1622-05-22,running_header,high,
V03-P0650-S01,V03-P0650,0,2231,1622-05-22,1622-05-22,inherited,medium,
V03-P0651-S01,V03-P0651,0,2467,1622-05-22,1622-05-22,running_header,high,
V03-P0652-S01,V03-P0652,0,2265,1622-05-01,1622-05-22,between_headers,medium,
V03-P0653-S01,V03-P0653,0,2048,1622-05-30,1622-05-30,running_header,low,
V03-P0654-S01,V03-P0654,0,2155,1622-05-01,1622-05-22,between_headers,medium,
V03-P0655-S01,V03-P0655,0,1976,1622-05-01,1622-05-31,running_header,high,
V03-P0656-S01,V03-P0656,0,1868,1622-05-01,1622-05-31,between_headers,medium,
V03-P0657-S01,V03-P0657,0,2140,1622-05-01,1622-05-31,running_header,high,
V03-P0658-S01,V03-P0658,0,2274,1622-05-31,1622-06-02,between_headers,medium,
V03-P0659-S01,V03-P0659,0,22,1622-05-01,1622-05-31,running_header,low,
V03-P0659-S02,V03-P0659,22,1752,1622-05-01,1622-05-31,running_header; heading_date_rejected,low,"At a Quarter Court held the 30. of January 1621. by a person not Los d willing as yet to be knowne, was sent in gold to helpe forward the Hast} 25. 00. 00. Indi"
V03-P0660-S01,V03-P0660,0,1877,1622-05-31,1622-06-02,between_headers,medium,
V03-P0661-S01,V03-P0661,0,1918,1622-06-02,1622-06-02,running_header,high,
V03-P0662-S01,V03-P0662,0,2300,1622-06-02,1622-06-10,between_headers,medium,
V03-P0663-S01,V03-P0663,0,2152,1622-06-10,1622-06-10,running_header,high,
V03-P0664-S01,V03-P0664,0,2482,1622-06-10,1622-06-10,inherited,medium,
V03-P0665-S01,V03-P0665,0,2558,1622-06-10,1622-06-10,running_header,high,
V03-P0666-S01,V03-P0666,0,2474,1622-06-10,1622-06-10,inherited,medium,
V03-P0667-S01,V03-P0667,0,2072,1622-06-10,1622-06-10,running_header,high,
V03-P0668-S01,V03-P0668,0,1196,1622-06-10,1622-06-17,between_headers,medium,
V03-P0669-S01,V03-P0669,0,2119,1622-06-17,1622-06-17,running_header,high,
V03-P0670-S01,V03-P0670,0,2168,1622-06-17,1622-06-17,inherited,medium,
V03-P0671-S01,V03-P0671,0,1758,1622-06-17,1622-06-17,running_header,high,
V03-P0672-S01,V03-P0672,0,2438,1622-06-17,1622-06-20,between_headers,medium,
V03-P0673-S01,V03-P0673,0,2338,1622-06-20,1622-06-20,running_header,high,
V03-P0674-S01,V03-P0674,0,2145,1622-06-20,1622-06-21,between_headers,medium,
V03-P0675-S01,V03-P0675,0,2040,1622-06-21,1622-06-21,running_header,high,
V03-P0676-S01,V03-P0676,0,1974,1622-06-21,1622-07-09,between_headers,medium,
V03-P0677-S01,V03-P0677,0,2107,1622-07-09,1622-07-09,running_header,high,
V03-P0678-S01,V03-P0678,0,1912,1622-07-09,1622-07-09,inherited,medium,
V03-P0679-S01,V03-P0679,0,2553,1622-07-09,1622-07-09,running_header,high,
V03-P0680-S01,V03-P0680,0,2268,1622-07-09,1622-07-17,between_headers,medium,
V03-P0681-S01,V03-P0681,0,2080,1622-07-17,1622-07-29,running_header,high,
V03-P0682-S01,V03-P0682,0,2281,1622-07-29,1622-08-01,between_headers,medium,
V03-P0683-S01,V03-P0683,0,2590,1622-08-01,1622-08-01,running_header,high,
V03-P0684-S01,V03-P0684,0,2626,1622-08-01,1622-08-01,inherited,medium,
V03-P0685-S01,V03-P0685,0,2624,1622-08-01,1622-08-01,running_header,high,
V03-P0686-S01,V03-P0686,0,2528,1622-08-01,1622-08-01,inherited,medium,
V03-P0687-S01,V03-P0687,0,2484,1622-08-01,1622-08-01,running_header,high,
V03-P0688-S01,V03-P0688,0,2710,1622-08-01,1622-08-01,inherited,medium,
V03-P0689-S01,V03-P0689,0,1695,1622-08-01,1622-08-01,running_header,high,
V03-P0690-S01,V03-P0690,0,946,1622-08-01,1622-09-01,between_headers,medium,
V03-P0691-S01,V03-P0691,0,1438,1622-09-01,1622-09-01,running_header,high,
V03-P0692-S01,V03-P0692,0,1535,1622-09-01,1622-09-01,inherited,medium,
V03-P0693-S01,V03-P0693,0,1165,1622-09-01,1622-09-01,running_header,high,
V03-P0694-S01,V03-P0694,0,2354,1622-09-01,1622-09-23,between_headers,medium,
V03-P0695-S01,V03-P0695,0,2086,1622-09-23,1622-09-23,running_header,high,
V03-P0696-S01,V03-P0696,0,1504,1622-09-23,1622-10-07,between_headers,medium,
V03-P0697-S01,V03-P0697,0,2081,1622-09-23,1622-10-07,between_headers,medium,
V03-P0698-S01,V03-P0698,0,1586,1622-09-23,1622-10-07,between_headers,medium,
V03-P0699-S01,V03-P0699,0,2245,1622-10-07,1622-10-07,running_header,high,
V03-P0700-S01,V03-P0700,0,2559,1622-10-07,1622-10-07,inherited,medium,
V03-P0701-S01,V03-P0701,0,2609,1622-10-07,1622-10-07,running_header,high,
V03-P0702-S01,V03-P0702,0,2625,1622-10-07,1622-10-07,inherited,medium,
V03-P0703-S01,V03-P0703,0,2505,1622-10-07,1622-10-07,running_header,high,
V03-P0704-S01,V03-P0704,0,2626,1622-10-07,1622-10-07,inherited,medium,
V03-P0705-S01,V03-P0705,0,2279,1622-10-07,1622-10-07,running_header,high,
V03-P0706-S01,V03-P0706,0,2113,1622-10-07,1622-10-18,between_headers,medium,
V03-P0707-S01,V03-P0707,0,2214,1622-10-18,1622-10-18,running_header,low,
V03-P0708-S01,V03-P0708,0,1758,1622-10-07,1622-10-18,between_headers,medium,
V03-P0709-S01,V03-P0709,0,2431,1622-10-14,1622-10-14,running_header,low,
V03-P0710-S01,V03-P0710,0,2452,1622-10-07,1622-10-18,between_headers,medium,
V03-P0711-S01,V03-P0711,0,1860,1622-10-18,1622-10-18,running_header,high,
V03-P0712-S01,V03-P0712,0,1966,1622-10-18,1622-10-28,between_headers,medium,
V03-P0713-S01,V03-P0713,0,2112,1622-10-28,1622-10-28,running_header,high,
V03-P0714-S01,V03-P0714,0,2321,1622-10-28,1622-11-02,between_headers,medium,
V03-P0715-S01,V03-P0715,0,1768,1622-11-02,1622-11-02,running_header,high,
V03-P0716-S01,V03-P0716,0,2282,1622-11-02,1622-12-09,between_headers,low,
V03-P0717-S01,V03-P0717,0,2321,1622-12-09,1622-12-09,running_header,high,
V03-P0718-S01,V03-P0718,0,1871,1622-12-09,1622-12-10,between_headers,medium,
V03-P0719-S01,V03-P0719,0,1965,1622-12-10,1622-12-10,running_header,high,
V03-P0720-S01,V03-P0720,0,1665,1622-12-10,1622-12-16,between_headers,medium,
V03-P0721-S01,V03-P0721,0,1876,1622-12-01,1622-12-31,running_header,low,
V03-P0722-S01,V03-P0722,0,1897,1622-12-10,1622-12-16,between_headers,medium,
V03-P0723-S01,V03-P0723,0,2023,1622-12-16,1622-12-16,running_header,high,
V03-P0724-S01,V03-P0724,0,2315,1622-12-16,1622-12-16,inherited,medium,
V03-P0725-S01,V03-P0725,0,2047,1622-12-16,1622-12-16,running_header,high,
V03-P0726-S01,V03-P0726,0,1396,1622-12-16,1622-12-16,inherited,medium,
V03-P0727-S01,V03-P0727,0,2352,1622-12-16,1622-12-16,inherited,medium,
V03-P0728-S01,V03-P0728,0,3050,1622-12-16,1622-12-16,inherited,medium,
V03-P0729-S01,V03-P0729,0,2692,1622-12-16,1622-12-16,inherited,medium,
V03-P0730-S01,V03-P0730,0,2679,1622-12-16,1622-12-16,inherited,medium,
V03-P0731-S01,V03-P0731,0,2842,1622-12-16,1622-12-16,inherited,medium,
V03-P0732-S01,V03-P0732,0,2454,1622-12-16,1622-12-16,inherited,medium,
V03-P0733-S01,V03-P0733,0,2703,1622-12-16,1622-12-16,inherited,medium,
V03-P0734-S01,V03-P0734,0,2494,1622-12-16,1622-12-16,inherited,medium,
V03-P0735-S01,V03-P0735,0,2810,1622-12-16,1622-12-16,inherited,medium,
V03-P0736-S01,V03-P0736,0,2691,1622-12-16,1622-12-16,inherited,medium,
V03-P0737-S01,V03-P0737,0,2825,1622-12-16,1622-12-16,inherited,medium,
V03-P0738-S01,V03-P0738,0,2635,1622-12-16,1622-12-16,inherited,medium,
V03-P0739-S01,V03-P0739,0,2673,1622-12-16,1622-12-16,inherited,medium,
V03-P0740-S01,V03-P0740,0,2975,1622-12-16,1622-12-16,inherited,medium,
V03-P0741-S01,V03-P0741,0,2786,1622-12-16,1622-12-16,inherited,medium,
V03-P0742-S01,V03-P0742,0,2658,1622-12-16,1622-12-16,inherited,medium,
V03-P0743-S01,V03-P0743,0,2676,1622-12-16,1622-12-16,inherited,medium,
V03-P0744-S01,V03-P0744,0,2513,1622-12-16,1622-12-16,inherited,medium,
V03-P0745-S01,V03-P0745,0,2639,1622-12-16,1622-12-16,inherited,medium,
V03-P0746-S01,V03-P0746,0,2924,1622-12-16,1622-12-16,inherited,medium,
V03-P0747-S01,V03-P0747,0,2599,1622-12-16,1622-12-16,inherited,medium,
V03-P0748-S01,V03-P0748,0,2659,1622-12-16,1622-12-16,inherited,medium,
V03-P0749-S01,V03-P0749,0,2651,1622-12-16,1622-12-16,inherited,medium,
V03-P0750-S01,V03-P0750,0,2609,1622-12-16,1622-12-16,inherited,medium,
V03-P0751-S01,V03-P0751,0,2674,1622-12-16,1622-12-16,inherited,medium,
V03-P0752-S01,V03-P0752,0,2715,1622-12-16,1622-12-16,inherited,medium,
V03-P0753-S01,V03-P0753,0,2779,1622-12-16,1622-12-16,inherited,medium,
V03-P0754-S01,V03-P0754,0,2537,1622-12-16,1622-12-16,inherited,medium,
V03-P0755-S01,V03-P0755,0,2442,1622-12-16,1622-12-16,inherited,medium,
V03-P0756-S01,V03-P0756,0,2536,1622-12-16,1622-12-16,inherited,medium,
V03-P0757-S01,V03-P0757,0,2694,1622-12-16,1622-12-16,inherited,medium,
V03-P0758-S01,V03-P0758,0,2831,1622-12-16,1622-12-16,inherited,medium,
V03-P0759-S01,V03-P0759,0,2641,1622-12-16,1622-12-16,inherited,medium,
V03-P0760-S01,V03-P0760,0,2623,1622-12-16,1622-12-16,inherited,medium,
V03-P0761-S01,V03-P0761,0,2820,1622-12-16,1622-12-16,inherited,medium,
V03-P0762-S01,V03-P0762,0,2887,1622-12-16,1622-12-16,inherited,medium,
V03-P0763-S01,V03-P0763,0,2906,1622-12-16,1622-12-16,inherited,medium,
V03-P0764-S01,V03-P0764,0,2676,1622-12-16,1622-12-16,inherited,medium,
V03-P0765-S01,V03-P0765,0,2810,1622-12-16,1622-12-16,inherited,medium,
V04-P0001-S01,V04-P0001,0,1978,1623-01-03,1623-01-03,inherited,medium,
V04-P0002-S01,V04-P0002,0,2302,1623-01-03,1623-01-03,inherited,medium,
V04-P0003-S01,V04-P0003,0,2014,1623-01-03,1623-01-03,inherited,medium,
V04-P0004-S01,V04-P0004,0,2096,1623-01-03,1623-01-03,inherited,medium,
V04-P0005-S01,V04-P0005,0,2739,1623-01-03,1623-01-03,running_header,high,
V04-P0006-S01,V04-P0006,0,1223,1623-01-03,1623-01-20,between_headers,medium,
V04-P0007-S01,V04-P0007,0,1984,1623-01-20,1623-01-20,running_header,high,
V04-P0008-S01,V04-P0008,0,2453,1623-01-20,1623-01-20,inherited,medium,
V04-P0009-S01,V04-P0009,0,2274,1623-01-20,1623-01-20,inherited,medium,
V04-P0010-S01,V04-P0010,0,2576,1623-01-20,1623-01-20,inherited,medium,
V04-P0011-S01,V04-P0011,0,2513,1623-01-20,1623-01-20,running_header,high,
V04-P0012-S01,V04-P0012,0,2449,1623-01-20,1623-02-01,between_headers,medium,
V04-P0013-S01,V04-P0013,0,2031,1623-01-20,1623-02-01,between_headers,medium,
V04-P0014-S01,V04-P0014,0,2305,1623-01-20,1623-02-01,between_headers,medium,
V04-P0015-S01,V04-P0015,0,1579,1623-01-20,1623-02-01,between_headers,medium,
V04-P0016-S01,V04-P0016,0,1699,1623-01-20,1623-02-01,between_headers,medium,
V04-P0017-S01,V04-P0017,0,1721,1623-02-01,1623-02-28,running_header,high,
V04-P0018-S01,V04-P0018,0,1058,1623-02-28,1623-03-01,between_headers,medium,
V04-P0019-S01,V04-P0019,0,1386,1623-02-14,1623-02-14,running_header,low,
V04-P0020-S01,V04-P0020,0,2137,1623-02-28,1623-03-01,between_headers,medium,
V04-P0021-S01,V04-P0021,0,2534,1623-02-28,1623-03-01,between_headers,medium,
V04-P0022-S01,V04-P0022,0,2560,1623-02-28,1623-03-01,between_headers,medium,
V04-P0023-S01,V04-P0023,0,2478,1623-03-01,1623-03-31,running_header,high,
V04-P0024-S01,V04-P0024,0,1995,1623-03-01,1623-03-31,between_headers,medium,
V04-P0025-S01,V04-P0025,0,2244,1623-03-01,1623-03-31,running_header,high,
V04-P0026-S01,V04-P0026,0,2454,1623-03-01,1623-03-31,between_headers,medium,
V04-P0027-S01,V04-P0027,0,2097,1623-03-01,1623-03-31,between_headers,medium,
V04-P0028-S01,V04-P0028,0,2099,1623-03-01,1623-03-31,between_headers,medium,
V04-P0029-S01,V04-P0029,0,2166,1623-03-09,1623-03-09,running_header,low,
V04-P0030-S01,V04-P0030,0,2080,1623-03-01,1623-03-31,between_headers,medium,
V04-P0031-S01,V04-P0031,0,2425,1623-03-01,1623-03-31,between_headers,medium,
V04-P0032-S01,V04-P0032,0,2249,1623-03-01,1623-03-31,between_headers,medium,
V04-P0033-S01,V04-P0033,0,2228,1623-03-01,1623-03-31,running_header,high,
V04-P0034-S01,V04-P0034,0,1943,1623-03-01,1623-03-31,between_headers,medium,
V04-P0035-S01,V04-P0035,0,2170,1623-03-01,1623-03-31,between_headers,medium,
V04-P0036-S01,V04-P0036,0,2475,1623-03-01,1623-03-31,between_headers,medium,
V04-P0037-S01,V04-P0037,0,1881,1623-03-01,1624-07-31,running_header,high,
V04-P0038-S01,V04-P0038,0,1637,1623-03-05,1624-07-31,between_headers,low,
V04-P0039-S01,V04-P0039,0,2328,1623-03-05,1623-03-05,running_header,high,
V04-P0040-S01,V04-P0040,0,1976,1623-03-05,1623-03-17,between_headers,medium,
V04-P0041-S01,V04-P0041,0,1306,1623-03-17,1623-03-17,running_header,high,
V04-P0041-S02,V04-P0041,1306,2302,1623-03-17,1623-03-17,meeting_heading,high,{An extraordinary Court held for the Sumer Ilundes on Monday in the afternoone the 17 of March 1622. Present.
V04-P0042-S01,V04-P0042,0,2328,1623-03-17,1623-03-17,continued_meeting,high,
V04-P0043-S01,V04-P0043,0,2407,1623-03-17,1623-03-17,continued_meeting,high,
V04-P0044-S01,V04-P0044,0,1885,1623-03-17,1623-03-17,continued_meeting,high,
V04-P0045-S01,V04-P0045,0,1839,1623-03-17,1623-03-17,continued_meeting,high,
V04-P0046-S01,V04-P0046,0,1320,1623-03-17,1623-03-17,continued_meeting,high,
V04-P0047-S01,V04-P0047,0,2121,1623-03-17,1623-03-17,continued_meeting,high,
V04-P0048-S01,V04-P0048,0,2618,1623-03-17,1623-03-17,continued_meeting,high,
V04-P0049-S01,V04-P0049,0,2145,1623-03-17,1623-03-17,continued_meeting,high,
V04-P0050-S01,V04-P0050,0,1049,1623-03-17,1623-03-17,continued_meeting,high,
V04-P0051-S01,V04-P0051,0,2095,1623-03-17,1623-03-17,continued_meeting,high,
V04-P0052-S01,V04-P0052,0,2418,1623-03-17,1623-03-17,continued_meeting,high,
V04-P0053-S01,V04-P0053,0,2219,1623-03-17,1623-03-17,continued_meeting,high,
V04-P0054-S01,V04-P0054,0,2371,1623-03-17,1623-03-17,continued_meeting,high,
V04-P0055-S01,V04-P0055,0,1346,1623-03-17,1623-03-17,continued_meeting,high,
V04-P0056-S01,V04-P0056,0,2392,1623-03-17,1623-03-17,continued_meeting,high,
V04-P0057-S01,V04-P0057,0,2715,1623-03-17,1623-03-17,continued_meeting,high,
V04-P0058-S01,V04-P0058,0,2222,1623-03-17,1623-03-17,continued_meeting,high,
V04-P0059-S01,V04-P0059,0,2421,1623-03-17,1623-03-17,continued_meeting,high,
V04-P0060-S01,V04-P0060,0,1762,1623-03-17,1623-03-17,continued_meeting,high,
V04-P0061-S01,V04-P0061,0,1881,1623-03-17,1623-03-17,continued_meeting,high,
V04-P0062-S01,V04-P0062,0,2102,1623-03-17,1623-03-17,continued_meeting,high,
V04-P0063-S01,V04-P0063,0,2862,1623-03-17,1623-03-17,continued_meeting,high,
V04-P0064-S01,V04-P0064,0,2583,1623-03-17,1623-03-17,continued_meeting,high,
V04-P0065-S01,V04-P0065,0,2643,1623-03-17,1623-03-17,continued_meeting,high,
V04-P0066-S01,V04-P0066,0,1225,1623-03-17,1623-03-17,continued_meeting,high,
V04-P0067-S01,V04-P0067,0,2160,1623-03-17,1623-03-17,continued_meeting,high,
V04-P0068-S01,V04-P0068,0,1728,1623-03-17,1623-03-17,continued_meeting,high,
V04-P0069-S01,V04-P0069,0,2760,1623-03-17,1623-03-17,continued_meeting,high,
V04-P0070-S01,V04-P0070,0,2054,1623-03-17,1623-03-17,continued_meeting,high,
V04-P0071-S01,V04-P0071,0,2484,1623-03-17,1623-03-17,continued_meeting,high,
V04-P0072-S01,V04-P0072,0,2879,1623-03-17,1623-03-17,continued_meeting,high,
V04-P0073-S01,V04-P0073,0,1603,1623-03-17,1623-03-17,continued_meeting,high,
V04-P0074-S01,V04-P0074,0,2300,1623-03-17,1623-03-17,continued_meeting,high,
V04-P0075-S01,V04-P0075,0,2337,1623-03-17,1623-03-17,continued_meeting,high,
V04-P0076-S01,V04-P0076,0,2478,1623-03-17,1623-03-17,continued_meeting,high,
V04-P0077-S01,V04-P0077,0,1417,1623-03-17,1623-03-17,continued_meeting,high,
V04-P0078-S01,V04-P0078,0,1177,1623-03-17,1623-03-17,continued_meeting,high,
V04-P0079-S01,V04-P0079,0,1443,1623-03-17,1623-03-17,continued_meeting,high,
V04-P0080-S01,V04-P0080,0,2053,1623-03-17,1623-03-17,continued_meeting,high,
V04-P0081-S01,V04-P0081,0,1906,1623-03-17,1623-03-17,continued_meeting,high,
V04-P0082-S01,V04-P0082,0,1568,1623-03-17,1623-03-17,continued_meeting,high,
V04-P0083-S01,V04-P0083,0,2195,1623-03-17,1623-03-17,continued_meeting,high,
V04-P0084-S01,V04-P0084,0,2627,1623-03-17,1623-03-17,continued_meeting,high,
V04-P0085-S01,V04-P0085,0,1205,1623-03-17,1623-03-17,continued_meeting,high,
V04-P0086-S01,V04-P0086,0,1092,1623-03-17,1623-03-17,continued_meeting,high,
V04-P0087-S01,V04-P0087,0,2134,1623-03-17,1623-03-17,continued_meeting,high,
V04-P0088-S01,V04-P0088,0,1323,1623-03-17,1623-03-17,continued_meeting,high,
V04-P0089-S01,V04-P0089,0,1048,1623-03-17,1623-03-17,continued_meeting,high,
V04-P0090-S01,V04-P0090,0,2025,1623-05-31,1623-09-01,between_headers,low,
V04-P0091-S01,V04-P0091,0,2025,1623-06-01,1623-06-30,running_header,low,
V04-P0092-S01,V04-P0092,0,1539,1623-05-31,1623-09-01,between_headers,low,
V04-P0093-S01,V04-P0093,0,90,1623-05-31,1623-09-01,between_headers,low,
V04-P0094-S01,V04-P0094,0,68,1623-05-31,1623-09-01,between_headers,low,
V04-P0095-S01,V04-P0095,0,603,1623-05-31,1623-09-01,between_headers,low,
V04-P0096-S01,V04-P0096,0,0,1623-05-31,1623-09-01,between_headers,low,
V04-P0097-S01,V04-P0097,0,1922,1623-09-01,1623-09-30,running_header,low,
V04-P0098-S01,V04-P0098,0,1878,1623-05-31,1623-09-01,between_headers,low,
V04-P0099-S01,V04-P0099,0,1919,1623-09-01,1623-09-30,running_header,high,
V04-P0100-S01,V04-P0100,0,2187,1623-03-17,1623-03-17,continued_meeting,high,
V04-P0101-S01,V04-P0101,0,2449,1623-03-17,1623-03-17,continued_meeting,high,
V04-P0102-S01,V04-P0102,0,2459,1623-03-17,1623-03-17,continued_meeting,high,
V04-P0103-S01,V04-P0103,0,1292,1623-03-17,1623-03-17,continued_meeting,high,
V04-P0104-S01,V04-P0104,0,2073,1623-03-17,1623-03-17,continued_meeting,high,
V04-P0105-S01,V04-P0105,0,1698,1623-03-17,1623-03-17,continued_meeting,high,
V04-P0106-S01,V04-P0106,0,2224,1623-03-17,1623-03-17,continued_meeting,high,
V04-P0107-S01,V04-P0107,0,2578,1623-03-17,1623-03-17,continued_meeting,high,
V04-P0108-S01,V04-P0108,0,1831,1623-03-17,1623-03-17,continued_meeting,high,
V04-P0109-S01,V04-P0109,0,2573,1623-03-17,1623-03-17,continued_meeting,high,
V04-P0110-S01,V04-P0110,0,2456,1623-03-17,1623-03-17,continued_meeting,high,
V04-P0111-S01,V04-P0111,0,2482,1623-03-17,1623-03-17,continued_meeting,high,
V04-P0112-S01,V04-P0112,0,1719,1623-03-17,1623-03-17,continued_meeting,high,
V04-P0113-S01,V04-P0113,0,1908,1623-03-17,1623-03-17,continued_meeting,high,
V04-P0114-S01,V04-P0114,0,1479,1623-03-17,1623-03-17,continued_meeting,high,
V04-P0115-S01,V04-P0115,0,1885,1623-03-17,1623-03-17,continued_meeting,high,
V04-P0116-S01,V04-P0116,0,1995,1623-03-17,1623-03-17,continued_meeting,high,
V04-P0117-S01,V04-P0117,0,2380,1623-03-17,1623-03-17,continued_meeting,high,
V04-P0118-S01,V04-P0118,0,1933,1623-03-17,1623-03-17,continued_meeting,high,
V04-P0119-S01,V04-P0119,0,2032,1623-03-17,1623-03-17,continued_meeting,high,
V04-P0120-S01,V04-P0120,0,1854,1623-03-17,1623-03-17,continued_meeting,high,
V04-P0121-S01,V04-P0121,0,2187,1623-03-17,1623-03-17,continued_meeting,high,
V04-P0122-S01,V04-P0122,0,2567,1623-03-17,1623-03-17,continued_meeting,high,
V04-P0123-S01,V04-P0123,0,2547,1623-03-17,1623-03-17,continued_meeting,high,
V04-P0124-S01,V04-P0124,0,1347,1623-03-17,1623-03-17,continued_meeting,high,
V04-P0125-S01,V04-P0125,0,1706,1623-03-17,1623-03-17,continued_meeting,high,
V04-P0126-S01,V04-P0126,0,2075,1623-03-17,1623-03-17,continued_meeting,high,
V04-P0127-S01,V04-P0127,0,2219,1623-03-17,1623-03-17,continued_meeting,high,
V04-P0128-S01,V04-P0128,0,2137,1623-03-17,1623-03-17,continued_meeting,high,
V04-P0129-S01,V04-P0129,0,2084,1623-03-17,1623-03-17,continued_meeting,high,
V04-P0130-S01,V04-P0130,0,1393,1623-03-17,1623-03-17,continued_meeting,high,
V04-P0131-S01,V04-P0131,0,2073,1623-03-17,1623-03-17,continued_meeting,high,
V04-P0132-S01,V04-P0132,0,2142,1623-03-17,1623-03-17,continued_meeting,high,
V04-P0133-S01,V04-P0133,0,2266,1623-03-17,1623-03-17,continued_meeting,high,
V04-P0134-S01,V04-P0134,0,2392,1623-03-17,1623-03-17,continued_meeting,high,
V04-P0135-S01,V04-P0135,0,2626,1623-03-17,1623-03-17,continued_meeting,high,
V04-P0136-S01,V04-P0136,0,2162,1623-03-17,1623-03-17,continued_meeting,high,
V04-P0137-S01,V04-P0137,0,2523,1623-03-17,1623-03-17,continued_meeting,high,
V04-P0138-S01,V04-P0138,0,2409,1623-03-17,1623-03-17,continued_meeting,high,
V04-P0139-S01,V04-P0139,0,2417,1623-03-17,1623-03-17,continued_meeting,high,
V04-P0140-S01,V04-P0140,0,2371,1623-03-17,1623-03-17,continued_meeting,high,
V04-P0141-S01,V04-P0141,0,2534,1623-03-17,1623-03-17,continued_meeting,high,
V04-P0142-S01,V04-P0142,0,2578,1623-03-17,1623-03-17,continued_meeting,high,
V04-P0143-S01,V04-P0143,0,2447,1623-03-17,1623-03-17,continued_meeting,high,
V04-P0144-S01,V04-P0144,0,2126,1623-03-17,1623-03-17,continued_meeting,high,
V04-P0145-S01,V04-P0145,0,2420,1623-03-17,1623-03-17,continued_meeting,high,
V04-P0146-S01,V04-P0146,0,2578,1623-03-17,1623-03-17,continued_meeting,high,
V04-P0147-S01,V04-P0147,0,2513,1623-03-17,1623-03-17,continued_meeting,high,
V04-P0148-S01,V04-P0148,0,2284,1623-03-17,1623-03-17,continued_meeting,high,
V04-P0149-S01,V04-P0149,0,2305,1623-03-17,1623-03-17,continued_meeting,high,
V04-P0150-S01,V04-P0150,0,2457,1623-03-17,1623-03-17,continued_meeting,high,
V04-P0151-S01,V04-P0151,0,2204,1623-03-17,1623-03-17,continued_meeting,high,
V04-P0152-S01,V04-P0152,0,2409,1623-03-17,1623-03-17,continued_meeting,high,
V04-P0153-S01,V04-P0153,0,2422,1623-03-17,1623-03-17,continued_meeting,high,
V04-P0154-S01,V04-P0154,0,1827,1623-05-31,1623-06-01,between_headers,medium,
V04-P0155-S01,V04-P0155,0,2117,1623-05-02,1623-05-02,running_header,low,
V04-P0156-S01,V04-P0156,0,2498,1623-05-31,1623-06-01,between_headers,medium,
V04-P0157-S01,V04-P0157,0,1835,1623-03-17,1623-03-17,continued_meeting,high,
V04-P0158-S01,V04-P0158,0,2302,1623-05-31,1623-06-01,between_headers,medium,
V04-P0159-S01,V04-P0159,0,1445,1623-03-17,1623-03-17,continued_meeting,high,
V04-P0160-S01,V04-P0160,0,1891,1623-05-31,1623-06-01,between_headers,medium,
V04-P0161-S01,V04-P0161,0,2245,1623-06-01,1623-06-30,running_header,high,
V04-P0162-S01,V04-P0162,0,1791,1623-06-01,1623-06-30,between_headers,medium,
V04-P0163-S01,V04-P0163,0,1922,1623-06-01,1623-06-30,running_header,high,
V04-P0164-S01,V04-P0164,0,2163,1623-05-02,1623-06-30,between_headers,low,
V04-P0165-S01,V04-P0165,0,2480,1623-05-02,1623-05-02,running_header,high,
V04-P0166-S01,V04-P0166,0,1453,1623-05-02,1623-05-04,between_headers,medium,
V04-P0167-S01,V04-P0167,0,2733,1623-05-04,1623-05-04,running_header,high,
V04-P0168-S01,V04-P0168,0,2472,1623-05-04,1623-05-07,between_headers,medium,
V04-P0169-S01,V04-P0169,0,2127,1623-05-07,1623-05-07,running_header,low,
V04-P0170-S01,V04-P0170,0,1696,1623-05-04,1623-05-07,between_headers,medium,
V04-P0171-S01,V04-P0171,0,1913,1623-05-07,1623-05-07,running_header,high,
V04-P0172-S01,V04-P0172,0,2143,1623-05-07,1623-05-09,between_headers,medium,
V04-P0173-S01,V04-P0173,0,2139,1623-05-07,1623-05-18,running_header,low,
V04-P0174-S01,V04-P0174,0,1754,1623-05-07,1623-05-09,between_headers,medium,
V04-P0175-S01,V04-P0175,0,1977,1623-05-09,1623-05-09,running_header,low,
V04-P0176-S01,V04-P0176,0,2534,1623-05-07,1623-05-09,between_headers,medium,
V04-P0177-S01,V04-P0177,0,2311,1623-05-09,1623-05-09,running_header,high,
V04-P0178-S01,V04-P0178,0,1785,1623-05-09,1623-05-09,inherited,medium,
V04-P0179-S01,V04-P0179,0,1664,1623-05-09,1623-05-09,inherited,medium,
V04-P0180-S01,V04-P0180,0,2337,1623-05-09,1623-05-09,inherited,medium,
V04-P0181-S01,V04-P0181,0,2282,1623-05-09,1623-05-09,running_header,low,
V04-P0182-S01,V04-P0182,0,2318,1623-05-09,1623-05-09,inherited,medium,
V04-P0183-S01,V04-P0183,0,2085,1623-05-09,1623-05-09,running_header,high,
V04-P0184-S01,V04-P0184,0,1661,1623-05-09,1623-05-09,inherited,medium,
V04-P0185-S01,V04-P0185,0,1798,1623-05-09,1623-05-09,running_header,high,
V04-P0186-S01,V04-P0186,0,2153,1623-05-09,1623-05-09,inherited,medium,
V04-P0187-S01,V04-P0187,0,1899,1623-05-09,1623-05-09,running_header,high,
V04-P0188-S01,V04-P0188,0,2067,1623-05-09,1623-05-14,between_headers,medium,
V04-P0189-S01,V04-P0189,0,1743,1623-05-09,1623-05-09,running_header,low,
V04-P0190-S01,V04-P0190,0,1653,1623-05-09,1623-05-14,between_headers,medium,
V04-P0191-S01,V04-P0191,0,2042,1623-05-12,1623-05-12,running_header,low,
V04-P0192-S01,V04-P0192,0,1594,1623-05-09,1623-05-14,between_headers,medium,
V04-P0193-S01,V04-P0193,0,1935,1623-03-17,1623-03-17,continued_meeting,high,
V04-P0194-S01,V04-P0194,0,1403,1623-05-09,1623-05-14,between_headers,medium,
V04-P0195-S01,V04-P0195,0,1739,1623-05-14,1623-05-14,running_header,high,
V04-P0196-S01,V04-P0196,0,2340,1623-05-14,1623-05-18,between_headers,medium,
V04-P0197-S01,V04-P0197,0,2066,1623-05-18,1623-05-18,running_header,high,
V04-P0198-S01,V04-P0198,0,2472,1623-05-18,1623-05-24,between_headers,medium,
V04-P0199-S01,V04-P0199,0,1105,1623-05-18,1623-05-18,running_header,low,
V04-P0200-S01,V04-P0200,0,2317,1623-05-18,1623-05-24,between_headers,medium,
V04-P0201-S01,V04-P0201,0,1354,1623-05-22,1623-05-22,running_header,low,
V04-P0202-S01,V04-P0202,0,1958,1623-05-18,1623-05-24,between_headers,medium,
V04-P0203-S01,V04-P0203,0,1786,1623-05-24,1623-05-24,running_header,high,
V04-P0204-S01,V04-P0204,0,1705,1623-05-24,1623-05-26,between_headers,medium,
V04-P0205-S01,V04-P0205,0,2098,1623-05-04,1623-05-04,running_header,low,
V04-P0206-S01,V04-P0206,0,2011,1623-05-24,1623-05-26,between_headers,medium,
V04-P0207-S01,V04-P0207,0,2386,1623-05-26,1623-05-26,running_header,high,
V04-P0208-S01,V04-P0208,0,2443,1623-05-26,1623-05-29,between_headers,medium,
V04-P0209-S01,V04-P0209,0,2546,1623-05-26,1623-05-26,running_header,low,
V04-P0210-S01,V04-P0210,0,1915,1623-05-26,1623-05-29,between_headers,medium,
V04-P0211-S01,V04-P0211,0,2333,1623-05-29,1623-05-29,running_header,high,
V04-P0212-S01,V04-P0212,0,1666,1623-05-29,1623-06-01,between_headers,medium,
V04-P0213-S01,V04-P0213,0,1608,1623-06-01,1623-06-30,running_header,high,
V04-P0214-S01,V04-P0214,0,2589,1623-06-04,1623-06-30,between_headers,medium,
V04-P0215-S01,V04-P0215,0,1861,1623-06-02,1623-06-02,running_header,low,
V04-P0216-S01,V04-P0216,0,1801,1623-06-04,1623-06-30,between_headers,medium,
V04-P0217-S01,V04-P0217,0,2319,1623-07-01,1623-07-31,running_header,low,
V04-P0218-S01,V04-P0218,0,2645,1623-06-04,1623-06-30,between_headers,medium,
V04-P0219-S01,V04-P0219,0,2997,1623-07-01,1623-07-31,running_header,low,
V04-P0220-S01,V04-P0220,0,2277,1623-06-04,1623-06-30,between_headers,medium,
V04-P0221-S01,V04-P0221,0,2264,1623-06-04,1623-11-17,running_header,high,
V04-P0222-S01,V04-P0222,0,1857,1623-06-09,1623-11-17,between_headers,low,
V04-P0223-S01,V04-P0223,0,2614,1623-06-09,1623-06-09,running_header,high,
V04-P0224-S01,V04-P0224,0,2130,1623-06-09,1623-06-09,inherited,medium,
V04-P0225-S01,V04-P0225,0,2273,1623-06-09,1623-06-09,running_header,high,
V04-P0226-S01,V04-P0226,0,1550,1623-06-09,1623-06-09,inherited,medium,
V04-P0227-S01,V04-P0227,0,1596,1623-06-09,1623-06-09,running_header,high,
V04-P0228-S01,V04-P0228,0,1272,1623-06-09,1623-06-19,between_headers,medium,
V04-P0229-S01,V04-P0229,0,1625,1623-06-18,1623-06-18,running_header,low,
V04-P0230-S01,V04-P0230,0,1463,1623-06-09,1623-06-19,between_headers,medium,
V04-P0231-S01,V04-P0231,0,2304,1623-06-19,1623-06-19,running_header,low,
V04-P0232-S01,V04-P0232,0,2475,1623-06-09,1623-06-19,between_headers,medium,
V04-P0233-S01,V04-P0233,0,2586,1623-06-19,1623-06-19,running_header,high,
V04-P0234-S01,V04-P0234,0,2386,1623-06-19,1623-06-19,inherited,medium,
V04-P0235-S01,V04-P0235,0,2377,1623-06-19,1623-06-19,running_header,high,
V04-P0236-S01,V04-P0236,0,2489,1623-06-19,1623-06-19,inherited,medium,
V04-P0237-S01,V04-P0237,0,2447,1623-06-19,1623-06-19,running_header,low,
V04-P0238-S01,V04-P0238,0,2729,1623-06-19,1623-06-19,inherited,medium,
V04-P0239-S01,V04-P0239,0,2615,1623-06-19,1623-06-19,running_header,low,
V04-P0240-S01,V04-P0240,0,1848,1623-06-19,1623-06-19,inherited,medium,
V04-P0241-S01,V04-P0241,0,1783,1623-06-19,1623-06-19,running_header,high,
V04-P0242-S01,V04-P0242,0,1400,1623-06-19,1623-06-28,between_headers,medium,
V04-P0243-S01,V04-P0243,0,2062,1623-06-28,1623-06-28,running_header,high,
V04-P0244-S01,V04-P0244,0,1958,1623-06-28,1623-06-30,between_headers,medium,
V04-P0245-S01,V04-P0245,0,1254,1623-06-30,1623-06-30,running_header,high,
V04-P0246-S01,V04-P0246,0,1573,1623-06-30,1623-07-04,between_headers,medium,
V04-P0247-S01,V04-P0247,0,1725,1623-07-04,1623-07-04,running_header,high,
V04-P0248-S01,V04-P0248,0,1473,1623-07-04,1623-07-06,between_headers,medium,
V04-P0249-S01,V04-P0249,0,1786,1623-07-04,1623-07-04,running_header,low,
V04-P0250-S01,V04-P0250,0,2035,1623-07-04,1623-07-06,between_headers,medium,
V04-P0251-S01,V04-P0251,0,1446,1623-07-06,1623-07-06,running_header,high,
V04-P0252-S01,V04-P0252,0,2340,1623-07-06,1623-07-22,between_headers,medium,
V04-P0253-S01,V04-P0253,0,473,1623-07-06,1623-07-22,between_headers,medium,
V04-P0254-S01,V04-P0254,0,0,1623-07-06,1623-07-22,between_headers,medium,
V04-P0255-S01,V04-P0255,0,196,1623-07-06,1623-07-22,between_headers,medium,
V04-P0256-S01,V04-P0256,0,20,1623-07-06,1623-07-22,between_headers,medium,
V04-P0257-S01,V04-P0257,0,128,1623-07-06,1623-07-22,between_headers,medium,
V04-P0258-S01,V04-P0258,0,172,1623-07-06,1623-07-22,between_headers,medium,
V04-P0259-S01,V04-P0259,0,1679,1623-07-22,1623-07-22,running_header,high,
V04-P0260-S01,V04-P0260,0,2435,1623-07-22,1623-09-01,between_headers,low,
V04-P0261-S01,V04-P0261,0,2256,1623-07-28,1623-07-28,running_header,low,
V04-P0262-S01,V04-P0262,0,1742,1623-07-22,1623-09-01,between_headers,low,
V04-P0263-S01,V04-P0263,0,1781,1623-07-31,1623-07-31,running_header,low,
V04-P0264-S01,V04-P0264,0,1654,1623-07-22,1623-09-01,between_headers,low,
V04-P0265-S01,V04-P0265,0,1534,1623-07-31,1623-07-31,running_header,low,
V04-P0266-S01,V04-P0266,0,1134,1623-07-22,1623-09-01,between_headers,low,
V04-P0267-S01,V04-P0267,0,2038,1623-09-01,1623-09-30,running_header,high,
V04-P0268-S01,V04-P0268,0,2321,1623-09-01,1623-09-30,between_headers,medium,
V04-P0269-S01,V04-P0269,0,2162,1623-09-01,1623-09-30,running_header,high,
V04-P0270-S01,V04-P0270,0,2069,1623-08-06,1623-09-30,between_headers,low,
V04-P0271-S01,V04-P0271,0,2705,1623-08-06,1623-08-06,running_header,low,
V04-P0272-S01,V04-P0272,0,2635,1623-08-06,1623-09-30,between_headers,low,
V04-P0273-S01,V04-P0273,0,2597,1623-08-06,1623-08-06,running_header,high,
V04-P0274-S01,V04-P0274,0,2400,1623-08-06,1623-08-06,inherited,medium,
V04-P0275-S01,V04-P0275,0,2737,1623-08-06,1623-08-06,running_header,low,
V04-P0276-S01,V04-P0276,0,2626,1623-08-06,1623-08-06,inherited,medium,
V04-P0277-S01,V04-P0277,0,2531,1623-08-06,1623-08-06,running_header,high,
V04-P0278-S01,V04-P0278,0,2406,1623-08-06,1623-08-31,between_headers,medium,
V04-P0279-S01,V04-P0279,0,1913,1623-08-31,1623-08-31,running_header,high,
V04-P0280-S01,V04-P0280,0,2196,1623-08-31,1623-09-04,between_headers,medium,
V04-P0281-S01,V04-P0281,0,2202,1623-08-31,1623-08-31,running_header,low,
V04-P0282-S01,V04-P0282,0,2070,1623-08-31,1623-09-04,between_headers,medium,
V04-P0283-S01,V04-P0283,0,1772,1623-09-04,1623-09-04,running_header,high,
V04-P0284-S01,V04-P0284,0,1900,1623-09-04,1623-09-16,between_headers,medium,
V04-P0285-S01,V04-P0285,0,1422,1623-09-04,1623-09-08,running_header,low,
V04-P0286-S01,V04-P0286,0,964,1623-09-04,1623-09-16,between_headers,medium,
V04-P0287-S01,V04-P0287,0,1431,1623-09-16,1623-09-16,running_header,high,
V04-P0288-S01,V04-P0288,0,1669,1623-09-16,1623-09-16,inherited,medium,
V04-P0289-S01,V04-P0289,0,1343,1623-09-16,1623-09-16,running_header,high,
V04-P0290-S01,V04-P0290,0,1252,1623-09-16,1623-09-21,between_headers,medium,
V04-P0291-S01,V04-P0291,0,1760,1623-09-21,1623-09-21,running_header,high,
V04-P0292-S01,V04-P0292,0,2116,1623-09-21,1623-10-01,between_headers,medium,
V04-P0293-S01,V04-P0293,0,2156,1623-10-01,1623-10-31,running_header,high,
V04-P0294-S01,V04-P0294,0,1918,1623-10-11,1623-10-31,between_headers,medium,
V04-P0295-S01,V04-P0295,0,1554,1623-10-01,1624-02-29,running_header,low,
V04-P0296-S01,V04-P0296,0,1814,1623-10-11,1623-10-31,between_headers,medium,
V04-P0297-S01,V04-P0297,0,1917,1623-10-11,1623-10-11,running_header,high,
V04-P0298-S01,V04-P0298,0,1234,1623-10-11,1623-10-22,between_headers,medium,
V04-P0298-S02,V04-P0298,1234,1565,1623-10-11,1623-10-22,between_headers; heading_undated,medium,Present.
V04-P0299-S01,V04-P0299,0,937,1623-10-11,1623-10-22,between_headers,medium,
V04-P0300-S01,V04-P0300,0,1853,1623-10-11,1623-10-22,between_headers,medium,
V04-P0301-S01,V04-P0301,0,1988,1623-10-22,1623-10-22,running_header,high,
V04-P0302-S01,V04-P0302,0,1703,1623-10-22,1623-11-04,between_headers,medium,
V04-P0303-S01,V04-P0303,0,2040,1623-11-04,1624-05-24,running_header,high,
V04-P0304-S01,V04-P0304,0,2678,1623-11-04,1624-05-24,between_headers,low,
V04-P0305-S01,V04-P0305,0,2743,1623-11-04,1624-05-24,running_header,low,
V04-P0306-S01,V04-P0306,0,2658,1623-11-04,1624-05-24,between_headers,low,
V04-P0307-S01,V04-P0307,0,2527,1623-11-04,1624-05-24,running_header,high,
V04-P0308-S01,V04-P0308,0,2718,1623-11-04,1624-05-24,between_headers,low,
V04-P0309-S01,V04-P0309,0,2738,1623-11-04,1624-05-24,running_header,high,
V04-P0310-S01,V04-P0310,0,2746,1623-11-04,1624-05-24,between_headers,low,
V04-P0311-S01,V04-P0311,0,2583,1623-11-04,1624-05-24,running_header,high,
V04-P0312-S01,V04-P0312,0,2657,1623-11-04,1624-05-24,between_headers,low,
V04-P0313-S01,V04-P0313,0,2590,1623-11-04,1624-05-24,running_header,high,
V04-P0314-S01,V04-P0314,0,2573,1623-11-04,1624-05-24,between_headers,low,
V04-P0315-S01,V04-P0315,0,2494,1623-11-04,1624-05-24,running_header,low,
V04-P0316-S01,V04-P0316,0,2693,1623-11-04,1624-05-24,between_headers,low,
V04-P0317-S01,V04-P0317,0,2734,1623-11-04,1623-11-04,running_header,high,
V04-P0318-S01,V04-P0318,0,2712,1623-11-04,1623-11-04,inherited,medium,
V04-P0319-S01,V04-P0319,0,2727,1623-11-04,1624-05-24,running_header,high,
V04-P0320-S01,V04-P0320,0,2560,1623-11-04,1624-05-24,between_headers,low,
V04-P0321-S01,V04-P0321,0,2697,1623-11-04,1624-05-24,running_header,high,
V04-P0322-S01,V04-P0322,0,2529,1623-11-04,1624-05-24,between_headers,low,
V04-P0323-S01,V04-P0323,0,2650,1623-11-04,1624-05-24,running_header,low,
V04-P0324-S01,V04-P0324,0,2554,1623-11-04,1624-05-24,between_headers,low,
V04-P0325-S01,V04-P0325,0,2627,1623-11-04,1624-05-24,running_header,low,
V04-P0326-S01,V04-P0326,0,2634,1623-11-04,1624-05-24,between_headers,low,
V04-P0327-S01,V04-P0327,0,2429,1623-11-04,1624-05-24,running_header,low,
V04-P0328-S01,V04-P0328,0,2683,1623-11-04,1624-05-24,between_headers,low,
V04-P0329-S01,V04-P0329,0,2517,1623-11-04,1624-05-24,running_header,low,
V04-P0330-S01,V04-P0330,0,2770,1623-11-04,1624-05-24,between_headers,low,
V04-P0331-S01,V04-P0331,0,2725,1623-11-04,1624-05-24,running_header,high,
V04-P0332-S01,V04-P0332,0,2783,1623-11-04,1624-05-24,between_headers,low,
V04-P0333-S01,V04-P0333,0,2600,1623-11-04,1624-05-24,running_header,low,
V04-P0334-S01,V04-P0334,0,2661,1623-11-04,1624-05-24,between_headers,low,
V04-P0335-S01,V04-P0335,0,2519,1623-11-04,1624-05-24,running_header,high,
V04-P0336-S01,V04-P0336,0,2680,1623-11-04,1624-05-24,between_headers,low,
V04-P0337-S01,V04-P0337,0,2508,1623-11-04,1624-05-24,running_header,high,
V04-P0338-S01,V04-P0338,0,2539,1623-11-04,1624-05-24,between_headers,low,
V04-P0339-S01,V04-P0339,0,2578,1623-11-04,1624-05-24,running_header,high,
V04-P0340-S01,V04-P0340,0,2705,1623-11-04,1624-05-24,between_headers,low,
V04-P0341-S01,V04-P0341,0,2669,1623-11-04,1624-05-24,running_header,low,
V04-P0342-S01,V04-P0342,0,2712,1623-11-04,1624-05-24,between_headers,low,
V04-P0343-S01,V04-P0343,0,2721,1623-11-04,1624-05-24,running_header,high,
V04-P0344-S01,V04-P0344,0,2550,1623-11-04,1624-05-24,between_headers,low,
V04-P0345-S01,V04-P0345,0,2668,1623-11-04,1623-11-04,running_header,high,
V04-P0346-S01,V04-P0346,0,2687,1623-11-04,1623-11-04,inherited,medium,
V04-P0347-S01,V04-P0347,0,2666,1623-11-04,1624-05-24,running_header,high,
V04-P0348-S01,V04-P0348,0,2739,1623-11-04,1624-05-24,between_headers,low,
V04-P0349-S01,V04-P0349,0,2726,1623-11-04,1624-05-24,running_header,high,
V04-P0350-S01,V04-P0350,0,2592,1623-11-04,1624-05-24,between_headers,low,
V04-P0351-S01,V04-P0351,0,2665,1623-11-04,1624-05-24,running_header,high,
V04-P0352-S01,V04-P0352,0,2563,1623-11-04,1624-05-24,between_headers,low,
V04-P0353-S01,V04-P0353,0,2580,1623-11-04,1624-05-24,running_header,high,
V04-P0354-S01,V04-P0354,0,2540,1623-11-04,1624-05-24,between_headers,low,
V04-P0355-S01,V04-P0355,0,2532,1623-11-04,1624-05-24,running_header,low,
V04-P0356-S01,V04-P0356,0,2566,1623-11-04,1624-05-24,between_headers,low,
V04-P0357-S01,V04-P0357,0,2623,1623-11-04,1624-05-24,running_header,high,
V04-P0358-S01,V04-P0358,0,2645,1624-05-24,1624-05-24,inherited,medium,
V04-P0359-S01,V04-P0359,0,2519,1623-11-04,1624-05-24,running_header,low,
V04-P0360-S01,V04-P0360,0,2563,1624-05-24,1624-05-24,inherited,medium,
V04-P0361-S01,V04-P0361,0,2517,1624-05-24,1624-05-24,running_header,high,
V04-P0362-S01,V04-P0362,0,2671,1623-11-04,1624-05-24,between_headers,low,
V04-P0363-S01,V04-P0363,0,2526,1623-11-04,1624-05-24,running_header,high,
V04-P0364-S01,V04-P0364,0,2610,1623-11-04,1624-05-24,between_headers,low,
V04-P0365-S01,V04-P0365,0,2372,1623-11-04,1624-05-24,running_header,high,
V04-P0366-S01,V04-P0366,0,2975,1623-11-04,1624-05-24,between_headers,low,
V04-P0367-S01,V04-P0367,0,4280,1623-11-04,1624-05-24,running_header,low,
V04-P0368-S01,V04-P0368,0,4383,1623-11-04,1624-05-24,between_headers,low,
V04-P0369-S01,V04-P0369,0,4173,1623-11-04,1624-05-24,running_header,high,
V04-P0370-S01,V04-P0370,0,4283,1623-11-04,1624-05-24,between_headers,low,
V04-P0371-S01,V04-P0371,0,4055,1623-11-04,1624-05-24,running_header,high,
V04-P0372-S01,V04-P0372,0,4070,1623-11-04,1624-05-24,between_headers,low,
V04-P0373-S01,V04-P0373,0,3853,1623-11-04,1624-05-24,running_header,low,
V04-P0374-S01,V04-P0374,0,4170,1623-11-04,1624-05-24,between_headers,low,
V04-P0375-S01,V04-P0375,0,4316,1623-11-04,1624-05-24,running_header,high,
V04-P0376-S01,V04-P0376,0,4323,1623-11-04,1624-05-24,between_headers,low,
V04-P0377-S01,V04-P0377,0,4105,1623-11-04,1624-05-24,running_header,high,
V04-P0378-S01,V04-P0378,0,4130,1623-11-04,1624-05-24,between_headers,low,
V04-P0379-S01,V04-P0379,0,4089,1623-11-04,1624-05-24,running_header,high,
V04-P0380-S01,V04-P0380,0,4165,1623-11-04,1624-05-24,between_headers,low,
V04-P0381-S01,V04-P0381,0,4220,1623-11-04,1624-05-24,running_header,high,
V04-P0382-S01,V04-P0382,0,4148,1623-11-04,1624-05-24,between_headers,low,
V04-P0383-S01,V04-P0383,0,4215,1623-11-04,1624-05-24,running_header,high,
V04-P0384-S01,V04-P0384,0,4361,1623-11-04,1624-05-24,between_headers,low,
V04-P0385-S01,V04-P0385,0,3954,1623-11-04,1624-05-24,running_header,high,
V04-P0386-S01,V04-P0386,0,4076,1623-11-04,1624-05-24,between_headers,low,
V04-P0387-S01,V04-P0387,0,4097,1623-11-04,1624-05-24,running_header,high,
V04-P0388-S01,V04-P0388,0,4042,1623-11-04,1624-05-24,between_headers,low,
V04-P0389-S01,V04-P0389,0,4274,1623-11-04,1624-05-24,running_header,high,
V04-P0390-S01,V04-P0390,0,4258,1623-11-04,1624-05-24,between_headers,low,
V04-P0391-S01,V04-P0391,0,4177,1623-11-04,1624-05-24,running_header,low,
V04-P0392-S01,V04-P0392,0,4097,1623-11-04,1624-05-24,between_headers,low,
V04-P0393-S01,V04-P0393,0,4357,1623-11-04,1624-05-24,running_header,high,
V04-P0394-S01,V04-P0394,0,4224,1623-11-04,1624-05-24,between_headers,low,
V04-P0395-S01,V04-P0395,0,4003,1623-11-04,1624-05-24,running_header,high,
V04-P0396-S01,V04-P0396,0,4120,1623-11-04,1624-05-24,between_headers,low,
V04-P0397-S01,V04-P0397,0,3986,1623-11-04,1624-05-24,running_header,high,
V04-P0398-S01,V04-P0398,0,4085,1623-11-04,1624-05-24,between_headers,low,
V04-P0399-S01,V04-P0399,0,4059,1623-11-04,1624-05-24,running_header,high,
V04-P0400-S01,V04-P0400,0,4003,1623-11-04,1624-05-24,between_headers,low,
V04-P0401-S01,V04-P0401,0,4115,1623-11-04,1624-05-24,running_header,high,
V04-P0402-S01,V04-P0402,0,3987,1623-11-04,1624-05-24,between_headers,low,
V04-P0403-S01,V04-P0403,0,4066,1623-11-04,1624-05-24,running_header,high,
V04-P0404-S01,V04-P0404,0,4089,1623-11-04,1624-05-24,between_headers,low,
V04-P0405-S01,V04-P0405,0,3912,1623-11-04,1624-05-24,running_header,high,
V04-P0406-S01,V04-P0406,0,2094,1623-11-18,1624-05-24,between_headers,low,
V04-P0407-S01,V04-P0407,0,2157,1623-11-18,1623-11-18,running_header,high,
V04-P0408-S01,V04-P0408,0,1680,1623-11-18,1623-11-20,between_headers,medium,
V04-P0409-S01,V04-P0409,0,1735,1623-11-20,1623-11-20,running_header,high,
V04-P0410-S01,V04-P0410,0,1946,1623-11-20,1623-11-27,between_headers,medium,
V04-P0411-S01,V04-P0411,0,1579,1623-11-21,1623-11-21,running_header,low,
V04-P0412-S01,V04-P0412,0,1462,1623-11-20,1623-11-27,between_headers,medium,
V04-P0413-S01,V04-P0413,0,2325,1623-11-22,1623-11-22,running_header,low,
V04-P0414-S01,V04-P0414,0,2282,1623-11-20,1623-11-27,between_headers,medium,
V04-P0415-S01,V04-P0415,0,1454,1623-11-27,1623-11-27,running_header,high,
V04-P0416-S01,V04-P0416,0,2145,1623-11-27,1623-12-07,between_headers,medium,
V04-P0417-S01,V04-P0417,0,1110,1623-12-07,1623-12-07,running_header,high,
V04-P0418-S01,V04-P0418,0,1502,1623-12-07,1623-12-07,inherited,medium,
V04-P0419-S01,V04-P0419,0,2255,1623-12-07,1623-12-07,running_header,high,
V04-P0420-S01,V04-P0420,0,1750,1623-12-07,1623-12-07,inherited,medium,
V04-P0421-S01,V04-P0421,0,1703,1623-12-07,1623-12-07,running_header,high,
V04-P0422-S01,V04-P0422,0,1709,1623-12-07,1623-12-07,inherited,medium,
V04-P0423-S01,V04-P0423,0,1906,1623-12-07,1623-12-07,running_header,high,
V04-P0424-S01,V04-P0424,0,2339,1623-12-07,1623-12-07,inherited,medium,
V04-P0425-S01,V04-P0425,0,1788,1623-12-07,1623-12-07,running_header,high,
V04-P0426-S01,V04-P0426,0,2562,1623-12-07,1623-12-07,inherited,medium,
V04-P0427-S01,V04-P0427,0,1564,1623-12-07,1623-12-07,running_header,high,
V04-P0428-S01,V04-P0428,0,2558,1623-12-07,1623-12-07,inherited,medium,
V04-P0429-S01,V04-P0429,0,2164,1623-12-07,1623-12-07,running_header,high,
V04-P0430-S01,V04-P0430,0,2520,1623-12-07,1623-12-07,inherited,medium,
V04-P0431-S01,V04-P0431,0,2213,1623-12-07,1623-12-07,running_header,high,
V04-P0432-S01,V04-P0432,0,2496,1623-12-07,1623-12-07,inherited,medium,
V04-P0433-S01,V04-P0433,0,2386,1623-12-07,1623-12-07,running_header,high,
V04-P0434-S01,V04-P0434,0,2524,1623-12-07,1623-12-07,inherited,medium,
V04-P0435-S01,V04-P0435,0,2608,1623-12-07,1623-12-07,running_header,high,
V04-P0436-S01,V04-P0436,0,2657,1623-12-07,1623-12-07,inherited,medium,
V04-P0437-S01,V04-P0437,0,2539,1623-12-07,1623-12-07,running_header,low,
V04-P0438-S01,V04-P0438,0,2454,1623-12-07,1623-12-07,inherited,medium,
V04-P0439-S01,V04-P0439,0,2752,1623-12-07,1623-12-07,running_header,high,
V04-P0440-S01,V04-P0440,0,2337,1623-12-07,1623-12-07,inherited,medium,
V04-P0441-S01,V04-P0441,0,2598,1623-12-07,1623-12-07,running_header,high,
V04-P0442-S01,V04-P0442,0,2688,1623-12-01,1623-12-07,between_headers,medium,
V04-P0443-S01,V04-P0443,0,2587,1623-12-01,1623-12-31,running_header,high,
V04-P0444-S01,V04-P0444,0,2220,1623-12-01,1623-12-31,between_headers,medium,
V04-P0445-S01,V04-P0445,0,2635,1623-12-01,1623-12-31,running_header,high,
V04-P0446-S01,V04-P0446,0,2634,1623-12-01,1623-12-31,between_headers,medium,
V04-P0447-S01,V04-P0447,0,2562,1623-12-01,1623-12-31,running_header,high,
V04-P0448-S01,V04-P0448,0,2480,1623-12-31,1623-12-31,inherited,medium,
V04-P0449-S01,V04-P0449,0,1692,1623-12-08,1623-12-08,running_header,low,
V04-P0450-S01,V04-P0450,0,1323,1623-12-31,1623-12-31,inherited,medium,
V04-P0451-S01,V04-P0451,0,1881,1623-12-19,1623-12-19,running_header,low,
V04-P0452-S01,V04-P0452,0,1742,1623-12-31,1623-12-31,inherited,medium,
V04-P0453-S01,V04-P0453,0,1545,1623-12-31,1623-12-31,running_header,high,
V04-P0454-S01,V04-P0454,0,1633,1623-12-31,1624-01-19,between_headers,medium,
V04-P0455-S01,V04-P0455,0,1719,1624-01-19,1624-01-19,running_header,high,
V04-P0456-S01,V04-P0456,0,2054,1624-01-19,1624-01-26,between_headers,medium,
V04-P0457-S01,V04-P0457,0,1211,1624-01-26,1624-01-26,running_header,high,
V04-P0458-S01,V04-P0458,0,2057,1624-01-26,1624-01-30,between_headers,medium,
V04-P0459-S01,V04-P0459,0,2443,1624-01-30,1624-01-30,running_header,high,
V04-P0460-S01,V04-P0460,0,2351,1624-01-30,1624-01-30,inherited,medium,
V04-P0461-S01,V04-P0461,0,2402,1624-01-30,1624-01-30,running_header,high,
V04-P0462-S01,V04-P0462,0,2504,1624-01-30,1624-02-01,between_headers,medium,
V04-P0463-S01,V04-P0463,0,1561,1624-02-01,1624-02-29,running_header,high,
V04-P0464-S01,V04-P0464,0,2054,1624-02-29,1624-03-01,between_headers,medium,
V04-P0465-S01,V04-P0465,0,1827,1624-02-01,1624-02-29,running_header,low,
V04-P0466-S01,V04-P0466,0,1459,1624-02-29,1624-03-01,between_headers,medium,
V04-P0467-S01,V04-P0467,0,2196,1624-02-29,1624-03-01,between_headers,medium,
V04-P0468-S01,V04-P0468,0,2024,1624-02-29,1624-03-01,between_headers,medium,
V04-P0469-S01,V04-P0469,0,1985,1624-03-01,1624-03-31,running_header,high,
V04-P0470-S01,V04-P0470,0,2247,1624-03-01,1624-03-31,between_headers,medium,
V04-P0471-S01,V04-P0471,0,1916,1624-03-01,1624-03-31,running_header,high,
V04-P0472-S01,V04-P0472,0,1794,1624-03-02,1624-03-31,between_headers,medium,
V04-P0473-S01,V04-P0473,0,1854,1624-03-02,1624-03-03,running_header,high,
V04-P0474-S01,V04-P0474,0,1794,1624-03-03,1624-03-09,between_headers,medium,
V04-P0475-S01,V04-P0475,0,1770,1624-03-09,1624-03-09,running_header,high,
V04-P0476-S01,V04-P0476,0,2039,1624-03-09,1624-03-30,between_headers,medium,
V04-P0477-S01,V04-P0477,0,1713,1623-03-11,1623-03-11,running_header,low,
V04-P0478-S01,V04-P0478,0,1767,1624-03-09,1624-03-30,between_headers,medium,
V04-P0479-S01,V04-P0479,0,1359,1624-03-09,1624-03-30,between_headers,medium,
V04-P0480-S01,V04-P0480,0,1378,1624-03-09,1624-03-30,between_headers,medium,
V04-P0481-S01,V04-P0481,0,1848,1624-03-30,1624-03-30,running_header,high,
V04-P0482-S01,V04-P0482,0,1705,1624-03-30,1624-04-17,between_headers,medium,
V04-P0483-S01,V04-P0483,0,1443,1624-04-17,1624-04-17,running_header,high,
V04-P0484-S01,V04-P0484,0,2209,1624-04-17,1624-04-28,between_headers,medium,
V04-P0485-S01,V04-P0485,0,0,1624-04-17,1624-04-28,between_headers,medium,
V04-P0486-S01,V04-P0486,0,319,1624-04-17,1624-04-28,between_headers,medium,
V04-P0487-S01,V04-P0487,0,0,1624-04-17,1624-04-28,between_headers,medium,
V04-P0488-S01,V04-P0488,0,119,1624-04-17,1624-04-28,between_headers,medium,
V04-P0489-S01,V04-P0489,0,1756,1624-04-28,1624-04-28,running_header,high,
V04-P0490-S01,V04-P0490,0,1868,1624-04-28,1624-05-01,between_headers,medium,
V04-P0491-S01,V04-P0491,0,1729,1624-05-01,1624-05-31,running_header,high,
V04-P0492-S01,V04-P0492,0,1679,1624-05-31,1624-06-14,between_headers,medium,
V04-P0493-S01,V04-P0493,0,1451,1624-05-12,1624-05-12,running_header,low,
V04-P0494-S01,V04-P0494,0,2209,1624-05-31,1624-06-14,between_headers,medium,
V04-P0495-S01,V04-P0495,0,1501,1624-06-14,1624-06-14,running_header,high,
V04-P0496-S01,V04-P0496,0,1721,1624-06-14,1624-06-22,between_headers,medium,
V04-P0497-S01,V04-P0497,0,2168,1624-06-22,1624-06-22,running_header,high,
V04-P0498-S01,V04-P0498,0,2449,1624-06-22,1624-06-26,between_headers,medium,
V04-P0499-S01,V04-P0499,0,1826,1624-06-26,1624-06-26,running_header,high,
V04-P0500-S01,V04-P0500,0,1740,1624-06-26,1624-07-12,between_headers,medium,
V04-P0501-S01,V04-P0501,0,1642,1624-07-12,1624-07-12,running_header,high,
V04-P0502-S01,V04-P0502,0,2533,1624-07-12,1624-07-15,between_headers,medium,
V04-P0503-S01,V04-P0503,0,2606,1624-07-15,1624-07-15,running_header,high,
V04-P0504-S01,V04-P0504,0,2666,1624-07-15,1624-07-15,inherited,medium,
V04-P0505-S01,V04-P0505,0,2667,1624-07-15,1624-07-15,running_header,high,
V04-P0506-S01,V04-P0506,0,2608,1624-07-15,1624-07-15,inherited,medium,
V04-P0507-S01,V04-P0507,0,2720,1624-07-15,1624-07-15,running_header,high,
V04-P0508-S01,V04-P0508,0,2581,1624-07-15,1624-07-16,between_headers,medium,
V04-P0509-S01,V04-P0509,0,1561,1624-07-16,1624-07-16,running_header,high,
V04-P0510-S01,V04-P0510,0,1650,1624-07-16,1624-07-16,inherited,medium,
V04-P0511-S01,V04-P0511,0,2166,1624-07-16,1624-07-16,running_header,high,
V04-P0512-S01,V04-P0512,0,1911,1624-07-16,1624-08-26,between_headers,low,
V04-P0513-S01,V04-P0513,0,2095,1624-08-26,1624-08-26,running_header,high,
V04-P0514-S01,V04-P0514,0,2583,1624-08-26,1624-08-26,inherited,medium,
V04-P0515-S01,V04-P0515,0,2590,1624-08-26,1624-08-26,running_header,high,
V04-P0516-S01,V04-P0516,0,1632,1624-08-26,1624-10-28,between_headers,low,
V04-P0517-S01,V04-P0517,0,1251,1624-10-28,1624-10-28,running_header,high,
V04-P0518-S01,V04-P0518,0,1611,1624-10-28,1624-12-02,between_headers,low,
V04-P0519-S01,V04-P0519,0,2068,1624-12-02,1624-12-02,running_header,high,
V04-P0520-S01,V04-P0520,0,2475,1624-12-02,1625-01-10,between_headers,low,
V04-P0521-S01,V04-P0521,0,1325,1625-01-10,1625-01-10,running_header,high,
V04-P0522-S01,V04-P0522,0,1567,1625-01-10,1625-02-04,between_headers,medium,
V04-P0523-S01,V04-P0523,0,2354,1625-02-04,1625-02-04,running_header,high,
V04-P0524-S01,V04-P0524,0,2623,1625-02-04,1625-02-04,inherited,medium,
V04-P0525-S01,V04-P0525,0,2581,1625-02-04,1625-02-04,running_header,high,
V04-P0526-S01,V04-P0526,0,2535,1625-02-04,1625-02-04,inherited,medium,
V04-P0527-S01,V04-P0527,0,2459,1625-02-04,1625-02-04,running_header,high,
V04-P0528-S01,V04-P0528,0,2500,1625-02-04,1625-04-01,between_headers,low,
V04-P0529-S01,V04-P0529,0,1842,1625-02-04,1625-04-01,between_headers,low,
V04-P0530-S01,V04-P0530,0,1152,1625-02-04,1625-04-01,between_headers,low,
V04-P0531-S01,V04-P0531,0,1947,1625-04-01,1625-04-30,running_header,high,
V04-P0532-S01,V04-P0532,0,2077,1625-04-01,1625-04-30,between_headers,medium,
V04-P0533-S01,V04-P0533,0,2121,1625-04-01,1625-04-30,running_header,high,
V04-P0534-S01,V04-P0534,0,1922,1625-04-30,1626-04-01,between_headers,low,
V04-P0535-S01,V04-P0535,0,2136,1625-04-01,1625-04-30,running_header,low,
V04-P0536-S01,V04-P0536,0,2488,1625-04-30,1626-04-01,between_headers,low,
V04-P0537-S01,V04-P0537,0,2394,1626-04-01,1626-04-30,running_header,high,
V04-P0538-S01,V04-P0538,0,2533,1625-04-01,1626-04-30,between_headers,low,
V04-P0539-S01,V04-P0539,0,2122,1625-04-01,1625-04-30,running_header,high,
V04-P0540-S01,V04-P0540,0,2214,1625-04-30,1626-04-01,between_headers,low,
V04-P0541-S01,V04-P0541,0,2347,1625-04-07,1625-04-07,running_header,low,
V04-P0542-S01,V04-P0542,0,2415,1625-04-30,1626-04-01,between_headers,low,
V04-P0543-S01,V04-P0543,0,2459,1626-04-01,1626-04-30,running_header,high,
V04-P0544-S01,V04-P0544,0,2397,1626-04-01,1626-04-30,between_headers,medium,
V04-P0545-S01,V04-P0545,0,2641,1626-04-01,1626-04-30,running_header,high,
V04-P0546-S01,V04-P0546,0,2520,1625-04-01,1626-04-30,between_headers,low,
V04-P0547-S01,V04-P0547,0,2502,1625-04-01,1625-04-30,running_header,high,
V04-P0548-S01,V04-P0548,0,2541,1625-04-01,1625-04-30,between_headers,medium,
V04-P0549-S01,V04-P0549,0,2435,1625-04-01,1625-04-30,running_header,high,
V04-P0550-S01,V04-P0550,0,2474,1625-04-01,1625-04-30,between_headers,medium,
V04-P0551-S01,V04-P0551,0,2369,1625-04-01,1625-04-30,running_header,high,
V04-P0552-S01,V04-P0552,0,2489,1625-04-01,1625-04-30,between_headers,medium,
V04-P0553-S01,V04-P0553,0,2345,1625-04-01,1625-04-30,running_header,high,
V04-P0554-S01,V04-P0554,0,2296,1625-04-01,1625-04-30,between_headers,medium,
V04-P0555-S01,V04-P0555,0,2497,1625-04-01,1625-04-30,running_header,high,
V04-P0556-S01,V04-P0556,0,2518,1625-04-01,1625-04-30,between_headers,medium,
V04-P0557-S01,V04-P0557,0,2471,1625-04-01,1625-04-30,running_header,high,
V04-P0558-S01,V04-P0558,0,2471,1625-04-01,1625-04-30,between_headers,medium,
V04-P0559-S01,V04-P0559,0,2291,1625-04-01,1625-04-30,running_header,high,
V04-P0560-S01,V04-P0560,0,2254,1625-04-30,1625-05-01,between_headers,medium,
V04-P0561-S01,V04-P0561,0,2202,1625-04-01,1625-04-30,running_header,low,
V04-P0562-S01,V04-P0562,0,2117,1625-04-30,1625-05-01,between_headers,medium,
V04-P0563-S01,V04-P0563,0,1402,1626-05-01,1626-05-31,running_header,low,
V04-P0564-S01,V04-P0564,0,630,1625-04-30,1625-05-01,between_headers,medium,
V04-P0565-S01,V04-P0565,0,773,1625-05-01,1625-05-31,running_header,high,
V04-P0566-S01,V04-P0566,0,927,1625-05-31,1625-06-15,between_headers,medium,
V04-P0567-S01,V04-P0567,0,1317,1625-05-01,1625-05-31,running_header,low,
V04-P0568-S01,V04-P0568,0,1156,1625-05-31,1625-06-15,between_headers,medium,
V04-P0569-S01,V04-P0569,0,1014,1625-05-31,1625-06-15,between_headers,medium,
V04-P0570-S01,V04-P0570,0,1051,1625-05-31,1625-06-15,between_headers,medium,
V04-P0571-S01,V04-P0571,0,1710,1625-06-15,1625-06-15,running_header,high,
V04-P0572-S01,V04-P0572,0,2525,1625-06-15,1625-06-15,inherited,medium,
V04-P0573-S01,V04-P0573,0,2618,1625-06-15,1625-06-15,running_header,high,
V04-P0574-S01,V04-P0574,0,1773,1625-06-15,1626-06-16,between_headers,low,
V04-P0575-S01,V04-P0575,0,2207,1626-06-18,1626-06-18,running_header,low,
V04-P0576-S01,V04-P0576,0,2331,1625-06-15,1626-06-16,between_headers,low,
V04-P0577-S01,V04-P0577,0,2424,1626-06-16,1626-06-16,running_header,high,
V04-P0578-S01,V04-P0578,0,2306,1626-01-04,1626-06-16,between_headers,low,
V04-P0579-S01,V04-P0579,0,1691,1626-01-04,1626-01-04,running_header,high,
V04-P0580-S01,V04-P0580,0,2731,1626-01-04,1626-01-04,inherited,medium,
V04-P0581-S01,V04-P0581,0,2527,1626-01-04,1626-01-04,running_header,high,
V04-P0582-S01,V04-P0582,0,2013,1626-01-04,1626-04-06,between_headers,low,
V04-P0583-S01,V04-P0583,0,2098,1626-04-06,1626-04-06,running_header,high,
V04-P0584-S01,V04-P0584,0,2371,1626-04-06,1626-04-06,inherited,medium,
V04-P0585-S01,V04-P0585,0,2119,1626-04-06,1626-04-06,running_header,high,
V04-P0586-S01,V04-P0586,0,372,1623-05-09,1626-04-06,between_headers,low,
V04-P0587-S01,V04-P0587,0,1764,1623-05-09,1626-04-06,between_headers,low,
V04-P0588-S01,V04-P0588,0,2594,1623-05-09,1626-04-06,between_headers,low,
V04-P0589-S01,V04-P0589,0,2590,1623-05-09,1623-05-09,running_header,high,
V04-P0590-S01,V04-P0590,0,2609,1623-05-09,1624-03-06,between_headers,low,
V04-P0591-S01,V04-P0591,0,2628,1623-03-01,1623-03-31,running_header,low,
V04-P0592-S01,V04-P0592,0,2146,1623-05-09,1624-03-06,between_headers,low,
V04-P0593-S01,V04-P0593,0,2038,1623-05-09,1624-03-06,between_headers,low,
V04-P0594-S01,V04-P0594,0,2207,1623-05-09,1624-03-06,between_headers,low,
V04-P0595-S01,V04-P0595,0,1913,1624-03-06,1624-03-06,running_header,high,
V04-P0596-S01,V04-P0596,0,2038,1624-03-06,1624-03-06,inherited,medium,
V04-P0597-S01,V04-P0597,0,951,1624-03-06,1624-03-06,running_header,high,
V04-P0598-S01,V04-P0598,0,0,1624-03-06,1624-03-06,inherited,medium,
V04-P0599-S01,V04-P0599,0,2297,1624-03-06,1624-03-06,inherited,medium,
V04-P0600-S01,V04-P0600,0,2717,1624-03-06,1624-03-06,inherited,medium,
V04-P0601-S01,V04-P0601,0,2709,1624-03-06,1624-03-06,inherited,medium,
V04-P0602-S01,V04-P0602,0,2743,1624-03-06,1624-03-06,inherited,medium,
V04-P0603-S01,V04-P0603,0,2646,1624-03-06,1624-03-06,inherited,medium,
V04-P0604-S01,V04-P0604,0,2864,1624-03-06,1624-03-06,inherited,medium,
V04-P0605-S01,V04-P0605,0,2636,1624-03-06,1624-03-06,inherited,medium,
V04-P0606-S01,V04-P0606,0,2848,1624-03-06,1624-03-06,inherited,medium,
V04-P0607-S01,V04-P0607,0,3020,1624-03-06,1624-03-06,inherited,medium,
V04-P0608-S01,V04-P0608,0,2562,1624-03-06,1624-03-06,inherited,medium,
V04-P0609-S01,V04-P0609,0,2214,1624-03-06,1624-03-06,inherited,medium,
V04-P0610-S01,V04-P0610,0,2468,1624-03-06,1624-03-06,inherited,medium,
V04-P0611-S01,V04-P0611,0,2682,1624-03-06,1624-03-06,inherited,medium,
V04-P0612-S01,V04-P0612,0,2788,1624-03-06,1624-03-06,inherited,medium,
V04-P0613-S01,V04-P0613,0,2831,1624-03-06,1624-03-06,inherited,medium,
V04-P0614-S01,V04-P0614,0,2771,1624-03-06,1624-03-06,inherited,medium,
V04-P0615-S01,V04-P0615,0,2729,1624-03-06,1624-03-06,inherited,medium,
V04-P0616-S01,V04-P0616,0,2651,1624-03-06,1624-03-06,inherited,medium,
V04-P0617-S01,V04-P0617,0,2493,1624-03-06,1624-03-06,inherited,medium,
V04-P0618-S01,V04-P0618,0,2693,1624-03-06,1624-03-06,inherited,medium,
V04-P0619-S01,V04-P0619,0,2669,1624-03-06,1624-03-06,inherited,medium,
V04-P0620-S01,V04-P0620,0,2713,1624-03-06,1624-03-06,inherited,medium,
V04-P0621-S01,V04-P0621,0,2732,1624-03-06,1624-03-06,inherited,medium,
V04-P0622-S01,V04-P0622,0,2614,1624-03-06,1624-03-06,inherited,medium,
V04-P0623-S01,V04-P0623,0,2687,1624-03-06,1624-03-06,inherited,medium,
V04-P0624-S01,V04-P0624,0,2464,1624-03-06,1624-03-06,inherited,medium,
V04-P0625-S01,V04-P0625,0,2732,1624-03-06,1624-03-06,inherited,medium,
V04-P0626-S01,V04-P0626,0,2916,1624-03-06,1624-03-06,inherited,medium,
V04-P0627-S01,V04-P0627,0,2608,1624-03-06,1624-03-06,inherited,medium,
V04-P0628-S01,V04-P0628,0,2565,1624-03-06,1624-03-06,inherited,medium,
V04-P0629-S01,V04-P0629,0,2538,1624-03-06,1624-03-06,inherited,medium,
V04-P0630-S01,V04-P0630,0,2633,1624-03-06,1624-03-06,inherited,medium,
V04-P0631-S01,V04-P0631,0,2806,1624-03-06,1624-03-06,inherited,medium,
