review_decision,review_note,occurrence_id,observed_span,proposed_training_label,review_status,page_id,span_start,span_end,sentence_text
,,V01-P0004-M02416-02419,Nos,EDITORIAL_REFERENCE,candidate,V01-P0004,2416,2419,"For documents relating to this election see List of Records, Nos. 108 and 170, pages 133 and 140, ante.
"
,,V01-P0006-M01108-01116,Counsell,ORG_OR_COMMITTEE,candidate,V01-P0006,1108,1116,"Vpon the request of Captaine Daniell Tucker for this Court to con-
ferr 20 shares vpon him for his fiue yeares service spent in Virginia,
aswell for his personall Adventure, as for the severall Offices and
eminent places w"""" there he held and executed, as namely, Capemer-
ehant, Prouant M’, one of the Counsell, Truek M' and Viceadmirall,
wherein by reason of shortnes of time, was now referred to the Gen-
erall Comittee to giue him reward as they shall thinke fitt.

"
,,V01-P0008-M00399-00407,Counsell,ORG_OR_COMMITTEE,candidate,V01-P0008,399,407,"216 RECORDS OF THE VIRGINIA COMPANY

Mr. Treasurors second Proposiéon was, that there might be another
Comittee for the constituting of Lawes and setling of a forme of Gov-
ernem‘ ouer all Virginia, appointing Magistrates and Officers there-
vuto, and expressing their seuerall dueties: w™ the Court generally
did very well approue of and haue nominated the former Comittee,
and licenced any of the Counsell to repair vnto them, and to haue
their voice, and haue added of the Company to be assisting S' Thomas
Wroth, m’ Thomas Gibbs, m’ D' Gulson, Captaine Bingham, m' W™
Essington, m’ Edward Ditchfield, m* Thomas Kightley, m™ W™ Caninge,
m' Henry Briggs and mr."
,,V01-P0012-M00037-00045,Counsell,ORG_OR_COMMITTEE,candidate,V01-P0012,37,45,"220 RECORDS OF THE VIRGINIA COMPANY

Counsell shalbe assembled to take such further course therein as shall
seeme requisite m’ W™ Palmer was desired to write to m‘’ Sumerscales
to meete them at that hower at m’ Atturnies.

"
,,V01-P0014-M00730-00738,Counsell,ORG_OR_COMMITTEE,candidate,V01-P0014,730,738,"The standing lawes and orders formerly allowed and confirmed by
diuers Quarter Courts touching the graunts and Pattents of Land,
and the duty appertayning to euery perticuler Office, being reduced
by a Comittie into one entire body; vnto w"" the Counsell being
assembled, haue allowed thereof, and being now presented to this
Court, was red for the preparing them for the confirmaéon of the
Quarter Court ensuing.

"
,,V01-P0016-M01275-01283,Counsell,ORG_OR_COMMITTEE,candidate,V01-P0016,1275,1283,"The standing lawes and orders for the Company being reduced by the
Comittee into an entire body, and by them presented to the Counsell,
who approuing of them, and hauing beene afterward read to the Pre-
paratiue Co"", and now to this greate and generall Co"", not any Lawe
was contradicted saue one, the Chapter of Audito™ concerning the old
"
,,V01-P0018-M01408-01416,Counsell,ORG_OR_COMMITTEE,candidate,V01-P0018,1408,1416,"Touching the point whither he were Gouerno""™ or noe, it plainly
appeared by a Ere sent vnto him (w™ the said Captaine Argoll now
produced) signed by some of the Counsell and Company, that at the
Landing of the Lo: Lawarr in Virginia, he should surrender vp his
place; W°"" seeing it pleased god to take his Lo” Life from his mortall
body before he Landed there, this point stood cleere that he remayned
Gouerno’, in statu quo prius."
,,V01-P0018-M01890-01898,Counsell,ORG_OR_COMMITTEE,candidate,V01-P0018,1890,1898,"in performing his tryall by Marshall Lawe, because the
Court found it more convenient for the busines to be more priuately
handled, it was ordered, that the Counsell should be summoned to
meete to morrow morning at my Lo: of Warwickes house at eight of
the Clock there to decide the business and report to the Court.

"
,,V01-P0019-M00437-00445,Counsell,ORG_OR_COMMITTEE,candidate,V01-P0019,437,445,"The request of diuers of the Generallity to the Tfer, Counsell and
Company of Virginia being presented at this Court, touching the
reforming and rectifying of the Magazine busines, was vpon pervsall
allowed of, and being putt to the question ratified by erecGon of
hande; W points are these that followe,

1."
,,V01-P0021-M01505-01513,Counsell,ORG_OR_COMMITTEE,candidate,V01-P0021,1505,1513,"Other priuate
busines m'’ Thier aequaynted the Court was specified in his Eres,
w"" is first to receaue the advise of the Counsell, and by their direcéons
to reveale it to the Court.’

!"
,,V01-P0022-M00538-00546,Counsell,ORG_OR_COMMITTEE,candidate,V01-P0022,538,546,"The Counsell hauing mett according to order from the Last Court;
touching the appeal of Captaine Brewster against Captaine Samuell
Argoll, the Court hauing cleered one point concerning his Gouerno’-
shipp, and the Counsell now approuing of the other for his tryall by
Marshall Lawe, holding Captaine Argoll not faulty therein, by reason
he proceeded and followed the example of his Predecesso™, and the
Custome altogether vsed hetherto in that PlantaGon, w"""" is likely to
continue till the standing orders for Virginia be made and enacted;
and he being tryed by a Marshall Court, the Counsell held it to be
the Noblest tryall being indged by Souldiers and men of worth."
,,V01-P0022-M00748-00756,Counsell,ORG_OR_COMMITTEE,candidate,V01-P0022,748,756,"The Counsell hauing mett according to order from the Last Court;
touching the appeal of Captaine Brewster against Captaine Samuell
Argoll, the Court hauing cleered one point concerning his Gouerno’-
shipp, and the Counsell now approuing of the other for his tryall by
Marshall Lawe, holding Captaine Argoll not faulty therein, by reason
he proceeded and followed the example of his Predecesso™, and the
Custome altogether vsed hetherto in that PlantaGon, w"""" is likely to
continue till the standing orders for Virginia be made and enacted;
and he being tryed by a Marshall Court, the Counsell held it to be
the Noblest tryall being indged by Souldiers and men of worth."
,,V01-P0022-M01118-01126,Counsell,ORG_OR_COMMITTEE,candidate,V01-P0022,1118,1126,"The Counsell hauing mett according to order from the Last Court;
touching the appeal of Captaine Brewster against Captaine Samuell
Argoll, the Court hauing cleered one point concerning his Gouerno’-
shipp, and the Counsell now approuing of the other for his tryall by
Marshall Lawe, holding Captaine Argoll not faulty therein, by reason
he proceeded and followed the example of his Predecesso™, and the
Custome altogether vsed hetherto in that PlantaGon, w"""" is likely to
continue till the standing orders for Virginia be made and enacted;
and he being tryed by a Marshall Court, the Counsell held it to be
the Noblest tryall being indged by Souldiers and men of worth."
,,V01-P0022-M01436-01444,Counsell,ORG_OR_COMMITTEE,candidate,V01-P0022,1436,1444,"But
forasmuch as it is obiected that the said Captaine Argoll proceeded
vnduely, Capt Brewster comitting noe crime worthy of death, and
being also alleaged that he was first condempned and afterward called
vunto his Answere, w™ the Counsell and Court here cann not iudge of,
but is to be tryed there, where the euidence may be giuen; It was
therefore now ordered, that the said Appeale and Captaine Argolls
answere therevnto shalbe sent inclozed w'""in a tre of the Companies
to S' George Yeardley and the Counsell of State, and they to make
examinaéon of the cause and returne Certificate thereof."
,,V01-P0022-M01709-01717,Counsell,ORG_OR_COMMITTEE,candidate,V01-P0022,1709,1717,"But
forasmuch as it is obiected that the said Captaine Argoll proceeded
vnduely, Capt Brewster comitting noe crime worthy of death, and
being also alleaged that he was first condempned and afterward called
vunto his Answere, w™ the Counsell and Court here cann not iudge of,
but is to be tryed there, where the euidence may be giuen; It was
therefore now ordered, that the said Appeale and Captaine Argolls
answere therevnto shalbe sent inclozed w'""in a tre of the Companies
to S' George Yeardley and the Counsell of State, and they to make
examinaéon of the cause and returne Certificate thereof."
,,V01-P0023-M01636-01644,Counsell,ORG_OR_COMMITTEE,candidate,V01-P0023,1636,1644,"Thier that the Court would take into considera -
éon to appoint a Comittie of choice Gentlemen, and other of his Ma*
Counsell for Virginia concerning the Colledge; being a waighty busi-
nes, and so greate, that an Account of their proceedings therein must
be giuen to the State."
,,V01-P0028-M01081-01089,Counsell,ORG_OR_COMMITTEE,candidate,V01-P0028,1081,1089,"But much dispute growing herein, and the Counsell all
save o[ne] hauing delivered their opinions to mayntayne the order,
It was at length agree[d] that the said Adventure™ of the Magazine
should be warned to meete here vpon Munday next in the Afternoone
at the Generall Co"" to performe such things as in the Last Quarter Co™
had beene ordered, concerning the Magazine and the officers thereof.
"
,,V01-P0031-M01351-01359,Counsell,ORG_OR_COMMITTEE,candidate,V01-P0031,1351,1359,"Wherevpon the Court
was pleased to call before them the Marriners, administring vnto
them an Oath to answere vnto such Interrogotories as shalbe law-
fully demaunded of them touching Martins Hundred: w"" done the
examinaéon thereof was referred to two of the Counsell and two of the
Company, viz't, to m"" Aldfan Johnson, m’ Morrive Abbott, & m’ Abdy
and m' Cartwright."
,,V01-P0031-M01601-01609,Counsell,ORG_OR_COMMITTEE,candidate,V01-P0031,1601,1609,"And for wrong donne by the Capemerchant, it
being not their case alone that complaynes, It was agreed that a tre
should be written from the Counsell to S' George Yeardley, and that
M’ Chambers and others [23]?

findeth none soe fitt and convenient for them as m' Deputy fferrars.
"
,,V01-P0033-M00664-00672,Counsell,ORG_OR_COMMITTEE,candidate,V01-P0033,664,672,"[24]

To w purpose, the Court haue now appointed ffower of the Counsell,
2 of Smiths Hundred and 2 of Martins Hundred, viz"" of the Counsell
S' Tho: Gates, m’ Iohn Wroth, m’ Deputy fferrar and Capt Argoll;
ffor Smiths Hundred, m' Thomas Gibbs and m’"
,,V01-P0033-M01778-01786,Counsell,ORG_OR_COMMITTEE,candidate,V01-P0033,1778,1786,"Next according to an order made in the Last Court, m’ Thier required
of the Officers then chosen for the Magazine, such Acc? as was then
comitted to their care to be perfected, and brought in as vpon this
day at the furthest: but perceauing that m’ Essington was gone and
that noe Account could be presented, being some thing moued that
from time to time they should be putt of and could haue neither paid
the money w‘"" appeareth to be due to the Company, nor that they
would meete to audite the same, addressed himselfe to m’ Alderman
Iohnson as Director thereof, saying, he would complaine to the Lorde
of the Counsell of it, or comence suite against him."
,,V01-P0033-M02008-02016,Counsell,ORG_OR_COMMITTEE,candidate,V01-P0033,2008,2016,"Wherevpon
m' Alderman conceauing as he afterward@ said he had threatned him
in his owne person, replied, that he durst not, w'"" some other angry
word¢ he then vttered; w*"" some of the Counsell tooke exeepéons at.
"
,,V01-P0034-M00700-00708,Counsell,ORG_OR_COMMITTEE,candidate,V01-P0034,700,708,"242 RECORDS OF TIE VIRGINIA COMPANY

l|he was|| Director of the Magazine, & when he spoke of himselfe he
meant the Virginia Company: Which being putt to the question,
whither the Court vnderstood that he spoke perticulerly of his person,
or of the Adventurers of the Magazine, it was by most voices affirmed,
that they vnderstood in speaking to him, that he ment of the Maga-
zine Company: And because it should not passe w'""out some reproofe
or acknowledgm' of his part of an error, for preventing the like here-
after soe neere as may be; It was moued by m’ W™ Caninge, that the
Co"" might presently decide it; and afterward vpon putting the ques-
tion, by generall erecGon of hand€ agreed that the Counsell now
present being the Ea: of Warwicke, S"" Thomas Gates, S' lohn Dauers,
S' Nath: Riche, m’ Iohn Wroth and m' Deputy fferrar should meete
too morrow morning at my Lo: of Southamptons, and they together
w"" his Ld’ to consider of m* Aldermans words and to censure him
accordingly.

"
,,V01-P0035-M00887-00895,Counsell,ORG_OR_COMMITTEE,candidate,V01-P0035,887,895,"The busines by the Last Court referred vnto the Counsell touching
some vnseemely wordé€ giuen by m' Aldiéan Johnson vnto m' Thier to
be censured by them, they hauing mett as they were desired, and
thereon considered, did now deliver their conclusion into the Courte,
where after a long disputa¢on and reproofe of the offenee vomitted ly
m’ Alderman, & a generall cleering of m’ Tier by ereccon of [26] hande
and euery manstestimony ofthe seandallimputed vuto him hy m' Alder-
man, that he should wrong any of the Company by vndecent language;
It was agreed that for preventing the Like abuse to the Thier here-
after, the former Comittees, that is to say, the Lord of Southampton,
"
,,V01-P0043-M01003-01011,Counsell,ORG_OR_COMMITTEE,candidate,V01-P0043,1003,1011,"He concluded, that he had allwayes fauoured the desires of Martins
hundred; but for this perticuler, he would not approue it: Howheit
if men were not satisfied w'"" these reasons, he would be well content,
that the matter might be referred to a Quarter Court, vnto w"" it did
more properly belong; and that in the meane time, it might be referred
to the consideraéon of a Grane Comittie to be indifferently chosen
out of the Generallity and Counsell.

"
,,V01-P0045-M01130-01138,Counsell,ORG_OR_COMMITTEE,candidate,V01-P0045,1130,1138,"[34]

A tre being sent from his Ma"" directed to m' Tier and Counsell for
sending diners dissolute persons to Virginia, w* Hwan
the send i dissolut to Virg |S"" Ed 1
Zouch kn‘ Marshall will giue informaéon of; after the Counsell had
pervsed the same, was brought to the boord and read to the Company,
who considering there was noe present meanes of conveying them to
Virginia, though fitt to reserue the full answere to his Ma* tre till the
next Court, when w™ the Lordé & m' Treasuror it might be agreed how
his Ma* Comaundé might most speedily and conveniently be effected:
»meane while o: Dauers promised to aequaynt m' Secretarie
In the hile S' Io: D 1 let ynaynt m’ Secret
Caluert and S' Edw: Zouch the reason that they gane not p'sent
y
answere to his Ma‘ gracious Lre.

"
,,V01-P0045-M01288-01296,Counsell,ORG_OR_COMMITTEE,candidate,V01-P0045,1288,1296,"[34]

A tre being sent from his Ma"" directed to m' Tier and Counsell for
sending diners dissolute persons to Virginia, w* Hwan
the send i dissolut to Virg |S"" Ed 1
Zouch kn‘ Marshall will giue informaéon of; after the Counsell had
pervsed the same, was brought to the boord and read to the Company,
who considering there was noe present meanes of conveying them to
Virginia, though fitt to reserue the full answere to his Ma* tre till the
next Court, when w™ the Lordé & m' Treasuror it might be agreed how
his Ma* Comaundé might most speedily and conveniently be effected:
»meane while o: Dauers promised to aequaynt m' Secretarie
In the hile S' Io: D 1 let ynaynt m’ Secret
Caluert and S' Edw: Zouch the reason that they gane not p'sent
y
answere to his Ma‘ gracious Lre.

"
,,V01-P0048-M00997-01005,Counsell,ORG_OR_COMMITTEE,candidate,V01-P0048,997,1005,"As for the benefitt
of their labors of the Comon Land, it standeth otherwise, for their
moity is to be denided betweene the Counsell and Officers there, [36]
and for other publique vses, and betweene the Company here.  "
,,V01-P0048-M01101-01109,Counsell,ORG_OR_COMMITTEE,candidate,V01-P0048,1101,1109,"ffor
the Counsell who attendeé there, when the Gouernor at all times shall
please to call them, cannot neglect their busines w""out reward; soe
likewise here, the Company may not expect, that although their
Tier for the time past and pnte, as also the Deputies of late serue
meerely out of their zeale and loue to the Acéon, yet those that
shall sueceede will happily expect a yearely gratificaéon, when the
Company shalbe enabled by their Rents to yeild it."
,,V01-P0050-M00268-00276,Counsell,ORG_OR_COMMITTEE,candidate,V01-P0050,268,276,"Next he acquainted, that the Counsell sitting this morning at my
Lord of Southamptons, there were some moéons made for y® busines
at home, one was concerning Tobacco in Generall, that the planting
of it here would be the destrucéon of the Plantation, and therefore
that the Company might be humble suito™ for an inhibiéon thereof;
but this was conceaued might be a seandall for Virginia, as that it
could not subsist w""out that weed, intending very shortly to sett in
hand with Iron-workes, & the Country affording diuers other good
comodities, as Silke, Silkegrasse, Corne, Vines, ete."
,,V01-P0050-M00869-00877,Counsell,ORG_OR_COMMITTEE,candidate,V01-P0050,869,877,"And therefore
it was thought better by the Counsell, forasmuch as the ffarmors of
Impost had it on foote allready that they proceed, and the Company
as they see oceasion to assist them."
,,V01-P0050-M01113-01121,Counsell,ORG_OR_COMMITTEE,candidate,V01-P0050,1113,1121,"ffor the perticuler Tobacco of the
Adventurers remayning in the Custome howse, he was desired by the
Counsell to drawe a tre in their names, and to be signed by them,
w he promised forthw™ to performe, to be addressed vnto the Kings
Lerned Counsell, shewing the priuiledges of their Pattent, and the
Losse they haue sustayned by this extreame delay w™ earnest request
of present expedicon."
,,V01-P0050-M01507-01515,Counsell,ORG_OR_COMMITTEE,candidate,V01-P0050,1507,1515,"And seeing that m' Iacobb contrary to the
priuiledges of their said Pattent; the Letter of his Ma” priny Counsell
in their behalfe, and the Adventurers offer to leaue halfe w' him,
that they might obtaine the other halfe to sell away that it might not
all perish, had reiected all moéons and meanes of agreement, and in
contempt of their Lo’ Letter refused to deliver it vpon those reason -
able condiGons sett downe by their Lps, that therefore he thought it
very expedient (the Lord@ consent€ being first obtayned) that the
Company commence an Acéon of damages against him, the losse they
haue receaued being estimated by many at—2500""—w™ moéon so suted
w' the desire of the Court (sauing that the Lord¢ consent was thought
vnnecessary) that for the rest they intreated it might be putt to the
question: w™ being done, and also propounding whither the suite
shall proceed at the Comon charge, being for the maynteiince of the
Pattent, and the Magazine to appoint Sollicitors, was ratified by
"
,,V01-P0051-M00079-00087,Counsell,ORG_OR_COMMITTEE,candidate,V01-P0051,79,87,"NOVEMBER 3, 1619 259

erecéon of hande; The Court, hauing now chosen for their Counsell,
S' Lawrence Hide and m' Xofer Brooke; And to sollicite the cause
m' Tho: Melling for the Company, m' lames Berblock for the Maga-
zine, and m"" Richard Caswell is entreated to assist them."
,,V01-P0051-M01410-01418,Counsell,ORG_OR_COMMITTEE,candidate,V01-P0051,1410,1418,"Whereas m' W™ Canings complaint the last Court was referred vnto
this present to be heard betwixt Captaine Bargraue & him, he being
now absent was by diuers now present censured to be a great disturber
of the peace of the Company, & molester of the Courts w™ matter of
ffaction: Therefore when the Counsell meetes, that he be warned to
attend them to receiue admonicon and if that after he continue in his
wonted byas, that then he be disfranchized according to a standing
order in that behalfe.

"
,,V01-P0052-M00399-00407,Counsell,ORG_OR_COMMITTEE,candidate,V01-P0052,399,407,"260 RECORDS OF THE VIRGINIA COMPANY

fforasmuch as noe deuision of the Iointstock is yet made to the
Adventurers, according long since to promise, nor any ace® heth-
erto presented (though often called for) whereby they may vnder-
stand the state of the busines, and other Accounts intermixed
w"" them be cleered; therefore vpon generall request of the Ad-
venturers now pnte, it was agreed that the Counsell be entreated to
take the busines into their hand@, and to call the Officers of the
Magazine before them to giue vp their Acc’, as also to heare aswell
the obiecéons of the Adventurers, as the answeres of the Officers,
that soe right be done, and the differences Long depending may be
freindly decided and ended: W moéon was also extended to such
accompts of the former Magazine as remayne yet vneleared."
,,V01-P0052-M01302-01310,Counsell,ORG_OR_COMMITTEE,candidate,V01-P0052,1302,1310,"; yet notw""standing the Co"" are most humble suitors
vnto his Lop, that he would please also in these businesses of so great
importance, and w*"" haue beene the onely cause of distracéon and dis-
cention in the Company, to vouchsafe his presence at that meeting of
the Counsell, that by his Lo” and their authority, those differences
might be concluded, the Comp satisfied in their right, and all occa-
sion of continuing iealousies and displeasures be remoued: W moéon
being made by m* Thfer was by Generall erecéon of hand¢ confirmed
noe one dissenting.

"
,,V01-P0052-M01897-01905,Counsell,ORG_OR_COMMITTEE,candidate,V01-P0052,1897,1905,"M’ Thier also moued, that Captaine Bargraue should be desired by
the Court, that at leastwise after the examinaéon of his witnesses
(vpon w™ he resolutely insisted) he would then be content to referr
the Controuersy betweene him and some other of the Company, to be
heard in like sort and arbitrated by the Counsell, that so all cause of
scandall and discord amongst the Company might haue an end: Vnto
w"" Captaine Bargraue gaue his consent, and the same was generally
well approued of by the Court.
"
,,V01-P0053-M01277-01285,Counsell,ORG_OR_COMMITTEE,candidate,V01-P0053,1277,1285,"Wherevnto was answered, that these Proposi-
éons had beene formerly proposed to the Counsell at Southampton
howse, where they were generally approued to be beneficiall and
"
,,V01-P0054-M00166-00174,Counsell,ORG_OR_COMMITTEE,candidate,V01-P0054,166,174,"262 RECORDS OF THE VIRGINIA COMPANY

advantagious for the Plantaéon, And therefore not fitt they should be
reassumed from thence to a priuate Comittie, Esteeming the Counsell
the chiefest Comittee could be chosen."
,,V01-P0055-M00079-00087,Counsell,ORG_OR_COMMITTEE,candidate,V01-P0055,79,87,"NOVEMBER 16, 1619 263

Next for the order of the Magazine Acc? referred to the Counsell, My
Lord of Southampton was humbly desired to lend his presence for the
concluding of it: This and the former Magazine being the cause [41]
of all discentions that hath beene amongst the Company, who hath
promised his assistance."
,,V01-P0058-M00627-00635,Counsell,ORG_OR_COMMITTEE,candidate,V01-P0058,627,635,"The Courtes being read, m’ Treasuror putt the Court in remembrance
of his former Proposiéons propounded in the Co” iij° Die Nouembris
hauing before that propounded them to the Counsell, and lastly to [43]
the Preparatiue Court, and desired to haue the indgment of this Great
and Generall Court concerning them: Where, vpon the request of
some noble§men$ pnte, he related them againe to the Co"" in effect as
followeth;

Mr. Thier therefore declared, that his care and duety running ioyntlie
for the advancem' of this noble Plantation, his desire carried him
chiefly to the restoring of the Publig,’ now lately decayed, and the
reforming of some errors, w’"" had directed their charges and the labo™
ot the Collony to a wrong and vnworthy course, and greatly to the
disgrace and hurt of the PlantaGon: ffor whereas not much aboue
Three yeares agoe there were returned from Virginia Twelue severall
Comodities sold openly in Court to the great hono"" of the Aecéon and
encouragem' of the Adventurers: Since that time there hath beene
but litle returned worth the speaking of, saue Tobacco and Sassaphras,
which the people there wholy applying, had by this misgouernem'
reduced themselues into an extremity of being ready to starue (vules
the Magazine this last yeare had supplyed them w'’ Corne and Cattle
from hence) to the stopping and great discouragem' of many hundred¢
of people, who were prouiding to remoue themselues to plant in Vir-
ginia."
,,V01-P0058-M02053-02061,Counsell,ORG_OR_COMMITTEE,candidate,V01-P0058,2053,2061,"The cause of this erro’ he would not insist vpon, as loth to
giue offence by glaunce of speech to any, but for remedy thereof
(besides often letters from the Counsell sent lately to the Gouernour

!"
,,V01-P0063-M02002-02010,Counsell,ORG_OR_COMMITTEE,candidate,V01-P0063,2002,2010,"After this hee signified that accordinge to the desire of the last Courte
hee had beene w™ m' Secretary Calvert and delivered the Companies
answere touchinge the Transporting of men prest by his Maty w™
gaue nott full satisfaccon for that the Kings desyre admitted no
delaies butt forthwith to have 50: of the 100 shipt away with all speed,
Notw""standing the many inconvenyences w™ m‘ Thier alleadged
would therby acerew vnto the Company that they could not goe in
lesse then fower Shipps, for feare they beinge many togeather may
drawe more vnto them and so muteny and carry away the Ships,
w™ would stand the Company in fowre thousand poundeé, and they
not suddenly to be gotten att this time of the yeare, butt all not serv-
inge the turne hee tolde them what a pinch hee was putt vnto and
therfore desyred their Counsell and Advise.

"
,,V01-P0064-M02205-02213,Councell,ORG_OR_COMMITTEE,candidate,V01-P0064,2205,2213,"[48]

Concerning the Magazine w* is held to stand in Desperate Tearmes,
the goods remayninge in Captivytie; M’ Thier fallinge into speech w™
a greate noble man of the State of Virginia att length Complayned of
the greate losse they have susteyned by m' Iacobhbs deteyninge a wholl
years harvest, notwithstandinge all the offers that was made, and that
other bussines this Tearme being so great this could have noe reso-
Inéon from the Kings lear[ne]d Councell; Whervpon hee advised him
to bringe their Complaynte vnto the Councell Table, and ther they
should be sure to receive all the right that might be:

The desperate estate of w°"" and the neglect of the presentinge the
Aeccompts therof caused a suddaine dispute, whither they should pro-
ceed forward in the maynteyninge of itt or absolutely to disolve the
same, Some beinge of opinion that free Trade might be more benefi-
"
,,V01-P0065-M00684-00692,Counsell,ORG_OR_COMMITTEE,candidate,V01-P0065,684,692,"Whervpon after much f° —
Debatinge itt was ordered that itt should be argued att full beforethe =~
Counsell and they to relate their opynyons to the Courte,

John Delbridge Indentures of Land for him and his Associates beinge M* Deibridue In-
now delivered engrossed into the Courte after beinge read & fyndinge dentures onivred
them Concurre w"" the Orders of the Company receaved Confirma- —
tion w"" allowance of the Seale to be thervnto anexed,

Captaine Brewster desyred to have the hearinge of his cause deferred The hearinge of
° : : re Capt: Brewstera
till the next Preparative Courte w is agreed then to be heard."
,,V01-P0065-M01815-01823,Counsell,ORG_OR_COMMITTEE,candidate,V01-P0065,1815,1823,"en
and generall Courte as proper thervnto by reason itt grew late itt was —
referred vnto the Counsell att their meetinge to Consider of."
,,V01-P0067-M00939-00947,Counsell,ORG_OR_COMMITTEE,candidate,V01-P0067,939,947,"Likewise he acquainted that beinge to goe to the Counsell §table§
aboute the Companies buisines hee purposed to acquainte the Lords
of the Tobacco detayned by m* Iacobb, notwithstandinge the graunt
of their Pattent their letter from the Lords of the Counsell and the
Companies offer vnto him; Desiringe to vnderstand their further
pleasure, who have agreed to make a further Offer (iff itt may be
accepted) to leave a 20"" parte w"" him in spetie, as allso an other
xx"" pt for y° Kings Custome till they have tryed theire Pattent,
And for the assistinge of m' Threr theris now entreated, My Lord
of Warwick, Lord Paggett Lord Cauendish, S' Ilohn Dauers, S* Nath:
"
,,V01-P0067-M01140-01148,Counsell,ORG_OR_COMMITTEE,candidate,V01-P0067,1140,1148,"Likewise he acquainted that beinge to goe to the Counsell §table§
aboute the Companies buisines hee purposed to acquainte the Lords
of the Tobacco detayned by m* Iacobb, notwithstandinge the graunt
of their Pattent their letter from the Lords of the Counsell and the
Companies offer vnto him; Desiringe to vnderstand their further
pleasure, who have agreed to make a further Offer (iff itt may be
accepted) to leave a 20"" parte w"" him in spetie, as allso an other
xx"" pt for y° Kings Custome till they have tryed theire Pattent,
And for the assistinge of m' Threr theris now entreated, My Lord
of Warwick, Lord Paggett Lord Cauendish, S' Ilohn Dauers, S* Nath:
"
,,V01-P0068-M00353-00361,Counsell,ORG_OR_COMMITTEE,candidate,V01-P0068,353,361,"276 RECORDS OF THE VIRGINIA COMPANY

tendeth to the discourragment of sundry Adventurers who purposed

to transport men thither for the settinge vpp of Iron worke; Itt
The tre to be was thought good for the depressinge of such base reports, [ (] a former
— es tre to the like effeete beinge formerly diuulged) that itt be showed
penalty yppon ye to the Counsell, to impose such penalty of the person as may be
—— _ held expedient, and to consider of a Publicaéon to be sett outt
cacon to beset out  printe for the Confutaéon therof."
,,V01-P0069-M01803-01811,Councell,ORG_OR_COMMITTEE,candidate,V01-P0069,1803,1811,"[062-
W if the N°: Colony abridge them of this, they would take away their
means and encourragment of sendinge of men, Vuto which S‘ Fer-
dinando Georges replyed that if hee mistake not himselfe both the
Companies were lymitted by the Pattent vnto which hee would sub-
mitt himselfe, ffor the decydinge wherof itt is referred vnto the ;
Councell who are of both Companies to examine the tres Pattents to - = _
morrow afternoone att my Lord of Southamptons and accordingly to examine y+ tres
determine the Dispute."
,,V01-P0079-M01003-01011,Councell,ORG_OR_COMMITTEE,candidate,V01-P0079,1003,1011,"Whervppon they fivinge to yo"" Lo”: for releife obteyned yo"" hono™: Letter to
m"" Iacobb to deliver their goods they entringe into bond to pay him whatso-
ever should appear to be his due, by yo"" fT’* iudgment€ vppon certificate from
his Ma‘: leirned Councell, and win one moneth after itt should be determyned,
w"" order yo"" Supplyant¢ did offer him to pforme.

"
,,V01-P0080-M00868-00876,Councell,ORG_OR_COMMITTEE,candidate,V01-P0080,868,876,"1: His Offences in matter of State, 2: The Depredacon and spoile of
the publique w™ other offences to the Company and Councell and
3: his oppression there of the Collony in generall and sundry pticu-
larr men.
"
,,V01-P0080-M01010-01018,Counsell,ORG_OR_COMMITTEE,candidate,V01-P0080,1010,1018,"To the Two first m' Thier vppon the desyre of the Counsell was con-
tent to collect the falts, and sett downe §in§ Articles the greivances
of the Company because the said Cap’ Argoll desyred to answere every
pointe in writinge."
,,V01-P0080-M01577-01585,Councell,ORG_OR_COMMITTEE,candidate,V01-P0080,1577,1585,"Butt the third of the opression of the people
haveinge no affinitie w the two other part€ may be answered by
themselvs when Certificate shalbe returned from thence of the same
hee haveinge answered to the 4 firste Articles of Matter of State,
The buisines to be The second parte of depradaéon was delin9d vnto him in Eight Articles
fa aa by m’ Thier earnestly desyringe the Courte (as the Councell thinke
Capt Argoll to en- Itt Convenyent) that the prosecutinge herof might be taken outt of
tertaine a Coun- his hands, and referred aceordinge to the Councell€ order vuto a
— Lawyer and a Marechaunt to solicite the Companies cause against
The Comp* choise him: And allso Cap' Argoll desyred that in respect hee was no great
hal Seoller that hee might have liberty to entertaine Councell to defend
his Cause:"
,,V01-P0080-M02224-02232,Councell,ORG_OR_COMMITTEE,candidate,V01-P0080,2224,2232,"Soe the Courte for the Company have now made choyse
of m' Edward Harbert for the Lawyere and mr Tho: Keightley for
the Marchant agreeinge that all the writings and evidences shall be
putt into their hands, And that the Téer and Councell shall be indges
of the buisines, Mr Deputy promisinge to enforme and ease them as
much as hee cann, allowinge allso of Cap’ Argoll€ request.
"
,,V01-P0081-M01303-01311,Councell,ORG_OR_COMMITTEE,candidate,V01-P0081,1303,1311,"[58]

The Councell meetinge accordinge to the referrence in the last Court
and pvsinge the tres Pattents grew to this Conelusion that by the
lycense of the said Councell itt might be lawfull for either of the said
Collonies to fish w'""in the liberties the one of the other butt since
some of the Northerne Collony flyinge from that agreement pretend
to Consider better of itt before they will give answere therevuto.
"
,,V01-P0081-M01454-01462,Councell,ORG_OR_COMMITTEE,candidate,V01-P0081,1454,1462,"[58]

The Councell meetinge accordinge to the referrence in the last Court
and pvsinge the tres Pattents grew to this Conelusion that by the
lycense of the said Councell itt might be lawfull for either of the said
Collonies to fish w'""in the liberties the one of the other butt since
some of the Northerne Collony flyinge from that agreement pretend
to Consider better of itt before they will give answere therevuto.
"
,,V01-P0082-M02214-02222,Counsell,ORG_OR_COMMITTEE,candidate,V01-P0082,2214,2222,"[859]

ffor the second itt was agreed accordinge to former order that when
the Accompt€ are prepared they shalbe presented to the Counsell to

1A blank space in the manuscript.

"
,,V01-P0082-M02454-02457,Nos,EDITORIAL_REFERENCE,candidate,V01-P0082,2454,2457,"See List of Records, Nos.
174 and 183, pages 140 and 141 ante.
"
,,V01-P0088-M01740-01748,Counsell,ORG_OR_COMMITTEE,candidate,V01-P0088,1740,1748,"Comittee to repare to the Clark of the Counsell, and to take care that
of to be entred this bargaine be Recorded, and to peure a Coppy therof to be entred
amongst y‘Comp"": amongst the rest of the Companies orders: And because the said

alae Clarke of the Councell may better vnderstand the Companies true
"
,,V01-P0088-M01956-01964,Councell,ORG_OR_COMMITTEE,candidate,V01-P0088,1956,1964,"Comittee to repare to the Clark of the Counsell, and to take care that
of to be entred this bargaine be Recorded, and to peure a Coppy therof to be entred
amongst y‘Comp"": amongst the rest of the Companies orders: And because the said

alae Clarke of the Councell may better vnderstand the Companies true
"
,,V01-P0089-M02372-02379,Deputie,TITLE_OR_ROLE,candidate,V01-P0089,2372,2379,"M* Thier & af
Deputie their re-
port tuuchinge yt
100 Children to be
sent tu Virginia

The Magazine cli--
» sulued.
"
,,V01-P0092-M00626-00634,Counsell,ORG_OR_COMMITTEE,candidate,V01-P0092,626,634,"a Tbfer oe 4The Comittee appoynted by the last Courte to repaire to y*® Clerk of
— “aa ;, the Counsell for to see wheither their offer to his Ma‘: were rightly
the book ofy* Aets entred and accordinge as m' Thfrer and the Comittee w” him had
‘e - i — signyfied and reported, Presented now a Coppie peured by m'’ Thiers
The entringe of itt help of the Reeord as itt stands entred in the Booke of Acts of the
into y* Comp"": LLY Comissners of the Thiery; butt the entringe of the Coppie into
ped pook “°"" the Court booke of this Company was deferred vuto the conclusion of
a more full and ample Courte, by reason that some of the Company
present were of opynyon that not onely the Pattent ought to be pre-
served from infryngement w™ they confessed to be done, butt likewise
ought to have beene strengthned, w™ they said by this manner of

acceptance on the Lords pts was not done.

"
,,V01-P0098-M00136-00144,Councell,ORG_OR_COMMITTEE,candidate,V01-P0098,136,144,"No Courte Vniless
‘i: of y* Councell
be pnt:

2 nominated to he
of the Coungell.

"
,,V01-P0098-M00792-00800,Councell,ORG_OR_COMMITTEE,candidate,V01-P0098,792,800,"ffor the first hee peeeded as formerly hee had done, that nothing was
so pfect wherin time discouereth not some impfecGons, so in y° Lawes
some thinge beinge found defective comended to their ConsideraGon
some small Addiéon and Correeéon of them formerly allowed in the
laste Quarter Courte thence referred to a Comittee by them presented
to the Councell, and lastly read in the precedinge Preparative Courte:
explayninge what was pformed vnto seuerall Tytles:

To the Tytle of Courte: 8: Laws is added; To the Tytle of Treas-
uror—2: To the Tytle of Deputy."
,,V01-P0098-M01977-01985,Councell,ORG_OR_COMMITTEE,candidate,V01-P0098,1977,1985,"To the second poynt of Choosinge Officers he acquainted y‘ accordinge
to the said Eres Pattents itt was no Courte vnless five of y® Counsell
were present by defect of w"" nomber of the Councell were they
are often times att their Courts in tymes of Vacation inforced to stay
very longe before that nomber of the Councell be assembled by reason
such as frequents the Court are either in y° Countrie or imployed in
other buisines, that they cannott attend, therfore vppon Moéon from
the Councell, hee nominated 2: vnto y® Courte M' Robert Heath
Recorder of this Citty who hath been and is a great Adventurer and

"
,,V01-P0098-M02104-02112,Councell,ORG_OR_COMMITTEE,candidate,V01-P0098,2104,2112,"To the second poynt of Choosinge Officers he acquainted y‘ accordinge
to the said Eres Pattents itt was no Courte vnless five of y® Counsell
were present by defect of w"" nomber of the Councell were they
are often times att their Courts in tymes of Vacation inforced to stay
very longe before that nomber of the Councell be assembled by reason
such as frequents the Court are either in y° Countrie or imployed in
other buisines, that they cannott attend, therfore vppon Moéon from
the Councell, hee nominated 2: vnto y® Courte M' Robert Heath
Recorder of this Citty who hath been and is a great Adventurer and

"
,,V01-P0098-M02277-02285,Councell,ORG_OR_COMMITTEE,candidate,V01-P0098,2277,2285,"To the second poynt of Choosinge Officers he acquainted y‘ accordinge
to the said Eres Pattents itt was no Courte vnless five of y® Counsell
were present by defect of w"" nomber of the Councell were they
are often times att their Courts in tymes of Vacation inforced to stay
very longe before that nomber of the Councell be assembled by reason
such as frequents the Court are either in y° Countrie or imployed in
other buisines, that they cannott attend, therfore vppon Moéon from
the Councell, hee nominated 2: vnto y® Courte M' Robert Heath
Recorder of this Citty who hath been and is a great Adventurer and

"
,,V01-P0099-M02208-02216,Counsell,ORG_OR_COMMITTEE,candidate,V01-P0099,2208,2216,"Itt was now allso agreed touchinge the Order of y* Lords Comis- T* Comp’ ™ bt
sioners that the Company should be humble suto™ vnto their LL"": ete omer
for some small amendment in the forme therof, M' Thier signifyinge ment in y* Onder.
that the Counsell of Virginia sittinge win before the Courte there

beinge present all the Noble Lords before sett downe resolved that

16455—voi 1—06——20
"
,,V01-P0101-M02708-02716,Counsell,ORG_OR_COMMITTEE,candidate,V01-P0101,2708,2716,"the said Citty and Subvrbs therof is to be
made, and vppon the Collectinge therof the same shalbe paid to the said Vir-
ginia Comp"": for the purpose aforesaid; Now therfor for the good of the
same Children, and in Consideraéon of the plmises, Itt is fully concluded
Ordered, and decreed att a great and generall Quarter Courte this day
holden by the Treasuror, Counsell, and Company of Virginia that the
said hundred Children last men@oned shalbe sent att the [75] Virginia
Companies charge and duringe their Voyadge shall have their provision
of victuall sweet and good and well apparrelled and all other things neces-
"
,,V01-P0103-M00137-00145,Counsell,ORG_OR_COMMITTEE,candidate,V01-P0103,137,145,"FEBRUARY 2, 1620 307

Acres by way of quitt Rent in leiwe of all services in regard of the tenure;
All w™ pmises wee the said Treasuror, Counsell, and Company doe order and
decree and faithfully promise shalbe iustly and truly pformed towards the said
Children accordinge to the true intent & meaning therof.

"
,,V01-P0106-M02337-02340,Nos,EDITORIAL_REFERENCE,candidate,V01-P0106,2337,2340,"A series of letters, written between January 13 and 21, and received about this time, are mentioned
in List of Records, Nos."
,,V01-P0109-M01201-01210,Treasurer,TITLE_OR_ROLE,candidate,V01-P0109,1201,1210,"[S2]

A Box standinge vppon the Table w™ this direcéon, to S' Edwin
Sandis the faithfull Treasurer tor Virginia, hee aequainted them that
itt was brought vnto him by a man of good fashion who would nether
tell him his name nor from whence hee came, butt by the Subscripéon
beinge the same w"" letter hee coniectured that itt might be the

1A blank space of one-half page in the manuscript follows.
"
,,V01-P0113-M02054-02062,Counsell,ORG_OR_COMMITTEE,candidate,V01-P0113,2054,2062,"Right Hon™: the Earle of Arrundell itt pleased his Lo': to demon -
strate the exceedinge much love hee beareth to the Acéon, insomuch
that hee could be content to come and sitt amongst them; Hee ther-
fore moved that the Court would admitt his Lo’: into their Society,
w*"" beinge putt to y° question was ioyfully embraced by generall cvon-
sent, and referred according to order to a great Courte for electinge
of his Lo’: to be one of the Counsell."
,,V01-P0116-M00604-00612,Counsell,ORG_OR_COMMITTEE,candidate,V01-P0116,604,612,"9.

320 RECORDS OF THE VIRGINIA COMPANY

greate mortallytie w™ hath beene in Virginia about 300:of the Inhab-
itants haveinge dyed this last yeare and that S* George Yeardley
comittes the fermter Ssame§ error as formerly that hee dyrecteth all
his letters to the Counsell and not any to the Company; Butt for y°
people sent in the Bona Noua they are aryved in health are all live-
inge & psper well applyinge themselvs w"" the rest accordinge to
direcéon to the buildinge of houses tillinge of the ground plantinge
Silkgrass: Butt forasmuch as the Courte was wholly ignorant of the
State of the Colloney w™ by the readinge of these [87] Lette™ now
come they might be enformed of, therfore itt was ernestly moved by
divers now present that they might be published to the Courte, butt
sundry of the Counsell thinkinge itt inconvenyent, till a full nomber
therof hadd first heard itt, w"""" was accounted seaven to gether, itt
was therfore deferred till the next Courte and in the intryme itt was
agreed that the Counsell should be desyred to meete vppon ffryday
afternoone att m' Thier€ house att two of the Clocke, and that Cap‘
Smith, and Cap' Maddison then attend to make knowne their greiv-
ances w™ they pretend done vnto them by S' George Yeardley.

"
,,V01-P0116-M01137-01145,Counsell,ORG_OR_COMMITTEE,candidate,V01-P0116,1137,1145,"9.

320 RECORDS OF THE VIRGINIA COMPANY

greate mortallytie w™ hath beene in Virginia about 300:of the Inhab-
itants haveinge dyed this last yeare and that S* George Yeardley
comittes the fermter Ssame§ error as formerly that hee dyrecteth all
his letters to the Counsell and not any to the Company; Butt for y°
people sent in the Bona Noua they are aryved in health are all live-
inge & psper well applyinge themselvs w"" the rest accordinge to
direcéon to the buildinge of houses tillinge of the ground plantinge
Silkgrass: Butt forasmuch as the Courte was wholly ignorant of the
State of the Colloney w™ by the readinge of these [87] Lette™ now
come they might be enformed of, therfore itt was ernestly moved by
divers now present that they might be published to the Courte, butt
sundry of the Counsell thinkinge itt inconvenyent, till a full nomber
therof hadd first heard itt, w"""" was accounted seaven to gether, itt
was therfore deferred till the next Courte and in the intryme itt was
agreed that the Counsell should be desyred to meete vppon ffryday
afternoone att m' Thier€ house att two of the Clocke, and that Cap‘
Smith, and Cap' Maddison then attend to make knowne their greiv-
ances w™ they pretend done vnto them by S' George Yeardley.

"
,,V01-P0116-M01348-01356,Counsell,ORG_OR_COMMITTEE,candidate,V01-P0116,1348,1356,"9.

320 RECORDS OF THE VIRGINIA COMPANY

greate mortallytie w™ hath beene in Virginia about 300:of the Inhab-
itants haveinge dyed this last yeare and that S* George Yeardley
comittes the fermter Ssame§ error as formerly that hee dyrecteth all
his letters to the Counsell and not any to the Company; Butt for y°
people sent in the Bona Noua they are aryved in health are all live-
inge & psper well applyinge themselvs w"" the rest accordinge to
direcéon to the buildinge of houses tillinge of the ground plantinge
Silkgrass: Butt forasmuch as the Courte was wholly ignorant of the
State of the Colloney w™ by the readinge of these [87] Lette™ now
come they might be enformed of, therfore itt was ernestly moved by
divers now present that they might be published to the Courte, butt
sundry of the Counsell thinkinge itt inconvenyent, till a full nomber
therof hadd first heard itt, w"""" was accounted seaven to gether, itt
was therfore deferred till the next Courte and in the intryme itt was
agreed that the Counsell should be desyred to meete vppon ffryday
afternoone att m' Thier€ house att two of the Clocke, and that Cap‘
Smith, and Cap' Maddison then attend to make knowne their greiv-
ances w™ they pretend done vnto them by S' George Yeardley.

"
,,V01-P0117-M01728-01736,Counsell,ORG_OR_COMMITTEE,candidate,V01-P0117,1728,1736,"Collony intendinge to The X° Colony pe-
replante themselvs in Virginia had petiéoned to the Kinge and to the i —— |
Lords for y° obteyning a nue Pattent w® the Lords referred ynto
the Lord Duke, & the Lord of Arundell And the Lord of Arundell
delivered itt to him for to call the Counsell, vnderstanding of some
differrences about fishinge betwixt them, and if they could not deter-
mine of itt, that then to returne theire opinions to their Lo™: wher-
vppon accordinglie haveinge mett, and as formerly disputed the buis-
ines they could not conelude therof, butt discented the one from the
"
,,V01-P0119-M01057-01065,Councell,ORG_OR_COMMITTEE,candidate,V01-P0119,1057,1065,"The Councell haveinge heard the generall tre from S* George Yeardley “' Georse Yeard-
gave order for the sattisfacéon of the Company that itt should be a
publquely read vnto them wherin was Complainte of Sandys greiv- in was Cong lainte
ances done by Cap' Samuell Argoll ptly concurringe w™ some of the en we
12 Articles by the Company exhibited against him, vnto w™ hee argon.

"
,,V01-P0121-M00347-00355,Councell,ORG_OR_COMMITTEE,candidate,V01-P0121,347,355,"MARCH 20, 1620 325

And wheras m!‘ fferrar Deputy sent out the Garland to y* service of
y° Company w” 45 men of his and his Associates to be left in Vir-
ginia for the preparinge and makinge reddy of buisines against the
Springe intendinge together w"" his Associates to have sent divers
others for the settinge vp of Iron Workes as allso that the Councell
hath sent sundry letters by Wye, m’ of the said Shipp now for asmuch
as hee was appoynted to touch at the Summer Iland¢ and leave some
men there and so pceed hee notwithstandinge contrary to their direc -
éons and as hee was bound by Charter party findinge that extraordi-
nary gaine would redound vnto him by the great quantitie of Tobacco
w ther was redy to come for England diverted his Course from Vir-
ginia, lefte the men w"" their provisions in the Somer Ilande and
what is become of the Lres itt is vneertaine, hee beinge required since
his Cominge home att a Sumer Iland€ Courte, to bringe them to m‘
Threr and hath not yett pformed itt, And forasmuch as vppon the
moéon of m‘’ Ferrar in the last Somer [lands Courte itt was there
ordered that his wages should be deposited till the differrences betwixt
them were ended hee therevppon hath anihilated the same by repayr-
ing to y° Admiralty and by puttinge in bayle to answer his Accon hee
shall enter against him in respect wherof and in consideraéon of the
greate wronge and preiudice hereby falleth to the Company, (Itt was
agreed beinge putt to the question) that the said Comp*: shall ioyne
w'"" m’ fferrar in the sutte against him, and to that end to entertaine
a Procter, and Advocate and have entreated for the Company D*
Winstone and m’ Berblock to fellow itt for them, and for the defray -
inge of the Charge have entreated m' Thier to disburse vppon warrut
what shalbe needfull.’

"
,,V01-P0121-M02281-02284,Nos,EDITORIAL_REFERENCE,candidate,V01-P0121,2281,2284,"2 Two letters concerning these acts are cited in List of Records, Nos."
,,V01-P0124-M00252-00260,Counsell,ORG_OR_COMMITTEE,candidate,V01-P0124,252,260,"Sale of Good@€ 3
for defrayinge
of y* Charge of
fraught both olde
& new shalbe
sould &°

de

328 RECORDS OF THE VIRGINIA COMPANY

name to the Counsell and m’ Iacob, w m' Iacobb hath pmised to
psecute itt, and preferr a bill against him in the Star Chamb’ and so
for every informaéon iustly preferred and w™ shall be within 5 milles
of London and proveth true they hold itt requisite for the encourrag -
ing of him to give him x‘ equally to be paid by the Companies of Vir-
ginia and the Sumer Iland¢, and if hee vppon oceasion rode further
then the 2 Companies to beare his Charge and reward him as they see
cause, and therfore have concluded that hee shall be bound vnto them
to doe faythfull service w“out any conivencie vppon paine of a strict
pennaltie to be otherwise imposed vppon him and to that end itt is held
convenyent that his continuance herein be durante bene placito.

"
,,V01-P0125-M01848-01856,Counsell,ORG_OR_COMMITTEE,candidate,V01-P0125,1848,1856,"Hee further acquainted them of 2 things more to be pformed for the
publique the one a Charter to be sent to S' George Yeardley to be
published throughout the seu9all Burroughs and Hundreds that they
apply not themselvs wholly to Tobacco w will faile them and ouer
throw the generall Plantacon butt to other Staple Comodities of
which they have notice, w™ beinge ingrossed and read was ratefyed
by ereccon of hands

The other that wheras an Asperéon was laide vppon him by some
that hee deteyneth matter from the Company and imparteth them
onely to the Councell w is not true for hee hath procured more then
once the Gouerno™ tres to the Counsell and theirs to him to be read
openly in Courte, yett hee sayth that the Gouernor hath given cause
of y' blame by dyrectinge still his tres to the Counsell, w*"" although
hee hath reprehended him for itt by his pryvate letter, yeit itt would
not doe amise that a generall tre from the Courte be sent him, that

A Preamble of this
order to be sent to
y” Aduenturery.

"
,,V01-P0125-M02002-02010,Counsell,ORG_OR_COMMITTEE,candidate,V01-P0125,2002,2010,"Hee further acquainted them of 2 things more to be pformed for the
publique the one a Charter to be sent to S' George Yeardley to be
published throughout the seu9all Burroughs and Hundreds that they
apply not themselvs wholly to Tobacco w will faile them and ouer
throw the generall Plantacon butt to other Staple Comodities of
which they have notice, w™ beinge ingrossed and read was ratefyed
by ereccon of hands

The other that wheras an Asperéon was laide vppon him by some
that hee deteyneth matter from the Company and imparteth them
onely to the Councell w is not true for hee hath procured more then
once the Gouerno™ tres to the Counsell and theirs to him to be read
openly in Courte, yett hee sayth that the Gouernor hath given cause
of y' blame by dyrectinge still his tres to the Counsell, w*"" although
hee hath reprehended him for itt by his pryvate letter, yeit itt would
not doe amise that a generall tre from the Courte be sent him, that

A Preamble of this
order to be sent to
y” Aduenturery.

"
,,V01-P0126-M00140-00148,Counsell,ORG_OR_COMMITTEE,candidate,V01-P0126,140,148,"COMpany as to the Counsell, w™ they thought to be very necessarie,
whervppon they have entreated m’ Thier, St lohn Dauers, m' Wrote,
m' Gibbes, and m‘ Herbert, to meet att m' Threr€ house vppon fry -
day morninge for pformance of itt, w done might be read to the
Courte to be approved and signed.

"
,,V01-P0128-M00833-00841,Councell,ORG_OR_COMMITTEE,candidate,V01-P0128,833,841,"The Comp* tre to M"" Thier reported y' the Comittee appoynted in the last Courte for
ee fi the drawinge a tre for the Comp*: to the Gonernor have mett and
a fynished the principall pointes of the same, if the Courte shall allowe
theirof, therin menGoninge of °2° very sufficient and able men w™ are
2 Deputies to gee to goe as Deputies for y° Company and to take charge of 2: pticularr
———— govermt€ ynder 8"" George Yeardley for menaginge and orderinge 2
-_- parts of the publique Land, and teint¢, the one for the Colledge, and
1 for that have dealt m' George Thorpe a gentleman of his Ma"": pryvie
Chamber, and one of his Councell for Virginia, who hath promised
: w'h all diligence to have exceedinge care therof, the other of like suf-
ficienvie butt yett to be namelesse to have charge of the publique Land
and Tennt¢ sett out in 4: Burroughe, w™ wilbe no otherwise charg-
able to the Company then for the present, allotinge them of Land and
° allowinge them Tennt@ therevnto, And wheras S' Georg Yeardley
———_ offereth to serve the Company gratis, the Company hould itt not
requisite to accept PeQuisite to accep!"
,,V01-P0128-M02184-02192,Counsell,ORG_OR_COMMITTEE,candidate,V01-P0128,2184,2192,"‘an And forasmuch as the Gouerno’ and Counsell there have allowed of
he confirmed held Certaine ffees to be due vnto the Secretary by his place and sent itt
intollerableC. hither for confirmaéon, the Comittee first and now the Courte pvs-

inge the same found them so oppressive that they found them soe

"
,,V01-P0132-M01372-01380,Councell,ORG_OR_COMMITTEE,candidate,V01-P0132,1372,1380,"f eae Whervppon itt was held requisite y' accordingly 4 of the Councell &
ame me’ 4 of the generallytie should be chosen for the effectinge therof w™
beinge well allowed, the Councell was nominated, S' ohn Dauers
m' Thomas Gibbes, m' Brooke, and m‘ Deputy, of the generallytie
m’ S' Thomas Wroth, m’ Samuell Wrote, m’ Berblock & m' Cranmer
or so many of the Company as please, who are entreated to meete att
m' Deputies vppon Wednesday sevennight att 8 of the clock in the
forenoone and then to agree when to meete and as ofte as they please.

"
,,V01-P0132-M01868-01876,Counsell,ORG_OR_COMMITTEE,candidate,V01-P0132,1868,1876,"George Geo: Yeardley hath beene heard before the Counsell the one of Cap’
Yeardley."
,,V01-P0136-M01860-01868,Counsell,ORG_OR_COMMITTEE,candidate,V01-P0136,1860,1868,"The ffees allowed of in Virginia by the Gouernor and Counsell there
vuto Iohn Porey Secretary of Estate beinge disauoued by the last
Courte itt was therfore referred to the abouesaid Comittee to reward
his labours in another kinde.

"
,,V01-P0147-M01303-01311,Councell,ORG_OR_COMMITTEE,candidate,V01-P0147,1303,1311,"~

te

we 08

ot

Sundry Lorde

Vppon the moéon of m’ Thier who signified the forwardnes of sundry on
greate Lords to be assistinge in this buisines in regard of the worthy - a ——
ness of the Acéon the Courte hath willingly made choyce of them to

be of his Ma*: Councell for Virginia, namely the Right Hono™: y* Earle

theHKerle of Arundell the Karle of Deuonsheire, and the Lord Dauers.

"
,,V01-P0148-M00338-00346,Counsell,ORG_OR_COMMITTEE,candidate,V01-P0148,338,346,"Lo: Bishop of
London mad free
& of y* Counsell.

348 RECORDS OF THE VIRGINIA COMPANY

Allso m' Abraham Cartwright surrendred one Share to m’ Challoner
w"" two shares beinge allowed by the Audito™ was confirmed by the
Courte.

"
,,V01-P0148-M01568-01577,Treasurer,TITLE_OR_ROLE,candidate,V01-P0148,1568,1577,"Imeadiately after and before they proceeded in any buisines one m‘
Kerkham agent sent from the King presented himselfe to the boord
and signified to the Courte that his Ma”: vnderstandinge of the Elecéon
of their Treasufor w™ they intended this day to make choyce of, out
of an especiall care & respect hee hath to that Plantacon hath required
him to nominate vnto them ffower outt of w his pleasure is the
Company should make choyce of one to be their Treasurer, That was,
S' Thomas Smith, S' Thomas Roe, M’ Alderman Iohnson, and MT’
Maurice Abbott, and noe other.

"
,,V01-P0148-M02260-02268,Counsell,ORG_OR_COMMITTEE,candidate,V01-P0148,2260,2268,"The Courte moreover vppon the moéon & relaéon by m’ Tier of y®
great redines of S' W™ Cockaine Lord Maior of this Cittie, and of the
Lord Bish: of London to give the Comp’: their best assistance in ad-
vanceinge this Action made them free of y° Comp*: and elected them
allso to be of his Ma** Counsell for Virginia.

"
,,V01-P0160-M00849-00857,Counsell,ORG_OR_COMMITTEE,candidate,V01-P0160,849,857,"The Threasuror, Counsell, and Company of Aduenturers, & Planters
of the Cittie of London for the ffirst Collony in Virginia, To all vnto
whome these presents shall com to be seene or heard Greetinge,
Wheras Captaine Edward Brewster hath heartofore exhibited aswell
to the said Counsell, as allso to the said Thier and Comp*: assembled
in their generall Courte, a Complainte in nature of an Appeale against
Cap' ||Samuel||/"
,,V01-P0160-M01110-01118,Counsell,ORG_OR_COMMITTEE,candidate,V01-P0160,1110,1118,"The Threasuror, Counsell, and Company of Aduenturers, & Planters
of the Cittie of London for the ffirst Collony in Virginia, To all vnto
whome these presents shall com to be seene or heard Greetinge,
Wheras Captaine Edward Brewster hath heartofore exhibited aswell
to the said Counsell, as allso to the said Thier and Comp*: assembled
in their generall Courte, a Complainte in nature of an Appeale against
Cap' ||Samuel||/"
,,V01-P0163-M01747-01755,Councell,ORG_OR_COMMITTEE,candidate,V01-P0163,1747,1755,"[118] of the said tryall by
Martiall Law, and in a Martiall Courte, beinge in time of soe generall
peace and no rebellion or mutyney was to be held for vulawfull and
of no validitie and consequentlie the said Captaine Brewster was to
be held as a legall man and not lawfully condempned the sentence of
the said Martiall Court (from w™ the said Captaine Brewster hath
apealled) notwithstandinge; The substance of w*"" opinion and reso-
lugon of the said Court beinge first seuerally delivered by the said
Lords, Knight¢, and others of the said Councell there present, was
finally approved and ratefied by the said Generall Courte by a generall
erecéon of hands no one dissentinge except m' Thomas Wroth.

"
,,V01-P0166-M01336-01344,Counsell,ORG_OR_COMMITTEE,candidate,V01-P0166,1336,1344,"And for his allegaéon touchinge Cap‘ Argollé writinge itt was answered
that the writings exhibited in this Cause by Cap* Brewster and ||by]|
Captaine Argoll were not exhibited to the Courte att all butt long
since to the Counsell and by order of the Counsell were sent to Vir-
ginia wth a Comission for returninge of their peeedings in that case,
by vertue wherof the wholl pcesse w examinacons of wittnesses was
returned."
,,V01-P0166-M01365-01373,Counsell,ORG_OR_COMMITTEE,candidate,V01-P0166,1365,1373,"And for his allegaéon touchinge Cap‘ Argollé writinge itt was answered
that the writings exhibited in this Cause by Cap* Brewster and ||by]|
Captaine Argoll were not exhibited to the Courte att all butt long
since to the Counsell and by order of the Counsell were sent to Vir-
ginia wth a Comission for returninge of their peeedings in that case,
by vertue wherof the wholl pcesse w examinacons of wittnesses was
returned."
,,V01-P0167-M01594-01603,Treasurer,TITLE_OR_ROLE,candidate,V01-P0167,1594,1603,"the
great daunger of those Ilands, butt beinge then stopped by some of
that Courte from the deliverie hee would reveale itt to this beinge a
buisines w™ maynly concerneth Virginia, for soe longe as the same
Ilands shalbe in safftie itt is probable that none willattempt to surprize
Virginia, butt now as the case standeth the Somer Liand¢ is much
frequented with men of Warr and Pirates, w'"" whome the Inhabit-
ants there are growne in greate likinge, by reason of the Comodities
they bringe vnto them, insomuch that by a letter from one of their
Mynisters dyrected to S' Thomas Smith and red in open Courte the
robbinge of the Spanyards (as beinge lyms of Antechrist) is greatly
comended: And y*® Ship ealled the Treasurer after her robbinge of
the Spanyard belonging to Captaine Argoll, is there entertayned and
divers men of Warr sett out to the same end are there refreshed, one
Kerbie allso a profest Pyrate as is reported doth haunt those Islands
insomuch as if ther be not a strict Course taken herin itt wilbe made
an other Argier."
,,V01-P0170-M00685-00693,Counsell,ORG_OR_COMMITTEE,candidate,V01-P0170,685,693,"A writinge from
m' Crashawe.

onedesired to haue
y* sole importa¢on
of a Comoditie not
now in Vse.

370 RECORDS OF THE VIRGINIA COMPANY

Hee haveinge receaved notice of the good carriage of some psonns in
Virginia was specially to recomend vnto them one m‘ Jabez Whittak-
ers Leivetennat of the Companies men who had given a good Accompt
of the trust reposed in him likewise m' Huddlestone m' of the Bona
Noua who discharged himselfe well of all that was reposed to his
trust and returneth much comended from the Gouernor and Counsell,
as one of the sufficientest¢ M™ that ever came thither.

"
,,V01-P0174-M01212-01220,Counsell,ORG_OR_COMMITTEE,candidate,V01-P0174,1212,1220,"Cap‘ Argoll€ cause And forasmuch as the said Cap‘ complayneth of hard measure in

a, ae regard his answere vnto the Articles exhibited against him were not
read in Courte itt was therfore agreed that both bill and answere
should be brought to y* Courte, and soe the whole cause to be tryed
by them by w™ meanes itt will sooner be ended, w™ was done with
the generall consent of all the Counsell then present who accordinglie
dismissinge themselvs of the wholl cause had devoulved itt to the
Courte to be there heard and ended.

"
,,V01-P0175-M01434-01442,Counsell,ORG_OR_COMMITTEE,candidate,V01-P0175,1434,1442,"The first conteyneth a pceedinge of the Counsell vppon a Peticon
exhibited vnto them by Cap‘ Argoll w™ pceedinge (as is informed)
was drawne by S' Nathaniell Rich, and a Coppie therof given to Cap-
taine Argoll by the Secretary, vnto w™ the said Captaine hath gotten
divers of y® Counsell hands, wherin theris one poynt that the said
Captaine Argoll may himselfe make choyce of any two of the Councell
to examine his wittnesses w™ is contrary to the desire of him in the
next Courte as by the order therof may appeare, and besides w™ itt

was not lawfull to be graunted to him to choose whome hee list, for

soe hee might choose such as professed themselvs to be his ptners,
w* were a choyce not convenyent.

"
,,V01-P0175-M01787-01795,Councell,ORG_OR_COMMITTEE,candidate,V01-P0175,1787,1795,"The first conteyneth a pceedinge of the Counsell vppon a Peticon
exhibited vnto them by Cap‘ Argoll w™ pceedinge (as is informed)
was drawne by S' Nathaniell Rich, and a Coppie therof given to Cap-
taine Argoll by the Secretary, vnto w™ the said Captaine hath gotten
divers of y® Counsell hands, wherin theris one poynt that the said
Captaine Argoll may himselfe make choyce of any two of the Councell
to examine his wittnesses w™ is contrary to the desire of him in the
next Courte as by the order therof may appeare, and besides w™ itt

was not lawfull to be graunted to him to choose whome hee list, for

soe hee might choose such as professed themselvs to be his ptners,
w* were a choyce not convenyent.

"
,,V01-P0175-M02240-02248,Counsell,ORG_OR_COMMITTEE,candidate,V01-P0175,2240,2248,"The proceedingeof
vy"" Counsell touch-
inge Capt Argull¢€
Peticon drawne by
S' Nath Rich.
"
,,V01-P0176-M00761-00769,Counsell,ORG_OR_COMMITTEE,candidate,V01-P0176,761,769,"The tenor of y°
draught St Dudley
Diggs made

376 RECORDS OF THE VIRGINIA COMPANY

2 Atta meetinge att S* Thomas Smithe for the magazine w™ they had
noe power to doe (haveinge no leave from the Courte) a Petiéon was
deliu9ed to S* Thomas Smith by m‘ Caninge and m’ Essington layinge
great asptons and scandall€ vppon the last years gouerment much
praysinge y° former Whervppon the said m‘' Caninge and m’ Essington
was warned from the Counsell to attend, butt itt appeared neither of
them was present."
,,V01-P0179-M00534-00542,Counsell,ORG_OR_COMMITTEE,candidate,V01-P0179,534,542,"Addiéon of Counsello™

m* Thfer declaringe the necessitie of some such to be added to the
Counsell as were cheiflie to give attendance att the Courts, signified
of apap putt into his hand¢ w” recomended vnto him certaine Gen-
tlemen, and Cittizens who for there worth and extraordinary paines
well merited that place if the Court should approve therof vizd:"
,,V01-P0180-M01386-01394,Counsell,ORG_OR_COMMITTEE,candidate,V01-P0180,1386,1394,"Wheras three standinge lawes were the last Courte presented to be
read accordinge to order from the Comittee and Counsell, M’ Threr
signified that there was a mistake of a clause in one of them beinge
a standinge Law allreadie enacted formerly as well and rather better
then this Whervppon this clause was agreed to be lefte oute.

"
,,V01-P0180-M01773-01781,Counsell,ORG_OR_COMMITTEE,candidate,V01-P0180,1773,1781,"Itt was agreed vppon the moéon of the last Courte that the standinge
Orders shall presentlie be putt in printe and annexed to a booke
newlie come out by order from the Counsell, w™ booke shalbe given
to everie one of the Courte this afternoone.'

"
,,V01-P0183-M00122-00130,Counsell,ORG_OR_COMMITTEE,candidate,V01-P0183,122,130,"JUNE 28, 1620 383

M' Thier propounded the names of such as by the morninge Courte * new Couneello
were chosen of his Ma"" Counsell here for Virginia, namely the Lord ."
,,V01-P0183-M00450-00458,Counsell,ORG_OR_COMMITTEE,candidate,V01-P0183,450,458,"Then was there further chosen to be of his Ma"": Counsell for Virginia ~ oo
7. :"
,,V01-P0183-M00619-00627,Counsell,ORG_OR_COMMITTEE,candidate,V01-P0183,619,627,"chosen to be of his

Ma“** Counsell.
"
,,V01-P0184-M00358-00366,Counsell,ORG_OR_COMMITTEE,candidate,V01-P0184,358,366,"The Counsell findinge Cap’ Argolls buisines intollerable trouble some
Conte to iuige and vnderstandinge themselues to be vnduely steyed |ltaxed|| refused
and deeyde. to peeed any further therin butt to leave itt to the decydinge and

iudginge of the Courte w® was by the generallytie accepted and ratifyed.

"
,,V01-P0189-M00161-00169,Counsell,ORG_OR_COMMITTEE,candidate,V01-P0189,161,169,"JULY 7, 1620 389

ffor other Accomptants who refuse or forbeare to be ordered by the
Audito™ lett them accordinge toa former order of Courte be convented
by the Counsell and ther the differences be ended and right done to
y° Comp*: [138]

Touchinge the buisines concerninge Captaine Argoll w™ divideth itt
selfe into three partes."
,,V01-P0193-M01234-01241,Deputie,TITLE_OR_ROLE,candidate,V01-P0193,1234,1241,"Itt is allso convenyent that the Deputie for the Company have a Pin-
nace and other Boats belonginge to him to traffique and trade for the
Company and their Tenants vnder his charge.

"
,,V01-P0195-M00338-00346,Counsell,ORG_OR_COMMITTEE,candidate,V01-P0195,338,346,"These pticuler Comittees haveinge brought their laboures to an end Counsell to pernse
they are then to meete and out of these pts to make an wholl entire ‘""°?"
,,V01-P0195-M00514-00522,Counsell,ORG_OR_COMMITTEE,candidate,V01-P0195,514,522,"to be presented by

them to the Counsell and being ther reformed or allowed to pass on to

the gracious veiwe of his Ma”:

"
,,V01-P0195-M00640-00648,Councell,ORG_OR_COMMITTEE,candidate,V01-P0195,640,648,"And here I wilbe bould to putt the Councell in mynde of one princi- |@wes to hold y
pall parte of their dutie and Oath to have eare by wise and pollitique me yee
constituéons to hold the Collony in assurednes of firme and ppetuall
loyalltie to his Ma’, and this Crowne, w™ Cautian in regard of the farr

distance of that place I hold to be necessarie."
,,V01-P0195-M01177-01185,Counsell,ORG_OR_COMMITTEE,candidate,V01-P0195,1177,1185,"[144]

ffor matters of Religion I thinke itt requisite that the Comp*: desire Religion
direcéon from the Lord Archbishops grace and the Lord Bishop of
London they beinge both of the Company and my Lord of London

of the Counsell allso.

"
,,V01-P0200-M00401-00409,Councell,ORG_OR_COMMITTEE,candidate,V01-P0200,401,409,"Peirce his peti-
Gon referd to y*
Audito™

Luke Burden to
com for England

Planterr to take
the Oath of Alle-
giance

400 RECORDS OF THE VIRGINIA COMPANY

S' Edwin Sandys signified vnto the Courte that hee had received
notice that my Lord of Southampton was vppon some speciall ocea-
sion w™ the Lords of the Councell and could not be present heere till
three of the Clock whervppon itt was agreed that the petigons exhib-
ited vnto this Courte should in the meane time be read and considered
of and aecordinglie receive et their answer.

"
,,V01-P0202-M01259-01267,Counsell,ORG_OR_COMMITTEE,candidate,V01-P0202,1259,1267,"regard hee is resolved to inhabite in Virginia, to graunt him 8 Shares
— in Elizabeth Riuer, for 8 Shares of Land formerly graunted vnto him,
because theron is Timber fittinge for his [151] turne, and water
sufficient to Launch such Ships as shalbe there built for the vse and
service of the Company; The Courte herevppon hath ordered and
agreed to recomend the consideraéon of the premises vnto the Gou-
ernor and Counsell of Virginia to deale therin as they shall thinke fitt.

"
,,V01-P0204-M01262-01270,Counsell,ORG_OR_COMMITTEE,candidate,V01-P0204,1262,1270,"[153]

These matters beinge ordered as aforesaid my Lord of Southampton
desyred the Company that they will now w™ the same alacritie &
cheerfullnes of mynde as they should ever finde in him goe on to the
dispatch of those waightie buisinesses comitted to their care and
charge, w for expedicon sake were divided into parts and comended
to seuerall Comittees here vppon the appoynted Comittees promised
with all care and dilligence to expedite the same accordinglie, his Lo?:
desyred further that a speciall Comittee might be desyred to attend
the EL’ of his Ma*: Counsell vppon ffryday next about the Petiéon
referred by his Ma‘*: vnto their Tf*: concerninge the restraint of
Tobacco whervppon these Comittees were ndiated vizd

S' Edward Sackuill."
,,V01-P0207-M00953-00961,Counsell,ORG_OR_COMMITTEE,candidate,V01-P0207,953,961,"Itt was moved and generally assented vnto that a Tre should be drawne
to the Gouernor and Counsell for Virginia signifyinge the graunt of a
Pattent vnto S' William Mounson and his Associates accordinge to an
order of a former Courte w™ tre beinge so drawne itt was referred to
S' Iohn Dauers and m* Deputy to mend and make itt agreable to the
said Order of Courte.

"
,,V01-P0208-M00286-00294,Councell,ORG_OR_COMMITTEE,candidate,V01-P0208,286,294,"~ a 3 ———4 Reporte beinge made vnto this Courte that m™ Woodall had scandal -
dall uf y* printed ized the booke lately sett out by his Ma*: Councell for Virginia by a
Booke most disgracefull Tearme in eallyng itt a lybell wt w™ hee being
charged sought by a rediculous interpretaéon of that word accord-
inge to the sense itt bears in Latin in some sorte to extenuate and

excuse."
,,V01-P0210-M02398-02406,Counsell,ORG_OR_COMMITTEE,candidate,V01-P0210,2398,2406,"Whervppon S' Edwin Sandys did intimate vnto the Courte yt hee was
informed y' S' Ferdinando Gorges had peured vnto himselfe and
others a new Patent (now passed his Ma*: great Seale,) wherin cer-
tuine words were conveyed that did not onely contradict a former
order of the DL*: of the Counsell, w™ their L”: after a full hearinge
of the allegaéons on both sides and sett downe in Iune last by w™
"
,,V01-P0225-M02354-02357,Nos,EDITORIAL_REFERENCE,candidate,V01-P0225,2354,2357,"See List of Records, Nos. 290, 303, 304, page 154, ante.

"
,,V01-P0227-M00619-00627,Counsell,ORG_OR_COMMITTEE,candidate,V01-P0227,619,627,"Captaine Daniell Tucker in his Petiton desyred that the Comp*: would
please to graunt him some Competent portion of Land in Virginia,
aswell in recompence of his service there, so well knowne to this
Companey in vndertakinge the Charge of all the muniéon and pro-
vision belonginge to the Collony beinge allsoe sworne of his Ma"":
Counsell there, and shortlie after my Lord DeLawarres Arivall,
appoynted Prouant Maister, Viceadmirall and Truck M’, continuinge
in the said Offices five years vuntill his Ma‘: by express ters sent for
him, [173] as likewise in consideraéon of the Pinnace hee sent thither
wher shee is still employed and doth the Company great service in
earryinge Corne and other things from place to place; The Courte
therfore duely weighinge the merritts of his Person and service did
generally agree and order that hee should have fifteen Shares of Land
bestowed vppon him vppon a first division as the Companies reward
in recompence of his said service, vppon Condiéon that hee should not
sell away any of his said Shares w™ hee assented vnto and w™ much
thankfullnes accepted of.

"
,,V01-P0228-M01852-01860,Counsell,ORG_OR_COMMITTEE,candidate,V01-P0228,1852,1860,"they should now accorde, for that itt was agreed on both

sides for some important reasons to renewe either of their Pattents

w™ was promised should be done by mutuall advise of the Counsell:
The Patent to be Whervppon their Lo”: ordered that in the meane while this Patent
tee an ene of S' Ferdinando Gorges should be sequestred and deposited in my
hande Lord Chanecello™ hands (as vndelivered) accordinge to his Ma: express
The Comp* toge¢"
,,V01-P0229-M00111-00119,Counsell,ORG_OR_COMMITTEE,candidate,V01-P0229,111,119,"DECEMBER 13, 1620 429

Att the risinge of the Courte m’ Smith acquainted his Lo’: and the “er: ain
rest of the Counsell present that itt was the humble sute of y° gener- furureimnnition ae
allytie vnto them that they would please to enter into consultaGon, were fittings to te
and advise about such further imunities and larger previledges as were 5.’"
,,V01-P0232-M02661-02664,Nos,EDITORIAL_REFERENCE,candidate,V01-P0232,2661,2664,"And that significaéon
hereof might be given in the Counsells letters to the Gouerno’, w™

‘These two printed books are mentioned in the List of Records, Nos."
,,V01-P0234-M02078-02081,Nos,EDITORIAL_REFERENCE,candidate,V01-P0234,2078,2081,"Commissions from the Governor in Virginia to Captains Smith and Madison are given in List of
Records, Nos."
,,V01-P0239-M00725-00733,Counsell,ORG_OR_COMMITTEE,candidate,V01-P0239,725,733,"To add this Proviso in these words that the said two Comodities
be none of those Comodities pertucularly named in a booke of the
valuaéon of the Comodities in Virginia lately published; nor of such
other Comodities as the Governo’ and Counsell of Virginia shall have
also excepted.

3."
,,V01-P0240-M02213-02221,Counsell,ORG_OR_COMMITTEE,candidate,V01-P0240,2213,2221,"[186] whose balls were found in
the negatiav box) chosen to be the successiue Gouerno’: of Virginia
after S' George Yeardley: w® place S* ffrancis Wyate having w™
much thankfullnes accepted of, and with a free acknowledgment of
his affeecon and resoluéon constantly bent to doe the Company the
best service he could in that place: It was likewise moued that for
his better encouragement herein the Court would be pleased to
bestowe another favo’ vpon him by admitting him one of his Ma”:
Counsell here for Virginia w*"" moéon was thought very reasonable

' Letters from Sir George Yeardley to Sir Edwin Sandys, concerning his desire to be released from
office, are mentioned in List of Records, Nos."
,,V01-P0240-M02419-02422,Nos,EDITORIAL_REFERENCE,candidate,V01-P0240,2419,2422,"[186] whose balls were found in
the negatiav box) chosen to be the successiue Gouerno’: of Virginia
after S' George Yeardley: w® place S* ffrancis Wyate having w™
much thankfullnes accepted of, and with a free acknowledgment of
his affeecon and resoluéon constantly bent to doe the Company the
best service he could in that place: It was likewise moued that for
his better encouragement herein the Court would be pleased to
bestowe another favo’ vpon him by admitting him one of his Ma”:
Counsell here for Virginia w*"" moéon was thought very reasonable

' Letters from Sir George Yeardley to Sir Edwin Sandys, concerning his desire to be released from
office, are mentioned in List of Records, Nos."
,,V01-P0245-M00403-00411,Counsell,ORG_OR_COMMITTEE,candidate,V01-P0245,403,411,"S' Edwyn Sandys being desired to make reporte what had ben done
cone'ning the newe Patent, signified vnto the Company, that whereas
the Lo: Viscdnt Doncaster had form%ly plsented a letter from the
Counsell to the kinge, wherein among other things they did humbly
entreate his Ma‘: most gracous favour, to renewe [191] their Patent,
and that the same might be allso confirmed by Acte of Parliament,
the better to strengthen the Plantation in generall by engaginge of
the whole State in the interest and support of the Action: It pleased
his Ma"": to signifye his graceous pleasure by my Lord of Doncaster
to m' Attorney generall for drawinge vp the same: To w™ end he
said, that he and m‘ Herbert and m‘ Deputy had attended m’ Atturney
about the same, presenting him the drafte w® had formerly been
read here in Courte: and having acquainted him, w' the order he
had vsed throughout the said booke by reducing it into three headé
viz’."
,,V01-P0246-M00202-00210,Counsell,ORG_OR_COMMITTEE,candidate,V01-P0246,202,210,"his request for y*
place of Marshall
in Virginia

446 RECORDS OF THE VIRGINIA COMPANY

priuy Counsell as it should please his Ma"": to assigne, to take con-
sideraton of those newe clauses w™ they desired to be inserted in
their Patent w™ peti¢on my Lo: of Doncaster out of a noble desire to
farther all occasions tendinge to the good of the Plantaéon was pleased
to vudertake to present vnto his Ma“: and to solicite for answeare

touching their request."
,,V01-P0247-M00563-00571,Counsell,ORG_OR_COMMITTEE,candidate,V01-P0247,563,571,"APRIL 12, 1621 447

great Comendaéon) : And desires likewise that he may be allowed 50:
men to be placed as Tenant@€ vpon the land@ to be alotted vnto the
said office, w™ he vndertakes to transporte and furnish w™ apparell
and necessary implemente¢ for 8"": the pson charge vnto the Company
(whereof the Moytie he desires present payment) w* persons beinge
there arryved he will maintaine and vphould at his owne charge from
tyme to tyme duringe his continuance in the said office: The Court
havinge therefore duely considered of his propositons (concerning
w the Counsell had also treated w"""" him formerly) were pleased to
giue order that a Patent should be drawne for him, as ample as any
other, w all manner of priuiledges, saving the Tytle of Generall,
w they could not graunt him, because it was a tytle properly belong-
ing to the Gouerno’ only.

"
,,V01-P0247-M02087-02095,Counsell,ORG_OR_COMMITTEE,candidate,V01-P0247,2087,2095,"As for other condiéons of the Contract to be made betweene the Com-
pany and him: It is agreed and ordered that y° generall Comittees
assisted w some of the Counsell hereafter named, shall further treate
and conclude w™ him about y° same, touchinge all perticularities
whatsoeuer, and to this end are desired to meete at St Edwyn Sandys
house vpon Saturday being the 14“ of this present Moneth.
16455—vot 1—06——29

A Patent graunted
him

The place of Mar-
shall graunted to
S' Willm Newce.

"
,,V01-P0248-M00000-00008,Counsell,ORG_OR_COMMITTEE,candidate,V01-P0248,0,8,"Counsell.

Comittees.

"
,,V01-P0248-M00270-00278,Counsell,ORG_OR_COMMITTEE,candidate,V01-P0248,270,278,y° Counsell that are S'Iohn Dauers.
,,V01-P0249-M00033-00041,Counsell,ORG_OR_COMMITTEE,candidate,V01-P0249,33,41,"APRIL 12, 1621 449

those of the Counsell, formerly named, might consider, both what
charges and what Company, and other preparacons shall be fitt and
necessary to be provided for a man of his quality and place, whereby
S' ffrauncis Wyate may the better vnderstand howe to accomodate
himsellf against his goinge: w moGon was thought very important
and therfore the Court ordered it, to be referred to the Comittees
formerly nominated.

"
,,V01-P0250-M02154-02162,Counsell,ORG_OR_COMMITTEE,candidate,V01-P0250,2154,2162,"Herevpon, and vpon declaraéon of the State of the newe Patent made
by S' Edwin Sandys, m’ Smith tooke occasion, first to ptest that his
eye, in that he had to speake, reflected not either vpon y° person of
the nowe Gouerno': in Virginia, or vpon the new Gouerno' here in
Court, or vpon any other in perticular but for the generall hono’: and
welfare of the Plantation, was to entreat of my lord of Southampton
& the Counsell: that in the said Patent (if no such [198] addiéon
of power were therein inserted) authority might be given to the
quarter Court¢, to question the Gouerno’ of Virginia here in England
if the ill merritt of his government should so deserve, and to punish
him by fyne or otherwise."
,,V01-P0251-M00347-00355,Counsell,ORG_OR_COMMITTEE,candidate,V01-P0251,347,355,"APRIL 12, 1621 451

publicum but priuatum comodum did seeme to have ben their end¢ of
effecting that place: for his private letters (whereof he had at tymes
receaved aboue forty) did as he thought truely informe: That no
direcéons or instruccons (which w“ singler wisedome dilligence and
care) had from tyme to tyme issued from the Treasuro’: and Counsell
here; had been put by them in execuéon to the losse of many mens
lives there, to the hinderance & scandall of the whole Plantaéon and
to the disesteeme and slightinge of the psons of the Treasuror and
Counsell here, and the authoritie of the whole Court, w* he onely
presumed to comend to their consideraGons."
,,V01-P0251-M00557-00565,Counsell,ORG_OR_COMMITTEE,candidate,V01-P0251,557,565,"APRIL 12, 1621 451

publicum but priuatum comodum did seeme to have ben their end¢ of
effecting that place: for his private letters (whereof he had at tymes
receaved aboue forty) did as he thought truely informe: That no
direcéons or instruccons (which w“ singler wisedome dilligence and
care) had from tyme to tyme issued from the Treasuro’: and Counsell
here; had been put by them in execuéon to the losse of many mens
lives there, to the hinderance & scandall of the whole Plantaéon and
to the disesteeme and slightinge of the psons of the Treasuror and
Counsell here, and the authoritie of the whole Court, w* he onely
presumed to comend to their consideraGons."
,,V01-P0253-M01746-01754,Counsell,ORG_OR_COMMITTEE,candidate,V01-P0253,1746,1754,"And for the said place of
Treasuror because m' Sandys was in like manner proposed whome
all men conceaved to be every way sufficient, to take that charge
vpon him: It was thought fitt and ordered that the generall Comit-
tees, assisted w'” some of the Counsell, should meete togeather and
advise aswell for setling of the said offices and places and for aecom -
odating them w"" fitting allowances and people."
,,V01-P0253-M02185-02194,Treasurer,TITLE_OR_ROLE,candidate,V01-P0253,2185,2194,"Sendya for
place of Treasurer,

TheCrenerall Com-
ittecs to ndvise for
y* wetling of the
suid uthices.
"
,,V01-P0257-M00604-00612,Counsell,ORG_OR_COMMITTEE,candidate,V01-P0257,604,612,"APRIL 30, 1621 457

M’ Wrote moved that for somuch as the Gouerno”™: hetherto as he
had heard had not donn according to their instrucéons to cause their
Tenant¢ to plant and builde howses whereby they might haue a fixed
place of abiding and subsistence that therefore the newe Gouerno""
and all others hereafter might be the more strictly dealt w'all, in
their Instrucéons concerning that point whereby the Company may
not be inforced hereafter at the seaven yeares end to send over fresh
supplies of psons vpon a newe charge w™ moéon was thought fitt to
be recomended to the care and consideraéon of the Counsell and to
insert that Prouiso in his Comission and Instrucéons.

"
,,V01-P0260-M01998-02006,Counsell,ORG_OR_COMMITTEE,candidate,V01-P0260,1998,2006,"oma to make his psonall answeare to such scandalous speeches as he had
form%ly divulged in disgrace of the Booke authorised by his Ma"":
Counsell for Virginia and in the meane time he stand@ suspended
from cominge to Courte."
,,V01-P0260-M02147-02155,Counsell,ORG_OR_COMMITTEE,candidate,V01-P0260,2147,2155,"[210]

m* Capps peticon M' Capps having put a peticon to the Counsell and Comittees at their

to be examined hy , : ~ 3 :
y' newe Gouerno’, last meeting, for satisfacton of Certaine land w™ he said was taken

"
,,V01-P0261-M00211-00219,Counsell,ORG_OR_COMMITTEE,candidate,V01-P0261,211,219,"APRIL 30, 1621 461

from him by the Gouerno’: in Virginia at the arrivall of Captaine
Newce because the said land fell in that parte where the Companie
had appointed & ordered there land should be sett out: The Counsell
and Comittees thought it not fitt vpon his report to make any such
satisfacton but to leave the matter to be fully examined by the Newe
Governo': and therein they promised Iustice and equity.

"
,,V01-P0264-M02084-02092,Counsell,ORG_OR_COMMITTEE,candidate,V01-P0264,2084,2092,"TheComitteescare To w"" end and that these officers might be mayntayned, care had
me “4 been taken by the Comittees, assisted w"""" some of the Counsell accord -
ing to an order of Courte, and to state and endowe the said offices
w' a convenient Salary: w™ they had proporconed in man?"
,,V01-P0269-M01634-01642,Counsell,ORG_OR_COMMITTEE,candidate,V01-P0269,1634,1642,"But for the manner of managing the said offices it was thought fitt to
recomend yt tothe Care and wisedome of the Counsell to prescribe
the same, and to order and lymitt their proceeding¢ by instruc@ons.

"
,,V01-P0270-M01306-01314,Counsell,ORG_OR_COMMITTEE,candidate,V01-P0270,1306,1314,"W moéon this Court conceavinge it to be of speciall
importance thought fitt to referr it to the further consideraéon and
determinaGon of the Counsell.

"
,,V01-P0272-M01094-01102,Counsell,ORG_OR_COMMITTEE,candidate,V01-P0272,1094,1102,"mnt Geo: Sandys M* George Sandys likewise being nominated for the place of Treas-
ial uror and accordingly ballated §was§ w™ like consent (saue of 3 balls
onely) chosen and confirmed to be Treasuro™: [218]

Marshall & Trer Tt being moved that two such eminent officers as the Marshall and
moa oar Treasuror wherevnto so worthy Gentlemen are now elected might
State in Virginia. be admitted both of his Ma“: Counsell here as also of the Counsell

of State in Virginia."
,,V01-P0272-M01123-01131,Counsell,ORG_OR_COMMITTEE,candidate,V01-P0272,1123,1131,"mnt Geo: Sandys M* George Sandys likewise being nominated for the place of Treas-
ial uror and accordingly ballated §was§ w™ like consent (saue of 3 balls
onely) chosen and confirmed to be Treasuro™: [218]

Marshall & Trer Tt being moved that two such eminent officers as the Marshall and
moa oar Treasuror wherevnto so worthy Gentlemen are now elected might
State in Virginia. be admitted both of his Ma“: Counsell here as also of the Counsell

of State in Virginia."
,,V01-P0277-M00437-00445,Counsell,ORG_OR_COMMITTEE,candidate,V01-P0277,437,445,"My Lo: of Southampton signified vnto the Company that although the | Eight eweCoun-
number of his Ma"": Counsell for Virginia was already very great:

yet in regard the most part of them were such emineut persons of State

as could not afford their present so often as they might have océasion ;

he therfore thought it very expedient and necessary to make seb

||some|| addigon of such as had not only approved their sufficiency and

worth vnto the Company: but were like to give more diligent attend -

ance at their Courté ||and|| in a manner be at hand vpon all occasions

of service and therew'all presented the names of eight Gent: w*"" his

Lo”."
,,V01-P0277-M01250-01258,Counsell,ORG_OR_COMMITTEE,candidate,V01-P0277,1250,1258,"Who were all approved of and by a generall ereccon of hand¢ admitted
to be of his Ma“: Counsell for Virginia."
,,V01-P0282-M00068-00076,Counsell,ORG_OR_COMMITTEE,candidate,V01-P0282,68,76,"the establishing of
y* Counsell of State
in Virginia consid-
ered of.

"
,,V01-P0282-M00654-00662,Counsell,ORG_OR_COMMITTEE,candidate,V01-P0282,654,662,"+ named for y*
place of Secretary
in Virginia

m’ Waterhouse
comended by &
Iohn Dauers.

478 RECORDS OF THE VIRGINIA COMPANY

St Edwyn Sandys signified that my Lo: of Southampton desired this
Courte to excuse him for his absence at this time being w“held vpon
extraordinary occasion: and though long absent yet his Lo’: had been
exceeding carefull of their buissines: for no longer agoe then Sater-
day last he signified that some of the Counsell having mett at his
Lo”: howse, had conference for many howers together, about
waightie buissinesses concerning Virginia: where they first tooke
into their consideraéon the establishing of the Counsell of State there
as likewise concerning the Gouerno': and Secretary: whose Comis-
sions continuing but for three yeares in certaine, did both expire in
Novemb: next."
,,V01-P0282-M00855-00863,Counsell,ORG_OR_COMMITTEE,candidate,V01-P0282,855,863,"+ named for y*
place of Secretary
in Virginia

m’ Waterhouse
comended by &
Iohn Dauers.

478 RECORDS OF THE VIRGINIA COMPANY

St Edwyn Sandys signified that my Lo: of Southampton desired this
Courte to excuse him for his absence at this time being w“held vpon
extraordinary occasion: and though long absent yet his Lo’: had been
exceeding carefull of their buissines: for no longer agoe then Sater-
day last he signified that some of the Counsell having mett at his
Lo”: howse, had conference for many howers together, about
waightie buissinesses concerning Virginia: where they first tooke
into their consideraéon the establishing of the Counsell of State there
as likewise concerning the Gouerno': and Secretary: whose Comis-
sions continuing but for three yeares in certaine, did both expire in
Novemb: next."
,,V01-P0283-M00760-00768,Counsell,ORG_OR_COMMITTEE,candidate,V01-P0283,760,768,"S* Edwin Sandys further signified that itt was then allso taken into The Counsell «:
their consideracon and thought fitt that the Counsell of State in Vir-"
,,V01-P0283-M00990-00998,Counsell,ORG_OR_COMMITTEE,candidate,V01-P0283,990,998,"“St ""Viner
ginia should assemble fower times a yeare each Quarter once for one jnayeare
wholl weeke together to advise and consult vppon matter of Counsell
and of State and of the generall affaires of the Colony and as there
shalbe cause to order and determine the greater matters of coutro-
versie growinge and arysinge betweene the Plantations ther beinge

now added a good nomber of new Counsello™ to the former, namely.

"
,,V01-P0284-M01357-01365,Counsell,ORG_OR_COMMITTEE,candidate,V01-P0284,1357,1365,"Touchinge Tobacco w™ hath been allwaies so generally affected by
the Planters in Virginia S' Edwin Sandys signifyed how extreamly
displeasinge itt was to the Kinge and scandalous vnto the Plantacon
and vnto the whole Company, that notwithstanding itt hath been
prosecuted these many years by many wise and worthie psons and
wasted in that time a Masse of monney yett hath itt not produced te
any other effect, then that smokie weed of Tobacco, and therefore the
Counsell as heretofore itt may appeare by all their former instrucéons
and letters, so now againe had taken itt into their considera¢on how
they might restraine the generall plantinge theirof or at leaste bringe
itt downe to a farr lesse proporéon and quantitie then now is made.’

"
,,V01-P0285-M00067-00075,Counsell,ORG_OR_COMMITTEE,candidate,V01-P0285,67,75,"JUNE 11, 1621 481

A Second thinge taken into consideragéon by the Counsell, was what _"
,,V01-P0285-M01251-01259,Counsell,ORG_OR_COMMITTEE,candidate,V01-P0285,1251,1259,"and by vertue of their prerogative and power to examyne w"" a curious
eye the actions and carryage of all the principall Officers and Gouer-
nors ened to thend that those that had deserved well might be rewarded
with hono’, and others punished accordinge to their Demerites; The
like course have beene thought fitt by the Counsell here to be taken
with the Officers in Virginia, and that a choyse Comittee of men of
worth and integritie might be authorised to examine and enquire into
the Acéons and doings of former Office’ & therof to returne a good
Accompt vnto the Company here that they may proceed further therin
accordinge to the rules of Iustice and equytie.

"
,,V01-P0286-M01253-01261,Counsell,ORG_OR_COMMITTEE,candidate,V01-P0286,1253,1261,"e

Virginia and attended in the Downes for her direcéon whether to goe,

orderginen tosend the Counsell and Comittees haveinge mett aboute itt have given order

herte Flushinge.

to Damiron m‘ of the Ship to send her to Flushinge and had allso

m’ Arthur Swaine agreed w'* m™ Arthur Swayne a Marchaunt of London comended for

to be their ffactor.

"
,,V01-P0286-M01774-01782,Counsell,ORG_OR_COMMITTEE,candidate,V01-P0286,1774,1782,"his fidelitie & sufficyency to be their ffacto’ there for puttinge off their
Tobacco to their most proffitt allowinge him 2 in the C for his paynes
w'"" w*"" hee was contented, and to this end gave him a Comission
vnder the Companies Seale & certaine Instructons w™ the Counsell
thought necessary for his direc@on in y* buisines wherof hee doubted

not butt that they should have a good Accompt of his doings."
,,V01-P0292-M00041-00049,Counsell,ORG_OR_COMMITTEE,candidate,V01-P0292,41,49,"488 RECORDS OF THE VIRGINIA COMPANY

The Counsell of [tt was informed that for asmuch as 8’ George Yeardley complayned

State in Virginia
to meet + times a
yeare & to holde
quarterly Session
for one whole
yeare week to-
gether.

"
,,V01-P0292-M00246-00254,Counsell,ORG_OR_COMMITTEE,candidate,V01-P0292,246,254,"An Addiéon to y*
Counsell in Vir-
ginia

S' Frauncis Wyatt
Gouernor.

of the small number of the Counsell of State in Virginia remayning
alive and of their seldome meetinge by reason they dwell so dis-
persedly asunder and had no manner of allowance for attendance in
that kind itt was the cause hee wanted such necessary assistance as
was fitt and requisite: Itt was therfore taken into consideracon how
this defect of Councello” might be supplyed and their meetings hear-
after made more frequent, and itt was offered to the iudgment of this
Courte wheither itt be not expedient that the said Counsell should be
appoynted to assemble fower times a yeare and to hold quarterlie
Sessions for one wholl weeke together to assist the Gouerno’ from
time to time |\as well||"
,,V01-P0292-M00824-00832,Counsell,ORG_OR_COMMITTEE,candidate,V01-P0292,824,832,"An Addiéon to y*
Counsell in Vir-
ginia

S' Frauncis Wyatt
Gouernor.

of the small number of the Counsell of State in Virginia remayning
alive and of their seldome meetinge by reason they dwell so dis-
persedly asunder and had no manner of allowance for attendance in
that kind itt was the cause hee wanted such necessary assistance as
was fitt and requisite: Itt was therfore taken into consideracon how
this defect of Councello” might be supplyed and their meetings hear-
after made more frequent, and itt was offered to the iudgment of this
Courte wheither itt be not expedient that the said Counsell should be
appoynted to assemble fower times a yeare and to hold quarterlie
Sessions for one wholl weeke together to assist the Gouerno’ from
time to time |\as well||"
,,V01-P0292-M01012-01020,Counsell,ORG_OR_COMMITTEE,candidate,V01-P0292,1012,1020,"in matter of Counsell and of State and in all
causes of importance as allsoe for redresse of generall and as—relt
pticularr greivances The Courte conceavinge this to tend much to the
advancement of iustice in generall did therfore order that the said
Sessions should hearafter be duely observed and kept: and that direc -
éon should be given in the Gouernor€ Instrucéons for establishinge
of the same."
,,V01-P0292-M01844-01852,Counsell,ORG_OR_COMMITTEE,candidate,V01-P0292,1844,1852,"[2387]

Itt was likewise signified that care had been taken to make some
addiéon vnto the Counsell of State in Virginia of men of worth and
quallytie namely St William Newce knight Marshall of Virginia and
m' George Sandys Treasuror of the same, And haveinge allsoe for-
merly chosen S' Frauncis Wyatt to be the suecessive Gouerno’ imeadi-
atly vppon thexpiraton' of S' Georg Yeardleys Comission ther
remayned now butt one Officer more of the Counsell to be continued
or chaunged namely m‘ Secretary Porey whose Comission beinge butt
for three years ended in Nouember next.

"
,,V01-P0293-M00820-00828,Counsell,ORG_OR_COMMITTEE,candidate,V01-P0293,820,828,"Itt was further signifyed that the Counsell had taken into their Con-
"
,,V01-P0298-M00169-00177,Counsell,ORG_OR_COMMITTEE,candidate,V01-P0298,169,177,"494 RECORDS OF THE VIRGINIA COMPANY

the Gouerno’ and Counsell of Virginia shall thinke meete, and for
Cap' Nortons owne allowance the Courte have confirmed vnto him
the fifte parte of their moytie, and the proporéon of Land hee desires,
And shall have two men more for cuttinge of wood for the sayd
worke, wherof hee is to furnish out one att his owne charge.

"
,,V01-P0300-M01437-01445,Counsell,ORG_OR_COMMITTEE,candidate,V01-P0300,1437,1445,"Captaine Bargraue haveinge petiéoned to this Courte that some of the
Counsell (beinge Parlyament men) might be appoynted to examine
certaine wittnesses of his beinge nowe in Towne afore their goinge
back to Virginia in the cause in difference betweene him and S' Tho:
Smith for w™ hee had peti@oned to the Lower house of Parlyament;
The Courte made him aunswere that for soe much as Parlyament men
were named in his Petiéon they durst not meddle therwith nor would
the Parlyament accept of Deposiéons taken in any pryvate Courte
without the Personall appearance of witnesses themselvs vnto the
house att the hearinge of the cause besides itt was held indyrect and
"
,,V01-P0305-M00943-00951,Counsell,ORG_OR_COMMITTEE,candidate,V01-P0305,943,951,"Whervppon the Courte thought fitt
that some five of the Counsell should be entreated to meet on ffryday
morninge next att m‘ Ferrar€ house to heare and determyne the same
if they cann or otherwise to make reporte how the cause stands
between them, and in whome y° default is that an agreement cannot
be made."
,,V01-P0305-M01902-01910,Counsell,ORG_OR_COMMITTEE,candidate,V01-P0305,1902,1910,"5 of y* Counsell to
determine y* dif-
ferences Letweene
Cap‘ Bargraue and
Cap!"
,,V01-P0306-M00509-00517,Counsell,ORG_OR_COMMITTEE,candidate,V01-P0306,509,517,"Gookin,

A tre written to
y' Gouernot &
Counsell of Vir-
ginia to this effect

m' Kettlebie to be
recomended to y?®
¢;ou9nor

Some of y° Conn-
sel} to meete
aboute y® Gouern-
uo Tustruc:

502 RECORDS OF THE VIRGINIA COMPANY

att 3"": 10° apeec for w™ hee might take any Comodities in Virginia att
such prizes as the Company here had sett downe hee desired y* those
words might be more Cleerly explayned; And to this effect m’ Deputy
signified y' they had drawne a letter in the name of the Counsell and
Company vnto m' Gookin declaringe that their intent and meaninge
was itt should be lawfull and ffree for him and his ffacto™ to Trade
barter and sell all such Comodities hee shall carry thither att such
rates and prizes as hee shall thinke good and for his Cattle shall receive
either of the Gouernor or other pryvate psonns any of the Comodities
there growinge att"
,,V01-P0306-M01577-01585,Counsell,ORG_OR_COMMITTEE,candidate,V01-P0306,1577,1585,"And further to this effect they had allso drawne a letter to the Gouer-
nor and Counsell of State in Virginia both w™ beinge now plsented
and read the Court did very well approue of and gave order that the
Seale of the Counsell should be affixed to that addressed to m’ Gookin
and that some of y® Counsell should signe the other to the Counsell of
Virginia."
,,V01-P0306-M01694-01702,Counsell,ORG_OR_COMMITTEE,candidate,V01-P0306,1694,1702,"And further to this effect they had allso drawne a letter to the Gouer-
nor and Counsell of State in Virginia both w™ beinge now plsented
and read the Court did very well approue of and gave order that the
Seale of the Counsell should be affixed to that addressed to m’ Gookin
and that some of y® Counsell should signe the other to the Counsell of
Virginia."
,,V01-P0306-M02106-02114,Counsell,ORG_OR_COMMITTEE,candidate,V01-P0306,2106,2114,"Lastly itt was moved and thought fitt that some of the Counsell
appointed would please to meet vppon this next Thursday in the after-
noone att m* Ferrars howse about the Gouerno” Instrucéons.
"
,,V01-P0308-M02383-02386,Nos,EDITORIAL_REFERENCE,candidate,V01-P0308,2383,2386,"This beinge done m‘ Deputy further signified that the Bona Noua 4as
jnowe|| returned from Virginia, staied onely for direcéon from hence
to what Porte shee shall repayre, shee beinge laden w™ some 40: or
50000 waight of Tobacco (as hee heard) for the generall Invoice hee
had not as yett received wherof by m’ Peirce y* Cape Marchanté

‘These letters were probably those mentioned in List of Records, Nos. 238, 241, 243-245, 247-249,
pages 147 and 148, ante.
"
,,V01-P0313-M00106-00114,Counsell,ORG_OR_COMMITTEE,candidate,V01-P0313,106,114,"JULY 10, 1621 509

to appear vnde’ the Docto™ hand) in regard herof and for that itt was
testified by the Counsell of States letters to the Company hee had done
good service in the ffight, w” two Spanish Ships of warr, wher Doctor
Bohune himselfe was slaine; The Court was pleased to graunt him
his request to sett him free and pay for his said passage

Vppon the humble peticon of m™ Newporte widdowe, the Court © Fra: Wyatt to
ordered that S*' Frauncis Wyat thelect Gouernor and the rest of the arn rg —
Counsell of State in Virginia should be treated to sett out 32 Shares Newporte, and 3
of Land in Virginia heretofore bestowed vppon Cap"" Christo: New-"
,,V01-P0319-M00296-00304,Counsell,ORG_OR_COMMITTEE,candidate,V01-P0319,296,304,"JULY 16, 1621 515

third for the advancement of the Glasse ffurnace as hath been for-
merly menéoned; The ffowerth was for the settinge out of a Voyadge
to trade with the Indians in Virginia for Furrs, It beinge certainely
enformed by m™ Chamberlyn & others and now of late from the
Gouerno’ and Counsell of State in Virginia of the great trade of Furrs
w the French and Dutch have yearly made in Lawarr and Hudsons
Riuer some 20: or 30 Leagues in distance from the Sotherne Plantacon
to their incredible gaine and wealth; ffor better pformance of w™
voyadge a means woulde now be found to doe itt att a less charge then
att other times.

"
,,V01-P0324-M01452-01460,Counsell,ORG_OR_COMMITTEE,candidate,V01-P0324,1452,1460,"The Petigon of Widdow Gunston was now read and ordered that itt
somes jcticon itt should be referred to some of the Counsell and Comittee to call
Couuwell('."
,,V01-P0326-M02381-02384,Nos,EDITORIAL_REFERENCE,candidate,V01-P0326,2381,2384,"M’ Deputy signified that haveinge plsented to the Ea of Southampton
the 4 Roll@ of pehment whervnto divers had subscribed testifyinge
therby their Zeale and constant resoluéon to advance the Plantaéon
(notwithstandinge the many discourragment¢ they had receaved) as

' These Instructions and a letter to the (rovernor and council in Virginia are mentioned in List of
Records, Nos."
,,V01-P0330-M00830-00838,Counsell,ORG_OR_COMMITTEE,candidate,V01-P0330,830,838,"A Compt: madeto M' Deputy signified y* the occasion of ecallinge this Courte was to
erg At ‘ac, aequainte them that aceordinge to a message receaved from the LL:
vpatrade at Am- of the Counsell some of the Virginia Company had appeared before
aaa their Lo”: the 12"" of this present monneth, vnto whome the LL’:
declared y' itt was complayned vnto that Boord y*‘ this Company had
sett vpp a trade att Amsterdam and brought thither all their Comodi-
ties from Virginia, they therfore now required to know the Com-
panies answere wheither or noe they would bringe all their Comodities
into this Kingdom or continue their Trade there att Amsterdam.

"
,,V01-P0331-M00759-00767,Counsell,ORG_OR_COMMITTEE,candidate,V01-P0331,759,767,"age:

M' Deputy therfore now desyred this present Court that they would The _ inconven-
please to take this waighty buisines into their consideraton where ——— —
vppon after much dispute and many reasons given of y*® impossibillyty ali ther Cormeri-
of beinge bound to bringe in all their comodities into England w“out tie* inte this
fallinge into very great inconvenyencies they did agree to have these *°"""""" '®P*
reasons together w™ such other as the Counsell y* morninge haveinge heade.

"
,,V01-P0331-M01504-01512,Counsell,ORG_OR_COMMITTEE,candidate,V01-P0331,1504,1512,"M’ Deputy Psented vnto the Courte accordinge vnto former direcéons m= Peputy pre
the aunswere w™ was to be given to the ll°: of the Counsell this after- sented ty Court
noone if the Courte did approve therof beinge framed vppon those “4 payne
reasons that y° form?"
,,V01-P0334-M00592-00600,Counsell,ORG_OR_COMMITTEE,candidate,V01-P0334,592,600,"m' Deputy signi- M* Deputy signified vnto this Court that hee had plsented the Com-
foy'y scene’ panies aunswere vnto the Lords of his Ma"" pryvy Counsell w® beinge
their Answere."
,,V01-P0334-M01348-01356,Counsell,ORG_OR_COMMITTEE,candidate,V01-P0334,1348,1356,"And therfore required them on Wednesday next to returne their

Cr, “ answere wheither they would bringe in all their Tobacco into England
or none att all, or otherwise to accomodate the buisiness w"" m"" Iacob
with whome on ffryday last some of the Company haveinge had con-
ference m‘ Iacob signified vnto them that hee had no proiect wherby
to accomodate the buisiness butt onely by way of advise and Counsell
pswaded them to bringe in all their Tobacco as moste for their good
m' Deputy therfore desyred that this Courte would take itt into their
Consideraéons what answer they would give to their Il: against
Wednesday next.

"
,,V01-P0335-M00601-00609,Counsell,ORG_OR_COMMITTEE,candidate,V01-P0335,601,609,"The aunswere of the Virginia Company to the Right honorable the The answere to y*
1 of his Ma"": pryvy Counsell touchinge their I: proposiéons for y* ptm."
,,V01-P0335-M01091-01099,Counsell,ORG_OR_COMMITTEE,candidate,V01-P0335,1091,1099,"The moste humble aunswere of the Virginia Company to the
Right Hono™: the Lords of his Ma“: most hono™: pryvy
Counsell.

"
,,V01-P0347-M01949-01957,Counsell,ORG_OR_COMMITTEE,candidate,V01-P0347,1949,1957,"Elizabeth Smalley Widdowe hauinge petigoned to the Kinge against
Captaine Argall pretendinge that he deteyned certaine good@ from
her to the value of 500"", and heinge referred by his Ma‘ to his High-
nes Counsell for Virginia did nowe petiéon to the Companie to take
hearinge of the said cause accordinge to his Ma® Referrence, where-
vpon the Counsell agreed to meete vpon friday followinge in the

Written over m',
16455—voLt 1—06——35
"
,,V01-P0349-M00958-00966,Counsell,ORG_OR_COMMITTEE,candidate,V01-P0349,958,966,"M' Deputy acquainted the Companie that at the end of the last Sumer
Ilands Court held the seauenth of this present Moneth there came a
letter vnto his hand¢ from an vnknowne person directed vnto him and
the rest of the Counsell and Comp* for Virginia, w® letter, for that
many of the Virginia Comp"" ||were then psent|| he caused to be opened
and read, the Contents whereof are as followeth.

"
,,V01-P0349-M01223-01231,Counsell,ORG_OR_COMMITTEE,candidate,V01-P0349,1223,1231,"A Letter dated the 7° of Nouember i621 directed to m’ Deputy flarrar
and to the rest of the Counsell and Companie for Virginia

You shall receaue here enclosed 0° for a sermon to be preached before the Vir-
ginia Companie this Michalmas Terme and before the Quarter Court day: The
place I leaue to y* Companies appointement, Also I desire that m* Damport
may preach the first sermon if the Companie approue hereof: I will if God
permit make a perpetuity in this kinde: So beseechinge your good acceptance
of this smale mite, as also that you m* Deputy performe yo"" promise in con-
cealinge my name | take my Jeaue and rest a daylie orator for
Vireinia."
,,V01-P0357-M00267-00275,Counsell,ORG_OR_COMMITTEE,candidate,V01-P0357,267,275,"NOVEMBER 21, 1621 553

Captaine Martin ||hauinge|| peti¢oned to the Court for redresse of
certaine greivances whereof he complained was admonished that if
he would willingly surrender his Patent w had so often been ques-
tioned and complained of both here and by the Counsell in Virginia
in reguard of the vnlawfull priuiledges passed therein directly repug-
nant to the standinge lawes of the Companie since that time made
(w requires all graunt of land@ to be made with equall fauo’ except
the differency of rent) that then he should not only haue a newe
Patent as large as any but further the Companie would be ready to
affoord him, all the fauo’, and Assistance that in reason or iustice he
could expect, notwithstandinge this admoniéon Capt Martin refused
to surrender his said Patent, and said he would exhibite his petiéon
vnto the next Court and stand to the iudgement and censure of that
ble,

Hono”: Assembly touchinge the priuiledges of his said Patent."
,,V01-P0364-M01162-01170,Counsell,ORG_OR_COMMITTEE,candidate,V01-P0364,1162,1170,"560 RECORDS OF THE VIRGINIA COMPANY

M' Waterhowse beinge formerly chosen and appointed to collect the
moneyes from such as are indebted to the Company vpon subscriptions,
hauinge nowe presented his Propositions and agreem™ made with the
appointed Comittee who thought fitt to allowe him 50° a weeke for his
rydinge charges duringe his imployment to be taken out of his receipte
from time to time and that a further consideraéon should be had of his
paines and trauell herein, w w™ m’ Waterhowse was contented and
promised to solicite the Bis” that were behinde gratis : The Court there -
fore takinge the said allowances into their consideraéon did well aproue
thereof and beinge put to the question confirmed the same vnto him
promisinge to deale liberally with him vpon discharge of that [293]
buissines, and further also for his better encouragement in so good a
worke as he hath vndertaken they haue admitted him to be a free
Brother of the Companie: And touchinge his Comission w™ he is to
haue under the Companies Seale whereby to authorise him to collect
the said moneyes the Court hath referred it to St lohn Dauers assisted
with any fower other of the Counsell to drawe the same vp and beinge
accordingly engrossed they haue authorized m* Deputy to seale it with
the legall Seale.

"
,,V01-P0368-M00630-00638,Counsell,ORG_OR_COMMITTEE,candidate,V01-P0368,630,638,"After these thinge were thus ordered m’ Deputy aduertized the Com-
panie that he was to acquaint them with a waightie buissines namely
the proceedinge of some former Court€ touchinge the Lord¢ of the
Priuy Counsell their late proposiéon and comaund for bringinge in
all their Tobacco into England to paye the custome here due for that
his Ma” revenues (as it was alledged by y° tts) could not other wise
be vpheld concerninge w™ that this Court might the better vnder-
stand the whole proceed of this buissines from the verie begininge
thereof to that pointe and period it was brought vnto, and wherevpon
it nowe resteth he desired they would please to heare the same read in
order as it was psecuted w buissines began the i5” of October last
and so forward as may appeare by the seuerall Courté.

"
,,V01-P0368-M02021-02029,Counsell,ORG_OR_COMMITTEE,candidate,V01-P0368,2021,2029,"W"" beinge read m™ Deputy made two request€ vnto y° Company, the
first was to knowe whither they did approue of that he had donne by
the aduise and direcéon of the ||said|| Court€ touchinge the former
Propositions, the second was that they would nowe please to deliuer
their opinions freely what course they conceaued best to take to
release the Companie of this strict cofiaund and to restore them-
selues to their former liberty, and the rather for that it was expected
that this ||Court|| especially (wherevnto it was referred) should do
somethinge herein and not omitt to declare their resolucon touchinge
this present buissines concerninge the first the Court did generally
assent therevnto testifyinge their good approbaéon of their pceedinge
and of their aunsweares made vnto the lord€ of the Counsell freely
acknowledginge, that as the Cash stood more could not haue bin
pformed, but for the other request concerninge the Companies expresse
"
,,V01-P0372-M01422-01430,Counsell,ORG_OR_COMMITTEE,candidate,V01-P0372,1422,1430,"Whereas b¥ the last Quarter Court appointed a great Comittee to take
into consideraéon the Propositions of the Lords of the Counsell for
bringing in all their Tobacco into England concerninge w™ the said
Comittee were entreated to giue their best aduise and to prepare some
"
,,V01-P0373-M00435-00443,Counsell,ORG_OR_COMMITTEE,candidate,V01-P0373,435,443,"Captaine Leeke presentinge a Letter to this Court from the right
Hono” the Lord Chamberlen directed vnto the Counsell and Com-
panie of Virginia w beinge opened and read, it appeared that his lp
moued for twoe thing€ in the behalfe of Capt: Leeke the one was that
he might be made one of the Counsell of State in Virginia (where he
intend¢ to plant himselfe)"
,,V01-P0375-M00606-00614,Counsell,ORG_OR_COMMITTEE,candidate,V01-P0375,606,614,"The Committee appointed by the former Court to treat with Capt:
Leeke hauing some of them mett and taken into consideraéon his
two request€ namely to be one of the Counsell in Virginia and to haue
a Collonellp: there for w™ it had pleased my Lo: Chamblen by his
Hono” Letter to recomend him vnto this Companie did nowe make
report that they had agreeed accordinge to his Lp* Desire to recomend
Capt Leeke to the next Quarter Court to admitt him one of the Coun -
sell, but for his other request namely to be Collonell gen9all ouer
the whole body of the Plantaéon, they coneeaued it a place of that
eminent Comaund as it was not in their power especially heinge so
fewe to creat or constitute so great an officer, and therefore thought
fitt to leaue to the further consideraéon of this Court: Herevpon the
Court agreed to respite the same till further aduise were taken
therein: In the meane time S' Io: Dauers is desired to aequaint my
"
,,V01-P0395-M01039-01047,Counsell,ORG_OR_COMMITTEE,candidate,V01-P0395,1039,1047,"[317]

M’ Deputy signified that m‘ Leat the Minister beinge appointed to
preach this last Sundy in 8‘ Seyths Church vpon a Text the Comp*
gaue him had pformed the same with good approbacon and beinge
still Desirous to goe to Virginia recomended to the Gouernor and
Counsell there to remayne in expectaiice till some place in the Mistery
become voide, did therefore praye the Companie would please to fur-
nish ther $him§ with some smale allowance for book€ and other
necessaries: w"" request hauinge bin formerly taken into consideracon
it was thought fitt to allowe him 20"" to furnish $him§ with booke and
apparrell, and to paye for his transportaton: W“ allowance the Court
did well approue of.

"
,,V01-P0398-M01651-01659,Counsell,ORG_OR_COMMITTEE,candidate,V01-P0398,1651,1659,"[320]

The Certiticate of Diners of the Right Honor™: of his Ma‘**: most Hono”:
priuy Counsell and others the Right Hono™ and Right Wor'*: his Ma"": Coun-
sell und Company for Virginia.’

"
,,V01-P0399-M00353-00361,Counsell,ORG_OR_COMMITTEE,candidate,V01-P0399,353,361,"Wee doe hereby know and certifie y* by the generall Consent of his Ma“: first
Counsell of Virginia here settled in England by his Ma"" royall order and Com-
ission In the face of the publique and open Court assembled and inett together
that the said Cap' In° Martin was elected chosen and sworne one of his Ma‘*:
first Councell of Virginia.

"
,,V01-P0399-M01785-01793,Counsell,ORG_OR_COMMITTEE,candidate,V01-P0399,1785,1793,"“ Lawes plrogatives and rights what soeuer flor w* respects
and for his honest and worthy services allredy done and hereafter to be done
for the encourragment of himselfe and others y‘ may succeed: Wee y* Com-
pany and Counsell for his Ma‘: here resydent have heretofore graunted him
sundry pryveledges, by Charter vnder our great Seale for the setlinge of a
pryvate Plantation vppon his owne allottment of Land in Virginia wherin
hee hath peecded w™ a great deale of charg and expence for w"" wee see and
know no reason to the Contrary butt y' hee should and may enioy y* same
accordinge to the true entent and meaninge of this graunt: In wittness wherof
wee have here ynto subscribed our hands; ||names||

Pembroak, Tho: Smith.
"
,,V01-P0413-M02115-02123,Counsell,ORG_OR_COMMITTEE,candidate,V01-P0413,2115,2123,"Wherevpon the Court caused the said Certificate to be read w was
in the name of the Counsell and Company for Virginia here resident
"
,,V01-P0418-M01282-01290,Counsell,ORG_OR_COMMITTEE,candidate,V01-P0418,1282,1290,"Secondly the said Patent for Land doth conteyne an intended graunt of divers
exorbatant pryveledges and transcendent liberties to Cap’ Martin apparantlie
repugnant to iustice and the good Gouerment of the generall Grawnt Plan-
tacon w™ the Comp*: by his Ma""* tres Patents to them could not graunt as
namely the exemption of |jall| the people within his Lands from y° Gouermt
of the Gouerno’ and Counsell in Virginia and from all other services of the
whole Colony there (except in case of Warr) and allso a graunt of vnlymited
flishinge, And allso y° ffifte pt of all rich Mynes, And to enioy all other Mynes
found by him his heir€ or assignes and of Cofion Martes to be erected att his
pleasure & many other # generall indefinite liberties as appeareth in the said
Patent; By collour of w exorbitant Patent many great inconvenyencies have
followed to y° Company & Colony."
,,V01-P0425-M00209-00217,Counsell,ORG_OR_COMMITTEE,candidate,V01-P0425,209,217,"whereby Henry Mansell
pretendeth he was imployed: he was aduised by some of the Counsell
then present when that letter came to him to aequainte the Court first
therewith in respect the Companies books were comitted to his trust
& ought not to be pmitted to passe abroad w“out y° priuity and allow-
ance of a Court wherevpon havinge yesterday signified so much by
letter to m’ Alderm: Iohnson he receaued another from him that night
shewinge some dista[ste] that the books were not sent, in respect
vpon the hearinge of Captai{ne]"
,,V01-P0427-M00285-00293,Counsell,ORG_OR_COMMITTEE,candidate,V01-P0427,285,293,"MARCH 27, 1622 623

M’ Deputy acquainted the Court that thanks be to God the George
was nowe returned from Virginia and that he had receaued the
Pacqu[et] of tres sent by her w® he now presented to be read, where -
vpon the[re] was first read the generall letter from the Gouernor and
Counsell of Virginia and after such priuate letters as came directed
vnto the Counsell and Companie here wherein amongst other thingé
they ga[ue] aduertisement that the Ironworke so longe and earnestly
desired were nowe in a good forwardnes to be sett vp by the meanes
of m’ Iohn Berkley whodoubted not but to make Iron there by Whit -
sontyde, also of the great hopes they haue of Cotten woole i[n] respect
the Trees there prosper"
,,V01-P0427-M00363-00371,Counsell,ORG_OR_COMMITTEE,candidate,V01-P0427,363,371,"MARCH 27, 1622 623

M’ Deputy acquainted the Court that thanks be to God the George
was nowe returned from Virginia and that he had receaued the
Pacqu[et] of tres sent by her w® he now presented to be read, where -
vpon the[re] was first read the generall letter from the Gouernor and
Counsell of Virginia and after such priuate letters as came directed
vnto the Counsell and Companie here wherein amongst other thingé
they ga[ue] aduertisement that the Ironworke so longe and earnestly
desired were nowe in a good forwardnes to be sett vp by the meanes
of m’ Iohn Berkley whodoubted not but to make Iron there by Whit -
sontyde, also of the great hopes they haue of Cotten woole i[n] respect
the Trees there prosper"
,,V01-P0427-M01638-01646,Counsell,ORG_OR_COMMITTEE,candidate,V01-P0427,1638,1646,"There was also now presented certaine proposiGons sent to y® Com-
pan[ie] by m’ Deputy Nuce for alteringe their present condiéon with
their Tenant¢ for the better improuement of the publique Revenue
and aduancement of the generall Plantation, w™ Proiect for that it
contayned matter of speaciall importance more then was fitt to be dis-
puted vpon for the present: The Court hath referred it to y° Counsell
for Virginia to take it into their consideraGon and to vertifie their
opin[ion] ||touching y® same|| against the Quarter Court."
,,V01-P0439-M00743-00751,Counsell,ORG_OR_COMMITTEE,candidate,V01-P0439,743,751,"wherein
he promised to giue her satisfacéon for her Husband good¢ to the full
value w* were prized at 5"" 19° as he informeth by his said letter the
Court hath ordered that a Coppie of the said letter together with his
aunsweare vnder the attest of the Secretaries hand shalbe sent to the
Gouernor and Counsell of Virginia whoe are entreated to examine
this perticuler buissines and therein to proceed accordinge to equity
and good conscience for the releife of the peticone’.

"
,,V02-P0003-M00446-00454,Counsell,ORG_OR_COMMITTEE,candidate,V02-P0003,446,454,"MAY 20, 1692 : 11

panie, if they would imploy his Shippe the Abigal]l with a reasonable
convenient fraight outward and homeward, he would carry a douzin
Carpenters at the least, by whome the rest of his Marriners beinge
supplied with convenient number of handes from the Colony and
some necessaries from hence of Boat€ Cordage and Tooles he doubted
not by the end of March to raise such a Blockhowse as should secure
all the Riuer about it: The Counsell and Comittees mett diuers times
about it, and havinge receaued good satisfacéon both of the Suffi-
ciency of the man for his iudgement and honesty, and also of the
probablenes of the meanes, whereby he propounded to effect it, were
all of opinion [2] that the offer was not to be refused, the matter of
ffortification beinge a thinge soe importunately requested by the Col-
ony, and this perticular beinge iudged by diuers of the Planters to be
that w"" ext |lought|| first to be attempted, and most easie to be
effected especially consideringe that the Demaunds of Capt Each
were so ordinary and reasonable as although the worke should not be
effected, yet there would arise noe dafiage to the Companie, but as they
conceaue it rather a benifitt by the imploying so goodly and stronge
a Shippe wherein the Lady Wyatt and the rest that this yeare are to
goe may be exceedinge conveniently and safely transported, and the
whole Company ||Bodye|| duringe their stay in the Riuer much
strengthned:"
,,V02-P0004-M01821-01829,Counsell,ORG_OR_COMMITTEE,candidate,V02-P0004,1821,1829,"And that if he performinge his best endeauoures shall not be able to
effect it, by the end of March, but for the perfectinge thereof shalbe
required to staye a Month or more after he shall haue paid him for
euery Months staye 160"" by the Gouerno’ and Colony there and so pro
rato, But in case it should happen there by the iudgement of the
Gouernor and Counsell of State within one Month the worke proue
not feazable, then it shalbe lawfull for him to repaire home the first
of January, and that the Companie shall by that time lade so much
Tobacco or other good€ abourd him as shall make in fraight 800""
besid¢ personall freight.

"
,,V02-P0026-M00628-00636,Counsell,ORG_OR_COMMITTEE,candidate,V02-P0026,628,636,"My Lo: Cauendish acquainted the Court with his Ma* Answeare vnto
the Message he deliuered in the name of the Companie in the presence
of my Lo: Haughton and diuers others of the Counsell that attended
them.

"
,,V02-P0027-M01900-01908,Counsell,ORG_OR_COMMITTEE,candidate,V02-P0027,1900,1908,"My Lo: of Southampton signified to the Court that himselfe and
some others of his Ma™ Counsell for Virginia together with y*
Gouerno’ and Assistant€ of the Sumer Ilande had nowe (before the
settinge of the Court) been consultinge about a waightie Proposition
made vuto them from my Lord Treasuror w™ they conceaued might
turne to the benifitt of both the Plantations: W Proposition his lp:
entreated S' Edwin Sandys (as best acquainted with the manner of it)
to relate vnto the Court."
,,V02-P0029-M01933-01941,Counsell,ORG_OR_COMMITTEE,candidate,V02-P0029,1933,1941,"Accordinge wherevnto S' Edwin Sandys hauinge acquainted both their
ttps then present and the Deputies of the Companies with the offer
and nature of this Contract proposed And their ttps havinge cofii-
unicated the same to the Counsell of the one Company and Assistants
of the other they all thought it fitt that the same should be proposed
to the consideraéons of the Companies w™ accordinge to their tps
cofmand he had nowe performed.

"
,,V02-P0033-M01277-01285,Counsell,ORG_OR_COMMITTEE,candidate,V02-P0033,1277,1285,"And yo"" Petiéoners shall praye for yo'Ma” happie and longe
raigne ouer vs.

Vnto this Petition as a matter of great consequence 8"" Christofer
Perkins required in his Ma“ name a speedie Answeare: Wherevpon
the Counsell hauinge mett in the morninge, and taken it into con-
sideraéon framed an Answeare therevnto w™ doth here ensue."
,,V02-P0033-M01425-01433,Counsell,ORG_OR_COMMITTEE,candidate,V02-P0033,1425,1433,"[21]

The Aunsweare of the Counsell and Compagny for Virginia assembled in a
generall Courte to the Petition of Captayne Iohn Martyn and Capt: Robert
Hassell w™ many others unnamed touching that which they call the Kings
Forrest in Virginia’

The sayde Counsell and Companie for aunsweare therevnto saye that they
acknowledge no Kinge of Virginia but Kinge Iames, of and vnder whome
they hold and not from |king|| Powhatan so named by the Petitioners.

"
,,V02-P0033-M01651-01659,Counsell,ORG_OR_COMMITTEE,candidate,V02-P0033,1651,1659,"[21]

The Aunsweare of the Counsell and Compagny for Virginia assembled in a
generall Courte to the Petition of Captayne Iohn Martyn and Capt: Robert
Hassell w™ many others unnamed touching that which they call the Kings
Forrest in Virginia’

The sayde Counsell and Companie for aunsweare therevnto saye that they
acknowledge no Kinge of Virginia but Kinge Iames, of and vnder whome
they hold and not from |king|| Powhatan so named by the Petitioners.

"
,,V02-P0034-M01559-01567,Counsell,ORG_OR_COMMITTEE,candidate,V02-P0034,1559,1567,"And it is strange
vnto them y' Capt: Martin who is said to haue ruined aswell his owne State
(if euer he had any) as also the estate of other who put him in trust (as namely
Capt: Bargraue) & who hath made his owne Territory there a Receptacle of
Vagabond¢ and bankerupt¢ & other disorderly psons & whereof there hath
bin made publiq complaint and who is famous for nothinge but all kinds of
base condiéons so published in print by the Relaters of the proceeding of the
Colony aboue 10 yeares since, and who for the said condiéons was Displaced
by the Lord D’ Lawarr from beinge of the Counsell as a most vnworthie per-
son and who hath presumed of his owne authority (no way derived from his
Ma""“*) to giue vniust sentence of death vpon diuers of his Ma” Subiect€ & seen
the same put in cruell execudon, should dare to offer himselfe to his Sacred
Ma“ as an Agent either for matter of good husbandrie or good order.

"
,,V02-P0036-M01255-01263,Counsell,ORG_OR_COMMITTEE,candidate,V02-P0036,1255,1263,"And yo"" Peti@oners shall euer pray for yo"" Ma” longe and happie
raigne ouer vs. [23]

19 Tunij |The Answ* of the Counsell and Company for Virginia

1622 assembled in a generall Court to the petiton of Adam Dixon
"
,,V02-P0036-M01363-01371,Counsell,ORG_OR_COMMITTEE,candidate,V02-P0036,1363,1371,"The said Counsell and Company for answ’ therevnt say C’ q, this Auns* infra."
,,V02-P0041-M00633-00641,Counsell,ORG_OR_COMMITTEE,candidate,V02-P0041,633,641,"19 Iunij The Aunsweare of the Counsell and Compagny for Virginia assembled

1622 _—in a generall Courte to the petition of Adam Dixon.’
"
,,V02-P0041-M00748-00756,Counsell,ORG_OR_COMMITTEE,candidate,V02-P0041,748,756,"The said Counsell and Companie for aunsweare therevnto say, that the matters
therein contayned are to them vtterly vnknowne, & such as they haue no
inducement€ to pswade them to be true, neither is there extant in their book¢€
the menéon of any such Contract for ought they can finde & if any such were
it must haue bin made in the time of S' Tho: Smith when he was Treasuror
and by his authority vnto whome they referr him for aunsweare and satis-
facton, touchinge the other part of his owne complainte against S' George
Yeardiey who was likewise chosen Gouerno’ of Virginia in the said time of
S* Tho: Smith and by his consent: if he hath cofiitted the wronge and outrage
alledged in the said petiéon, whereof the peticon’ neuer as yet complained
either to the said Counsell or Companie, they will take a course for redresse
thereof with all possible expediton by coffiending the same to the care of the
Gouernor and Counsell nowe resiant in Virginia.

"
,,V02-P0041-M01508-01516,Counsell,ORG_OR_COMMITTEE,candidate,V02-P0041,1508,1516,"The said Counsell and Companie for aunsweare therevnto say, that the matters
therein contayned are to them vtterly vnknowne, & such as they haue no
inducement€ to pswade them to be true, neither is there extant in their book¢€
the menéon of any such Contract for ought they can finde & if any such were
it must haue bin made in the time of S' Tho: Smith when he was Treasuror
and by his authority vnto whome they referr him for aunsweare and satis-
facton, touchinge the other part of his owne complainte against S' George
Yeardiey who was likewise chosen Gouerno’ of Virginia in the said time of
S* Tho: Smith and by his consent: if he hath cofiitted the wronge and outrage
alledged in the said petiéon, whereof the peticon’ neuer as yet complained
either to the said Counsell or Companie, they will take a course for redresse
thereof with all possible expediton by coffiending the same to the care of the
Gouernor and Counsell nowe resiant in Virginia.

"
,,V02-P0041-M01659-01667,Counsell,ORG_OR_COMMITTEE,candidate,V02-P0041,1659,1667,"The said Counsell and Companie for aunsweare therevnto say, that the matters
therein contayned are to them vtterly vnknowne, & such as they haue no
inducement€ to pswade them to be true, neither is there extant in their book¢€
the menéon of any such Contract for ought they can finde & if any such were
it must haue bin made in the time of S' Tho: Smith when he was Treasuror
and by his authority vnto whome they referr him for aunsweare and satis-
facton, touchinge the other part of his owne complainte against S' George
Yeardiey who was likewise chosen Gouerno’ of Virginia in the said time of
S* Tho: Smith and by his consent: if he hath cofiitted the wronge and outrage
alledged in the said petiéon, whereof the peticon’ neuer as yet complained
either to the said Counsell or Companie, they will take a course for redresse
thereof with all possible expediton by coffiending the same to the care of the
Gouernor and Counsell nowe resiant in Virginia.

"
,,V02-P0041-M01716-01724,Counsell,ORG_OR_COMMITTEE,candidate,V02-P0041,1716,1724,"The Aunsweare of the Counsell and Compagny for Virginia assembled in a
generall Courte to y® Greivances in Virginia exhibited by William Kempe."
,,V02-P0041-M01850-01858,Counsell,ORG_OR_COMMITTEE,candidate,V02-P0041,1850,1858,"*
The sayde Counsell and Companie for answ’ therevnto saye y‘ none of y° pties
pitended to be wronged by y’° said greivances haue to this Day made any com-
plaint thereof to y° said Counsell or Companie & therefore they haue no cause
to conceaue them to be true y° rather for y* the said W™ Kempe doth not so
much as pretend in his said Complaint any authority from the said pties greived
to exhibite y° same; neither yet hath exhibited it to y° Counsell or Companie
where right might haue bin donn, himselfe havinge bin in England this Twelue-
month & vpward w™ is an argmn‘ of suspicon y*"
,,V02-P0041-M02020-02028,Counsell,ORG_OR_COMMITTEE,candidate,V02-P0041,2020,2028,"*
The sayde Counsell and Companie for answ’ therevnto saye y‘ none of y° pties
pitended to be wronged by y’° said greivances haue to this Day made any com-
plaint thereof to y° said Counsell or Companie & therefore they haue no cause
to conceaue them to be true y° rather for y* the said W™ Kempe doth not so
much as pretend in his said Complaint any authority from the said pties greived
to exhibite y° same; neither yet hath exhibited it to y° Counsell or Companie
where right might haue bin donn, himselfe havinge bin in England this Twelue-
month & vpward w™ is an argmn‘ of suspicon y*"
,,V02-P0041-M02284-02292,Counsell,ORG_OR_COMMITTEE,candidate,V02-P0041,2284,2292,"*
The sayde Counsell and Companie for answ’ therevnto saye y‘ none of y° pties
pitended to be wronged by y’° said greivances haue to this Day made any com-
plaint thereof to y° said Counsell or Companie & therefore they haue no cause
to conceaue them to be true y° rather for y* the said W™ Kempe doth not so
much as pretend in his said Complaint any authority from the said pties greived
to exhibite y° same; neither yet hath exhibited it to y° Counsell or Companie
where right might haue bin donn, himselfe havinge bin in England this Twelue-
month & vpward w™ is an argmn‘ of suspicon y*"
,,V02-P0046-M01069-01077,Counsell,ORG_OR_COMMITTEE,candidate,V02-P0046,1069,1077,"At the same time was presented the peti¢on of Widdowe Smalley con-
cerninge fower Oxen in the Colony wherevnto she pretended right by
Graunt from Capt: Argall, The same Oxen hauinge formerly bin her
Husbands, vpon occasion of w™ petiéon report was made to the Com-
panie of diuers suspitious proceeding€ concerninge the same, as namely
that the said Widdowe Smalley had first exhibited a petitéon and
greuious complaint¢ to the Kinge against Capt: Argall for hauinge
spoiled her of all her goodes, w™ petiéon beinge referred by his Ma“
to the Counsell for Virginia there was after some time brought in a
retractaéon of that petiéon and Complaint against Captaine Argall vnder
her hand and Seale; wherein shee also charged others (but without
any name) to be #eident inciters to her to make that complaint: w™
retractaéon her selfe first desired might be read in open Court: And the
same was afterward€ much pressed by Captaine Argall: but the [27]
Counsell denied it, vnles shee would first name those that had bin her
Incyters, the rather for that Capt: Argall with some extraordinary
vehemency declared, that he suspected some of the Companie to haue
so sett her on worke, and beinge vrged to declare whom he suspected,
he in fine named that he had suspected 8’ Edwin Sandys.

"
,,V02-P0046-M01474-01482,Counsell,ORG_OR_COMMITTEE,candidate,V02-P0046,1474,1482,"At the same time was presented the peti¢on of Widdowe Smalley con-
cerninge fower Oxen in the Colony wherevnto she pretended right by
Graunt from Capt: Argall, The same Oxen hauinge formerly bin her
Husbands, vpon occasion of w™ petiéon report was made to the Com-
panie of diuers suspitious proceeding€ concerninge the same, as namely
that the said Widdowe Smalley had first exhibited a petitéon and
greuious complaint¢ to the Kinge against Capt: Argall for hauinge
spoiled her of all her goodes, w™ petiéon beinge referred by his Ma“
to the Counsell for Virginia there was after some time brought in a
retractaéon of that petiéon and Complaint against Captaine Argall vnder
her hand and Seale; wherein shee also charged others (but without
any name) to be #eident inciters to her to make that complaint: w™
retractaéon her selfe first desired might be read in open Court: And the
same was afterward€ much pressed by Captaine Argall: but the [27]
Counsell denied it, vnles shee would first name those that had bin her
Incyters, the rather for that Capt: Argall with some extraordinary
vehemency declared, that he suspected some of the Companie to haue
so sett her on worke, and beinge vrged to declare whom he suspected,
he in fine named that he had suspected 8’ Edwin Sandys.

"
,,V02-P0046-M01868-01876,Councell,ORG_OR_COMMITTEE,candidate,V02-P0046,1868,1876,"After w™ time Widdowe Smalley repairinge to some number of the
Councell assembled together (of w™ number was the Lord Cauen-
dish, m’ Gibbs, m’ Wrote the two Deputies and others) shee renued
vnto them her complaint against Captaine Argall for w™ beinge
reproued, (havinge before vnder hand and Seale retracted the same)
shee answeared that shee was forced therevnto by Capt: Argall who had
caused that writinge to be made at the Do™ Comons and refused to

"
,,V02-P0051-M01551-01559,Counsell,ORG_OR_COMMITTEE,candidate,V02-P0051,1551,1559,"[30]

After w 8’ Edwin Sandys appealed to the iudgement of the Court
whither these charges against Captaine Argall had their originall from
him or from other who are nowe reputed to be his best freinde: True
it twas that one thinge fell out in his yeare, namely the sendinge out
of Captaine Argalls Shippe both victualled and manned from the
Colony a rovinge to the West Indies whereof complainte beinge made
from the Gouernor and Counsell in Virginia as of an Act that might
worke their vtter ruine and extirpacon, he could do no lesse then
giue notice thereof according to his oath to the Lords of his Ma priuy
Counsell wherein he did nothing otherwise then by the direcéon of
the Counsell and Companie and with as much moderaéon as the cause
could possiblie beare.

"
,,V02-P0051-M01733-01741,Counsell,ORG_OR_COMMITTEE,candidate,V02-P0051,1733,1741,"[30]

After w 8’ Edwin Sandys appealed to the iudgement of the Court
whither these charges against Captaine Argall had their originall from
him or from other who are nowe reputed to be his best freinde: True
it twas that one thinge fell out in his yeare, namely the sendinge out
of Captaine Argalls Shippe both victualled and manned from the
Colony a rovinge to the West Indies whereof complainte beinge made
from the Gouernor and Counsell in Virginia as of an Act that might
worke their vtter ruine and extirpacon, he could do no lesse then
giue notice thereof according to his oath to the Lords of his Ma priuy
Counsell wherein he did nothing otherwise then by the direcéon of
the Counsell and Companie and with as much moderaéon as the cause
could possiblie beare.

"
,,V02-P0051-M01803-01811,Counsell,ORG_OR_COMMITTEE,candidate,V02-P0051,1803,1811,"[30]

After w 8’ Edwin Sandys appealed to the iudgement of the Court
whither these charges against Captaine Argall had their originall from
him or from other who are nowe reputed to be his best freinde: True
it twas that one thinge fell out in his yeare, namely the sendinge out
of Captaine Argalls Shippe both victualled and manned from the
Colony a rovinge to the West Indies whereof complainte beinge made
from the Gouernor and Counsell in Virginia as of an Act that might
worke their vtter ruine and extirpacon, he could do no lesse then
giue notice thereof according to his oath to the Lords of his Ma priuy
Counsell wherein he did nothing otherwise then by the direcéon of
the Counsell and Companie and with as much moderaéon as the cause
could possiblie beare.

"
,,V02-P0052-M01551-01559,Counsell,ORG_OR_COMMITTEE,candidate,V02-P0052,1551,1559,"[30]

After w 8’ Edwin Sandys appealed to the iudgement of the Court
whither these charges against Captaine Argall had their originall from
him or from other who are nowe reputed to be his best freinde: True
it twas that one thinge fell out in his yeare, namely the sendinge out
of Captaine Argalls Shippe both victualled and manned from the
Colony a rovinge to the West Indies whereof complainte beinge made
from the Gouernor and Counsell in Virginia as of an Act that might
worke their vtter ruine and extirpacon, he could do no lesse then
giue notice thereof according to his oath to the Lords of his Ma priuy
Counsell wherein he did nothing otherwise then by the direcéon of
the Counsell and Companie and with as much moderaéon as the cause
could possiblie beare.

"
,,V02-P0052-M01733-01741,Counsell,ORG_OR_COMMITTEE,candidate,V02-P0052,1733,1741,"[30]

After w 8’ Edwin Sandys appealed to the iudgement of the Court
whither these charges against Captaine Argall had their originall from
him or from other who are nowe reputed to be his best freinde: True
it twas that one thinge fell out in his yeare, namely the sendinge out
of Captaine Argalls Shippe both victualled and manned from the
Colony a rovinge to the West Indies whereof complainte beinge made
from the Gouernor and Counsell in Virginia as of an Act that might
worke their vtter ruine and extirpacon, he could do no lesse then
giue notice thereof according to his oath to the Lords of his Ma priuy
Counsell wherein he did nothing otherwise then by the direcéon of
the Counsell and Companie and with as much moderaéon as the cause
could possiblie beare.

"
,,V02-P0052-M01803-01811,Counsell,ORG_OR_COMMITTEE,candidate,V02-P0052,1803,1811,"[30]

After w 8’ Edwin Sandys appealed to the iudgement of the Court
whither these charges against Captaine Argall had their originall from
him or from other who are nowe reputed to be his best freinde: True
it twas that one thinge fell out in his yeare, namely the sendinge out
of Captaine Argalls Shippe both victualled and manned from the
Colony a rovinge to the West Indies whereof complainte beinge made
from the Gouernor and Counsell in Virginia as of an Act that might
worke their vtter ruine and extirpacon, he could do no lesse then
giue notice thereof according to his oath to the Lords of his Ma priuy
Counsell wherein he did nothing otherwise then by the direcéon of
the Counsell and Companie and with as much moderaéon as the cause
could possiblie beare.

"
,,V02-P0073-M00586-00594,Counsell,ORG_OR_COMMITTEE,candidate,V02-P0073,586,594,"And for that it was nowe further moued that he might be admitted of
the Counsell there, it was referred to."
,,V02-P0073-M00872-00880,Counsell,ORG_OR_COMMITTEE,candidate,V02-P0073,872,880,"Vpon moéon that the Vieginia Companie would please to make the
Right Hono” the Lo: Marquesse Hamilton free of this Companie
and of the Counsell in reguard of his Noble affeeéon to this Planta-
éon; The Court most gladly assented therevnto.

"
,,V02-P0073-M01235-01243,Counsell,ORG_OR_COMMITTEE,candidate,V02-P0073,1235,1243,"Vpon the like moéon in the behalfe of 8"" Edward Barkham the Lo:
Mayo’ of this Cittie and m‘ Henage ffinch Recorder, in reguard of
their well wishinge to this Plantaton and readines to doe the Com-
panie seruice this Court haue made them free |\and|| of the Counsell.

"
,,V02-P0077-M00591-00599,Counsell,ORG_OR_COMMITTEE,candidate,V02-P0077,591,599,"Hee further also signified that true it was that one thinge fell out in
his yeare of beinge Treasuror namely the sendinge out of Captaine
Argalls Shippe both victualled and manned from the Colony into the
West Indies whereof complaint beinge made from the Gouerno’ and
Counsell in Virginia as of an Act that might worke their vtter"
,,V02-P0077-M00767-00775,Counsell,ORG_OR_COMMITTEE,candidate,V02-P0077,767,775,"[47]
extirpacon, he could no lesse then giue notice thereof accordinge to
his oath to the Lords of his Ma‘ Priuy Counsell, wherein he did
nothinge otherwise then by the direcéon of the Gouerno’ and Counsell
and with as much moderaéon as the cause could possibly beare.

"
,,V02-P0077-M00852-00860,Counsell,ORG_OR_COMMITTEE,candidate,V02-P0077,852,860,"[47]
extirpacon, he could no lesse then giue notice thereof accordinge to
his oath to the Lords of his Ma‘ Priuy Counsell, wherein he did
nothinge otherwise then by the direcéon of the Gouerno’ and Counsell
and with as much moderaéon as the cause could possibly beare.

"
,,V02-P0082-M00354-00362,Counsell,ORG_OR_COMMITTEE,candidate,V02-P0082,354,362,"JULY 8, 1698 85

All exceptions beinge thus cleared the Propositions were againe read
all ouer, and the alteraéons also that had bin made therevpon w™
beinge donne, the Ea: of Southampton praid the Companie duely to
consider of them and not to spare in so waightie a buissines as this
was that so nearely concerned them all to giue their best aduise and
Counsell therein, it beinge free for any man to speake his minde
with it or against it as his owne hart or reason should perswade him.

"
,,V02-P0086-M00863-00871,Counsell,ORG_OR_COMMITTEE,candidate,V02-P0086,863,871,"There were also made free and of the Counsell

The Lo: Marquesse Hamilton.

"
,,V02-P0086-M01064-01072,Counsell,ORG_OR_COMMITTEE,candidate,V02-P0086,1064,1072,"Do’ Dui Deane of Paules

S Edward Conway knight one of his maiesties most Hono” Priuy
Counsell.

"
,,V02-P0093-M00123-00131,Counsell,ORG_OR_COMMITTEE,candidate,V02-P0093,123,131,"96 RECORDS OF THE VIRGINIA COMPANY

S' Edw: Sackuill beinge entreated by the former Court to acquaint
the Lorde of his Ma” Counsell with the Massacre of the English Col-
lony in Virginia by the Indians there and with the present necessity
of Armes and people to make a reparaéon, did nowe report that with
the first oppertunity he had accordingly informed their tps, and after
some questions passed about some pticulars he entreated their Ti”
mediaéon"
,,V02-P0093-M01982-01985,Nos,EDITORIAL_REFERENCE,candidate,V02-P0093,1982,1985,"ef-kendes till all buissi-
nesses were ordered.

} Letters and printed declarations on this subject, and the orders for arms for the Company are
mentioned in List of Records, Nos."
,,V02-P0099-M00389-00397,Counsell,ORG_OR_COMMITTEE,candidate,V02-P0099,389,397,"Wherevpon his Ma” Counsell for Virginia havinge taken it into their
consideraéon thought fitt for the better Accomplishment of his High-
nes pleasure in a buissines of so great consequence vnto the Planta-
tion that a speaciall letter be writt by the Companie to the Counsell
* ~— in pe."
,,V02-P0099-M00638-00646,Counsell,ORG_OR_COMMITTEE,candidate,V02-P0099,638,646,"Wherevpon his Ma” Counsell for Virginia havinge taken it into their
consideraéon thought fitt for the better Accomplishment of his High-
nes pleasure in a buissines of so great consequence vnto the Planta-
tion that a speaciall letter be writt by the Companie to the Counsell
* ~— in pe."
,,V02-P0099-M01165-01173,Councell,ORG_OR_COMMITTEE,candidate,V02-P0099,1165,1173,"""

M' Deputy further acquainted the Court that he had receaued a war-
rant signed by ¢he-said ||sundry|| Lords of his Ma* Priuy Councell
directed to the Treasuror and Deputy of this Companie requiringe
one Dan: ffrancke (a malefacto"" lately repreiued) be sent to Virginia
(from whence he may not returne into any his Ma Dominions w“out
speaciall license obtained vnder six of the Counsell€ hand¢) w™
ffrancke had contracted to serue in Virginia one Elianor Phillipps
that nowe goes ouer with him, in consideraGon whereof the said
Phillipps offers to paye for his passage if the Companie please to per-
mitt the said ffrancke to goe: Wherevpon the Court ordered he should
be sent to Virginia accordinge to the Lords order, and should be put
abourd the Southampton and cofiitted to the charge of m* lames
Chester Captaine of the said Shippe bound for Virginia, to deliuer
him in Virginia according to his Direcéons.

"
,,V02-P0101-M00107-00115,Counsell,ORG_OR_COMMITTEE,candidate,V02-P0101,107,115,"104 RECORDS OF THE VIRGINIA COMPANY

vnto them by the late death of frend¢€ there; And further whereas
the Counsell had by the Iames already sent their Letters of aduise
and direcéon to the Gouernor and Counsell of Virginia touchinge the
late Massacre and other important buissinesses: So as it had bin
taken into consideraéon and held verie fitt that the like addresse should
be nowe made by the Compa to second the former, whereof a draught
beinge made, he nowe presented in Court w™ beinge read and well
approued of, was ordered to be signed by the Deputy in the name of
the Companie and wittnessed by the Secrety.

"
,,V02-P0101-M00203-00211,Counsell,ORG_OR_COMMITTEE,candidate,V02-P0101,203,211,"104 RECORDS OF THE VIRGINIA COMPANY

vnto them by the late death of frend¢€ there; And further whereas
the Counsell had by the Iames already sent their Letters of aduise
and direcéon to the Gouernor and Counsell of Virginia touchinge the
late Massacre and other important buissinesses: So as it had bin
taken into consideraéon and held verie fitt that the like addresse should
be nowe made by the Compa to second the former, whereof a draught
beinge made, he nowe presented in Court w™ beinge read and well
approued of, was ordered to be signed by the Deputy in the name of
the Companie and wittnessed by the Secrety.

"
,,V02-P0101-M01081-01089,Counsell,ORG_OR_COMMITTEE,candidate,V02-P0101,1081,1089,"After this the petiéons were read and ordered as followeth (vizt)

M’ John ffarrar and his Partners complayninge by petiton against
Captaine ||William|| Tucker and one Henry Gats for not havinge
returned them any Account of those good¢ they committed to their
charge w™ cost them well neare 900"" navinge imployed them as their
ffactors and Agent@€ in the Shippe called the Elianor they therefore
praied this buissines might be so recofiended to the Gouernor and
Counsell of Virginia as they might haue Iustice donne them and all
lawfull furtherance giuen to those they had appointed their Atturnies
herein, Wherevpon the Court did very earnestly recomend this
petiéon to the Gouerno’ and Councell to take it especially into their
care that iustice and right may be donne without delaye vnto y° Peti-
éoners and that satisfacéon may be made them to the full in all their
lawfull and iust demaundé, for so both the matter it selfe required and
the merritte€ of the psons"
,,V02-P0101-M01307-01315,Councell,ORG_OR_COMMITTEE,candidate,V02-P0101,1307,1315,"After this the petiéons were read and ordered as followeth (vizt)

M’ John ffarrar and his Partners complayninge by petiton against
Captaine ||William|| Tucker and one Henry Gats for not havinge
returned them any Account of those good¢ they committed to their
charge w™ cost them well neare 900"" navinge imployed them as their
ffactors and Agent@€ in the Shippe called the Elianor they therefore
praied this buissines might be so recofiended to the Gouernor and
Counsell of Virginia as they might haue Iustice donne them and all
lawfull furtherance giuen to those they had appointed their Atturnies
herein, Wherevpon the Court did very earnestly recomend this
petiéon to the Gouerno’ and Councell to take it especially into their
care that iustice and right may be donne without delaye vnto y° Peti-
éoners and that satisfacéon may be made them to the full in all their
lawfull and iust demaundé, for so both the matter it selfe required and
the merritte€ of the psons"
,,V02-P0101-M02021-02029,Counsell,ORG_OR_COMMITTEE,candidate,V02-P0101,2021,2029,"M’ Edw: Bennett in his Petigon makinge two request€ vnto the Com-
panie the one that the cause in difference between him and Capt.
||Raph|| Hatter might be recomended to the Counsell of Virginia to
do him iustice, The other that his people might be returned to his
Plantaton at Warascoacke:"
,,V02-P0102-M00466-00474,Councell,ORG_OR_COMMITTEE,candidate,V02-P0102,466,474,"OCTOBER 7, 1622 105

Councell in Virginia should take extraordinary care of that buissines
that so farr as right and iustice will permitt his request may be satis-
fied and that a perfect and speedie Account be returned them of all
proceedings therein and that they do not onely giue leaue to the
repossessinge of Warasquoak, but further doe verie earnestly recofii-
end the settlinge of his affaires and buissines to the fauo' and fur-
therance of the Gouernor and Councell, and that what courtesie they
shall shewe him therein, the Companie will accept as donne to them-
selues in reguard m‘ Bennet (beside great seruices donne for the
aduancement of the Plantagon) is the largest Aduenturor that they
knowe of.

M’ W™ Caps an auncient Planter in Virginia in his petiéon made 3
request€ vnto the Companie: 1: That 8° W™ Newce might be required
to deliuer him the fiue men for whose transportaéon be paid him 30""
here in Towne 2: That S' Geo: Yeardley might restore vnto him the
Danske Chest and goodé he detaines from him, And lastly that he
might haue satisfacton for the land taken from him by 8S Geo:
Yeardley then Gouernor for that it laye in that part where the Com-
pany had appointed their land to be sett out (notwithstandinge he
saith he was possessed thereof before that allottment was made:)
"
,,V02-P0103-M00159-00167,Counsell,ORG_OR_COMMITTEE,candidate,V02-P0103,159,167,"It was ordered [63] that the Gouernor and Counsell of
Virginia should cause enquirie be made what Landé and goodes the
said Iohn Rolfe died seized of; and in case it be found the said Rolfe
made no Will, then to take such order for the Peti¢oners indempnity
and for the mayntenance of the said Children and his relict wife as
they shall finde his Estate will beare (his debt€ vnto the Companie
and others beinge first satisfied) and to returne vnto the Companie
l|here|| an Account of their proceedinge.

"
,,V02-P0103-M00860-00868,Counsell,ORG_OR_COMMITTEE,candidate,V02-P0103,860,868,"It
was ordered that the Gouernor and Counsell of Virginia should be
entreated to cause enquirie be made what estate in land¢ and goodes
the said Stringer died seized of and therein to shewe Iohn Tuke m’
of the Abigall (whome by their Letter of Atturney they haue author-
ised to receaue the said good¢ to their vse) all lawfull fauo’ and assist -
ance they may for helpinge the PetiG@oners to come to their right
(with due respect) they beinge not onely his Creditors but his heires
also.

"
,,V02-P0104-M00190-00198,Counsell,ORG_OR_COMMITTEE,candidate,V02-P0104,190,198,"It was ordered that the like
direcGon should be giuen to the Counsell there to cause enquirie be
made what good¢ he lefte and not onely to gine an Account but also
to returne the good¢ themselues or the proceed thereof (beinge sold to
the value) to the Treasuror and Companie here to the vse and benifitt
of the said Peticon’.

"
,,V02-P0104-M00791-00799,Counsell,ORG_OR_COMMITTEE,candidate,V02-P0104,791,799,"The Court ordered that
forsomuch as this Certificate was testified to be true by m' Wheatley
a Brother of this [64] Companie, it should be recomended to the
Counsell of Virginia to cause enquirie be made what goode¢ the said
Iosua Darey died seized of, and to giue order that they be sold to the
best value and to returne the proceed thereof to the Treasuror and
Company here for the vse and benifitt of the said lames Darey.

"
,,V02-P0104-M01341-01349,Counsell,ORG_OR_COMMITTEE,candidate,V02-P0104,1341,1349,"The Brothers and Sisters of Captaine Nath: Powell peticoninge for
order that their said Brothers estate might be enquired out and certi-
fied, and the Proceed thereof returned vnto the Companie here
for their vse and benifitt, It was ordered that it should be recom-
ended to the Counsell of Virginia to haue an espeaciall care of this
buissines, both because it is of great consequence, as also for that
Capt: Nath: Powell was a man of extraordinary merritt, and the
PetiGoners poore men, wherefore they desired that Iustice and right
may be donn them ||therein||, and that so speedily as the Petigoners
may receaue the benifitt thereof by the first returne of Shipps, and
not onely an Account, but also the good¢€ themselues or the proceed
of them beinge sold to the value be returned to the Treasuror and
Companie.

"
,,V02-P0104-M02203-02211,Counsell,ORG_OR_COMMITTEE,candidate,V02-P0104,2203,2211,"Iohn Stephens and Raph Baylie petiéoninge both to one effect vizt
that direcéon might be giuen to the Gouernor of Virginia to sett out
their Diuident of land where and when he should thinke fittest for
their safety and convenience; The Companie conceaued the Petiéon-
ers request to be so resonable as they are assured the Counsell of

"
,,V02-P0106-M01765-01773,Counsell,ORG_OR_COMMITTEE,candidate,V02-P0106,1765,1773,"OCTOBER 7, 1098 =... 109

M* Deputy acquainted the Court, that m’ Secretary Dauison had
requested him humblie to tender to the consideraéon of this Noble
Company the great losse that he had endured this last yeare by want
of 13 of of those 20 Tenant¢ that the Companie were pleased to
graunt and promise to him: Wherevpon he humblie besought them,
that they would bestowe vpon him at present in recompence or sat-
isfacton of that damage the Sumie of 50"" w™ he would procure to be
lent the Companie vnder their Seale at a yeares daye of payment, M'
Deputy added that he would not haue dared in this time of the Com-
panies extreame pouerty to propound a matter of so great charge vnto
them, but that he did for his part conceaue, that in trueth the doeinge
of this, should be a matter rather of payment of debt then pointe of
liberality, and besid¢ that m’ Secretary Dauison himselfe had found
the meanes for procuringe the money, and that after such a manner,
as he for his part, should be verie glad, if all the Companies Debte
might be so discharged, but against this it was obiected, that M' Sec-
retary had receaued ffees in Virginia in recompence of his want of
men, and further that he had not performed his seruice aboue halfe
the time; And lastly that howsoeuer, the President would be verie
dangerous whereby other Officers that had suffered the like dafiages
would make the like demaunde: But for the first m’ Deputy and his
Brother m‘ John ffarrar affirmed, that m* Secré Dauison had solemly
protested to them diuers times (they havinge challenged him thereof
acecordinge to some Letters that did seeme to import so much) that he
had receaued no ffees at all or to no value at least, and that although
there was at first an intenéon by the Gouernor and Counsell to make
him satisfacéon after that manner; yet afterward consideringe with
himselfe, that perhappe it would be displeasinge to the Company here
beinge so precisely forbidden by them he did relinquish it, rather
puttinge himselfe vppon the Companies noblenes, And for the per-
formance of his place that m‘ Geo: Sandys had vndertaken it out of
his loue to him; and further that his cominge ouer [66] was in parte
for the better Informaéon of the Counsell, of the State of the Colony:
"
,,V02-P0109-M00804-00812,Counsell,ORG_OR_COMMITTEE,candidate,V02-P0109,804,812,"M’ Deputy further acquainted the Court that diuers of the Counsell
and Companie had of late obserued some efors and default in the
transportinge of persons and good¢, w™ if there were not some timely
remedy for preuention [68] would both breed much wronge to the
private Planters that goe ouer, and hereafter great trouble and vexaéon
to this Court:"
,,V02-P0111-M00848-00856,Counsell,ORG_OR_COMMITTEE,candidate,V02-P0111,848,856,"114 RECORDS OF THE VIRGINIA COMPANY

M’ Deputy signified vnto the Companie, it was not vnknowne vnto
them, that amongst the many worthie Guifte bestowed on the Plan-
taton there was the last yeare giuen, by a person refusinge as yet to
be named 40° p Afiu for euer (and therevpon an order established) for
a Sermon to be preached before the Virginia Companie euery Michas
Terme on Wedensday fortnight before the last Wedensday in the said
Terme, Hee therefore moued to knowe their pleasure whome they
would entreat to preach the said Sermon; Wherevpon some propos-
inge the Dean of Paules, the Court without naminge any other, did
verie much desire he might be entreated therevnto, hopinge he would
please vpon their generall request signified vnto him, to vnder ke the
paines and the rather for that he was a Brother of this Companie and
of their Counsell"
,,V02-P0112-M02169-02177,Counsell,ORG_OR_COMMITTEE,candidate,V02-P0112,2169,2177,"he
did to the Kings Picture, the resoluéon of y® Gouerno’ and Counsell
at the end of August to make Warre vpon Opachankano, with 500
men, hopinge by God¢ helpe this winter to cleare the Country of him
1 Plaintiffs.

"
,,V02-P0114-M00850-00858,Counsell,ORG_OR_COMMITTEE,candidate,V02-P0114,850,858,"m” Mellinge.§

The Committees conceave that for the better ease and expediton both of the
Companie & petitoners there should be a sett Comittee out of the Counsell
and Companie of men both of ability and Diligence who should euery Court
Daye at one a Clocke meete to receaue petitons.

"
,,V02-P0114-M01365-01373,Counsell,ORG_OR_COMMITTEE,candidate,V02-P0114,1365,1373,"This Committee should consider of the seuerall kind€ of petitons and bringe
them vnder certaine head¢ for the sooner and surer dispatchinge of them by
propoundinge and passinge thing€ of the same nature orderly together, they
should haue a care that all petitons be presented with a right stile, and that if
any concerne thing€ not fitt for publique readinge they be reserued for the
Counsell."
,,V02-P0120-M01808-01816,Counsell,ORG_OR_COMMITTEE,candidate,V02-P0120,1808,1816,"S‘ Iohn Dauers and some others beinge requested by the former Court
to entreat the Deane of Paules to preach the Sermon before the Com-
panie on Wedensday the i3” of Nouemb: did nowe make report that
the Deanes Answeare was verie fauourable and respectiue of the
Companie, and that hauinge acknowledged with many thanks that
courtesie they had donn him, by choosinge him to be of their Counsell,
hee seemed glad they had occasion to vse him in that kinde wherein
he was able to do them"
,,V02-P0136-M02318-02326,Counsell,ORG_OR_COMMITTEE,candidate,V02-P0136,2318,2326,"M’ Deputy acquainted the Court with a Noble Guift of the Lo: S* John
of Basinge (vizt) 60 Cote of Male w® for the defence of the Country
at the moéon of 8’ Iohn Dauers in the name of the Companie he sent
vp in August last and were sent in the Abigaile: The Court so kindly
accepted both of the Guift, and the manner, as they thought fitt, that
in their name verie harty thanke should be presented vnto his Hono’,
and vnderstandinge of the singular affecéon, w™ his lp: by his Letter
proffessed vnto the Plantation, they thought fitt to choose him of the
Counsell, and to bestowe on his lp: 10 Shares of land old Aduenture

"
,,V02-P0137-M00423-00431,Counsell,ORG_OR_COMMITTEE,candidate,V02-P0137,423,431,"his auncient Aduenture, had
for a whole yeare frequented the Court€ and with his Counsell and
other meanes bin assistant in all the Companies buissinesses duringe
that time: The Court thought fitt to choose them of their Counsell
w™ by erecéon of hand¢ was confirmed.

"
,,V02-P0137-M00563-00571,Counsell,ORG_OR_COMMITTEE,candidate,V02-P0137,563,571,"his auncient Aduenture, had
for a whole yeare frequented the Court€ and with his Counsell and
other meanes bin assistant in all the Companies buissinesses duringe
that time: The Court thought fitt to choose them of their Counsell
w™ by erecéon of hand¢ was confirmed.

"
,,V02-P0137-M01586-01594,Counsell,ORG_OR_COMMITTEE,candidate,V02-P0137,1586,1594,"M’ Deputy ||further|| acquainted the Company that m* George Ruggle
lately fellowe of Clare hall in Cambridge beinge a Brother of the
Company and newly deceased (w™ he said he could not without great
greife menéon) had by his will bequeathed 100"" for the educaéon of
Infidell¢ Children w™ he had caused to be put *pp into the Table:
w™ the Court well approued of; but seemed (at least the most part)
to be vtterly ignorant of the person or qualities of the man: Where-
vpon desiringe to be informed of both; m* Deputy told them that he
was a man [8%] second to none in knowledge of all manner of
humanity, learninge, and was so generally reputed in the Vniuersity
of singuler honestie and integritie of life, sincere and zealous in
Religion, and of verie great wisdome and vnderstandinge: All w™
good part¢ he had for these last three yeares, wholly almost.spent and
exercised in Virginia buissinesses, hauinge (besid€ continually assist -
inge his Brothers and himselfe with Counsell and all manner of helpe
in their places) written sundrie treatises, for the benifitt of the Plan-
tation and in pticuler that worke so highly coffiended by 8' Edwin
Sandys, concerninge the Gouerm’ of Virginia but such was his mod -
estie that he would by no meanes suffer it to be knowne duringe his
life: But nowe beinge dead, m* Deputy said he could not with a good
conscience, depriue him of that Hono’ w™ he so duely deserued.

"
,,V02-P0139-M00899-00907,Counsell,ORG_OR_COMMITTEE,candidate,V02-P0139,899,907,"The Proposiéons beinge read m‘* Deputy said that the difference of
them nowe sent from these formerly propounded by the Companie
was the cause that had solonge kept their tps in Counsell, and for the
differences (after an exact pervsall,) they found them to be these
(vizt:) that the 9* Article was left out, and two newe ones added w™
in these newe Propositions were the eight and Tenth Article, whereof
the first giuinge a Third yeare for the bringinge in of the 80000 w* of
Spanish Tobacco, in case it could not be conveniently donne in the
two first was by their tips and all the Counsell conceaued to be a
matter of advantage and benifitt, but the ||two]|| other were the thinge
that they were nowe to take into their consideraéon: ffor the first w™
was the 9"" Article left out, concerninge the settinge of a rate and
price vpon the Tobacco aswell for the Companie as the Retaylors, S*
Edwin Sandys said that the Lo: Treasuror did therefore leaue it out,
because he-thevekt- ||it is thought|| needles at least the first part for
settinge a price vponn the Companies Tobacco it beinge in their power
to do what they would therein"
,,V02-P0139-M01305-01313,Counsell,ORG_OR_COMMITTEE,candidate,V02-P0139,1305,1313,"The Proposiéons beinge read m‘* Deputy said that the difference of
them nowe sent from these formerly propounded by the Companie
was the cause that had solonge kept their tps in Counsell, and for the
differences (after an exact pervsall,) they found them to be these
(vizt:) that the 9* Article was left out, and two newe ones added w™
in these newe Propositions were the eight and Tenth Article, whereof
the first giuinge a Third yeare for the bringinge in of the 80000 w* of
Spanish Tobacco, in case it could not be conveniently donne in the
two first was by their tips and all the Counsell conceaued to be a
matter of advantage and benifitt, but the ||two]|| other were the thinge
that they were nowe to take into their consideraéon: ffor the first w™
was the 9"" Article left out, concerninge the settinge of a rate and
price vpon the Tobacco aswell for the Companie as the Retaylors, S*
Edwin Sandys said that the Lo: Treasuror did therefore leaue it out,
because he-thevekt- ||it is thought|| needles at least the first part for
settinge a price vponn the Companies Tobacco it beinge in their power
to do what they would therein"
,,V02-P0143-M01398-01406,Counsell,ORG_OR_COMMITTEE,candidate,V02-P0143,1398,1406,"And it is desired that an indifferent Couenant be drawne vp by his
Ma” learned Counsell and the Counsell for Virginia and the Sumer
llands, that in case an extraordinary charge shall haue bin laid
vpon the said Varinaes Tobacco by the State of Spayne since the
feast of St Michaell the Archangel] last past (beinge the time simee
§whence§ this Contract is to haue begininge) or hereafter shalbe laid
duringe the time of three yeares from thence next ensuinge more then

"
,,V02-P0143-M01415-01423,Counsell,ORG_OR_COMMITTEE,candidate,V02-P0143,1415,1423,"And it is desired that an indifferent Couenant be drawne vp by his
Ma” learned Counsell and the Counsell for Virginia and the Sumer
llands, that in case an extraordinary charge shall haue bin laid
vpon the said Varinaes Tobacco by the State of Spayne since the
feast of St Michaell the Archangel] last past (beinge the time simee
§whence§ this Contract is to haue begininge) or hereafter shalbe laid
duringe the time of three yeares from thence next ensuinge more then

"
,,V02-P0145-M00573-00581,Counsell,ORG_OR_COMMITTEE,candidate,V02-P0145,573,581,"After, efBar w™ his
Ip: said, that since nowe they were in such liklyhood to conelude
the bargaine, himselfe and the rest of the Lord¢ together with the
Counsell and Comittee w™ had mett vpon Tuesday before the Quarter
Court, thought it most requisite to nominate some of the principall
Officers who were to haue the orderinge and managing of this buissi-
nes: w™ beinge well chosen both for sufficiency and integrity, would
giue much encouragement and content to both the Companies and
Collonies and all others that had interest in this buissines, Herevpon
the Lord Cauendish acquainted the Court that the Committee thought
that there was to be one chiefe man to gouerne and direct all, and that
next vnder him, there should be a Deputy and then a Treasurer and
next them 8: Cofhittees at the least besid¢ the Officers as for the places
of Deputy and Treasuror although they were two distinct places and
Offices, yet because they were afraide this yeare not to be able to
raise such a sufficiencie of meanes as might be a iust reward to two
such psons as were requisite for the pformance of those seuerall places
they thought it best to vnite them for this yeare and that the Treas-
uror beside the charge of that office should likewise be the Deputy to
the Directo"", w™ ||course|| the Court seemed well to like of and there-
vpon nominated S* Edwin Sandys for Directo’, who very earnestly
besought them to spare him, beinge vnexperienced in matter of mar-
chandizinge and tradinge, of both w™ that Officer would require exact
knowledge, besid€ he could not continually reside in Towne havinge
a great family in the Country, and began nowe as he grewe old to waxe
weake, and therefore purposed rather to withdrawe himselfe from
buissinesses of the world then to engage himselfe further, But the
Court not satisfied with his reasons earnestly pressed him (and in per-
ticuler the Ea: of Southampton and the other Lord) not to refuse
the place wherein he might do soe singuler seruice vnto the Planta-
éon, the whole welfare of which did almost depend vpon the good

"
,,V02-P0145-M01169-01178,Treasurer,TITLE_OR_ROLE,candidate,V02-P0145,1169,1178,"After, efBar w™ his
Ip: said, that since nowe they were in such liklyhood to conelude
the bargaine, himselfe and the rest of the Lord¢ together with the
Counsell and Comittee w™ had mett vpon Tuesday before the Quarter
Court, thought it most requisite to nominate some of the principall
Officers who were to haue the orderinge and managing of this buissi-
nes: w™ beinge well chosen both for sufficiency and integrity, would
giue much encouragement and content to both the Companies and
Collonies and all others that had interest in this buissines, Herevpon
the Lord Cauendish acquainted the Court that the Committee thought
that there was to be one chiefe man to gouerne and direct all, and that
next vnder him, there should be a Deputy and then a Treasurer and
next them 8: Cofhittees at the least besid¢ the Officers as for the places
of Deputy and Treasuror although they were two distinct places and
Offices, yet because they were afraide this yeare not to be able to
raise such a sufficiencie of meanes as might be a iust reward to two
such psons as were requisite for the pformance of those seuerall places
they thought it best to vnite them for this yeare and that the Treas-
uror beside the charge of that office should likewise be the Deputy to
the Directo"", w™ ||course|| the Court seemed well to like of and there-
vpon nominated S* Edwin Sandys for Directo’, who very earnestly
besought them to spare him, beinge vnexperienced in matter of mar-
chandizinge and tradinge, of both w™ that Officer would require exact
knowledge, besid€ he could not continually reside in Towne havinge
a great family in the Country, and began nowe as he grewe old to waxe
weake, and therefore purposed rather to withdrawe himselfe from
buissinesses of the world then to engage himselfe further, But the
Court not satisfied with his reasons earnestly pressed him (and in per-
ticuler the Ea: of Southampton and the other Lord) not to refuse
the place wherein he might do soe singuler seruice vnto the Planta-
éon, the whole welfare of which did almost depend vpon the good

"
,,V02-P0147-M00423-00431,Counsell,ORG_OR_COMMITTEE,candidate,V02-P0147,423,431,"his auncient Aduenture, had
for a whole yeare frequented the Court€ and with his Counsell and
other meanes bin assistant in all the Companies buissinesses duringe
that time: The Court thought fitt to choose them of their Counsell
w™ by erecéon of hand¢ was confirmed.

"
,,V02-P0147-M00563-00571,Counsell,ORG_OR_COMMITTEE,candidate,V02-P0147,563,571,"his auncient Aduenture, had
for a whole yeare frequented the Court€ and with his Counsell and
other meanes bin assistant in all the Companies buissinesses duringe
that time: The Court thought fitt to choose them of their Counsell
w™ by erecéon of hand¢ was confirmed.

"
,,V02-P0147-M01586-01594,Counsell,ORG_OR_COMMITTEE,candidate,V02-P0147,1586,1594,"[8%] second to none in knowledge of all manner of
humanity, learninge, and was so generally reputed in the Vniuersity
of singuler honestie and integritie of life, sincere and zealous in
Religion, and of verie great wisdome and vnderstandinge: All w™
good part¢ he had for these last three yeares, wholly almost.spent and
exercised in Virginia buissinesses, hauinge (besid€ continually assist -
inge his Brothers and himselfe with Counsell and all manner of helpe
in their places) written sundrie treatises, for the benifitt of the Plan-
tation and in pticuler that worke so highly coffiended by S8' Edwin
Sandys, concerninge the Gouerm' of Virginia but such was his mod -
estie that he would by no meanes suffer it to be knowne duringe his
life: But nowe beinge dead, m* Deputy said he could not with a good
conscience, depriue him of that Hono’ w™ he so duely deserued.

"
,,V02-P0149-M00898-00906,Counsell,ORG_OR_COMMITTEE,candidate,V02-P0149,898,906,"The Proposiéons beinge read m‘* Deputy said that the difference of
them nowe sent from these formerly propounded by the Companie
was the cause that had solonge kept their tps in Counsell, and for the
differences (after an exact pervsall,) they found them to be these
(vizt:) that the 9 Article was left out, and two newe ones added w™
in these newe Propositions were the eight and Tenth Article, whereof
the first giuinge a Third yeare for the bringinge in of the 80000 w* of
Spanish Tobacco, in case it could not be conveniently donne in the
two first was by their ttps and all the Counsell conceaued to be a
matter of advantage and benifitt, but the ||two|| other were the thinge
that they were nowe to take into their consideraéon: ffor the first w™
was the 9"" Article left out, concerninge the settinge of a rate and
price vpon the Tobacco aswell for the Companie as the Retaylors, S*
Edwin Sandys said that the Lo: Treasuror did therefore leaue it out,
because he-thevekt+ ||it is thought|| needles at least the first part for
settinge a price vponn the Companies Tobacco it beinge in their power
to do what they would therein"
,,V02-P0149-M01303-01311,Counsell,ORG_OR_COMMITTEE,candidate,V02-P0149,1303,1311,"The Proposiéons beinge read m‘* Deputy said that the difference of
them nowe sent from these formerly propounded by the Companie
was the cause that had solonge kept their tps in Counsell, and for the
differences (after an exact pervsall,) they found them to be these
(vizt:) that the 9 Article was left out, and two newe ones added w™
in these newe Propositions were the eight and Tenth Article, whereof
the first giuinge a Third yeare for the bringinge in of the 80000 w* of
Spanish Tobacco, in case it could not be conveniently donne in the
two first was by their ttps and all the Counsell conceaued to be a
matter of advantage and benifitt, but the ||two|| other were the thinge
that they were nowe to take into their consideraéon: ffor the first w™
was the 9"" Article left out, concerninge the settinge of a rate and
price vpon the Tobacco aswell for the Companie as the Retaylors, S*
Edwin Sandys said that the Lo: Treasuror did therefore leaue it out,
because he-thevekt+ ||it is thought|| needles at least the first part for
settinge a price vponn the Companies Tobacco it beinge in their power
to do what they would therein"
,,V02-P0153-M01400-01408,Counsell,ORG_OR_COMMITTEE,candidate,V02-P0153,1400,1408,"And it is desired that an indifferent Couenant be drawne vp by his
Ma” learned Counsell and the Counsell for Virginia and the Sumer
llands, that in case an extraordinary charge shall haue bin laid
vpon the said Varinaes Tobacco by the State of Spayne since the
feast of St Michaell the Archangel] last past (beinge the time simee
§whence§ this Contract is to haue begininge) or hereafter shalbe laid
duringe the time of three yeares from thence next ensuinge more then

"
,,V02-P0153-M01417-01425,Counsell,ORG_OR_COMMITTEE,candidate,V02-P0153,1417,1425,"And it is desired that an indifferent Couenant be drawne vp by his
Ma” learned Counsell and the Counsell for Virginia and the Sumer
llands, that in case an extraordinary charge shall haue bin laid
vpon the said Varinaes Tobacco by the State of Spayne since the
feast of St Michaell the Archangel] last past (beinge the time simee
§whence§ this Contract is to haue begininge) or hereafter shalbe laid
duringe the time of three yeares from thence next ensuinge more then

"
,,V02-P0155-M00574-00582,Counsell,ORG_OR_COMMITTEE,candidate,V02-P0155,574,582,"After, efBar w™ his
Ip: said, that since nowe they were in such liklyhood to conclude
the bargaine, himselfe and the rest of the Lord¢ together with the
Counsell and Comittee w™ had mett vpon Tuesday before the Quarter
Court, thought it most requisite to nominate some of the principall
Officers who were to haue the orderinge and managing of this buissi-
nes: w™ beinge well chosen both for sufficiency and integrity, would
giue much encouragement and content to both the Companies and
Collonies and all others that had interest in this buissines, Herevpon
the Lord Cauendish acquainted the Court that the Coffittee thought
that there was to be one chiefe man to gouerne and direct all, and that
next vnder him, there should be a Deputy and then a Treasurer and
next them 8: Cofittees at the least besid¢ the Officers as for the places
of Deputy and Treasuror although they were two distinct places and
Offices, yet because they were afraide this yeare not to be able to
raise such a sufficiencie of meanes as might be a iust reward to two
such psons as were requisite for the pformance of those seuerall places
they thought it best to vnite them for this yeare and that the Treas-
uror beside the charge of that office should likewise be the Deputy to
the Directo"", w™ ||course|| the Court seemed well to like of and there-
vpon nominated S* Edwin Sandys for Directo’, who very earnestly
besought them to spare him, beinge vnexperienced in matter of mar-
chandizinge and tradinge, of both w™ that Officer would require exact
knowledge, besid€ he could not continually reside in Towne havinge
a great family in the Country, and began nowe as he grewe old to waxe
weake, and therefore purposed rather to withdrawe himselfe from
buissinesses of the world then to engage himselfe further, But the
Court not satisfied with his reasons earnestly pressed him (and in per-
ticuler the Ea: of Southampton and the other Lord) not to refuse
the place wherein he might do soe singuler seruice vnto the Planta-
éon, the whole welfare of which did almost depend vpon the good

"
,,V02-P0155-M01170-01179,Treasurer,TITLE_OR_ROLE,candidate,V02-P0155,1170,1179,"After, efBar w™ his
Ip: said, that since nowe they were in such liklyhood to conclude
the bargaine, himselfe and the rest of the Lord¢ together with the
Counsell and Comittee w™ had mett vpon Tuesday before the Quarter
Court, thought it most requisite to nominate some of the principall
Officers who were to haue the orderinge and managing of this buissi-
nes: w™ beinge well chosen both for sufficiency and integrity, would
giue much encouragement and content to both the Companies and
Collonies and all others that had interest in this buissines, Herevpon
the Lord Cauendish acquainted the Court that the Coffittee thought
that there was to be one chiefe man to gouerne and direct all, and that
next vnder him, there should be a Deputy and then a Treasurer and
next them 8: Cofittees at the least besid¢ the Officers as for the places
of Deputy and Treasuror although they were two distinct places and
Offices, yet because they were afraide this yeare not to be able to
raise such a sufficiencie of meanes as might be a iust reward to two
such psons as were requisite for the pformance of those seuerall places
they thought it best to vnite them for this yeare and that the Treas-
uror beside the charge of that office should likewise be the Deputy to
the Directo"", w™ ||course|| the Court seemed well to like of and there-
vpon nominated S* Edwin Sandys for Directo’, who very earnestly
besought them to spare him, beinge vnexperienced in matter of mar-
chandizinge and tradinge, of both w™ that Officer would require exact
knowledge, besid€ he could not continually reside in Towne havinge
a great family in the Country, and began nowe as he grewe old to waxe
weake, and therefore purposed rather to withdrawe himselfe from
buissinesses of the world then to engage himselfe further, But the
Court not satisfied with his reasons earnestly pressed him (and in per-
ticuler the Ea: of Southampton and the other Lord) not to refuse
the place wherein he might do soe singuler seruice vnto the Planta-
éon, the whole welfare of which did almost depend vpon the good

"
,,V02-P0159-M02017-02025,Counsell,ORG_OR_COMMITTEE,candidate,V02-P0159,2017,2025,"This beinge denne ||passed|| the Ea: of Southampton said that since
they had nowe concluded the Contract they were to take order for the
good execuGon and performance thereof by the choise of able and
faithfull Officers to manage the buissines with Salaries proporéonable
in some measure for their paines ||and|| by setlinge the whole buissines
in a good course and frame, espeacially the bringinge in of the Span-
ish Tobacco a pointe of great importance, and w™ might not be delayed,
nor could be concluded vpon, except on this daye w™ was the Quarter
Court for the Sumer Iland¢ and had also the power of the Quarter
Court for Virginia, Concerninge these thingg, his lp: said, that himselfe
together with the Lord¢ then present, and the Counsell beinge assisted
by the Comittee had spent all Tuseday both forenoone and afternoone
in consultaéon and consideraéon of these point¢ and their iudgment¢
and opinions herein"
,,V02-P0160-M00138-00146,Counsell,ORG_OR_COMMITTEE,candidate,V02-P0160,138,146,"NOVEMBER 27, 1692 - } 149

ions either for the approbaéon or otherwise of what he should nowe
propound vnto them, w™ he said himselfe the Counsell and Comittees
had taken into their consideraGons not with intent to conclude any-
thinge nor to preiudice the Court¢, but |lonly|| the better to prepare
the buissinesses for them esteeminge themselues as his lp: said as
Servante of the Court.

"
,,V02-P0161-M00997-01005,Councell,ORG_OR_COMMITTEE,candidate,V02-P0161,997,1005,"These his lp: said were the Offices w™ the Councell and Comittees
thought necessary for the pforminge and executinge of this buissines
and of whome they conceaued it necessarie to make a choise at this
Court, desiringe the Court€ iudgement and opinion therein and withall
acquaint them, that although the places of Deputy and Treasuror were
two distinct Offices in themselues and would require therefore two
persons, yet after a serious consideraéon thereabout (desirous to hus-
band the expences to the best this yeare) they conceaued it best,
(accordinge to the resoluéon of the Preparatiue Court) to ioyne them
both in one.

"
,,V02-P0162-M01501-01509,Counsell,ORG_OR_COMMITTEE,candidate,V02-P0162,1501,1509,"[97] w™ his Ip: said in their opinions was to be raised vpon the
Tobacco And further conceaued it fitt there should be 500"" more
for |lall|| other extraordinary occasion w™ might arise, w™ if it were
not by consent and order of the Court€ expended for the advantage
and improuement of the price of Tobacco should be repaid againe to
euery man proporconably :

His Ip: said likewise that in raisinge of the charge it was conceaued
fitt by the Counsell and Comiittees and agreed vnto by diuers (who

1 The copyist first wrote 400, but struck out the 4 and altered the first cypher to an 8.

"
,,V02-P0163-M00759-00767,Counsell,ORG_OR_COMMITTEE,candidate,V02-P0163,759,767,"So that howsoeuer this Some might seeme great of
2500"" w** was to be gathered, yet consideringe that 500"" was not to be
expended, except for the aduantage of the Companie and ef that of
the 2,000"" remayning his Ma“° beare one Third, and the Spanish
Tobacco a proporéon double to the rest, they conceaued it to be noe
great burden: but such as in the aduancement of the price, by their
care and paines would be manifoldly repaid, As for the paines care
and charge of the Officers himself and all the rest of the Counsell
conceaued it would be farr aboue their Salaries and reward¢.

The Ea: of Southampton hauinge thus deliuered the matter, there
was a generall silence in the Court:"
,,V02-P0166-M00037-00045,Counsell,ORG_OR_COMMITTEE,candidate,V02-P0166,37,45,"NOVEMBER 27, 1622 155

fied that the Counsell and former Comittee at their last consultaéons
held it likewise fitt there should be an addiéon of eight or ten more
without Salaries as Cofiittees extraordinary to be chosen out of the
Counsell, Notwithstandinge it was prepessded ||prouided|| and ordered
that the Directo’ and the rest of y® Comiittees both ordinary and extra-
ordinary shall not haue any concludinge power in any matter of waight
touchinge this buissines without the opinion and assent of the two
Companies in their seuerall Court€ who are to be made acquainted
from time to time with their proceeding€: Wherevpon for Committees
||extraordinary|| the Court nominated the right hono™

Lo: Padgett."
,,V02-P0166-M00232-00240,Counsell,ORG_OR_COMMITTEE,candidate,V02-P0166,232,240,"NOVEMBER 27, 1622 155

fied that the Counsell and former Comittee at their last consultaéons
held it likewise fitt there should be an addiéon of eight or ten more
without Salaries as Cofiittees extraordinary to be chosen out of the
Counsell, Notwithstandinge it was prepessded ||prouided|| and ordered
that the Directo’ and the rest of y® Comiittees both ordinary and extra-
ordinary shall not haue any concludinge power in any matter of waight
touchinge this buissines without the opinion and assent of the two
Companies in their seuerall Court€ who are to be made acquainted
from time to time with their proceeding€: Wherevpon for Committees
||extraordinary|| the Court nominated the right hono™

Lo: Padgett."
,,V02-P0167-M00680-00688,Counsell,ORG_OR_COMMITTEE,candidate,V02-P0167,680,688,"The Rolle:

156 RECORDS OF THE VIRGINIA COMPANY

After this m’ Deputy acquainted the Company ||Court|| that the Coun-
sell and Comittee hauinge treated and debated largely concerninge the
bringinge in of the Spanish Tobacco, and findinge some willinge to be
Aduenturers for the bringinge in of 40000 waight, thought good findinge
no possibility to haue the whole vndertaken, at present to make offer and
to giue liberty to such as would vnderwrite for the bringinge in of that
quantitie vpon such condiéons as partly the Court€ had ordered and
the Comittee appointed by the Virginia Companie in their Preepara-
tiue Court for that purpose, had likewise thought fitt, And that the
Counsell and Comittee hauinge appointed seme him to drawe vp a
Roll to that purpose he had accordingly donne it, w™ the Counsell had
before the sittinge of the Court read and approued and he nowe pre-
sented it vnto the Court to receaue their approbaéon or amendment,
w beinge donne and the Court fully informed of the perticular pointe
therein, it was put to the question and by erecéon of hand¢ ratified
and confirmed the Teno’ whereof followeth (vizt) .

"
,,V02-P0167-M00800-00808,Counsell,ORG_OR_COMMITTEE,candidate,V02-P0167,800,808,"The Rolle:

156 RECORDS OF THE VIRGINIA COMPANY

After this m’ Deputy acquainted the Company ||Court|| that the Coun-
sell and Comittee hauinge treated and debated largely concerninge the
bringinge in of the Spanish Tobacco, and findinge some willinge to be
Aduenturers for the bringinge in of 40000 waight, thought good findinge
no possibility to haue the whole vndertaken, at present to make offer and
to giue liberty to such as would vnderwrite for the bringinge in of that
quantitie vpon such condiéons as partly the Court€ had ordered and
the Comittee appointed by the Virginia Companie in their Preepara-
tiue Court for that purpose, had likewise thought fitt, And that the
Counsell and Comittee hauinge appointed seme him to drawe vp a
Roll to that purpose he had accordingly donne it, w™ the Counsell had
before the sittinge of the Court read and approued and he nowe pre-
sented it vnto the Court to receaue their approbaéon or amendment,
w beinge donne and the Court fully informed of the perticular pointe
therein, it was put to the question and by erecéon of hand¢ ratified
and confirmed the Teno’ whereof followeth (vizt) .

"
,,V02-P0171-M01347-01355,Counsell,ORG_OR_COMMITTEE,candidate,V02-P0171,1347,1355,"This buissines beinge dispatched the Lo: Cauendish Gouernor pro-
posed the accomplishinge of the great worke of the daye w™ was the
concludinge of the Contract with his Ma“ and the performinge those
other thing€ w™ were necessarie for the accomplishment & execuéon
thereof, as namely the choise of Officers, their Salaries and other
thing€ pertinent thereto, But because the thinge did equally con-
cerne the Virginia Companie with the Sumer Dands, and that all of
the Suffer [lands Companie, were of the Virginia Companie, but not
on the contrary: It was therefore thought fitt and convenient that
accordinge to the power and authoritie giuen by the Quarter Court for
Virginia the Wedensday before all those point€ should be first pro-
pounded Debated and passed in a Virginia Court and afterward in the
Sumer Iland¢ Court by w™ course both the buissines might be more
exactly determined of, in reguard that from the greater number there
was like to be the better Counsell giuen and likewise a labo"" spared
for if they should begin with it in the Sumer"
,,V02-P0175-M01649-01657,Counsell,ORG_OR_COMMITTEE,candidate,V02-P0175,1649,1657,"yet it was not a thinge
then sodainely thought vpon, but propounded by m* Deputy himselfe
to diuers of the Counsell fower or fiue dayes before, neither was it
passed that Court wherein it was propounded without mature delib-
eracon, and was againe read and approued by the Quarter Court ||for||
Virginia, and after that againe in the last Court w™ had the authority
of a Quarter Court ratified and approued Wherevpon m' Withers said
he sawe no reason that a thinge being clearely passed in a Court and
without any exception confirmed in two other Court¢ should either be
disputed or called in question."
,,V02-P0176-M00171-00179,Counsell,ORG_OR_COMMITTEE,candidate,V02-P0176,171,179,"DECEMBER 4, 1622 at 165

ffor the second point of m’ Wrotes former speach vizt vpon the Com-
panies bearinge a Tenth part in the Aduenture, S*' Edwin Sandys said
that the Counsell and Committees had taken that waightie pointe
into their serious consideraégon, and they were of opinion that it was
most necessary to engage the Companie in this Iointe Stocke for
bringinge home the Spanish Tobacco, for that thereby the Aduen-
turers should haue the Companies assistance and protecéon vpon all
occasions (as need should require)"
,,V02-P0176-M01724-01732,Counsell,ORG_OR_COMMITTEE,candidate,V02-P0176,1724,1732,"Notwithstandinge m* Wrote still persisted in his former opinion, that
this buissines was not fairely carried nor a due course taken for pre-
paringe of matters; but were hastily shuffled ouer, and that he could
not be pswaded but each Member of the Companie (vpon grant of the
Seale for Seeurytie) was bound to make this good, out of his owne
private estate, alledginge that he had likewise asked Counsell of Law-
yers whose iudgement was as he had deliuered."
,,V02-P0177-M00901-00909,Counsell,ORG_OR_COMMITTEE,candidate,V02-P0177,901,909,"[108]

But m* Withers made Aunsweare it was true some were troubled but
none of them had therefore paid any thinge, but were freed and cleared
thereof: And he added further that the newe Iointe Stocke it selfe was
exempted from those former debt¢: W™ m’ Alderman Iohnson said
was by perticuler agreement before the Stocke was beguii: Howso-
euer m‘* Withers said he was suer that the priuate Brothers of the
Companie were by order of the Counsell-Bourd acquitted and freed
from molestaéon.

"
,,V02-P0177-M01468-01476,Counsell,ORG_OR_COMMITTEE,candidate,V02-P0177,1468,1476,"Wherevpon he said the Counsell and Coiittees conceaued
that they had donn a verie espeaciall great Seruice to the Companie so
to continue and order the matter: That hauinge taken so great a bur-
then vpon them, they should be eased of almost all, and the care of
one onely Tenth part left vnto them:"
,,V02-P0178-M00380-00388,Counsell,ORG_OR_COMMITTEE,candidate,V02-P0178,380,388,"Vpon this disputaton the Lord Cauendish tooke occasion to informe
the Court howe fairely and orderly the Counsell and Cofiittee had
proceeded in this buissines: The Lord€ and the Counsell ||sittingell
both forenoone and afternoone the day before the Quarter Court beinge
attended also by the Comiittees the whole day, and that thinge were so
seriously and maturely debated as there growinge a difference of opin-
ion in one pointe amongst the Gemittee ||Counsell||, the Ea: of South-
ampton did perticulerly enquire the opinion of euery one and in the end
the resoluGon was made accordinge to the maior part of voices."
,,V02-P0178-M00454-00462,Counsell,ORG_OR_COMMITTEE,candidate,V02-P0178,454,462,"Vpon this disputaton the Lord Cauendish tooke occasion to informe
the Court howe fairely and orderly the Counsell and Cofiittee had
proceeded in this buissines: The Lord€ and the Counsell ||sittingell
both forenoone and afternoone the day before the Quarter Court beinge
attended also by the Comiittees the whole day, and that thinge were so
seriously and maturely debated as there growinge a difference of opin-
ion in one pointe amongst the Gemittee ||Counsell||, the Ea: of South-
ampton did perticulerly enquire the opinion of euery one and in the end
the resoluGon was made accordinge to the maior part of voices."
,,V02-P0178-M02155-02163,Counsell,ORG_OR_COMMITTEE,candidate,V02-P0178,2155,2163,"so: basely of him as to be so lead by any
man, for he protested it was his owne what he spake and not out of
any suggestion vnto him: And therevpon vrged againe that m* Dep-
uty would put his former Proposition to the question: w™ if he
refused he said the Counsell there ||plsent|| were to doe it.

"
,,V02-P0181-M01947-01955,Counsell,ORG_OR_COMMITTEE,candidate,V02-P0181,1947,1955,"the Court was diuided and Twenty of the Com-
panie went on one side, and one and Twenty on the other, All the
Lorde Knight€ and gentlemen beinge on the one side: And this Act
shewed plainely what men durst doe, Neither was the Gouerment
Tirannicall nor the Companie so silly and simple men as m* Wrote
would make them: where if he had bin present at that Court (and
other meeting€ of the Counsell and Cofiittees) wherevnto he was
warned, he would haue seen and heard thing¢ carried and handled in
a fairer manner then he nowe deliuers them to be, and much mar-
veyled he would thus censure the proceeding€ of the Quarter Court
and other meeting€ whereat he was not but take all vpon hearesay.

"
,,V02-P0182-M00574-00582,Counsell,ORG_OR_COMMITTEE,candidate,V02-P0182,574,582,"DECEMBER 4, 1622 - 171

After this m’ Wrote willed S* Edwin Sandys to keepe his owne lawes
lw"" he had made|| and therevpon cited a lawe, where to avoide the
drawinge the Companie into debt it is ordered that no perticuler man
make or propound any newe Proiect of charge to the Companie, but
he withall offer good meanes howe to defraye that charge and vphold
his Proiect the Breakers of w™ order are to be excluded from the
generall Court€ xc: The Lord Cauendish told him that he had not onely
affronted him in perticuler but the Ea: of Southampton also and the
rest of the Counsell and Cofiittee: who after this buissines was pro-
pounded vnto both the Companies at their seuerall Court¢ on ffriday |
before the [112] Quarter Courte mett the Tusday after, both fore-
noone and afternoone about it, whither himselfe was perticulerly also
warned by the Officer and havinge taken consultaéon therein (not with
a purpose to conclude vpon any thinge but to prepare that buissines)
brought the same to the Court€ held the next daye to be amended and
ordered as they should see cause: As for terminge the Lawes to be S'
Edwin Sandys lawes, his lp: told him he had donn the Companie great
wronge and that this was the reward that men had for doeinge pub-
lique seruice: And he might aswell haue said, the Instructions giuen
to the Gouerno’ of the Suffer Iland€ were his because he made the
first draft of them: And added that he had donn more harme by that
dayes worke then Captaine Martin Capt: Baylie or Capt: Argall.

"
,,V02-P0182-M01650-01658,Counsell,ORG_OR_COMMITTEE,candidate,V02-P0182,1650,1658,"Wherevpon m* Wrote said my good Lord I protest vpon my saluaéon
I had no intent directly nor indirectly to perstringe the AcGons of the
Counsell or of yo"" lp: or of my Lo: of Southampton for I confesse yo""
courses haue bin alwayes like yo"" selues noble direct iust and plaine
but I speake of things donn in yo’ lp* absence when yo"" were out of
Towne whereof yo"" can take no notice.

"
,,V02-P0184-M01481-01489,Counsell,ORG_OR_COMMITTEE,candidate,V02-P0184,1481,1489,"Gibbs said it might then be 200"" but it —
was replied that that would likewise be to litle: and this Coffittee
beinge nine dayes before the Quarter Court wherein the Salaries were
giuen, it could not be said they were surreptitiously carried, men
hauinge so longe time warninge to thinke what was to be donn in that
point, Beside in the Sumer Iland¢ Preparatiue Court, the Ha: of
Southampton after the nominaéon of Directo’ and Treasuror, said
that for the other Officers and the Salaries they should be referred
till the Quarter Court it selfe, w™ was a second warninge to the Com-
pany to take their bethinkinge and to consider of the matter of Sala-
ries, yet to the intent that thinge might be y° better disgested, the
Earle of Southampton afterward thought fitt the Tuisday before
the Quarter Court to assemble the Counsell and Cofiittees, whereat
the Lo: Cauendish the Lo: Gatendisk Padgett S' Edw: Sackuill
S' Iohn Dauers and a [114] very full Counsell of others beinge pres-
ent, all thing and in perticuler this matter of Salaries was verie seri-
ously debated and considered of, both in the forenoone and the
afternoone, and to this Counsell m* Wrote himselfe was warned: So
that (he said)"
,,V02-P0184-M01612-01620,Counsell,ORG_OR_COMMITTEE,candidate,V02-P0184,1612,1620,"Gibbs said it might then be 200"" but it —
was replied that that would likewise be to litle: and this Coffittee
beinge nine dayes before the Quarter Court wherein the Salaries were
giuen, it could not be said they were surreptitiously carried, men
hauinge so longe time warninge to thinke what was to be donn in that
point, Beside in the Sumer Iland¢ Preparatiue Court, the Ha: of
Southampton after the nominaéon of Directo’ and Treasuror, said
that for the other Officers and the Salaries they should be referred
till the Quarter Court it selfe, w™ was a second warninge to the Com-
pany to take their bethinkinge and to consider of the matter of Sala-
ries, yet to the intent that thinge might be y° better disgested, the
Earle of Southampton afterward thought fitt the Tuisday before
the Quarter Court to assemble the Counsell and Cofiittees, whereat
the Lo: Cauendish the Lo: Gatendisk Padgett S' Edw: Sackuill
S' Iohn Dauers and a [114] very full Counsell of others beinge pres-
ent, all thing and in perticuler this matter of Salaries was verie seri-
ously debated and considered of, both in the forenoone and the
afternoone, and to this Counsell m* Wrote himselfe was warned: So
that (he said)"
,,V02-P0184-M01804-01812,Counsell,ORG_OR_COMMITTEE,candidate,V02-P0184,1804,1812,"Gibbs said it might then be 200"" but it —
was replied that that would likewise be to litle: and this Coffittee
beinge nine dayes before the Quarter Court wherein the Salaries were
giuen, it could not be said they were surreptitiously carried, men
hauinge so longe time warninge to thinke what was to be donn in that
point, Beside in the Sumer Iland¢ Preparatiue Court, the Ha: of
Southampton after the nominaéon of Directo’ and Treasuror, said
that for the other Officers and the Salaries they should be referred
till the Quarter Court it selfe, w™ was a second warninge to the Com-
pany to take their bethinkinge and to consider of the matter of Sala-
ries, yet to the intent that thinge might be y° better disgested, the
Earle of Southampton afterward thought fitt the Tuisday before
the Quarter Court to assemble the Counsell and Cofiittees, whereat
the Lo: Cauendish the Lo: Gatendisk Padgett S' Edw: Sackuill
S' Iohn Dauers and a [114] very full Counsell of others beinge pres-
ent, all thing and in perticuler this matter of Salaries was verie seri-
ously debated and considered of, both in the forenoone and the
afternoone, and to this Counsell m* Wrote himselfe was warned: So
that (he said)"
,,V02-P0184-M01898-01906,Counsell,ORG_OR_COMMITTEE,candidate,V02-P0184,1898,1906,"this matter was prepared both by the Counsell and
Committees: But m* Wrote said I must nowe vnwillingly come to an
accusaéon against S' Edwin Sandys and the two Deputies and tooke
exception against the first Comittee spoken of before the Virginia
Quarter Court, sayinge, it was verie ceiatly some men talkinge
pluately by the fireside, w™ he said was m* Deputies fault who ought
to be the Moderato’ of Committees beside the Secretary was not there,
"
,,V02-P0185-M00654-00662,Counsell,ORG_OR_COMMITTEE,candidate,V02-P0185,654,662,"M' Wrote further obiected that neither the Counsell eaxd ||nor|| Com-
ittees had authority giuen them to treat of that matter of Salaries
because it was not perticulerly sett downe, But m‘’ Deputy made
Answeare, that it was the selfe same great Coffiittee, to whome by the
Quarter Courte in Somer, All thinge belonginge to the Bargaine were
comitted to be by them prepared and digested who thereby had
authority sufficient, although they had not this later time been desired
to consider of and prepare all such thing€ as were necessarie to be
passed in the Quarter Court when the bargaine should be absolutely
concluded and ratified by the Lord Treasuror.

"
,,V02-P0186-M00439-00447,Counsell,ORG_OR_COMMITTEE,candidate,V02-P0186,439,447,"175

stumble (for the other they could not be deemed but with the least)
he said he knewe those Offices were most vnwillingly accepted of by
them, especially by one of them, who but for conscience sake and the
seruice of the Companie he knewe would neuer haue taken the place
and concluded that for his part if any could shewe a better course then
was beguii he would ioyne with them, and so he doubted not, but all
the Counsell and Companie would doe, but desired that thinge might
be propounded in an orderly and due manner.

"
,,V02-P0188-M00533-00541,Counsell,ORG_OR_COMMITTEE,candidate,V02-P0188,533,541,"the ordinary Cofittee w™ consisted
of men fitt for Tradinge to choose another extraordinary Comittee of
gentlemen all of them of the Counsell, of w number m' Wrote him-
selfe was one, who were to assist the buissines with their best Coun-
sell espeacially in buissinesses of this nature"
,,V02-P0188-M00798-00806,Counsell,ORG_OR_COMMITTEE,candidate,V02-P0188,798,806,"wherefore he desired him,
if he had any thinge in this pointe for the accomodatinge of the Plant-
ers, (w® the Counsell and Comittees were exceedingly solicitous
of) that he would at their meetinge deliuer it vnto them.

"
,,V02-P0192-M01931-01939,Counsell,ORG_OR_COMMITTEE,candidate,V02-P0192,1931,1939,"After this the Ea: of Southampton addressed himselfe to m* Wrote
admonishinge him that nowe he had heard the last Court read and
the seuerall passages therein, he would applie himselfe and direct his
speach wholly vnto the part€ thereof, and declare freely, whither
matters were truely sett downe or noe, Wherevpon m* Wrote humbly
praid his lpe and the rest of the Lord¢ and others of the Counsell, that
they would please to giue him a full hearinge and that such excep-
tions as he should nowe make to the settinge downe of that Court
might be admitted and entred w™ he said were of three sort, first of
Omissions, Secondly for insertinge the order of his speach and not
settinge downe thing¢ in their due place, Thirdly for that it was not
donn with that candor and fairenes toward¢ him as ought.

"
,,V02-P0193-M00254-00262,Counsell,ORG_OR_COMMITTEE,candidate,V02-P0193,254,262,"182 RECORDS OF THE VIRGINIA COMPANY

And beinge required to goe on accordinge to that order, he said first
there was an omission of a speach of his in answeare of the Lo: Cau-
endishes to this effect followinge: That he did not pstring the Acéons
of the Counsell, for he acknowledged the Ea: of Southton€ proceed-
inge to be alwayes like himselfe, most noble, direct, iust, and plaine,
but he said he spake onely of some thing@ donn in his lp* absence
when he was out of Towne whereof his lp: could take noe notice,
And desired the Court to consider that he did not then beate the Aire
or fought for nothinge, for he said he was at that time much pro-
uoaked first by m* Deputy who charged him of ignorance, Secondly
by S* Edwin Sandys who said he had donn wronge to the Stace
Thirdly by the Lord Cauendish who was heauy and personall.

"
,,V02-P0198-M00674-00682,CoUNSELL,ORG_OR_COMMITTEE,candidate,V02-P0198,674,682,"AT A MEETINGE OF HIS Ma™
CoUNSELL FOR VIRGINIA AT M* Deputy
ffARRARS HOWSE IN S’ Situs LANE
ON WEDENSDAY THE 11™ oF DeEcEMB*® 1622

PRESENT

Right Hono’ Ea: of Southampton.
"
,,V02-P0199-M00105-00113,Counsell,ORG_OR_COMMITTEE,candidate,V02-P0199,105,113,"188 RECORDS OF THE VIRGINIA COMPANY

The Ea: of Southampton signified that the occasion of eallinge this
Counsell together was to acquainte them with a late informaéon he
had receaued since his beinge in the Countrie touchinge m* Wrote
who as he had heard had comitted a great indiscreGon at the last
Court held this day sennight by speakinge after violent and turbulent
manner aswell against some point€ incident to the Contract, as also
against the proceeding€ of the Counsell and Comittee together with
the Acte of the Quarter Court€ w™ had confirmed the same, bend-
inge his speach also to the wronge and disgrace of some principall
Members of the Companie who had bin imployed in that buissines,
whereof he said the Lord Cauendish had in generall aduertized him
by his letter without naminge the man that had so donn as might
appeare by the Letter it selfe w® his lp: offered to shewe him, w™
disorder his Ip: said was the occasion of his cominge vp to Towne and
of his beinge here at this present and therevpon charged m‘* Wrote
\|to|| declare whither this informaéon were true or noe, who therevpon
said that at his first settinge downe in this Assembly he conceaued
himselfe to be free but being [126] nowe charged as a Delinquent he
was to answeare in his owne defence: And therevpon touchinge the
matters laid to his charge he freely protested against any power or
iurisdicéon the Counsell §could§ haue to question him for that he then
spake, consideringe he had (as he said) appealed vnto a Quarter
Court, wherevnto he would only submitt himselfe:"
,,V02-P0199-M00470-00478,Counsell,ORG_OR_COMMITTEE,candidate,V02-P0199,470,478,"188 RECORDS OF THE VIRGINIA COMPANY

The Ea: of Southampton signified that the occasion of eallinge this
Counsell together was to acquainte them with a late informaéon he
had receaued since his beinge in the Countrie touchinge m* Wrote
who as he had heard had comitted a great indiscreGon at the last
Court held this day sennight by speakinge after violent and turbulent
manner aswell against some point€ incident to the Contract, as also
against the proceeding€ of the Counsell and Comittee together with
the Acte of the Quarter Court€ w™ had confirmed the same, bend-
inge his speach also to the wronge and disgrace of some principall
Members of the Companie who had bin imployed in that buissines,
whereof he said the Lord Cauendish had in generall aduertized him
by his letter without naminge the man that had so donn as might
appeare by the Letter it selfe w® his lp: offered to shewe him, w™
disorder his Ip: said was the occasion of his cominge vp to Towne and
of his beinge here at this present and therevpon charged m‘* Wrote
\|to|| declare whither this informaéon were true or noe, who therevpon
said that at his first settinge downe in this Assembly he conceaued
himselfe to be free but being [126] nowe charged as a Delinquent he
was to answeare in his owne defence: And therevpon touchinge the
matters laid to his charge he freely protested against any power or
iurisdicéon the Counsell §could§ haue to question him for that he then
spake, consideringe he had (as he said) appealed vnto a Quarter
Court, wherevnto he would only submitt himselfe:"
,,V02-P0199-M02097-02105,Counsell,ORG_OR_COMMITTEE,candidate,V02-P0199,2097,2105,"But he would con-
ferr with them if they would, And withall he accused m* Deputy of
havinge falsely entred the Court of the 7° of Octob’ last either by his
or the Secretaries fault and contrarie to the true meaninge of the Court
then held whereby he said the Company were brought into 3000""
Debt: W™ speach beinge delivered by m* Wrote in a verie violent and
contemptuous manner; in w™ selfe same manner also m™ Wrote had
carried himselfe toward the Ea: of Southampton at his first cominge
into the Roome before the settinge downe of the Counsell ||his Ip.
repeating the same briefly to the Counsell|| proceeded to aske m'
Wrote what he meant thereby and whither he tooke himselfe to be so
great a man that they were all as Pigmies in his sight, and added that
he did not knowe him to be any Prince of the Bloude, and therefore
if it pleased him he might carrie himselfe with more calmenes and
respect.

"
,,V02-P0201-M01190-01198,Counsell,ORG_OR_COMMITTEE,candidate,V02-P0201,1190,1198,"But m’ Wrote replied he was not nowe Coram Iudice and therefore
they could not censure him of w™ opinion m’ Binge was also speak-
inge (as he said) out of his experience and knowledge in the Ciuill
Lawe

M’ Deputy beinge againe much pressed by the Lordé to deliuer clearely
and fully what m’ Wrote had spoken in open Court as being bound so
to doe by the duety of his place (especially when -he was therevnto
required by the Counsell) said that he well remembred that m* Wrote
said then the buissines was not carried fairely and did also well remem-
ber that himselfe did saye the buissines was not surreptitiously car-
ried, but whither m’ Wrote said the-buissizes ||It|| was surreptitiously
carried or no, he remembred not, but he conceaued he spake not onely
of the proceeding of the Comittee but generally of the whole
buissines.

"
,,V02-P0201-M01638-01646,Counsell,ORG_OR_COMMITTEE,candidate,V02-P0201,1638,1646,"M' Deputy was generally blamed of the Counsell as seeminge out of
his private respect to m’ Wrote to remisse in his duety to the pub-
lique: The Ea: of Southampton protested that if himselfe had [128]
bin in Court, he would not haue required another to kee declared
m* Wrots proceedings, and so his lp: and the rest of the Counsell
(seeminge to require of some other the pformance of that duety wherein
m* Deputy was so backeward)"
,,V02-P0201-M01923-01931,Counsell,ORG_OR_COMMITTEE,candidate,V02-P0201,1923,1931,"M' Deputy was generally blamed of the Counsell as seeminge out of
his private respect to m’ Wrote to remisse in his duety to the pub-
lique: The Ea: of Southampton protested that if himselfe had [128]
bin in Court, he would not haue required another to kee declared
m* Wrots proceedings, and so his lp: and the rest of the Counsell
(seeminge to require of some other the pformance of that duety wherein
m* Deputy was so backeward)"
,,V02-P0202-M00075-00083,Counsell,ORG_OR_COMMITTEE,candidate,V02-P0202,75,83,"JANUARY 99, 1623 191

uty would not pforme his Duty beinge required by the Counsell they
must fall vpon him, and m* Brooke was of the same opinion.

"
,,V02-P0202-M00279-00287,Counsell,ORG_OR_COMMITTEE,candidate,V02-P0202,279,287,"Wherevpon m’ Wrote replied to the Lord Cauendish, then you had
best be my Accuser, w™ vnreverend speach was much distasted by the
Counsell and the Ha: of Southampton told him, that although they
were all Counsellors, yet there was verie great difference between the
psons of diuers of them and in pticuler between m‘’ Wrotes and the
Lord Cauendishes to whome he ought more respectfull behauio’ and
language.

"
,,V02-P0203-M00979-00987,Counsell,ORG_OR_COMMITTEE,candidate,V02-P0203,979,987,"But touchinge m* Wrots carriage of himselfe in this buissines he said
he had obserued two mayne materiall exceptions w™ in his opinion
were iustly to be taken against him, first for that he inveighed against
that w™ beinge ordered by the Quarter Court could not be reformed
for the present, Secondly in that he sought to mainetaine his opin-
ion by misallegaéons aswell of the lawes of the Realme, as also of the
lawes of this Companie by the one dishartninge and deterringe of the
Companie from proceedinge in the Contract as it was nowe concluded
and ordered, by the other insinuatinge into the mind¢ of his Hearers
a conceit of ill carriage by the Counsell and Comittees contrary to the
established lawes and orders of the Companie.

"
,,V02-P0203-M01748-01756,Counsell,ORG_OR_COMMITTEE,candidate,V02-P0203,1748,1756,"And touchinge the lawes of the Companie he manifestly misalledged
them to the great, wronge aswell of the Counsell as of the Comittees
who to his vnderstandinge had punctually obserued them in all thinge
as namely in makinge Shewe that they were to loose their voices for
a yeare who had moued to drawe the Companie into matter of charge
without shewinge meanes howe to defray the same and applyinge this
lawe to the Propositions for Salaries whereas first it was no matter of
charge to the Companie, beinge not to be raised out of their Stocke
but out of the Tobacco to be brought in, and secondly it was not the

"
,,V02-P0204-M00125-00133,Counsell,ORG_OR_COMMITTEE,candidate,V02-P0204,125,133,"193

moéon of any pticuler pson w™ is onely forbidden in that lawe, but
proceeded from an Act of the Counsell and Comiittees, where by the
waye he praid m* Wrote not to be troubled with the office and Salary
granted vnto him, for as he accepted of both most vnwillingly and in
sole obedience to the Court, So at the next Quarter Court he would
resigne both the one and the other.

"
,,V02-P0205-M00380-00388,Counsell,ORG_OR_COMMITTEE,candidate,V02-P0205,380,388,"Herevpon the Ea: of Southampton told him that he nowe sawe his
indiscreéon to be as great as he tooke it to be, that beinge of the
Counsell he would not impart his minde concerninge that pointe first
vunto them, but rather diuulge his opinion in open Court to the preiu-
dice of so mayne a buissines as the Contract was and that before he
was sufficiently grounded in that w™ he spake as appeared by his
owne report in askinge Counsell after he §had§ so confidently pub-
lished his opinion.

"
,,V02-P0205-M00676-00684,Counsell,ORG_OR_COMMITTEE,candidate,V02-P0205,676,684,"Herevpon the Ea: of Southampton told him that he nowe sawe his
indiscreéon to be as great as he tooke it to be, that beinge of the
Counsell he would not impart his minde concerninge that pointe first
vunto them, but rather diuulge his opinion in open Court to the preiu-
dice of so mayne a buissines as the Contract was and that before he
was sufficiently grounded in that w™ he spake as appeared by his
owne report in askinge Counsell after he §had§ so confidently pub-
lished his opinion.

"
,,V02-P0205-M00897-00905,Counsell,ORG_OR_COMMITTEE,candidate,V02-P0205,897,905,"[131]

Wherevpon the Ea: of Southampton appealed vnto the iudgement of
the Counsell then present what iust occasion of offence hath bin giuen
m’ Wrote that he should goe awaye in that vnrespectiue manner:"
,,V02-P0205-M01119-01127,Counsell,ORG_OR_COMMITTEE,candidate,V02-P0205,1119,1127,"And
therevpon his lp: protested that seeinge he had so much wronged him
and the rest of the Counsell and Comittee in their proceeding€ and
spoken also against the Companie and Court€ and most scornefully
against the lawes in terminge them S* Edwin Sandys lawes and in
conclusion went away in that ill and most vneiuill fashion he expected
to be righted against him for so many wrongé and affront.

"
,,V02-P0205-M02041-02049,Counsell,ORG_OR_COMMITTEE,candidate,V02-P0205,2041,2049,"Wherevnto the Ea: of Southampton replied that he should be sorry
to haue liued soe that it should be in the power of m* Wrote to wronge
him in his Hono’ or reputaéon, but his lp: said that m™ Wrote hav-
inge complained that the Counsell and Comittee carried this buissines

"
,,V02-P0206-M00392-00400,Counsell,ORG_OR_COMMITTEE,candidate,V02-P0206,392,400,"As for the word ffowly (said by some of the Counsell to haue bin vsed
by m’ Wrote)"
,,V02-P0206-M00466-00474,Counsell,ORG_OR_COMMITTEE,candidate,V02-P0206,466,474,"m* Withers beinge called in by the Counsell testified it
likewise to haue bin so spoken by m* Wrote and that therevpon out of
his loue toward¢ him and to prevent his goeinge forward in such ill
termes, he replied againe sayinge that the buissines had bin fairely
carried and wished that if his Comiittiship did trouble him, it were the
price of his reconciliaéon.

"
,,V02-P0206-M00811-00819,Counsell,ORG_OR_COMMITTEE,candidate,V02-P0206,811,819,"After this the Counsell entringe into consultaéon what was fitt to be
donn herein for their reputaéon.

"
,,V02-P0206-M01235-01243,Counsell,ORG_OR_COMMITTEE,candidate,V02-P0206,1235,1243,"[132]

It was also thought fitt generally by all the Counsell then present in
reguard he had comiitted so great a contempt against the Counsell
there, that he be suspended from cominge any more to Counsell vntill
he cleare himselfe of those matters obiected against him and there-
vpon caused the Secretary to sett downe his suspenéon in manner
followinge

At a meetinge of his Ma‘ Counsell

for Virginia the 11 of December

1622

"
,,V02-P0206-M01317-01325,Counsell,ORG_OR_COMMITTEE,candidate,V02-P0206,1317,1325,"[132]

It was also thought fitt generally by all the Counsell then present in
reguard he had comiitted so great a contempt against the Counsell
there, that he be suspended from cominge any more to Counsell vntill
he cleare himselfe of those matters obiected against him and there-
vpon caused the Secretary to sett downe his suspenéon in manner
followinge

At a meetinge of his Ma‘ Counsell

for Virginia the 11 of December

1622

"
,,V02-P0206-M01379-01387,Counsell,ORG_OR_COMMITTEE,candidate,V02-P0206,1379,1387,"[132]

It was also thought fitt generally by all the Counsell then present in
reguard he had comiitted so great a contempt against the Counsell
there, that he be suspended from cominge any more to Counsell vntill
he cleare himselfe of those matters obiected against him and there-
vpon caused the Secretary to sett downe his suspenéon in manner
followinge

At a meetinge of his Ma‘ Counsell

for Virginia the 11 of December

1622

"
,,V02-P0206-M01622-01630,Counsell,ORG_OR_COMMITTEE,candidate,V02-P0206,1622,1630,"The said Counsell haue ordered that notice shalbe giuen to m*’ Wrote
by the Officer that in reguard he hath carried himselfe this daye
before them with verie vnfitt and vnrespectiue behauio® they thinke
fitt he forbeare from cofiinge to Counsell vntill those things he stand¢
charged with all be cleared.

"
,,V02-P0206-M01850-01858,Counsell,ORG_OR_COMMITTEE,candidate,V02-P0206,1850,1858,"The said Counsell haue ordered that notice shalbe giuen to m*’ Wrote
by the Officer that in reguard he hath carried himselfe this daye
before them with verie vnfitt and vnrespectiue behauio® they thinke
fitt he forbeare from cofiinge to Counsell vntill those things he stand¢
charged with all be cleared.

"
,,V02-P0209-M01749-01757,Counsell,ORG_OR_COMMITTEE,candidate,V02-P0209,1749,1757,"M’ Wrote said that m’ Brooke, m’ Smith and 8* Edwin Sandys onely
had spoken against the grauntinge him of a Coppie and thereby
hindred him, and seemed to complaine, that it was against the
course of all Court¢ of Iustice and praide God the same course might
be held when the like cause should befall him: To w™ S* Edwin
Sandys said Amen, wishinge he might neuer haue a fairer Tryall
nor better Iustice: And withall added that he did not conceaue m*
Wrote to be aceused but was the Accuser both of the Counsell and
Companie.

"
,,V02-P0212-M00483-00491,Counsell,ORG_OR_COMMITTEE,candidate,V02-P0212,483,491,"JANUARY 81, 1628 + 201

After this was read 8S’ Edwin Sandys speach consistinge of many part¢€
and branches, wherein he did declare what himselfe and the rest of
the Cofiittees had donn concerninge the buissines, against w™ m’
Wrote tooke onely one exception: Vpon these wordé vizt for that he
knewe some worthie gentlemen would willingly haue vnderwritt in
the said Roll if they might haue bin admitted vpon the purchase of
two shares only, sayinge that S* Edwin Sandys said in the Counsell
that it was but one gentleman y* would aduenture 50"" 8S"" Edwin San-
dys said that he spake with two gent: about vnderwritinge whereof
the one absolutely promised and the other did not deny.

"
,,V02-P0217-M00664-00672,Counsell,ORG_OR_COMMITTEE,candidate,V02-P0217,664,672,"Where pen ||vnto|| S* Edwin Sandys made answeare that m‘ Mellinge
speach did rather confirme the cleane contrary: And m’ Mellinge
was desired to sett downe his owne speach w™ |jhere|| followeth ||viz||

M’ Mellinge beinge present replied it was true that a leviaéon for pay-
ment of the Muscouy Companies debt€ was ordered by the Lorde of
his Ma“ most Hono” Priuy Counsell to be made out of the gaines
made vpon their seuerall Stock€ in the seuerall yeares when those
moneys were supposed to be borrowed and taken vp at interest and
not to be laid vpon the whole body of the Companie or them that
were not Traders in those yeares or since."
,,V02-P0217-M01192-01200,Counsell,ORG_OR_COMMITTEE,candidate,V02-P0217,1192,1200,"After this the Lo: Cavendish his report of the faire carriage of the
buissines by the Counsell and Comiittees was read w by erecéon of
hands was confirmed by the Court to be truely sett downe.

"
,,V02-P0220-M01232-01240,Counsell,ORG_OR_COMMITTEE,candidate,V02-P0220,1232,1240,"Next the Lo: Cauendishes speach touchinge m* Wrotes affrontinge
him and the vead rest of the Counsell and comittees was read and

approued by the Court to be truely sett downe.

"
,,V02-P0220-M01846-01854,Counsell,ORG_OR_COMMITTEE,candidate,V02-P0220,1846,1854,"My ||good|| lo: I protest vpon my salua-
tion I had no intent directly #or indirectly to perstringe the Acéons
of the Counsell nor of yo"" Lp: or of my Lord of Southampton for I
confesse your courses haue bin alwayes like yo"" selues noble, direct,
iust and playne, but I speake of things donn in yo"" Lp* absence when

16456—vo.t 2—06——14

"
,,V02-P0221-M02048-02056,Counsell,ORG_OR_COMMITTEE,candidate,V02-P0221,2048,2056,"And m’ Wrote further alleaged that m* Gibbs spake likewise diuers
thing¢é thereabout¢, but the pticularities thereof were gen%ally by
denied by the Court to haue bin spoken at least not to haue bin heard
of the Court and the Lo: Cauendish, 8’ Edwin Sandys, m* Deputy
and m’ John ffarrar constantly affirmed that those thing€ were spoken
in the Counsell afterward and not at that Court:"
,,V02-P0222-M00316-00324,Counsell,ORG_OR_COMMITTEE,candidate,V02-P0222,316,324,"After this m’ Wrotes Obiecéon that neither the Counsell nor Cofittees
had authority giuen them to treat of the matter of Salaries And m‘
Deputies Answ’ therevnto beinge read were approued by the Court to be
truely sett downe.

"
,,V02-P0224-M00818-00826,Counsell,ORG_OR_COMMITTEE,candidate,V02-P0224,818,826,"Afterward m’ Wrote moued the Ea: of Southampton and the Lord
Cauendish for a Coppie of the Act of Counsell touchinge him but they

held his request vnfitt to be graunted, Notwithstandinge they graunted
him leaue to pvse the same at his pleasure and were not against his
request to take not¢.

At a CouURT HELD FOR VIRGINIA
oN MoNDAY IN THE FORENOONE THE
3° or ffmBRUARY 1620/

PRESENT

Right Hono™ Ea: of Southampton.
"
,,V02-P0225-M00626-00634,Counsell,ORG_OR_COMMITTEE,candidate,V02-P0225,626,634,"[147]

M’ Wrote said that he havinge pervsed the Act of Counsell of the 4%
of Decemb."
,,V02-P0227-M01809-01817,Counsell,ORG_OR_COMMITTEE,candidate,V02-P0227,1809,1817,"Hee said further that he came not to stirr vp a storme but to allay it
and make a Calme, and said at the last meetinge of the Counsell he
moued that these verball differences might be taken vp and that his
Ma“ did likewise desire an end of them, but saith that this he relate
was accidentally and by waye of discourse with his Ma“.

M' Deputy made Answeare that the Companie did much ioye to vnder-
stand that his Ma“ pleased to take their affaires so much into his

"
,,V02-P0231-M01122-01130,Counsell,ORG_OR_COMMITTEE,candidate,V02-P0231,1122,1130,"The Lo: Cauendish said he held it fitt the Counsell be assembled, to
consider what better course can be proposed for the well managinge
of this buissines.

"
,,V02-P0235-M00550-00558,Counsell,ORG_OR_COMMITTEE,candidate,V02-P0235,550,558,"S' Edwin Sandys made Aunsweare that the buissines of the Salaries
was not so vnduely carried as he conceaued for the Counsell had duely
considered thereof and brought their opinions to the Quarter Court
w did ratifie and confirme them"
,,V02-P0240-M01104-01112,Counsell,ORG_OR_COMMITTEE,candidate,V02-P0240,1104,1112,"S' Edwin Sandys said that in a Bodie consistinge of many Members
w* must all concurr in one Acéon there must be by necessity of nature
& reason one head to containe and direct them vnto vnity that to make
this one head to be two Court@ assembled vpon euery needfull vccasion,
was a thinge not onely repugnant to the’ celerity of dispatch w™
this buissines would require but also of insupportable toyle both to
the Gouerno’ Counsell and Companie.

"
,,V02-P0240-M01868-01876,Counsell,ORG_OR_COMMITTEE,candidate,V02-P0240,1868,1876,"It was also declared howe impossible it wes would be to make any
progresse in buissinesses in such a kinde of gouerment, where any one
might vpon pretence of requiringe to haue his vnderstandinge satisfied
in any pointe, call backe thing¢ concluded as was instanced to be donn
in the Sumer Iland¢ Companie where there hauinge passed a matter
in two ordinary Court¢, and afterward€ much disputed in a Prepara-
tiue Court and lastly concluded in y® Quarter Court yet in an ordinary
Court afterward one man because he was not present at the passages
thereof he required to haue it all againe read and argued: And because
the Court might be better informed concerninge this pointe the Lord
Cauendish propounded that a writinge presented to the Counsell and
Comhhittees before they resolued of this Course might be read concern -
inge the office of the Director specified in that writinge, all w™ good
part€ and sufficiencies although verie great the Court adiudged requi-
site in him that should haue the chiefe part in the managinge of this

1 Written over “that.”

"
,,V02-P0250-M00590-00598,Counsell,ORG_OR_COMMITTEE,candidate,V02-P0250,590,598,"FEBRUARY 4, 16008’ 239

After this the Ea: of Southampton takinge againe the chaire read the
next Article w™ is as followeth And in case that part of the Contract
be punctually obserued, that all the Tobacco be sold in Bancke, it wilbe
necessary to drawe a Preamble to a second Roll whereby the Brothers
of the Company may be admitted to subscribe what somes shall thereby
be limited for the buyinge of the Tobacco w™ poore Planters shall
bringe into into this Kingdome, that they may not suffer by expectinge
the sale of their good¢ and attendance for money: w™ S* Edwin San-
dys said the Counsell and Comiittees had taken that point often into
their consideraéon, and they conceaued it would not be donn but by
Roll, but they had determined nothinge therein, but would with all
seriousnes and were eonsidered |icare consider||"
,,V02-P0251-M00813-00821,Counsell,ORG_OR_COMMITTEE,candidate,V02-P0251,813,821,"M’ Rider moued that some speedie order might be taken for ready Sale
of the poore Planters Tobacco: But he was aunsweared that no cer-
taine order could as yet be made therein, but the Counsell and Comit-
tees would take it into their care and himselfe and all others were
desired to consider what course they could finde.

"
,,V02-P0260-M00300-00308,Counsell,ORG_OR_COMMITTEE,candidate,V02-P0260,300,308,"FEBRUARY 5, 1623 a aa 249

report of these great distempers and indiscreéons of m™ Wrote related
in that Court caused him iffiediately after to cofie vp out of the
Country to prouide timely a remedie against the inconveniences that
would followe vpon this distemper and to that purpose assembled the
Counsell whither m* Wrote himselfe was warned, with whome he
intended to proceed in all gentle and faire manner, such as might
best bringe him to the acknowledgement of his erro’ and to the
reduceinge of him againe into the right waye: what the effecte
thereof were, and howe m* Wrote behaued himselfe to the doublinge
of his offence, his lp: said, the Act of Counsell would declare w™ he
willed to be read, w™ was accordingly donne: And after some pause,
his Ip: defiaunded whither m*‘ Wrote was in the Court, sayinge he
did expect him there either to avouch or aproue the thingé that he
had §spoken &§ donne or el€ to retract them, but m*’ Wrote appeared
not.

"
,,V02-P0260-M00660-00668,Counsell,ORG_OR_COMMITTEE,candidate,V02-P0260,660,668,"FEBRUARY 5, 1623 a aa 249

report of these great distempers and indiscreéons of m™ Wrote related
in that Court caused him iffiediately after to cofie vp out of the
Country to prouide timely a remedie against the inconveniences that
would followe vpon this distemper and to that purpose assembled the
Counsell whither m* Wrote himselfe was warned, with whome he
intended to proceed in all gentle and faire manner, such as might
best bringe him to the acknowledgement of his erro’ and to the
reduceinge of him againe into the right waye: what the effecte
thereof were, and howe m* Wrote behaued himselfe to the doublinge
of his offence, his lp: said, the Act of Counsell would declare w™ he
willed to be read, w™ was accordingly donne: And after some pause,
his Ip: defiaunded whither m*‘ Wrote was in the Court, sayinge he
did expect him there either to avouch or aproue the thingé that he
had §spoken &§ donne or el€ to retract them, but m*’ Wrote appeared
not.

"
,,V02-P0261-M00778-00786,Counsell,ORG_OR_COMMITTEE,candidate,V02-P0261,778,786,"Hee had accused
the principall managers of this Contract with his Ma” of Arte and
priuate endé, the Comiittees he had blamed for disorder and negligence,
the Counsell he had traduced for improuidence and indiscreéon, the
Court€ for vsurpinge an vulawfull power, our Noble Gouerno’ for
ouerawinge the Court€, in Sofie the whole proceeding?"
,,V02-P0261-M02004-02012,Counsell,ORG_OR_COMMITTEE,candidate,V02-P0261,2004,2012,"The proceeding€ and resoluéons of w™ Court: m* Wrote hav-
inge questioned with so great acerbity of speach as also the Act€ of
the Counsell and Comittees together with the demeano’ of his lp: and
other psons of qualitie it could not be otherwise conceaued then to be
a direct Accusaéon and consequently that m‘ Wrote bare the part of
the Accuser, And therefore for him to appeale from his owne Accu-
saéon was somewhat a strange course and before not heard of, seeinge
no Appeale could be but a Gravamine for as for his suspenéon he said

"
,,V02-P0262-M00066-00074,Counsell,ORG_OR_COMMITTEE,candidate,V02-P0262,66,74,"FEBRUARY 6, 1623 - 251°

it was only for his contempt toward¢ the Counsell and noe other mis-
deameno™ so that he hath not bin psequuted thereby, (as he com-
plaines) but hath bitterly and vniustly persequuted others, for if his
Acecusaéon haue bin iust and well grounded why doth he forsake it
nowe the daye of Tryall is come, the daye of that Court to w™ himselfe
appealed, the psons by him accused stand here in the face of the
Court, submittinge themselues to the Tryall by him desired, they
expect their Accuser, hauinge hoped that he would haue come in like
a braue gentleman and iustified those felse §foule§ asperéons where-
with he had charged them, but Innocency and Trueth he said, were
bold and setled whereas calumnies and vntruthes were fearefull and
fugitiue.

"
,,V02-P0263-M01128-01136,Counsell,ORG_OR_COMMITTEE,candidate,V02-P0263,1128,1136,"Wrote present himselfe since
the sittinge of the Court, and afterwarde¢ findinge that he had with-
drawne himselfe, it seemed plaine to him, that he had deserted his
cause w™ he sawe he could not mainetaine, and therefore he did not
thinke it fitt to loose any longer time in expectinge him but to pro-
ceed to the sentencinge of him, but yet before that was donn he
thought it fitt that those imputaéons charges and accusatons w™ m*
Wrote had laid vpon the proceedings of the Counsell and Companies
in the buissines of the Contract, and perticulerly of the Salaries,
should be propounded to the iudgement of the Court; (vizt) whither
they did approve all or any of them to be true w™ course was well
liked:"
,,V02-P0264-M00088-00096,Counsell,ORG_OR_COMMITTEE,candidate,V02-P0264,88,96,"FEBRUARY 6, 168... 253

them he had nowe warrant from his Ma’ who by waye of aduise and
Counsell, but no waye to comaund them wished That verball differ -
ences may be left, and the busines of the Plantation goe on.

"
,,V02-P0265-M00267-00275,Counsell,ORG_OR_COMMITTEE,candidate,V02-P0265,267,275,"And therefore it was generally
desired by the Court, that to make a finall end of these matters that
had so longe interrupted and diverted them that accordinge to his
Ma"" graceous aduise and Counsell they might fall to actéon & dispatch
the buissines nowe in hand without any further circumstances or
delay."
,,V02-P0265-M01309-01317,Counsell,ORG_OR_COMMITTEE,candidate,V02-P0265,1309,1317,"he did not per-
ceaue that he had accused but abused the Court and all those other
parties w™ he sought to disgrace and that in such a manner as might
not be let passe vnpunished, for as it is true that a President doth
more good then many precepts so an ill example in a Companie or
Society doth much more hurt as for the lawe he said it is plaine that
if a man enfranchised in any Companie shall speake against the good
thereof he may be disfranchised but if he shall contemptuously behaue
or carrie himselfe against y® Gouerno’ or Gouerment thereof he is
subiect to fine and imprisonment and although it was plaine that m”
Wrote had in both these kind¢ offended in a verie high manner, for
his word¢€ and behauio’ both to the Counsell and Companie had bin
extreamely contemptuous, and his moéons, attempt¢ and practises full
of indiscreGon and of euill consequence, as did maynely endanger the
ouerthrowe of the Companies and Planta@ons and wherein there was
certainely manifested a great deale of ill will yet because the worde
would not directly beare it, he would not therefore touch vpon his
ffreehold in Virginia by disfranchisinge him, but would aduise rather
that m* Wrote (hauinge so exceedingly misdemeaned himselfe)"
,,V02-P0265-M01960-01968,Counsell,ORG_OR_COMMITTEE,candidate,V02-P0265,1960,1968,"||should||
by the Court, w™ as it had power to choose so likewise it had power
to depriue, be put of and excluded for euer from beinge any more of
the Counsell and further that he should be suspended from cominge
to the Court till he looked into his owne erro’ and made submission.

"
,,V02-P0266-M00119-00127,Counsell,ORG_OR_COMMITTEE,candidate,V02-P0266,119,127,"255

Court¢€, he since that time often absented himselfe from Court€ and
from the meetings of the Counsell and Comittee where that buissines
was handled and because he would not giue his consent, he therefore
would giue no aduise: And whereas before it his duety as a Coun-
sello’ to haue assisted with his Counsell and helpe for the preparinge
and ordered of such waightie and important point€ he refused and
neglected it, although he were pticulerly warned to their meetinge,
but when thinge were passed and ordered and could not be revoaked
then with strange violence and vnorderlynes vnder [179] pretence
of zeale and care of the Publique good, he did in all places publiquely
and priuately call in question the Act¢€ and proceedingé of the Coun-
sell Comittees and Companie defaminge and deprauinge them with
as many virulent asperGons as a foule mouth and an ill heart could
deuise, neither was his mallice bounded in these passages onely but
runinge out to other matters he made heauy challenges and laid foule
crimes vpon some of the principall Officers in the Company with an
intent onely to slaunder them, for as they had seen, he refused and
withdrewe when he should come to the pointe.

"
,,V02-P0266-M00328-00336,Counsell,ORG_OR_COMMITTEE,candidate,V02-P0266,328,336,"255

Court¢€, he since that time often absented himselfe from Court€ and
from the meetings of the Counsell and Comittee where that buissines
was handled and because he would not giue his consent, he therefore
would giue no aduise: And whereas before it his duety as a Coun-
sello’ to haue assisted with his Counsell and helpe for the preparinge
and ordered of such waightie and important point€ he refused and
neglected it, although he were pticulerly warned to their meetinge,
but when thinge were passed and ordered and could not be revoaked
then with strange violence and vnorderlynes vnder [179] pretence
of zeale and care of the Publique good, he did in all places publiquely
and priuately call in question the Act¢€ and proceedingé of the Coun-
sell Comittees and Companie defaminge and deprauinge them with
as many virulent asperGons as a foule mouth and an ill heart could
deuise, neither was his mallice bounded in these passages onely but
runinge out to other matters he made heauy challenges and laid foule
crimes vpon some of the principall Officers in the Company with an
intent onely to slaunder them, for as they had seen, he refused and
withdrewe when he should come to the pointe.

"
,,V02-P0266-M01526-01534,Counsell,ORG_OR_COMMITTEE,candidate,V02-P0266,1526,1534,"His lp: further said, he obserued his offences in that Court of the 4""
of December to be three: ffirst his exception against an order in the
Spanish Roll, where the Companie are to beare a Tenth part: Touch-
ing w™ hauinge refused formerly to giue his aduice although he were
warned to the meeting€ of the Counsell and Comiittees where that
buissines was largely and fully debated; yet after it was by the Act
of both Companies in their Quarter Court€ concluded and agreed, he
in that ordinary Court beinge told that it could not be altered beinge
warned that it might extreamely preiudice the Companies, would not
forbeare to dispute against it, nor would keepe any order, but speake
as often as he listed, and to the intent the better reasons ||w™|| w™
he was aunsweared might not frustrate their feares and discourage -
ment¢ w™ he laboured to instill into the Companies minde¢, he did not
only confidently avouch the Lawes of the Realme to be agreeable to
his opinion, but falsely (as by his owne confession afterward to the
Counsell appeared) affirmed that he had asked the Counsell of the
Lawyers pticulerly concerninge that pointe to make this evill sincke

"
,,V02-P0266-M02249-02257,Counsell,ORG_OR_COMMITTEE,candidate,V02-P0266,2249,2257,"His lp: further said, he obserued his offences in that Court of the 4""
of December to be three: ffirst his exception against an order in the
Spanish Roll, where the Companie are to beare a Tenth part: Touch-
ing w™ hauinge refused formerly to giue his aduice although he were
warned to the meeting€ of the Counsell and Comiittees where that
buissines was largely and fully debated; yet after it was by the Act
of both Companies in their Quarter Court€ concluded and agreed, he
in that ordinary Court beinge told that it could not be altered beinge
warned that it might extreamely preiudice the Companies, would not
forbeare to dispute against it, nor would keepe any order, but speake
as often as he listed, and to the intent the better reasons ||w™|| w™
he was aunsweared might not frustrate their feares and discourage -
ment¢ w™ he laboured to instill into the Companies minde¢, he did not
only confidently avouch the Lawes of the Realme to be agreeable to
his opinion, but falsely (as by his owne confession afterward to the
Counsell appeared) affirmed that he had asked the Counsell of the
Lawyers pticulerly concerninge that pointe to make this evill sincke

"
,,V02-P0266-M02299-02307,Counsell,ORG_OR_COMMITTEE,candidate,V02-P0266,2299,2307,"His lp: further said, he obserued his offences in that Court of the 4""
of December to be three: ffirst his exception against an order in the
Spanish Roll, where the Companie are to beare a Tenth part: Touch-
ing w™ hauinge refused formerly to giue his aduice although he were
warned to the meeting€ of the Counsell and Comiittees where that
buissines was largely and fully debated; yet after it was by the Act
of both Companies in their Quarter Court€ concluded and agreed, he
in that ordinary Court beinge told that it could not be altered beinge
warned that it might extreamely preiudice the Companies, would not
forbeare to dispute against it, nor would keepe any order, but speake
as often as he listed, and to the intent the better reasons ||w™|| w™
he was aunsweared might not frustrate their feares and discourage -
ment¢ w™ he laboured to instill into the Companies minde¢, he did not
only confidently avouch the Lawes of the Realme to be agreeable to
his opinion, but falsely (as by his owne confession afterward to the
Counsell appeared) affirmed that he had asked the Counsell of the
Lawyers pticulerly concerninge that pointe to make this evill sincke

"
,,V02-P0267-M00466-00474,Counsell,ORG_OR_COMMITTEE,candidate,V02-P0267,466,474,"256 RECORDS OF THE VIRGINIA COMPANY

lly*|| deeper and that this was donne not out of present passion and
heat, but vpon premeditate intenéon to raise a Combustion, His Ip:
said he was the more confirmed therein because at that Court he
obserued, diuers whome he had not of a longe time before seen in
Court@ and was generally knowne and obserued not to appeare or
shewe their faces but against a storme and Tempest: Secondly in
that Court +"" m* Wrotes wronginge y° Counsell and that in a high
manner, in generall the Comiittees and Companie, all whome together
with the Gouerno’ he depriued not onely of want of wisedome and
iudgement to contriue and consult of thing@ but of want of care duely
to consider and prepare them; and lastly of honesty it selfe; for all
these things doe the word€ w™ he then spake not only imply but
directly and plainely charge, he sayinge that thing€ were not fairely
carried but fowly and with much art surreptitiously, and to priuate
end¢ and that the Companie durst not speake theminds because
they were ouerawed: So that there was neither wisedome nor care;
nor [180] nor honestie nor good meaninge: and although with a
protestaton post factii, he would seeme to turne it from the Ea: of
Southampton himselfe, and the rest of the Counsell; yet the truth
was, that those accusaGons could setle nowhere el€, for the Ea: of
Southampton himselfe and the Counsell were not onely consentinge,
but Actors and the chiefe and principall in all those passages w™ m’
Wrote had thus censured, and herevpon his lp: tooke occasion out of
the Court book¢€ themselues to demonstrate howe duely howe orderly
and howe fairely, all thing¢ had aswell in the Counsell & Coiiiittees,
as in the Court@, been carried, howe maturely they were prepared,
howe iuditiously debated howe freely propounded to the Court€ howe
men were invited to speake freely their mind€ concerninge them,
howe those that made obiecGons were not onely patiently heard but
thanked.

"
,,V02-P0267-M01265-01273,Counsell,ORG_OR_COMMITTEE,candidate,V02-P0267,1265,1273,"256 RECORDS OF THE VIRGINIA COMPANY

lly*|| deeper and that this was donne not out of present passion and
heat, but vpon premeditate intenéon to raise a Combustion, His Ip:
said he was the more confirmed therein because at that Court he
obserued, diuers whome he had not of a longe time before seen in
Court@ and was generally knowne and obserued not to appeare or
shewe their faces but against a storme and Tempest: Secondly in
that Court +"" m* Wrotes wronginge y° Counsell and that in a high
manner, in generall the Comiittees and Companie, all whome together
with the Gouerno’ he depriued not onely of want of wisedome and
iudgement to contriue and consult of thing@ but of want of care duely
to consider and prepare them; and lastly of honesty it selfe; for all
these things doe the word€ w™ he then spake not only imply but
directly and plainely charge, he sayinge that thing€ were not fairely
carried but fowly and with much art surreptitiously, and to priuate
end¢ and that the Companie durst not speake theminds because
they were ouerawed: So that there was neither wisedome nor care;
nor [180] nor honestie nor good meaninge: and although with a
protestaton post factii, he would seeme to turne it from the Ea: of
Southampton himselfe, and the rest of the Counsell; yet the truth
was, that those accusaGons could setle nowhere el€, for the Ea: of
Southampton himselfe and the Counsell were not onely consentinge,
but Actors and the chiefe and principall in all those passages w™ m’
Wrote had thus censured, and herevpon his lp: tooke occasion out of
the Court book¢€ themselues to demonstrate howe duely howe orderly
and howe fairely, all thing¢ had aswell in the Counsell & Coiiiittees,
as in the Court@, been carried, howe maturely they were prepared,
howe iuditiously debated howe freely propounded to the Court€ howe
men were invited to speake freely their mind€ concerninge them,
howe those that made obiecGons were not onely patiently heard but
thanked.

"
,,V02-P0267-M01385-01393,Counsell,ORG_OR_COMMITTEE,candidate,V02-P0267,1385,1393,"256 RECORDS OF THE VIRGINIA COMPANY

lly*|| deeper and that this was donne not out of present passion and
heat, but vpon premeditate intenéon to raise a Combustion, His Ip:
said he was the more confirmed therein because at that Court he
obserued, diuers whome he had not of a longe time before seen in
Court@ and was generally knowne and obserued not to appeare or
shewe their faces but against a storme and Tempest: Secondly in
that Court +"" m* Wrotes wronginge y° Counsell and that in a high
manner, in generall the Comiittees and Companie, all whome together
with the Gouerno’ he depriued not onely of want of wisedome and
iudgement to contriue and consult of thing@ but of want of care duely
to consider and prepare them; and lastly of honesty it selfe; for all
these things doe the word€ w™ he then spake not only imply but
directly and plainely charge, he sayinge that thing€ were not fairely
carried but fowly and with much art surreptitiously, and to priuate
end¢ and that the Companie durst not speake theminds because
they were ouerawed: So that there was neither wisedome nor care;
nor [180] nor honestie nor good meaninge: and although with a
protestaton post factii, he would seeme to turne it from the Ea: of
Southampton himselfe, and the rest of the Counsell; yet the truth
was, that those accusaGons could setle nowhere el€, for the Ea: of
Southampton himselfe and the Counsell were not onely consentinge,
but Actors and the chiefe and principall in all those passages w™ m’
Wrote had thus censured, and herevpon his lp: tooke occasion out of
the Court book¢€ themselues to demonstrate howe duely howe orderly
and howe fairely, all thing¢ had aswell in the Counsell & Coiiiittees,
as in the Court@, been carried, howe maturely they were prepared,
howe iuditiously debated howe freely propounded to the Court€ howe
men were invited to speake freely their mind€ concerninge them,
howe those that made obiecGons were not onely patiently heard but
thanked.

"
,,V02-P0268-M00568-00576,Counsell,ORG_OR_COMMITTEE,candidate,V02-P0268,568,576,"Wherevpon his lp: said that -he affirmed the former censure of the
Counsell and nowe his opinion was that m’ Wrote be excluded and
put of from beinge of the Counsell, neuer to be admitted thereof
againe:"
,,V02-P0268-M00658-00666,Counsell,ORG_OR_COMMITTEE,candidate,V02-P0268,658,666,"Wherevpon his lp: said that -he affirmed the former censure of the
Counsell and nowe his opinion was that m’ Wrote be excluded and
put of from beinge of the Counsell, neuer to be admitted thereof
againe:"
,,V02-P0268-M01692-01700,Counsell,ORG_OR_COMMITTEE,candidate,V02-P0268,1692,1700,"S* Iohn Dauers said that he cannot remember much merritt in m'
Wrote for matter of Counsell and therefore would conclude him with-
out returninge that he should neuer more be of the Counsell: Sec-
ondly his opinion was that he should be suspended from cominge to
Court€ vntill he shall acknowledge y‘ his sentence is iust and fault
great and that in a Quarter Court: And further because of his many
appeales and threatnings heretofore openly in Court and el€ where

16456—voL 2—06——17

"
,,V02-P0268-M01791-01799,Counsell,ORG_OR_COMMITTEE,candidate,V02-P0268,1791,1799,"S* Iohn Dauers said that he cannot remember much merritt in m'
Wrote for matter of Counsell and therefore would conclude him with-
out returninge that he should neuer more be of the Counsell: Sec-
ondly his opinion was that he should be suspended from cominge to
Court€ vntill he shall acknowledge y‘ his sentence is iust and fault
great and that in a Quarter Court: And further because of his many
appeales and threatnings heretofore openly in Court and el€ where

16456—voL 2—06——17

"
,,V02-P0269-M00546-00554,Counsell,ORG_OR_COMMITTEE,candidate,V02-P0269,546,554,"so great a fault as to be guilty of
mutiny and so great obstinately §to§ psist in so bad a course, he
hauinge bin offered so many meanes both from the Counsell and
Companie to see and afnend his erro’ withall he feared his fact is
such as some others of the Company haue bin infected thereby and
therefore for examples sake and that this his censure might bea
Terro’ vnto others, he held it fitt he be excluded for euer both from
the Counsell and Company without acceptinge of any submission or
acknowledgement at all howe great soeuer.

"
,,V02-P0269-M00829-00837,Counsell,ORG_OR_COMMITTEE,candidate,V02-P0269,829,837,"so great a fault as to be guilty of
mutiny and so great obstinately §to§ psist in so bad a course, he
hauinge bin offered so many meanes both from the Counsell and
Companie to see and afnend his erro’ withall he feared his fact is
such as some others of the Company haue bin infected thereby and
therefore for examples sake and that this his censure might bea
Terro’ vnto others, he held it fitt he be excluded for euer both from
the Counsell and Company without acceptinge of any submission or
acknowledgement at all howe great soeuer.

"
,,V02-P0269-M01398-01406,Counsell,ORG_OR_COMMITTEE,candidate,V02-P0269,1398,1406,"Herevpon the Ea: of Southampton said, that seeinge the opinions
were somewhat different, he would propound a middle waye touching
his suspenéon from the Geanse ||Company||, namely that it might be
for a time vntill he shall submitt him selfe and not absolutely for euer,
In the end after some dispute it was thought fitt to make a question:
ffirst therefore his lp: putting to the question whither m™ Wrote
should be put of and excluded for euer from beinge of the Counsell;
It was by a generall erecéon of hand¢ (no one dissentinge) concluded
and ordered that he should be put of and excluded for euer from the
Counsell.

"
,,V02-P0269-M01545-01553,Counsell,ORG_OR_COMMITTEE,candidate,V02-P0269,1545,1553,"Herevpon the Ea: of Southampton said, that seeinge the opinions
were somewhat different, he would propound a middle waye touching
his suspenéon from the Geanse ||Company||, namely that it might be
for a time vntill he shall submitt him selfe and not absolutely for euer,
In the end after some dispute it was thought fitt to make a question:
ffirst therefore his lp: putting to the question whither m™ Wrote
should be put of and excluded for euer from beinge of the Counsell;
It was by a generall erecéon of hand¢ (no one dissentinge) concluded
and ordered that he should be put of and excluded for euer from the
Counsell.

"
,,V02-P0272-M01505-01513,Counsell,ORG_OR_COMMITTEE,candidate,V02-P0272,1505,1513,"His lp: moued that these followinge might be admitted of the Counsell
in respect of their worth and sufficiency vizt

Lo: Maynard.

"
,,V02-P0275-M01738-01746,Counsell,ORG_OR_COMMITTEE,candidate,V02-P0275,1738,1746,"[187] at all from that w™ was formerly agreed on by the Quarter
Court€ and that the Lords of his Ma“ Priuy Counsell hauinge bin
acquainted by the Lord Treasuror with the Contract did verie well

"
,,V02-P0279-M00471-00479,Counsell,ORG_OR_COMMITTEE,candidate,V02-P0279,471,479,"268 RECORDS OF THE VIRGINIA COMPANY

S' Edwin Sandys said that hauinge surrendred his place, w™ he verie
seriously protested he would not againe accept, he would speake
freely what he thought, he said that he conceaued this buissines to
be one of the most difficult and intricate that in the like kinde had
bin euer attempted: and that the matter of sellinge the Tobacco was
one of the least part€ of the buissines as had bin well declared in a
writinge presented to the Counsell and Cofiittees before the Quarter
Court wherein the Offices were propounded and passed, for although
that care and labo"" should be much eased if the Sales Should passe so
in great peell€ as was propounded, yet it could not be but that much
would remayne behinde, whereof there must be daylie sellinge, but
this was the Comittees labo’ propperly, the [190] Directors and
Deputies and Treasurors would be a continuall and endles labo"" from
the keepinge out of bringinge in Tobacco vnduly, the attendance of
the Lord Treasuror, the aunswearinge and satisfyinge of so many
hundreth of people as would be interessed in this buissines, the pro-
poréoninge of mens Diuident¢ w™ would be often to be made and that
verie intricate considering that the buissines depended vpon many
and very indifferent Account€ and part€ w™ yet must all be reduced
to one vnity of Acéon:"
,,V02-P0289-M00167-00175,Counsell,ORG_OR_COMMITTEE,candidate,V02-P0289,167,175,"278 RECORDS OF THE VIRGINIA COMPANY

tinge of vnworthie Members ||psons|| w"" Comittee accordinge to the
forme prescribed in the lawes are to bringe their labo’ to the Counsell,
and the Counsell to the Preparatiue Court, and so to the Quarter
Court:"
,,V02-P0289-M00185-00193,Counsell,ORG_OR_COMMITTEE,candidate,V02-P0289,185,193,"278 RECORDS OF THE VIRGINIA COMPANY

tinge of vnworthie Members ||psons|| w"" Comittee accordinge to the
forme prescribed in the lawes are to bringe their labo’ to the Counsell,
and the Counsell to the Preparatiue Court, and so to the Quarter
Court:"
,,V02-P0296-M01761-01769,Counsell,ORG_OR_COMMITTEE,candidate,V02-P0296,1761,1769,"ffirst that there should be a safe and stronge rome chosen in the Com-
panies howse for the Keepinge of the moneyes that shalbe receaued
and stronge Iron Chest€ prouided to put the money in: and that both
the Chest¢ and rome should be vnder three lock¢€ and keys, whereof
one should be in the Keepinge of the Treasuror of the Virginia Com-
panie, one other in the keepinge of the Gouernor of the Sumer [lande
Company and the Third the Treasuror for this Contract should haue,
So that the Treasuror should not goe into the Treasury w“out the
knowledge and consent of the two aforesaid Gouernors nor otherwise
then with them or at least some psons of worth and sufficiency deputed
by them: ffor in reguard that it cannot be that such noble personages
should haue leasure so often as need might require to be personally
present, it was therefore thought fitt that the Treasuro’ of Virginia
might leaue his key with some one of the Counsell and the Gouernor
of the Sufier Iland€ with some of the Assistant¢, [204] So that by
this meanes it was conceaued that the money after it was brought
into the Treasury would be safer and better secured then by any Bonde
or Suertishipps whatsoeuer.

"
,,V02-P0303-M01200-01207,Deputie,TITLE_OR_ROLE,candidate,V02-P0303,1200,1207,"ffor the releife of the Planters vpon w™ ground so many had vnder-
taken to turne all topsie turuy m‘ Deputie said that the Directo’ and
Comittees hauinge seriously considered of the matter did not finde
that there was like to be either that great number of them as if neces-
sity should foree them to sell vnder foote ||there should followe any
great"
,,V02-P0308-M02269-02272,Nos,EDITORIAL_REFERENCE,candidate,V02-P0308,2269,2272,"Many rough notes and memoranda by members of the
opposition are mentioned in List of Records, between Nos."
,,V02-P0309-M01669-01677,Counsell,ORG_OR_COMMITTEE,candidate,V02-P0309,1669,1677,"[214]

Touchinge w™ the Ea: of Southampton said it appeares as well by the
verie petiéon it selfe as also by a Letter from the Colony at that time
vnto the Counsell here, that the Collony did meane nothinge lesse
then was pretended and that the scope of their petiéon was onely to
obtaine liberty to bringe in their Tobacco into England whereof they
were at that time vtterly debarred.

"
,,V02-P0314-M00822-00830,Counsell,ORG_OR_COMMITTEE,candidate,V02-P0314,822,830,"MARCH 5, 1628 sae li 303

ouer his eyes and foldinge his Armes acrosse and leninge backeward
in his Chaire, as if all were lost, w™ kinde of behauic’ and former
worde, frighted the Companie to yeald vnto this Bargaine it beinge
concealed from them (w™ nowe their Tt signified) that this Contract
was offred by the Lord Treasuror in his Ma” name as from his espea-
ciall grace to the aduancement of the Plantations: And further m’
Binge said that the Ea: of Southampton did not onely saye that he
would be m* Wrotes Accuser, and that whilest he was in the Com-
panie there would be no peace nor quiet but that he did make it his
suite vnto the Companie to put him out: And these thing€ amongst
many other his lp: said m’ Binge did not onely deliuer but Act; and
that in such a manner as was distastfull to the Lord¢ of the Counsell:
Wherevpon m’ Binge was by their tt* rebuked for his behauio’ and
worde; and his Lp: said he could not forbeare to desire iustice of the
Bourd against him for hauinge so wronged and abased the Ea of
Southampton beinge a Peere of the Realme and a Member of that
Bourd not only nowe in their ll”* presence but also other where hau-
inge said as by two sufficient Wittnesses would be there proued that
if he had bin as m™ Wrote when my Lo: of Southampton by order of
the Counsell for Virginia suspended him from thet |le||"
,,V02-P0314-M01299-01307,Counsell,ORG_OR_COMMITTEE,candidate,V02-P0314,1299,1307,"MARCH 5, 1628 sae li 303

ouer his eyes and foldinge his Armes acrosse and leninge backeward
in his Chaire, as if all were lost, w™ kinde of behauic’ and former
worde, frighted the Companie to yeald vnto this Bargaine it beinge
concealed from them (w™ nowe their Tt signified) that this Contract
was offred by the Lord Treasuror in his Ma” name as from his espea-
ciall grace to the aduancement of the Plantations: And further m’
Binge said that the Ea: of Southampton did not onely saye that he
would be m* Wrotes Accuser, and that whilest he was in the Com-
panie there would be no peace nor quiet but that he did make it his
suite vnto the Companie to put him out: And these thing€ amongst
many other his lp: said m’ Binge did not onely deliuer but Act; and
that in such a manner as was distastfull to the Lord¢ of the Counsell:
Wherevpon m’ Binge was by their tt* rebuked for his behauio’ and
worde; and his Lp: said he could not forbeare to desire iustice of the
Bourd against him for hauinge so wronged and abased the Ea of
Southampton beinge a Peere of the Realme and a Member of that
Bourd not only nowe in their ll”* presence but also other where hau-
inge said as by two sufficient Wittnesses would be there proued that
if he had bin as m™ Wrote when my Lo: of Southampton by order of
the Counsell for Virginia suspended him from thet |le||"
,,V02-P0314-M01351-01359,Counsell,ORG_OR_COMMITTEE,candidate,V02-P0314,1351,1359,"Counsell he
would haue told him His lp: should not suspend him from the Coun -
sell of Virginia beinge a suspended Lord himmseke from the Counsell
Fable |lof State||: W° Speech m’ Binge denied desiringe that point
might be deferred till the returne of my Lo: of Warwick and m’ Wrote
who were nowe with the Kinge."
,,V02-P0314-M01489-01497,Counsell,ORG_OR_COMMITTEE,candidate,V02-P0314,1489,1497,"Counsell he
would haue told him His lp: should not suspend him from the Coun -
sell of Virginia beinge a suspended Lord himmseke from the Counsell
Fable |lof State||: W° Speech m’ Binge denied desiringe that point
might be deferred till the returne of my Lo: of Warwick and m’ Wrote
who were nowe with the Kinge."
,,V02-P0314-M01699-01707,Counsell,ORG_OR_COMMITTEE,candidate,V02-P0314,1699,1707,"His Ip: said that the Lorde of the
Counsell seemed much offended with m‘ Binge; and said they would
\|not|| let is it passe"
,,V02-P0316-M00510-00518,Counsell,ORG_OR_COMMITTEE,candidate,V02-P0316,510,518,"And this pointe his Ip: said after longe debate and dispute was so well _
cleared as he supposed the Lord¢ of the Counsell were fully satisfied
with the reasons giuen on the Companies part vizt"
,,V02-P0318-M00945-00953,Counsell,ORG_OR_COMMITTEE,candidate,V02-P0318,945,953,"To the Right Honorable the Earle of Southampton and other the Lords and to
the right worp!t the Knights and the rest of the Counsell and Compagny for
Virginia

Right Honorable’

The people heare hauing taken notice of his Ma‘: late Proclamagon against Letter

the Importaton of Tobacco into England have offered vnto vs the Petiton
herew“all sent desyringe vs to be a means soe to comend itt vnto yo"" as that
itt may be plsented to his Ma""*: and his gratious answere thervnto obteyned,
w their desires togeather w™ their Sour§ owne, Wee doe hereby offer vnto
yo"" humbly entreatinge itt may be deliuered in as humble and effectual] man-
ner as may be seinge the life of the Plantaton dependeth vppon the wellfare of
itt"
,,V02-P0322-M00900-00908,Counsell,ORG_OR_COMMITTEE,candidate,V02-P0322,900,908,"ffirst it was put to the question whither in passinge the Contract
between his Ma“ and the two Companies for Virginia and the Sufier
Tlands for the sole Importaéon of Tobacco there had bin euer any
ouerawinge of any man by my Lo: of Southampton or my Lo Cauen-
dish or any other by any psonall speach or carriage or by vsinge any
worde of power either as in his Ma*“ name or the Lord TYers or the
Lorde of the Counsell: It was by a generall erec@on of handé€ (no one
dissentinge) denied that there had euer bin any manner of onerawinge
of any man in passinge the said Contract.

"
,,V02-P0322-M01592-01600,Counsell,ORG_OR_COMMITTEE,candidate,V02-P0322,1592,1600,"S* Edwin Sandys hauinge desired (as he had doni often before) that
they might proceed to the mayne buissines touchinge the Importaéon
of Tobacco delivered that after longe arguinge at the Counsell bourd
by the Opposite pty against the intended Contract, it pleased the Lord
President with great grauity and wisedome to moue that seeinge they
disliked so much of this Contract they would propose some other
course for the managinge of the Importaéon and Sale of Tobacco
whereby [224] the matter might be so setled as to giue more generall
content still preseruinge a due reguard to those twoe mayne end¢€
namely the vpholdinge of his Ma” proffitt together with the benifitt
of the Plantations.

"
,,V02-P0325-M00758-00766,Counsell,ORG_OR_COMMITTEE,candidate,V02-P0325,758,766,"Touchinge the second branch of 8‘ Iohn Wolstenhomes Proposition
as it was made at the Counsell bourd (for in other places he had made
it otherwise) that the Companies and Colonies should paye to the vse
of his Ma“ or the ffarmors of his Custome and Impost¢ 12° for euery
pound of Tobacco imported, it seemed that it was much more then
that Comodity could beare if the benifitt of the sole Importation were
taken from them; ffor if it were true w™ the Obiectors against the Con-
tract avouched that the Tobacco in the Colonyes stood them in 2® 6*
the pound, there beinge added thereto this 12*, and 6° at the least
more for freight and other publique charges of the Plantations it fol-
lowed that vnlesse the Tobacco were sold one with another at 4° the
pound, the Companies and Collonies should be loosers by it of their
principall¢ whereas contrariwise there seemed no probable apparance,
that in so great a glutt of Tobacco and the meaner sort of the Spanish
Tobacco beinge so cheape and the Comodity beinge diuided into so
many hundredé¢ of hande¢, that euer it would be sold at aboue 12° or
2° the pound at the vttmost and this he said was confirmed by the
experience of sundrie later yeares, wherein our Tobacco one with
another had not bin sold at aboue that proporéon: And although the
Planters [227] could afford their Tobacco at 12* p pound in the Plan-
tations, yet it is cleare that this charge of Tweluepence and 6* more
must needé cause that all they w™ dealt in that Coffiodity should liue
in a continuall losse to their vtter consumption, a veiwe whereof
might be taken he said in the late great Magazine w™ beinge comitted
into the handeé of a wise and prouident Director, after 6; yeares con-

"
,,V02-P0331-M00696-00704,Counsell,ORG_OR_COMMITTEE,candidate,V02-P0331,696,704,"that true it was he was often times ioyned
with S* Thomas Smith by the appointment of the Court€ in many
waightie buissines concerninge the Plantation; wherein he gaue his
faithfull aduise and Counsell: But said withall it was as true that
comonly what was then donne in Terme times duringe his aboad in
Towne was for the most part vndonn againe in the vacations when he
was absent out of Towne.

"
,,V02-P0331-M01966-01969,Nos,EDITORIAL_REFERENCE,candidate,V02-P0331,1966,1969,"'The rough draft and original copy of this order are referred to in List of Records, Nos."
,,V02-P0336-M01191-01199,Counsell,ORG_OR_COMMITTEE,candidate,V02-P0336,1191,1199,"After this the Lord Cauendish acquainted the Court with an order he
receaued from the Lord@ of the Counsell concerninge the bringing in
of all their good¢ and Coffiodities ||the Copie wherof|| doth here fol-
lowe (vizt)

"
,,V02-P0340-M00140-00148,Counsell,ORG_OR_COMMITTEE,candidate,V02-P0340,140,148,"MARCH 7, 1623 325

M’ Binge likewise moued that he might haue a Coppie of that w™ the
Lord Cauendish had reported that he had spoken at the Counsell
Table:"
,,V02-P0340-M00562-00570,Counsell,ORG_OR_COMMITTEE,candidate,V02-P0340,562,570,"Priuy Counsell touchinge their ff* Proposiéon and Comaund
for the Importinge of Tobacco and all other marchandize from the said
Plantations into England.

"
,,V02-P0344-M00363-00371,Counsell,ORG_OR_COMMITTEE,candidate,V02-P0344,363,371,"[239]

This donne the Lo Cauendish acquainted the Companie with what had
passed the last Tuesday morninge before the Tf¢. of the Counsell
touchinge m™ Binge who for his sundrie misdeameno”™ and insolent
speeches vsed not onely concerninge the Ea: of Southampton a Mem-
ber of that Bourd but also of a higher consequence was committed to
the Marshalseas and before his deliuery from thence is to giue the
said Ea: fittinge satisfacton as may appeare by their 1]°* order.

"
,,V02-P0346-M00963-00971,Counsell,ORG_OR_COMMITTEE,candidate,V02-P0346,963,971,"MARCH 19, 16023 =| 331

that whatsoeuer the Spanish Tobacco did arise to was taken awaye
from the Plantations: Wherevpon it was generally desired that his
Ma and the Lord¢€ might be peti@oned, that the Companies might be
freed from this condiGon, yet withall diuers of the Court professed,
that since by the Contract it was to be but for two yeares, and without
the Contract it would perhapps be for ever, that therefore it might -
withall be declared vnto the Lorde that if so be their 11” should not
thinke fitt for some higher reasons then their Court€ could conceaue,
to graunt this desire, the Companies did not desire to breake the Con-
tract although it were ioyned with this burden: Wherevpon S' Edwin
Sandys made the Proposition that followeth, That whereas by the
Contract they are tyed by Couenant to bringe in—80000—waight of
Spanish Tobacco in the first two or three yeares, whither they did not
thinke fitt [241] it be signified to the Lorde of the Counsell that they
do not vary from that agreement: But if it shall please their L? to
mediate with his Ma“ so farr in fauo' of the PlantaG@ons and §as§ that
the Contract may be discharged of that couenant either in whole or in
part, thet they ||shall|| take it for an extraordinary fauo’, and be a
very great encouragement both to Aduenturers and Planters: This
Proposition beinge likewise well approued was put to the question and
by a generall erecéon of hand¢ (no one dissentinge) desired the Lorde
might be earnestly moued to that effect as was proposed.

"
,,V02-P0348-M00598-00606,Counsell,ORG_OR_COMMITTEE,candidate,V02-P0348,598,606,"Lastly it was propounded to the consideracon and iudgement of the
Court, that in case before the Lord¢€ of the Counsell the Opposers
should make some Proposition for the abatement of the Custome and
Imposiéon, vpon condiéon the Companies yeald to bringe in all their
Tobacco and there be left a free Importaéon from other places; whither
the Companie did conceaue their estate bettered in this #++his manner
more then it was by the Contract, After longe and much debate, it
beinge in the end put to the question, it was by a generall erecéon of
hand@ (noe one dissentinge) adiudged that these two condiéons pro-
pounded vizt that the Companie should be bound to bringe in all, and
yet a freedome graunted to bringe in from other part€ would vtterly

ruine and ouerthrowe the Plantations and that [243] although the
charges were brought downe to Six pence yet the damage would be
farr greater then the ease.

"
,,V02-P0348-M01727-01735,Counsell,ORG_OR_COMMITTEE,candidate,V02-P0348,1727,1735,"Accordinge to these seuerall head proposed and agreed on the Co™
earnestly desired the

Lo: Cauendish - §' Iohn Dauers
S' Edw: Sackuill = 2 Deputies &
Collo:Ogle ~.- « - m' White

S' Rob: Killigrewe

or any fower of them would please to drawe vp a Remonstrance of
their said humble Proposition and Petiéon to the Lorde of the Priuy
Counsell and present the same vnto their Ilp* in the name of the
Companie.

"
,,V02-P0350-M00364-00372,Counsell,ORG_OR_COMMITTEE,candidate,V02-P0350,364,372,"[244]

The Lo: Cauendish signified that whereas at the last Court the Com-
panie tooke into their consideragons certaine Propositions w™ after
deliberaéon they agreed should be moued vnto the Lord¢ of the
Counsell and therevpon the Court appointed a Comittee to drawe
the same vp in writinge and present it to their ll"" Accordingly the
said Comittee proceeded and himselfe with diuers others presented it
vnto the Lorde beinge this w™ followeth together with the Remon-
strance formerly ordered to be deliuered vnto the Lord¢ touchinge the
Impossibility and great damage that would arise vnto the Plantation,
by beinge bound to bringe in all."
,,V02-P0357-M01053-01061,Counsell,ORG_OR_COMMITTEE,candidate,V02-P0357,1053,1061,"After this there was read the Letter receaued by y® James from the
Gouernour and Counsell of Virginia, who desiring that their humble
thanke might be presented to his Ma“ for his gracious fauour in that
supply of Armes & Munition sent them; the performance thereof
was recomended by the Court to S* Edward Sackuill; who was also
desired vpon fitt opportunity to moue his Ma‘ for y° ffoure hundred
young persons formerly peti@oned.’

M’ Palauicine moued in m* Wrotes name for a coppy of his Sentence,
w was ordered accordingly should be giuen him by the Secretary.

"
,,V02-P0363-M00296-00304,Counsell,ORG_OR_COMMITTEE,candidate,V02-P0363,296,304,"348 RECORDS OF THE VIRGINIA COMPANY

& vntrue informaéons [253] but yet withall for y°® very issue of y*
Petiéon it selfe, the Court liked very well, and by erecéon of hande
ordered, that a Petiéon should be p'sented to his Ma“ in y® name of
the Company, to beseech his Ma“ that the Lorde of y*° Counsell might
haue y° examinacon of these things, and that their Innocency or
guiltines might be cleared or punished."
,,V02-P0364-M02442-02450,Counsell,ORG_OR_COMMITTEE,candidate,V02-P0364,2442,2450,"Wee will not heer inlarge in declaringe the greate and assiduall care w™ y*
Counsell and Company w™ their principall Officers have from time to time
taken aswell in reclayminge the Colony from ouermuch followinge Tobacco
(every man beinge now stinted to a certaine proportion) as allso in settinge

"
,,V02-P0365-M00564-00572,Counsell,ORG_OR_COMMITTEE,candidate,V02-P0365,564,572,"Neither may wee forbear to doe that right to y° Gouerno*

Counsell, & other principall Officers now resydinge in Virginia as not to testi-
fie their solicitous care and industry in puttinge in execuéon our desires and
direccons as appeareth by their Proclamation and other orders to be seene.

"
,,V02-P0366-M01122-01130,Counsell,ORG_OR_COMMITTEE,candidate,V02-P0366,1122,1130,"The Counsell
and Comp*: to their great charge have given order for y° erecting of a fforte
in a convenient place in the same River to keep out fforraigne Invasion till
better ptparacon be made.

"
,,V02-P0368-M01381-01389,Counsell,ORG_OR_COMMITTEE,candidate,V02-P0368,1381,1389,"The menaginge of the intended Contract was vppon large deliberaéon by y°
Counsell of Virginia and the Cofiittees designed for that buisines conceaued to
be so great and troublesome an imployment as would wholly take vpp the

’ Officers times and itt was by none conceaued reasonable (imposinge soe great
a burthen) to exact mens Labours, w“out a proporéonable requitall for their
paines, especially their imploym*‘ in this case beinge for the pticuler raysinge
& advantage of seuerall psonns private estates by the higher sale of this Com-
oditie, and ther was never example of men thus imployed w“out Salary, this
beinge a buisines of meer merchandize and of distinct nature from a Plantation
and the Gouerment therof."
,,V02-P0376-M02441-02449,Counsell,ORG_OR_COMMITTEE,candidate,V02-P0376,2441,2449,"Butt if itt would please yo™ most sacred Ma"": seeings that the principall ends Remedy.
of the Companies in followinge the buisines of these Planta¢ons are for y°®
honour of yo"" Ma“ times (3) §in propagating of Christian Religid in those
Barbarous p*§' for the enlargment of yo’ kingdomes for the encrease of
yo"" Reuenue for the inrichinge of yo"" people and for the future strength of
this State to give contenance and encourragment to our proceedings to beleeue
well of the Companies and not to give creditt to purposed informaéons of the
members or some by their pcurement against the bodies of y* Companies to
give some testimony of yo"" gratious opinion and acceptance of our endeavors
by letter or otherwise, w™ might be for the honour and strengthninge of the
Companies, And that the rather because this late greate breach hath been
occasioned by their forwardnes soe exceedingly to advance yo"" Ma” proffitt
therby hopinge to have gayned yo"" Ma“ gratious good opinion and protecéon,
And if yo"" Ma‘* would be further pleased to thinke itt fitt to declare your
future intenéon y‘ for y* buisines of y° Courtt, the Courts shalbe lefte freely
to gouerne themselvs accordinge to their Lawes and letter Patent€ and wall
to giue presently some direcéon and order to y* LL’ of yo"" Counsell y* if ther
be any such pryvate conspiracie confederaéon or opposiéon as y*° Companies
can neither remedy nor punish they then to help them in y* remedy & punish-
m‘ of the same."
,,V02-P0378-M00895-00903,Counsell,ORG_OR_COMMITTEE,candidate,V02-P0378,895,903,"[264]

They humbly desire y* yo"" Ma” wilbe gratiously pleased to referr y® hearinge
of y° Complaints of the said Alderman and his Associates to y* bodie of yo""
Ma“: most honorable Priuy Counsell that from thence the Innocent may
receaue Justification and the Delinquents deserved punishment."
,,V02-P0379-M01166-01174,Counsell,ORG_OR_COMMITTEE,candidate,V02-P0379,1166,1174,"The Lo: Cauendish acquaynted the Company, that himselfe and the
rest had deliuered the Companies petiéon, together w™ y°® Declaraéon
and Relation ordered by the Last Court vnto his Ma” who referred
[265] it vnto y® Lorde of the Priuy Counsell, before whome himselfe

"
,,V02-P0383-M01772-01780,Counsell,ORG_OR_COMMITTEE,candidate,V02-P0383,1772,1780,"Wherevpon there was first read the draft of a Lre to y° Gouernour
and Counsell of Virginia; w being waighed, was by a generall
erecéon of hand¢€ approued and ordered to be p'sented to y® LL‘ of y°
Counsell.

"
,,V02-P0383-M01899-01907,Counsell,ORG_OR_COMMITTEE,candidate,V02-P0383,1899,1907,"Wherevpon there was first read the draft of a Lre to y° Gouernour
and Counsell of Virginia; w being waighed, was by a generall
erecéon of hand¢€ approued and ordered to be p'sented to y® LL‘ of y°
Counsell.

"
,,V02-P0387-M01137-01145,Counsell,ORG_OR_COMMITTEE,candidate,V02-P0387,1137,1145,"that the order may be explayned
and sett downe concerning the not sending any [270] Lres, the Com-
pany conceauing that at Counsell table, the tts did set only forbidd
them to write any Letters touching any contentious busines here at
home:"
,,V02-P0387-M02034-02042,Counsell,ORG_OR_COMMITTEE,candidate,V02-P0387,2034,2042,"The Lo: Cauendish acquaynted the Court, that whereas a Petition was
deliuered to his Ma” by m* Aldfan Iohnson, as also an Imformaéon
by Capt Butler termed by him The Vnmasked face of our Colonie in
Virginia, w™ was the occasion the Company likewise presented to his
Ma‘ their Two writings, viz’ the Declaracon, & Relation, together
w™ a Petition, Ioyning therein w"" m’ Alderman in y° issue of his
Petition, namely y* y®° examinaéon & rectefying of y° matters com-
pleyned of might be referred to y° tt* of the Counsell."
,,V02-P0392-M02109-02117,Counsell,ORG_OR_COMMITTEE,candidate,V02-P0392,2109,2117,"It was likewise ordered by erecéon of hande,
that for these businesses the Counsell might assemble themselues,
excluding those from their sayd meetings, who being of y°® Counsell
had ioyned w™ Aldfan Iohnson in accusing y° Gouernem' & Proceed -
ings of the Company these ffoure Last yeares.

"
,,V02-P0392-M02204-02212,Counsell,ORG_OR_COMMITTEE,candidate,V02-P0392,2204,2212,"It was likewise ordered by erecéon of hande,
that for these businesses the Counsell might assemble themselues,
excluding those from their sayd meetings, who being of y°® Counsell
had ioyned w™ Aldfan Iohnson in accusing y° Gouernem' & Proceed -
ings of the Company these ffoure Last yeares.

"
,,V02-P0394-M00518-00526,Counsell,ORG_OR_COMMITTEE,candidate,V02-P0394,518,526,"Vpon w™ great and pressinge
oceasion, diuers of y*® Counsell and Company to the nomber of ffifty,
being assembled together in a generall Comittee of the whole Com-
pany, thought fitt to make y° Comittee a Co™ for y* passing of this
busines onely."
,,V02-P0394-M01131-01138,Deputie,TITLE_OR_ROLE,candidate,V02-P0394,1131,1138,"And for y® perticuler Informa-
Gon giuen his Lo? against the Deputie, that he should be soe bold as
to putt it to question, whither the Companies would bring in all their
Tobacco since that tyme their TL?* had ordered that all should be
brought in; They are desired in the name of the whole Court to tes-
tify to his Lo? that that was an vntrue Informaéon, & that there hath
not beene any such question putt; nor any thing tending to that
purpose since their Lo™ order.

"
,,V02-P0399-M01310-01318,Counsell,ORG_OR_COMMITTEE,candidate,V02-P0399,1310,1318,"As for Vines likewise ther were dive™ Vine-
yeards planted in sundry places butt all of them putt back by y® Massacre,
butt for |the|| peoples derydinge of these Comodities or ||the|| books sent by
y°® Comp*: wee have neuer heard of any such scoffinge or derisions butt as the
Gouernor and Counsell ther are very desirous and haue sett forth Proclama-
fons to cause all men to sett both Vines and Mulbery Trees, so y* people
generally are very desyrous & forward to rayse those former Coffiodities of
Wine and Silke, & likewise divers other good Comodities."
,,V02-P0402-M01831-01839,Counsell,ORG_OR_COMMITTEE,candidate,V02-P0402,1831,1839,"After this was read the Letter written to the Gouerno’ and Counsell
in Virginia, being the selfe same in all pointe w™ that w™ had beene
confirmed in Two former Court€, except an addiéon signifying the
breach of y® Contract directly according to their Lo” comaund.?

"
,,V02-P0407-M00301-00309,Counsell,ORG_OR_COMMITTEE,candidate,V02-P0407,301,309,"S' Edward Sackuill said, that the Counsell hauing obserued a very
full Court to be now assembled, a great many of whome had beene
Long absent in the Country, & now desired to be informed of y*
passage of busines, did thinke fitt to §giue§ them an Account of the
Companies proceedings since their departure, & had in perticuler
desired him to acquaynt them, that the Contract concerninge Tobacco
was by order of y® LL’ of y® Priny Counsell dissolued; whose pleasure
Likewise it was, that publiq, notice should be giuen thereof.

"
,,V02-P0407-M01477-01485,Counsell,ORG_OR_COMMITTEE,candidate,V02-P0407,1477,1485,"Priuy Counsell, as also in y® Court€ and Comit-
tees."
,,V02-P0409-M02837-02845,Counsell,ORG_OR_COMMITTEE,candidate,V02-P0409,2837,2845,"Ther hath been allso hertofore a fac-
tion raysed in the Counsell for support of a Gouerno’ of Virginia who had

"
,,V02-P0413-M01971-01979,Counsell,ORG_OR_COMMITTEE,candidate,V02-P0413,1971,1979,"To w™ end haveinge assembled divers psonns of good Creditt lately com from
Virginia wherof one a Mynister who hath lived there Tenn years others of
good quallytie y* have lived there some of them 14 years and other some 6
years and others more or lesse, and the rest beinge Maisters of Ships and
Marriners w™ others wherof sundry of them hath been there often times and
are throughly acquainted w™ the River and all parts of y° Colony and the said
Comp* earnestly desyringe them to sett downe the trueth of their knowledge
in writinge, and in such sorte as they will allwaies be redy to iustifie the same
vppon their Oathes the said psons beinge to* ||the]] Nomber |lof|| 16, have done
accordingly and sett downe their answers to the Seaven firste Articles of the
said information as appeareth by the writinge here vnto annexed subscribed
w™ their hands by w™ writinge and answers itt doth plainely appeare that the
said Informaéon is in all the materiall parts therof most vntrueand may seeme
to have been purposely framed by the said Capt: Butler to raise distemper and
trouble in the Companies for y°® Plantacons y‘ therby bringinge althings here
to confusion himselfe might as in the darke escape those deserved censures and
punishm™: w™ for his evill Gouerment in the So: Ilands & many intollerable
oppressions, and principally for his wdrawinge of himselfe by his suddaine
and disorderly flight from the examynaéon of that important buisines of the
Spanish wrack, by a Comission sent thither for that purpose hee hadd cause to
feare, w™ Comission beinge sent thither not onely vppon promise to the Span-
ish Ambassado’ and for his iust sattisfacton butt allso by especiall order of the
LL: of his Ma“: most hono”®: Pryvy Counsell by the Acte and practise of the
said Cap‘ Butler and other his frends here who gaue him warninge therof,
remaines in greatest pt defeated and deluded."
,,V02-P0414-M00470-00478,Counsell,ORG_OR_COMMITTEE,candidate,V02-P0414,470,478,"To y° 9” Article conteyninge a Complainte of the new Gouerm* now in Vir-
ginia they haue noe cause to give any Creditt to the said Information; The

same in appearance beinge grounded vppon the said Captaines Discontent, and —

for y' hee was not accepted there to sitt in Counsell w™ them where to hee
could plead neither right nor deserte.

"
,,V02-P0415-M01253-01261,Counsell,ORG_OR_COMMITTEE,candidate,V02-P0415,1253,1261,"The Lo: Cauendish further acquaynted the Companies, that the
Counsell for Virginia and Principall Assistant¢ of y® Sufier Dandes
had vpon Large and serious consideraéon of these plsent distracéons
in y° Company drawne by a certen Declaration, conteyning in their
iudgm‘ One mayne roote of these troubles, w™ they thought fitt to pre-
sent to y° Court, w™ was ordered to be read being as followeth, viz‘

May 7 1623.
"
,,V02-P0415-M01633-01641,Counsell,ORG_OR_COMMITTEE,candidate,V02-P0415,1633,1641,"A Declaragon made by the Counsell for Virginia and Principall Assist-
ants for y° Sumer Ilandes of their Iudgments touchinge eur fone
originall great cause of the dissentions in y® Companies and present
opposiéons.

"
,,V02-P0415-M01832-01840,Counsell,ORG_OR_COMMITTEE,candidate,V02-P0415,1832,1840,"His Ma“ Counsell for Virginia being assembled according to y°’ Order of the
Courte of the 23"" of Aprill and takinge into consideragon the present Differ-
ences and distractons in the Company and accordinge to their duty entringe

1 The rest of this declaration is in the autograph of Thomas Collett (7).

"
,,V02-P0417-M02780-02789,Treasurer,TITLE_OR_ROLE,candidate,V02-P0417,2780,2789,"This course of Capt Argalls sendinge home a strange murmur of Complaints
against him in the Summer i6i8: S' Thomas Smith beinge then Treasurer and
Alderman Iohnson Dep’ the Comp*: were soe enflamed w™ these outrages that

"
,,V02-P0418-M01039-01047,Counsell,ORG_OR_COMMITTEE,candidate,V02-P0418,1039,1047,"Before w™ time in the said Summer i6i8 vppon the Clamo”™ aforesaid S'
Thomas Smith and Alderman Iohnson w Divers others of the Counsell
addressed their Lres to y° saide Lord Lawarr lately gone for Virginia requyr-
inge him to send home the saide Captaine Argall in quallety of a Mallefactor
and to sequester all his goods there for restituéon to y° Company; ther was
afterwards an order resolved in Court that what goods of Cap’ Argalls sbould
be returned for England should be likewise seized on for the Companies vse.
"
,,V02-P0419-M01083-01091,Counsell,ORG_OR_COMMITTEE,candidate,V02-P0419,1083,1091,"All this notwstandinge the Company proceeded on in their course against
Cap‘ Argall and by advise of the Counsell and a choyse Comittee prepared
divers Comissions to be sent w S' George Yeardley for the proceedinge
against the Captaine in Virginia."
,,V02-P0420-M00736-00744,Counsell,ORG_OR_COMMITTEE,candidate,V02-P0420,736,744,"Now att the Arrivall here of Captaine Argall in y* form9 parte of the yeare
1619: when S' Edwin Sandys was Treasuror The Counsell after some time
peeeded to y° examinaton of the said Captaine havinge wdrawne himselfe
from due tryall in the parts wher y° ffacts were Comitted and where the true
proofs on both sides were to be readilie had.

"
,,V02-P0420-M01473-01481,Counsell,ORG_OR_COMMITTEE,candidate,V02-P0420,1473,1481,"Butt by these
meanes the matter was drawne to soe extreame length and the Counsell and
Company soe extreamly weryed that in fine Cap‘ Argall goinge the Voyadge
to Argier all further psecuéon hath been sinee susspended and the Comp*:
defrauded of y*° great restituéon w™ after soe great wronge they had great
reason to expect.

"
,,V02-P0420-M01900-01908,Counsell,ORG_OR_COMMITTEE,candidate,V02-P0420,1900,1908,"ffrom w™ time the saide Earle and S™ Nathaniell Rich w™ others his Lo™*: fol-
lowers have generally absented them selves from the Courts of the Company
and other meetings in Counsell, And the said Earle and S' Nathaniell Rich to-
gether w” S"" Thomas Smith haue allsoe sould awaie their Adventures in the
pticuler Plantaton wherof they were."
,,V02-P0423-M01622-01630,Counsell,ORG_OR_COMMITTEE,candidate,V02-P0423,1622,1630,"To Virginia hee came in an ill season of the yeare towardes the extremity of
Winter, and in a worse time otherwise after the late Massacre where beinge
refused to sitt in Counsell w™ them, wherto hee could shewe no right though
otherwise entertayned w™ very great courtesie, hee fedd his eyes w™ the mis-
erable spectacle of a Country ouerrun §w""""§' a late Treacherous warr, w™ in a
harte of any sence of mortall Calamytie would have wrought though not a
Christian yett an humaine Compassion.

"
,,V02-P0424-M01917-01925,Counsell,ORG_OR_COMMITTEE,candidate,V02-P0424,1917,1925,"This Remonstrance of the strange and longe continued pceedings of the Instru-
ments afore saide, y° said Counsell and principall Assistants haue thought fitt
to gather into one bodie, and soe to offer itt to y° veiwe and Iudgment of the
generall Court€ beinge a matter of the highest importance y‘ ever came into
their consideragons, as concerninge not a fewe Branches, butt the very Bodies,
lyfe and subsistence of both the Plantatons and Companie."
,,V02-P0425-M02161-02169,Counsell,ORG_OR_COMMITTEE,candidate,V02-P0425,2161,2169,"Yo"" Supp"": most humbly beseech yo’ excellent Ma” to be pleased to give forth
yo"" Royall Commaund y‘ the said Comission may proceed wall convenyent
expedition y‘ therby yo"" Ma” may be informed of the truth of matters now
questioned y° innocent may bee cleered, & y* culpable receaue deserved
punishment,

Meane time they allso humbly beseech yo"" Ma”: y‘ the great and vnited bodies
of the said Companies may still stand right in yo"" Princely iudgment and not
be weighed as in equall ballance w these few oppugners w™ never appeared
to exceed 26 in nomber who have been the vsuall disturbers of the Companies
and have contributed }ittle helpe either by purse or Counsell to y* great Plan-
taton and who to the extreame iniury both of y° Companies and Colonies have
pisumed to wronge the Sacred ears of yo"" Ma”: w™ many most grosse vatruthes
as they doubt not will in due time most manyfestly appeare

Lastly they allso humbly entreat yo"" Ma‘’ y‘* the Companies Bookes beinge the
Recordes of their Courts and w“out w™ they are not able to Gouerne their
buisines haveinge been sequestred from them now 14 daies may att length be
restored vnto them.

"
,,V02-P0430-M00030-00038,Counsell,ORG_OR_COMMITTEE,candidate,V02-P0430,30,38,"MAY 12, 1623 415

them to the Counsell; who approuing of them, desired they might be
brought to this Court according to the Lawe; Wherevpon was read
this Lawe following,

An order touching y° admitting of men to haue
Voice in Court.

"
,,V02-P0431-M00434-00442,Counsell,ORG_OR_COMMITTEE,candidate,V02-P0431,434,442,"But if y° matter comitted be of great importance, the Court shall pro-
ceed in this manner; The nomber of Comittees shalbe first agreed on
by y° exe Court, the one halfe shalbe first named by the Treasuror,
Deputy and Counsell, and the other halfe by the Gennerality, obseru-
ing y° order last before.

"
,,V02-P0436-M00530-00538,Counsell,ORG_OR_COMMITTEE,candidate,V02-P0436,530,538,"Counsell ffoure hundred pounds
allowed him for his Aduenture in Shares of Land to y® nomber of
Thirty two shares, that the said shares might be confirmed vnto him,
being his only sonne and heire, as also such Personall shares as are
due vnto him for y°® transport of men heretofore, or that hereafter he
shall transport at his owne charge."
,,V02-P0436-M01143-01151,Counsell,ORG_OR_COMMITTEE,candidate,V02-P0436,1143,1151,"S' Iohn Dauers propounded the admission of y* Lo: Bruice into the
Company and Counsell, who had of late shewed a great good affeccon
to y°® busines of y® Plantacon & Company."
,,V02-P0438-M00611-00619,Counsell,ORG_OR_COMMITTEE,candidate,V02-P0438,611,619,"S' Iohn Davers acquainted the Company that wheras by their orders
they were first to read the precedent Quarter Courte Itt could not
now be done by reason the LL’: of his Ma”: privie Counsell had se-
questred all the Courte Bookes out of y* Companies handeé.

"
,,V02-P0440-M00733-00741,Counsell,ORG_OR_COMMITTEE,candidate,V02-P0440,733,741,"Butt if the matter Comitted be of great importance the Court shall
peeed in this manner: The nomber of Comittees shalbe first agreed
on by the Courte the one halfe shalbe first named by the Treasuror
Deputy and Counsell and theother halfe ai the generallytie observ-
inge the order last before.

"
,,V02-P0444-M00313-00321,Counsell,ORG_OR_COMMITTEE,candidate,V02-P0444,313,321,"Accordinge to a former moon in y® Preparatiue Court y*® Lord Bruice
was now admitted into the Company and chosen to be one of his Ma”
Counsell by a generall erecéon of hands.

"
,,V02-P0444-M00405-00413,Counsell,ORG_OR_COMMITTEE,candidate,V02-P0444,405,413,"May was chosen to be one of the Counsell.

"
,,V02-P0444-M00520-00528,Counsell,ORG_OR_COMMITTEE,candidate,V02-P0444,520,528,"In like manner m* White and m‘ Tomlyns beinge proposed in y’
former Courte were now chosen to be of the Counsell ='—Fhemas.

M' Thomas Newton haveinge been employed in warninge of Courte
ever since m'‘ Carter lefte the place, and beinge proposed att the last
Court as one very sufficient to pforme the service, Itt was by erection
of hands agreed hee should be continued as Beadle in the warninge of
Courte till the next Quarter Courte & then should be chosen for the
place.

"
,,V02-P0445-M01111-01119,Counsell,ORG_OR_COMMITTEE,candidate,V02-P0445,1111,1119,"Itt was allsoe further moved y* the Comissioners might §be§ very
ernestly desyred togeather wth the examinaéon of the said informaéon
to take into their serious consideraéon the Declaration fisented by the
Counsell one Wednesday last touchinge Capt: Argall and Cap‘ Butler,
w"" was conceived to haue strict relation to that pt of Cap‘: Butlers
information w™ concerned the misgouerment in Virginia.

"
,,V02-P0447-M01524-01532,Counsell,ORG_OR_COMMITTEE,candidate,V02-P0447,1524,1532,"A Declaration made by the Counsell for Virginia
& principall Assistante for the Somer Dandeé of their
iudgment¢ touchinge one originall great cause of y°
dissenéon¢€ in y° Companies and present opposiéone

Deliuered into the Court by the Counsell on Wednesday the 7 of May
might be directed w request vnto the Comissioners that they would

"
,,V02-P0447-M01736-01744,Counsell,ORG_OR_COMMITTEE,candidate,V02-P0447,1736,1744,"A Declaration made by the Counsell for Virginia
& principall Assistante for the Somer Dandeé of their
iudgment¢ touchinge one originall great cause of y°
dissenéon¢€ in y° Companies and present opposiéone

Deliuered into the Court by the Counsell on Wednesday the 7 of May
might be directed w request vnto the Comissioners that they would

"
,,V02-P0448-M00141-00149,Counsell,ORG_OR_COMMITTEE,candidate,V02-P0448,141,149,"MAY 17, 1683 433

take speedy consideracon of itt was conceived that the said Declaraéon
was Deliuered vnto them allredy from the LL’ of the Counsell who
had the same and that itt was and would be incident w™ y* examina-
éon of Capt Butlers Declaraéon recomend from the last Quarter Court
to be first examined."
,,V02-P0448-M00580-00588,Counsell,ORG_OR_COMMITTEE,candidate,V02-P0448,580,588,"Butt for the more suerty itt was concluded that
the Gentlemen dyrected by the Court to goe w the Secretary (carry -
inge the Patents and book) should make request from the Company
to the Comissioners for the speedy examininge of the said Declaraéon
deliuered in by the Counsell for Virginia on Wednesday the 7” of May
together w™ the said former Declaraéon of Captaine Butler as matter
of speciall consequence & encourragm’ of the Plantaéon and therfor
to be speedyly cleered and adiudged.

"
,,V02-P0450-M00187-00195,Counsell,ORG_OR_COMMITTEE,candidate,V02-P0450,187,195,"MAY 24, 1623 435

sion now on foote for settling these buisinesses; Wee doe likewise utterlie
forbid, that any Complaints be brought to the Comissioners against any man
in y® name of the Counsell or Company, (as wee doe in like manner require the
Comissioners not to meddle w™ any such) because y‘ course tends onely to
Defamaéon and to raise more contenGon, for nothinge [318] can be the Act of
y° Company w™ is not first openly Debated and resolved; Wherin forasmuch |
as wee vnderstand the Lords of our Counsell haue given express order that no
matters of difference should be any more stirred there, and soe by that means
to bringe matters Determyned by y* Counsell and Company to the Comissioners
iudgm w were to preoccupate the Comissioners Iudgment€ or else to oppose
the Act and opynion of the Coffiissioners to y° Act of the Counsell & Company
Our will and pleasure therefore is y* whatsoever hee or they be that will Com-
plaine of any man, either for publiq, wronge to the Company or pryvate iniu-
ries to himselfe, they shall bring their Complaints in writinge subscribed w™
their names to y° Comissioners, who shall receive answere therof in writinge
and therevppon pceed as they shall see cause: In all w% wee doe assure our
selves to finde that conformitie from yo"", w™ in duety yo"" owe to our
Comaundem“, & w vndoubtedlie wee shall expect att yo"" hands; Given
vnder our Signett att our Court att Greenwich y° 18 of May 1623 In the one
and Twentieth yeare of our Raigne of great Brittaine, ffraunce & Ireland.

"
,,V02-P0450-M00506-00514,Counsell,ORG_OR_COMMITTEE,candidate,V02-P0450,506,514,"MAY 24, 1623 435

sion now on foote for settling these buisinesses; Wee doe likewise utterlie
forbid, that any Complaints be brought to the Comissioners against any man
in y® name of the Counsell or Company, (as wee doe in like manner require the
Comissioners not to meddle w™ any such) because y‘ course tends onely to
Defamaéon and to raise more contenGon, for nothinge [318] can be the Act of
y° Company w™ is not first openly Debated and resolved; Wherin forasmuch |
as wee vnderstand the Lords of our Counsell haue given express order that no
matters of difference should be any more stirred there, and soe by that means
to bringe matters Determyned by y* Counsell and Company to the Comissioners
iudgm w were to preoccupate the Comissioners Iudgment€ or else to oppose
the Act and opynion of the Coffiissioners to y° Act of the Counsell & Company
Our will and pleasure therefore is y* whatsoever hee or they be that will Com-
plaine of any man, either for publiq, wronge to the Company or pryvate iniu-
ries to himselfe, they shall bring their Complaints in writinge subscribed w™
their names to y° Comissioners, who shall receive answere therof in writinge
and therevppon pceed as they shall see cause: In all w% wee doe assure our
selves to finde that conformitie from yo"", w™ in duety yo"" owe to our
Comaundem“, & w vndoubtedlie wee shall expect att yo"" hands; Given
vnder our Signett att our Court att Greenwich y° 18 of May 1623 In the one
and Twentieth yeare of our Raigne of great Brittaine, ffraunce & Ireland.

"
,,V02-P0450-M00661-00669,Counsell,ORG_OR_COMMITTEE,candidate,V02-P0450,661,669,"MAY 24, 1623 435

sion now on foote for settling these buisinesses; Wee doe likewise utterlie
forbid, that any Complaints be brought to the Comissioners against any man
in y® name of the Counsell or Company, (as wee doe in like manner require the
Comissioners not to meddle w™ any such) because y‘ course tends onely to
Defamaéon and to raise more contenGon, for nothinge [318] can be the Act of
y° Company w™ is not first openly Debated and resolved; Wherin forasmuch |
as wee vnderstand the Lords of our Counsell haue given express order that no
matters of difference should be any more stirred there, and soe by that means
to bringe matters Determyned by y* Counsell and Company to the Comissioners
iudgm w were to preoccupate the Comissioners Iudgment€ or else to oppose
the Act and opynion of the Coffiissioners to y° Act of the Counsell & Company
Our will and pleasure therefore is y* whatsoever hee or they be that will Com-
plaine of any man, either for publiq, wronge to the Company or pryvate iniu-
ries to himselfe, they shall bring their Complaints in writinge subscribed w™
their names to y° Comissioners, who shall receive answere therof in writinge
and therevppon pceed as they shall see cause: In all w% wee doe assure our
selves to finde that conformitie from yo"", w™ in duety yo"" owe to our
Comaundem“, & w vndoubtedlie wee shall expect att yo"" hands; Given
vnder our Signett att our Court att Greenwich y° 18 of May 1623 In the one
and Twentieth yeare of our Raigne of great Brittaine, ffraunce & Ireland.

"
,,V02-P0452-M01627-01635,Counsell,ORG_OR_COMMITTEE,candidate,V02-P0452,1627,1635,"Itt is likewise our pleasure y* in psecucon of such causes
before our Comissioners as concerne the vnited body of yo"" Company the
Comp*: may in their owne name followe the same butt shall nott by any
meanes in publiq, Court cause to be read any matter of psonall charge tending
to the publiq, disgrace of any pson whatsoever butt shall leave the same to
such of our Counsell for Virginia as y° body of y° Comp*: hath no complainte
against or such other Comittees as y* Court shall thinke Convenyent; And our
express pleasure is that y° Compa: forbeare to take vppon them the psecuéon
of any one pticuler mans cause but shall leave them w“out such publiq, ptec-
éon to exhibite everie one his Complainte in his owne name w™ they shall allso
subscribe w™ their hands; Given vnder our Signett att our Court att"
,,V02-P0453-M01312-01320,Counsell,ORG_OR_COMMITTEE,candidate,V02-P0453,1312,1320,"And to this end for the better preparinge of those
and other matters wherof the Company were to make their defence;
Itt was thought fitt and by a generall erecton of hands ordered y‘
the Auditors and those seuerall Comittees y’ were formerly appoynted
should againe meet as often as there should be occasion; And that
the Counsell should allsoe meet and ioyne w™ them in their advises
about the same And soe in the Companies name matters should be
presented to the Comissioners accordinge to the permission of his
Ma"": letter.

"
,,V02-P0455-M01791-01799,Counsell,ORG_OR_COMMITTEE,candidate,V02-P0455,1791,1799,"Generall letter the Gouernor
and Counsell doe promise [$22] the next year to see paide and dis-
charged and the Company reimbursed, yett itt came now most
vnfortunately and greiuously.

"
,,V02-P0456-M00815-00823,Counsell,ORG_OR_COMMITTEE,candidate,V02-P0456,815,823,"The Owners of the Abigall further Acquainted the Court that wneras
they vnderstood a great part of the beer, was bad and such as had
likelie much endamaged the peoples health that, that Beer was bought
of m* Dupper, who had received of them a great price for itt: Wher-
fore as well for the Cleeringe of their Inocencie as allso for the iust
sattisfactéon of the world they purposed to Complaine either to the
Comissioners or the GL‘ of the Counsell in cause the Company had
not sufficient authorytie of themselvs to peeed against m* Dupper
desyringe y’ the Company would be pleased to take the matter into
their serious Consideraéon and to ioyne w™ them as well for the pre-
ventinge of the like hereafter as allso that as the Company had the
greatest pt in the Damage so they might iustly expect in the restitu-

éon: The Court conceivinge the matter very waightie and by no means
to be passed ouer did referr itt to the Counsell to advise what course
were fittest to be held and to peeed theron accordinglie either before
the LL’: of thé Counsell or the Comissionors.

"
,,V02-P0456-M01297-01305,Counsell,ORG_OR_COMMITTEE,candidate,V02-P0456,1297,1305,"The Owners of the Abigall further Acquainted the Court that wneras
they vnderstood a great part of the beer, was bad and such as had
likelie much endamaged the peoples health that, that Beer was bought
of m* Dupper, who had received of them a great price for itt: Wher-
fore as well for the Cleeringe of their Inocencie as allso for the iust
sattisfactéon of the world they purposed to Complaine either to the
Comissioners or the GL‘ of the Counsell in cause the Company had
not sufficient authorytie of themselvs to peeed against m* Dupper
desyringe y’ the Company would be pleased to take the matter into
their serious Consideraéon and to ioyne w™ them as well for the pre-
ventinge of the like hereafter as allso that as the Company had the
greatest pt in the Damage so they might iustly expect in the restitu-

éon: The Court conceivinge the matter very waightie and by no means
to be passed ouer did referr itt to the Counsell to advise what course
were fittest to be held and to peeed theron accordinglie either before
the LL’: of thé Counsell or the Comissionors.

"
,,V02-P0456-M01415-01423,Counsell,ORG_OR_COMMITTEE,candidate,V02-P0456,1415,1423,"The Owners of the Abigall further Acquainted the Court that wneras
they vnderstood a great part of the beer, was bad and such as had
likelie much endamaged the peoples health that, that Beer was bought
of m* Dupper, who had received of them a great price for itt: Wher-
fore as well for the Cleeringe of their Inocencie as allso for the iust
sattisfactéon of the world they purposed to Complaine either to the
Comissioners or the GL‘ of the Counsell in cause the Company had
not sufficient authorytie of themselvs to peeed against m* Dupper
desyringe y’ the Company would be pleased to take the matter into
their serious Consideraéon and to ioyne w™ them as well for the pre-
ventinge of the like hereafter as allso that as the Company had the
greatest pt in the Damage so they might iustly expect in the restitu-

éon: The Court conceivinge the matter very waightie and by no means
to be passed ouer did referr itt to the Counsell to advise what course
were fittest to be held and to peeed theron accordinglie either before
the LL’: of thé Counsell or the Comissionors.

"
,,V02-P0460-M01506-01514,Counsell,ORG_OR_COMMITTEE,candidate,V02-P0460,1506,1514,"Soe y‘ the fraight would fall short of what the Comp* was
bound to pay them homeward 320"" or ther aboute towardé all which
ther was nothinge sent butt a Small quantytie of Saxafras, And
although by the generall letter the Gouerno' and Counsell doe pmise
& binde themselvs to make full sattisfacéon and reimburse this charge
to the Company yett the Cofiittee did conceaue the Company not a
little wronged in the not pformance therof especially consideringe the
great quantitie w™ was sent to Holland wherout they conceived there
should haue been made a good allowance toward¢ the Defrayinge of
this Charge.

"
,,V02-P0461-M00324-00332,Counsell,ORG_OR_COMMITTEE,candidate,V02-P0461,324,332,"[326]

As for the farther Demaund of the Owners of the Abigall who say y‘
by the authority and power of the Gouernor and Counsell in Virginia
they were deteyned vntill the last day y' they were bound to stay in
case they had gone forward w™ the Forte and thervppon Demaunded
sattisfaccon of 160"": p monneth accordinge as their Charter pty express-
eth they should haue in case they were deteyned longer then Aprill:
The Comittee conceaved that in case itt shalbe sufficiently proved that
the said Ship and Marriners were deteyned as they pltended that then
theris sattisfaction to be made them from the Colony accordingly as
was Covenanted in the Charter pty: Butt in regard that the Marriners
to whose benifitt the ptractinge of Voyadges cheifly conduceth are
not sufficient wittness and y*"
,,V02-P0462-M01639-01647,Counsell,ORG_OR_COMMITTEE,candidate,V02-P0462,1639,1647,"S' Iohn Dauers signified that the Counsell haveinge taken into their
consideraéon that although there be many worthy Cittizens of the
Counsell, yett either through busines or otherwise they doe not give
that diligent attendance as the Actions of the Plantaéons requires And
since the Nobillytie and gentry are most of them absent in the Vaca-
tion when yett divers waighty and vrgent busisnesses happen The
Counsell therfore in Supply therof haue thought fitt that fower should
be Chosen of the Counsell such as their continuall lyvinge in Towne

"
,,V02-P0462-M01739-01747,Counsell,ORG_OR_COMMITTEE,candidate,V02-P0462,1739,1747,"S' Iohn Dauers signified that the Counsell haveinge taken into their
consideraéon that although there be many worthy Cittizens of the
Counsell, yett either through busines or otherwise they doe not give
that diligent attendance as the Actions of the Plantaéons requires And
since the Nobillytie and gentry are most of them absent in the Vaca-
tion when yett divers waighty and vrgent busisnesses happen The
Counsell therfore in Supply therof haue thought fitt that fower should
be Chosen of the Counsell such as their continuall lyvinge in Towne

"
,,V02-P0462-M02012-02020,Counsell,ORG_OR_COMMITTEE,candidate,V02-P0462,2012,2020,"S' Iohn Dauers signified that the Counsell haveinge taken into their
consideraéon that although there be many worthy Cittizens of the
Counsell, yett either through busines or otherwise they doe not give
that diligent attendance as the Actions of the Plantaéons requires And
since the Nobillytie and gentry are most of them absent in the Vaca-
tion when yett divers waighty and vrgent busisnesses happen The
Counsell therfore in Supply therof haue thought fitt that fower should
be Chosen of the Counsell such as their continuall lyvinge in Towne

"
,,V02-P0462-M02100-02108,Counsell,ORG_OR_COMMITTEE,candidate,V02-P0462,2100,2108,"S' Iohn Dauers signified that the Counsell haveinge taken into their
consideraéon that although there be many worthy Cittizens of the
Counsell, yett either through busines or otherwise they doe not give
that diligent attendance as the Actions of the Plantaéons requires And
since the Nobillytie and gentry are most of them absent in the Vaca-
tion when yett divers waighty and vrgent busisnesses happen The
Counsell therfore in Supply therof haue thought fitt that fower should
be Chosen of the Counsell such as their continuall lyvinge in Towne

"
,,V02-P0463-M00364-00372,Counsell,ORG_OR_COMMITTEE,candidate,V02-P0463,364,372,"448 RECORDS OF THE VIRGINIA COMPANY

doth pmise they wilbe verie carefull of the buisiness w™ they haue as
pryvate members Dilligently followed and thervppon ppounded

m* George Scott,
m’ Iohn Bland Cittizens
m’ Tho: Whitley
m* Berblock gent

Whervppon itt was by erecéon of hands ordered y* they should be
recomended to the Quarter Courte to be chosen of his Ma: Counsell.

"
,,V02-P0463-M00797-00805,Counsell,ORG_OR_COMMITTEE,candidate,V02-P0463,797,805,"A moéon was made in the behalfe of Cap* Bargraue that aswell in
regaurd of his longe attendance and sufficiencie as allso for that hee
had spent a good pt of his estate to advance the Plantaéon in Virginia
hee might therfore haue that favour afforded him as to succeed 8°
William Nuce deGeased in the place of Marshall of Virginia, w™
moéon and request the Courte thought fitt to referr to the further
Consideraéon of the Counsell.

"
,,V02-P0465-M00876-00884,Counsell,ORG_OR_COMMITTEE,candidate,V02-P0465,876,884,"M’ Deputy acquainted the Court that he had receaued a Letter from
his Ma“ sent vnto him by a Servaunt of m* Secretary Caluerts |jand
directed|| to the Treasuror Counsell and Companie for Virginia with
w tre hauinge acquainted the Counsell for Virginia they thought
fitt it should be first read before they proceeded to any other buissi-
nes: wherevpon the Lre was opened and read the Coppie whereof
doth here ensue."
,,V02-P0466-M01684-01691,Deputie,TITLE_OR_ROLE,candidate,V02-P0466,1684,1691,"And it was further taken into consideraéon that whereas by the last
Quarter Court the Treasuror, Deputie, and other Officers of this Com-
panie were to continue in their places but vntill this present Court
whereby after this Day if they should not be continued by order of
this Court, the Gouerment would become voide and the Companie
destitute of Officers to followe and keepe Court€ and the Patent also
forfeited: It was therefore held fitt, the old Officers should be still
continued vntill a newe choise were made.

"
,,V02-P0467-M01302-01310,Counsell,ORG_OR_COMMITTEE,candidate,V02-P0467,1302,1310,"S' Samuell Sandys acquainted the Court that he had receaued a Letter
from S‘ ffrauncis Wyatt (the present Gouernor) wherein he made
request, that he would moue the Companie that aswell in reguard of
his great losse since he went to Virginia (beinge out of his estate well
neare 1000"") as also in discharge of their owne promise to him (that he
should haue his iust number of men belonginge to his office as Gou-
ernor) that accordingly therevnto they would please to supplie him
very speedily beinge not able otherwise well to subsist w™ moéon and
request the Court thought fitt to referre to the consideraéon of the
Counsell.

"
,,V02-P0474-M01008-01016,Counsell,ORG_OR_COMMITTEE,candidate,V02-P0474,1008,1016,"that there is due to the owners
of the Abigall the Suiie of 420"" vpon the grounds and reasons there
expressed, besid€ that w™ shalbe further due vnto them in case it
shalbe sufficiently proued to the Companie that the said Shipp was
deteyned longer then it ought to haue been by the authority and
comaund of the Gouernor and Counsell of Virginia:"
,,V02-P0475-M01532-01540,Counsell,ORG_OR_COMMITTEE,candidate,V02-P0475,1532,1540,"[332]

S* Iohn Dauers mouinge the Court in the behalfe of m™ Nuice late
wife of Deputy Nuice deceased in Virginia touchinge his request vnto
the Companie As also in the behalfe of a gentleman that had taken
much paines in expediting those Letters w™ it pleased the Lord Keeper
to write for the Companie (as they desired) it beinge also formerly
ordered some ||Reward|| should be giuen him; The Court thought fitt
to referr both request¢ to the farther consideraéon of the Counsell at
their next meetinge.

"
,,V02-P0475-M01796-01804,Counsell,ORG_OR_COMMITTEE,candidate,V02-P0475,1796,1804,"In regard of the often waightie and vrgent occasions of callinge Courte
in the longe vacaéon, when coffionly most gentlemen do withdrawe
themselues into the Country (whereby it falls out oftentimes that a
sufficient number of the Counsell cannot be had in Towne to make a
Court to the great preiudice of the Companies buissinesses then hap-
eninge and requiringe consultaéon and present resoluéon) to supplie
w™ Defect the Counsell havinge recomended to the last Court fower
able gentlemen whereof three were Cittizens who by reason of their
continuall livinge in Towne and neare dwellinge to the place where
the Courte are kept It may be presumed they will $be ready to§ affoord

"
,,V02-P0475-M01989-01997,Counsell,ORG_OR_COMMITTEE,candidate,V02-P0475,1989,1997,"In regard of the often waightie and vrgent occasions of callinge Courte
in the longe vacaéon, when coffionly most gentlemen do withdrawe
themselues into the Country (whereby it falls out oftentimes that a
sufficient number of the Counsell cannot be had in Towne to make a
Court to the great preiudice of the Companies buissinesses then hap-
eninge and requiringe consultaéon and present resoluéon) to supplie
w™ Defect the Counsell havinge recomended to the last Court fower
able gentlemen whereof three were Cittizens who by reason of their
continuall livinge in Towne and neare dwellinge to the place where
the Courte are kept It may be presumed they will $be ready to§ affoord

"
,,V02-P0476-M00332-00340,Counsell,ORG_OR_COMMITTEE,candidate,V02-P0476,332,340,"m* Scot m’ Wheatley
m’ Bland m* Berblocke

who beinge put to the question were by a generall erecéon of hands
chosen of the Counsell, and the rather in reguard there might fall out
some vrgent occasions requiringe their attendance and seruice in this
longe vacaéon: It was likewise moued and thought fitt they should
repaire to the Lord Chamberlen to take the oath of a Counsello’.

"
,,V02-P0480-M01881-01889,Counsell,ORG_OR_COMMITTEE,candidate,V02-P0480,1881,1889,"It was likewise vpon moéon agreed and ordered by erecéon of hande
that accordinge to those head€ nowe propounded by the Lo: Cauendish
the Counsell should be entreated to drawe vp a short Declaraéon to be
presented to the Lordé of y° Counsell to shewe that the fault of this
supposed want in the Colony is not to be imputed to the present
Gouerment of the Companie here."
,,V02-P0480-M01976-01984,Counsell,ORG_OR_COMMITTEE,candidate,V02-P0480,1976,1984,"It was likewise vpon moéon agreed and ordered by erecéon of hande
that accordinge to those head€ nowe propounded by the Lo: Cauendish
the Counsell should be entreated to drawe vp a short Declaraéon to be
presented to the Lordé of y° Counsell to shewe that the fault of this
supposed want in the Colony is not to be imputed to the present
Gouerment of the Companie here."
,,V02-P0482-M00146-00154,Counsell,ORG_OR_COMMITTEE,candidate,V02-P0482,146,154,"JULY 910 eee 463

M’ Deputy acquainted the Compagny y‘* according to the direction of
the last courte hee presented to the Lords of his Ma” Priuy Counsell
a shorte declaration y* was then ordered to bee drawen upp wherin
amongst other things was signifide of the Compagnys intent to sende
a speedy suply to Virginia according to there Lordps commaund and —
y’ by two ways namely by way of a Magazine and secondly by meanes
of those’ suplies y' would bee sent by private Adventurers to there
owne people in Virg: to w™ purpose a greate sufi was already under-
written in each Roll."
,,V02-P0484-M01477-01485,Counsell,ORG_OR_COMMITTEE,candidate,V02-P0484,1477,1485,"M’ Deputy moued that in reguard most gentlemen and Cittizens do
vsually repaire into the Country at this time of the yeare, whereby
but fewe of the Counsell or Companie would be in Towne that there-
fore after the buissines in hand were ended the keepinge of Courte
might be put of and respited till the next Terme w™ moéon was gen-
erally agreed vnto and ordered accordingly w™ reseruaGon neuertheles
that in the meane while it should be free for the Deputie to call
extraordinary Court€ if any vrgent occasion did require soe."
,,V02-P0484-M01781-01788,Deputie,TITLE_OR_ROLE,candidate,V02-P0484,1781,1788,"M’ Deputy moued that in reguard most gentlemen and Cittizens do
vsually repaire into the Country at this time of the yeare, whereby
but fewe of the Counsell or Companie would be in Towne that there-
fore after the buissines in hand were ended the keepinge of Courte
might be put of and respited till the next Terme w™ moéon was gen-
erally agreed vnto and ordered accordingly w™ reseruaGon neuertheles
that in the meane while it should be free for the Deputie to call
extraordinary Court€ if any vrgent occasion did require soe."
,,V02-P0490-M00219-00227,Counsell,ORG_OR_COMMITTEE,candidate,V02-P0490,219,227,"OCTOBER 16, 1623 467

Who are appointed to meete at m’ Deputy ffarrars to morrowe about
9 in the morninge to consider of some Course howe the same may be
effected and accordingly to frame some Letter of Aduise vnto the
Counsell of Virginia about it and to acquaint it w™ the Companies
inclinaéon to furnish hereafter w Virginia Corne such newe men as
they shall send the next yeare in case they can against that time pro-
uide themselues of so good store and that it be of their owne growth
and not by trade w™ the Indians whereof they are to certifie the
Companie here by the first Shippinge accordingly.

"
,,V02-P0491-M00551-00559,Counsell,ORG_OR_COMMITTEE,candidate,V02-P0491,551,559,"[338]

M' Deputie acquainted the Court that by Cofiaund of the Lorde of the
Counsell himselfe w™ some fewe others of the Companie had attended
their Lo” at White hall on Wedensday last where their Lo™ first
Demaunded of him an Accompt whither the Supplies of Meale and
eh ||other|| things (accordinge to the vnderwriting¢ formerly presented
vnto them) were sent to Virginia for reliefe of the great necessities
and Distresse wherein they had bin informed the Colonie stood, where-
vnto his Aunsweare was, that he conceaued, that all things promised
by the Companie to their ll” had bin performed with a verie large
aduantage.

"
,,V02-P0492-M00041-00048,Deputie,TITLE_OR_ROLE,candidate,V02-P0492,41,48,"OCTOBER 165, 1623 — =e 469

This Day the Deputie and diuers of the Aduenturers and Companie of Virginia were Whitehall the 8®
called to the Board, vnto whome their ll”* declared that his Ma“ havinge taken into his October i623
Princely consideraéon the distressed estate of that Colonie and Plantaton occasioned -— lll

as it seemeth by miscarriage of the Gouerm* in that Companie, w™ canifiot well be 1. president
remeadied but by reduceinge the Gouerm‘ into the hand€ of a fewer number of Lo: Visc: Grandi-
Gouernors neare to those that were in the first Patents of the' said Plantaton, but son
especially to be prouided that the interest of all Aduenturers and priuate persons ~ —_
whatsoeuer shalbe preserued & continued as they are, hath therefore resolued by a - ee _ ee “
newe Charter to appointe a Gouernor twelue Assistant¢€ resident here in England yy: o¢ the Rolle
vnto whome should be cofiiitted the Gouerment of that Companie and Colonie, w™

Gouernor and Assistants his Ma“° wilbe pleased to nominate and make choise of the

first time, and afterward¢€ the elecéon of the Gouernor to be in this manner vizt:"
,,V02-P0496-M00422-00430,Counsell,ORG_OR_COMMITTEE,candidate,V02-P0496,422,430,"M' Deputie acquainted the Court that himselfe w™ some fewe others
of the Companie had presented to the Lords of the Counsell on ffri-
day last at Whitehall the Companies Aunsweare to there 1l”* Proposi-
tion touchinge the surrendringe vp of their Charters, but their II""
seemed not satisfied therewith as appeared by another order which
he had since receaued from their Lo” w™ had occasioned the sodaine
callinge of this present Court, their ll’* expectinge this Day a direct
Aunsweare from the Companie touchinge their former Proposition
the Coppie whereof doth here ensue:

"
,,V02-P0496-M01178-01185,Deputie,TITLE_OR_ROLE,candidate,V02-P0496,1178,1185,"This Day the Deputie and others representinge the Bodie of the Virginia Com-
panie, did in conformity to the order they had receaued exhibite at the Board

1"
,,V02-P0497-M00518-00525,Deputie,TITLE_OR_ROLE,candidate,V02-P0497,518,525,"474 RECORDS OF THE VIRGINIA COMPANY

their Aunsweare to that w accordinge to his Ma‘ pleasure their Lo™ had
both propounded vnto them Viua Voce and also declared by an Act of Coun-
sell Dated the 8 of this Moneth whereof a Coppie was Deliuered them, in w™
doth manifestly appeare his Ma“ graceous intenton and Royall care of the
Plantaton both generally for the pointe of Gouerment and perticulerly for
the conservinge of euery mans priuate interest, nowe forasmuch as the said
Aunsweare is mearely Dilatory, the said Deputie and the rest pretendinge
thereby that by reason of a limitagon in their Patent they may not handle
matters of that nature and waight but at a Quarter Court w™ will not be vntill
the 19 of Nouember next their Lo” beinge no waye satisfied w™ this pretence
and consideringe that his Ma” expecteth a speedie Account of the [342] pro-
ceedinge in this buissines w*"" also in its selfe requireth all expidigon in
reguard of the importance and consequence thereof haue therefore ordered
and expressely charged the said Deputie and the rest, that they assemble them-
selues againe forthwith, and on Monday next in the Afternoone w™ wilbe the
20"" of this Moneth deliuer a cleare direct and finall Aunsweare to that w*"" had
bin before propounded and was this Day reitterated vnto them: Vzt whither
the same Company wilbe content to submitt and surrender their former Char-
ter and accept of a newe Charter with the alteratons men@oned in the foresaid
Act of Counsell and to this purpose the Deputie was likewise coffianded to
propound the question to the said Companie in those cleare and plaine termes,
in w* it was Deliuered.
"
,,V02-P0497-M01037-01044,Deputie,TITLE_OR_ROLE,candidate,V02-P0497,1037,1044,"474 RECORDS OF THE VIRGINIA COMPANY

their Aunsweare to that w accordinge to his Ma‘ pleasure their Lo™ had
both propounded vnto them Viua Voce and also declared by an Act of Coun-
sell Dated the 8 of this Moneth whereof a Coppie was Deliuered them, in w™
doth manifestly appeare his Ma“ graceous intenton and Royall care of the
Plantaton both generally for the pointe of Gouerment and perticulerly for
the conservinge of euery mans priuate interest, nowe forasmuch as the said
Aunsweare is mearely Dilatory, the said Deputie and the rest pretendinge
thereby that by reason of a limitagon in their Patent they may not handle
matters of that nature and waight but at a Quarter Court w™ will not be vntill
the 19 of Nouember next their Lo” beinge no waye satisfied w™ this pretence
and consideringe that his Ma” expecteth a speedie Account of the [342] pro-
ceedinge in this buissines w*"" also in its selfe requireth all expidigon in
reguard of the importance and consequence thereof haue therefore ordered
and expressely charged the said Deputie and the rest, that they assemble them-
selues againe forthwith, and on Monday next in the Afternoone w™ wilbe the
20"" of this Moneth deliuer a cleare direct and finall Aunsweare to that w*"" had
bin before propounded and was this Day reitterated vnto them: Vzt whither
the same Company wilbe content to submitt and surrender their former Char-
ter and accept of a newe Charter with the alteratons men@oned in the foresaid
Act of Counsell and to this purpose the Deputie was likewise coffianded to
propound the question to the said Companie in those cleare and plaine termes,
in w* it was Deliuered.
"
,,V02-P0497-M01473-01481,Counsell,ORG_OR_COMMITTEE,candidate,V02-P0497,1473,1481,"474 RECORDS OF THE VIRGINIA COMPANY

their Aunsweare to that w accordinge to his Ma‘ pleasure their Lo™ had
both propounded vnto them Viua Voce and also declared by an Act of Coun-
sell Dated the 8 of this Moneth whereof a Coppie was Deliuered them, in w™
doth manifestly appeare his Ma“ graceous intenton and Royall care of the
Plantaton both generally for the pointe of Gouerment and perticulerly for
the conservinge of euery mans priuate interest, nowe forasmuch as the said
Aunsweare is mearely Dilatory, the said Deputie and the rest pretendinge
thereby that by reason of a limitagon in their Patent they may not handle
matters of that nature and waight but at a Quarter Court w™ will not be vntill
the 19 of Nouember next their Lo” beinge no waye satisfied w™ this pretence
and consideringe that his Ma” expecteth a speedie Account of the [342] pro-
ceedinge in this buissines w*"" also in its selfe requireth all expidigon in
reguard of the importance and consequence thereof haue therefore ordered
and expressely charged the said Deputie and the rest, that they assemble them-
selues againe forthwith, and on Monday next in the Afternoone w™ wilbe the
20"" of this Moneth deliuer a cleare direct and finall Aunsweare to that w*"" had
bin before propounded and was this Day reitterated vnto them: Vzt whither
the same Company wilbe content to submitt and surrender their former Char-
ter and accept of a newe Charter with the alteratons men@oned in the foresaid
Act of Counsell and to this purpose the Deputie was likewise coffianded to
propound the question to the said Companie in those cleare and plaine termes,
in w* it was Deliuered.
"
,,V02-P0497-M01506-01513,Deputie,TITLE_OR_ROLE,candidate,V02-P0497,1506,1513,"474 RECORDS OF THE VIRGINIA COMPANY

their Aunsweare to that w accordinge to his Ma‘ pleasure their Lo™ had
both propounded vnto them Viua Voce and also declared by an Act of Coun-
sell Dated the 8 of this Moneth whereof a Coppie was Deliuered them, in w™
doth manifestly appeare his Ma“ graceous intenton and Royall care of the
Plantaton both generally for the pointe of Gouerment and perticulerly for
the conservinge of euery mans priuate interest, nowe forasmuch as the said
Aunsweare is mearely Dilatory, the said Deputie and the rest pretendinge
thereby that by reason of a limitagon in their Patent they may not handle
matters of that nature and waight but at a Quarter Court w™ will not be vntill
the 19 of Nouember next their Lo” beinge no waye satisfied w™ this pretence
and consideringe that his Ma” expecteth a speedie Account of the [342] pro-
ceedinge in this buissines w*"" also in its selfe requireth all expidigon in
reguard of the importance and consequence thereof haue therefore ordered
and expressely charged the said Deputie and the rest, that they assemble them-
selues againe forthwith, and on Monday next in the Afternoone w™ wilbe the
20"" of this Moneth deliuer a cleare direct and finall Aunsweare to that w*"" had
bin before propounded and was this Day reitterated vnto them: Vzt whither
the same Company wilbe content to submitt and surrender their former Char-
ter and accept of a newe Charter with the alteratons men@oned in the foresaid
Act of Counsell and to this purpose the Deputie was likewise coffianded to
propound the question to the said Companie in those cleare and plaine termes,
in w* it was Deliuered.
"
,,V02-P0497-M02017-02025,Counsell,ORG_OR_COMMITTEE,candidate,V02-P0497,2017,2025,"I. Dickenson

Which order beinge twice deliberately read after some pause and dis-
pute had by both parts m‘ Deputie put it to the question in the verie
words expressely sett downe in the said order vizt

As many of you as be content to submitt and surrender the Charters
you nowe haue and accept of a newe Charter with the alteraéons
mentioned in the aforesaid Act of Counsell hold vp yo"" hands to w™
only nine ||hands|| were held vpp.

"
,,V02-P0498-M00143-00151,Counsell,ORG_OR_COMMITTEE,candidate,V02-P0498,143,151,"OCTOBER 22, 1623 475

The most humble Aunsweare of the Virginia
Companie to the Right Hono” the Lords and
others of his Ma“** most Hono"" Priuy
Counsell *

The Companie of Virginia beinge assembled the 20"" of October i623 accord-
inge to yo"" Lo™ cofiaund and the Deputie havinge put to the question yo""
Lo” Proposition in the Direct words that y* Lo” comanded their were onely
nine hands for the deliuery vp of the Chres and all the rest (beinge about
threescore more) were of a contrary opinion."
,,V02-P0498-M00262-00269,Deputie,TITLE_OR_ROLE,candidate,V02-P0498,262,269,"OCTOBER 22, 1623 475

The most humble Aunsweare of the Virginia
Companie to the Right Hono” the Lords and
others of his Ma“** most Hono"" Priuy
Counsell *

The Companie of Virginia beinge assembled the 20"" of October i623 accord-
inge to yo"" Lo™ cofiaund and the Deputie havinge put to the question yo""
Lo” Proposition in the Direct words that y* Lo” comanded their were onely
nine hands for the deliuery vp of the Chres and all the rest (beinge about
threescore more) were of a contrary opinion."
,,V02-P0498-M01072-01080,Counsell,ORG_OR_COMMITTEE,candidate,V02-P0498,1072,1080,"[343]

Mr Deputie acquainted the Gewrt ||Company]|| that since the deliuery
of the last Aunsw’ to the Lords of the Counsell the 20“ of this Moneth
touchinge the surrendringe vp of their Charters he had receaued from
m’ Dickenson the Clarke of the Counsell another order from their Lo™
bearinge date the same day w™ intimaéon that their Lp"" did require
it to be forthwith published to the Companie: In reguard whereof he
1A copy of this document is in the Public Record Office, State Papers, Colonial, Vol. II, No. 47.

"
,,V02-P0498-M01204-01212,Counsell,ORG_OR_COMMITTEE,candidate,V02-P0498,1204,1212,"[343]

Mr Deputie acquainted the Gewrt ||Company]|| that since the deliuery
of the last Aunsw’ to the Lords of the Counsell the 20“ of this Moneth
touchinge the surrendringe vp of their Charters he had receaued from
m’ Dickenson the Clarke of the Counsell another order from their Lo™
bearinge date the same day w™ intimaéon that their Lp"" did require
it to be forthwith published to the Companie: In reguard whereof he
1A copy of this document is in the Public Record Office, State Papers, Colonial, Vol. II, No. 47.

"
,,V02-P0499-M00896-00904,Counsell,ORG_OR_COMMITTEE,candidate,V02-P0499,896,904,"Whereas their 1l’* were this Day informed that there is a great discouragement
Amongst many Adventurers of the Plantaton in Virginia by reason of the
intended reforminge and chaunge of the Gouerment, wherevpon they are
fearefull to prosecute their Aduentures, so as it may occasion some stopp of
those Shipps w are nowe ready fraughted and bound for that Country;
Although their Lo” maruell that any should be so farr mistaken considering
the Declarazons y* haue bin made at the Bourd Viua Voce as also by an Act
of Counsell and otherwise yet for the better satisfyinge of those, who either
through erro’ or mistakinge or through the vntrue suggestions of others haue
conceaued any such feare or Discouragement, their Lo” do thinke fitt hereby
to Declare againe that there is no other intenZon then meerely and onely the
reforminge and chaunge of the present Gouerment, whereof his Ma‘? hath
seen so many bad effect¢ as wilbe to the endangeringe of the whole Plantagon,
if it continue as it is; neuertheles for somuch as it concerneth the priuate
interest of any man his Ma“ royall care is such that no man shall receaue any
preiudice but shall haue his estate fully and wholly conserued, and if in any
thinge is be defectiue better to be secured, so as they need not apprehend any
such feares or other inconvenience but contrariwise cheerefully to proceed: It
is |therefore| ordered by their Lo” and thought fitt to be published to the
Companie that it is his Ma“ absolute Cofiaund that the Shipps w were
intended to be sent at this time to Virginia and are in some readines to goe be
w* all speed sent away for the reliefe of those that be there and the good of
that Plantation and this to be presently donne w“out any Stoppe or Delay:
Ex* Io: Dickenson.

"
,,V02-P0505-M00204-00212,Counsell,ORG_OR_COMMITTEE,candidate,V02-P0505,204,212,"482 RECORDS OF THE VIRGINIA COMPANY

M' Deputie acquainted the Court if it pleased the Comissioners on
ffriday last to pmitt the readinge ouer of the generall Letter to the
Companie from the Gouernor and Counsell of Virginia w™ did beare
Date the 5° of Iune last w™ havinge diligently obserued and since also
hauinge conferred wth some others then pisent he said he would the
deliuer the contents thereof vnto them

"
,,V02-P0505-M00618-00626,Counsell,ORG_OR_COMMITTEE,candidate,V02-P0505,618,626,"[346]

Ea of Southampton and the rest of the Lord¢ of the Counsell for
Virginia: And began thus That by a succesfull Stratagem they had
not only regained their people but cutt of diuers of the Indian Kinges
and great Comaunders: Amongst whome they are confident that
Opachankano was one it beinge impossible for him to escape, beinge
the designe was chiefely on his person and that exposed to the prin-
cipall danger: That hauinge held them in a longe hope of Peace they
had gained the knowledge of their places of residence and that their
Corne was nowe so forward as it was to late for them vpon this fresh
occasion to remoue so that they doubted not to giue them shortley a
blowe that shall neare or altogether ruinate them: That the ffort goeth
on cheerefully (consideringe the number of their people and the many
imploym™ they haue besid¢€:)"
,,V02-P0509-M00488-00496,Counsell,ORG_OR_COMMITTEE,candidate,V02-P0509,488,496,"In w™ Court m‘ Deputy haueinge made a breife Relaéon of y® Con-
tents of the generall letter from the Counsell of Virginia vnto the
Company here (as haueinge read itt before his Ma“* Comissioners on
ffryday last)"
,,V02-P0512-M01908-01916,Counsell,ORG_OR_COMMITTEE,candidate,V02-P0512,1908,1916,"And thervppon did bestow
Twentie shares of Land vppon him for the present till better means might
accrue, that might enhable vs to be further thankfull vnto him: Nowe knowe
yee that wee the said Treasuro"", Counsell and Company haveing ever since
had farther experienc of his great loue and zeale to y® buisines of the Planta-
gon by many faithfull Counsells and endeavours pformed on his pt to the full
sattisfacton of |vs|| the Company in all things and by a most assured testi-
money of his integritie and fidelitie haue graunted-andeonfirmed | willingly
condiscended vnto the request made in his behalf and do,|| by these prnts de
graunte |lratifiel| and Confirme vnto the said S* Edw: Sandis |jand| his heirs
end-assigns for ever the said Twenty Shares of old Adventure in Virginia To
be taken in such place wher no others right might-be ||being| pliudiced and
at such time as hee or they shall thinke fitt."
,,V02-P0513-M01311-01319,Counsell,ORG_OR_COMMITTEE,candidate,V02-P0513,1311,1319,"That is to say of
England ffraunce and Ireland the one and Twentieth and of Scotland the seaven
and fliftieth Betweene the Treasuro’ and Company of Adventurers and Plant-
ers of the Cittie of London for the ffirst Colony in Virginia, w™ the advise and
Consent of the Counsell for ye same on the one p‘ and John fferrar of London
Cittizen & Marchant on the other ptie:"
,,V02-P0513-M01622-01629,Deputie,TITLE_OR_ROLE,candidate,V02-P0513,1622,1629,"Wittnesseth that wheras wee the said
Treasuro’ GeunseH and Company did in a great and generall Quarter Court
held on y° Two and twentieth day of May in the year 1622 giue and bestow
vppo |mrj John fferrar late Deputie."
,,V02-P0513-M01790-01797,Deputie,TITLE_OR_ROLE,candidate,V02-P0513,1790,1797,"Twenty shares of old Adventure in
testimoniall of our thankfull acknowledgm', and approbagon of the great and
faythfull service pformed by him in the place of Deputie duringe the time of
three years w“ hee served in that place."
,,V02-P0514-M01108-01115,Deputie,TITLE_OR_ROLE,candidate,V02-P0514,1108,1115,"W™ beinge read after a good pause and no man takinge excepéon
therevnto m™ Deputie puttinge itt to y° Question itt was vnanimously
agreed and Ordered by a generall erecéon of hands (one onely Dissent-
inge) that y® said Graunt should be sealed."
,,V02-P0518-M00325-00332,Deputie,TITLE_OR_ROLE,candidate,V02-P0518,325,332,"And that thervppon the Deputie should haue authoritie to sufon
them att all times or such parte of them as hee should thinke meete.

"
,,V02-P0518-M00481-00489,Counsell,ORG_OR_COMMITTEE,candidate,V02-P0518,481,489,"A moéon was likewise made y‘ the Lords of the Counsell might be
humbly petitoned by the Company for restoringe their Books and
writings wherby they might be the better enhabled to prepare their
proofs and make their Defence in that waightie cause now in hand,
w™ Moéon the Court well approved of, and thervppon ordered by a
generall erecéon of hands a Petiéon to be drawne vpp accordinglie.

"
,,V02-P0518-M01301-01309,Counsell,ORG_OR_COMMITTEE,candidate,V02-P0518,1301,1309,"Spruson, the Court were
much troubled therat, and held itt fitt to be complayned of to the
Lords of the Counsell.

"
,,V02-P0523-M00535-00543,Counsell,ORG_OR_COMMITTEE,candidate,V02-P0523,535,543,"M’ Deputy acquainted the Court hee had receaved a letter subscribed
by some of the LL‘ of the Counsell, and dyrected vnto him as Depu-
tie of the Virginia Company: w™ hee presented in Court and caused
to be read the Coppie wherof doth here ensue.

"
,,V02-P0527-M00684-00692,Counsell,ORG_OR_COMMITTEE,candidate,V02-P0527,684,692,"Ex‘ Williat Beecher [362]

W™ beinge Read m’ Deputie signified that this Order as appears was
grounded vppon a Petiéon presented to the TL’ of the Counsell by
Alderman Iohnson and others, att the same time himselfe and §some§
others of the Company were Comaunded to attend their LL” att
Whitehall and were present: of W™ Petiton haueinge obteyned a
Coppie hee prayed might be read, the Coppie wherof doth here ensue.

"
,,V02-P0527-M01014-01022,Counsell,ORG_OR_COMMITTEE,candidate,V02-P0527,1014,1022,"To the Right Hono™ the Lords of his
Ma“: most Hono” priuie Counsell.

"
,,V02-P0528-M00341-00348,Deputie,TITLE_OR_ROLE,candidate,V02-P0528,341,348,"W"" beinge read m‘ Deputie signified further that although y° Peti- —
éoners did earnestly labour and presse that all the Companies goods
that should com from Virginia might be sequestred and deposited in
his Ma“: Custome house, yett their L” noble favour & Iustice was
such as not to thinke itt equall or reasonable soe to doe."
,,V02-P0528-M01297-01305,Counsell,ORG_OR_COMMITTEE,candidate,V02-P0528,1297,1305,"A moéon was made and generally thought fitt to be referred to the
Consideraéon of the Grand Cofiittee to thinke on some course for
movinge his Ma"": Comissioners that they would please to certifie
and make some reporte to y® LL': of the Counsell what they haue
done in the severall buisinesses brought before them by the Company
of Virginia and their Opposers that itt may appear to what heads and
issue they haue brought the same, assuringe themselvs that therby
the Iustnes & fayrnes of the Companies pceedings would be manyfest
to all the world.

"
,,V02-P0532-M00568-00576,Counsell,ORG_OR_COMMITTEE,candidate,V02-P0532,568,576,"[366]

M’ Deputie acquainted the Court that the Differences betweene the
Company and Cap‘ Martin beinge now well Composed; Itt had pleased
the Counsell for Virginia vppon his humble request and att the
entreatie of his Ma“: Cofiissioners at their last sittinge to write a
verie fauorable letter in his behalfe to the Gouerno’ and Counsell of
Virginia the Draught wherof the Comissioners had seene and well
approved as allso Cap’: Martin himselfe w™ letter beinge now pre-
sented to this Court the same was read; the Coppie whereof doth
here ensue.

"
,,V02-P0532-M00755-00763,Counsell,ORG_OR_COMMITTEE,candidate,V02-P0532,755,763,"[366]

M’ Deputie acquainted the Court that the Differences betweene the
Company and Cap‘ Martin beinge now well Composed; Itt had pleased
the Counsell for Virginia vppon his humble request and att the
entreatie of his Ma“: Cofiissioners at their last sittinge to write a
verie fauorable letter in his behalfe to the Gouerno’ and Counsell of
Virginia the Draught wherof the Comissioners had seene and well
approved as allso Cap’: Martin himselfe w™ letter beinge now pre-
sented to this Court the same was read; the Coppie whereof doth
here ensue.

"
,,V02-P0533-M00082-00090,Counsell,ORG_OR_COMMITTEE,candidate,V02-P0533,82,90,"510 RECORDS OF THE VIRGINIA COMPANY

earnestly recofiend vnto yo"" y° Gouerno’ and Counsell y° carefull examinagon
and speedie redressinge, of all such wrong¢ iniuries or losses as hee shall Duely
prove, And herin wee desire yo"" more then ordinary care and to the intent
that wee may remayne the better sattisfied herin wee Desire yo"" that by the
first returnes of shippinge after his arrivall yo"" send vs a full Accompt of all
yo"" peeeding€ herin: And soe not Doubtinge of such good pformance herin as
yo"" respect to vs doth assure wee bid yo"" hartilie farewell.
"
,,V02-P0537-M00446-00454,Counsell,ORG_OR_COMMITTEE,candidate,V02-P0537,446,454,"In plate valewed at about 100 marks, and the rest
in bread, sack & meale, to a good valewe there employed & spent for
the generall releif of the Colony, then in great distresse, whereof the
sayd Capt Martin tooke a pticuler Inventory by Coffiaundem* of the
Counsell whoe beinge nowe fisent & asked, seemed to remember as
much.

"
,,V02-P0540-M01074-01082,Counsell,ORG_OR_COMMITTEE,candidate,V02-P0540,1074,1082,"fforasmuch as itt was informed by m' Deputy that the Grand Coffiittee
had not as yett thought on any course for movinge his Ma"": Comis-
sioners to make some Report to the Lords of the Counsell, what they
haue done in the seuerall buisinesses brought before them by the
Company of Virginia & their Opposers wherby the iustnes and fayre-
ness of the Companies proceedings might be manyfested to all the
world."
,,V02-P0542-M00506-00514,Counsell,ORG_OR_COMMITTEE,candidate,V02-P0542,506,514,"Whervppo y° generall letter from the Gouerno’ and
Counsell of Virginia vnto the Company here was read: bearinge date
at Iames Citty the 29: of Ianuary—1623.'

"
,,V02-P0544-M01647-01655,Counsell,ORG_OR_COMMITTEE,candidate,V02-P0544,1647,1655,"they might
haue a ready and full answere Whervppon they pmised to doe itt,
butt the next morninge they came to him and tolde him they had
thought vppon the matter and would not deliver the pticulars of their
greivances and oppressions butt before the Lo: Treasuro’ to w™ m‘
Deputy made answere that hee would acquainte my Lord and the
Counsell therwith, and if itt caused any delay in their buisiness it was
their owne fault, yett afterwards they brought him a certaine writinge
(Article wise) conteyninge divers matters butt without any hand vnto
itt although in the end they say wee who haue vnderwritt itt will
maynteyne itt on our oaths, whervppon hee desyred them to sett their
hands to the said writinge that itt was their Complainte: w™ they
promised to doe butt afterwards they sent him word, they would not
sett their hands to itt: Whervppon the Company not conceivinge itt
fitt that a writinge of such a nature should be openly read without a

"
,,V02-P0545-M00107-00115,Counsell,ORG_OR_COMMITTEE,candidate,V02-P0545,107,115,"522 RECORDS OF THE VIRGINIA COMPANY

certaine Autho’ to avowe itt, desyred m* Deputy and some other of
the Counsell to pvse itt, and deliver their opynions whether itt were
fitt to be read: W™ beinge done y® Counsells opynion was that itt
ought not to be read for that itt conteyned Cryminall charges of a verie
high Nature and some of them Capitall against the Gouerno’ and
Counsell in Virginia; Soe as some very worthy Lawyers affirmed that
the psons that had presented itt except they would maynteyne it had
incurred the penalty of Lybellers."
,,V02-P0545-M00375-00383,Counsell,ORG_OR_COMMITTEE,candidate,V02-P0545,375,383,"522 RECORDS OF THE VIRGINIA COMPANY

certaine Autho’ to avowe itt, desyred m* Deputy and some other of
the Counsell to pvse itt, and deliver their opynions whether itt were
fitt to be read: W™ beinge done y® Counsells opynion was that itt
ought not to be read for that itt conteyned Cryminall charges of a verie
high Nature and some of them Capitall against the Gouerno’ and
Counsell in Virginia; Soe as some very worthy Lawyers affirmed that
the psons that had presented itt except they would maynteyne it had
incurred the penalty of Lybellers."
,,V02-P0545-M00550-00558,Counsell,ORG_OR_COMMITTEE,candidate,V02-P0545,550,558,"The Counsell further delivered that
of all the Articles (beinge Nyne) there was onely one that gaue any
charge to y° Company"
,,V02-P0545-M00750-00758,Counsell,ORG_OR_COMMITTEE,candidate,V02-P0545,750,758,"[375] here at home all the rest being dyrected
solely against the Gouerno’ and Counsell in Virginia wheras their
petigéon to his Ma“: was penned against the Companies greivous
oppressions, wherof beinge desyred to deliver the pticulers they had
onelie instanced one: By w™ manner of proceedinge the Court con-
ceived this to be a malicious practize of some of their enemies to
Defame and disgrace them with his Royall Ma”: and although some
would haue gone about to excuse itt through simplycetie of the
Planters that did not soe exactly distinguish y°"
,,V02-P0546-M01567-01575,Counsell,ORG_OR_COMMITTEE,candidate,V02-P0546,1567,1575,"The vniustnes and absurditie of this Complainte of y°® Planters did
much greive the Company, that where they deserved thank¢ for their
Charitie they should be Complayned of for Oppressors, and the falsi-
tie of itt did make them suspect that those against the Gouerno’ and
Counsell in Virginia were of noe greater trueth for what would they
feare to say of them beinge absent and not able to answere for them-
selvs, when they durst complaine of the Company to the Lo: Treas-
uro’ of a thinge soe evydently false: Besides those planters present
in Court togeather with all others giveinge ample testimoney of y°
worthie proceedings of 8’ ffraunces Wyat whome in their Consciencies
they pfessed to esteeme a most iust and sincere gentleman, and free
from all manner"
,,V02-P0549-M00077-00085,Counsell,ORG_OR_COMMITTEE,candidate,V02-P0549,77,85,"526 RECORDS OF THE VIRGINIA COMPANY

M’ Deputy acquainted the Court that the Counsell of Virginia vppon
y° Companies earnest and importunate sollycitatéons had drawne vpp
a Petiton to be presented to the Parlyament, w™ beinge read was as
followeth.

"
,,V02-P0550-M02089-02097,Counsell,ORG_OR_COMMITTEE,candidate,V02-P0550,2089,2097,"Wee therfore the Counsell and Company (not a little differinge from other
Companies both in our Composiéon consistinge of principall Noblemen, Gentle-
men, merchants and others, and in the ends for w™ it is established beinge not
simply matter of Trade, butt of a higher Nature, yett findinge nevertheless
our selvs in our body as itt is now distempered vnable to be our owne Phisiéans
without higher Assistance) doe thinke our selvs tyed in Conscience, Duty &

reputaton and for the deliverance of our owne soules, and for dischardg of

"
,,V02-P0551-M01724-01732,Counsell,ORG_OR_COMMITTEE,candidate,V02-P0551,1724,1732,"And the Court entreated m‘’ Deputy and those other of the
Counsell that are allsoe members of the Hono’® House of Parlyament
would please in the Companies name to plsent the said Peti@on to the
house of Commons and to prosecute the matters therin conteyned with
all expediéon.’

1The letter of the King to the Speaker of the House of Commons on this petition is mentioned
in List of Records, No. 665, Vol."
,,V02-P0552-M01010-01018,Counsell,ORG_OR_COMMITTEE,candidate,V02-P0552,1010,1018,"Wheras Vrsula ffrench Petigoned the Company for the freedome of
one Elias Longe her Apprentize in regaurd hee had served out 4 years
of his time and was noe waies able (as shee was informed) to pay her
out of his wages that Proporéon of Tobacco towards her mayntenance
as was formerly ordered, nor likely duringe his service to give her any
releife: The Court in Consideraéon of her povertie orders her case
should be recommended to the Gouerno’ and Counsell of Virginia soe
as some means might be found to give her releife speedilie.

"
,,V02-P0554-M01895-01903,Counsell,ORG_OR_COMMITTEE,candidate,V02-P0554,1895,1903,"Ryder
m’ Pallavicine - mm’ Copeland
m* Casewell mn’ Cuffe

m’ Barbor

who withdrawinge themselvs out of the Court and haueinge deliberated
theron came and declared their opynions to those of the Counsell that
were present who concurringe with them, and afterward the Court
likewise, Itt was generally conceived very necessary and expedient

"
,,V02-P0558-M00164-00172,Counsell,ORG_OR_COMMITTEE,candidate,V02-P0558,164,172,"APRIL 28, 1624 535

M’ Deputy made knowne to the Company what reasons moved the
last Court vppon Consultaéon first had by a Comittee then appoynted,
and after w y* Counsell then allso present to order and appoynt the
keepinge of the Quarter Court this day in the forenoone: w™ course
and alteraGon was well approved of by this present Court.

"
,,V02-P0558-M02011-02019,Counsell,ORG_OR_COMMITTEE,candidate,V02-P0558,2011,2019,"whervppon
y° Court besought the Lo: Cauendish and the rest of the Counsell
present to acquainte his Lo’: with this choyce and how humbly and
instantly the Court besought his Lo?: to accept therof.

"
,,V02-P0561-M00538-00546,Counsell,ORG_OR_COMMITTEE,candidate,V02-P0561,538,546,"the
Matter of Tobacco and all the greivances therin: The buisines of the
Contract, The proceedings of the Comissioners and the passadges
since, and conceivinge that neither Counsell att Lawe could be soe
fully informed as were requisite, and phapps would not be soe well
heard, did therefore thinke fitt to beseech the Lord Cauendish S*
Edwin Sandis and 8° Iohn Dauers to take vppon them the delivery of
the three last part, (vizt)"
,,V02-P0563-M02399-02402,Nos,EDITORIAL_REFERENCE,candidate,V02-P0563,2399,2402,"See also List of Records, Nos.
"
,,V02-P0598-M02148-02157,Treasurer,TITLE_OR_ROLE,candidate,V02-P0598,2148,2157,"His Majesties Gracious Letter to the Earle of
South-Hampton, Treasurer, and to the Coun-
cell and Company of Virginia heere; com-
manding the present setting up of Silke-works,
and planting of Vines in Virginia."
,,V02-P0598-M02332-02340,Councell,ORG_OR_COMMITTEE,candidate,V02-P0598,2332,2340,"And the
Letter of the Treasurer, Councell, and Com-
pany to the Governor and Councell of State
there, for the atrict execution hie Majesties
Royall Commands herein."
,,V02-P0611-M00298-00307,Treasurer,TITLE_OR_ROLE,candidate,V02-P0611,298,307,"Treasurer, provided for, I, 450, 464—
466, 468.
"
,,V02-P0617-M02327-02336,Treasurer,TITLE_OR_ROLE,candidate,V02-P0617,2327,2336,"Treasurer, I, 212.
Withdraws as director, II, 269.

"
,,V02-P0618-M00384-00393,Treasurer,TITLE_OR_ROLE,candidate,V02-P0618,384,393,"To Samuel Wrote, I, 166.
Treasurer in Virginia, I, 450, 453, 468.
"
,,V02-P0619-M02133-02142,Treasurer,TITLE_OR_ROLE,candidate,V02-P0619,2133,2142,"Treasurer, I, 139, 323, 367.
"
,,V02-P0622-M00958-00967,Treasurer,TITLE_OR_ROLE,candidate,V02-P0622,958,967,"Treasurer, I, 385, 471; H, 17, 29, 535.
"
,,V02-P0626-M02162-02171,Treasurer,TITLE_OR_ROLE,candidate,V02-P0626,2162,2171,"For college land, I, 234,
Treasurer, Lord, I, 633.

"
,,V02-P0627-M02092-02100,Counsell,ORG_OR_COMMITTEE,candidate,V02-P0627,2092,2100,"Virginia, Counsell of."
,,V02-P0627-M02236-02244,Counsell,ORG_OR_COMMITTEE,candidate,V02-P0627,2236,2244,"Virginia, The Counsell of."
,,V02-P0627-M02270-02278,Counsell,ORG_OR_COMMITTEE,candidate,V02-P0627,2270,2278,"A publication by the
Counsell of Virginea, touching the Plantation there.
"
,,V02-P0627-M02372-02380,Counsell,ORG_OR_COMMITTEE,candidate,V02-P0627,2372,2380,"Virginia, The Counsell of."
,,V02-P0627-M02392-02400,Counsell,ORG_OR_COMMITTEE,candidate,V02-P0627,2392,2400,"By the Counsell of
Virginea."
,,V02-P0627-M02488-02496,Counsell,ORG_OR_COMMITTEE,candidate,V02-P0627,2488,2496,"By the Counsell of
Virginea."
,,V02-P0628-M00024-00033,Treasurer,TITLE_OR_ROLE,candidate,V02-P0628,24,33,"By the Treasurer, Councill and Com-
pany."
,,V03-P0006-M00513-00521,Counsell,ORG_OR_COMMITTEE,candidate,V03-P0006,513,521,"OatH oF THE SECRETARY OF THE
CoLony ADMINISTERED BY GOVERNOR AND COUNCIL IN VIRGINIA

1607

Manuseript Records of the Virginia Company, Volume III, Part i, Page 208
Document in the Library of Congress
List of Records, No. 6

The oath administred by the Governor and counsell after m* Secretarie
Dauison death to Edward Sharples

You shall keepe aH secret all matter Comitted & reuealed vnto you, and
all things that shall be treated secretlie at y° Counsell table vntill such
time, as by the Consent of his Mat* Gou?nor & Capt generall & the full
consent of the Counsell of state then resident, or the more parte of them
publication shalbe made therof And you shall most exactlie & faithfullie
to yo"" vtmost power record all acte & matters to be recorded & kept fro
tyme to tyme, w shall be resolued vpon by the Gou9nor & Counsell of
state, or the maior part of them, & you shall not deliu9 any thing con-
cerning the affaires of the Counsell to any other person to bee coppied
out or ingrossed, w™ out first makeing the Gou9nor accquainted therwith
and leaue obtayned."
,,V03-P0006-M00626-00634,Counsell,ORG_OR_COMMITTEE,candidate,V03-P0006,626,634,"OatH oF THE SECRETARY OF THE
CoLony ADMINISTERED BY GOVERNOR AND COUNCIL IN VIRGINIA

1607

Manuseript Records of the Virginia Company, Volume III, Part i, Page 208
Document in the Library of Congress
List of Records, No. 6

The oath administred by the Governor and counsell after m* Secretarie
Dauison death to Edward Sharples

You shall keepe aH secret all matter Comitted & reuealed vnto you, and
all things that shall be treated secretlie at y° Counsell table vntill such
time, as by the Consent of his Mat* Gou?nor & Capt generall & the full
consent of the Counsell of state then resident, or the more parte of them
publication shalbe made therof And you shall most exactlie & faithfullie
to yo"" vtmost power record all acte & matters to be recorded & kept fro
tyme to tyme, w shall be resolued vpon by the Gou9nor & Counsell of
state, or the maior part of them, & you shall not deliu9 any thing con-
cerning the affaires of the Counsell to any other person to bee coppied
out or ingrossed, w™ out first makeing the Gou9nor accquainted therwith
and leaue obtayned."
,,V03-P0006-M00998-01006,Counsell,ORG_OR_COMMITTEE,candidate,V03-P0006,998,1006,"OatH oF THE SECRETARY OF THE
CoLony ADMINISTERED BY GOVERNOR AND COUNCIL IN VIRGINIA

1607

Manuseript Records of the Virginia Company, Volume III, Part i, Page 208
Document in the Library of Congress
List of Records, No. 6

The oath administred by the Governor and counsell after m* Secretarie
Dauison death to Edward Sharples

You shall keepe aH secret all matter Comitted & reuealed vnto you, and
all things that shall be treated secretlie at y° Counsell table vntill such
time, as by the Consent of his Mat* Gou?nor & Capt generall & the full
consent of the Counsell of state then resident, or the more parte of them
publication shalbe made therof And you shall most exactlie & faithfullie
to yo"" vtmost power record all acte & matters to be recorded & kept fro
tyme to tyme, w shall be resolued vpon by the Gou9nor & Counsell of
state, or the maior part of them, & you shall not deliu9 any thing con-
cerning the affaires of the Counsell to any other person to bee coppied
out or ingrossed, w™ out first makeing the Gou9nor accquainted therwith
and leaue obtayned."
,,V03-P0007-M00159-00162,Nos,EDITORIAL_REFERENCE,candidate,V03-P0007,159,162,"CoMPLAINT AND SENTENCE

CompLaInt, June 8, 1608
SENTENCE, JUNE 23, 1608

Admiralty, Instance and Prize, Libels 73, Nos."
,,V03-P0012-M00829-00837,Counsell,ORG_OR_COMMITTEE,candidate,V03-P0012,829,837,"A contemporary copy
Document in Bodleian Library, Oxford University
List of Records No. 10

Instrucéons orders and constituéons by way of advise sett downe declared
and ppounded to 8' Thomas Gates knight Governo’ of Virginia and
of the Colony there planted, and to be planted, and of all the inhabi-
tants thereof, by vs his maiesties Counsell for the Directon of the
affaires of that Countrey for his better disposinge and peeedinge in
the government thereof §accordinge§ to the authority and power giuen
vuto vs by by virtue of his Ma""'*s lies Patents:

1 Hauinge considered the greate sufficiency and zealous affecéon w you
S Thomas Gates haue many waies manifested vnto vs, and hauinge
therefore by our Commission vnder ot handé and seales constituted and
ordayned you to be the governor of Virginia, wee his Ma'* Counsell for
that plantaéon, haue consulted and advised vppon diuers instrucéons for
yo"" safer and more delibate p’ceedinge, therein, And therefore doe requier
and charge §you§ accordinge to the Comission in that behalf Directed vnto
you, presently with all convenient speede to take the charge and of our
fleete Consistinge of eight good shippes and one Pinnace and of sixe
hundred land men to be transported vnder yo™ Comaund, and with the
first winde to sett sayle for virginia."
,,V03-P0012-M02051-02059,Counsell,ORG_OR_COMMITTEE,candidate,V03-P0012,2051,2059,"Yo"" shall also
hold Counsell with the M™ and Pilotts and men of the best experience
"
,,V03-P0013-M00800-00808,Councell,ORG_OR_COMMITTEE,candidate,V03-P0013,800,808,"subiects aswell already seated there as

transported with you, to whom you shall cause yo"" Commission to be

directly reade, whereby significatéon may be had of his Mat*** pleasure in
establishinge you y° governor of that Countrey and plantaéon, and the

president Councell and Colony there may take notice of the revocaéon of President & Con-
that fourme of governement by the first tres Patents constituted and Con-**

firmed, and accordingly yeald due obedience vnto you their governor

3 You shall demaund then and resume into yo"" hands the former fres

Pattents and all instructons & publique instruments giuen or sent ynto

them and all bookes and records whatsoeuer of ye generall pceedings

vntill this time, and dispose of them in the future accordinge to yor

discreton.

"
,,V03-P0013-M01990-01998,Councell,ORG_OR_COMMITTEE,candidate,V03-P0013,1990,1998,"and their greate paines and merits doe well

deserue this hono’ & respect from vs. 8"" George Sumers knight and

Admirall of Virginia, Captaine John Smyth nowe President, Captaine

John Radclif, Captaine Peter winne Seiriant maior of the fort, M°

Mathewe Serivenor whom out of our good experience of his abilities in_

that kinde we doe name and appointe to be secretary of that Councell, Sere"" on oe

Captaine John Martine Captaine Richard Waldoe, M* of the workes"
,,V03-P0022-M00382-00390,Councell,ORG_OR_COMMITTEE,candidate,V03-P0022,382,390,"[188] 27 You must take especiall care what relatons come into England
and what tres are written and that all thinges of that nature may be
boxed vp and sealed and sent to first to the Councell here accordinge to
a former instrucéon vnto the late President in that behalf directed and
that at the ariuall and retourne of euery shippinge you endeauour to
knowe all the pticuler passages and informaéons giuen on both sides
and to advertise vs accordingly:

28 Whensoeuer you consult of any busines of importance wee advise you
to consider and deliberate all thinges patiently & willingly and to heare
euery man his oppinion and obiecéon, but the resultants out of them or
yo"" owne Determinaéon what you intend to Doe not to imparte to any
whatsoeuer, but to such onely as shall execute it and to them also vnder
the sealle of yo"" coMaundement and but at the instant of their ptinge
from you or the execuéon of yo"" will:

29"
,,V03-P0023-M00420-00428,Councell,ORG_OR_COMMITTEE,candidate,V03-P0023,420,428,"Whereas suite hath bine made vnto vs as for the retourne of Richard
Potts, David Wiffin and Post Ginnet and sufficient reasons declared to
moue vs to graunte the same wch hath bine agreed vato by the Councell
assembled, wee require you to gine them their licence to come hacke by
the next shippinge wth such condiéons or limitatons of retorne or other-
wise as you shall thinke good:

32 Whereas Petigon hath bine made by the friends of John Tavernor
Capemarehant of the forte and store in Virginia for his retorne vppon
some vrgent occasion and for some time into england we require you to
licence him so to do if it be his desire when you ariue there, And we do
nominate and appointe Thomas Wittingham into his Roome and office
beinge one in whose sufficiency and honesty we haue greate Confidence:

33 There beinge one George Liste servant to John woodall and scut ouer
by him with a Chest of Cheurgery sufficiently furnished we require you to
giue yo' licence to wittm wilson his fellowe yf"
,,V03-P0024-M00669-00677,Councell,ORG_OR_COMMITTEE,candidate,V03-P0024,669,677,"soe vnder our sealle
especially two blacke boxes wth diuers markes wherein are our Cofiissions
in Cases of death or other vacaéon of y* governo’ vntill such time as
you shall find yo"" self vnlikely to liue, or determined to retvrne vppon
w'h occasions wee requier you that they be deliuered before all y° Councell
to be opened successiuely after such death or depture out of Virginia of
any Governor:

"
,,V03-P0025-M01846-01854,Councell,ORG_OR_COMMITTEE,candidate,V03-P0025,1846,1854,"you shall holde Councell wth the Masters Pylates
and men of best experience what way is safest and fitt for you to take for
your arrivinge in Virginea

2."
,,V03-P0026-M00252-00260,Counsell,ORG_OR_COMMITTEE,candidate,V03-P0026,252,260,"And that the
President Counsell and Colony there may take notice of o* revoeaéon
of all form?"
,,V03-P0026-M00760-00768,Counsell,ORG_OR_COMMITTEE,candidate,V03-P0026,760,768,"and Captaine genYrall att weh tyme we holde yt fitt you tender
vnto eu%y of them the oath of supremacy to be by them taken whereby
they shall manifest theire obedience and loyaltie to his Ma‘ and you
thereby the better assured of theire fidelities as alsoe to be the rather
encouraged to Comitt matter of Counsell and Charge vnto them Att
w'h tyme alsoe yo"" Lo” shall in our opinions doe well to give gen%all
epiniens Cofiaundem' that all form?"
,,V03-P0027-M01074-01082,Counsell,ORG_OR_COMMITTEE,candidate,V03-P0027,1074,1082,"7. Yo"" Lo? is to take principall order and eare for the true worship and
service of god as by havinge the gospell preched frequent prayers and the
sacram® often administred as becometh Xpians And that such yo""
Mynisters and preachers as shalbe wth you be had in due respect agreable
to theire dignitie and callinge and that yo’ Lo? wth the Counsell of yor
"
,,V03-P0028-M00709-00717,Councell,ORG_OR_COMMITTEE,candidate,V03-P0028,709,717,"Lo® doe not pmitt any Shippe or vessell to trade or trafique
w'hin yo"" precincte to Carrye from thence any Commodities or Marchandizes
whout Warrant brought yo"" or sent to yo"" Lo? from the Councell for the
Companie of Adventurers vnder the Councell Seale.

11."
,,V03-P0028-M02099-02107,Counsell,ORG_OR_COMMITTEE,candidate,V03-P0028,2099,2107,"Your Lo? must take especiall care what relatéons come into England
and what tres are written & that all things of that nature may be boxed
vp and sealed and sent first to the Counsell here accordinge to a former
instruction vnto the late Gou9not in that behalf directed and that att the
arivall and retorne of eu9y Shippinge you endeavo"" to knowe all the
pticuler passages and informaéons given on both sides and to adu%tise
vs accordingly.
"
,,V03-P0034-M00424-00433,Treasurer,TITLE_OR_ROLE,candidate,V03-P0034,424,433,"your dailie Orators the Treasurer and
Companie of Adventurers and Planters of the Citty of London for the
first Colonie in Virginia That whereas Diuers of his Ma"" loving Subiect¢
in the tyme of the late Queene Elizabeth of happie and famous memory
did discover and finde out that parte of America w* was then vppon that
first."
,,V03-P0034-M01926-01935,Treasurer,TITLE_OR_ROLE,candidate,V03-P0034,1926,1935,"discovery named Virginia in honor of the said late Queene and is
nowe generally §called§ and knowne by the same name and did after
such discou%y made Continewe from tyme to tyme to plant and inhabitt
the said Countrie to there greate Charg and expences vntill the tyme of
the gou2ment of our gratious Sou%ainge the Kinge Ma‘* that nowe is who
being enformed by the said Planters and Adventurers as well of there
greate Charge beestowed in that Diseou9y and plantaton as of the
greate Commodities and advantages like to arise vnto his Ma‘* and this
i<ingdome by the said plantacon did by his Lres-patente vnder the greate
Seale of England bearing date at Westmister the three and twentieth day
of May in the seaventh yeare of his Raigne of England ffraunce and Ireland
and of Scotland the two and fortieth for the propagaéon of Christian
Religion and reclayming of people barborous to Civillitie and humanity
Give and graunt that they the said Planters and Adventurers and all
such and so many as should from tyme to tyme for ever after bee ioyned
with them as Planters or Adventurers in the said plantaZon and there
Successors for ever should bee one body pollitique incorporated by the
name of the Treasurer and Companie of Adventurers and Planters of the
Cittie of London for the first Colonie in Virginia with diuers graunt¢
libties franchises p'heminences priviledges profitt¢ and"
,,V03-P0034-M02177-02186,Treasurer,TITLE_OR_ROLE,candidate,V03-P0034,2177,2186,"Commodities
graunted in and by the said Lres-patent¢ to the said Treasurer and Com-
panie and there Successors for ever as in and by the said Lres-patent¢
"
,,V03-P0035-M00798-00807,Treasurer,TITLE_OR_ROLE,candidate,V03-P0035,798,807,"Roiall power and authoritie did likewise Give graunt and Confirme
ynto the said Treasurer and Companie the said Country of Virginia with
further extent of ground and Island@ adiacent in the said Lres-patente
mentoned and graunted togeather with such further priviledges as to his
gratious wisdome did seeme Convenient for the advauncing of so noble
an acton"
,,V03-P0035-M01968-01977,Treasurer,TITLE_OR_ROLE,candidate,V03-P0035,1968,1977,"of the said plantacon hath beene often by expience found
to bee daungerous and p‘iudiciall to the same and much to haue hindered
the pgresse and pceeding of the said plantaéon and for that it seemed
vnto his Ma” a thing reasonable that such psons as by there hand-wryting
haue engaged themselves for the paym' of there adventures and after-
warde neglecting there faith and pmise should bee Compellable to make
good and keepe the same that therefore his Matie¢ will and pleasure was
that in any sute or sutes Commenced or to bee Commenced in any of his
Matiee Courté at Westm9 or ells where by the said Treasurer and Companie
or otherwise against any such pson or psons that his Judges for the tyme
being bothe in the Courte of Chauncery and at the Common lawe should
favour and further the said sutes so farr foorth as lawe and equitie will
in any wise suffer and pmitt as in and by the said last recited Tres-patent¢
amongst diuers other favours and priviledges therein Contayned it doth
and may more at large appeare."
,,V03-P0035-M02456-02465,Treasurer,TITLE_OR_ROLE,candidate,V03-P0035,2456,2465,"And after the said first grant of incor-
poraéon so obtained the said Treasurer and Companie did sett out
Certaine shipps brought and furnished with all kinde of necessarie pro-
"
,,V03-P0036-M00728-00736,Counsell,ORG_OR_COMMITTEE,candidate,V03-P0036,728,736,"* Thomas Gates Knight (whome they
had imploied there with the Charge and title of Generall of that Colonie
who was newly sent home from Virginia for that busines) that a greater
supply of men and money must bee had and was requisite and necessary
for the accomplishmt of that honorable acton and the establishm' of the
said plantaéon the said Companie entred into a newe Counsell and finding
that without a newe aide and supplie to bee sent vnto Virginia (such as
was required by the said S* Thomas Gates in the name of the Lord Gov-
ernor and Colonie there) so honorable and religious an acéon must fall
to the ground to the vtter ou9throwe of the said Companie the losse of
all there former Charges and expence the detriment of Christian Religion
and greate preiudice vnto this Kingdome"
,,V03-P0036-M02285-02294,Treasurer,TITLE_OR_ROLE,candidate,V03-P0036,2285,2294,"Did promise vnto the said Treasurer and Companie that
they would disbursse pay in and deliver vnto the said Treasurer eu9y
one of them the soifie of seaven and thirtie pound¢ and tenn shilling?"
,,V03-P0036-M02367-02376,Treasurer,TITLE_OR_ROLE,candidate,V03-P0036,2367,2376,"Did promise vnto the said Treasurer and Companie that
they would disbursse pay in and deliver vnto the said Treasurer eu9y
one of them the soifie of seaven and thirtie pound¢ and tenn shilling?"
,,V03-P0037-M00798-00807,Treasurer,TITLE_OR_ROLE,candidate,V03-P0037,798,807,"And
therevppon in the monethes of October November and December in the
eight veare of his Mat® happie Raigne and at diuers tymes since in a booke
and in Certaine Rolles to that purpose made by genYall advise and Con-
sent with a title and inseripéon in the begynning of the said booke and
seu9all Rolles Contayning the purpose and pmises of the said Adventurers
eu%y one of the said Adventurers that had so pmised to adventure did
write downe his name with the some which hee did promise to adventure
for the three yeares ensuing thereby testifying the said agreem* and
promises of purpose more assuredlie to binde themselves vnto the said
Treasurer and Companie for the true pformance of there promised adven-
tures and to give encouragem* and assuratice of indempnitie to the said
Treasurer and Company for the disburssing and laying out of such greate
somes of money as should bee thought requisite and necessary for the
reliefe and supply of the said Colonie And afterward¢ according to the
said promise agreemt and vnderwryting manie reverend Prelates Farles
Lord@ honorable and vertuous Ladies Knight¢ gentlemen Citizens of good
accounte and quallitie and others did pay in vnto the Treasurer of the said
Companie such somes of money as they had agreed and voderwritten to
pay who vppon such payment deliuered them bills of Receipt and enfratin-
chism* sealed with the Cofion Seale of the said Companie After w*
seu%all agreem' and promises so made and executed in manner aforesaid
the said Treasurer and Company did vndertake to furnish the said Colonie
with all thingé necessary and did from tyme to tyme send out Shipps for
the advaiicemt of the said plantaéon sufficientlie furnished with able
Gou9nors and Commaunders both at sea and land with sufficient numbers
of men as well Sailers souldiers husbandmen ffishermen as Artizans of
sundry kindes for the necessitie of that busines with all sorte of victualls
and seu%all kindes of Cattle with other necessaries and Conveniencies of
seu%all natures requisitt for the setling of that plantaéon and for the
susteniince and well-being of that Colonic to there greate and excessive
Charge which Charge amounting to manie thousand pound¢ more then
they had readie meanes to satisfie the said Treasurer and Companie were
enforced to engage themselves and there Creditté for very greate somes of
money w*"" they the more willingly and readily did adventure to doe for
"
,,V03-P0037-M02406-02415,Treasurer,TITLE_OR_ROLE,candidate,V03-P0037,2406,2415,"And
therevppon in the monethes of October November and December in the
eight veare of his Mat® happie Raigne and at diuers tymes since in a booke
and in Certaine Rolles to that purpose made by genYall advise and Con-
sent with a title and inseripéon in the begynning of the said booke and
seu9all Rolles Contayning the purpose and pmises of the said Adventurers
eu%y one of the said Adventurers that had so pmised to adventure did
write downe his name with the some which hee did promise to adventure
for the three yeares ensuing thereby testifying the said agreem* and
promises of purpose more assuredlie to binde themselves vnto the said
Treasurer and Companie for the true pformance of there promised adven-
tures and to give encouragem* and assuratice of indempnitie to the said
Treasurer and Company for the disburssing and laying out of such greate
somes of money as should bee thought requisite and necessary for the
reliefe and supply of the said Colonie And afterward¢ according to the
said promise agreemt and vnderwryting manie reverend Prelates Farles
Lord@ honorable and vertuous Ladies Knight¢ gentlemen Citizens of good
accounte and quallitie and others did pay in vnto the Treasurer of the said
Companie such somes of money as they had agreed and voderwritten to
pay who vppon such payment deliuered them bills of Receipt and enfratin-
chism* sealed with the Cofion Seale of the said Companie After w*
seu%all agreem' and promises so made and executed in manner aforesaid
the said Treasurer and Company did vndertake to furnish the said Colonie
with all thingé necessary and did from tyme to tyme send out Shipps for
the advaiicemt of the said plantaéon sufficientlie furnished with able
Gou9nors and Commaunders both at sea and land with sufficient numbers
of men as well Sailers souldiers husbandmen ffishermen as Artizans of
sundry kindes for the necessitie of that busines with all sorte of victualls
and seu%all kindes of Cattle with other necessaries and Conveniencies of
seu%all natures requisitt for the setling of that plantaéon and for the
susteniince and well-being of that Colonic to there greate and excessive
Charge which Charge amounting to manie thousand pound¢ more then
they had readie meanes to satisfie the said Treasurer and Companie were
enforced to engage themselves and there Creditté for very greate somes of
money w*"" they the more willingly and readily did adventure to doe for
"
,,V03-P0041-M00613-00622,Treasurer,TITLE_OR_ROLE,candidate,V03-P0041,613,622,"Quester twoe of the Defend to the Bill of Complt of the Treasurer es —
and Company of Adventurers & Planters of the Cittie of London for powes

the firste Colonie in Virginia Complaynante.

"
,,V03-P0049-M00148-00151,Nos,EDITORIAL_REFERENCE,candidate,V03-P0049,148,151,"THe Bit or
ComPLAINT

November 15, 1613

Chancery Proceedings, James I, Bundle U, Nos."
,,V03-P0049-M00371-00380,Treasurer,TITLE_OR_ROLE,candidate,V03-P0049,371,380,"1613
Englande

Complayninge shewen vnto yo"" Lorpp yor dailye orato™ the Treasurer
and Companye of Adventurers & Planters of the Cittie of London for the
first Colonye in Virginia That whereas for the furtherance and advancem'
of the said Plantaéon, beinge a matter of great importance and conse-
quence aswell for the ppagaton of Xiian."
,,V03-P0050-M02217-02226,Treasurer,TITLE_OR_ROLE,candidate,V03-P0050,2217,2226,"Wherevpon the said William Leveson hauinge about two yeares sythence
& about halfe a yeare before the said greate Lottrie was opened receyued
the said bookes wth such Comission and trust as aforesaid, did by reason
therof receyue of sundrye psons to be putt in, and adventured in the said
Lottrie divers somes of monye amountinge in the whole to the some of
two thousand seauen hundred fower seore and thirteene poundes tenn
shillinges wth weh bookes and receytes he the said Leveson made the said
Treasurer, and some of the said Companye vsed and imployed in that
busines acquainted, and paid in to the Lottrie house, or to such psons as
were appointed to receiue the same dyvers somes of monye, and pmised
faithfullie to paie in the rest, & by such his promises ptesta@ons and faire
speaches he"
,,V03-P0052-M00882-00885,Nos,EDITORIAL_REFERENCE,candidate,V03-P0052,882,885,"Leveson To THE Bitt oF CoMPLAINT

NovemBer 30, 1613

Chancery Proceedings, James I, Bundle U, Nos."
,,V03-P0057-M01274-01283,Treasurer,TITLE_OR_ROLE,candidate,V03-P0057,1274,1283,"vnto the Treasurer in the said bill

menéoned towardé the said adventures or Plantaéon the soite of Seaventye

ffyve pound or anie other some or somes, as in and by the said bill ys

supposed, And this defendaunte lykewise vtterlie denyeth that he this

defendt hath vnderwritten his name to anye such assumpéon or promise,

or in anye such booke or Roll as in and by the said Bill ys men@oned as

an Adventurer towardé the said Plantaéon or supplie of the sayd Collonye

of Virginia, as in and by the said bill ys surmized, without that that anie

other matter or thinge in the said bill of Complaynte conteyned concerninge

this defendaunte materiall or effectuall in the lawe to be aunswered vnto

and not herein sufficientlie aunsweredvnto Confessedand avoyded trav-,

ersed or denyed ys true All which matters this defendt ys readye to Virgin Colon 4

averre maynteyne and prove as this honorable Courte shall awarde And yeh Mal!

"
,,V03-P0067-M00159-00166,Majesty,TITLE_OR_ROLE,candidate,V03-P0067,159,166,"Whereas the Royal, most excellent Majesty, under his great seal of Eng-
land, authorizes the Virginia Company for the setting up of a lottery for
the benefit of that Plantation.

"
,,V03-P0070-M01056-01065,Treasurer,TITLE_OR_ROLE,candidate,V03-P0070,1056,1065,"Upon the 10th of Aprill wee departed from Plymouth, and the next daie
lost sight of the Lyzard, having the Treasurer in o' Company, weh kept
wth us about 3 weeks: at what tyme we lost her in foggy weather w™
contynued after 20."
,,V03-P0102-M01742-01749,Majesty,TITLE_OR_ROLE,candidate,V03-P0102,1742,1749,"Now our trust being that under the
Government of you Captain Yeardly with the advice and Assistance of the
said Council of State such public provisions of Corn and Cattle will again
be raised as may draw on those Multitudes who in great Abundance from
diverse parts of the Realm were preparing to remove thither if by the late
decay of the said public Store their hopes had not been made frustrate and
their minds thereby clene discouraged We have thought good to bend our
present cares and Consultations according to the Authority granted unto
us from his Majesty under his great Seal to the setling there of A laudable
"
,,V03-P0104-M00376-00385,Treasurer,TITLE_OR_ROLE,candidate,V03-P0104,376,385,"And we will and ordain that
all the said Tennants on the Governors and Companies Lands shall occupy
the same to the half part of the profits of the said Lands so as the one half
to be and belong to the said Tennants themselves and the other half
respectively to the said Governor and to us the said Treasurer and Com-
pany and our Suceessors"
,,V03-P0104-M00544-00553,Treasurer,TITLE_OR_ROLE,candidate,V03-P0104,544,553,"And we further will and ordain that of the half
profits arising out of the said Companies Lands and belonging to us the
said Treasurer and Company the one Moicty be imploied for the Enter-
tainment of the said Councel of Estate there residing and of other public
officers of the general Colony and plantation (besides the Governor) accord-
"
,,V03-P0106-M01627-01634,Majesty,TITLE_OR_ROLE,candidate,V03-P0106,1627,1634,"And Whereas by a special Grant and licence from his Majesty
a general Contribution over this Realm hath been made for the building
and planting of a college for the training up of the Children of those Infidels
in true Religion moral virtue and Civility and for other godly uses We do
therefore according to a former Grant and order hereby ratifie confirm and
ordain that a convenient place be chosen and set out for the planting of a
University at the said Henrico in time to come and that in the mean time
preparation be there made for the building of the said College for the
Children of the Infidels according to such Instructions as we shall deliver
"
,,V03-P0107-M00987-00996,Treasurer,TITLE_OR_ROLE,candidate,V03-P0107,987,996,"We therefore the said Treasurer and Company do hereby again grant ratifie
and Confirm unto you the said Captain George Yeardley the said several
Grounds and Lands to have and to hold the said Grounds and Lands to
you"
,,V03-P0108-M02282-02291,Treasurer,TITLE_OR_ROLE,candidate,V03-P0108,2282,2291,"And if they be of the Adventurers of us the Company which
have paid into our treasury money for their shares that then they express
in that their writing for how many shares they join in the said particular
Plantation to the End a Due proportion of Land may be set out unto them
and we the said Treasurer and Company be not defrauded of Our due
"
,,V03-P0109-M00806-00813,Majesty,TITLE_OR_ROLE,candidate,V03-P0109,806,813,"NOVEMBER 18, 1618 105

manner aforesaid and All such persons having been planted there since the
coming away of 8S’ Thomas Dale And forasmuch as we understand that
certain persons having procured such Grants in general Words to them-
selves and their Associates or to like Effeet have corruptly of late endeav-
oured for gain and Worse respects to draw many of the ancient Planters
of the said four Cities or Burroughs to take grants also of them and thereby
to become associated unto them with intent also by Such means to over-
strengthen their party And thereupon have adventured on divers Enor-
mous Courses tending to the great hurt and hindrance of the Colony Yea
and have also made Grants of like Association to Masters of Ships and
Mariners never intending there to inhabit, thereby to defraud his Majesty
of the Customs due unto him We to remedy and prevent such unlawful
and greedy Courses tending also directly to faction and sedition Do hereby
ordain that it shall not be lawful for the Grantecs of such Grants to asso-
ciate to any other unto them then such as were their Associates from the
first time of the said grants without express liecnce of us the s* Treasurer
and Company in a great General and Quarter Court under our seal ob-
tained And that all such after or under Grants of Association made or
to be made by the said Grantees shall be to all intents and purposes utterly
void And for as much as we understand that divers particular persons
(not members of our Company) with their Companies have provided or
are in providing to remove into Virginia with intent (as appeareth) by
way of Association to shroud themselves under the General Grants last
aforesaid which may tend to the Great disorder of our Colony and hinder-
ance of the good Government which we desire to Establish We do there-
fore hereby ordain that all such persens as of their own Voluntary Will
and authority shall remove into Virginia without any Grant from us in a
great general and Quarter Court in writing under our seal shall be deemed
(as they are) to be occupiers of our Land that is to say of the Conunon
Lands of us the said Treasurer and Company And shall yearly pay unto
us for the said occupying of our Land one full fourth part of the profits
thereof till such time as the same shall be granted unto them by us in
manner aforesaid"
,,V03-P0109-M02128-02137,Treasurer,TITLE_OR_ROLE,candidate,V03-P0109,2128,2137,"NOVEMBER 18, 1618 105

manner aforesaid and All such persons having been planted there since the
coming away of 8S’ Thomas Dale And forasmuch as we understand that
certain persons having procured such Grants in general Words to them-
selves and their Associates or to like Effeet have corruptly of late endeav-
oured for gain and Worse respects to draw many of the ancient Planters
of the said four Cities or Burroughs to take grants also of them and thereby
to become associated unto them with intent also by Such means to over-
strengthen their party And thereupon have adventured on divers Enor-
mous Courses tending to the great hurt and hindrance of the Colony Yea
and have also made Grants of like Association to Masters of Ships and
Mariners never intending there to inhabit, thereby to defraud his Majesty
of the Customs due unto him We to remedy and prevent such unlawful
and greedy Courses tending also directly to faction and sedition Do hereby
ordain that it shall not be lawful for the Grantecs of such Grants to asso-
ciate to any other unto them then such as were their Associates from the
first time of the said grants without express liecnce of us the s* Treasurer
and Company in a great General and Quarter Court under our seal ob-
tained And that all such after or under Grants of Association made or
to be made by the said Grantees shall be to all intents and purposes utterly
void And for as much as we understand that divers particular persons
(not members of our Company) with their Companies have provided or
are in providing to remove into Virginia with intent (as appeareth) by
way of Association to shroud themselves under the General Grants last
aforesaid which may tend to the Great disorder of our Colony and hinder-
ance of the good Government which we desire to Establish We do there-
fore hereby ordain that all such persens as of their own Voluntary Will
and authority shall remove into Virginia without any Grant from us in a
great general and Quarter Court in writing under our seal shall be deemed
(as they are) to be occupiers of our Land that is to say of the Conunon
Lands of us the said Treasurer and Company And shall yearly pay unto
us for the said occupying of our Land one full fourth part of the profits
thereof till such time as the same shall be granted unto them by us in
manner aforesaid"
,,V03-P0110-M00042-00051,Treasurer,TITLE_OR_ROLE,candidate,V03-P0110,42,51,"106 RECORDS OF THE VIRGINIA COMPANY

said Treasurer and Company yet without any grant in Writing made in
our said General Quarter Courts as is requisite We will and ordain that
the said Adventurers or Planters shall within two year after the arrival of
them or their Company in Virginia procure our grant in writing to be
made, in Our General Quarter Court and under our seal, of the Lands by
them possessed or occupied or from thenceforth shall be deemed only
Occupiers of the Common Land As is aforesaid till such times as our
said grant shall be obtained We also not more intending the reformation
of the Errors of the said 1 than for advancing of them into good
Courses and therein to assist them by all good means We further hereby
ordain that to all such of the said particular las shall truly fully
observe the orders Afore and hereafter specified there be alotted and set
out over and above Our former Grants One hundred Acres of glebe land
for the Minister of every land fifteen hundred Acres of Burough
Land for the public use of the said Plantation Not intending yet hereby
either to abridge or enlarge such grant of glebe or common Land as shall
be made in any of our grants in writing to any of the said particular planta-
tions We also will and ordain that the like proportion of maintenance out
of the 1! and profits of the Earth be made for the several Ministers
of the said particular Plantations as have been before set down for the
Ministers of the said former Cities and burroughs We will and ordain
that the Governor for the time being and the said Council of Estate do
justly perform or cause to be performed all such grants Covenants and
Articles as have or shall be in writing in Our great and general Quarter
Courts to any of the said particular Plantations Declaring all other grants
of Lands in Virginia not made in one of our great and general Quarter
Courts by force of his Majesties Letters patents to be void"
,,V03-P0119-M01668-01677,Treasurer,TITLE_OR_ROLE,candidate,V03-P0119,1668,1677,"2 ee ee
Summe of the persons
Whereof in the eight Ships set out by the Treasurer andj 871
Company--.------"
,,V03-P0121-M01609-01618,Treasurer,TITLE_OR_ROLE,candidate,V03-P0121,1609,1618,"An vnnamed person sent to the Treasurer the summe of ten pounds, for
aduancing of the Plantation.
"
,,V03-P0122-M01373-01381,Counsell,ORG_OR_COMMITTEE,candidate,V03-P0122,1373,1381,"(Photographic repro-

duction of part, in the Library of Congress)

List of Records No. 93

Noble
Sir, trewly peeiving your constant affection still to remayne towards
me, aswell in the great travaile and paynes you take for defending vp-
houlding and mayntayning my reputation and Creditt, as allso for the
good advise Counsell and directions I doe receave fr6"
,,V03-P0135-M00728-00736,Counsell,ORG_OR_COMMITTEE,candidate,V03-P0135,728,736,"x* above menéoned to have bene by him them and eu®y of
them payd and adventured in manner aforesaid towards the same plan-
taton The same land to bee taken and chosen by them their deputies or
assignes, with the privity and allowance of the governor and Counsell of
State in Virginia residinge, in any place or places whersoever not already
or heretofore inhabited by any Englishe and wheriu noe English pson or
psons are already placed or setled, or have by order of court made choyce
of, nor within ten miles of the same vules the same bee on the opposite
side of some great and navigable ryver to the former pticuler plantaéons
Togeather with the one halfe of the ryver or ryvers That is to say to the
middest thereof, as shall adioyne to such land as they shall make choyce
of, Togeather with all such liberties priviledges profits and comodyties
as the said land and ryvers w™ they shall make choyce of shall yeald,
and in as ample and benefitiall manner as have bene heretofore granted
to any other Adventurers or Vndertakers whatsoever."
,,V03-P0135-M01966-01974,Counsell,ORG_OR_COMMITTEE,candidate,V03-P0135,1966,1974,"And forasmuch
as the said S* Wiltm Throkm?ton S* George Yardley Richard Berkeley
George Thorpe and John Smyth the adventurers aforesaid intend and
have vndertaken to place preachers, build churches schoolhouses and
such like workes of charity In regard wherof and to th’end the said Adven-
turers their heires and assignes may have wherwithall to beare and support
such like charges, Therfore the said Treasorer and company with the
consent of the Counsell aforesaid doe grant vnto the said adventurers
their heires and assignes fifteene hundred acres of land more over and above
the said proporton of one hundred acres for a single [55} share, to bee
imployed vpon such publike vses as the said adventurers their heires and
assignes shall thinke fit."
,,V03-P0137-M02069-02077,Counsell,ORG_OR_COMMITTEE,candidate,V03-P0137,2069,2077,"to
bee made by the said Adventurers their heires or assignes within seaven
yeares nowe next cominge, shall and will by their Deed Indented and
vnder their cofion seale grant enfeoffe and confirme all or any the said
lands soe let out and bounded as aforesaid to the said Adventurers their
heires and assignes in as large and benefitiall manner as the same are in
their plsents granted or intended to bee granted to all intents and purposes
And shall [57] also within the said terme of seaven yeares grant to them the
said Adventurers their heires and assignes tres and grants of incorporaéon
by some vsual or fit name or title, with liberty to them and their suc-
cessors from tyme to tyme to frame and make orders ordinances and
constitutions for the rule governem' orderinge and directinge of all [sorts}
psons to be transported and setled vpon the lands hereby intended to bee
granted, or hereafter to bee granted, and of the said lands and profits
theirby arisinge, Soe that the said orders ordinances and constitutions
bee not repugnant to the lawes of England or to the forme of gou9nement
by the said Treasorer eempany Counsell and company to bee established
(ordinary appeales to the supreame Courts onely excepted)"
,,V03-P0143-M01129-01136,Deputie,TITLE_OR_ROLE,candidate,V03-P0143,1129,1136,"The Treasuror, the Deputie, the Counsell, the Coffiittees the Auditors,
the Secretarye, the Booke Keeper for Accompts, the Husband, and the
Bedle."
,,V03-P0143-M01142-01150,Counsell,ORG_OR_COMMITTEE,candidate,V03-P0143,1142,1150,"The Treasuror, the Deputie, the Counsell, the Coffiittees the Auditors,
the Secretarye, the Booke Keeper for Accompts, the Husband, and the
Bedle."
,,V03-P0144-M00340-00348,Counsell,ORG_OR_COMMITTEE,candidate,V03-P0144,340,348,"te assemble his Counsell whent he is frst of all te reeard 3* there be none
ef them whe shal ret be sworne; to keepe §stet§ Sappeint$ $Re§ ye
§yt no man may Ordinary Courts, and to assemble extraordinary as occasion shall serue
be present when Ty all wet assemblyes himselfe shalbe§le§ hould the place of President and
anything is treat-
ed of we» con-"
,,V03-P0144-M01205-01213,Counsell,ORG_OR_COMMITTEE,candidate,V03-P0144,1205,1213,"And if he refuse to loose his office and be
made vneapable for euer after & then y® depute to doe it if he refuse to
loose his place & any of y* Counsell to doe it.

"
,,V03-P0144-M01241-01249,Counsell,ORG_OR_COMMITTEE,candidate,V03-P0144,1241,1249,"To assemble y* Counsell vpon all weightie occasions to doe his best y*
fitt men be chosen, yt they take theyr oath, yt by their aduise y° LL* of
y° §priuy$ Counsell 6 may be acquainted with businesses of majer great

§ye Comhittees to Sest$ importance, such especially as concerne y° state in generall,
take Accompt oi?

Husband whose ae
‘Aceompts Bo sisemble ¥°"
,,V03-P0144-M01382-01390,Counsell,ORG_OR_COMMITTEE,candidate,V03-P0144,1382,1390,"To assemble y* Counsell vpon all weightie occasions to doe his best y*
fitt men be chosen, yt they take theyr oath, yt by their aduise y° LL* of
y° §priuy$ Counsell 6 may be acquainted with businesses of majer great

§ye Comhittees to Sest$ importance, such especially as concerne y° state in generall,
take Accompt oi?

Husband whose ae
‘Aceompts Bo sisemble ¥°"
,,V03-P0145-M01318-01325,Deputie,TITLE_OR_ROLE,candidate,V03-P0145,1318,1325,"It was conceaued in generall that eh Offee y° Gouernor and Deputie doe
not contynew in his place and office for aboue 3 yeares.

& that for these reasons."
,,V03-P0146-M00773-00781,Counsell,ORG_OR_COMMITTEE,candidate,V03-P0146,773,781,"The Counsell and Comittees

That a Register of y° Counsell be kept and read euery q™ Court, that
they may be required to attend, and if there be any want, then to be
supplyed ef $with$ such men of abiitye qualitye & sufficiencye as will
attend y* service: That they may be warned all to come and take theyr
Oathes or els to be discharged Sand theyr cheife care shalbe together w'®
y® Treas."
,,V03-P0146-M00819-00827,Counsell,ORG_OR_COMMITTEE,candidate,V03-P0146,819,827,"The Counsell and Comittees

That a Register of y° Counsell be kept and read euery q™ Court, that
they may be required to attend, and if there be any want, then to be
supplyed ef $with$ such men of abiitye qualitye & sufficiencye as will
attend y* service: That they may be warned all to come and take theyr
Oathes or els to be discharged Sand theyr cheife care shalbe together w'®
y® Treas."
,,V03-P0146-M01167-01174,Deputie,TITLE_OR_ROLE,candidate,V03-P0146,1167,1174,"or his Deputie to make orders and lawes for y* well ordering of
y® Company her[e] & ye Colonyes there in Virginia.§

The Comittees

That euery yeare 6 new, shalbe chosen, & 6 of y® old patt ext §dismissed§.
To deale in all businesses of buying & selling for ye Company for hyringe
and furnishinge of shipps that are fer inployed for y® Companye and
prouidinge of all necessaryes &c. to be sent thither & §to§ regardinge
the bestowinge & safe keepinge of such Cofiodityes as shalbe retourned
to be layd vp where y* Company shall appoint.

"
,,V03-P0150-M01813-01822,Treasurer,TITLE_OR_ROLE,candidate,V03-P0150,1813,1822,"In the Records of the Suit of the
Virginia Company with Wye, 1620
List of Records No. 110

Séda schedula de qua fit menéo in ar'* pntibus annexis

A coppy of a letter from the Treasurer and Counsell for Virginia to 8°
George Yardly Knight Governo"" of Virginia dated at London 21
June 1619 and sent by the Garland

After ot very harty comendaéons, we have wt great ioy vnderstood of
yo"" safe arrivall in Virginia, and of yor firme resolution to reforme those
"
,,V03-P0150-M01827-01835,Counsell,ORG_OR_COMMITTEE,candidate,V03-P0150,1827,1835,"In the Records of the Suit of the
Virginia Company with Wye, 1620
List of Records No. 110

Séda schedula de qua fit menéo in ar'* pntibus annexis

A coppy of a letter from the Treasurer and Counsell for Virginia to 8°
George Yardly Knight Governo"" of Virginia dated at London 21
June 1619 and sent by the Garland

After ot very harty comendaéons, we have wt great ioy vnderstood of
yo"" safe arrivall in Virginia, and of yor firme resolution to reforme those
"
,,V03-P0151-M01268-01277,Treasurer,TITLE_OR_ROLE,candidate,V03-P0151,1268,1277,"Wee cannott but in pticular comend yo"" carefull lie vpon the pcecdinge
of the Treasurer sett out by Captaine Argall and coneurr wt yo"" in
opinion of the importance thereof wee pray yo"" therfore according to
our former instructions that nothing be neglected in that busines."
,,V03-P0153-M00273-00281,Counsell,ORG_OR_COMMITTEE,candidate,V03-P0153,273,281,"Commirrrer oF THE CounciL ror VircintA. Copy or MInutEs
RELATING TO THE CENSURE PASSED ON ALDERMAN JOHNSON

Juuy 8, 1619

Manchester Papers, No. 250
Document in Public Record Office, London
List. of Records No. 112

At a meeting of a Comittee of the Counsell for Virginia at Southampton
House on Thursday morning 8% of July 1619."
,,V03-P0154-M01248-01256,Counsell,ORG_OR_COMMITTEE,candidate,V03-P0154,1248,1256,"[Indorsed:] The Counsell of Virginia their Censure vpon Alderman
Johnson
"
,,V03-P0154-M01652-01660,Counsell,ORG_OR_COMMITTEE,candidate,V03-P0154,1652,1660,"At a meetinge at Southampton house of theise of y* Counsell
by an order of Court

E: of Southampton Mt Jo: Wroth
E: of Warwicke M: Thorpe
St John Danuers Mr Jo: Farrar

8S Tho: Gates
St Na."
,,V03-P0155-M00023-00031,Counsell,ORG_OR_COMMITTEE,candidate,V03-P0155,23,31,"JULY 20, 1619 151

The Counsell aforenamed hauing by order of Court mett to consyder of
some course for reparation to be done to M* Threasurer and the Court
for iniurious words openly spoken by M* Alderman Johnson, they haue
thought fitt aeeerdia to order that Mt Alderman should make publick
acknowledgement of his error and ¢& confessing himselfe sorry for the
same and that he should desyre both the Company and M: Threasuror
to remitt the offence done to either of them."
,,V03-P0155-M00785-00793,Counsell,ORG_OR_COMMITTEE,candidate,V03-P0155,785,793,"[Indorsed:] Order of the Counsell against Alderman Johnson

LXIII."
,,V03-P0156-M01447-01455,Counsell,ORG_OR_COMMITTEE,candidate,V03-P0156,1447,1455,"I ffind it most fitt for me to live a
retired life, that I may not be wronged in that w* is my deu and Ryght,
I meane my Land of Weyonoek so ffirmly confirmed by the Counsell and
Company vnto me, I endeed as my Continence bearing me witnes having
deserued no less, yett."
,,V03-P0159-M01675-01683,Counsell,ORG_OR_COMMITTEE,candidate,V03-P0159,1675,1683,"At the reading of the names of the Burgesses, Exception was taken against
Captaine Warde as having planted here in Virginia without any authority
or comission from the Tresurer, Counsell and Company in Englande.
"
,,V03-P0159-M02446-02454,Counsell,ORG_OR_COMMITTEE,candidate,V03-P0159,2446,2454,"But considering he had bene at so great chardge and paines to augmente
this Colony, and adventured his owne person in the action, and since that
time had brought home a good quantity of fishe, to relieve the Colony
by waye of trade, and above all, because the Comission for authorising
the General Assembly admitteth of two Burgesses out of every plantation
without restrainte or exception, Upon all these considerations, the As-
sembly was contented to admitt of him and his Licutenant (as members
of their body and Burgesses) into their society, Provided, that the said
Captaine Warde with all expedition, that is to saye between this and the
nexte general assembly (all lawful impediments excepted), should procure
from the Tresurer, Counsell and Company in England a comission lawfully
"
,,V03-P0162-M00923-00931,Counsell,ORG_OR_COMMITTEE,candidate,V03-P0162,923,931,"Which done he read unto them the commission for establishing the Counsell
of Estate and the general Assembly, wherein their duties were described
to the life.

"
,,V03-P0162-M01601-01609,Counsell,ORG_OR_COMMITTEE,candidate,V03-P0162,1601,1609,"But some may here objecte to what
ende we should presume to referre that to the examination of Committies
which the Counsell and Company in England had already resolved to be
perfect, and did expect nothing but our assente thereunto."
,,V03-P0164-M00163-00171,Counsell,ORG_OR_COMMITTEE,candidate,V03-P0164,163,171,"160 RECORDS OF THE VIRGINIA COMPANY

perusall of the first book, the Generall Assembly doe become most humble
suitors to their lo®* and to the rest of that honble Counsell and renowned
Company, that albeit they have bene pleased to allotte unto the Governo’
to themselves, together with the Counsell of Estate here, and to the
officers of Incorporations, certain lande portions of lande to be layde out
within the limites of the same, yet that they woulde vouchsafe also, that
groundes as heretofore had bene granted by patent to the antient Planters
by former Governours that had from the Company received comission so
to doe, might not nowe after so muche labour and coste, and so many
yeares habitation be taken from them."
,,V03-P0164-M01772-01781,Treasurer,TITLE_OR_ROLE,candidate,V03-P0164,1772,1781,"The thirde Petition humbly presented by this General Assembly to the
Treasurer, Counsell and Company is, that it may plainly be expressed in
the great Comission (as indeed it is not) that the antient Planters of both
sortes, viz., suche as before Sir Thomas Dales’ depart were come hither
upon their owne chardges, and suche also as were brought hither upon the
Companie’s coste, maye have their second, third and more divisions suc-
cessively in as lardge and free manner as any other Planters."
,,V03-P0164-M01783-01791,Counsell,ORG_OR_COMMITTEE,candidate,V03-P0164,1783,1791,"The thirde Petition humbly presented by this General Assembly to the
Treasurer, Counsell and Company is, that it may plainly be expressed in
the great Comission (as indeed it is not) that the antient Planters of both
sortes, viz., suche as before Sir Thomas Dales’ depart were come hither
upon their owne chardges, and suche also as were brought hither upon the
Companie’s coste, maye have their second, third and more divisions suc-
cessively in as lardge and free manner as any other Planters."
,,V03-P0165-M00079-00088,Treasurer,TITLE_OR_ROLE,candidate,V03-P0165,79,88,"JULY 80, 81, AUGUST 2, 8, 4, 1619 161

Their fourth Petition is to beseech the Treasurer, Counsell and Company
that they would be pleased to appoint a Sub-Treasurer here to coilecte
their rents, to the ende that the Inhabitants of this Colony be not tyed to
an impossibility of paying the same yearly to the Treasurer in England, and
that they would enjoine the said Sub-Treasurer not precisely according to
the letter of the Charter to exacte mony of us (whereof we have none at all,
as we have no minte), but the true value of the rente in comodity.

"
,,V03-P0165-M00090-00098,Counsell,ORG_OR_COMMITTEE,candidate,V03-P0165,90,98,"JULY 80, 81, AUGUST 2, 8, 4, 1619 161

Their fourth Petition is to beseech the Treasurer, Counsell and Company
that they would be pleased to appoint a Sub-Treasurer here to coilecte
their rents, to the ende that the Inhabitants of this Colony be not tyed to
an impossibility of paying the same yearly to the Treasurer in England, and
that they would enjoine the said Sub-Treasurer not precisely according to
the letter of the Charter to exacte mony of us (whereof we have none at all,
as we have no minte), but the true value of the rente in comodity.

"
,,V03-P0165-M00308-00317,Treasurer,TITLE_OR_ROLE,candidate,V03-P0165,308,317,"JULY 80, 81, AUGUST 2, 8, 4, 1619 161

Their fourth Petition is to beseech the Treasurer, Counsell and Company
that they would be pleased to appoint a Sub-Treasurer here to coilecte
their rents, to the ende that the Inhabitants of this Colony be not tyed to
an impossibility of paying the same yearly to the Treasurer in England, and
that they would enjoine the said Sub-Treasurer not precisely according to
the letter of the Charter to exacte mony of us (whereof we have none at all,
as we have no minte), but the true value of the rente in comodity.

"
,,V03-P0165-M00591-00600,Treasurer,TITLE_OR_ROLE,candidate,V03-P0165,591,600,"The fifte Petition is to beseeche the Treasurer, Counse'l and Company that,
towards the erecting of the University and Colledge, they will sende, when
they shall thinke it most convenient, workmen of al! sortes, fitt for that
purpose,

The sixte and laste is, they wilbe pleased to change the savage name of
Kiecowtan, and to give that Incorporation a new name.

"
,,V03-P0165-M01147-01156,Treasurer,TITLE_OR_ROLE,candidate,V03-P0165,1147,1156,"These are the general Petitions drawen by the Comitties out of the two
former bookes which the whole general assembly in maner and forme above
sett downe doe most humbly offer up and present to the honourable con-
struction of the Treasurer, Counsell and Company in England.

"
,,V03-P0165-M01158-01166,Counsell,ORG_OR_COMMITTEE,candidate,V03-P0165,1158,1166,"These are the general Petitions drawen by the Comitties out of the two
former bookes which the whole general assembly in maner and forme above
sett downe doe most humbly offer up and present to the honourable con-
struction of the Treasurer, Counsell and Company in England.

"
,,V03-P0166-M00121-00129,Counsell,ORG_OR_COMMITTEE,candidate,V03-P0166,121,129,"162 RECORDS OF THE VIRGINIA COMPANY

This being dispatched we fell once more debating of suche instructions
given by the Counsell in England to several Governors as might be con-
verted into lawes, the last whereof was the Establishment of the price of
Tobacco, namely, of the best at 3d and the second at 18d the pounde.
"
,,V03-P0166-M01074-01083,Treasurer,TITLE_OR_ROLE,candidate,V03-P0166,1074,1083,"We will and require you, Mr. Abraham Persey, Cape Marchant, from this
daye forwarde to take notice, that, according to an article in the Instruc-
tions confirmed by the Treasurer, Counsell and Company in Englande at
a general quarter courte, both by voices and under their hands and the
Comon seall, and given to Sir George Yeardley, knight, this present
governour, Decemb. 3, 1618, that you are bounde to accepte of the Tobacco
of the Colony, either for commodities or upon billes, at three shillings the
beste and the second sorte at 18d the punde, and this shalbe your sufficient
dischardge.

"
,,V03-P0166-M01085-01093,Counsell,ORG_OR_COMMITTEE,candidate,V03-P0166,1085,1093,"We will and require you, Mr. Abraham Persey, Cape Marchant, from this
daye forwarde to take notice, that, according to an article in the Instruc-
tions confirmed by the Treasurer, Counsell and Company in Englande at
a general quarter courte, both by voices and under their hands and the
Comon seall, and given to Sir George Yeardley, knight, this present
governour, Decemb. 3, 1618, that you are bounde to accepte of the Tobacco
of the Colony, either for commodities or upon billes, at three shillings the
beste and the second sorte at 18d the punde, and this shalbe your sufficient
dischardge.

"
,,V03-P0167-M01100-01108,Counsell,ORG_OR_COMMITTEE,candidate,V03-P0167,1100,1108,"It was at the same time further ordered by the Assembly that the Speaker,
in their names, should (as he nowe doth) humbly demaunde of the Treas-
urer, Counsell and Company an exposition of this one clause in Captaine
Martin’s Patente namely, where it is saide That he is to enjoye his landes
in as lardge and ample manner, to all intentes and purposes, as any lord
of any manours in England dothe holde his grounde out of which some
have collected that he might by the same graunte protecte men from
paying their debts and from diverse other dangers of lawe."
,,V03-P0168-M00658-00667,Treasurer,TITLE_OR_ROLE,candidate,V03-P0168,658,667,"In fine, wheras Captaine Martin, for those ten shares allowed him for
his personal adventure and for his adventure of £70 besides, doth claim
500 acres a share, that the Treasurer, Counsell and Company woulde
vouchsafe to give notice to the Governour here, what kinde of shares
they meante he should have when they gave him his Patent.

"
,,V03-P0168-M00669-00677,Counsell,ORG_OR_COMMITTEE,candidate,V03-P0168,669,677,"In fine, wheras Captaine Martin, for those ten shares allowed him for
his personal adventure and for his adventure of £70 besides, doth claim
500 acres a share, that the Treasurer, Counsell and Company woulde
vouchsafe to give notice to the Governour here, what kinde of shares
they meante he should have when they gave him his Patent.

"
,,V03-P0168-M01113-01121,Counsell,ORG_OR_COMMITTEE,candidate,V03-P0168,1113,1121,"Here begin the lawes drawen out of the Instructions given by his Mat?
Counsell of Virginia in England to my lo: la warre, Captain Argall
and Sir George Yeardley, knight.

"
,,V03-P0169-M00550-00558,Counsell,ORG_OR_COMMITTEE,candidate,V03-P0169,550,558,"Against drunkenness be it also decreed that if any private person be found
culpable thereof, for the first time he is to be reprooved privatcly by the
Minister, the second time publiquely, the thirde time to lye in boltes 12
howers in the house of the Provost Marshall and to paye his fee, and if
he still continue in that vice, to undergo suche severe punishment as the
Governor and Counsell of Estate shall thinke fitt to be inflicted on him.
"
,,V03-P0170-M01735-01743,Counsell,ORG_OR_COMMITTEE,candidate,V03-P0170,1735,1743,"And whosoever do faill in the performance of this shalbe subject
to the punishment of the Governour and Counsell of Estate.

"
,,V03-P0170-M02269-02277,Counsell,ORG_OR_COMMITTEE,candidate,V03-P0170,2269,2277,"And that upon what penalty soever
the Governor and Counsell of Estate shall thinke fitt to impose upon
the neglecters of this acte.
"
,,V03-P0171-M00750-00758,Counsell,ORG_OR_COMMITTEE,candidate,V03-P0171,750,758,"Be it further ordained by this General Assembly, and we doe by these
presents enacte, that all contractes made in England between the owners
of the lande and their Tenants and Servantes which they shall sende
hither, may be caused to be duely performed, and that the offenders be
punished as the Governour and Counsell of Mstate shall thinke Just and
convenient.

"
,,V03-P0173-M01877-01885,Counsell,ORG_OR_COMMITTEE,candidate,V03-P0173,1877,1885,"Now, as touch-
ing the neglecte of his worke, what satisfaction ought to be made to his Mr
for that is referred to the Governour and Counsell of Estate.

"
,,V03-P0174-M00549-00557,Counsell,ORG_OR_COMMITTEE,candidate,V03-P0174,549,557,"This Petition of Mr. Rolfes’ was thought fitt to be referred
to the Counsell of State.

"
,,V03-P0178-M00165-00173,Counsell,ORG_OR_COMMITTEE,candidate,V03-P0178,165,173,"174 RECORDS OF THE VIRGINIA COMPANY

or contracte any suche persons without some of the foresaid consentes
shalbe subjecte to the severe censure of the Governor and Counsell of
Estate.

"
,,V03-P0180-M00041-00050,Treasurer,TITLE_OR_ROLE,candidate,V03-P0180,41,50,"176 RECORDS OF THE VIRGINIA COMPANY

the Treasurer, Counsell and Company in England that they wilbe pleased
to gett the said bondes for 600!” to be cancelled; forasmuche as in their
great comission they have expressly and by name appointed that place of
Paspaheigh for parte of the Governour’s lande."
,,V03-P0180-M00052-00060,Counsell,ORG_OR_COMMITTEE,candidate,V03-P0180,52,60,"176 RECORDS OF THE VIRGINIA COMPANY

the Treasurer, Counsell and Company in England that they wilbe pleased
to gett the said bondes for 600!” to be cancelled; forasmuche as in their
great comission they have expressly and by name appointed that place of
Paspaheigh for parte of the Governour’s lande."
,,V03-P0180-M00559-00567,Counsell,ORG_OR_COMMITTEE,candidate,V03-P0180,559,567,"And whereas Captain
William Powell is payde his 50 which Captain Argall enjoined the saide
Inhabitantes to presente him with, as parte of the bargaine, the general
assembly, at their intreaty, do become sutours on their behalfe, that
Captaine Argall, by the Counsell and Company in England, may be com-
pelled either to restore the said 50'” from thence, or else that restitution
thereof be made here out of the goods of the said Captaine Argall.

"
,,V03-P0181-M01520-01528,Counsell,ORG_OR_COMMITTEE,candidate,V03-P0181,1520,1528,"Their last humble suite is, that the said Counsell and Company would
be pleased, so soon as they shall finde it convenient, to make good their
promise sett downe at the conclusion of their commission for establishing
the Counsel of Estate and the General Assembly, namely, that they will
give us power to allowe or disallowe of their orders of Courte, as his
Majesty hath given them power to allowe or to reject our lawes.

"
,,V03-P0181-M01837-01844,Majesty,TITLE_OR_ROLE,candidate,V03-P0181,1837,1844,"Their last humble suite is, that the said Counsell and Company would
be pleased, so soon as they shall finde it convenient, to make good their
promise sett downe at the conclusion of their commission for establishing
the Counsel of Estate and the General Assembly, namely, that they will
give us power to allowe or disallowe of their orders of Courte, as his
Majesty hath given them power to allowe or to reject our lawes.

"
,,V03-P0194-M00410-00418,Counsell,ORG_OR_COMMITTEE,candidate,V03-P0194,410,418,"St: I comend vnto your good favor and care, the begininge plantaéon of
S Wiltm Throkm?ton and mt George Thorpe (who is of the Counsell)
with other gent their associates, who send to you by this ship fifty psons
to that end."
,,V03-P0206-M00529-00537,Counsell,ORG_OR_COMMITTEE,candidate,V03-P0206,529,537,"202 RECORDS OF THE VIRGINIA COMPANY

And wheras for the intent and purpose aforesaid, and the better to enable
the said plantaéon, they the said S' Wiltm Riehard Throkfiiton, Richard
Berk|le|lley, George Thorpe and John Smyth have in their owne names and
in the name of St George Yardley knight nowe governor |lof|| #2 the said land
of Virginia, procured in ffebruary last past from the Treasorer and company
of Adventurers and planters of the city of London for the first Collony in Vir-
ginia, by the advise and consent of the Counsell of the same, one Indenture
of Covenanté¢ and grants to the effect aforesaid, as by the same may appeare.
"
,,V03-P0224-M01120-01128,Counsell,ORG_OR_COMMITTEE,candidate,V03-P0224,1120,1128,"I am, for faulte of a
better, Secretary of Estate, the first that euer was chosen and appointed
by Coffiission from the Counsell and Company in England, vnder their
handes & coffion seale."
,,V03-P0230-M01695-01703,Counsell,ORG_OR_COMMITTEE,candidate,V03-P0230,1695,1703,"It was thought expedient by the gouernor and Counsell to aduise the said
two gentlemen to rent out the greatest part of ther people to some honest
and sufficent men of the Colonie tell Cristmas Come twelue month for
jij barrell?"
,,V03-P0232-M00116-00124,Counsell,ORG_OR_COMMITTEE,candidate,V03-P0232,116,124,"228 RECORDS OF THE VIRGINIA COMPANY

Att the same Consultation Nouembr 11"" the gouernor demanded the
opinion of the Counsell concerninge a piect revealed vnto him by Neue-
mettanan an Indian Comonly Called by the name of Englishe Jacke wt""
the fethers at Charles hundredth y* 25 of october: as from the parte of
Opachancamo who by the mouthe of the same Indian reqvired from the
governor some 8 or tenn Engleshe w* ther Armes to assiste hime in battell
against a people dwelinge about a daies Jornye beyond the ffall€ Called
Massituppamohtnock to bee revenged of hime for murtheringe c%taine
woemen of his Contrary to y® law of Nations, offeringe to furneshe our
people wth Indyan shooes to march and to Carry thire Armor for them
tell they should haue occatyon to vse yt as lickwise to share all the booty
of male and female Children: of Corne and other thing¢ and to devide the
Conqvered land into two eqvall parte betweene vs and them:

"
,,V03-P0232-M00964-00972,Councell,ORG_OR_COMMITTEE,candidate,V03-P0232,964,972,"This piect those of the Councell embraced because they found the warre
to be lawfull and well grounded the ayd reqvired to be verye small and
not of Consequence enough for Opachancano to put any trecherous dis-
aster vpon, this y?"
,,V03-P0232-M01959-01967,Counsell,ORG_OR_COMMITTEE,candidate,V03-P0232,1959,1967,"By the Gouernor and Counsell at James Citty Nouemb"" 12 1619:

Wheras accordinge to a law enacted in the generall Assembly fower Tasters
were to be Chosen for settinge Downe the prices of tobacc®: It is thought
fitt by the gouenore and Counsell that these fower vizt Ensigne wm
Spencer: John Boys gent*t John Jefferson gent and John Tooke M™ mate
of the george should be appointed for that purpose, who for discharge of
the same duty tooke this Oath ffollowinge:
"
,,V03-P0232-M02174-02182,Counsell,ORG_OR_COMMITTEE,candidate,V03-P0232,2174,2182,"By the Gouernor and Counsell at James Citty Nouemb"" 12 1619:

Wheras accordinge to a law enacted in the generall Assembly fower Tasters
were to be Chosen for settinge Downe the prices of tobacc®: It is thought
fitt by the gouenore and Counsell that these fower vizt Ensigne wm
Spencer: John Boys gent*t John Jefferson gent and John Tooke M™ mate
of the george should be appointed for that purpose, who for discharge of
the same duty tooke this Oath ffollowinge:
"
,,V03-P0233-M00273-00281,Counsell,ORG_OR_COMMITTEE,candidate,V03-P0233,273,281,"whether at three Shilling? or eyghten pence or vnder, soe helpe
you god &c.:

This day the Gouernor and Counsell found out a Convenient seat for
Lieftennante Whitaker vpon the Companyes lande:

"
,,V03-P0233-M00477-00485,Councell,ORG_OR_COMMITTEE,candidate,V03-P0233,477,485,"The putting out of the Tenante that
came ouer in the B. N. w'® other orders of the Councell. 1619.
"
,,V03-P0233-M00933-00941,Counsell,ORG_OR_COMMITTEE,candidate,V03-P0233,933,941,"It is
thought fitt by the gouernore and Counsell that these fouer Vizt Ensigne
wm Spencer: Iohn Boys gentl Iohn Iefferson gentl and Iohn Tooke
Mr mate of the george should be appointed for that purpose, who for
discharge of the same duty tooke this oath ffollowinge:

"
,,V03-P0233-M01414-01422,Counsell,ORG_OR_COMMITTEE,candidate,V03-P0233,1414,1422,"soe helpe
you god Ect:

This day the Gouerner and Counsell found out a Convenient seat for
Leftennant Whitaker upon the Companyes landes:
"
,,V03-P0234-M01477-01480,Nos,EDITORIAL_REFERENCE,candidate,V03-P0234,1477,1480,"See Documents, ante, Nos."
,,V03-P0236-M01508-01516,Counsell,ORG_OR_COMMITTEE,candidate,V03-P0236,1508,1516,"Roveu Notes ror His DEFENSE BEFORE
THE COUNCIL OF THE VIRGINIA COMPANY ON THE CHARGE OF HAVING
ALTERED AN ORDER OF THE CouNciL}

1620 (?)

Manchester Papers, No. 280
Document in Public Record Office, London
List of Records No. 144

I find by the readinge of the §last§ Court & haue likewise had some infor-
maéon by diuerse then pnt that St Edwyn Sandys tooke exception to an
order of Counsell (drawne vp indeed at his appointm' by my selfe)"
,,V03-P0236-M01663-01671,Counsell,ORG_OR_COMMITTEE,candidate,V03-P0236,1663,1671,"§neither
is it the ferst tyme that that seruice hath ben layd on me§ but §§made by
as many of the Counsell as eu? §to my remembrance§ I knew together at
Sany§ one meetinge &§§ ratified & confirmed by the hande of the most
pte §of them§ then pnt."
,,V03-P0237-M01299-01307,Counsell,ORG_OR_COMMITTEE,candidate,V03-P0237,1299,1307,"I will depose that I drew it vp w't the as much integritie and as neare
§set °§ to the meaninge and determina@on of the Coiisel as to my best
remembrance I could possiblie doe, and tho I am sure yo"" will not @ thinke
it a matter worthie blame either in my selfe or any other that shall doe
yo"" seruice in this kind, if beeing commanded to reduce th into writinge
a§n§ eonference of £ thinke I may well say 2 houres at the least to Sdet
answere§ & determinaéon of the Counsell consistinge of diuerse pticulars
I should in some one of them mistake in a word or two, & # w® vppon the
least intimaéon were soone to be amended yet in this ptieular for yo""
doe not therefore I am sure vse to desire any of o* societie to take paines
in any of yo’ busines to thend that yo"" may ferritt out some error whereby
yo"" may tax their proceedinge"
,,V03-P0237-M02088-02096,Counsell,ORG_OR_COMMITTEE,candidate,V03-P0237,2088,2096,"#here was &
meet the Counsell was assembled by S' E. 5."
,,V03-P0237-M02261-02269,Counsell,ORG_OR_COMMITTEE,candidate,V03-P0237,2261,2269,"Ferrars house, where
he proposed a letter drawne b¥ (as I take it) by himselfe §to be sent into
Virginia§ & signed by 2 or 3 of the Counsell his priuate ffriende, this letter
he pre read to the Counsell then jint to be by them allowed & signd."
,,V03-P0237-M02323-02331,Counsell,ORG_OR_COMMITTEE,candidate,V03-P0237,2323,2331,"Ferrars house, where
he proposed a letter drawne b¥ (as I take it) by himselfe §to be sent into
Virginia§ & signed by 2 or 3 of the Counsell his priuate ffriende, this letter
he pre read to the Counsell then jint to be by them allowed & signd."
,,V03-P0238-M01118-01126,Counsell,ORG_OR_COMMITTEE,candidate,V03-P0238,1118,1126,"to
pforme by best seru{z]ce in any thing layd vpon me & for that as I con-
ceaued it ten[djled much to aduance the reputation of o' Just proceeding?
I dild] not refuse, I drew it up and I will depose w+ as much integritie to
as neare to the true meaning of the Counsell as I could possiblie, but I
knoe am not so vayne as to think that in so many pticulars I might not
mistake, what did I before I would send it to the Secretary to be engroced
I sent it to diuerse pelrsons]"
,,V03-P0239-M00402-00410,Counsell,ORG_OR_COMMITTEE,candidate,V03-P0239,402,410,"In this business wth concernd the managing §process§ of the busines
adding matter of forme & lawe, M* Recorder gaue vs his aduise, his &
elleadged be §& I remember th’effec[t] was that the Companie hauing
examined witnesses ex pte it was Ius{f] he should doe so to, but bet his
exa? must be taken in o' Court by ot Counsell who are sworne Judges he
should take any 2 he would, $ ep my seHe"
,,V03-P0240-M00754-00762,Counsell,ORG_OR_COMMITTEE,candidate,V03-P0240,754,762,"And M? Harbert and M* Kightly w are already
apointed by y® Court to sollicite y* business shall ent alone and no other
instru[ct] the Counsell §and attend at the hearing of the cause§ but neither
they nor any other of the Virginia Companye nor any freind for them
shall se make meanes to y® Arbitrators, nor Cap Argoll nor no freind for
him on the other syde: only Cap."
,,V03-P0240-M01109-01117,Counsell,ORG_OR_COMMITTEE,candidate,V03-P0240,1109,1117,"Argoll sh or 3¥' inferieur whomsoeuer he
shall choose (so he be none of y® Virginia Company) shall instruct his
Sowne§ Counsell and not aboue one more §and he to be none of y* Vir-
ginia Company§ bes¥ds of Cap."
,,V03-P0240-M01239-01247,Counsell,ORG_OR_COMMITTEE,candidate,V03-P0240,1239,1247,"Argolls syde, besyds himselfe and his
Counsell shall appeare Sor assist him§ at the hearinge:

aheseeucr shall And whatsoever the sayd Arbitrators shall conclude
herein shall stand good and tye all parties, And whosoeuer shall trans-
gress"
,,V03-P0241-M01808-01811,Nos,EDITORIAL_REFERENCE,candidate,V03-P0241,1808,1811,"Woad, from twelue shillings, to twenty the hundred.

1See also List of Records, Nos. 150 and 347.
"
,,V03-P0244-M00763-00770,Deputie,TITLE_OR_ROLE,candidate,V03-P0244,763,770,"To Master George Thorpe Esquire, as Deputie for the College land, } 10
belong “DenantSenqe ees eree een eee ecu 7
To Captaine Thomas Nuce, as Deputie for the Companies ai | 50.
"
,,V03-P0244-M00869-00876,Deputie,TITLE_OR_ROLE,candidate,V03-P0244,869,876,"To Master George Thorpe Esquire, as Deputie for the College land, } 10
belong “DenantSenqe ees eree een eee ecu 7
To Captaine Thomas Nuce, as Deputie for the Companies ai | 50.
"
,,V03-P0253-M01959-01968,Treasurer,TITLE_OR_ROLE,candidate,V03-P0253,1959,1968,"Autograph Letter, Signed
List of Records No. 156
Most worthy knight,
After my sicknesses and miseries past, the Bona noua hath brought
me in particular one singular and cordial comfort namely the newes
of your being elected Treasurer: for nowe I am confident,"
,,V03-P0254-M01073-01081,Counsell,ORG_OR_COMMITTEE,candidate,V03-P0254,1073,1081,"In this dispatche I haue sente you
enclosed in a letter of mine to the Counsell and Company, a copie of a
warrant from the Gouern’™: and Counsell here, for establishing my fees,
according as it was there ordered in courte, before my coming awaye.
"
,,V03-P0254-M01139-01147,Counsell,ORG_OR_COMMITTEE,candidate,V03-P0254,1139,1147,"In this dispatche I haue sente you
enclosed in a letter of mine to the Counsell and Company, a copie of a
warrant from the Gouern’™: and Counsell here, for establishing my fees,
according as it was there ordered in courte, before my coming awaye.
"
,,V03-P0255-M01202-01211,Treasurer,TITLE_OR_ROLE,candidate,V03-P0255,1202,1211,"And on
the other side, I knowe not howe he will interpret that w® hath bene
written concerning the Treasurer (w™ Argall called his ship, while she was
here) or concerning Spelmans vnaduised using of his lo”* name to Opo-
chancano."
,,V03-P0280-M00367-00375,Counsell,ORG_OR_COMMITTEE,candidate,V03-P0280,367,375,"did peure from the Treasorer
and company of Adventurers and planters of the city of London for the
first Collony in Virginia by the advise and consent of the Counsell of the
same One Indenture of Covenants and grants sealed w® their Comon
seale bearinge date the third day of ffebruary in the xvj'* yeare of his
mat® said raigne of England and of Seotland the lij for their better
enablinge and incouragement for plantaéon in Virginia aforesaid And for
dyu%s other causes purposes and intents As in and by the same Indenture
more at large it doth and may appeare."
,,V03-P0287-M02206-02214,Councell,ORG_OR_COMMITTEE,candidate,V03-P0287,2206,2214,"to the Colony) doe vpon mature deliberation
ordaine as followeth: First, that you the Gouernour and Councell, doc
chuse out of the Tenants for the Company, 20."
,,V03-P0289-M00138-00141,Nos,EDITORIAL_REFERENCE,candidate,V03-P0289,138,141,"ComPLAINTs
Trinity Term, 1620

Admiralty Court, Instance & Prize, Libels 80, Nos. 121-124
Document in the Public Record Office, London."
,,V03-P0289-M01589-01597,Counsell,ORG_OR_COMMITTEE,candidate,V03-P0289,1589,1597,"* surer Counsell and * * * aforesaid a Commission
power or authority for the pformance of * * * of the first * * *
annexed (quam quidem schedulam pro hic * * * petit pars ista
pponens quitus facit * * *)and * * * of thesaid Comission * * *
ynder to pforme the said voyage in all point according to the purpose
and tenor of the said Commission."
,,V03-P0290-M01144-01153,Treasurer,TITLE_OR_ROLE,candidate,V03-P0290,1144,1153,"6

Item That the said letter was from the said Treasurer, Counsell and
Company for Virginia, and in their name delivered vnto one Captaine
ffrancis Whitney who went in the said shipp for the said voyage to Virginia
to be delivered by him to the said Sir George Yardly Knight Et ponit
vt supra.

"
,,V03-P0290-M01155-01163,Counsell,ORG_OR_COMMITTEE,candidate,V03-P0290,1155,1163,"6

Item That the said letter was from the said Treasurer, Counsell and
Company for Virginia, and in their name delivered vnto one Captaine
ffrancis Whitney who went in the said shipp for the said voyage to Virginia
to be delivered by him to the said Sir George Yardly Knight Et ponit
vt supra.

"
,,V03-P0291-M00146-00154,Counsell,ORG_OR_COMMITTEE,candidate,V03-P0291,146,154,"Counsell and
Company for Virginia there were imbarqued in the said shipp the Garland
in the port of London 180 persons to be transported and landed at the
said somer Island¢@ * * * re transported and landed in Virginia and
five other psons over and besides the said 40 psons mentioned in the
Comission aforesaid besides divers goods and necessaries for * * *
were laden in the said shipp to the of 200"" Et ponit de quatet alia sua
media vel minori vsq, ad 20"" legalis monete ac de quolet alio maiori et
minori numero pson *"
,,V03-P0291-M01647-01656,Treasurer,TITLE_OR_ROLE,candidate,V03-P0291,1647,1656,"10

Item That the said Willm Wye did accept of the Comission and
* * * seven vnto hym by or from the said Treasurer and Company
aforesaid, and did vndertake the said voyage for the Somer Island?"
,,V03-P0293-M01389-01397,Counsell,ORG_OR_COMMITTEE,candidate,V03-P0293,1389,1397,"That among other of the said 40 or 45 or other * * * and

by order from the Lorde of his Mati privy Counsell * * * left
wth or delivered vnto the governot of the said place * * * delivered
vnto the said Willm Wye, and ecoinitted * * *"
,,V03-P0296-M00399-00408,Treasurer,TITLE_OR_ROLE,candidate,V03-P0296,399,408,"288 RECORDS OF THE VIRGINIA COMPANY

I

Imprimis That the said Wiltm Wye at such tyme as he was a suiter for
the obteynyng of the Comission (being of the tenor of the first schedule
annexed to the Libell geven in this cause) was then acquainted or did
certeynly knowe that he could not goe in or pforme the voyage weh he
intended for Virginia wthout the licence authority and approbaéon of the
said Treasurer and company and thereupon did often entreate that the
said Comission might be made ready for hym the said Wye Et ponit con™
di® et de quofet

2

Ttem that the said Comission of the schedule aforesaid was read vnto
him before it was delivered vnto hym, and at Gravesend he accepted and
tooke the same vpon hym wth great thancke and pmised to performe the
same according to the tenor thereof."
,,V03-P0296-M01124-01133,Treasurer,TITLE_OR_ROLE,candidate,V03-P0296,1124,1133,"3

Item that the said Willm Wye eyther before his going foorth or in his
voiage toward Virginia did sett vp orders in the shipp the Garland stiling
or entitling himselfe wth the title following or the like in effect viat I Willm
Wye Mr’ of the good shipp the Garland being by speciall Comission from
the Treasurer and honorable Counsell and Company of Virginia vnder
theyr seale appointed and ordeyned governo™ captaine and comaunder
aswell of the said shipp and company therein as all and every passenger
whatsoever doe by vertue and authority of the said Comission vpon
mature advice and deliberaton will & charge every person to obey the
orders herevnder written, he the said Wiltm Wye having then made
orders to be observed in the said shipp by vertue of the Comission afore-
said."
,,V03-P0305-M00311-00319,Counsell,ORG_OR_COMMITTEE,candidate,V03-P0305,311,319,"Autograph Letter, Signed
List of Records No. 179

Noble

Sir, having in breife as the tyme and buisines would give, leave, in
our publike letter to your selfe and the Counsell, given some answer to
the letters we have receaved, yett my selfe in pticular being so much
bound to you, as all your many favors have oblieged me, could not but
take some tyme by the opertunity of this ship the London marchant to
make §my§ excuse vnto you in that I have not written at large in answer
of all your letters w by these 4 ships I have receved, the w duty yf
God pmitt me lyfe and health I will not fayle to ppforme to the vttmost
I can by the next conveyance."
,,V03-P0309-M00318-00326,Counsell,ORG_OR_COMMITTEE,candidate,V03-P0309,318,326,"By y° three former ships, and in
answer to y° tres of y* Counsell and of Sniyths hundred soeyety both y*
Governo' and Counsell ioyntly, and y° Governo’ also aparte have wrytten.
"
,,V03-P0309-M00379-00387,Counsell,ORG_OR_COMMITTEE,candidate,V03-P0309,379,387,"By y° three former ships, and in
answer to y° tres of y* Counsell and of Sniyths hundred soeyety both y*
Governo' and Counsell ioyntly, and y° Governo’ also aparte have wrytten.
"
,,V03-P0311-M00109-00117,Counsell,ORG_OR_COMMITTEE,candidate,V03-P0311,109,117,"Company, neyther y’ Gov-
erno"", nor wee of y° Counsell have any skill at all and must therefor be
slowe in delyvering o° opinions."
,,V03-P0348-M01494-01501,Deputie,TITLE_OR_ROLE,candidate,V03-P0348,1494,1501,"It shall be in the power of the Treasuror, or the Deputie in his absence,
vpon extraordinary cause to call an extraordinary Court.
"
,,V03-P0349-M00711-00718,Deputie,TITLE_OR_ROLE,candidate,V03-P0349,711,718,"All Courts shall begin at two of the clocke in the afternoone, and dissolue
at the rising of the Treasuror, or of the Deputie in his absence.

"
,,V03-P0350-M01304-01311,Deputie,TITLE_OR_ROLE,candidate,V03-P0350,1304,1311,"After the choyse of a Treasuror, a Deputie shall be chosen; then the Auditors
and Comattes; and lastly the Secretarte, Booke-keeper, Husband, and Bedle.
XVHI.

"
,,V03-P0351-M00581-00588,Deputie,TITLE_OR_ROLE,candidate,V03-P0351,581,588,"It is for weighty reasons thought very expedient, that no man continue
in the place of Treasuror or Deputie, aboue three yeeres at once.

"
,,V03-P0351-M00778-00785,Deputie,TITLE_OR_ROLE,candidate,V03-P0351,778,785,"For the auoiding of diuers inconueniences, It is thought fit, that all elections
of principall Officers in or for Virginia, as also of the Treasuror and Deputie
here, be performed by a Ballating box, as in some other Companies,

XXII.

"
,,V03-P0351-M01006-01013,Deputie,TITLE_OR_ROLE,candidate,V03-P0351,1006,1013,"The Treasuror, Deputie, Auditors, and Comitties, hauing no certaine allow-
ance for their cares and labours: the reward of these former Officers accord-
ing to their deserts, is referred to the pleasure of the Court wherein new

Officers are chosen.
"
,,V03-P0352-M00325-00332,Deputie,TITLE_OR_ROLE,candidate,V03-P0352,325,332,"In which case the Deputie shall doe it, vnder the like paine."
,,V03-P0354-M00770-00777,Deputie,TITLE_OR_ROLE,candidate,V03-P0354,770,777,"The standing wages of the Cashier shall be suspended: and his reward such
as that Quarter-Court in Haster Terme, shall appoint.

Deputie.
XLI.

"
,,V03-P0354-M00842-00849,Deputie,TITLE_OR_ROLE,candidate,V03-P0354,842,849,"For matter of the Courts, in the Treasurers absence, the Deputie shall
performe his Office: and in his presence, be assisting to him.

XLII.

"
,,V03-P0354-M01133-01140,Deputie,TITLE_OR_ROLE,candidate,V03-P0354,1133,1140,"The Deputie shall also keepe the Courts of Comitties, vpon all occasions
requisite, And in them shall haue a casting voyce.

XLIV.

"
,,V03-P0355-M00174-00183,Treasurer,TITLE_OR_ROLE,candidate,V03-P0355,174,183,"Where a Warrant is directed to the Treasurer, to pay any grosse Summe
to the Deputie, to be issued out by him and the Comiities for the vse of the
Companie:"
,,V03-P0355-M00216-00223,Deputie,TITLE_OR_ROLE,candidate,V03-P0355,216,223,"Where a Warrant is directed to the Treasurer, to pay any grosse Summe
to the Deputie, to be issued out by him and the Comiities for the vse of the
Companie:"
,,V03-P0356-M00142-00149,Deputie,TITLE_OR_ROLE,candidate,V03-P0356,142,149,"348 RECORDS OF THE VIRGINIA COMPANY

Ul,

The Counseil are to assemble vpon all important occasions, being requested
by the Treasuror, or the Deputie in his absence; and in defect of bothe,
being desired by the Court:"
,,V03-P0359-M00060-00067,Deputie,TITLE_OR_ROLE,candidate,V03-P0359,60,67,"The Comitiies office is, together with the Deputie, to perform the orders
of Courts, for setting out Ships, and buying prouisions for Virginia.
"
,,V03-P0359-M00353-00360,Deputie,TITLE_OR_ROLE,candidate,V03-P0359,353,360,"Wherein especiall care is to be had, that neither the J/usband, nor any one
man alone, be entrusted with the making of those prouisions; but two at
the least, to be appointed thereunto by the Deputie and Comiitics in their
Court: who shall also bring in their bils and accounts, to be examined
and approued by the Comitties."
,,V03-P0359-M00819-00826,Deputie,TITLE_OR_ROLE,candidate,V03-P0359,819,826,"The Deputie and Comitties shall also haue care of the Inuoices to
be made for the prouisions sent to Virginia: and of the Certificats of the
receipt to be thence returned: As likewise of the Jiuotces of the goods
sent from Virginia."
,,V03-P0359-M01261-01268,Deputie,TITLE_OR_ROLE,candidate,V03-P0359,1261,1268,"They shall be summoned by order from the
Treasuror, or Deputie."
,,V03-P0359-M01338-01347,Treasurer,TITLE_OR_ROLE,candidate,V03-P0359,1338,1347,"And it shall not be counted a Court of [73] Comitizes,
vuolesse the Treasurer or Deputie with sixe Comitttes be present."
,,V03-P0359-M01351-01358,Deputie,TITLE_OR_ROLE,candidate,V03-P0359,1351,1358,"And it shall not be counted a Court of [73] Comitizes,
vuolesse the Treasurer or Deputie with sixe Comitttes be present."
,,V03-P0359-M01517-01526,Treasurer,TITLE_OR_ROLE,candidate,V03-P0359,1517,1526,"The Secretary shall attend the Treasurer, and Deputie, in such seruice of
the Companie as wherein they shall haue cause to vse him."
,,V03-P0359-M01532-01539,Deputie,TITLE_OR_ROLE,candidate,V03-P0359,1532,1539,"The Secretary shall attend the Treasurer, and Deputie, in such seruice of
the Companie as wherein they shall haue cause to vse him."
,,V03-P0360-M00917-00924,Deputie,TITLE_OR_ROLE,candidate,V03-P0360,917,924,"If at any time a generall Court shall order any money to be issued out of
the Cash; the Secretary vnder his hand shall deliuer a Copie thereof to
the Auditors, if it be of old Debts; and if otherwise, then to the Deputie
and Comiities:; who respectiuely shall vnder that Order make their war-
rant for the payment of that money: vnlesse they find the Court, by
wrong information, to haue beene abused and deceiued in that Order,
whereof at the next Court they shall giue aduertisement.

"
,,V03-P0360-M01402-01409,Deputie,TITLE_OR_ROLE,candidate,V03-P0360,1402,1409,"The Secretaries Office is to keepe the Bookes of the Companie, and fairely
and orderly to enter in them the particulars here-vnder expressed; and
in such manner as he shall be directed by the Treasuror, Deputie, or
Auditors."
,,V03-P0362-M01436-01445,Treasurer,TITLE_OR_ROLE,candidate,V03-P0362,1436,1445,"The Booke keeper, so long as he shall seeme necessarie, shall be wholy
directed and ordered by the Treasurer, and Auditors: And shall receiue
his Salarie from the Quarter-Courts, as the Auditors shall report of his
paines and deserts.

"
,,V03-P0364-M00491-00500,Treasurer,TITLE_OR_ROLE,candidate,V03-P0364,491,500,"No man with his speech shall interrupt the speech of another, before he
haue finished: Except the Treasurer, or in his absence the Deputy, (with
approbation of the Court) see cause to put any to silence, for impertinency,
or other vnseemely speaking.

"
,,V03-P0372-M00963-00972,Treasurer,TITLE_OR_ROLE,candidate,V03-P0372,963,972,"If no exception be taken
in the two Court dayes; or vpon the reuiew returned, and the Account
approued: the Treasurer then, or Deputie in his absence shall signe the Ac-
count in open Court: wherby the Accountants shall be clearely discharged.

"
,,V03-P0372-M00982-00989,Deputie,TITLE_OR_ROLE,candidate,V03-P0372,982,989,"If no exception be taken
in the two Court dayes; or vpon the reuiew returned, and the Account
approued: the Treasurer then, or Deputie in his absence shall signe the Ac-
count in open Court: wherby the Accountants shall be clearely discharged.

"
,,V03-P0411-M02171-02179,Counsell,ORG_OR_COMMITTEE,candidate,V03-P0411,2171,2179,"tres from the Counsell to Vir-
ginia in August and September .1620."
,,V03-P0412-M00115-00123,Counsell,ORG_OR_COMMITTEE,candidate,V03-P0412,115,123,"404 RECORDS OF THE VIRGINIA COMPANY
Payd him more (w* Tho: Combes also payd him) for the

copy of the tre from the Counsell to Virginia .20."
,,V03-P0420-M01701-01709,Counsell,ORG_OR_COMMITTEE,candidate,V03-P0420,1701,1709,"Whereas by vertue of one deed
Indented beareing date the third day of ffebruary in the sixteenth yeare
of his sayd Ma* raigne of England ffraunce and Ireland and of Scotland
the Two and ffiftieth, had and made betweene the treasurer and Company
of adventure§r§s of the Citty of London for the ffirst Colony in Virginia
w't the advise and Consent of the Counsell of the same on thone part.
"
,,V03-P0427-M02391-02399,Counsell,ORG_OR_COMMITTEE,candidate,V03-P0427,2391,2399,"Item That the ship the Neptune ats in libello prefato honorandi viri Dni
Comitis Warwiei nominata was in the yeares and monethes in primo
articulo huius allegaéonis menéonat et expresS eorumve annor’ ct mensi’
vno sive aliquo aut eo cirér furnished and sett forth to sea, by the right
honourable Thomas late Lord de la Warre (since deceased) for a voyage
from the port of London to be made to Virginia And the said ship the
Neptune was then furnished with men, victualls and other goodes for the
plantaGéon there And the said Lord de la Warre by the Counsell and
"
,,V03-P0428-M00189-00197,Counsell,ORG_OR_COMMITTEE,candidate,V03-P0428,189,197,"420 RECORDS OF THE VIRGINIA COMPANY

Companie of Virginia was appointed Governor and Captaine generall of
Virginia for his life tyme and had his patente thereof vnder the seale of
the said Counsell and Companie"
,,V03-P0437-M02319-02327,Councell,ORG_OR_COMMITTEE,candidate,V03-P0437,2319,2327,"To the right hon'e, the Earle of Southampton, and others the
Lords, and to the right wor"" the Knights, and the reste of the Councell
and Companye for Virginea."
,,V03-P0438-M00448-00456,Counsell,ORG_OR_COMMITTEE,candidate,V03-P0438,448,456,"Right worshipfull, and others

of the Counsell and Company for this first Southerne Colony of
Virginia, that there arriued at Barklay in the same country, for the account
of that Society, and the Plantation of the said hundred, vpon the 29% of

January 1620."
,,V03-P0444-M01944-01952,Counsell,ORG_OR_COMMITTEE,candidate,V03-P0444,1944,1952,"Southerne Colony of Virginia (according to the authority graunted
them by his Ma'* vnder his great seale) and by them dated att London
the eighteenth day of Nouember 1618 and directed to my selfe and the
Conseil of estate here resident doe w'* the approbation and Consent of
the same Counsell, who are ioyned in Coftission wt mee, giue and graunt
"
,,V03-P0450-M02220-02228,Counsell,ORG_OR_COMMITTEE,candidate,V03-P0450,2220,2228,"To the honnorable St Edwinne Sand¢ Knight one of
the honnorable Counsell established by his Maiestie for Virginia.

1 Torn away.
"
,,V03-P0451-M01046-01054,Statutes,NOT_ENTITY,candidate,V03-P0451,1046,1054,"And a great meanes
of bringinge in of Bollion and Coyne from forreigne ptes into this Realme,
And Wheras by the wisdome and providence of former ages divers good
and beneficiall Lawes and Statutes have hertofore been had and made
for the better incouragem' of so necessarie members of the Comon wealth
as are the owners of shipps and shippinge The Adventure"" by sea in
such ffishinge voyages The mariners and Seamen usually imploid therin
"
,,V03-P0455-M00835-00843,Counsell,ORG_OR_COMMITTEE,candidate,V03-P0455,835,843,"I am bold to
p’sume one more to put you in mind of a letter directed to you from
S George Yardly y° governor of Virginia & ye Counsell, who wrot in
my behalf in intreat your hondble favor to be a meanes for ye peuring
of certayn monies due to me from ye Company of Virginia as more at
larg appeareth in their letters wh if you have gotten I humble Intreat yt
it may be conveyed to me, or els some servants at ye Companies charg to
ye value of ye sayd mony.

"
,,V03-P0456-M00388-00396,Counsell,ORG_OR_COMMITTEE,candidate,V03-P0456,388,396,"To y* Hondble & most noble disposed Knight St Edwin
Sandis one of y* Counsell of Virgenia be thesse dd.

CLXITI."
,,V03-P0480-M00932-00940,Counsell,ORG_OR_COMMITTEE,candidate,V03-P0480,932,940,"INSTRUCTIONS TO THE GOVERNOR AND
Councrt oF SraTe IN VIRGINIA

Jury 24, 1621

Manuscript Records, Virginia Company, III, Part ii, Pages 11-14
Document in Library of Congress, Washington, D. C.
List of Records No. 260

[11] Instructions to the Gouernor for the Time Being and Counsell of
State in Virginia:

1 first wee requier yo"" in gennerall to take into spetiall regard and esti-
mation y® service of Almightie God and obseruance of his divine lawes,
and that the people in Virginia bee trayned vp in true religion, god liues
and vertue, that ther example may be a meanes to winn the Infidells to
God: wherin wee pray you especiallie to haue in daly remembrance that
the Patterne w* y° shall giue in yo"" owne persons & in yo"" families wilbee
of singular and Cheif moment whatt may soev"" itt shall propend."
,,V03-P0483-M01355-01363,Counsell,ORG_OR_COMMITTEE,candidate,V03-P0483,1355,1363,"8 Item imediatelie vpon the expyraton of S' George Yeardlys gouerment
on the Eighteenth of November next, You shall admitt St Francis Wiats
Commission to bee read, whom accordinglie you shall receaue and publish
Governor and Captaine generall yealding vnto his person and place all
our respect honor and obseruance

9 Item the Comission for establishing of the Counsell you shall publish
vppon the deliuerie therof, and as speedylie as convenientlie you may to
administer the Oath of Counsellors vnto the seuerall persons therin named

10 And forasmuch as ther hath ben in theise late yeares great fault or
defect in nott putting in execuéon our orders of court and counsell for the
setting vpp & vpholding those staple Comodities w* are necessarie for
the subsisting and Encrease of the Plantation w hath happned in part
by the ou"" Chargeing the Governor w""* toe much buissnes, wee haue vppon
espetiall approuement of the industry and sufficiency of George Sandis
esq’ as also for his faithfullnes and plenarie intelligence of o"" intendments
and counsells here (whervnto hee hath from time to tyme bein priuie, not
only elected and athorised him to bee Treasurer in Virginia, butt also
committed to his spetiall and extreordinarie care y* execution of all o°
orders Charters and instructions tending to the setting vpp, Enerease and
"
,,V03-P0483-M01660-01668,counsell,ORG_OR_COMMITTEE,candidate,V03-P0483,1660,1668,"8 Item imediatelie vpon the expyraton of S' George Yeardlys gouerment
on the Eighteenth of November next, You shall admitt St Francis Wiats
Commission to bee read, whom accordinglie you shall receaue and publish
Governor and Captaine generall yealding vnto his person and place all
our respect honor and obseruance

9 Item the Comission for establishing of the Counsell you shall publish
vppon the deliuerie therof, and as speedylie as convenientlie you may to
administer the Oath of Counsellors vnto the seuerall persons therin named

10 And forasmuch as ther hath ben in theise late yeares great fault or
defect in nott putting in execuéon our orders of court and counsell for the
setting vpp & vpholding those staple Comodities w* are necessarie for
the subsisting and Encrease of the Plantation w hath happned in part
by the ou"" Chargeing the Governor w""* toe much buissnes, wee haue vppon
espetiall approuement of the industry and sufficiency of George Sandis
esq’ as also for his faithfullnes and plenarie intelligence of o"" intendments
and counsells here (whervnto hee hath from time to tyme bein priuie, not
only elected and athorised him to bee Treasurer in Virginia, butt also
committed to his spetiall and extreordinarie care y* execution of all o°
orders Charters and instructions tending to the setting vpp, Enerease and
"
,,V03-P0484-M01663-01671,Counsell,ORG_OR_COMMITTEE,candidate,V03-P0484,1663,1671,"11 Item wee pray you likewise wt Convenient speed to reveive the
Commissiones formerlie dyrected §to§ S* George Yeardly then Governor
and to the Counsell of State ther beareing date the 18 of Nouemb* 1618
conteyning the lawes & orders for dyuiding the Citties and Burroughs
w't ther land and people, and sondrie other particularities for the well
settling of that State: And haueing sent you Coppies of all such Instruc-
tions, Letters Charters & dyrections as haue here before been sent from
tyme to tyme: wee pray you you to pvse them all, and what soeu"" yo""
shall find not contrarie to any of theise Instructions and requisite for the
behouf of Collonie, ther or of the Companie here, wee wish you to obserue
itt as though the same were here pticularly inserted: Also all orders of
courte that shall bee certified vppon peti@ons or otherwise vnder the
attest of our Secretaries hand referred vnto the Governor or Counsell
ther, wee pray you see that a due course bee taken accordinglie to doe
"
,,V03-P0484-M02434-02442,Counsell,ORG_OR_COMMITTEE,candidate,V03-P0484,2434,2442,"11 Item wee pray you likewise wt Convenient speed to reveive the
Commissiones formerlie dyrected §to§ S* George Yeardly then Governor
and to the Counsell of State ther beareing date the 18 of Nouemb* 1618
conteyning the lawes & orders for dyuiding the Citties and Burroughs
w't ther land and people, and sondrie other particularities for the well
settling of that State: And haueing sent you Coppies of all such Instruc-
tions, Letters Charters & dyrections as haue here before been sent from
tyme to tyme: wee pray you you to pvse them all, and what soeu"" yo""
shall find not contrarie to any of theise Instructions and requisite for the
behouf of Collonie, ther or of the Companie here, wee wish you to obserue
itt as though the same were here pticularly inserted: Also all orders of
courte that shall bee certified vppon peti@ons or otherwise vnder the
attest of our Secretaries hand referred vnto the Governor or Counsell
ther, wee pray you see that a due course bee taken accordinglie to doe
"
,,V03-P0485-M00372-00380,Counsell,ORG_OR_COMMITTEE,candidate,V03-P0485,372,380,"Captaines and heade of eu'ie pticular Plantation or
Hundreds as likewise eu'ie Cheif officer that hath people vnder his Charge
deliuer seuerall Catalogues at one of the fower Quarter Sessions of the
Counsell yearly as well of y° seu'all names conditions and qualities of
§those§ that bee liueing, as also of those that bee dead, and likewise of the
mariag€ and Christnings hapninge wt that place: And that the personall
goods and estate of y° partie deceased bee Carefullic keptt & reserued to
y® rightt owners therof."
,,V03-P0489-M01153-01161,Counsell,ORG_OR_COMMITTEE,candidate,V03-P0489,1153,1161,"[13°]

29 Item a gentlemans great dilligence in o” affaires accompaned w't
extreordynarie capacity and iudgement, haueing pceeded the treatise of
the buissnes belonging to y® plantaton Approued by vs to bee full of
exellent obseruances for those that are Emmenly Employd in Virginia as
well for vs here: wee sent a Coppy to ly amongst the records of your
Counsell fré whence frd the often veiw of form"" passadgs wee wish eu®
Counsello' may make pmaneut instructions, And no doubt much helps
and furtherance may bee pduced in most oceasiones for the Aduancement
of the Plantaéon.

"
,,V03-P0490-M00924-00932,Counsell,ORG_OR_COMMITTEE,candidate,V03-P0490,924,932,"478 RECORDS OF THE VIRGINIA COMPANY

31 Item the oppressing and imoderate ffees heretofore exacted in Virginia
by diuers officers in valuaéon of ther paynes & trauell for the Colonies
seruice hath partlie occationed the settling a Competent revenue to arrise
therby tenants to euie cheif officer wee now forbidd that officer so puided
for, or otherwise by allotted parts out of the coffion pffitt recompenced,
doe take any other ffees for Execution of ther seuerall places either dyrectly
or indyrectly, Neu'the lesse y* clarks & such like may haue a reward for
ther dilligence, Wee requier you by order to sett downe some small ppor-
tion for passes, warrants, Copies of orders seales &c or pportionably to
the merits of seruants paynes and attendance,

32 Item the Governor & Counsell assembled w‘tin a short time after the
Ariuall of this shipp are to sett downe the fittest months after ther quar-
terlie meeting of the Counsell of state according to the seasons and to
fitting meanes for ther Entertayment together w regaurd of the best ease
and benifitt of the people that shall haue occasion to addresse themselues
yvnto y® Counsell either for Justice or dyrection considering also the times
of making ther dispathes to England according to the oppertunities of
shipping ther comeing or goeing.

33 That the gouernor for the time being in or about the foresaid time
doe summon by an officer appointed for that purpose the counsell of state
to appeare at a day and to bee together for y® space of one whole month
or more if need shall requier to advise & consult vpon matter of counsell
of state and of the generall affaires of the colonie, and as ther shalbee
erder cause to order and determine the greater causes of consequence or
such matter as shall growe or arise win the colonie either by refference
or Judgment, And that free accesse bee pmitted to [s] all suiters to make
knowne ther perticuler greuances, bee itt against what person soeu'."
,,V03-P0491-M00161-00169,Counsell,ORG_OR_COMMITTEE,candidate,V03-P0491,161,169,"JULY 24, 1621 479

35 Item in case of the gouernor death or remouall or suspencon by order
fro hence vntill other dyrection fré vs can come wee requicr that the
Counsell or Major part of then them then residing in Virginia, doe
Imedialie assemble themselues and win fourteene dayes or sooner frd out
of ther body to elect one to supplie the place for the tyme."
,,V03-P0492-M00257-00265,Counsell,ORG_OR_COMMITTEE,candidate,V03-P0492,257,265,"480 RECORDS OF THE VIRGINIA COMPANY

mine and punish at his good discretion any emergent buissnes neglect or
contempt of authority in any kind or what soeu’ negligence or contempt
may bee found in any person ther residing or being, Except only those
of the Counsell for ther on persons whoe are in such cases to bee sum-
moned to appeare at the next quarter session of the Counsell holdne ther
~ abide ther censure, in the meane time if the Gouernor shall thinke itt may
concerne either y® quiett of that state to peeed more speedily wY* such an
offendor, itt shall bee lawfull to summon a counsell extreordinarie, wherat
six of the Counsell at lest are to bee present w' the said Governor and by
y® main parte of ther voices committ any counsellor to saife custody or
vpon bayle to appere and abide the order of the nextt Quarter Counsell

40 Everie order and decree of the counsell of state shalbe concluded by
y® maior pte of voyces at yt Assembly wherin y* Gouernor for the time
beingis to haue a Casting voyce if the nomber of counsellors should bee
euen or should bee equally deuided in oppinnion Neu'thelesse reseruing
to the said Governor a Negative voyee att any generall Assembled
according to a former Comission granted

41 Item wee pray you likewise to take into yo"" care y° ptexcion of y°
people, that they suffer no wrong by y° Engrossing Com° & forestalling
the Marketts, Butt preserue them open for all men freely or Indifferently
to buy or sell

42 Item wee requier yo” especially to see the publicke labors to bee frd
tyme to tyme equally charged & burdned for y® people that one mans
tenants bee nott fauored aboue others or officers tenants fauored more
then those of y* pupliq’, And to the End those seruices may fall as Easy
to all ports as may bee, wee thinke ef in y° punishment of all Enormus
misdemeanors &c il deseruers bee condemned to a nomber of days
works for pupliq, vse & building, or to ffynnishing of a ffence or dyke, or
to cariage or roweing according to y° meritt of §ther§ offence

43 Item whereas y°"
,,V03-P0492-M00633-00641,Counsell,ORG_OR_COMMITTEE,candidate,V03-P0492,633,641,"480 RECORDS OF THE VIRGINIA COMPANY

mine and punish at his good discretion any emergent buissnes neglect or
contempt of authority in any kind or what soeu’ negligence or contempt
may bee found in any person ther residing or being, Except only those
of the Counsell for ther on persons whoe are in such cases to bee sum-
moned to appeare at the next quarter session of the Counsell holdne ther
~ abide ther censure, in the meane time if the Gouernor shall thinke itt may
concerne either y® quiett of that state to peeed more speedily wY* such an
offendor, itt shall bee lawfull to summon a counsell extreordinarie, wherat
six of the Counsell at lest are to bee present w' the said Governor and by
y® main parte of ther voices committ any counsellor to saife custody or
vpon bayle to appere and abide the order of the nextt Quarter Counsell

40 Everie order and decree of the counsell of state shalbe concluded by
y® maior pte of voyces at yt Assembly wherin y* Gouernor for the time
beingis to haue a Casting voyce if the nomber of counsellors should bee
euen or should bee equally deuided in oppinnion Neu'thelesse reseruing
to the said Governor a Negative voyee att any generall Assembled
according to a former Comission granted

41 Item wee pray you likewise to take into yo"" care y° ptexcion of y°
people, that they suffer no wrong by y° Engrossing Com° & forestalling
the Marketts, Butt preserue them open for all men freely or Indifferently
to buy or sell

42 Item wee requier yo” especially to see the publicke labors to bee frd
tyme to tyme equally charged & burdned for y® people that one mans
tenants bee nott fauored aboue others or officers tenants fauored more
then those of y* pupliq’, And to the End those seruices may fall as Easy
to all ports as may bee, wee thinke ef in y° punishment of all Enormus
misdemeanors &c il deseruers bee condemned to a nomber of days
works for pupliq, vse & building, or to ffynnishing of a ffence or dyke, or
to cariage or roweing according to y° meritt of §ther§ offence

43 Item whereas y°"
,,V03-P0494-M00071-00079,Counsell,ORG_OR_COMMITTEE,candidate,V03-P0494,71,79,"482 RECORDS OF THE VIRGINIA COMPANY

a further Charge, Gyuen vnder the Counsell seale the fower and twentith
day of Julie 1621"
,,V03-P0495-M00503-00511,Counsell,ORG_OR_COMMITTEE,candidate,V03-P0495,503,511,"JULY 2h, 1681 483

of all inconvenyencies groweing frd tyme to tyme, As also for the aduancing
of Encrease strength stabillitie and prosperytie of the said Colony

Wee therfore the said Treasuror Counsell and Company, by authoritie
directed to vs from his Ma** vnder his great seale vpon mature deliberacon
doe hereby order & declare, That from hence forward ther bee towe
Supreame Counsells in Virginia for the better gou%ment of the said Colony
as aforesaid, The one of we Counsells to bee called the Counsell of State
and whose office shall Cheiflie bee assisting wth ther Care advise &
circomspection to the said Gouernor shall be Chosen nominated placed
and displaced from tyme to tyme by vs the said Treasurer Counsell &
Company and o' successors, w** Counsell of State shall Consiste for the
present onlie of those persons whose names are here inserted vizt S' Francis
Wyatt gouernor of Virginia Captaine Francis West S* George Yeardly
knight S* William Newce knight Marshall of Virginia M* George Sandys
Tresuror Mt George Thorpe deputy of the Colledge Captaine Thomas
Newce deputy for the Company M"" Christopher Dauison secretarie,
Doctor Potts phesition to the Company M"" Paulet Mt Leech Captaine
Nathaniell Powell Mt Roger Smith Mt John Berkley M"" John Rolfe
M: Ralfe Hamer M* John Pountus M?"
,,V03-P0495-M01379-01387,Counsell,ORG_OR_COMMITTEE,candidate,V03-P0495,1379,1387,"Which said Counsellors and Counsell wee Earnestlie
pray & desier, and in his Ma"" name strictlie charge and Comand, That
all factious parcialties and sinester respects laid aside they bend ther eare
and Endeauors to assist the said Gouernor first and principallie in aduance-
ment of §y°§ honor and seruice of almightie god, and the Enlargement of
his kingdome amongste those heathen people, And next in the erecting of
the said Colonie in one obedience to his Ma‘'?"
,,V03-P0495-M02034-02042,Counsell,ORG_OR_COMMITTEE,candidate,V03-P0495,2034,2042,"and all lawfull Avthoritie
from his Ma* diriued, And lastlie in maytayning the said people in Justice
and Christian Conuersation among themselues and in strength and habil-
lytie to wth stand ther Ennimics, And this Counsell is to bee alwaies or
for the most part residing about or neere the said Gouernor, The other
Counsell more generall to bee called by the Gouernor and yeerly of
Course & no oftener but for very extreordynarie & Important oceasions
shall consist for present of the said Counsell of State and of Tow Bur-
gesses out of eu? towne hunder and other particuler planta@on to bee re-
spetially Chosen by the inhabitants."
,,V03-P0495-M02135-02143,Counsell,ORG_OR_COMMITTEE,candidate,V03-P0495,2135,2143,"and all lawfull Avthoritie
from his Ma* diriued, And lastlie in maytayning the said people in Justice
and Christian Conuersation among themselues and in strength and habil-
lytie to wth stand ther Ennimics, And this Counsell is to bee alwaies or
for the most part residing about or neere the said Gouernor, The other
Counsell more generall to bee called by the Gouernor and yeerly of
Course & no oftener but for very extreordynarie & Important oceasions
shall consist for present of the said Counsell of State and of Tow Bur-
gesses out of eu? towne hunder and other particuler planta@on to bee re-
spetially Chosen by the inhabitants."
,,V03-P0495-M02310-02318,Counsell,ORG_OR_COMMITTEE,candidate,V03-P0495,2310,2318,"and all lawfull Avthoritie
from his Ma* diriued, And lastlie in maytayning the said people in Justice
and Christian Conuersation among themselues and in strength and habil-
lytie to wth stand ther Ennimics, And this Counsell is to bee alwaies or
for the most part residing about or neere the said Gouernor, The other
Counsell more generall to bee called by the Gouernor and yeerly of
Course & no oftener but for very extreordynarie & Important oceasions
shall consist for present of the said Counsell of State and of Tow Bur-
gesses out of eu? towne hunder and other particuler planta@on to bee re-
spetially Chosen by the inhabitants."
,,V03-P0495-M02460-02468,Counsell,ORG_OR_COMMITTEE,candidate,V03-P0495,2460,2468,"Which Counsell shalbee called the
generall Assemblie, wherin as also in the said Counsell of State, all matters
"
,,V03-P0495-M02535-02543,Counsell,ORG_OR_COMMITTEE,candidate,V03-P0495,2535,2543,"Which Counsell shalbee called the
generall Assemblie, wherin as also in the said Counsell of State, all matters
"
,,V03-P0496-M00621-00629,Counsell,ORG_OR_COMMITTEE,candidate,V03-P0496,621,629,"Wherin as in
all other things wee requier the said gennerall Assembly, as also the said
Counsell of State to imitate and followe the policy of the forme §of§ gouer-
ment, Lawes Custome manners of loyall and other administraton of
Justice vsed in the Realme of England as neere as may bee euen as o'selues
by his Ma*¢ Lres patent@ are required."
,,V03-P0500-M00860-00868,Counsell,ORG_OR_COMMITTEE,candidate,V03-P0500,860,868,"And we desire youe the Governo™ and Counsell to haue an especiall care
that no greater proportion thereof then we from time to time direct youe
be brought over: for if it be brought over in greater quantity it will not
pay the fraight."
,,V03-P0501-M01293-01301,Counsell,ORG_OR_COMMITTEE,candidate,V03-P0501,1293,1301,"Wee cannot conceale from youe,
that it is heare reported, that contrary to the publique faith given, not
the sicke, but the ablest men are lett out to hire and theire provisions
converted to private vses; And where it is pretended this placinge them
w* old planters is for theire health, they are so vnmercifully vsed that it
is the greatest cause of o* Tennt¢ discontent, and dislike of theire Tenancy
by halues: and though we hope this is not in all parts true: yett can we
not conceive such vnwillingnes to proceed in this worke, should they not
haue some other ground¢ then is alledged: lett it therefore be yo"" worke
at yo"" first generall Sessions of the Counsell, to effect this bussines, and it
shalbe o' care to provide for the well orderinge and furnishinge of them.

"
,,V03-P0502-M00497-00505,Counsell,ORG_OR_COMMITTEE,candidate,V03-P0502,497,505,"wee
haue sent youe a Comission for the Counsell wherein are inserted the
names of all such as o° intent is shalbe of the Counsell.

"
,,V03-P0502-M00579-00587,Counsell,ORG_OR_COMMITTEE,candidate,V03-P0502,579,587,"wee
haue sent youe a Comission for the Counsell wherein are inserted the
names of all such as o° intent is shalbe of the Counsell.

"
,,V03-P0502-M01455-01463,Counsell,ORG_OR_COMMITTEE,candidate,V03-P0502,1455,1463,"In generall, wee Comend to yor care all such bussines as by pticuler
letters concerninge private men, and theire occacons, we haue formerly,
and now againe, recomended vnto youe: And in pticuler from youe the
Governo™ wee expect a good accompt of the great trust we haue reposed
in youe; hopinge youe will not faile in the close, but deliu' vpp to yo""
successo™ S' Francis Wyatt, or in case he dy, to such a one as by the
Counsell in Virginia shalbe chosen att the expiration of yo™ Comission,
the Comand of the Colony in good and flourishinge estate, and much
better in condiéon then when you found itt."
,,V03-P0503-M00370-00378,Counsell,ORG_OR_COMMITTEE,candidate,V03-P0503,370,378,"Do Gutston m™ WROTE
Do"" Winston m’ WrotH
Directed

To of very Loving frend¢ the Governor and Counsell of Stat residinge in
Virginia:

CLXXXYV."
,,V03-P0505-M00070-00078,Counsell,ORG_OR_COMMITTEE,candidate,V03-P0505,70,78,"AUGUST 12, 1621 493

by reason of the absence of the most part of the Counsell, as also that
bussines dayly beyond o* expectacon infinitly inereaseth, we are con-
streined only to touch vppon some few pticulars reservinge o° selues for
more oportune tyme, when w** a clearer iudgment we may fully deliu’
our mind€ to you."
,,V03-P0511-M00276-00284,Counsell,ORG_OR_COMMITTEE,candidate,V03-P0511,276,284,"[708] Cittie in James Riuer in the
Kingedome of Virginia vnto the Gouerno’ and Counsell of State residing
there: Straightly charginge and comanding them the said Captain
Arthur Guy and Nicho: Norburne to sett sayle from England with the
first oppertunity of 44¢de Wynd and weather after the receipte of the
good¢ and prouisions and to make all possible speede they may to the
porte intended and not to interrupt any Shippinge of the Subieet¢ of
any his Ma‘ freind@ or Allies or any other whomsoeuer duringe their
said voyage: but if they shalbe chased or encountred by any man of
Warre or other Sayle whatsoeuer that shall goe aboute to hinder their
proceedinge or doe them violence, wee will and comand them with all
their power and vttermost endeauo' to repell and resist and defend them-
selues and our honors against the vniust force of what Nation socuer
aswell in their passage outward@ and homwardé as in all 0"" Harbo™ and
Riuers members of the Territories of our Plantaéon: And this our Com-
ission shalbe their sufficient warr’ herein."
,,V03-P0514-M00327-00335,Counsell,ORG_OR_COMMITTEE,candidate,V03-P0514,327,335,"To the Gou'no' and Counsell of Virginia
Sent by the Warwicke

September 11‘ 1621

After o very hartie Comendaéons: you shall now by this Shipp the
Warwicke and the Pinace that cometh along wt her receiue those supplies
that we formerly in o' letters by the George and Marmaduke promised;
the setting forth of w hath beene of so exceedinge troble and labo"" vnto
vs, being but a very few on whom so great a burthen hath lien, as we haue
not been able to intend any thinge else: wherefore in that regard, as also
that the noble Earle of Southampton, is not yet returned to London nor
those eminent psons, wttout whose Councell, and authoritie we thinke it
not fitt to proceed to resoluéon in so waightie bussinesses: o"" letters and
dispatches by the Bona Nova, and the Margrett & John must yett remaine
vnanswered; but by the Dutie w about the Midle of the next month is
to depart, wee hope you shall receiue full sattisfaeton; w'* Shipp shall
bring w"" her store of Silke worme seed and abundance of vine planté¢, for
both w we desire not only that generall pperatons be made, but that
timely notice, and order be given throughout the whole Colony that every
pticuler man may make provision for the arrivinge of some quantitie of
them both; and that a straight charge be given for the preseruing of vines
and Mulbery Trees, w°® we vnd'stand are w'® others promiscuously de-
frayed: and because the skill of handling them, is only derived from the
ffrench men, we canot"
,,V03-P0514-M00923-00931,Councell,ORG_OR_COMMITTEE,candidate,V03-P0514,923,931,"To the Gou'no' and Counsell of Virginia
Sent by the Warwicke

September 11‘ 1621

After o very hartie Comendaéons: you shall now by this Shipp the
Warwicke and the Pinace that cometh along wt her receiue those supplies
that we formerly in o' letters by the George and Marmaduke promised;
the setting forth of w hath beene of so exceedinge troble and labo"" vnto
vs, being but a very few on whom so great a burthen hath lien, as we haue
not been able to intend any thinge else: wherefore in that regard, as also
that the noble Earle of Southampton, is not yet returned to London nor
those eminent psons, wttout whose Councell, and authoritie we thinke it
not fitt to proceed to resoluéon in so waightie bussinesses: o"" letters and
dispatches by the Bona Nova, and the Margrett & John must yett remaine
vnanswered; but by the Dutie w about the Midle of the next month is
to depart, wee hope you shall receiue full sattisfaeton; w'* Shipp shall
bring w"" her store of Silke worme seed and abundance of vine planté¢, for
both w we desire not only that generall pperatons be made, but that
timely notice, and order be given throughout the whole Colony that every
pticuler man may make provision for the arrivinge of some quantitie of
them both; and that a straight charge be given for the preseruing of vines
and Mulbery Trees, w°® we vnd'stand are w'® others promiscuously de-
frayed: and because the skill of handling them, is only derived from the
ffrench men, we canot"
,,V03-P0519-M01122-01130,Counsell,ORG_OR_COMMITTEE,candidate,V03-P0519,1122,1130,"The releases of diu' psons here graunted we pray you to make good the
Condiéons seu'ally specified, as also to giue yo"" best furtherance for the
accomplishment of all such bussines as by pticuler letters or pettiéons
vnd'written are recomended vnto youe, from the Counsell and Company,
whose last and ioynt request is in the behalf of Capt Guy and the Maister
of the Warwick, that vppon the good pformance of theire vioadg as well
kindly vsinge and cherishinge the Passengers, as safely deliu'inge all
theire good¢, they may be dispatched from Virginia; and what theire
necessities shall require may speedily and curteously be supplied; and if
you send any good¢ home in this Shipp or any other we pray youe to take
bond for the deliu'y of the same; and giue them order to stay at the Ile
of Wight or the Downes w‘out breakinge bulke, till they receiue direcéon
from hence at what Port they shall vnlade at."
,,V03-P0526-M01686-01694,Counsell,ORG_OR_COMMITTEE,candidate,V03-P0526,1686,1694,"Whereas the right hono>! the Earle of Southampton 8"" Edwin Sandys
knight John fferrar Thomas Kightly Gabriell Barbot and John Delbridge
haue sett fourth the good Ship called the Darlinge of the burden of 40 tun
for to go on fishinge vpon the Coast of America for the benifitt and suste-
nance of the Colony in Virginia and haue ordained Daniell Gate to be
Mr’ Wee therefore the Counsell and Companie for Virginia do straightly
charge and comand the said Daniell Gat¢ to proceed on his said voyadge
aeccordinge to the directéons here gyven him And wee do further by these
present¢€ giue full lycense power and authoritie vnto the said Daniell Gate
and the rest of the Marriners of the Darlinge freely to fish in all pt@ of

1 Blank space.
"
,,V03-P0528-M00281-00289,Counsell,ORG_OR_COMMITTEE,candidate,V03-P0528,281,289,"[754] A Cofiission graunted by the Counsell and Company for Virginia
to John Huddleston for a Voyadge to Virginia and for a free fishinge
on the Coast of America.

"
,,V03-P0528-M00476-00484,Counsell,ORG_OR_COMMITTEE,candidate,V03-P0528,476,484,"To all to whome these presente shall come to be seen or heard the Counsell
and Company for Virginia send greetinge whereas the right Hono’ Henry
Earle of Southampton St Edwin Sandy@ knight John fferrar Thomas
Kightley Gabriell Barbot and John Delbridge haue for the advancement
and supporte of the Colonie in Virginia furnished and sett out the good
Shippe called the Bona Noua of the burden of 190 tufi to transporte and
carrie ouer into Virginia fortie fiue persons there to plant and inhahite
together with sundrie necessarie prouisions aswell for the said Passengers
as also for the benifitt and advancement of the Colonie and haue ordained
John Huddlestone to be the Gouerno™ and Captaine ouer the said Shippe
and Marriners as also of all the Passengers Wee therefore do by these
presente straightly charge and coiiand the said John Huddleston to take
the directest course according to his best skill for Virginia and there to
land & deliver [76] all the Passengers and good accordinge as he shalbe
here ordered and appointed and after the pformance of the said voyage
wee do by these presenté giue full and [and] authority vnto the said John
Hudleston and the rest of the Marriners of the Bona Noua freely to fish
in all pte of the Sea cost of Virginia between the degrees of thirty three
and forty fiue of Northerly latitude as also freely at their pleasure to land
on the said Coast and the same to vse aswell for dryinge of their nette
dryinge and salting of their fish as also for all other necessarie vses for
themselues and fishinge duringe the time of that seruice without wronginge
or annoying the priuate possession of any man Straightly charginge and
requiringe all Inhabitante or members of the Colonye of Virginia and all
other psons tradinge thither or there remayninge to give noe disturbance
or annoyance contrary to the effect of these present€ to the said John
"
,,V03-P0533-M00770-00778,Counsell,ORG_OR_COMMITTEE,candidate,V03-P0533,770,778,"REPLY TO THE
Petition oF Joun BARGRAVE

NOVEMBER (AFTER 22), 1621

State Papers, C. O. 1, Volume ITI, No. 12
Document in Public Record Office, London
List of Records No. 274

The humble Aunsweare of St Thomas Smyth kn* and Robt Johnson
Alderman vnto the Petiton of John Bargraue exhibited in way of
Complaint to the Honorle Assemblye the knights and Burgesses,
Committees for greiuances of the lower house of Parliam'

In all humble manner Letting pass all vaine & imptinent matter to the
first point materiall that S"" Tho Smyth hath framed a Tiranicall gofiment
ymposed vpon the people in Virginia ete

Thomas Smyth sayth that the Comissions giuen by him as Treier &
the vestt} rest of his Ma** Counsell for Virginia vnto 8*"
,,V03-P0537-M00277-00285,Counsell,ORG_OR_COMMITTEE,candidate,V03-P0537,277,285,"A CoMMISSION GRANTED
tro Caprain THomas JONES

NovemsBer 24 [217], 1621

Additional Manuscripts, 14285, Folios 77-78a
Document in British Museum, London
List of Records No. 278

(77] A Comission granted by the Counsell and Company for Virginia to
Captaine Tho: Jones M’ of the Discouery for the free fishinge on the
Coast of America Tradinge for furs in Virginia

"
,,V03-P0537-M00497-00505,Counsell,ORG_OR_COMMITTEE,candidate,V03-P0537,497,505,"To all to whome these present¢ shall come to be seen or heard the Counsell
and Companie for Virginia send greetinge whereas the right hono>!’
"
,,V03-P0539-M01720-01728,Counsell,ORG_OR_COMMITTEE,candidate,V03-P0539,1720,1728,"They haue desired vs to send yo"" both the Invoyces of theire good¢, and
the Coppie of the Instructons w*"" they haue given vnto Cap' Jones;
whereby yo"" may pceiue how much they relie vppon yo"" Counsell and
assistance, w°® as well for theire owne sakes (that so much deserues) and
also for o® (that so earnestly intreat yo"")"
,,V03-P0540-M00677-00685,Counsell,ORG_OR_COMMITTEE,candidate,V03-P0540,677,685,"London this 26 November 1621

Directed To o* verie Lo: frend S' Francis Wyatt knight Gou'no"" and
Cap‘ generall of Virginia and the rest of the Counsell of State there
residinge.

"
,,V03-P0546-M00781-00789,Counsell,ORG_OR_COMMITTEE,candidate,V03-P0546,781,789,"For me to writt vnto you
newes of this Countrie, were to cast a few droppes of water into y° Sea,
you having hee heere suche wise and good intelligences, therfore §I referre§
you to know further from me by my letter written to y* Counsell, whereof
worthily you are one (voire Je pourroye bien dire dix en effect)."
,,V03-P0547-M00088-00096,Counsell,ORG_OR_COMMITTEE,candidate,V03-P0547,88,96,"DECEMBER 23, 1621 535

one observed w‘t me, as you may further know by my letter to the
Counsell."
,,V03-P0554-M00534-00542,Councell,ORG_OR_COMMITTEE,candidate,V03-P0554,534,542,"J haue thought it therefore
a part of some acceptable seruice in me towards you, whose fauors haue
preferred me to be a member of your Company, to present you with these
my poore labours, the Collection of the truth hereof, drawne from the
relation of some of those that were beholders of that Tragedie, and who
hardly eseaped from tasting of the same cup, as also from the Letters sent
you by the Gowernour and other Gentlemen of quality, and of the Councell
in that Colonie, read openly here in your Courts: That so the world may
see that it was not the strength of a professed enemy that brought this
slaughter on them, but contriued by the perfidious treachery of a false-
hearted people, that know not God nor faith, No generous Spirit will
forbeare to goe on for this accident that hath hapned to the Plantation,
but proceed rather chearfully in this honorable Enterprize, since the
discouery of their bruitish falshood will proue (as shall appeare by this
Treatise following) many waies aduantageable to vs, and make this
forewarning a forearming for euer to preuent a greater mischiefe.

"
,,V03-P0561-M00526-00534,Councell,ORG_OR_COMMITTEE,candidate,V03-P0561,526,534,"The Letters of M' Porey (verified also from the Gouernor and Councell)
aduertised of a late Discouery by him and others made into the great Bay
Northward, (reseruing the sounding of the bottome thereof for a second
Voyage,) where hee left setled very happily neare an hundred English,
with hope of a good trade for Furres there to be had."
,,V03-P0564-M00100-00107,Deputie,TITLE_OR_ROLE,candidate,V03-P0564,100,107,"552 RECORDS OF THE VIRGINIA COMPANY

That worthy religious Gentleman, Master George Thorpe Esquire,
Deputie of the Colledge lands, sometimes one of his Maiesties Pentioners,
and in one of the principall places of command in VIRGINIA, did so truly
and earnestly affect their conuersion, and was so tender ouer them, that
whosoeuer vnder his authority had giuen them but the least displeasure or
discontent, he punished them seuerely."
,,V03-P0566-M01197-01206,Treasurer,TITLE_OR_ROLE,candidate,V03-P0566,1197,1206,"The Letters of Mr. George Sandis a worthy Gentleman and Treasurer
there, likewise haue aduertised (as many others from many particular
persons of note and worth) besides the Relations of many returned in the
Sea-flower (the ship that brought vs this vnweleome newes) haue beene
heard at large in the publike Courts, that whilst all their affayres were
full of suecesse, and such intercourse of familiaritie, as if the Indians and
themselues had beene of one Nation, those treacherous Natiues, after fiue
yeares peace, by a generall combination in one day plotted to subuert
their whole Colony, and at one instant of time, though our seuerall Plan-
tations were an hundred and forty miles vp one Riuer on both sides.

"
,,V03-P0567-M00663-00671,Councell,ORG_OR_COMMITTEE,candidate,V03-P0567,663,671,"They certifie further, that besides Master George Thorpe, before mentioned,
Master John Berkeley, Captaine Nathanael Powel, and his wife, (daughter
of Master Wiliam Tracy, and great with childe) and Captaine Maycock,
all Gentlemen of birth, vertue, and industry, and of the Councell there,
suffered ynder this their cruelty and treason.

"
,,V03-P0600-M00238-00246,Counsell,ORG_OR_COMMITTEE,candidate,V03-P0600,238,246,"584 RECORDS OF THE VIRGINIA COMPANY

confidence w'"" the natiives, and beinge desirous by all good meanes to
contynue and enlarge the same as a thinge very necessarie at the begininge
of his Gouerment did & w the advise and consent of the Counsell, sende
Capt Thorpe w* A Message and a presente, both to the great Kinge
Sasawpen !"
,,V03-P0603-M00999-01007,Counsell,ORG_OR_COMMITTEE,candidate,V03-P0603,999,1007,"[28] Touchinge the peceeding of Capt Nortons and the Italians, m* Thres-
urer hath pmised to giue you pticuler Avertisment, The booke w*"" you
haue been pleased to Comend vnto us hath nott yett beene redd over by
everyone of the Counsell, butt by as many as haue redd it is very much
distasted for the bitternes of the Language

Yt is noe smale encoragement vnto us, that the Right Hona’ the Earle of
Pembrooke hath vouchsafed to caste a favorable eye vppon the Southerne
Colonie, who shall comande from us our beste endevours in chusinge out
for his Lor’; and his Assocyates the most Comodious seate that may bee

There arived heere about the 22 !"
,,V03-P0606-M00194-00202,Counsell,ORG_OR_COMMITTEE,candidate,V03-P0606,194,202,"A Rate of wages for the yeare of o’ Lord 1621 & made and
agreed on at James Citty the 14th of January in the yeare aboue
said, by the Governo™ and Counsell"
,,V03-P0608-M01269-01277,Counsell,ORG_OR_COMMITTEE,candidate,V03-P0608,1269,1277,"This Indenture made the thirtith daye of January 1621 And in the yeares
of the raigne of our soueraigne Lord James by the grace of god Kinge of
England Scotland firaunce and Ireland Defendot of the faith ete That is
to say of England ffraunce and Ireland the nyneteenth and of Scotland
the fiue and fiftith Between the Treasuror and Companie of Adventuro™
and Planters of the Cittie of London for the first Colony in Virginia with
the advise and consent of the Counsell for the same on the one parte, and
S* Edwin Sandis knight S$"" Lawrence Hyde Knight $* John Wolstenholme
Knight S8* Edward Horwood Knight Nicholas Hide esq?"
,,V03-P0613-M00302-00310,Counsell,ORG_OR_COMMITTEE,candidate,V03-P0613,302,310,"JANUARY 30, 1621/22 597

Aduenturo™ their heires and Assignes vpon any pretence whatsoeuer
Necessarie Defence of the Countrie Prescruaéon of the peace suppressinge
tumult¢ arisinge within the land and Tryall€ in matters of iustice by
appeale or otherwise by order of the said Treasuror and Company and
Counsell for Virginia hereafter to be established onely excepted.

"
,,V03-P0613-M01218-01226,Counsell,ORG_OR_COMMITTEE,candidate,V03-P0613,1218,1226,"[634] by some vsuall or fitt
name and title to the said Aduenturors their heires and assignes and the
people there inhabitinge vnder them with libtie to them and their suc-
cessors from time to time to frame and make orders ordinances and con-
stituéons for the rule gouerment orderinge and directinge aswell of all
psons transported or to be transported as aforesaid and setled vpon the
Lande: as also of the land¢ and proffitte thereby arisinge: So that the said
orders ordinances and constitu@ons be not repugnant to the lawes of
England or to the frame of gouerment by the said Treasuro™ Counsell and
Companie and their successo™ hereafter to be established ordinary appeales
to the supreme Courté onely excepted.

"
,,V03-P0613-M01712-01720,Counsell,ORG_OR_COMMITTEE,candidate,V03-P0613,1712,1720,"And lastly the said Treasuro™ and Companie $for them§$ and their Sueces-
sors do promise graunt and agree to and with the said Aduenturo”™ their
heires and Assignes that when they haue planted and peopled the landé
hereby to them assigned and appointed that then it shalbe lawfull for
them their heires and Assignes wt the priuity and allowance of the Goucr-
not and Counsell of State residinge in Virginia, to make choise of [64] and
to enter into and to haue as much more land in Virginia as is herein
menéoned or intended to be granted w like priuiledges and liberties as
are aboue graunted to be had and chosen in such place and places where
no Englishe shalbe then setled or haue made choise of"
,,V03-P0614-M01970-01978,Councell,ORG_OR_COMMITTEE,candidate,V03-P0614,1970,1978,"Johem Wolsten-
holme mif Rohtum Johnson Aldermafi London Witltim Canning et
Wiltmit Essington Defend**

fforasmuch as vpon the heareing and longe debateing of the matter this
plsent daie in the plsence of the pties and of the Councell learned on both
"
,,V03-P0618-M02198-02201,Nos,EDITORIAL_REFERENCE,candidate,V03-P0618,2198,2201,As cover to Nos.
,,V03-P0624-M00268-00276,Councell,ORG_OR_COMMITTEE,candidate,V03-P0624,268,276,"privie Councell.
"
,,V03-P0624-M00923-00931,Counsell,ORG_OR_COMMITTEE,candidate,V03-P0624,923,931,"To yt purpose he obtained
a Pattent of free trade from y® Company and according to it did send
stants and shipping thither, By the practice of y* Gofino™ both here and
there hee had y* best parte of his estate violently taken from him, And
makeinge proufe thereof in the Chafiery The Lo: Keep fynding yo"" pet?
to bee much wronged hath deereed it to bee matter of state and soe referred
him to y"" Counsell table.

"
,,V03-P0629-M01790-01798,Counsell,ORG_OR_COMMITTEE,candidate,V03-P0629,1790,1798,"Counsell heere

(82] The next matter of gretest ymportance ys, how in this tyme of
distress vntill"
,,V03-P0637-M01245-01253,Counsell,ORG_OR_COMMITTEE,candidate,V03-P0637,1245,1253,"Item that one fferdinando Sheppard was facto"" and agent or was appoynted
to take the charge of the good¢ and passingers put on borde the sayd ship
the garland the sayd voyage (Captaine Whitney beinge dead) for the sayd
ffarrar and Sheppard and went in the sayd shipp the Garland from London
to the Somer Island¢ and the sayd fierdinando Sheppard after the tempest
aforesayde and after the sayd shippe had lost her mayne Mast and was
disabled to proceed from the Soier Island¢ to Virginia tooke out of the
sayd ship the Garland at Somer Island¢ all such passingers and all the
good¢ and provision whatsoever and placed the sayd passingers w* should
have gon to Virginia vppon the Landé of the sayd ffarrar and Sheppard
or one of them and disposed of all the good@ and provision w® should
haue byn transported to Virginia at the Somer Islandé for the vse accompte
benifitt and profitt of the sayd flarrer and Sheppard or one of them And
the sayd fferdinando Sheppard did in the plnce of the Governo™ and
Counsell of the Sofier Island? and divers other witnesses allowe of the
dischargeing of the passingers and good¢ at the Soiner Island@ w* should
haue byn transported to Virginia or at least did not gaine say the same
And the sayd Sheppard and ffarrer [or enc]’ of them have allowed of the
proceeding¢ of the sayd $iferdinando$ Sheppard at the Somer Islande
and have receyved a great benifitt by the ymployment of the sayd pas-
singers vppon their Land¢ at Somer Island¢ in Tobacco and other Como-
dityes And the sayd fferdinando Sheppard did * * *!"
,,V03-P0637-M02182-02190,Counsell,ORG_OR_COMMITTEE,candidate,V03-P0637,2182,2190,"the sayd
Storme and after the Ship was disfurnished of Mast tackle and other
furniture to proceed to Virginia and after that he * * * wnderstood
that the Governot there would not pmitt the sayd Wye to haue any
provision acknowledge and confesse that the sayd Wye had * * *
noe meanes to goe from Somer Island¢ to Virginia w' the sayd Ship the
garland and in the pince of the Governo' and Counsell there and other
Witnesses did Consent or at least wise did not gaine say that the sayd
Ship the Garland should gyve over the voyage to Virginia and should
returne directly from thence to London with the good¢ of that Island.
"
,,V03-P0640-M00509-00517,Counsell,ORG_OR_COMMITTEE,candidate,V03-P0640,509,517,"That is to say of England ffraunce and Ireland the twentith and of Scot-
land the fiue and fiftith Between the Treasuror and Companie of Adven-
turors and Planters of the Cittie of London for the first Colonie in Virginia
with the aduise and consent of the Counsell for the same on the one parte
and S$ John Brooke alias Cobham knight on the other parte: Wittnesseth
that the said Treasuror and Company as well for and in consideraéon of
a certaine Sume of money that the said St John Brooke hath adventured
and paid into the Treasury of the said Companie as also for that he and
his Associat€ haue vndertaken to transporte at their owne propper Cost@
and charges 100 psons into Virginia and their to erect and builde a Towne
and settle and plante divers Inhabitant¢ there, to the great encrease and
advancement of the generall Plantaton of that Countrie.

"
,,V03-P0640-M02052-02060,Counsell,ORG_OR_COMMITTEE,candidate,V03-P0640,2052,2060,"The same land to be taken and chosen by them their deputies or Assignes
with the priuity and allowance of the Gouerno"" and Counsell of State in
Virginia residinge) in any place or places wheresouer, not alreadie or here-
tofore inhabited by any English, and wherein no English person or persons
are alreadie placed or seatled, or haue by order of Courte made choise
thereof, nor within ten miles of the principall Seate of any former perticuler
Colonie or Plantaéon, vnles the same be on the opposite side of some
great and nauigable Riuer to the former perticular Plantations, together
"
,,V03-P0643-M00635-00643,Counsell,ORG_OR_COMMITTEE,candidate,V03-P0643,635,643,"MAY 22, 1622 627

[52] And the said Treasuror and Companie doe further grant and agree
to and with the said Aduenturo™ their heires and Assignes, that the person
to be transported, shall not be taken away imployed or comanded either by
the Gouerno’ for the time beinge of Virginia, or by any other authoritie
there, from the buissines and imployment of the said Aduenturo™, their
heires and Assignes vpon any pretence whatsoeuer; Necessary defence of
the Countrie, Preseruaton of the peace, suppressinge tumult within the
land, and Tryall€ in matters of iustice by appeale, or otherwise by order
of the said Treasuror and Companie and Counsell for Virginia hereafter
to be established, onely excepted.

"
,,V03-P0643-M02017-02025,Counsell,ORG_OR_COMMITTEE,candidate,V03-P0643,2017,2025,"And lastly the said Treasuro"" and Companie for them and their successors
do promise graunte and agree to and with the said Aduenturors their
heires and Assignes, that when they haue planted and peopled the land¢
hereby to them assigned and appointed [52] that then it shalbe lawfull for
them their heires and Assignes (with the privity and allowance of the
Gouerno™ and Counsell of State residing in Virginia) to make choise of
and to enter into and to have as much more land in Virginia as is herein
menéoned or intended to be graunted, vnder like rent€ and reseruaéons,
and with like priuiledges and liberties, as are aboue graunted: to be had
and chosen in such place and places where no English shalbe then seatled
or hane made choise of, And the same entred into a booke of Acté at the
"
,,V03-P0645-M00728-00736,Counsell,ORG_OR_COMMITTEE,candidate,V03-P0645,728,736,"This Indenture made the two and twentith daye of May 1622 And in
the veares Sof the raigne§ of our souecraigne Lord James by the grace of
god Kinge of Hngland Scotland ffraunce and Ireland Defendo® of the
faith ete, Phat is to say of Mogland ffraunce and Ireland the twentith and
of Seotlind the five and fiftith Between the §'Treasuror and§ Companie
of Aduenturo™ and Planters of the Cittie of London for the first Colonie

in Virginin w'"" the advise and consent of the Counsell for the same on the
one pte and S* Bowyer Worsly of Ashey *in the Countie of

Southton on the other parte Wittnesseth that whereas the said S' Bowyer
Worsly and sundrie his Assocint@ haue vndertaken to the said Treasoror
and Companie, to transporte at their owne Cost@ and charges one hun-
dred psous into Virginia, and there to ereet and builde 2 Towne and
settle and plante Inhabitante there, for the better advaneem!"
,,V03-P0645-M01268-01276,Counsell,ORG_OR_COMMITTEE,candidate,V03-P0645,1268,1276,"Nowe the said Treasuror and Companie with the consent of the said
Counsell, in eonsidernéon thereof, and for the furtheranee of the said
Plantaéon, and enecouragem' of the said)"
,,V03-P0648-M01196-01204,Counsell,ORG_OR_COMMITTEE,candidate,V03-P0648,1196,1204,"And the said Treasuror and Companie doe further graunte and agree to
and with the said Plant™ their heires and Assignes that the psons ||so|| to
be transported shall not be taken away imployed or comanded either by
the Gouerno' for the time beinge of Virginia, or by any other authority
||there|| from the buissines and imployment of the said Planters their
heires and Assignes vpon any p'tence whatsoeuer: Necessarie Defence of
the [562] Countrie, Preseruaéon of the peace, Suppressinge tumult¢ within
the land, and tryalle in matters of iustice by appeale, or otherwise by order
of the said Treasuro"" and Companie and Counsell for Virginia hereafter to
be established, onely excepted.

"
,,V03-P0648-M02094-02102,Counsell,ORG_OR_COMMITTEE,candidate,V03-P0648,2094,2102,"And the said Treasuro™ and Companie doe further graunte and agree, to
and with the said Planters their heires and Assignes, that the said Treasuror
and Companie and their Successors shall at all times hereafter vpon
reasonable demands, graunte letters deed or deede of Incorporaéon, by
some vsuall or fitt name s#d |lor|| title to the said Planters their heires
and Assignes and the people there inhabitinge vnder them with libtie to
them and their successors from time to time to frame and make orders,
ordinances and constituéons for the rule gouermt orderinge and directinge
aswell of all ||the|] psons to be transported, as also of the ||said|| land€ and
proffitte thereby arising So that the said orders ordinances and constituéons
be not repugnant to the lawes of England, or to the frame of gouerment by
the said Treasuro' Counsell and Companie hereafter to be established,
ordinary appeales to the supreame Court¢ onely excepted.

"
,,V03-P0650-M00768-00776,Counsell,ORG_OR_COMMITTEE,candidate,V03-P0650,768,776,"This Indenture made the two and twentith day of May 1622 And in the
yeares of the raigne of our soueraigne Lord James by the grace of God
Kinge of England Scotland firance and Ireland Defendo' of the faith ete
That is to say of England ffraunce and Ireland the twentith and of Scot-
land the fiue and fiftith Between the Treasuro’ and Companie of Aduen-
turo™ and Planters of the Cittie of London for the first Colony in Virginia
with the aduise and consent of the Counsell for the same on the one pte
And John Bounall of * * * on the other parte Wittnesseth that
whereas the said Treasuro™ and Companie by a generall consent of a
Quarter Courte for Virginia held the seconde of May 1621 bestowed vpon
the said John Bounall two shares of land in Virginia in gratificaton of his
paines and good endeauo™ to doe the Comp seruice not doubtinge but
that he the said John Bonnall wilbe induced thereby w* the helpe of some
Associat¢ to transporte and furnish out at his owne charge some psons to
Virginia there to plante and inhabite vpon the land¢ due to the said John
Bonnall and his Associat€ for euery pson he or they shall transporte at
their [65] owne propper Cost€ and charges Nowe the said Treasuror and
Companie with the consent of the said Counsell in consideraéon thereof
and for the better encouragement of the said John Bonnall haue giuen
eraunted and confirmed and by these pnt¢ do giue graunte and confirme
vnto"
,,V03-P0650-M01548-01556,Counsell,ORG_OR_COMMITTEE,candidate,V03-P0650,1548,1556,"This Indenture made the two and twentith day of May 1622 And in the
yeares of the raigne of our soueraigne Lord James by the grace of God
Kinge of England Scotland firance and Ireland Defendo' of the faith ete
That is to say of England ffraunce and Ireland the twentith and of Scot-
land the fiue and fiftith Between the Treasuro’ and Companie of Aduen-
turo™ and Planters of the Cittie of London for the first Colony in Virginia
with the aduise and consent of the Counsell for the same on the one pte
And John Bounall of * * * on the other parte Wittnesseth that
whereas the said Treasuro™ and Companie by a generall consent of a
Quarter Courte for Virginia held the seconde of May 1621 bestowed vpon
the said John Bounall two shares of land in Virginia in gratificaton of his
paines and good endeauo™ to doe the Comp seruice not doubtinge but
that he the said John Bonnall wilbe induced thereby w* the helpe of some
Associat¢ to transporte and furnish out at his owne charge some psons to
Virginia there to plante and inhabite vpon the land¢ due to the said John
Bonnall and his Associat€ for euery pson he or they shall transporte at
their [65] owne propper Cost€ and charges Nowe the said Treasuror and
Companie with the consent of the said Counsell in consideraéon thereof
and for the better encouragement of the said John Bonnall haue giuen
eraunted and confirmed and by these pnt¢ do giue graunte and confirme
vnto"
,,V03-P0650-M02067-02075,Counsell,ORG_OR_COMMITTEE,candidate,V03-P0650,2067,2075,"The same Land to be taken and chosen by them their Deputy or Assignes
w"" the priuity and allowance of the Gouernot and Counsell of State in
Virginia residinge in any place or places whersoeuer not already or here-
tofore inhabited by any English and wherein no English pson or psons
"
,,V03-P0652-M01492-01500,Counsell,ORG_OR_COMMITTEE,candidate,V03-P0652,1492,1500,"And the said Treasuro"" and Companie doe further graunte and agree to
and w* the said Planters their heires and Assignes that the pson to be
transported shall not be taken away imployed or comanded either by the
Gouerno’ for the time beinge of Virginia or by any other authority there
from the buissines and imploym' of the said Planters their heires and
Assignes vpon any pretence whatsoeuer necessarie Defence of the Coun-
trie Preseruaéon of the peace suppressing tumult€ win the land and
Tryall€ in matters of [674] appeale or otherwise by order of the said
Treasuro™ and Company and Counsell for Virginia hereafter to be estab-
lished onely.

And lastlie the said Treasuror and Company and their successors do
promise graunte and agree to and w the said Planters their heires and
Assignes that when they haue planted and peopled the land¢€ hereby to
them assigned and appointed that then it shalbe lawfull for them their
heires and Assignes w the priuity and allowance of the Gouerno™ and
Counsell of State residinge in Virginia to make choise of and to enter into
and to haue as much more land in Virginia as is herein menéoned or
intended to be granted vnder like rent€ and reseruatons and w*"" like
priuiledges and liberties as are aboue graunted to be had and chosen in
such place and places where no English shalbe then seatled or haue made
choise of.
"
,,V03-P0652-M01898-01906,Counsell,ORG_OR_COMMITTEE,candidate,V03-P0652,1898,1906,"And the said Treasuro"" and Companie doe further graunte and agree to
and w* the said Planters their heires and Assignes that the pson to be
transported shall not be taken away imployed or comanded either by the
Gouerno’ for the time beinge of Virginia or by any other authority there
from the buissines and imploym' of the said Planters their heires and
Assignes vpon any pretence whatsoeuer necessarie Defence of the Coun-
trie Preseruaéon of the peace suppressing tumult€ win the land and
Tryall€ in matters of [674] appeale or otherwise by order of the said
Treasuro™ and Company and Counsell for Virginia hereafter to be estab-
lished onely.

And lastlie the said Treasuror and Company and their successors do
promise graunte and agree to and w the said Planters their heires and
Assignes that when they haue planted and peopled the land¢€ hereby to
them assigned and appointed that then it shalbe lawfull for them their
heires and Assignes w the priuity and allowance of the Gouerno™ and
Counsell of State residinge in Virginia to make choise of and to enter into
and to haue as much more land in Virginia as is herein menéoned or
intended to be granted vnder like rent€ and reseruatons and w*"" like
priuiledges and liberties as are aboue graunted to be had and chosen in
such place and places where no English shalbe then seatled or haue made
choise of.
"
,,V03-P0653-M00031-00040,Treasurer,TITLE_OR_ROLE,candidate,V03-P0653,31,40,"MAY 80, 1622 637

And the said Treasurer and Companie Planters for them their heires and
Assignes do couenant promise and graunte to and w* the said Treasuro’
and Company that they from time to time before the said feast of S* John
Baptist in the yeare 1625 shall make a true and lJawfull Certificate of
euery person so transported [68] and landed in Virginia or shipped as
aforesaid to be entred by the Secretary of the said Treasuro™ and Com-
pany into a Register Booke for that purpose to be kept.

"
,,V03-P0660-M01521-01529,Councell,ORG_OR_COMMITTEE,candidate,V03-P0660,1521,1529,"And if yor ho™
shall referre it backe to the said Councett or anie v. of them, That then
such of y* said Councell may be secluded as are either pties or alyed to
them; And because yor pet"" is by their wronges forced to pay 13"" p weeke
for vse of monies, whereby he wanteth p'sent meanes to mainetaine himselfe,
"
,,V03-P0661-M00823-00831,Counsell,ORG_OR_COMMITTEE,candidate,V03-P0661,823,831,"May it please your tps; According to a Refference to the Governor &
Councell of Virginia * * *  subseribed vnder Captayne Bargraues
Petigon in these worde following: This peti¢on being read at the Board,
It was thought meete and ordered, that the Governour and Counsell of
the Plantaéon in Virginia doe take consideraéon aswell of this Petiton, as
of certayne Articles sett downe in writing & exhibited to the Board by
the Petiéoner, w"" are to be sent vnto them herewithall: And therevpon
to make answere to the same in writing with all convenient expediéon.

"
,,V03-P0667-M01707-01715,Counsell,ORG_OR_COMMITTEE,candidate,V03-P0667,1707,1715,"m‘ Robert Paulett the Minister, was he whom the Court chose to be of the
Counsell, for m’ Harwood the Adventurers of Martins hundred desire that
he might be spared from that office, theire bussines requiring his presence
continually.

"
,,V03-P0668-M00362-00369,Deputie,TITLE_OR_ROLE,candidate,V03-P0668,362,369,"fferrar Deputie
JoHN fiERRAR
Tuo: Grest
Joun Smit
Too: SHEAPERD.

"
,,V03-P0668-M00532-00540,Counsell,ORG_OR_COMMITTEE,candidate,V03-P0668,532,540,"To of very Loving frende S' Francis Wyatt knight Governo”™ and Capt
gen’all of Virginia, and to the rest of the Counsell of State there these
be dd.

CCXLIII."
,,V03-P0668-M00916-00924,Counsell,ORG_OR_COMMITTEE,candidate,V03-P0668,916,924,"Prtirion to tHe GOVERNOR AND COUNCIL
OF VIRGINIA

JuNE 15, 1622

Manuseript Records Virginia Company, III, Part ii, Page 58
Document in Library of Congress, Washington, D. C,
List of Records No. 329

To the right worshipfull St Francis Wyate knight Governor and Cap-
taine generall of Virginia and to the rest of his Ma‘** Counsell in
Virginia

"
,,V03-P0672-M01455-01463,Counsell,ORG_OR_COMMITTEE,candidate,V03-P0672,1455,1463,"And whereas
throug these oeeaéons, We haue been foreed to quitt most of o° habi-
ta¢ons, so that many of 0"" people are now vnsetled, These are therefore,
both to provide for the good of the one, and plvent the danger of the
other, (such places as we now hould in this River, being already filled
w™ sufficient numbers) to desire, and require yo"" S' George Yeardley
knight, and on of his Ma‘: Counsell established for Virginia, to levy at
yo"" best conveniencie, such a number of the people of this Colony, as for
this p'sent intended imployment shall by yo"" be thought sufficient; and
that imbarkeing yo' self and said Company, in such Shippe Pinaces or
Shallop¢, as yo"" shall make choise of, yo"" presently depart out of this
River in discovery both of the West and Eastern Shores of this Bay, or
any other of o* Sea Coaste, w°"" shall seeme best vnto yo"" w'""in the limite
of 33 and 40 degrees of Northerly latitude, there to search for and find
out some convenient place, both for quantity and quality of ground apt
safely to entertaine some three or foure hundred men, vppon w®, or
vppon any other place whatsoeu9, that in yo"" discrescion yo"" shall think
fitt for yo"" plsent necessity and vse, it shalbe lawfull for yo"" pisently to
sett downe, and leaue such and so many of ot Colony as are now vnd"" yor
Coiand, to make a begining there for a Plantation, giving to every one
"
,,V03-P0674-M00626-00634,Counsell,ORG_OR_COMMITTEE,candidate,V03-P0674,626,634,"IS Francis Wyatt knight Gouernor & Cap‘ Generall of Virginia & y° rest;
of y* Counsell haue againe renued ther form?"
,,V03-P0677-M00937-00946,Treasurer,TITLE_OR_ROLE,candidate,V03-P0677,937,946,"A Lerrer to Tor GOVERNOR
AND COUNCIL IN VIRGINIA
JuLy 9, 1622

Printed, prefixed to John Bonoeil, “Treatise of the Art of making Silke”

Copies in Library of Congress, Harvard University Library, Boston Athenaeum,

John Carter Brown Library, New York Public Library, Newberry Library,

British Museum

List of Records No. 347

His Maiesties Gractovs Letter to the Earle of Sovth-Hampton, Treasurer, and
to the Councell and Company of Virginia heere: commanding the present
setting vp of Silke works, and planting ef Vines in Virginia."
,,V03-P0677-M01117-01125,Councell,ORG_OR_COMMITTEE,candidate,V03-P0677,1117,1125,"And the Letter
of the Treasurer, Councell, and Company, to the Gouernour and Councell of
State there, for the strict execution of his Maiesties Royall Commands herein.
"
,,V03-P0677-M01161-01169,Councell,ORG_OR_COMMITTEE,candidate,V03-P0677,1161,1169,"And the Letter
of the Treasurer, Councell, and Company, to the Gouernour and Councell of
State there, for the strict execution of his Maiesties Royall Commands herein.
"
,,V03-P0679-M01598-01606,Councell,ORG_OR_COMMITTEE,candidate,V03-P0679,1598,1606,"The breach or performance whereof, as
we are bound to giue a strict account, so will it also be required of you
the Gouernour and Councell especially."
,,V03-P0682-M00397-00405,Counsell,ORG_OR_COMMITTEE,candidate,V03-P0682,397,405,"To our very loving frends 8"" Francis Wyatt knight Governor & Captaine
generall of Virginia; and to the rest of the Counsell of state there
August the first 1622

After of very hartie Comendations;

Wee haue to o* extreame grief vnd'stood of the great Massacre executed
on o™ people in Virginia, and that in such a maner as is more miserable
then the death it self; to fall by the hand¢ of men so contemptible; to be
surprised by treacherie in a time of known danger; to be deafe to so plaine
a warning (as we now to late vnd'stand) was last yeare given; to be secure
in an oecaéon of so great suspition and iealousie as was Nenemathanewes
death; not to peeiue any thing in so opne and generall conspiracie; but to
be made in parte instrument¢ of contriving it, and almost guiltie of the
destrueéon by a blindfold and stupid entertaininge of it; wh the least
wisdome or courage suffised to prevent even on the point of execuGon:
are circumstances, that do add much to o* sorrow & make vs to confesse
that it is the heavie hand of Allmightie God for the punishment of o
and yo"" transgressions: to the humble acknowledgment and pfect-amend-
ment whereof together wt"" of selues, we seriously advise and invite yo"";
and in pticular earnestly require the speedie redresse of those two enor-
mous exesses of apparell and drinkeing; the erie whereof cannot but haue
gon vp to heaven; since the infamie hath spredd it self to all that haue
but heard the name of Virginia to the detestaéon of all good mind‘, the
scorne of others, and o* extreame griefe and shame: In y° strength of
those fault®, vndoubtedly, and the neglect of the Devine worshipp, haue
the Indians prevailed, more then in yo"" weaknes; whence the evill there-
fore sprung the remedy must first begin: and an humble reconciliation be
made w* the devine Ma** by future conformitie vnto his most iust and
holie lawes: w doinge we doubt not but that you shall be safe from the
handé of all yo"" enemies, and them that hate yo"": from whom if Gods
"
,,V03-P0694-M01583-01591,Counsell,ORG_OR_COMMITTEE,candidate,V03-P0694,1583,1591,"Know yee therefore that I S' Francis Wyatt knight Governo™ and Capt
generall of Virginia duly waighing and consideringe the pimisses, as also
in plsent consideration of the plsent estate of this Colony, now in very
great want of Corne; Out of the assurance that I haue in the vertue, valo’,
and discretions of my trusty and welbeloved frend S* George Yeardley
knight one of his Ma*® Counsell for Virginia; do will and require him
the said S' George Yeardley forthwt to take his iorney and vioadge
together w such Groupe of men and Souldiers, as he shall find willing
throughout all parte of this Colony, to accompany him; and them together
w* theire furniture and amunition to transport in such Shippe, Barke,
and Boaté€, as are now riding in this Riuer; and w* he shall thinke needfull
and nessessarie; and so w' all possible speed, (as God shall giue leaue)
and the wind and weather pmitt; to go for the Riuer of Pamunke, and any
other Ruier w'tin the Bay of Chesipiack, and elsewhere, as he shall thinke
fitt, wtin any part of the limite graunted by his Ma? to the Company of
Virginia, to make warr, kill, spoile, and take by force or otherwise what-
"
,,V03-P0698-M00542-00550,Counsell,ORG_OR_COMMITTEE,candidate,V03-P0698,542,550,"To THE GOVERNOR AND COUNCIL IN
VIRGINIA

BETWEEN OctToBER, 1622, anp JANUARY, 1622/23

Manuscript Records Virginia Company, III, Part ii, Page 58
Document in Library of Congress, Washington, D. C.
List of Records No. 366

To the right Wor"" S"" Francis Wyatt knight ec and to the rest of
Counsell of Estate here

The Humble petition of Richard Pace Humbly sheweth"
,,V03-P0699-M00590-00598,Counsell,ORG_OR_COMMITTEE,candidate,V03-P0699,590,598,"Wee had not thought to haue written
vnto yo"" till wee had beene invited by yo' letters vnto vs: but the neces-
sitie of some thinge to be pformed by yo"" hath made vs thinke it necessarie
to remember them in an extraordinarie maner, and to reinforce the
Instruccons and charge of the Counsell, by the advise and desires of vs
y®?"
,,V03-P0699-M01836-01844,Counsell,ORG_OR_COMMITTEE,candidate,V03-P0699,1836,1844,"for the effecting whereof, as yo"" haue already
receaved advise from the Counsell (w* we desire yo"" in all pointe to follow)
"
,,V03-P0704-M00431-00439,Counsell,ORG_OR_COMMITTEE,candidate,V03-P0704,431,439,"688 RECORDS OF THE VIRGINIA COMPANY

wee hope God will otherwise repay, if yo"" do not, but for yo"", wee cannot
conceaue, but that as yo"" iustly deserue, yo"" wilbe cleane leafte & aban-
doned from any supplies hereafter; and what danger that may be, yor
p'sent necessities speake, wt because they were not last yeare foreseene,
no regard was had of returning any thing nor beliefe; to the protestation,
w at o"" request §desire§ the Counsell in theire letters by the Warwick
made, w** we cannot but remember to o” griefe, though to o' iustification:
lett the smart of sence now teach, what on the creditt of o* worde yo"" would
not learne, that yo"" gaines to yo"" damage by thus gaining tyme, and that
the returning of o' Stocke home so much empaired, how eare it be pleasant
vnto yo"" for a while, will in the end be more bitter vnto yo"" then vs:
speedy and full returnes must be made, else it is impossible for vs to pro-
ceed on, not so much for o* vnwillingnes, as o° inabilities, o"" Adventures
are greater, then we can now beare, much lesse increase."
,,V03-P0704-M01369-01377,Counsell,ORG_OR_COMMITTEE,candidate,V03-P0704,1369,1377,"that yo"" offer had been lesse;
the preservation of the whole Colony, and the Revenues of the whole;
or if the securitie had been worse then the faith of yo"" the Governor,
Treasuror, and Counsell, or the dilligence and importunity of them that
labo’ed it here, lesse then indefatigable, and such as would receiue no
nay, yo"" had wanted even all, that yo"" shall now God willing receaue.
"
,,V03-P0724-M00754-00762,Counsell,ORG_OR_COMMITTEE,candidate,V03-P0724,754,762,"Nowe if it shall please his highnes the Counsell and Companie at once so
to ord’ that so many sheires in England may send ouer 100 men a peece
to posesse theise 32 sheires as Servant€ unto them furnished out by them
and liue vnd' the Comaund of some Noble Generall fitt for so Royall a
plantaton."
,,V03-P0724-M01621-01628,Deputie,TITLE_OR_ROLE,candidate,V03-P0724,1621,1628,"Eauerie Sheire in England to make Choise of some worthie gentleman that
his Mate may thinke fitt and the Companie allowe of to be a Deputie
Leiftennant to gouerne these people in their seuerall Sheires.

"
,,V03-P0725-M01457-01464,Deputie,TITLE_OR_ROLE,candidate,V03-P0725,1457,1464,"All voluntaries yt will goe ouer vppon their owne Charges wt Comission
from the Company to be equallie devided into theis seuerall sheires, and
their land there to be alloted them by ord' from the Deputic or Generall
to the Deputie leiftennante of euery Sheire.

"
,,V03-P0726-M00188-00195,Deputie,TITLE_OR_ROLE,candidate,V03-P0726,188,195,"Now it resteth how if it pleaseth God y' this manner of plantation be thus
setled to demonstrate an hon?’ or Noble person that shalbe appointed
Deputie or Generall may be Noblye trasported and there brauely seated
w'tout his owne charge or the charge of the Companye.

"
,,V03-P0726-M00727-00734,Deputie,TITLE_OR_ROLE,candidate,V03-P0726,727,734,"His Ma'* to be gratiously pleased to authorize this hon®'* pson chosen to
be Deputie or Generall to knight as the Deputie of Ireland doth.

"
,,V03-P0726-M00873-00880,Deputie,TITLE_OR_ROLE,candidate,V03-P0726,873,880,"Then theis Deputies Leiftennante to be knighted and the benefitt to
redound to the Deputie or Generall, and all other y* shalbe thought worthie.

"
,,V03-P0727-M01927-01936,Treasurer,TITLE_OR_ROLE,candidate,V03-P0727,1927,1936,"A Note of the Shipping, Men and Provisions
Sent to Virginia, by the Treasurer and
company, 115-117.

"
,,V03-P0729-M00071-00080,Treasurer,TITLE_OR_ROLE,candidate,V03-P0729,71,80,"Suit concerning the Treasurer, 422-423.
"
,,V03-P0739-M01969-01978,Treasurer,TITLE_OR_ROLE,candidate,V03-P0739,1969,1978,"Treasurer, 50, 140-141, 345-346.

"
,,V03-P0740-M02712-02721,Treasurer,TITLE_OR_ROLE,candidate,V03-P0740,2712,2721,"See Council in
Virginia.
Council and Treasurer for Virginia.
Commission to William Wye, 144-146.
"
,,V03-P0741-M00813-00821,Councell,ORG_OR_COMMITTEE,candidate,V03-P0741,813,821,"Petitions, 652-653, 682, 695-696, 699.

Proclamations, 528, 703-704,

Puiting out of the Tenantes that came ouer in
the B. N. wt other orders of the Councell,

The, 226-229.

Records, 477,

Reproved by company, 502-505.
"
,,V03-P0744-M02006-02015,Treasurer,TITLE_OR_ROLE,candidate,V03-P0744,2006,2015,"Edmondes, Sir Clement, 609,
Edmondes, Sir Thomas, Treasurer of the House-
hold, 510.
"
,,V03-P0745-M00070-00079,Treasurer,TITLE_OR_ROLE,candidate,V03-P0745,70,79,"Of the Treasurer, 421, 422.
Elianor (Elinor)."
,,V03-P0751-M00202-00209,Majesty,TITLE_OR_ROLE,candidate,V03-P0751,202,209,His Majesty's Councell for Virginia.
,,V03-P0751-M00212-00220,Councell,ORG_OR_COMMITTEE,candidate,V03-P0751,212,220,His Majesty's Councell for Virginia.
,,V04-P0002-M00828-00837,Treasurer,TITLE_OR_ROLE,candidate,V04-P0002,828,837,"Notwithstandinge many disasterous recidenté yt enterprizes of this nature,
espeevally in the infaney theref are subiect vnto, v¢ pleased god soe to
blesse the labors and endevers, that were ymployed for the begifige and
Progress of this Plantatione, that in the first twelve yeers, duringe all w™
tyme Sr Thomas Smith was Treasurer and Gouernor of the Compeny,
wth the Expenee of 70000"" or there ahoutes, brought in for the most pte
by voluntary Adventurors, beeinge agreate many of them his neere freendes
and allvants, and for his sake Joyninge them selves in that Busines, and
w"" the losse of a very fewe of his mat*"" Subieet@ (those alsoe beinge People
for the most pte of the meanest Ranke, A large and very spacvous pte
of the Country was fully dixeouered, The Coastes, havens, Portes, Creeke,
and rivers therof pfeetly knowne, most Comodyous places of Strength and
Convenicney of habitatione selected and made Choyse of, Those places
ptely reeoyered or procured from the Salvages, and ptly by infinite labor
heinge generally overspred wt wood, cleared enelosed and Culltivated,
many howses, barnes, and fortes builte, Churches, Bridges, and Store-
howsex, and all other publique snd necessary workes erected, nott lesse as
we Compute, then one Thowsande Englysh people, when Sr Thomas
smith left y° Goutment, were there inhabitinge wt plenty of Corne, Cattle,
awyne, Poultrie and other good provisiones to feede and norsyshe them,
A competent number of able and suffycient ministers to instruet them,
wortlte and expert Conmnders, Capts and officers to direct them and gou-
erne them, store of armes powder and munitione to defende them, divers
staple Comadities (besides Tobacco) fownd out for the Psente to eneorage.
"
,,V04-P0010-M00540-00548,Counsell,ORG_OR_COMMITTEE,candidate,V04-P0010,540,548,"reputations, & noe way Iawfull to forsake our stations w'howt leave, yt
peeeded noe further, as all our Accons since may Suflievently proue,
Havinge Carefully repuvred the decays of James Cyttie, and invited all
mon to builde theire w peceded Cheerfully one, till your Lres of Dis-
persinge men againe, wherin wee submitt our Judgment@ to your Com-
nnil@, made every man looke te his privatt, But vt it was necessary to seute
together in two or three great bodyes, was the vnanimyous voyce both of
the Counsell and Planters, And noe doupt would haue draune one the
buildinge of fortified Townes, wherof now wee dispayre, wherby we might
haue made advantage of their Salvage trecherie by the securinge of our
selves from the native and forren Enemie, and yt wihowt tax of feare beinge
rather a hopeinee Sme$ Coneceptione then A thinge yt wee know, and this
we tuke te haue beene the first endevors of all new plantations; wee Con-
elude this poynt wt ye 4@ resone geven in your printed booke, y to be
seatteredL in smalle Compenies are helps to victorie, but hindrances to
Civilitie.

"
,,V04-P0013-M01847-01855,Councell,ORG_OR_COMMITTEE,candidate,V04-P0013,1847,1855,"Capt Barwich and his Companie at their arivall were Accomodated
aeeordinge to theire Desire in James Cyttie, where they haue spent their
iymes in howsinge them selves, and are now woorkinge vppou shallops,
Since his arivall by sicknes he hath lost many of his princypall woorkien,
and he him selfe at psent very daungeroushe sick, m‘ Thread will at all tymes
take Aecompt of the pfitts and returne them,

The men sent for y° buildinge of the East Indie Seoole were for the plsent.
placed amongst the Colledg Tenante, fower of them are dead the residue
shalbe placed w"" the first Convenicncie at martins hundred aecordinge to
m’ Coplandé request to the Gouerno® and Councell.

"
,,V04-P0031-M00063-00071,Counsell,ORG_OR_COMMITTEE,candidate,V04-P0031,63,71,"For it is necessarie to be knowne, that the Counsell, Comittees and Com-
panics having first concluded on the Offices necessarie for the menaging
of this Contract, as also of their rewardes by way of Sallarie (according
to the fifte Article of the Contract): The Officers themselves were lastly
chosen in both the Courts: and the burthen was imposed upon the chiefe
of them, in a free and unanimous eleccion, contrary to their most earnest
and often iterated desires,

It is also further to be knowne, that by reason of these troubles,
both the chiefe Officers and divers of the Comittees having voluntarily
surrendred their places, and greatly importuned the Courts, to accept
of their Surrenders; yet the same have beene refused, and they continued
in their offices, much contrary to their wills, and most earnest suits,
whereas contrariwise these Articles are propounded in that manner, as
though the Officers had bin ambitious of this imployment, and conse-
quently were to undertake it with all indignities."
,,V04-P0035-M00882-00890,Councell,ORG_OR_COMMITTEE,candidate,V04-P0035,882,890,"I
was with the Gofinour at James Cittie, and told both him, and the Councell
that I came not ou? to plint Tobacco, neither for my owne end@, although
the Companie was at no Cost with me, but onelie hare passage, neither
was I beholding to them for ought but love, yet if they pleased to accept
of my seruice I would by the helpe of God, and a few hand@ make them
wearie of their lyues: this was well taken, and eu%ie one was perswaded |
would bee as muchor more then my word, presentlie ther was a warrant

sent vp for men, and another downe, and all T demaunded was but 40, viat

30 small shott,and 10 men to secure ihe Boateé, but I feare now the Deuill is

the hinderer, for this Caveat is put in."
,,V04-P0035-M01592-01600,Councell,ORG_OR_COMMITTEE,candidate,V04-P0035,1592,1600,"this Councell I doubt eometh from the nght
worthie Statesman, for his owne profit 8"" George."
,,V04-P0038-M00501-00509,Counsell,ORG_OR_COMMITTEE,candidate,V04-P0038,501,509,"Cuntrice of Virginia from the treachery of the Lodian@ on the 22"" day of
March last: The Gouernor w™ the advice of the Counsell of State hath
thought it very fitt, that the 22 day of March both this pfsent veare and
for euer hereafter (in memory of that great plservation) be in this Cuntrie
celebrated Holy: And therefore doth straightly charg and Comand,
Cap* Wiltm Tuckar, that he, and all other that are any way vnd' his
charge, do keep that day holy, spending the same in praver thanksgiveing
to God, and other holy exercises; not suffering any of them to worke, as
he will answer the contrary at his perill."
,,V04-P0065-M02102-02110,Councell,ORG_OR_COMMITTEE,candidate,V04-P0065,2102,2110,"I proferd him the Enter-
tainment of my house, and my owne Chamber to lodge in [4] weh he
refused in that I was to bee but seldome there my selfe, in regard of my
almost dailie attendance at the Councell table (for besid€ our owne parte,
wee are faine to discharge the Offices of others: if M' Sceretarie had beene
good for anie thing wee would never have suffred him to huue gon home,
and what a pittifull Councellour haue wee of yo"" Doctour!)"
,,V04-P0065-M02551-02559,Councell,ORG_OR_COMMITTEE,candidate,V04-P0065,2551,2559,"I haue giuen

[Put 180 tnen able
te ineeunter the
Enemye whereof
SO were fitt only

tocarry burthens |

To his most wor
thie frend Same
uell Wrote Eee, at
Londen be theis

from time to time the best Councell I am able."
,,V04-P0067-M00308-00316,Councell,ORG_OR_COMMITTEE,candidate,V04-P0067,308,316,"Councell and Colony of Virginia, signifying his pleasure to
take the cofiodity of tobaecoe to his owne imeadiate vse, and requiring
that we should heere contract."
,,V04-P0075-M01650-01658,Counsell,ORG_OR_COMMITTEE,candidate,V04-P0075,1650,1658,"The Counsell was very earnest wth me to haue cofianded there, but the
greater worke must be before the lesser: yet I will see them now & then, &
be often on their Backes for their guard."
,,V04-P0080-M00846-00854,Counsell,ORG_OR_COMMITTEE,candidate,V04-P0080,846,854,"There were many divisions of Iand made: but true it is the Colony was
not so scattered as since, And for the Seale then that wh was then vsed
was the Seale made for the Counsell of Virg by his Ma'* own appointm'

6 That though there were ensamples of i staple Comodityes in the 10%
yeare of his gotin' yet in the 12 y, of his gow9nt only Tobacco & Sassafras.
"
,,V04-P0081-M00365-00373,Counsell,ORG_OR_COMMITTEE,candidate,V04-P0081,365,373,"The Counsell seldome assembled but wth the Company, and the Lord<2
"
,,V04-P0081-M00766-00774,Counsell,ORG_OR_COMMITTEE,candidate,V04-P0081,766,774,"so oft as he would as had be meet: And he conecaues it a comendation
rather then an error §especially an offence of an high nature§ that in all

his tyme the Lords # of his Ma'™ Counsell were so little $trouble?§ and
their more weightie affaires interrupted by the businesses of this plantréen

as they haue ben since by §with§ these businesses.

"
,,V04-P0088-M00505-00508,Nos,EDITORIAL_REFERENCE,candidate,V04-P0088,505,508,"List of Persons FIT TO BE GOVERNOR AND Deputy GOVERNOR
oF VIRGINIA AND SomeRS IstaNnps ComMPaNIES
Aprin or May (?), 1623

Manchester Papers, Nos. 356, 357, 358, 359
Document in Public Record Office, London
List of Records No, 436

Treasurer or Gouerno’ for Virginia Governou' for the Somer Tland¢

S"" John Mericke S' Humfrey Hanford

S' John Worstenholme Mr’ Alderman Johnson

St William Russell M:' Alderman Hamersiey
Deputie Deputie

Mr?"
,,V04-P0102-M02299-02307,Councell,ORG_OR_COMMITTEE,candidate,V04-P0102,2299,2307,"A man of most knowledge in those affavrs
and now the Gou'nor wt divers of the Councell, are goinge downe to sett
out the forme therof aceordinge to the nature of y® place, the number of
workmen wee purpose to enerease as we shalbe able,

"
,,V04-P0108-M00615-00618,Nos,EDITORIAL_REFERENCE,candidate,V04-P0108,615,618,"I, Nos."
,,V04-P0112-M01290-01298,Councell,ORG_OR_COMMITTEE,candidate,V04-P0112,1290,1298,"Wee haue here ea verie
weake Councell, few in Nomber and those for the most part either not
respecting greatlye the publique, or of no sufficiencie."
,,V04-P0115-M00527-00534,Majesty,TITLE_OR_ROLE,candidate,V04-P0115,527,534,"Tt is auowed, that Alderman Jhonson, did deliuer to his Majesty, a
petition, which was presented, by the assent of many adventurers, then
personally present, and of many more, that were absent.

"
,,V04-P0115-M00836-00843,Majesty,TITLE_OR_ROLE,candidate,V04-P0115,836,843,"But, that the informations, in it contayned, were in any part vntrue,
eyther touching y® Suppliantes, or in derogation of the forme of gouern-
ment, established by his Majesty, is vtterly denied:

3"
,,V04-P0118-M01711-01719,Counsell,ORG_OR_COMMITTEE,candidate,V04-P0118,1711,1719,"and Counsell
of Virginia or some of them in mayne pointes coneerning the Strue§ state
and eondi¢on of the Plantaton eontradictorye oar diucrse from what was
publicklie rexd in Court."
,,V04-P0119-M01228-01236,Counsell,ORG_OR_COMMITTEE,candidate,V04-P0119,1228,1236,"To eall to mynd a ppositon w Mr’ Gibbs pntt@ 8° me in mynd of & SN,
Rich made at a meeting of the Counsell that a shipp w'® was then goin 4
Virginia w® a great many inen might he stayed beé there was ie prion
for the wt"" was seconded by 8’ D. Degge and s* Jo: Worselnhiom and others:
S' Ed."
,,V04-P0125-M00365-00373,Counsell,ORG_OR_COMMITTEE,candidate,V04-P0125,365,373,"Priuy
Counsell of Edward Collingwood Seeré to the Virginia Company, these
severall Court-Buokes following belonging to the sayd Compa."
,,V04-P0130-M00497-00505,Counsell,ORG_OR_COMMITTEE,candidate,V04-P0130,497,505,"128 RECORDS OF THE VIRGINIA COMPANY

hits p’sent securytie vnder of hand@ for freight, In consideration whereof
wee yor poore supplants humbly Entreat, to grant ye? warrant to bring
the said mi” Douglas before you’ wo'p, that wee may receaue such sattis-
faction thence as of Plscut necessytie and y® Equity of oT Cause doth
requier, And that you would be pleused to giue such order, as 0” goode@ in
general may be brought ashoare, & saffely kept in deposite virtill sueh
tyine as vor wo'p w"" the Counsell of estate deterinine wee shell the same
& wee shall eu’ pray

Subseribed
RicwarD"
,,V04-P0130-M01056-01064,Counsell,ORG_OR_COMMITTEE,candidate,V04-P0130,1056,1064,"Preririon ro Governor anp Council IN
‘VIRGINIA

Aprit 26 anp May 8, 1623

Manuscript Records Virginia Company, III, pt. ii, p. 59
Document in Library of Congress, Washington, D.C.
List of Records No. 475

To the right worl s Praneis Wyatt knight et® and y* rest of y° Counsell.
"
,,V04-P0132-M01031-01034,Nos,EDITORIAL_REFERENCE,candidate,V04-P0132,1031,1034,"‘Aw Answerer To A DecLARACON OF THE PRESEN’ STATE OF
VIRGINIA”

May, 1623

Manchester Papers, Nos."
,,V04-P0132-M01293-01301,Counsell,ORG_OR_COMMITTEE,candidate,V04-P0132,1293,1301,"A Breife Answere to the §a§ DeclaraGon lately made and
deliuered to his Mat: Com™ #2 §by some few psons vnducly (as
is conceaued) assuming to themselues$ the name of the Counsell
for Virginia ef Stouching§ the State of the Countrey and Colony
there together wth sondrie Obseruatons tending to the discouerie
of the Reasons and causes of the ill steeess progress and success of
the businesses of that Plantation:

"
,,V04-P0141-M00362-00369,Deputie,TITLE_OR_ROLE,candidate,V04-P0141,362,369,"For it is an vndeniable truth
that they haue stated Certeyne offices |lin Virginia|]| wth great nombers of
Tefints namely Gou%ne™ the Treasuro™ the Secretaries the Phisitians
Viee Admiralls A Deputie for the Companiells||, and another Deputie for
| the|| Colledge Tefnte: and by oF Computaéon there want¢ to theis officers
aboue 120 Men of the p theire promised and Contraeted for nombers,
wh in cquitye and Justice are to be made good vnto them and the very
sendinge soe manie psons over, reasonablie furnished will Coste the Com-
pavie at their owne rates 2400"" the first penny and if anie of theis Newe men
should dye the first yeare the Company must supply them againe w'h will
enerease the Charge. Beside@"
,,V04-P0144-M00501-00508,Deputie,TITLE_OR_ROLE,candidate,V04-P0144,501,508,"That the svile pduceth vines in abundance, is an vide-
niahle truth aud was notoriously knowne aboue lt. yeures nowe past,
but soe little Care was there taken to senél[d|| over Choice planté of the
hest kinde of Christendome (as they affirme) that 3° John Ferrar then
Deputie did not vouehsafe to send those twoe or three thowsand plante
wh Capterne Each bought purposelie from Malago to that end, nor did
soe inuch as put them into the Grownd to be plserved and sent another
veare, though desired to doe it, and his negligenee was the greater Con-
sideringe"
,,V04-P0147-M01396-01404,Councell,ORG_OR_COMMITTEE,candidate,V04-P0147,1396,1404,"is defalked for duties
belonginge to his officer and minister and Tobaecoe beinge decried to 124
he pownd in Virginin (as Mt Nicholas Ferrar affirned at the Councell
board it was) then the Planter hath 46° of money for his Tobucroe and the
Marehant wth whome he is to trade ratseinge the prize of his goud€ at
pleasure sometymes to the double sometyines to a 3"" and never lesse then
oa +h more then they Cost here in Lingland the Planter hath by this
Account about 34° worth in Cotiodities when he is best dealt wthall for
his whole yeares labo"" and soe instead of reelayminge the Colonie from
excessive plantinge of Tobaccoe the poore planter must erther starve or
x¢ forced to plant it in greater quantities for his uecessarye mayntenuce
And as for the settinge soe manie staple & rich Commodities on foute at one
instant [wh they speak of|, it was a worke of an ill Comsequence for thereby
nothinge is done in anie one of them but all is vanished into smoke (that
is to say into Tobaccoe) whereof alsuc they haue noe great store, for this
yeare they haue not sent home sve niuch as the little poore Phintaéou of jig |
the Sutier Islund@"
,,V04-P0149-M01024-01032,Councell,ORG_OR_COMMITTEE,candidate,V04-P0149,1024,1032,"Wee are sure the benefitt is shared by brothers, Cozens,
and assured freind there to those whoe by that and other meanes sway
all the businesses of the Plantatéon both there and here; Wee sry alsoc
that parte of this Charge was yvnscasonablie layd when the Compznies
stocke was viterly exhausted whereby of bewad bountie may be applunided
but of disere¢on will be shrewdly questioned; And whereas they say that
theis offices were stated w'h pencions at the Councells and Conrpanies
great Charge, It had beene as wee Conecive more trucly and gratefully
said that it was done wth the Monies raised by Lotteries wh was a
Worke and effeete of grace in his most excellent Mat? soe that the Charge
in deed issued not from the Councell and Companie ax here is atedeed
lintimated|| but out of the purses of the subieete in gen%all.

"
,,V04-P0154-M00143-00146,Nos,EDITORIAL_REFERENCE,candidate,V04-P0154,143,146,"152 RECORDS OF THE VIRGINIA COMPANY

CCCAXAVL “A Note or Some Trincs FIT TO BE INQUIRED INTO BY
THE Com's""!

May (?), 1623

Manchester Papers, Nos."
,,V04-P0161-M01846-01854,Counsell,ORG_OR_COMMITTEE,candidate,V04-P0161,1846,1854,"Againe we fiad besidé diuerse passages in their tres from thence by wh
we may discerne the paucitie of the people we find that one Willin Capps
beeing generallie approued as a fitt man to be imployed against th’ Indians
he demanding but 46 30 small shott and 10 men to secure the Boutes was
as it seeines putt of wh §by§ this Reason giuen in their Counsell there.
"
,,V04-P0163-M00904-00912,Counsell,ORG_OR_COMMITTEE,candidate,V04-P0163,904,912,"One thing I haue forgott to
informe yo"" of: We haue a very weake Counsell... ."
,,V04-P0164-M00312-00320,Counsell,ORG_OR_COMMITTEE,candidate,V04-P0164,312,320,"Lerrer To THE GOVERNOR AND CouNncIL
IN VIRGINIA

May 2, 1623

Manuscript Records Virginia Company, II, pt. ti, p. 27a
Document in Library of Congress, Washington, D. C.
List of Records No. 489

A Copie of the letter to the Governor and Counsell of Virginia by the
Bony Bess

After o"" very hartie Comendaéons: Wee haue receaved yo"" letters sent by
the Trueloue and James, whereby we vnd'stand through Gods assistance
yo"" haue made a good begining to that iust revenge w% yo"" owe the Autho™
of that bloody Massacre: w** we desire yo"" very earnestly w® all diligence
and care to prosecute, according to the advise and instrucéons we haue
formerly given yo"" and that course yo"" haue already begun, vntill yo?
"
,,V04-P0166-M00491-00498,Majesty,TITLE_OR_ROLE,candidate,V04-P0166,491,498,"* * tively & magnificently
in his Majesty’s Prai[se]."
,,V04-P0166-M00652-00660,Counsell,ORG_OR_COMMITTEE,candidate,V04-P0166,652,660,"Will

London y* 2"" of May 1623

‘To ot yery Lo: frend@ 5’ Franeis Wyatt knight Governo' and Cap* general]
of Virginia and to the rest of the Counsell of State there these be dd

CCCXLI, Anraony Hitron."
,,V04-P0172-M00296-00304,Councell,ORG_OR_COMMITTEE,candidate,V04-P0172,296,304,"the Lordé and others of his mat most honorable prinice
Councell.

"
,,V04-P0173-M00394-00401,Deputie,TITLE_OR_ROLE,candidate,V04-P0173,394,401,"* Nicholas ffarrar himselfe, being Deputie
of the said Companie,"
,,V04-P0176-M01314-01317,Nos,EDITORIAL_REFERENCE,candidate,V04-P0176,1314,1317,"May or June (arrer May 9), 1628

Manchester Papers, Nos."
,,V04-P0182-M01631-01638,Deputie,TITLE_OR_ROLE,candidate,V04-P0182,1631,1638,"The vnlimited authoritie that is giuen by thoxe lawes to the
Thrér and Deputie, as by the particulers readie to be showen may appere,

§28§ §29§ 28"
,,V04-P0184-M00407-00415,Counsell,ORG_OR_COMMITTEE,candidate,V04-P0184,407,415,"§37§ $888 387 Preparing aceusations and scandalous reproches egaimst not
only against ordinary Aduenturers, but euen against men of the cheife
ranek and qualitie by some few and hat then publishing them in the name
of the Counsell and Companye that is to say of $psons$ unknowne psers

§38§ $898 88 Inviting of strangers yea of women to be present in a latticed
gallerye wh lookes into the place where the Courts theis last 4 yeares haue
ben kept §there$ to be spectato™ of their courses and hearers of their
calumnies &e¢ to th’end the rumor thereof might be more generally spread,

| $398 §408 39 |As for matters of §the Accompts for their last 4 yeares: they
are desired they may be veiwed and examined by some who on the behalf
of the Company are willing in this vacation to take paynes therein: the
generall exception that is taken in that point is that they are audited onlie
by a very few pticular freind@ and confidents, and euen as is doubted by
some who are themselues interessed therein and there is a pticular eom-
plaint putt in by some of th’Aduenturers in Southampton Hundred, that
whereas very good Soms vat."
,,V04-P0186-M00250-00258,Counsell,ORG_OR_COMMITTEE,candidate,V04-P0186,250,258,"And the sight of the warrants hy w
the seuerall Lotteryes were erected vnder the hand@ of the Counsell of
Virginia
waonine M* Ree 3 TWekept Tables."
,,V04-P0186-M01312-01320,Counsell,ORG_OR_COMMITTEE,candidate,V04-P0186,1312,1320,"Doe
New ee bis Bnet Tre vo"" thinke that if as many more people were sent into England as now are
ie Cone “there S would it be able to susteyne them: And George Sandyes in his

saipeatis AW. 1620
last tres complaynes of this

5 Confessed

Divson Morten 6 The former Booke p. 12 sayes they were plentifully furnished for Six
tm oa e _Monethes: sce The Invoyees of the geed€ Prouisions for victualls sent
lnscenwtiee ds ituer for these veares: And generally the Tres sent from the Counsell of
wei Saal Virginia to the Counsell or Company here +629 at the latter end of 1619.
"
,,V04-P0186-M01349-01357,Counsell,ORG_OR_COMMITTEE,candidate,V04-P0186,1349,1357,"Doe
New ee bis Bnet Tre vo"" thinke that if as many more people were sent into England as now are
ie Cone “there S would it be able to susteyne them: And George Sandyes in his

saipeatis AW. 1620
last tres complaynes of this

5 Confessed

Divson Morten 6 The former Booke p. 12 sayes they were plentifully furnished for Six
tm oa e _Monethes: sce The Invoyees of the geed€ Prouisions for victualls sent
lnscenwtiee ds ituer for these veares: And generally the Tres sent from the Counsell of
wei Saal Virginia to the Counsell or Company here +629 at the latter end of 1619.
"
,,V04-P0186-M01816-01824,Counsell,ORG_OR_COMMITTEE,candidate,V04-P0186,1816,1824,Newces priuat tre to the Counsell.
,,V04-P0186-M01834-01842,Counsell,ORG_OR_COMMITTEE,candidate,V04-P0186,1834,1842,"And the Counsell of Virginia

Smyth they sy there lre A°, 1620."
,,V04-P0187-M01746-01754,Counsell,ORG_OR_COMMITTEE,candidate,V04-P0187,1746,1754,"And the Gouerno™ tre written to the Company in excuse of him selfe for
the Massacre

15 St G. Yardleyes tres to the Counsell: A° §1619 or§ 1620 giues that
reason why he made the peac

16 Cap."
,,V04-P0189-M01387-01395,Counsell,ORG_OR_COMMITTEE,candidate,V04-P0189,1387,1395,"The will of the Counsell of Virginia ¥ ridden post euery weeke from London
to Norburne

37 See their pap™ read in Court for wt some of thé were restrayned

38."
,,V04-P0190-M00640-00648,Counsell,ORG_OR_COMMITTEE,candidate,V04-P0190,640,648,"that
T haue of the skill, vnd'standing and sufficiencie, of my
trustie and welbeloved frend Capt Roger Smith, do by these plsents (w'""
the advise and consent of the Counsell of state) ordeine and apoint him
the said Cap Roger Smith, to haue the orderinge, directing, and buildinge,
the Fort at Wariseoyack."
,,V04-P0193-M00304-00312,Counsell,ORG_OR_COMMITTEE,candidate,V04-P0193,304,312,"Forasmuch as nothing can be more acceptable to the Counsell and Com-A  werrant for
pany in England, or tend more to the safetie and reputation of this Colony, erate, co
then to fortifie some place vppon this River to defend the saine against porte.
"
,,V04-P0195-M00615-00623,Counsell,ORG_OR_COMMITTEE,candidate,V04-P0195,615,623,"A Letrer to SecrETARY
Conway

May 14, 1623

State Papers, Domestic, James I, Vol. 144, No. 45
Document in Public Record Oflice, London
List of Records 507

Ss

I did this morning receive his Ma® pleasure from my Lo: Treasorer to this
purpose, That wheras before his Ma” was pleasd to Reéomend yuto
the speciall care of the Virginian Company at their Court this day helld,
the Election of such disereete, temperate and responsable psons as atfected
the weale of the Company and were not factious, And that yesterday it
was w' his Ma approbation thought fitt in Counsell, that the cleetion of
new Officers should be absolutely putt off and none chosen at all vntill the
next Court, It was now his pleasure that I should write vnio the Treasorer
or Coipany, sigmfying vnto them, that his Ma would haue all pro-
ceedings touching Elections to be forborne at this time, w tout ay new
day appointed, but so to continue as it is, untill his pleasure further knowne,
as you will see by the coppie of my Letter to my Lo: of Southanrpton the
present Treasorer of Virginia, we"" I send you heere inclosed."
,,V04-P0197-M00884-00887,Nos,EDITORIAL_REFERENCE,candidate,V04-P0197,884,887,"Heaps or Two Lerrers To BE
WRITTEN TO THE VIRGINIA Company BY Mr. SECRETARY

May (SHORTLY BEFORE May 18), 1623

Manchester Papers, Nos. 372, 373 *
Document in Public Record Office, London
List of Records No. 485

[No. 372] 1 That he may §Sresigne his place &§ stay in y° Countrey
for disobeying the Com* sad 4°!"
,,V04-P0200-M00407-00414,Deputie,TITLE_OR_ROLE,candidate,V04-P0200,407,414,"Wee have taken notice that
wednesday the 21% of this moneth is the day appointed by your tres
Pattent¢ for choice of a Governour, Deputie, Assistant@, and other Officers
of the Summer Island@ Companie; and vnderstanding of the greate dif-
ferences, and distractions that have happened by meanes of divers turbu-
lent spit#€ Persons, as well as in your as in the Virginia Companie, where
some few distempered spirit€ collecting latelie togeather scandalous im-
putacons against men of note, and quallity amongst you, did vpon Wednes-
day the seaventh of this moneth openlie publish the same, in one of
their generall Court€ (a Course most displeascing vnto vs, as tendinge
onelie to faction and disorder) and further takeing notice that of late in a
confused manner, the two Companies of Virginia and the Surnmer Islande
have binne warned to meete togeather, at one time, and place, weh Wee
by no meanes like, they being two severall bodies and inioying their owne
particuler Govcrnours, and Officers, Therefore to p'vent theis and the like
disorders hereafter, and out of our speciall Care to the good and welfare
of that Plantaéon, Wee haue thought good hereby, to let you knowe our
expresse will and pleasure to bee, that you doe not for this yeare ensueinge
mike Choice to the §office of§ Governour, or deputie of yot Companie
ume of those Persons, who either for their late offence are restrayned, or
had their hand in contriveing or couneclling of the aforesaid scandalous
Writeingé, weh Were read on the seaventh of this moneth in the Virginia
Court, nor anie that have formerlie borne those Offices amongst you, The
first whose names you shall find in the margent, being in the nature of
lo: Cavendish."
,,V04-P0202-M00707-00715,Councell,ORG_OR_COMMITTEE,candidate,V04-P0202,707,715,"Another that the Councell or Companie shall not bring vnte the Com!*
anie Complaint in their owne name, against nie man, They find that the
form?"
,,V04-P0207-M00481-00489,Councell,ORG_OR_COMMITTEE,candidate,V04-P0207,481,489,"Secondly by Yor Ma* Tres Patent¢ there can be noe Courte kept vnder the
number of Five of the Councell and lifteene of the Gen%allitie wh nomber
is impossible to be made vp at this plseut w'hin theis limitatéons nowe
Piseribed by Yor Mat

For yo"" Ma'®"
,,V04-P0210-M01486-01494,Councell,ORG_OR_COMMITTEE,candidate,V04-P0210,1486,1494,"they may be alsve re-
formed; Yo® Suppl*€ most humbly beseech Yo’ most gratious Mat’
(Consideringe that the one partie is the vnited body of the Company and
the other partie a very fewe private psons wh never appeared to exceede
sixe und twenty in nomber and not aboue foure or five of them at the most
that wee knowe that haue for theis last foure yeares brought either money
or Councell to Che AeGon, and the rest of them especially the principal
beinge those against whome the Companie most Complayne) that the said
body niay psecute theire iuste and greate gretfé in such sorte as it is only
possible by them to be prosecuted,

"
,,V04-P0214-M00609-00617,Counsell,ORG_OR_COMMITTEE,candidate,V04-P0214,609,617,"200 qr of Corne at 4° 6"" the buz out of Geld the publick puisions of London
granted last march for the good of virginia was sold at Virginia for 30° a
buz to the planters & the benefitt is sayed to be wholy conuerted to
Barber & the fferrars

for making of ffor Reformaéon that his Mat would please himselfe to appoint Sof some
lawes & orders

chiegin principall membt of the Company§ a Counsell not exceeding 13 or 15,
ther ony who may haue power to decide all differences amongst the Companyve

ae fee pe Ste reeente the sppertes of the planters§ +o ke to regulat all disorders $to
is jneonvenient receaue the appeales &§ to heare & determyne the greiuances of the Compe
fhen it shall oof Planters & Aduenturers"
,,V04-P0214-M01263-01271,Counsell,ORG_OR_COMMITTEE,candidate,V04-P0214,1263,1271,"the Company : :
seme’ And of the saied Counsell one to he yearelie chosen who shall be gouernot

fe of the Companye for that yeare, this man to be chosen by the pluralite
of the voycees in the Counsell And one Deputie Sef the Company§ to
be chosen by pluralite of veyce of the Counsell & Companye i= 4 qHsrter
Court a+ the tones now appeinted: And all other officers by plurality of
voyee of Counsell & Companye: But al these effieors te be these te be
Sthose§ eleeéons to he made be in mann? & tyme as now they are

The Gouerno® in meeting?"
,,V04-P0214-M01417-01425,Counsell,ORG_OR_COMMITTEE,candidate,V04-P0214,1417,1425,"the Company : :
seme’ And of the saied Counsell one to he yearelie chosen who shall be gouernot

fe of the Companye for that yeare, this man to be chosen by the pluralite
of the voycees in the Counsell And one Deputie Sef the Company§ to
be chosen by pluralite of veyce of the Counsell & Companye i= 4 qHsrter
Court a+ the tones now appeinted: And all other officers by plurality of
voyee of Counsell & Companye: But al these effieors te be these te be
Sthose§ eleeéons to he made be in mann? & tyme as now they are

The Gouerno® in meeting?"
,,V04-P0214-M01773-01781,Counsell,ORG_OR_COMMITTEE,candidate,V04-P0214,1773,1781,"of the Counsell to haue a casting voce, in other
meetings of Counsell & Company to haue a ee double & # eastine vovee.
"
,,V04-P0214-M01909-01917,Counsell,ORG_OR_COMMITTEE,candidate,V04-P0214,1909,1917,"If §Gouerno? &§ all the Counsell agree pint agree in any thing ther Sthat
tymes by genm-@t§ to haue §The power§ a Negative voyce against the phar [sic]
on§ consent of , ."
,,V04-P0214-M02088-02096,Counsell,ORG_OR_COMMITTEE,candidate,V04-P0214,2088,2096,"If any of the Counsell dye, the Maior pte of the sd Counsell to elect by
pany appointed blurality of voyee one to succeed
for tyme of va- 2s
cancie & then tory e ¢ . sys 8 .
"
,,V04-P0214-M02126-02134,Counsell,ORG_OR_COMMITTEE,candidate,V04-P0214,2126,2134,"If any of the Counsell dye, the Maior pte of the sd Counsell to elect by
pany appointed blurality of voyee one to succeed
for tyme of va- 2s
cancie & then tory e ¢ . sys 8 .
"
,,V04-P0215-M01809-01816,Deputie,TITLE_OR_ROLE,candidate,V04-P0215,1809,1816,"None to be cligible for Deputie who hath not 42 §10§ psons at least planted
"
,,V04-P0222-M00330-00338,Counsell,ORG_OR_COMMITTEE,candidate,V04-P0222,330,338,"This Woman before M* Grivell Pooley called her into the Court, con-
tracted her self to M* Wiffm: Perrar: before the Governo™ and Counsell
disavowing the form?"
,,V04-P0226-M01065-01073,Counsell,ORG_OR_COMMITTEE,candidate,V04-P0226,1065,1073,"s. he should come in presently The Lord Cavendish Read the second
lettre Presented the exeeptions against St Th: 5 Aecompts They were
read: SS"" Tho: Petition Read w was they said 8"" T. S had presented all
his Books we said not his Originall Cash books the Cauled him in he
Came in w"""" scaveral Counsell and 20: of the Gemn."
,,V04-P0230-M00927-00930,Nos,EDITORIAL_REFERENCE,candidate,V04-P0230,927,930,"JuNE 19, 1623

Manchester Papers, Nos. 338, 339
Document in Public Record Office, London
List of Records No, 523

June. 19, 1623, 860"" rec’ by * * * Jones?

1, The lady Wyatts tre to her Mother] that she ix reeouered of her sicknes
&e That they?"
,,V04-P0240-M01272-01280,Counsell,ORG_OR_COMMITTEE,candidate,V04-P0240,1272,1280,"Md that Among them there were nonce found directed cither

To the Counsell of or

To the Company of Virginia or

To my Lo: Southampto® Thréar or

To S Edwyn Sandys or

To M' Nicholas Farrar Dep"" of the Company.

"
,,V04-P0243-M02049-02057,Counsell,ORG_OR_COMMITTEE,candidate,V04-P0243,2049,2057,"And
thet a Coun if eleet Counsell mas
"
,,V04-P0249-M00454-00463,Treasurer,TITLE_OR_ROLE,candidate,V04-P0249,454,463,"If, No. 39
Document in Public Record Office, London
List of Records No. 538

The fourth of July Anno dni 1623

Wee whose names are here vnderwritten, doe hereby promise and bynde
our selyes to pay in these severall Summes by vs vnderwritten, w'tin ten
dayes, vnto M’ Richard Caswelt, being chosen Treasurer for this present
Magazine, which mony shalbe expended and Jaide out in such necessary
Prouisions, as shalbe best for the Colonie: and shall be brought and pro-
uided by such as wee shall appointe Comittee therefore."
,,V04-P0251-M00941-00949,Councell,ORG_OR_COMMITTEE,candidate,V04-P0251,941,949,"They haue also yealded
to Restore M' Wroth to be againe of the Company and Councell as he was
The pointes of misgoverment on both sides is formaly prosecuted before Whitehall[]!
the Commissioners."
,,V04-P0260-M00320-00328,Counsell,ORG_OR_COMMITTEE,candidate,V04-P0260,320,328,"An ACCOUNT OF SUMS SUBSCRIBED AND SUPPLIES SENT
SINCE APRIL

JULY 23, 1623

C. 0. 1, Vol. II, No. 42
Document in Public Reeord Office, London
List of Records No. 548
JuLy 23 1623

Wheras there was presented to the Right Hono> the Lords of his Matis

most Honorable priuie Counsell vppon the fourth of July last past Two

Rolls of Vnderwritinge } by those of the vnyted body of the Company for

Supply of the Colony, these proceedings have been therein —

The first Roll was by particular Hundreds and persouns sendinge or) yj ¢, d.
carryinge Goods to their frendé and for a generall Supply of the }1800:00:0
Country for...._----------------------------------------------

"
,,V04-P0260-M02407-02410,Nos,EDITORIAL_REFERENCE,candidate,V04-P0260,2407,2410,"00:0

1 See Documents, Nos."
,,V04-P0262-M00050-00058,Counsell,ORG_OR_COMMITTEE,candidate,V04-P0262,50,58,"254 RECORDS OF THE VIRGINIA COMPANY

Lords of the Counsell for strengtheninge and governinge of that place and
the retorne that the Commissioners lately made, hy w*> they may frame
and advise fitt to be presented to his Ma”

The next Day after his Ma’® went from London wee sent for my Lord of
Rutland and took orde’ for refunding the Shipping wt* any §thing§ that
was lackinge and to hasten them vppon they"" viadge to the port of St
Andero as was appointed

Wee also have sett downe those that ar to visit all the ffortes and Castells
vppon the Sea Costs w ar, 8"" Richd Maurisson, 8* John Ogle, S' John
Keyes and one that is a good ingenye’ and they have theyre Instructions.

"
,,V04-P0262-M01083-01091,Counsell,ORG_OR_COMMITTEE,candidate,V04-P0262,1083,1091,"now most of my Lords ar parted so wee hold no more fytting dayes
for Counsell every on being content to refresh themselues a while, and I
amongst the rest wilbe gladd to see and be in iny country cottadge f a
week or two."
,,V04-P0263-M00618-00626,Counsell,ORG_OR_COMMITTEE,candidate,V04-P0263,618,626,"The one that wee should take knowledg froia them what hath bene done
by them for the relief of the present distres of yo"" subiect@ in Virginia
according to the proposicions and offers made by them att the Counsell
board and withull to signifie to them that they were speedily to pform the
same att theyr pill

The other to take into our consideracions the sev'all letters patente granted
to that company and the report€ concerning the same lately made by yo?
Maiestics Commission’?"
,,V04-P0266-M01076-01084,Councell,ORG_OR_COMMITTEE,candidate,V04-P0266,1076,1084,"By order from the lords of the privy
Councell."
,,V04-P0269-M00397-00405,Counsell,ORG_OR_COMMITTEE,candidate,V04-P0269,397,405,"then the Counsell there by pluralitie of voyce
to elect one to sueeced him vntill they have his ma"" pleasure be knowne
either for confirming §of§ him that shalbe so chosen, or for appointing
some other

14."
,,V04-P0269-M00694-00702,Counsell,ORG_OR_COMMITTEE,candidate,V04-P0269,694,702,"The sit thinge sere §may$ (if so it seeme good to his Ma!) be left to
the care of the Gouernor and Counsell here, who may <ppen aH eeessions
as the matter is of more or less waight aduise wth the Aduenturers and
Vndertakers and agree vppon §such§ Rules orders and direccons as ary
be the shalbe thought most behoofefull for the gencrall good and benefits of

[3] Anew

"
,,V04-P0271-M01072-01080,Counsell,ORG_OR_COMMITTEE,candidate,V04-P0271,1072,1080,"all sincerity of intenéon and
indeavo™ pformed the vttermost of o° abilities, we are much comforted
amide those sorows wt? w** we are deeply touched, vyppon consideration of
the mortallity scarcitie & discomfortablenes, we we vieltstand to be
amongst yo""; for the first, and last, we ean giue no other helpe then of
humblest prayers to the devine Mat, nor other Counsell, then that wt
true repentance and pfect amendment of life, yo"" labo"" to apease the wrath
of God, that burneth so fiercely:"
,,V04-P0276-M02269-02277,Counsell,ORG_OR_COMMITTEE,candidate,V04-P0276,2269,2277,"lieth in
yo"" to giue therevnto: The vnd’ taking here is of privat psons and the
profitt that will arise there, likewise to belong to pticuler inen; but the
henefitt is most publique, the good, generall to the whole Colony, wherefore
it is o”, and we desire it may be yo"" serious [29a] and publique care, to
bring this worke to pfeeéon and that speedily; for so we are assure it may
be if yo"" Counsell and assistance, go slong wt"" the industrie, skill and
honestie of the workemen."
,,V04-P0280-M01824-01832,Counsell,ORG_OR_COMMITTEE,candidate,V04-P0280,1824,1832,"And if any shall buy any good@ or
Comodilies aboue the aforesaid rates and prices, and shall not w"" ten
dayes after such sale (or sooner if such good@ were bought of any Shipp
wis sooner to depart) informe the Governo' or some one of the Counsell
of State thereof; that then the said Buyer shall forfeit the valew of the said
goode, the on half to the Informer, and the other half to the State."
,,V04-P0281-M00702-00710,Counsell,ORG_OR_COMMITTEE,candidate,V04-P0281,702,710,"By the Governo' and Captaine generall of Virginia,
Whereas there are many debt€ oweing in this Cuntric aswell to the Corm-
pany of Virginia in England, to the Magazines, and to Capt Wiltm Tuekar
in the behalf of diu® worthy Adventuro™ in England (of w the Righ*
Hono’ the Treasuro’ and Counsell of Virginia in England hate long since
expected due sattisfacton, according to theire reiterated Instrucéons) as
also to diu® other Adventurers, and planters in this Colony, w ought in
iustice and equity also to be discharged; though the other dehbt@ (first
specified) must in order of time haue preheminenee And sinee the dispo-
sition of the people here for the most part is so backward in payeing theire
owld iust debt@"
,,V04-P0283-M01712-01720,Counsell,ORG_OR_COMMITTEE,candidate,V04-P0283,1712,1720,"Forasmuch as the tradeing for Corne by diu™ privat men hath not only
heene the meanes of bringeing downe the vallew of o” Trucking stuffe
amongst the Indians (whilest mens necessities haue caused them to giue
any rates for Corne, rather then return emptie) but also beene agreat hin-
drance to the planting of Corne (so often, and so strictly Comanded, and
of so absolute necessitie for this Colony) whilst many haue relyed yppon
the supplieing theire want¢€ by trading The Governor therefore, wt the
advice of the Counsell of State, for the avoiding of these and many other
"
,,V04-P0293-M02073-02081,Counsell,ORG_OR_COMMITTEE,candidate,V04-P0293,2073,2081,"proporéon of Sassafras by
the pepoll, many haue neglected to gather, rather out of contempt of au-
thoritie, then as a matter of any great difficultic, in w' respeet (the more
iustly) the whole penaltie might be taken: Yet the Governo' and Counsell
of State haue remitted a great part thereof, and haue ordered that every

"
,,V04-P0294-M00858-00867,Treasurer,TITLE_OR_ROLE,candidate,V04-P0294,858,867,"Treasurer, to the same effect (mutatis mutandis)

CCCXCVIIL."
,,V04-P0294-M01346-01354,Counsell,ORG_OR_COMMITTEE,candidate,V04-P0294,1346,1354,"good wo'ps: that whereas it was ordred
by yo"" wo'p & some others of the Counsell yt Valentine osserby should free
& diseharge me of on bond wherin T stand bound for & w y*° sd Valentine
to m?"
,,V04-P0375-M00608-00617,Treasurer,TITLE_OR_ROLE,candidate,V04-P0375,608,617,"NOVEMBER 4, 1623, TO MAY 24, 1624 367

‘free men”’, ete., ‘and other free men”’, ete.], before the aforesaid time specified in
the information aforesaid, were and still are incorporated by the name of the Treas-
urer and Company of Adventurers and Planters of the City of London for the First
Colony in Virginia, and by that warrant, by virtue of the letters patent aforesaid,
the same Nicholas flarrer [et al.—the same 24 names, ‘free men”’, etc., “and other
free men”, etc.], for the time aforesaid specified in the information aforesaid, were
and are and elaim to bea body ineorporated by the name of the Treasurer and Conipany
of Adventurers and Planters of the aforesaid City of Loudon for the First Colony in
Virginia, and they elain and are used by that name to plead and be impleaded in all
courts and places whatsoever and before any judges whatsoever, justices, or other
persons whatsoever, both in all and singular actions, suits, and pleas and in all and
singular other causes, businesses, matters, and demands whatsoever of whatsoever
kind, nature or speeics they may be, and by that name they claim to be persons able
and in Jaw capable of acquiring, holding, receiving, taking, and possessing to them-
selves and their successors, both of our said lord the King and of any other persons
or bodies corporate, any demesnes, manors, lands, tenements, rents, reversions,
reventions, scrvices, possessions, hereditaments, goods and chattels, licences, liber-
ties, franchises, profits, snd commodities whatsoever, to them by the aforesaid name
or to other persons or to any other person for their use given, made, held, granted or
confirmed and, by the said name, to give, grant, demise, let, dispose, assign, and
alicnate their goods and chattels, lands, tenements, and hereditaments whatsoever
to any person or persons whatsoever at their will, as it was lawiul to them and is
lawful."
,,V04-P0378-M01639-01648,Treasurer,TITLE_OR_ROLE,candidate,V04-P0378,1639,1648,"[et al.—the same 24 names, ‘free
inen”’, ete., ‘and other free men”, ete.| say that before the aforesaid time specified
above in the information aforesaid, to wit, on the twelfth day of March in the
ninth year of the reign of our said lord the King who now is of England, etc., our
same lord the King by his letters patent duly completed, sealed with his great seal
of England and produced here in the court of our said lord the King who now is,
bearing date at Westminster on the same twelfth day of March in the aforesaid
ninth year of his reign of England, ete., for himself, his heirs and successors, granted
to the aforesaid Treasurer and Company and their successors that it should be lawful
for the aforesaid Treasurer or his Deputy for the time being, or any two others of the
couneil of our same lord the King for the aforesaid first colony in Virginia, for the
time being from time to time at all times then in the future, to administer such a
formal oath as by their diseretion should reasonably be devised both to any person or
persons, used, or to be used, in, for, or touching the aforesaid plantation for their
honourable, faithful, and just discharge of their service in all such matters as should
be entrusted to them for the good and benetit of the aforesaid Company, colony, and
plantation, und to such other person or persons as the aforesaid Treasurer or his
Deputy with two others of the aforesaid council should consider suitable, for the
examination or manifestation of the truth in any cause whatsoever concerning
the sforesaid plantation or any business arising from it or belonging to it.

"
,,V04-P0378-M02286-02295,Treasurer,TITLE_OR_ROLE,candidate,V04-P0378,2286,2295,"[et al.—the same 24 names, ‘free
inen”’, ete., ‘and other free men”, ete.| say that before the aforesaid time specified
above in the information aforesaid, to wit, on the twelfth day of March in the
ninth year of the reign of our said lord the King who now is of England, etc., our
same lord the King by his letters patent duly completed, sealed with his great seal
of England and produced here in the court of our said lord the King who now is,
bearing date at Westminster on the same twelfth day of March in the aforesaid
ninth year of his reign of England, ete., for himself, his heirs and successors, granted
to the aforesaid Treasurer and Company and their successors that it should be lawful
for the aforesaid Treasurer or his Deputy for the time being, or any two others of the
couneil of our same lord the King for the aforesaid first colony in Virginia, for the
time being from time to time at all times then in the future, to administer such a
formal oath as by their diseretion should reasonably be devised both to any person or
persons, used, or to be used, in, for, or touching the aforesaid plantation for their
honourable, faithful, and just discharge of their service in all such matters as should
be entrusted to them for the good and benetit of the aforesaid Company, colony, and
plantation, und to such other person or persons as the aforesaid Treasurer or his
Deputy with two others of the aforesaid council should consider suitable, for the
examination or manifestation of the truth in any cause whatsoever concerning
the sforesaid plantation or any business arising from it or belonging to it.

"
,,V04-P0380-M00435-00444,Treasurer,TITLE_OR_ROLE,candidate,V04-P0380,435,444,"pts,

372 RECORDS OF THE VIRGINIA COMPANY

said twenty-third day of May in the aforesaid seventh vear of the reign of our said
lord the King who now is of England, ete., our same lord ihe King James, by his
aforesaid letters patent bearing date at Westminster on the aforesaid twenty-third
day of May in the aforesnid seventh year of his reign, ordained thet Sir Thomas
Smyth, should be Treasurer of the aforesaid Company and that the Treasurer should
thenceforth be nominated, elected, retained, discharged, changed, altered, and
replaced, as death or other occasions should require, outside the aforesaid Company
of Adventurers aforesaid by the votes of the majority of the council and adventurers
in their assembly, for that purpose."
,,V04-P0380-M01064-01073,Treasurer,TITLE_OR_ROLE,candidate,V04-P0380,1064,1073,"And, further, our same lord the King, by his
same letters patent, of his special grace, certain knowledge, and mere motion, for
himself, his heirs and successors, granted to the aforesaid Sir Thomas Smyth, Treas-
urer aforesaid, and the Company and their successors, that if it were to happen at
any time or any times that the Treasurer for the time being should be ill or have
any such cause of absence from the city of London as should be approved by the
council or the majority of the same assembled, so that he could not be present at the
businesses of the Company sforesaid, in any such case it would be lawful and would
have been lawful for such Treasurer for the time being to assign, constitute, and
appoint one of the council for the same Company, likewise to be approved by the
same council or the majority of the same assembled, to be Deputy of the Treasurer
or the same Company, which Deputy should have the power to do and execute every-
thing belonging to the aforesaid Treasurer during such time as such Treasurer either
should be ill or otherwise absent for a cause approved by the aforesaid council or a
majority of the same, as mentioned, so fully, wholly, and in such large and ample
manner and form, to all intents and purposes as the aforesaid Treasurer if he were
present would have been able to execute the same.

"
,,V04-P0380-M01389-01398,Treasurer,TITLE_OR_ROLE,candidate,V04-P0380,1389,1398,"And, further, our same lord the King, by his
same letters patent, of his special grace, certain knowledge, and mere motion, for
himself, his heirs and successors, granted to the aforesaid Sir Thomas Smyth, Treas-
urer aforesaid, and the Company and their successors, that if it were to happen at
any time or any times that the Treasurer for the time being should be ill or have
any such cause of absence from the city of London as should be approved by the
council or the majority of the same assembled, so that he could not be present at the
businesses of the Company sforesaid, in any such case it would be lawful and would
have been lawful for such Treasurer for the time being to assign, constitute, and
appoint one of the council for the same Company, likewise to be approved by the
same council or the majority of the same assembled, to be Deputy of the Treasurer
or the same Company, which Deputy should have the power to do and execute every-
thing belonging to the aforesaid Treasurer during such time as such Treasurer either
should be ill or otherwise absent for a cause approved by the aforesaid council or a
majority of the same, as mentioned, so fully, wholly, and in such large and ample
manner and form, to all intents and purposes as the aforesaid Treasurer if he were
present would have been able to execute the same.

"
,,V04-P0380-M01597-01606,Treasurer,TITLE_OR_ROLE,candidate,V04-P0380,1597,1606,"And, further, our same lord the King, by his
same letters patent, of his special grace, certain knowledge, and mere motion, for
himself, his heirs and successors, granted to the aforesaid Sir Thomas Smyth, Treas-
urer aforesaid, and the Company and their successors, that if it were to happen at
any time or any times that the Treasurer for the time being should be ill or have
any such cause of absence from the city of London as should be approved by the
council or the majority of the same assembled, so that he could not be present at the
businesses of the Company sforesaid, in any such case it would be lawful and would
have been lawful for such Treasurer for the time being to assign, constitute, and
appoint one of the council for the same Company, likewise to be approved by the
same council or the majority of the same assembled, to be Deputy of the Treasurer
or the same Company, which Deputy should have the power to do and execute every-
thing belonging to the aforesaid Treasurer during such time as such Treasurer either
should be ill or otherwise absent for a cause approved by the aforesaid council or a
majority of the same, as mentioned, so fully, wholly, and in such large and ample
manner and form, to all intents and purposes as the aforesaid Treasurer if he were
present would have been able to execute the same.

"
,,V04-P0380-M01756-01765,Treasurer,TITLE_OR_ROLE,candidate,V04-P0380,1756,1765,"And, further, our same lord the King, by his
same letters patent, of his special grace, certain knowledge, and mere motion, for
himself, his heirs and successors, granted to the aforesaid Sir Thomas Smyth, Treas-
urer aforesaid, and the Company and their successors, that if it were to happen at
any time or any times that the Treasurer for the time being should be ill or have
any such cause of absence from the city of London as should be approved by the
council or the majority of the same assembled, so that he could not be present at the
businesses of the Company sforesaid, in any such case it would be lawful and would
have been lawful for such Treasurer for the time being to assign, constitute, and
appoint one of the council for the same Company, likewise to be approved by the
same council or the majority of the same assembled, to be Deputy of the Treasurer
or the same Company, which Deputy should have the power to do and execute every-
thing belonging to the aforesaid Treasurer during such time as such Treasurer either
should be ill or otherwise absent for a cause approved by the aforesaid council or a
majority of the same, as mentioned, so fully, wholly, and in such large and ample
manner and form, to all intents and purposes as the aforesaid Treasurer if he were
present would have been able to execute the same.

"
,,V04-P0380-M02002-02011,Treasurer,TITLE_OR_ROLE,candidate,V04-P0380,2002,2011,"And, further, our same lord the King, by his
same letters patent, of his special grace, certain knowledge, and mere motion, for
himself, his heirs and successors, granted to the aforesaid Sir Thomas Smyth, Treas-
urer aforesaid, and the Company and their successors, that if it were to happen at
any time or any times that the Treasurer for the time being should be ill or have
any such cause of absence from the city of London as should be approved by the
council or the majority of the same assembled, so that he could not be present at the
businesses of the Company sforesaid, in any such case it would be lawful and would
have been lawful for such Treasurer for the time being to assign, constitute, and
appoint one of the council for the same Company, likewise to be approved by the
same council or the majority of the same assembled, to be Deputy of the Treasurer
or the same Company, which Deputy should have the power to do and execute every-
thing belonging to the aforesaid Treasurer during such time as such Treasurer either
should be ill or otherwise absent for a cause approved by the aforesaid council or a
majority of the same, as mentioned, so fully, wholly, and in such large and ample
manner and form, to all intents and purposes as the aforesaid Treasurer if he were
present would have been able to execute the same.

"
,,V04-P0381-M00524-00533,Treasurer,TITLE_OR_ROLE,candidate,V04-P0381,524,533,"NOVEMBER 4, 1623, TO MAY 24, 1624 373

of the terms of Suint Tilary, Easter, Holy Trinity, and Saint Michacl, forever, 9 great.
general and solemn assenthly, which four general assentblies shall be muied and ealled
the four great and general courts of the Couneil and Company of Adventurers for
Virginia, in which great and general courts all and singular so assembled our same
lord the King wished and it was pleasing to his Lightness and he eave tnd granted for
himself, his heirs and successors for ever to the aforesaid Treasurer and Company
and their successors by the same letters patent that they themselves aforesaid, the
Treasurer and Company or the creater number of them so assembled should have full
power and authority, from time fo time and at all times thenceforward in the future,
to notminate and appoint such officers as should seem to them suitable and necessary
for the ruling, government, ordering, and disposition of the businesses of the same
Company."
,,V04-P0381-M01197-01206,Treasurer,TITLE_OR_ROLE,candidate,V04-P0381,1197,1206,"And further our same lord the King, for himself, his heirs and successors,
by his same letters patent granted to the aforesaid Treasurer and Company and their
successors for ever that it should be lawful for the aforesaid Treasurer or his Deputy
for the time being or any two others of the aforesaid council for the aforesaid first
colony in Virginia for the time being, from time to time at all tumes for the future, to
administer such a formal oath as by their discretion should reasonably be devised,
both to any person or persons employed or to be employed, in, through, or touching
the aforesaid plantation for his or their honorable, faithful, and just discharge of their
service in all such matters as may be entrusted to him or them for the good and
benefit of the aforesaid Company, colony, and plantation, and to such person or
persons as the aforesaid Treasurer or his Deputy, with two others of the aforesaid
council, should consider suitable for the examination or manifestation of the truth
in any cause whatsoever cencerning the aforesaid plantation or any business arising
from it or belonging to it, as by the same letters patent last mentioned is among other
things fully set forth and apparent."
,,V04-P0381-M01838-01847,Treasurer,TITLE_OR_ROLE,candidate,V04-P0381,1838,1847,"And further our same lord the King, for himself, his heirs and successors,
by his same letters patent granted to the aforesaid Treasurer and Company and their
successors for ever that it should be lawful for the aforesaid Treasurer or his Deputy
for the time being or any two others of the aforesaid council for the aforesaid first
colony in Virginia for the time being, from time to time at all tumes for the future, to
administer such a formal oath as by their discretion should reasonably be devised,
both to any person or persons employed or to be employed, in, through, or touching
the aforesaid plantation for his or their honorable, faithful, and just discharge of their
service in all such matters as may be entrusted to him or them for the good and
benefit of the aforesaid Company, colony, and plantation, and to such person or
persons as the aforesaid Treasurer or his Deputy, with two others of the aforesaid
council, should consider suitable for the examination or manifestation of the truth
in any cause whatsoever cencerning the aforesaid plantation or any business arising
from it or belonging to it, as by the same letters patent last mentioned is among other
things fully set forth and apparent."
,,V04-P0381-M02682-02691,Treasurer,TITLE_OR_ROLE,candidate,V04-P0381,2682,2691,"w ere used and are used and
claim to have power and authority, as death or other occasions require, outside the
aforesaid Company of Adventurers by the votes of the majority of the aforesaid
council and adventurers in their assemblies for that reason to nominate, clect, retain,
discharge, or supply and appoint a Treasurer of the Company atore: id and likewise
upon the illness of the Treasurer or other such cause of his absence from the aforesaid
eity of London, as shall be approved by the aforesaid council or the majority of them
assembled, to assign, constitute, and appoint one of the aforesaid council for the
same Company, approved by the majority of the aforesaid council to be Deputy of
the Treasurer of the same Company.

"
,,V04-P0381-M03943-03952,Treasurer,TITLE_OR_ROLE,candidate,V04-P0381,3943,3952,"specified were used, claim, and are used to nominate and appoint such officers and
ministers of the same Company as seemed to them suitable and necessary for the
ruling and government, order and disposition of the businesses of the same Conipany,
and not otherwise nor in any other manner, and that upon any nomination and
appointment of this kind of any Treasurer of this kind or Deputy or other official or
munister the Treasurer of the Company aforesaid or his Deputy for the time being, or
two others of the council for the aforesaid first colony in Virginia for the time being,
through the whole time in the aforesaid information specified, shall acininister such
a formal oath as for their discretion was reasonably devised to such Treasurer or
Deputy Treasurer or other officer or minister so nominated and elected to be eniployed
in, for, or touching the aforesaid plantation for his or their honorable, faithful, and
just discharge of their service in all such matters as shall be comuitted to hin or them
"
,,V04-P0381-M03963-03972,Treasurer,TITLE_OR_ROLE,candidate,V04-P0381,3963,3972,"specified were used, claim, and are used to nominate and appoint such officers and
ministers of the same Company as seemed to them suitable and necessary for the
ruling and government, order and disposition of the businesses of the same Conipany,
and not otherwise nor in any other manner, and that upon any nomination and
appointment of this kind of any Treasurer of this kind or Deputy or other official or
munister the Treasurer of the Company aforesaid or his Deputy for the time being, or
two others of the council for the aforesaid first colony in Virginia for the time being,
through the whole time in the aforesaid information specified, shall acininister such
a formal oath as for their discretion was reasonably devised to such Treasurer or
Deputy Treasurer or other officer or minister so nominated and elected to be eniployed
in, for, or touching the aforesaid plantation for his or their honorable, faithful, and
just discharge of their service in all such matters as shall be comuitted to hin or them
"
,,V04-P0383-M03086-03095,Treasurer,TITLE_OR_ROLE,candidate,V04-P0383,3086,3095,"NOVEMBER 4, 1623, TO MAY 24, 1624 875

time to time and at all times thenceforward should be acquired, had, and obtained
there, for all kinds of services,

And further our same lord the King willed and it was pleasing to him that in all ques-
tions and doubts which should arise, or any diffieulty of construction or interpretation
of anything contained either in his same letters patent or in any of his former letters
patent, the same should be received and interpreted in the more ample and beneficial
manner for the aforesaid Treasurer and Company and their suecessors and any
member of them, although express mention of the true annual value or certitude of
the premises or anv of them or of any other gifts or grants made previously by our
lord the King himself or any of his progenitors or predecessors to the aforesaid Treas-
urer and Company was not made in the same letters patent, notwithstanding any
statute, act, ordinance, provision, proclamation, or restrietion to the contrary held,
made, ordained or provided, or any other cause or matter whatsoever, as by the
same letters patent among other things is fully clear and apparent; by virtue of which
letters patent last mentioned the aforesaid Treasurer and Company of the afor
first colony in Virginia were and still are seised of and in the lands, countries, and ter
tories aforesaid and other premises with appurtenances, granted to them and their
successors, as is shown by the same letters patent, in their demesne as of fee, and
farther the same Nicholas ffarrer {et @¢.] say that before the aforesaid time in the infor-
mation aforesaid above specified, to wit, on the twelfth day of March in the ninth
year of the reign of our said lord the King who now is of England, ete., our same
lord the Ning, by his aforesaid letters patent bearing date on the same twelfth day
of March in the aforesaid ninth year of his reign of England, ete., reciting that when,
at the humble petition of divers of his several beloved subjects, both adventurers anc
planters of the first colony in Virginia, both for the propagation of the Christian
religion and for leading a rude people fo civilisation and humanity, our same lord the
King by his letters patent bearing date at Westminster on the twenty-third day of P- a
May in the seventh year of his reign of England, France, and Ireland, and forty-second
of Scotland, had given and granted to them that they themselves and all such and
so many of the same beloved subjects of our same lord the King who from time to
time for ever should join them as planters or adventurers in the aforesaid plantation,
and their successors for ever should be a body politic incorporated by the name of
‘Treasurer nnd Company of Adventurers and Planters of the aforesaid City of Londou
for the First Colony im Virginia, and since also for the greater good and benefit of
the aforesaid company and for the better furtherance, strengthening, and estallish-
ment of the aforesaid plantation our same lord the King had further given, granted,
and confirmed by the same letters patent to the aforesaid Treasurer and Company
and their successors for ever all those lands, countries, and territories situated, lying,
and being in that part of America called Virginia from the point of land eaj ed Cape
or Point Comforte along the sea coast towards the north for two hundred miles and
frem the same point of Cape Comforte along the sea coast towards the south for two
hundred miles, and all that space and circumference of land lying from the sea coast
of the boundary aforesaid further into the country throughout, from sea to sea toward
the west, northwest, and also all the islands lying withm a hundred miles along the
sea const of each sea of ihe precinct aforesaid, with divers other grants, liberties,
franchises, pre-eminences, privileges, profits, benefits, and commodities granted in
and through the aforesaid letters patent of our same lord the King to the aforesaid
Treasurer and Company and their successors for ever, then our same lord the hing,
because it was given to his Highness to understand that in those seas, adjacent to the
aforesaid coasts of Virginia and outside the aferesaid space of uforesaid two hundred

"
,,V04-P0384-M00337-00346,Treasurer,TITLE_OR_ROLE,candidate,V04-P0384,337,346,"not
might be divers islands lyi

known and discovered by the

and other islands are imagin
all and singular of which it
policy of trade, to populate
the avoidance of danger anc
colony had humbly begged

RECORDS OF THE VIRGINIA COMPANY

1, by our said Jord the King to the aforesaid Treasurer
‘ar distant from the aforesaid colony in Virginia, were or
ng desolate and uninhabited, of which some were then
industry, travail, and expense of the aforesaid Company,
ed to be and to remain as yet unknown and undiscovered,
might import to the aforesaid colony, both in safety and
and plant, in respeet of which they themselves both for
for the better advantage and prosperity of the aforesaid
our same lord the King that our same lord the King

would deign to grant to them an enlargement of the aforesaid letters patent of our
same lord the King, both for the more ample extension of the boundaries and terri-
torics into the seas adjacent to and upon the coast of Virginia and for certain other
matters and articles concerning the better ruling of the aforesaid Company and colony,
in which the letters patent of our said lord the King were not of such extent as by time
and experience it was found would be necessary and convenient, our same lord the
King, therefore, undertaking the care of the good and happy success of the aforesaid
plantation both in regard to the general good of human society and in regard to the
status of our same lord the King and his kingdoms and wishing to encourage all good
means which might increase the benefit of the same Company and which might
secure and render safe the aforesaid beloved subjects of our same lord the King
planted in his aforesaid colony under the favor and protection of Almighty God and
the royal power and authority, had of the special grace, certain knowledge, and mere
mation of our same lord the King, given, granted, and confirmed, and for himself, his
heirs and successors, by the same letters patent then present, gave, granted and con-
firmed to the aforesaid Treasurer and Company of Adventurers and Planters of the
aforesaid City of London for the First Colony in Virginia and their heirs and successors
for ever all and singular those islands whatsoever situated and being on any part of
the ocean bordering on the coast of the aforesaid ftrst colony in Virginia and being
within three hundred leagues of anyparts of the country formerly granted to the
aforesaid Treasurer and Company in the aforesaid former letters patent, as mentioned,
and being within or between the forty-first and thirtieth degrees of northern latitude,
together with all and singular the soil, ground, land, harbors, rivers, waters, fisheries,
mines and minerals, pearls, precious stones, quarries, and all and singular commodi-
ties, jurisdictions, regalities, privileves, franchises, and pre-eminences both being and

situated in the aforesaid trac
islands and seas adjacent wl
by sea and by land, and whic!
eranted, both in so ample a
his most noble progenitors

any society, body politic, o.
upon themselves any discove

¢ of land upon the mainland, and in any of the aforesaid
1atsoever, and near to the same and around them both
i by his letters patent our sume lord the King could have
manner xod form as our same lord the King or any of
might before have granted to any person or persons or
r corporate, or any adventurer or adventurers taking
ries, plantations, or commerce of, in, or at any countries

remote and foreign whatsoever, and in so large and ample a manner as if the same in

the same letters patent had
provided always that the afo
mentioned or by the same le

been actually possessed or int

be within the metes, bounds

been particularly named, mentioned, and expressed,
resaid islands or any of the premises in the same letters
tters patent proposed xnd meant to be granted had not
nabited by any other Christian prince or state nor should
_ or northern territories of the colony formerly granted

by our lord the King himse!
"
,,V04-P0385-M02424-02433,Treasurer,TITLE_OR_ROLE,candidate,V04-P0385,2424,2433,"And, further, our same lord the King by the same letters patent ratified and confirmed
to the aforesaid Treasurer and Company and their successors all and all manner of
privileges, franchises, liberties, immunities, profits, and commodities whatsoever
granted in any former letters patent of our same lord the King and not, in the same
present letters patent, recalled, altered, changed, or diminished, although express
mention of the true annual value or certitude of tle premises or any of them or of any
other gift or grant formerly made by our lord the Wing biiaself or sny of his progenitors
or predecessors to the aforesaid Treasurer and Company was not made in the same
letters patent, any statute, act, ordinance, provision, proclamation, or restriction to
the contrary thereof formerly held, made, ordained, or provided, or any other matter,
cause, or thing whatsoever to the contrary thereof in any manner notwithstanding,
as by the same letters patent among other things is more fully made clear and apparent;
by virtue of which letters patent last mentioned the aforesaid Treasurer and Company
of"
,,V04-P0385-M03390-03399,Treasurer,TITLE_OR_ROLE,candidate,V04-P0385,3390,3399,"[ef a/.] say that the aforesatd islands specified
in the aforesaid letters patent last mentioned, and, by the aforesaid letters patent
last mentioned, mentioned to be granted or proposed to be granted to the aforesaid
Treasurer and Company by our aforesaid lord the King who now is, or any of them, or
the aforesaid soil, grounds, lands, harbors, rivers, waters, fisheries, mines, and
minerals likewise in the same letters specified, or any part or parcel thereof or any
other of the premises mentioned in the same letters patent and by the same letters
patent mentioned to be granted or proposed to be granted by our samme lord the
King who now is to the aforesaid Treasurer and Coimpany, were not at the time
of the completion of the same letters patent actually possessed or inhabited by any
other Christian prince or state, nor were within the limits and territories of the north-
ern colony aforesaid granted by our lord the King himself to be planted by divers
beloved subjects of our said lord the King in the northern parts of Virginia, with
this, that the same Nicholas flarrer [et ad.] wish to verify that our aforesaid lord the
King at the time of the completion of the aforesaid letters patent last mentioned

p.

2
2
"
,,V04-P0386-M02709-02718,Treasurer,TITLE_OR_ROLE,candidate,V04-P0386,2709,2718,"[ef af.] say that before the aforesaid time in the
information aforesaid above specified, to wit, on the twenty-third day of May in
the aforesaid seventh year of the reign of our said lord the King who now is of England,
ete., our same lord the King who now is, by his aforesaid letters patent bearing date
at Westminster aforesaid on the same twenty-third day of May in the aforesaid
seventh year of this reign, ordained and established that the Treasurer of the Company
aforesaid and the couneil of that Company residing in England and their suceessors
or any four of them assembled, the Treasurer being one of them, from time to time
should have full power and authority to admit and receive any other persons into
their Company, corporation, and liberty, And further in the general assembly of
adventurers with the consent of the majority upon reasonable cause to disfranchise
and remove any person or persons from the aforesaid liberty and Company.

"
,,V04-P0387-M00675-00684,Treasurer,TITLE_OR_ROLE,candidate,V04-P0387,675,684,"[et al.] say that before the aforesaid time
specified above in the aforesaid information, to wit, on the aforesaid twelfth day of
March in the aforesaid nimth year of the reign of our said lord the King who now is of
England, ete., our same lord the King who now is, by his aforesaid letters patent
bearing date at Westiunster on the saine twelfth day of March in the aforesaid ninth
year of his reign of England, ete., ordered and granted that the aforesaid Treasurer
and Company of Adventurers and Planters aforesaid once every week or oftener st
their pleasure should hold and keep a court and assembly for the better ruling and
governing of the aforesaid plantation and of such things as showd touch the same, and
that any five persons of the council of our said lord the King for the aforesaid first
colony in Virginia for the time being, of which number the Treasurer or his Deputy
should always be one, and a number of fifteen others at least of the generality of the
same Company together assembled in such court or assembly in such manner as
formerly was used and accustomed, should be named, received, and reputed to be,
and should be, a sufficient court of the same Company for the handling, ordering, and
expedition of all such contingent and particular, occurring and accidental, matters of
smaller consequence and moment as should from time to time happen touching and
concerning the aforesaid plantation; and moreover for the handling, ordering, and
disposition of matters and businesses of greater weight and importance and such."
,,V04-P0387-M01080-01089,Treasurer,TITLE_OR_ROLE,candidate,V04-P0387,1080,1089,"[et al.] say that before the aforesaid time
specified above in the aforesaid information, to wit, on the aforesaid twelfth day of
March in the aforesaid nimth year of the reign of our said lord the King who now is of
England, ete., our same lord the King who now is, by his aforesaid letters patent
bearing date at Westiunster on the saine twelfth day of March in the aforesaid ninth
year of his reign of England, ete., ordered and granted that the aforesaid Treasurer
and Company of Adventurers and Planters aforesaid once every week or oftener st
their pleasure should hold and keep a court and assembly for the better ruling and
governing of the aforesaid plantation and of such things as showd touch the same, and
that any five persons of the council of our said lord the King for the aforesaid first
colony in Virginia for the time being, of which number the Treasurer or his Deputy
should always be one, and a number of fifteen others at least of the generality of the
same Company together assembled in such court or assembly in such manner as
formerly was used and accustomed, should be named, received, and reputed to be,
and should be, a sufficient court of the same Company for the handling, ordering, and
expedition of all such contingent and particular, occurring and accidental, matters of
smaller consequence and moment as should from time to time happen touching and
concerning the aforesaid plantation; and moreover for the handling, ordering, and
disposition of matters and businesses of greater weight and importance and such."
,,V04-P0387-M02569-02578,Treasurer,TITLE_OR_ROLE,candidate,V04-P0387,2569,2578,"And further our same lord the King, by the same letters patent, for himself, his heirs
and successors, gave and granted to the Treasurer and Company aforesaid and their
suecessors for ever that the aforesaid Treasurer and Company themselves or the
majority of them for the time being in full and general court assembled, as mentioned,
from time to time and at all times for ever thenceforth continuously should elect,
receive, and adimit into their Conipany any person or persons, as well foreigners anc
strangers born in any place across the sea wheresoever being in amity with our same
lord the King as natives and lieges and subjects of our same Jord the King born in
any of his kingdoms and dominions, and that any such persons thus elected, received,
and admitted of the same Company, as is shown, should henceforth be received, re-
puted, and held to be, and should be, free members of the aforesaid Company and
should have, hold, and enjoy all and singular the liberties, franchises, privileges,
immunities, benefits, profits, and commodities whatsoever in any way belonging or
pertaining to the aforesaid Company, as fully, freely, and amply as any other of the
adventurers or any other adventurers, then being, or who thenceforward in the future
at any time should be of the aforesaid Company, held or ought and could hold, anc
they should enjoy the same to all mtents and purposes whatsoever, as by the same
letiers patent among other things is fully made clear and apparent.

"
,,V04-P0388-M03240-03249,Treasurer,TITLE_OR_ROLE,candidate,V04-P0388,3240,3249,"And as to the following liberties, privileges, and franchises, namely, that the same
Nicholas ffarrer [ef a/.] have and hold both within the city of London aforesaid and
elsewhere within this realm of England and also in the parts across the sea in Vir-
ginie aforesaid certain council houses and in the same houses, whensoever it shall seem
to them to be expedient, have and hold a court, assemblies, or convocutions of several
and divers men of the same company as many as it shall please them, and in the same
courts, assemblies, and convocations at their own proper pleasure ordain, make, and
constitute divers statutes, laws, and constitutions and imprison all persons both of
the Company aforesaid and other persons not being of the same Company who shall
not obey these statutes, ordinances, laws, and constitutions, and tax and impose
fines and amercements upon them for that reason, and levy and convert these (o their
own proper uses, and impose and inflict any other pains, penalties, and punishments
whatsoever at their own proper pleasure upon the same persons, the same Nicholas
ffarver [et al.] say that before the aforesaid time in the information aforesaid aboye
speeitied, to wit, on the aforesaid twelfth day of March in the aforesaid ninth year of
the reign of our said lord the King who now is of England, ete., our same lord the
King, by his aforesaid letters patent bearing date at Westminster on the same twelfth
day of March in the aforesatd ninth year of his reign of Eneland, ordained and granted
io the aforesaid Treasurer and Company that the same Treasurer and Company of
Adventurers and Planters aforesaid once a week or oftener at their will should hold
and have courts and assemblies for the better ordering and ruling of the aforesaid
plantation and such things as should concern the same, and that five persons of the
council of our said lord the King for the aforesaid first colony in Virginia for the time
being, of which number the Treasurer or his Deputy should always be one, and the
ninuber of difteen others at least of the cenerality ef the aforesaid Company together
assembled in such court or assembly in such manner as formerly they were used and
accustomed should be said, received, held, and reputed to be and should be a sufficient
court of the aforesaid Company for the handling, ordering, and expedition of all such
casual and particular occurrences and accidental matters, of less consequence and
weicht, as from time to time should happen touching and concerning the aforesaid
plantation, And that, nevertheless, for the handling, ordering, and disposition of
matters and businesses of greater weight and importance and of such as in any way
should touch the commonwealth and general good of the aforesaid Company and

"
,,V04-P0389-M00781-00790,Treasurer,TITLE_OR_ROLE,candidate,V04-P0389,781,790,"NOVEMBER 4, 1623, TO MAY 24, 1624 381

plantation, as, the manner of governing from time to time to be used, the order and
disposition and possession and setfling and establishment of commerce there or of
such like, there should be held and had every year on the last Wednesday of the terms
of Saint Hilary, Easter, Holy Trinity, and Saint Michael for ever a greal veneral
and solemn assembly, which four several assemblies shall be styled and called the
our great and general courts of the council and Company of Adventures for Virginia,
in all and singular of which aforesaid great general courts thus assembled the mind
and will of our lord the King himself were, and our same lord the King for himeelf,
his heirs and Jhis successors for ever, gave und granted to the aforesaid Treasurer aud
Company and their suecessors for ever by the same letters patent that the ‘Treasurer
and Company themselves or the majority of them so assembled should have full
ower and authority from time to time and for all times then for ever to ordain and
make such laws and ordinances for the good and welfare of the aforesaid plantation
as from time to time should be considered by them to be necessary and suitable,
provided that these laws and ordinances should not be contrary to the laws and
statutes of the realm of our said lord the King of Eneland, as by the aforesaid letters
patent among other things is fully made clear and apparent."
,,V04-P0391-M01441-01450,Treasurer,TITLE_OR_ROLE,candidate,V04-P0391,1441,1450,"And further our same lord ihe hing, of his
special grace, certain knowledge and mere motion, for himself, his heirs and his sue-
cessors, granted by the same letters patent to the aforesaid Treasurer aud Company
and their successors that it should be lawful and free to them aud their assigns for all
and any time and times thenceforth in the future to export and conduct outside the
realm of our lord the King of England himself und ouiside all other dominions of our
Jord the King himself in that voyage and for and towards the aforesaid plantation
and transportation towards these parts and dwelling and habitation there in the
aforesaid colony and plantation all such and so many of the beloved subjects of our
ford the King or any others, strangers, who should wish to become beloved subjects
of our same lord the King and should wish to live under the allegiance of our same lord
the Iking, as should willingly associate with then in the same voyage and plantation
with sulheient shipping, arms, weapons, ordnance, munitions, powder and shot,
victuals and such merchandize or goods, as would be esleemed by the rude and fierce
people in thuse parts, clothing, iuplements, furniture, cattle, horses and mares and
all other things necessary for the aforesaid plantation and their use and defence and
commerce with the people there and in the crossing to that country and from the same
country, without rendering and payment of subsidy, custom, imposition, or any other
taxution or duty, tv our same lord the Ising, his leirs and successors, for the space of
seven years from the date of the same letters patent, provided that none of the same
persons be such as henceforth in the future should be restricted by special name by
our said lord the King, his heirs or successors.

"
,,V04-P0392-M03419-03428,Treasurer,TITLE_OR_ROLE,candidate,V04-P0392,3419,3428,"[eé al.) say that before the aforesaid time
specified in the aforesaid information, to wit, on the aforesaid twelfth day of March
in the aforesaid ninth year of the reign of our said lord the King who now is of England,
ete., our same lord the King by his aforesaid letters patent bearing date at ‘West:
minster on the same twelfth day of March in the aforesaid ninth year of his reign of
Bnekiid, ete, of his special grace, certain knowledge and mere motion, for himself, his
heirs and his successors, gave and granted to the aforesaid Treasurer and Company
ors for ever by the same letters patent that it should be lawful and
free for themselves and their assigns, at all and every time and times thenceforth in
the future, outside any of the realms and Dominions of our lord the King himself
whatsoever, to take, lead, carry, and transport on the voyage aforesaid and through
and towards the aforesaid plantation of the aforesaid first colony of our lord the
King himself in Virginia, all such and as many of the beloved subjects of our lord
the King himself, or any other strangers, who should wish to become beloved sub-
jects of our lord tlie King fimself and should wish to live wader the allegiance of our

"
,,V04-P0395-M01784-01793,Treasurer,TITLE_OR_ROLE,candidate,V04-P0395,1784,1793,"upon all goods and mer-
chandise by a person or persons of this kind, being foreign and not under the obedience
of our lord the King himself, imported or exported to that country or from that
country, bevond such subsidy and custom as the aforesaid Treasurer and Company
then ought to pay, and not otherwise nor in any other manner nor of any persons of
the Company aforesaid, and also they claim to have power and authority for the
time aforesaid specified in the information aforesaict to imprison all persons of this
kind thus trading there (not being of the aforesaid Company nor so allowed, as is
shown) who respectively should refuse to pay or neglect or not agree to pay the afore-
said sums of money to the hands of the treasurer or any other olfieer deputed by the
governor in Virginia, and to take, seize, and retain the ships and merchandise and
other things aforesaid until they should he satistied of the aforesaid severn!"
,,V04-P0396-M00847-00856,Treasurer,TITLE_OR_ROLE,candidate,V04-P0396,847,856,"388 RECORDS OF THE VIRGINIA COMPANY

And as to having and claiming the following liberties, privileges, and franchises,
namely, to have power and authority to swear and to examine upon oath whatsoever
persons they please in anv cause whatsoever touching or concerning the plantation
aforesaid, or any business whatsoever pertaining to the same plantation, the same
Nicholas ffurrer [ct af] say that before the aforesaid time specified above in the infor-
mation aforesaid, to wit, on the aforesaid twelfth day of March in the aforesaid ninth
year of the reign of our said lord the King who now is of England, ete., our same
lord the King by his aforesaid letters patent given at Westminster on the same
twelfth day of March in the aforesaid ninth year of his reign of England, ete., for
himself, his heirs and successors, granted to the aforesaid Treasurer and Company
and their successors that it should be lawful for the aforesaid Treasurer or his Deputy
for the time being, or any two others of the council of our same lord the King for the
aforesaid first colony in Virginia for the time being, from time to time and for all
times then in the future to admunister such a formal oath as by their discretion should
reasonably be devised, both to any person or persons emploved or to be employed
in, for, or touching the aforesaid plantation for their honest, faithful, and just dis-
charge of their service in all such matters as should be entrusted to them for the good
and benefit of the aforesaid Company, colony, and plantation, and such other person
or persons as the aforesaid Treasurer or his Deputy with two others of the aforesaid
council should consider suitable for the examination or manifestation of the truth
in any cause whatsoever concerning the aforesaid plantation or any business arising
from it or belonging to it as by the same letters patent among other things is fully
elear and app rent."
,,V04-P0396-M00933-00942,Treasurer,TITLE_OR_ROLE,candidate,V04-P0396,933,942,"388 RECORDS OF THE VIRGINIA COMPANY

And as to having and claiming the following liberties, privileges, and franchises,
namely, to have power and authority to swear and to examine upon oath whatsoever
persons they please in anv cause whatsoever touching or concerning the plantation
aforesaid, or any business whatsoever pertaining to the same plantation, the same
Nicholas ffurrer [ct af] say that before the aforesaid time specified above in the infor-
mation aforesaid, to wit, on the aforesaid twelfth day of March in the aforesaid ninth
year of the reign of our said lord the King who now is of England, ete., our same
lord the King by his aforesaid letters patent given at Westminster on the same
twelfth day of March in the aforesaid ninth year of his reign of England, ete., for
himself, his heirs and successors, granted to the aforesaid Treasurer and Company
and their successors that it should be lawful for the aforesaid Treasurer or his Deputy
for the time being, or any two others of the council of our same lord the King for the
aforesaid first colony in Virginia for the time being, from time to time and for all
times then in the future to admunister such a formal oath as by their discretion should
reasonably be devised, both to any person or persons emploved or to be employed
in, for, or touching the aforesaid plantation for their honest, faithful, and just dis-
charge of their service in all such matters as should be entrusted to them for the good
and benefit of the aforesaid Company, colony, and plantation, and such other person
or persons as the aforesaid Treasurer or his Deputy with two others of the aforesaid
council should consider suitable for the examination or manifestation of the truth
in any cause whatsoever concerning the aforesaid plantation or any business arising
from it or belonging to it as by the same letters patent among other things is fully
elear and app rent."
,,V04-P0396-M01585-01594,Treasurer,TITLE_OR_ROLE,candidate,V04-P0396,1585,1594,"388 RECORDS OF THE VIRGINIA COMPANY

And as to having and claiming the following liberties, privileges, and franchises,
namely, to have power and authority to swear and to examine upon oath whatsoever
persons they please in anv cause whatsoever touching or concerning the plantation
aforesaid, or any business whatsoever pertaining to the same plantation, the same
Nicholas ffurrer [ct af] say that before the aforesaid time specified above in the infor-
mation aforesaid, to wit, on the aforesaid twelfth day of March in the aforesaid ninth
year of the reign of our said lord the King who now is of England, ete., our same
lord the King by his aforesaid letters patent given at Westminster on the same
twelfth day of March in the aforesaid ninth year of his reign of England, ete., for
himself, his heirs and successors, granted to the aforesaid Treasurer and Company
and their successors that it should be lawful for the aforesaid Treasurer or his Deputy
for the time being, or any two others of the council of our same lord the King for the
aforesaid first colony in Virginia for the time being, from time to time and for all
times then in the future to admunister such a formal oath as by their discretion should
reasonably be devised, both to any person or persons emploved or to be employed
in, for, or touching the aforesaid plantation for their honest, faithful, and just dis-
charge of their service in all such matters as should be entrusted to them for the good
and benefit of the aforesaid Company, colony, and plantation, and such other person
or persons as the aforesaid Treasurer or his Deputy with two others of the aforesaid
council should consider suitable for the examination or manifestation of the truth
in any cause whatsoever concerning the aforesaid plantation or any business arising
from it or belonging to it as by the same letters patent among other things is fully
elear and app rent."
,,V04-P0396-M02164-02173,Treasurer,TITLE_OR_ROLE,candidate,V04-P0396,2164,2173,"And by that warrant the same Nicholas ffarrer [ef ald, through
the whole time specified above in the information aforesaid, used and still use and
claim to have and use power and authority to swear and examine upon oath such
persons as the aforesaid Treasurer or his Deputy with two others of the aforesaid
council have deemed suitable for the examination or manifestation of the truth in
any cause whatsoever touching or concerning the aforesaid plantation or any business
pertaining to the same plantation, and not otherwise nor in any other manner, as was
and is lawful to them by virtue of the letters patent aforesaid, without this that the
same Nicholas flarrer [eé al.], for the time aforesaid specified ahove in the information
aforesaid have usurped over our suid lord the King who now is the liberties, privileges,
and franchises aforesaid or any of them above specified in that plea and by themselves
in the manner and form aforesaid claimed, or still usurp in the manner and form as is
supposed above by the information aforesaid:"
,,V04-P0397-M01146-01155,Treasurer,TITLE_OR_ROLE,candidate,V04-P0397,1146,1155,"[ef af], for anything
alleged in the pleading above by the said Nicholas flarver [«¢ af], because lie says thitt
the plea xforesaid pleaded by them in the form aforesaid above, as to having and
claiming the liberties, privileges, and franchises aforesaid ebove mentioned and here-
after recited, namely, that the same free men and adventurers and planters of the
city of London for the first colony in Virginia be incorporated by name of the Treasurer
and Company of Adventurers and Planters of the City of London for the First
Colony in Virginia, and by that name to plead and be inipleaded in all courts and
places whatsoever and before any judges whatsoever, any justices or any other
persons whatsoever, both in all and singular actions, suits, and pleas and in all and
singular other causes, businesses, matters, and demands whatsnever, of whatsoever
kind, nature, or species they may be, and by that name be persons able and in law
capable of acquiring, holding, reeeiving, taking, and possesing to themselves and their
successors both of our said lord the King and of any other persons or badies corporate
any demesnes, manors, lands, tenements, rents, reversions, reventions, services,
possessions, hereditaments, goods and chattels, licences, liberties, franchises, profits,
commodities whatsoever to them by the aforesaid name or to otlier persons or to
any other person for their use given, made, held, granted, or confirmed, and by the
same name that they give, grant, admit, let, dispose, assign, and alienate any of their
goods, chattels, lands, tenements and hereditaments to any person whatsoever or any
persons whatsoever at their pleasure, and the matter in the same p contained are
Insufficient in law to preelade our lord the King himself from hts information aforesaid
as to these liberties, privileges and franchises, Wherefore, for default of sufficient
response of the same Nicholas flarrer fet ¢/.], in this canse he seeks judgment, wad Chat
the same Nicholas ffarrer"
,,V04-P0406-M01389-01397,Councell,ORG_OR_COMMITTEE,candidate,V04-P0406,1389,1397,"WARRANT CONCERNING SUNDRY
Prririons

NovemBer 7, 1623

C. 0. 7, Vol. II, No. 49
Document in Public Record Office, London
List of Records No. 586

The right honorable the Lordes of his Mat® privie Councell, havinge
referre{d] sondrye petycons to vs coneerninge Virginia, for examynacon
whereof wee shall haue necexsarye vee of the wrytinges that remayne in a
trunke locked vpp vnder the custodye of some one of the Clerkes of the
Couneell, Wee therefore desyre the nowe Clerke of the Councell waytinge
that the saide trunke and key thereof may be Delivered to this hester
eur messenger attendinge §vs§ for this busynes, to the ende wee may
returne aunswere of the saide peticons to there honorable Lop‘

Nouembris 1623
"
,,V04-P0406-M01676-01684,Councell,ORG_OR_COMMITTEE,candidate,V04-P0406,1676,1684,"WARRANT CONCERNING SUNDRY
Prririons

NovemBer 7, 1623

C. 0. 7, Vol. II, No. 49
Document in Public Record Office, London
List of Records No. 586

The right honorable the Lordes of his Mat® privie Councell, havinge
referre{d] sondrye petycons to vs coneerninge Virginia, for examynacon
whereof wee shall haue necexsarye vee of the wrytinges that remayne in a
trunke locked vpp vnder the custodye of some one of the Clerkes of the
Couneell, Wee therefore desyre the nowe Clerke of the Councell waytinge
that the saide trunke and key thereof may be Delivered to this hester
eur messenger attendinge §vs§ for this busynes, to the ende wee may
returne aunswere of the saide peticons to there honorable Lop‘

Nouembris 1623
"
,,V04-P0407-M01527-01535,Counsell,ORG_OR_COMMITTEE,candidate,V04-P0407,1527,1535,"Whereas

The great Seale the necessitie of the time requireth my absence, for the
afixed, setling of trade w'® some of the neighbouring Savadges in

the Bay; and other important occaéons, to the end that

there be no stopp of any buisinces, w‘ cannot attend my returne; Know yee
that IS"" Francis Wyatt Kk“: Governo’, and Cay* gencrall of Virginia, de giue
& grant full power and absolute authoritie to Cap’ Francis West, 8° George
Yeurdley Kt, George Sandis Esquire Treasuror of Virginia, Chr: Davison
Secretary, Docto’ John Pott, Capt Roger Sith, m’™ John Pountis Vice
Admirall, Counsello™ of State in Virginia, or any three of them (whereof
s' George Yeardley or m’ Treasuror to be one) to Signe Passes, and war-
rant€ of what kind soeu’; to grant letters of Administration; to mak
Probate of Wille and Testament¢; to determine controversies betwixt partic
and partie; to see due execution of all Proclamation@ and Warrant for-
merly made and graunted; and in all cases of misdemeano’ or otherwise,
to inflict yvppon such persons as shalbe found delinquent, all such accus-
tomed punishment or punishm* (life only exepted) as the lawes of England,
and the instrueéons Giuen vs by the Counsell of Virginia in England do
preseribe and require (w' due respect notw“ standing to the person and
quality of the delinquent): As also to open Letters, direeted to the Gov-
erno’ and Counsell, and make dispatches if oceaéon shalbe; And generally
to dispateh all affaires of State, and buissinesses of the Countric, as elfec-
tually to all intent@ and purposes, as if I my self were qsent: Strictly
chargeing and requiring all persons, of what condi¢on or qualitie socver,
now residing, or w® hereafter shall ariue win this Colony, to yeild ready
obedienee, and to be aiding & assisting to them in all things, as they will

"
,,V04-P0407-M01717-01725,Counsell,ORG_OR_COMMITTEE,candidate,V04-P0407,1717,1725,"Whereas

The great Seale the necessitie of the time requireth my absence, for the
afixed, setling of trade w'® some of the neighbouring Savadges in

the Bay; and other important occaéons, to the end that

there be no stopp of any buisinces, w‘ cannot attend my returne; Know yee
that IS"" Francis Wyatt Kk“: Governo’, and Cay* gencrall of Virginia, de giue
& grant full power and absolute authoritie to Cap’ Francis West, 8° George
Yeurdley Kt, George Sandis Esquire Treasuror of Virginia, Chr: Davison
Secretary, Docto’ John Pott, Capt Roger Sith, m’™ John Pountis Vice
Admirall, Counsello™ of State in Virginia, or any three of them (whereof
s' George Yeardley or m’ Treasuror to be one) to Signe Passes, and war-
rant€ of what kind soeu’; to grant letters of Administration; to mak
Probate of Wille and Testament¢; to determine controversies betwixt partic
and partie; to see due execution of all Proclamation@ and Warrant for-
merly made and graunted; and in all cases of misdemeano’ or otherwise,
to inflict yvppon such persons as shalbe found delinquent, all such accus-
tomed punishment or punishm* (life only exepted) as the lawes of England,
and the instrueéons Giuen vs by the Counsell of Virginia in England do
preseribe and require (w' due respect notw“ standing to the person and
quality of the delinquent): As also to open Letters, direeted to the Gov-
erno’ and Counsell, and make dispatches if oceaéon shalbe; And generally
to dispateh all affaires of State, and buissinesses of the Countric, as elfec-
tually to all intent@ and purposes, as if I my self were qsent: Strictly
chargeing and requiring all persons, of what condi¢on or qualitie socver,
now residing, or w® hereafter shall ariue win this Colony, to yeild ready
obedienee, and to be aiding & assisting to them in all things, as they will

"
,,V04-P0409-M00394-00402,Counsell,ORG_OR_COMMITTEE,candidate,V04-P0409,394,402,"By the Governo' and Capt generall of Virginia

Whereas it was Ordered by the Governo’ and Counsell of State that every
20 man throughout the Colony, should be levied and sent to tho Fort
w'' six months provision of victuall &e, as also that the other nyncieen,
should be equaly contributing to the charge."
,,V04-P0409-M01488-01496,Counsell,ORG_OR_COMMITTEE,candidate,V04-P0409,1488,1496,"Whereas it is ordered by the Governo’ and Counsell that there should he
levied through the Corporation of James Cittie ten pound of Tohacco and
one bushell of Corne for every planter and tradesman abuuc the age of
sixteene yeares aliue at the Cropp (of w*' levy only 1500 waight of Tolccu
"
,,V04-P0410-M01837-01845,Counsell,ORG_OR_COMMITTEE,candidate,V04-P0410,1837,1845,"pound of Tobaceo for his Salary for lwo yeares: These are there-
fore to require and Comiand John Chew of James Cite Marchaunt Gvho
hath the managing of all the butsines of the said Robert Benet) to sattisfie
and pay vnto the said m* Wiltm Benet the said sume of 1533!; 4 of Tobacco
vppon sight hereof, or appeare before me, and the Counsell of State, to
shew cause to the contrary."
,,V04-P0411-M01011-01019,Counsell,ORG_OR_COMMITTEE,candidate,V04-P0411,1011,1019,"That

In the meane time the vnited bodics of the said Companies may stand
right in yo"" Ma"" judgement, and not be equally waighed wth the Oppug-
ners, who appeare not to be pes aboue 26 psons, and such as haue con-
tributed little either by purse or Counsell to that great Plantation.

"
,,V04-P0412-M00392-00400,Counsell,ORG_OR_COMMITTEE,candidate,V04-P0412,392,400,"A WARRANT GRANTED TO RICHARD
Boiron

NovemsBer 21, 1623

Manuscript Records Virginia Company, III, pt. ii, p. 53
Document in Library of Congress, Washington, D. C.
List of Records No. 595

A warrant graunted to m' Bolton for his meanes
By the Governo’ and Capt generall of Virginia

Whereas it is ordered by the Governo’ and Counsell that mt Bolton min-
isier should receiue for his Salarie for this yeare throughout all the Plan-
tutions at y° Bastern Shore 10"" of Tobacco and one bushell of Corne, for
every Planter and Tradesman aboue the age of sixteene yeares aliue at the
Cropp."
,,V04-P0435-M01300-01309,Treasurer,TITLE_OR_ROLE,candidate,V04-P0435,1300,1309,"Thease covenauntes must Lee
acknowledged and sealed heare before the Treasurer and his depulie and
foure councellers, and then they must stand as a statute to binde and
make lyable all the goodes and persons of any personall adventurers in the
sayde colonies, the arest of them or their goodes to bee made either heare
or theare."
,,V04-P0435-M02465-02473,Councell,ORG_OR_COMMITTEE,candidate,V04-P0435,2465,2473,"Moreover because where the busienesse of the commonwealth is left to
manye, there everie one puttcing it of [off] nocthing is donne, therefore
our Councell in England nominateing 9 persons (whome they shall thinke
meete) to us, wee will make choice of 3 of those 9 to bee principal!"
,,V04-P0447-M01795-01803,Councell,ORG_OR_COMMITTEE,candidate,V04-P0447,1795,1803,"So Licurgus although his pollicie was Ariste-
eratieale §call§ Aristocraticall, so iust, as for it he was (of the Oracle)
tearmed beloued of the Godeé, yet notwithstandinge he being necessitated
to set vp his Gou9ment by Conspiracie, and force he was likewise Compelled
to Choose all his first Councell out of the Conspirators; by this rule of
necessitic Romulus (as Livie saith imitating other founders of Cofiion
Wealthes) to draw people to his new built Cittie, erected an Assilum, or
Sanctuary for Outlawes, men indebted, and discontented psons."
,,V04-P0448-M00785-00793,Councell,ORG_OR_COMMITTEE,candidate,V04-P0448,785,793,"440 RECORDS OF THE VIRGINIA COMPANY

tolerable and fitt, but that theis delinquenté secing their leaudnes like to
be diseouered, should meet the storme in the ferce, and to avoid the
obloquie of their offences should be suffred to Compound vnder hand, and
vnder a Colo of their loue to the Plantaéon, and a desire to see the man-
nageing of it, by Cancealing their Wronge done, should thrust all the dis-
grace from themsclues vypon others, it being a most sure rule that nothing
makes a State more florish then a due administraéon of reward@ and
punnishm, this must need@ be by the rule of state intellerable, and the
more iptollerable be because the State at this tyme both here and in
Virginia, long@ for examples in this kind, The limitaGon of the soucraigne
faculties amongst the Councell, and Magistrates in Virginia, wholy Con-
sisting in the severe punnishment of all incroachment vpon soucraigne
power, further then the forme giveth leaue, they therefore that shall robb
the Cofionwealth of this example shall robb it of it seHe life!"
,,V04-P0449-M01165-01173,Counsell,ORG_OR_COMMITTEE,candidate,V04-P0449,1165,1173,"AN ORDER
DecemBer 8, 1623

Manuscript Records Virginia Company, III, pt. ii, p. 53a
Document in Library of Congress, Washington, D, C.
List of Records No. 603

By the Counsell of state in Virginia.

"
,,V04-P0451-M01354-01362,Counsell,ORG_OR_COMMITTEE,candidate,V04-P0451,1354,1362,"List of Records No. 606

After our hartie Comendaéons, Wheras Captaine John Marttin Esquire,
being a Planter in Virginia, hath bene Detayned a good space here, by
reason of Div™ Controverses, w haue Risen concerning the PluntuGou of
Virginia, wherin (as wee Conc¢eaue) hee hath behaued himself honestly
& Disereetly, ffor as much therfore, as hee is now retourneing backe againe
w"" soine of his Servants, and many others, that would plant & ioyne, wt?
him, and begine a gaine to settle himself and them, vppon his Ruinated
Plantaéon, wee haue thought good for his better incouragement, to vecon-
pany him w these our letters vnto you the Gouerner and Counsell their.
"
,,V04-P0452-M00399-00407,Counsell,ORG_OR_COMMITTEE,candidate,V04-P0452,399,407,"[all the xix"" of December 1623

Yor Loving frind¢
GCant: Jo Lincotn MippELsex MANDEVILLE
Ricumonp LENNox PENBRAK
CARLILE Cu: GRANDISON
ARTHUR CHICHESTER
Geo: CaLvert

Ricnh WEsTon JUL: CSAR

Wii: Brecupr

To o loving frind@ S* francis Wyatt kt gou"" and to the rest of y° Counsell
of Virginia
CDNA."
,,V04-P0452-M01305-01313,Counsell,ORG_OR_COMMITTEE,candidate,V04-P0452,1305,1313,"aboue y° rates of y*
sd pelamation, this plieuler aboue other matters being espetially comitted
to of care by the Gouernor in his absenee, Wee ecarnestlie desier you to
make enquirie throughout the phintaéons vnder yo"" Comand, what Com*:
or debt@, belonging to vw sd Carter or any of the saylors of the sd shipp
remaine in yo hands of iuy tuanner of pson or psons ther residing, & to
make stay therof, vinitill such time as vou haue further order fro’ y° Counsell,
"
,,V04-P0453-M00856-00864,Counsell,ORG_OR_COMMITTEE,candidate,V04-P0453,856,864,"Document in Library of Congress, Washington, D. C.
List of Records No. 609 (a)

By the Counsell of state in Virginia.

"
,,V04-P0453-M00945-00953,Counsell,ORG_OR_COMMITTEE,candidate,V04-P0453,945,953,"Whereas capt: Wim: Tueker hath formly p order fro’ vs y* Counsell of
state to stay y° Com’: & debts remaining in y?"
,,V04-P0454-M00553-00561,Counsell,ORG_OR_COMMITTEE,candidate,V04-P0454,553,561,"A Comisston TO Carrarn WILLIAM
TUCKER

DecEemMBER 31, 1623

Manuscript Records Virginia Company, II, pt. ii, p. 68a
Document in Library of Congress, Washington, D. C.
List of Records No. 609(b}

By the Counsell of State in Virginia

fforasmuch as some psons haue attempted to depte out of this Cuntry not
haveing ther passes, & others haveing ther passes, w'*out dischargeing
ther debts & duties in this Cuntry."
,,V04-P0455-M00252-00260,Counsell,ORG_OR_COMMITTEE,candidate,V04-P0455,252,260,"By the Counsell of state in virginia
Cap!"
,,V04-P0461-M00131-00139,Counsell,ORG_OR_COMMITTEE,candidate,V04-P0461,131,139,"And to y* lord@ of his ma“ Counsell, we beseech you in 07 names to render
of dew retourne of thanké, for their Honorable care, noe less can we retourne
to you for yo"" noble pformment, and although we had noe cause to doupte
the want therof (else had we beene blane worthie not to haue written
as ernestly for it as we did for the former supplie)"
,,V04-P0467-M00293-00301,Counsell,ORG_OR_COMMITTEE,candidate,V04-P0467,293,301,"To the right wor™ S* Francis Wyatt knight ete and to the Counsell of
Estate

The Complaint and petition of John Haruey Esquier

Whereas at this Ssent whilst yo"" petitioner according to the Cofiandement
of ther Lo"" is here busied in his in his Ma's seruice, John white one
of the m® mates of his shipp the Southampton, being abetted by Rebert
Guyar m' of the said shipp, hath most pernitiously framed a mutynie
or devision arnong the shipps Company, & hath been so Impudent, yea
insolent, as to deliuer into the hands of yo"" said peticioner, (oy whose
bread hee liueth at all) of ther names, whose myndes hee hath seditionly
alienated fro’ ther duty, for the vtter ou?throwing of y° voyage w yo""
said petitioner, being sole honor & aduenturer of the same shipp now
intendeth, & for the pformance wherof hath been a great Charge of
fower"
,,V04-P0468-M00349-00357,Counsell,ORG_OR_COMMITTEE,candidate,V04-P0468,349,357,"ANSWER TO THE Com-
PLAINT AND PETITION oF Captain JoHN Harvey

Marcu, 1623/4

Manuscript Records Virginia Company, III, pt. ii, p. 62
Document in Library of Congress, Washington, D. C.
List of Reeords No. 633

To the Hono™ St Francis Wyatt knight ete and y* right Wor"" the Counsell
of state

The answer of Robert Guyar and John White to y® Complaint and
Petition of Capt John Haruey Esquier

Whereas it is obiected that Robert Guyar abetted Jo® White to make a
muteny or deuision among y* shipps Company, it is denied by them both,
yt any other order was giuen by the one, or rec’ by thother then to know of
the shipps Company, whoe were willing, & whoe not, to alter y* former
designes that they were shipped vpon, w out any mocion of perswading
or diswading them any thing, Intending rather for the good of Captaine
Haruey then otherwise, and John white denieth yt hee used any pswations,
but only demaunded ther opinions

fior Mateny Gf any be)"
,,V04-P0469-M01484-01492,Counsell,ORG_OR_COMMITTEE,candidate,V04-P0469,1484,1492,"Seconp CoMPLAINT AND PETITION
Marca, 1623/4

Manuscript Records Virginia Company, III, pt. ii, p. 62a
Document in Library of Congress, Washington, D. C.
List of Records No. 632

To the right Wor"" S* Francis Wyatt knight ete and to the Counsell of
Estate, the second Complaint and peticion of John Haruey esq’.

"
,,V04-P0469-M01693-01701,Counsell,ORG_OR_COMMITTEE,candidate,V04-P0469,1693,1701,"Sheweth not w*standing yo"" pétioners Commission for the Admi-
rallty of New England was yesterday twice publiquly read at this Counsell
board in the heareing of Robert Guyar & John White the p'tended m™ &
masters mate of the southampton, & therby yo"" petitioner was Certainly
knowne by all that were then present to be appointed & authorised fro’
ther Lo'ps of that Counsell in England, to goe Admirall in & aboard the
"
,,V04-P0469-M01932-01940,Counsell,ORG_OR_COMMITTEE,candidate,V04-P0469,1932,1940,"Sheweth not w*standing yo"" pétioners Commission for the Admi-
rallty of New England was yesterday twice publiquly read at this Counsell
board in the heareing of Robert Guyar & John White the p'tended m™ &
masters mate of the southampton, & therby yo"" petitioner was Certainly
knowne by all that were then present to be appointed & authorised fro’
ther Lo'ps of that Counsell in England, to goe Admirall in & aboard the
"
,,V04-P0472-M01730-01738,Counsell,ORG_OR_COMMITTEE,candidate,V04-P0472,1730,1738,"Beinge at this flsent employed by the Jords of his mat most Honotble
privie Counsell, to geve theire Lorps: an exact aceompt of the present
"
,,V04-P0473-M00727-00730,Nos,EDITORIAL_REFERENCE,candidate,V04-P0473,727,730,"(2) C.0.1, Vol.
III, Nos."
,,V04-P0480-M00348-00356,Counsell,ORG_OR_COMMITTEE,candidate,V04-P0480,348,356,"y*
Counsell of state

The Humble Petion of Robert Guyar and John White

{35]"
,,V04-P0489-M01147-01155,Counsell,ORG_OR_COMMITTEE,candidate,V04-P0489,1147,1155,"Whereas wee have taken notice That some of the Virginia Compagnie
have presented a Petition to our House of Coinmons, and doubting it
might oceasion the repetition, and renewing of those Diseords, and
Contentions, which have been amongst them, and which by our great
care, and the Directions of our Counsell are in a good way to bee composed,
We doe signify to our House of Commons, That wee hold it very unfitt
for the Parliam* to trouble themselves with those Matters, which can
produce nothing, but a further increase Sehisme, and Faction, and disturbe
the happy and peaceable proceeding of the Parliamt which wee hope your
cares (as hitherto they have done) shall eoncurr with ours to bring to
a good issue, As for these businesses of Virginia, and the Barmudoes,
ourself have taken them to heart, and will make it our own worke to
settle the quiet, and wellfare of those Plantations, and will bee ready
"
,,V04-P0493-M00045-00053,Counsell,ORG_OR_COMMITTEE,candidate,V04-P0493,45,53,"most Honorable privie Counsell expected Satisfactione from them,
Receavinge a voluntarie pmise to pticypate wth us, after they had more
fully informed themselves, Theire Coneeptiones of the same, weh beinge
since demanded, was denied in this respect (vida) that theire Lo: might
haue the firste Survey of whatt they intended to present,

We havinge the same care, were prevented by m' Porye & who contrary to
his pfessed integritie, Hath suborned the Clarke of our Counsell wth
reward §and§ pmises to betray our Scereeye, and to geve him Copies of all
our peeedings (for weh he hath receaved dew Punishment of his periurye
by the losse of his eares,

Wherein we Cannott butt Suspect some Synister intentione of forstallinge
our Counsells, the doupt wherof he thought A Sufficyent exeuse to dis-
ingage him of his solem pmise

We thought it our dewties, wth the firste, to acquainte you heerwth, that
you may both vnderstande his duble dealinge (and prevent his practises)
hopinge theire Lps, who ymployde him will give smale Creditt to any
his pticuler informations, which agree nott wth the generall, The Acte
arguinge faction and noe way becominge the service

We humblie take ou’ leaves & rest devoted to you’ Service

Maye the 12% 1624 Francis WYAtt
GroRGE YARDLEY
GEORGE SANDis
Joun Porr
RoGER SMITHE
Rare Hamer

To the right Honbi Henry Earle of Suthampton w'® the Lo: and others
of the Counsell and Compenie of Virginia.
"
,,V04-P0493-M00488-00496,Counsell,ORG_OR_COMMITTEE,candidate,V04-P0493,488,496,"most Honorable privie Counsell expected Satisfactione from them,
Receavinge a voluntarie pmise to pticypate wth us, after they had more
fully informed themselves, Theire Coneeptiones of the same, weh beinge
since demanded, was denied in this respect (vida) that theire Lo: might
haue the firste Survey of whatt they intended to present,

We havinge the same care, were prevented by m' Porye & who contrary to
his pfessed integritie, Hath suborned the Clarke of our Counsell wth
reward §and§ pmises to betray our Scereeye, and to geve him Copies of all
our peeedings (for weh he hath receaved dew Punishment of his periurye
by the losse of his eares,

Wherein we Cannott butt Suspect some Synister intentione of forstallinge
our Counsells, the doupt wherof he thought A Sufficyent exeuse to dis-
ingage him of his solem pmise

We thought it our dewties, wth the firste, to acquainte you heerwth, that
you may both vnderstande his duble dealinge (and prevent his practises)
hopinge theire Lps, who ymployde him will give smale Creditt to any
his pticuler informations, which agree nott wth the generall, The Acte
arguinge faction and noe way becominge the service

We humblie take ou’ leaves & rest devoted to you’ Service

Maye the 12% 1624 Francis WYAtt
GroRGE YARDLEY
GEORGE SANDis
Joun Porr
RoGER SMITHE
Rare Hamer

To the right Honbi Henry Earle of Suthampton w'® the Lo: and others
of the Counsell and Compenie of Virginia.
"
,,V04-P0493-M01416-01424,Counsell,ORG_OR_COMMITTEE,candidate,V04-P0493,1416,1424,"most Honorable privie Counsell expected Satisfactione from them,
Receavinge a voluntarie pmise to pticypate wth us, after they had more
fully informed themselves, Theire Coneeptiones of the same, weh beinge
since demanded, was denied in this respect (vida) that theire Lo: might
haue the firste Survey of whatt they intended to present,

We havinge the same care, were prevented by m' Porye & who contrary to
his pfessed integritie, Hath suborned the Clarke of our Counsell wth
reward §and§ pmises to betray our Scereeye, and to geve him Copies of all
our peeedings (for weh he hath receaved dew Punishment of his periurye
by the losse of his eares,

Wherein we Cannott butt Suspect some Synister intentione of forstallinge
our Counsells, the doupt wherof he thought A Sufficyent exeuse to dis-
ingage him of his solem pmise

We thought it our dewties, wth the firste, to acquainte you heerwth, that
you may both vnderstande his duble dealinge (and prevent his practises)
hopinge theire Lps, who ymployde him will give smale Creditt to any
his pticuler informations, which agree nott wth the generall, The Acte
arguinge faction and noe way becominge the service

We humblie take ou’ leaves & rest devoted to you’ Service

Maye the 12% 1624 Francis WYAtt
GroRGE YARDLEY
GEORGE SANDis
Joun Porr
RoGER SMITHE
Rare Hamer

To the right Honbi Henry Earle of Suthampton w'® the Lo: and others
of the Counsell and Compenie of Virginia.
"
,,V04-P0495-M00757-00765,Councell,ORG_OR_COMMITTEE,candidate,V04-P0495,757,765,"I, No. 20, p. 1
Document in Public Record Office, London
List of Records No. 679

1624 Henry Earle of Southampton, & certaine other Lords of y°
Virginia Privy Councell appointed a Councell for Virginia.

"
,,V04-P0498-M00308-00316,Counsell,ORG_OR_COMMITTEE,candidate,V04-P0498,308,316,"the LL* and others of yor Ma'*
priuie Counsell, and by speciall Com therevuto appointed iaboured to be
thoronghlic informed of the true estate of those affaires: By w™ inquiric the
ntiserable condition thereof exFet but §did as we conceaues euidently
appeare to be such that vunles some j?nt course were taken therein the
whole worke +88 must sodainlie fall into vtter Ruine: w'® could not but be
forexcene by those that primeipally manage th’ affaires of that Companie
who beeing in all likelihood possest wt an Opinion of an Impossibilitic
of bringing that worke out of th’ extremities whereinto it is fallen doe (as
hy sondrie of their courses (we coneeaue) neglecting the care of the plan-
ta@en) intend nothing but how to deriue the blame of miscarriage of that
businesse from themsclues sid ¢6 dey Sby laying§ Imputaton vpon others
who haue only desired a Reformaéon of th’ abuses w"" threaten the destrue-
éon of that good worke: And for that by process of tyme wherein these
thing@ hang in suspence and yndecided the plantacon doth dailie suffer
We who at first petioned yor Mat for some course to redress Those fatall
disorders haue thought if ao” §bounden§ duties most humblie #+ againe
to peti¢on yor gracious goodnes that th’ estate wherein that plantaéon by
the is found to be by the Certifieate of the Com®™ and w we thinke is now
mueh worse, may be published, und that seme such direeGon may be
therevppon giuen for the good of the &d plantaéon as to yor great wisedome
shall seeme most ftt and convenient: most vufeinedlie professing to vor
sacred Mae that herem we desire nothing but the preseruaton of yor
Mat'* honor, the supportaéon of the worke itself, and the freeing of of
owhe soules from beeing any waies uecessarie to the great miseheifes and
Inconveniences vider w the Sd plunitaéon Rath Shath$ long laboured aad
w seome to ys to dea av!’"
,,V04-P0499-M00556-00564,Counsell,ORG_OR_COMMITTEE,candidate,V04-P0499,556,564,"Law acarnst Unvawrun, ImMpiinp
ConTRACTS OF MARRIAGE

June 24, 1624

Manuscript Records Virginia Company, III, pt. ii, p. 498
Document in Library of Congress, Washington, D.C.
List of Records No. 686

Whereas to the great contempt of the Mat of God and ill example to
others, certaine Women win this Colony haue of late contrary to the
Lawes eclesiasticall of the Realme of England contracted themselues to
two severall men at one time, whereby much troble doth growe betweenc
parties: and the Governo' and Counsell of State, thereby much disquieted:
To pivent the like offence in others hereafter, It is by the Governo™ and
Counsell ordered in Court, that every Minister giue notice in his Church to
his parishoners, that what man or woman soever shall hereafter vse any
word or speech tending to contract of Mariag vnto two severall psons at
one time (though not Reise and legall, yet so as may intangle and breed
scruple in theire Consciences) shall for such theire offence vnd%go cither
corporall punishrat (as whippinge ete) or other punishm' by fyne, or other-
wise, according to the qualitie of the pson so offending."
,,V04-P0499-M00674-00682,Counsell,ORG_OR_COMMITTEE,candidate,V04-P0499,674,682,"Law acarnst Unvawrun, ImMpiinp
ConTRACTS OF MARRIAGE

June 24, 1624

Manuscript Records Virginia Company, III, pt. ii, p. 498
Document in Library of Congress, Washington, D.C.
List of Records No. 686

Whereas to the great contempt of the Mat of God and ill example to
others, certaine Women win this Colony haue of late contrary to the
Lawes eclesiasticall of the Realme of England contracted themselues to
two severall men at one time, whereby much troble doth growe betweenc
parties: and the Governo' and Counsell of State, thereby much disquieted:
To pivent the like offence in others hereafter, It is by the Governo™ and
Counsell ordered in Court, that every Minister giue notice in his Church to
his parishoners, that what man or woman soever shall hereafter vse any
word or speech tending to contract of Mariag vnto two severall psons at
one time (though not Reise and legall, yet so as may intangle and breed
scruple in theire Consciences) shall for such theire offence vnd%go cither
corporall punishrat (as whippinge ete) or other punishm' by fyne, or other-
wise, according to the qualitie of the pson so offending."
,,V04-P0504-M01798-01806,Councell,ORG_OR_COMMITTEE,candidate,V04-P0504,1798,1806,"And Wee did thereby
alsoe graunte that there shoulde be a Councell here residente for the
managing of the affaires of the saide Colonye with power to place and
displace officers and make lawes and ordinances for the govermente of
the saide Colonye and plantaGon and the affaires of the Company and Wee
graunted ynto the saide Thesorer and Company and theire successors
divers powers liberties and autorities and afterwardes by our tres Patentes
in the nynth yere of our raigne of Englande Wee for the Consideraéons
therein expressed did further menGon to give to the saide Tresorer and
Company and theire successors divers other Islandes within the Ocean Seas
within the lymitte in the saide tres Patentes expressed With other powers
und authorities As by the said Tres Patentes may appere"
,,V04-P0507-M01459-01467,Councell,ORG_OR_COMMITTEE,candidate,V04-P0507,1459,1467,"give vato you or any such
sixe or more of you as aforesaid full power and authorifye to putt in
sxecuéon and to dee pforme and execute according to your gund dixcrecons
all every or any of the powers authorities privileges matters and thinge
whatsoever cone?nyng the suide Colony aud plauta¢on aud the Inhabitantes
planters and adventurers cf in or vnto the same which by the aforesaide
Ives Putent€ or any of then Wee mentored te be g: i

watet to the said
Tresorer and Company or any of thei or to the Tresorcr and Councell
for the saide first Colunye or any of them or which they or any of them
might have done executed or pformed by v?lue of auy our satide Charters
Ires Patentes graunt@ or instructous whatsoever before the iudgmente
given vpon the said Quo Warranto and to take inte vour lundes ur into
the handes of such as you or any such sixe or more of you shail appointe
all such goodes Chattell@ m?vhandizes and money as are in the handes of
any pson or psons for or cone?nyng the publique §vse$ of the suide Colony
and planiaéon or either of them or of the said pltended Governor and Com-
panye And further to give order and directon for sending of suppive to
the snide Colony aswell by and out of the peced of (he suide gocdes me@chan-
dizes and money as by such other way or meades as vou or aay such sixe
or more of you as aforesaide shall thinke fytt and convenyente And
further thal you or any such sixe or ivore of vou us afaresaide shail have full
power and authoritye by vine of theise Weentes to give cireeron for assem
bling and ealling together from tyme to tyine «= oeeasion shull require the
adventurers or Planters to conferre with then of and cone yg such matters
and thinges as may any wise tend to the advauncemente furtheraunce or
135307 —"
,,V04-P0508-M01224-01232,Councell,ORG_OR_COMMITTEE,candidate,V04-P0508,1224,1232,"in the newe Charter by vs intended to be made for the good of the
saide plantaGon and Colony And Wee doe hereby signifye and declare
that in ease you in your peeeding® vpon this Comission shall vpon any
question or doubte which shall arise fynde yt requisite lo c?tifie any of your
peeeding@ and praye ayde from vs or our privye Councell that then vpon
Certificate of such your peceding@ and doubte vnto the Councell boarde
from whence Wee may receive informaton thereof Wee or our privye
Councell will give such direc@ons and assistance for further peceding¢ in
everie such case as shalbe most necessary and convenient And our further
Will and pleasure ys that yf any pson or psons shall at any tyme or tymes
hereafter be willing to ioyne together in the raysing of any Magazin or
ioynte stocke to be sente vnto the saide Colony that in such case everie
such Adventurer soc by your consente and privity adventuring as aforesaide
shall have a free voice in the ordering managing and disposing of such
Magacyn or joinete stoecke or any thing conc%nyng the same"
,,V04-P0508-M01303-01311,Councell,ORG_OR_COMMITTEE,candidate,V04-P0508,1303,1311,"in the newe Charter by vs intended to be made for the good of the
saide plantaGon and Colony And Wee doe hereby signifye and declare
that in ease you in your peeeding® vpon this Comission shall vpon any
question or doubte which shall arise fynde yt requisite lo c?tifie any of your
peeeding@ and praye ayde from vs or our privye Councell that then vpon
Certificate of such your peceding@ and doubte vnto the Councell boarde
from whence Wee may receive informaton thereof Wee or our privye
Councell will give such direc@ons and assistance for further peceding¢ in
everie such case as shalbe most necessary and convenient And our further
Will and pleasure ys that yf any pson or psons shall at any tyme or tymes
hereafter be willing to ioyne together in the raysing of any Magazin or
ioynte stocke to be sente vnto the saide Colony that in such case everie
such Adventurer soc by your consente and privity adventuring as aforesaide
shall have a free voice in the ordering managing and disposing of such
Magacyn or joinete stoecke or any thing conc%nyng the same"
,,V04-P0508-M01384-01392,Councell,ORG_OR_COMMITTEE,candidate,V04-P0508,1384,1392,"in the newe Charter by vs intended to be made for the good of the
saide plantaGon and Colony And Wee doe hereby signifye and declare
that in ease you in your peeeding® vpon this Comission shall vpon any
question or doubte which shall arise fynde yt requisite lo c?tifie any of your
peeeding@ and praye ayde from vs or our privye Councell that then vpon
Certificate of such your peceding@ and doubte vnto the Councell boarde
from whence Wee may receive informaton thereof Wee or our privye
Councell will give such direc@ons and assistance for further peceding¢ in
everie such case as shalbe most necessary and convenient And our further
Will and pleasure ys that yf any pson or psons shall at any tyme or tymes
hereafter be willing to ioyne together in the raysing of any Magazin or
ioynte stocke to be sente vnto the saide Colony that in such case everie
such Adventurer soc by your consente and privity adventuring as aforesaide
shall have a free voice in the ordering managing and disposing of such
Magacyn or joinete stoecke or any thing conc%nyng the same"
,,V04-P0512-M01200-01208,Councell,ORG_OR_COMMITTEE,candidate,V04-P0512,1200,1208,"(A volume of Sign Manual
Grants and Warrants)
Document in Public Record Office, London
List af Records No. 707
James R°

James by the grace of god &e. To o* trustie and welbeloued Counsello’
sv Richard Weston knight Chaneellot and Vndertrér of our exeheq'; and
to the Trér Chancellor and Vudertrér ef our Excheq' for the time being
erecting Whereas John Porye gentleman hath bin imployed by the Lordes
of onr privye Counsayle into Virginia about our special aifaires in weh he
hath expended the some of one hundred poundes Forasmuche as wee are
informed by the Lordes of our saied Councell that he hath taken paynes
and vsed diligence in our saied serviee and therppon the saied Lordes
hane thought fitt (if wee shall soe please) that there bee an allowance of
one hundred and fiftie poundes made to the saied Porye: We will and
Commaunde you of our treasure in the receipt of our Excheq’ forthw'h to
paie or cause to bee paied to the saied John Porye or his assignes the said
some of one hundred and fiftie poundes of lawfull money of England as of
our Princely reward for the saied seruice & wthout aecompt imprest or
other Chardge to bee sett vpon him or his assignes for the same or for anie
pte thereof: And theis our tres &e Given &e

By order of the LL* of yo"" Ma* Counsell

WINDEBANK
"
,,V04-P0514-M01673-01681,Counsell,ORG_OR_COMMITTEE,candidate,V04-P0514,1673,1681,"* * * * * *

ive orders

vet the least delay might pve daungerous to the said Colonies and Plan-
ta¢ons yf during the tvine of this delihaéon they shoulde want direecon
and government fer the better paression, therefore to the efceting of this
our revall plensnre wee by aur comission vader our erent seale of England
bearing date the fifteenth day of July in the veare of our raigne of Mnglend
firnnec and Trelsad the tyoe and twentieth and of Scotlard the seven and
fiftieth did give power aud authoritte vnto our right trustic and right wel-
beloved Coser and Counsellor Henry Viscount Miandevill lord Presiden
of our Couteoll sad divers others of our privie Counsell and others to trenute
consult and consider of all nietters whatsoever coneerning the said Colonie
and plantaton sswell for the

sufetie ef our people there strength of the
place wad government to be exereisedt there as for mannaging of the bui--
ines and affaires thereof here ia Enelhind and to exeeute aud plore divers
other thing?"
,,V04-P0515-M01458-01466,Councell,ORG_OR_COMMITTEE,candidate,V04-P0515,1458,1466,"AUGUST 26, 1624 503

yntill some other constant and setled course be resolved vppon and estab-
lished by vs, Knowe yee therefore that wee reposing assured trust and
confidence in the vnderstanding care fidelitie experience and cireum-
specCon of you the said Sir Frauncis Wyatt Frauncis West Sir George
Yardeley George Sandys Roger Smyth Raph Hamor John Martin John
Harvey Samuell Matthewes Abraham Percey Isaacke Madison and Willm
Clayborne have nominated and assigned and doe hereby nominate arid
assigne you the said Sir ffrauncis Wyatt to bee the ptsent Governour and
you and the said ffrauneis West Sir George Yardeley and the rest §before§
menéoned to be our Psent Councell of and for the said Colonye and plin-
ta¢on in Virginia giving and graunting vnto you and the greater nomber
of you by theis p'sents respectively full power and authoritie to pforme and
execeute the places powers and authorities incident to a governour and
Couneell in Virginia respeetively and to direct and governe correct and
punish our subiect@ nowe inhabiting or being or which hereafter shall
inhahite or be in Virginia or in anie the Isles port€ havens Creakes or terri-
tories thereof eyther in tyme of peace or Warre and to order and directe
the affaires touching or concerning that Colonic or plantacon in those
forraigne partes onely and doe execute and pforme all and every other
matters and thing@ concerning that PlantaGon as fully and amplye as anic
Governor and Councell resident there at anie tyme within the space of
five yeares now last past had or might pforme or execute."
,,V04-P0515-M02136-02144,Councell,ORG_OR_COMMITTEE,candidate,V04-P0515,2136,2144,"will and commaunde that you the said Sir ffrauneis Wyatt ffrancis
West Sir George Yardley George Sandys Roger Smyth Raphe ITamor or
anic twoe of you whoe have already bene of our Councell in those partes
for the Plantacon there shall minister vnto the said John Martin John
Harvey Samucll Mathewes Abraham Pereey Isaacke Maddison and
William Clayborne and every of them the like oath vppon the holy Evange-
list as yee or anie of you have already taken as Counsellor of or for the said
Colony or plantaton Willing and requiring you to bee diligent and atten-
dant in theexeen‘on of this our s?uice and comandement and alsoe willing

"
,,V04-P0519-M00467-00475,Counsell,ORG_OR_COMMITTEE,candidate,V04-P0519,467,475,"privie Counsell of especyall recomendaéone in the behalfe of Capt John
Martine, dated the xix°® of december, 1623."
,,V04-P0529-M00549-00557,Counsell,ORG_OR_COMMITTEE,candidate,V04-P0529,549,557,"eurd
of any such thinge but saith that Liuetennt Peppett beinge now in this
Cittie itt may please the Governo’ and Counsell to examine him there of.
Extr?"
,,V04-P0530-M00168-00176,Counsell,ORG_OR_COMMITTEE,candidate,V04-P0530,168,176,"518 RECORDS OF THE VIRGINIA COMPANY

bedienc amongste us, which as yett we have not questioned, owt of respect
to the Lres from the Lois of his mat most Honorblt privy Counsell, as
also from your selves, and resolve nott to doe vnles greate necessitie Com-
pell us."
,,V04-P0532-M00619-00628,Treasurer,TITLE_OR_ROLE,candidate,V04-P0532,619,628,"then Lo: high Treasurer (being an ancient
Adventurer & Councellor for Virginia) informed yor Lo”, sitting in Counsell
the 5"" of Mareh 1622 when he teld Aldtan Johnson, That in former yeares,
when he y® said Alderman was Deputie, and the busines was in other
handes, it was earried leaudly, so that if they should be ealled to an
accompt for it, their Estates would not answere it.

"
,,V04-P0532-M00714-00722,Counsell,ORG_OR_COMMITTEE,candidate,V04-P0532,714,722,"then Lo: high Treasurer (being an ancient
Adventurer & Councellor for Virginia) informed yor Lo”, sitting in Counsell
the 5"" of Mareh 1622 when he teld Aldtan Johnson, That in former yeares,
when he y® said Alderman was Deputie, and the busines was in other
handes, it was earried leaudly, so that if they should be ealled to an
accompt for it, their Estates would not answere it.

"
,,V04-P0532-M00825-00832,Deputie,TITLE_OR_ROLE,candidate,V04-P0532,825,832,"then Lo: high Treasurer (being an ancient
Adventurer & Councellor for Virginia) informed yor Lo”, sitting in Counsell
the 5"" of Mareh 1622 when he teld Aldtan Johnson, That in former yeares,
when he y® said Alderman was Deputie, and the busines was in other
handes, it was earried leaudly, so that if they should be ealled to an
accompt for it, their Estates would not answere it.

"
,,V04-P0534-M00309-00318,Treasurer,TITLE_OR_ROLE,candidate,V04-P0534,309,318,"In this Estate & condiéon was the Action lefte by the First, to y° Second
Govern w™ began in y° yeare > 1619 by the choice of s* Edwin Sandis
for Treasurer."
,,V04-P0538-M00470-00478,Counsell,ORG_OR_COMMITTEE,candidate,V04-P0538,470,478,"526 RECORDS OF THE VIRGINIA COMPANY

owne honour & eredite, did prevaile so w™ the Company, that though w®
the certainty of their owne extreame losse, they passed in the aboundance
of Supply, not only the necessities of the Colony, but even the vnreasonable
demande of their Opposites: havinge in fower dayes space that was given
them after the notice of the Colonics want, procured the vnderwriting of
Power thousand pounds Adventure: w*"" the Hono>* Board of the privy
Counsell was pleased w'’ much Noble favour highly to approve.

"
,,V04-P0544-M00699-00707,Counsell,ORG_OR_COMMITTEE,candidate,V04-P0544,699,707,"532 RECORDS OF THE VIRGINIA COMPANY

of the apparent misprosperinge of the Plantation, and the fowlenes of the
Accounts here, (the then Treasuror being Governour of Power or Five
other Companies, w' exeused his neglect of attending this busines,) the
Governem' of the Companie was translated from 8° Thomas Smith and
Aldian Johnson, into S' Edwin sandis, & after into the Earle of Southamp-
tons hands, & their Deputies: it is notororiously knowne, bow they, wt?
Captayne Argoll and other of their freinds, partly peradventure through
discontent for being removed from their places, but principally through
feare; (their Accounts, DepredaGons, Piracies & misgovernemt being now
questiond before the Counsell and in the Companies Courts,) perpetually
disturbed & disgraced by scuerall wayes, both to his Mat* & to the world,
all the present proeecdinges of the Companie, to y* great disheartininge of
the Companie here, and no small advantage of y® Colonie."
,,V04-P0547-M00058-00066,Counsell,ORG_OR_COMMITTEE,candidate,V04-P0547,58,66,"APRIL (?), 1625 535

& of answeres should be heard at the Counsell table."
,,V04-P0550-M00280-00288,Counsell,ORG_OR_COMMITTEE,candidate,V04-P0550,280,288,"Wherevpon wee
were called before the Counsell agayne, and there that side as compassion-
ate affecters of the Plantation, vrged the want of Corne & other necessaries
there, and that they were like to perish for want of provisions."
,,V04-P0552-M00281-00289,Counsell,ORG_OR_COMMITTEE,candidate,V04-P0552,281,289,"Anda Comission
was directed by the Lords of the Counsell, to examine the truth of the
eause in y Sumer Islands."
,,V04-P0558-M00093-00101,Counsell,ORG_OR_COMMITTEE,candidate,V04-P0558,93,101,"546 RECORDS OF THE VIRGINIA COMPANY

the fittest Governement of the Action, were by a seleet Counsell of Hono
& able persons, to be ordayned and appoynted by his Ma""*, as is vsed in
like eases in some forrayne Dominions.

"
,,V04-P0558-M00695-00703,Counsell,ORG_OR_COMMITTEE,candidate,V04-P0558,695,703,"But if the burden & charge must be borne by the Adventurers and Planters
themselues; Wee hold it necessary in that ease, that y° Governm' thereof
be also commended by his Ma’ to them, incorporated as before into a
Legall Companie: yet so, as to be assisted & advised by a Counecll to be
appoynted by lis Mat’ & bound by oath vnto him; and they also to haue
relference in all causes of greatest & extraordinary importance, to his Ma""
himselfe, or to the Lords of this privy Counsell, from thence to take
resolu¢on & direction, as was formerly instituted, and in the latter times
also practised."
,,V04-P0571-M00511-00519,Councell,ORG_OR_COMMITTEE,candidate,V04-P0571,511,519,"Priny
Councell, according vnto their Order in their letter Dated at Salsbury

W. Cuarpourns
May 1625

CDLXXIV."
,,V04-P0572-M01393-01401,Counsell,ORG_OR_COMMITTEE,candidate,V04-P0572,1393,1401,"and lately
nominated by his mati#* Comissioners to he one of lis Counsell in Virginia,
hath proved him selfe altogether vnwoorthie of cither, as is evident, yf
your Lorpps shalbe pleased to pervse them, by many depositions and other
plieulers, in so much as we haue benn foreed owt of y* service wt we owe
to his mat? & this Countrey, to suspende him from the Exeeutione of his
place, wherin we proceeded accordinge to the awthoritic formerly given,
And ratified by his ma: Comissione, and the Comissioners order, To
whom we affoorded all respect and favor, not w'standinge his many
delinquencies from his first entrance into the Junde, vitill they grew to
sou erent an excess as was dangerous to his Ma’ serviec, and extreamely
preiudieyall to the Colony, and we humblie desire (hat thts may be accepted
as our iuste excuse.

"
,,V04-P0574-M00525-00533,Councell,ORG_OR_COMMITTEE,candidate,V04-P0574,525,533,"RapHrt HAMER GrorGE YARDLEY

To the Right Honorb"" the Lots of his mat* moste Honorb™ Priuy
Councell.

"
,,V04-P0585-M00211-00219,Counsell,ORG_OR_COMMITTEE,candidate,V04-P0585,211,219,"APRIL 6, 1626 573

warde sinee the massacre, notwstandinge theire great losse then sus-
tayned, And we conceive so great expence will haue the better success, vf
the orderinge therof be referde to y’ Gownor and Counsell heere resilinge,
w't the advise (in speeyall cuses) of the generall Assembly, both concern-

inge this and all other thinges we!"
,,V04-P0588-M02028-02036,Councell,ORG_OR_COMMITTEE,candidate,V04-P0588,2028,2036,"Wee hold it most fitt that some psons of trust and
vnderstanding be imployed to discerne discover and fynde out the whole
State of the Pimisses vppon whose informacon Wee may pecede to the
effectinge thereof as Wee shall iudge most requisite Whereby the worke
being reestablished may peeede and psper to our honor and those religious
and publique endé for which it was first intended Knowe yee therefore
that wee reposing assured trust and econfidenee in the appraved wisdomes
fidelities and cyrcumspecctons of you the said Sir William Jones Sir Nicholas
ffortescue Sir ffrancis Gofton Sir Richard Sutton Sir William Pitt Sir
Henry Bourehier and Sir Henry Spiller have assigned and appointed you
to be our CoMissioners And Wee doe hereby give vito you or any fower or
more of you full power and authoritie to view pyse and consider of all and
singuler Charters Lres Patent€ Proclamacons Commissions and all other
Act@ orders and direecons made or sett downe by ys or our privie Councell
or by the company or Councell for Virginia warrant€ record€ book¢
Accompte entries and other notes and writing whatsoever concerning the
said Colonies or Plantatons or concerning the severall Companies or
Corporaéon to whome the care of the said Colonies or Planta¢ons apper-
teyneth and aswell thereby as by examination of any witnes or witnesses
yvppon oath or without oath or by any other lawfull waies or meanes
whatseever to enquire diseover fynd out and informe yourselves whither
"
,,V04-P0588-M02058-02066,Councell,ORG_OR_COMMITTEE,candidate,V04-P0588,2058,2066,"Wee hold it most fitt that some psons of trust and
vnderstanding be imployed to discerne discover and fynde out the whole
State of the Pimisses vppon whose informacon Wee may pecede to the
effectinge thereof as Wee shall iudge most requisite Whereby the worke
being reestablished may peeede and psper to our honor and those religious
and publique endé for which it was first intended Knowe yee therefore
that wee reposing assured trust and econfidenee in the appraved wisdomes
fidelities and cyrcumspecctons of you the said Sir William Jones Sir Nicholas
ffortescue Sir ffrancis Gofton Sir Richard Sutton Sir William Pitt Sir
Henry Bourehier and Sir Henry Spiller have assigned and appointed you
to be our CoMissioners And Wee doe hereby give vito you or any fower or
more of you full power and authoritie to view pyse and consider of all and
singuler Charters Lres Patent€ Proclamacons Commissions and all other
Act@ orders and direecons made or sett downe by ys or our privie Councell
or by the company or Councell for Virginia warrant€ record€ book¢
Accompte entries and other notes and writing whatsoever concerning the
said Colonies or Plantatons or concerning the severall Companies or
Corporaéon to whome the care of the said Colonies or Planta¢ons apper-
teyneth and aswell thereby as by examination of any witnes or witnesses
yvppon oath or without oath or by any other lawfull waies or meanes
whatseever to enquire diseover fynd out and informe yourselves whither
"
,,V04-P0591-M02574-02582,Councell,ORG_OR_COMMITTEE,candidate,V04-P0591,2574,2582,Councell from tyme to tyme your peeeding?
,,V04-P0592-M01851-01859,Statutes,NOT_ENTITY,candidate,V04-P0592,1851,1859,"This important document, inadvertently omivted from its chronological place, was printed
in 1809 by W. W. Hening in the first volume of his Statutes at Large of Virginia, pp."
,,V04-P0593-M01935-01943,Counsell,ORG_OR_COMMITTEE,candidate,V04-P0593,1935,1943,"The Gou%nor shall nott wthdrawe the inhabitante from theire privatt
labours to any service of his owne vp[on] any couler w‘soeuer, and in case
the publique service require ymploymente of many handes before y* hold-
ing of a generall Assemblie, to give order for y® same, in that case the
leviinge of men shalbe donne by order of the Gou?nor and whole bodye of
the Counsell and y' in such sorte as to be least burthensume to the People
and most free from partialitie.
"
,,V04-P0594-M00958-00966,Counsell,ORG_OR_COMMITTEE,candidate,V04-P0594,958,966,"once a moneth in v¢ Corporations of
Charles Cyttie & Elizabeth Cyttie for the decydinge of suit@ and Contro-
versies not exceedinge the valew of one hundred pownde of Tobaceo, and
for punishinge of pettie offences, That the Comanders of the places and such
others as the Gou9nor and Counsell shall appoynte by Comissione shalbe
the tudges, wth reservatione of Apeale after sentence to y° Gou?nor and
Counsell, and whosveuer shall Apeale yf"
,,V04-P0594-M01075-01083,Counsell,ORG_OR_COMMITTEE,candidate,V04-P0594,1075,1083,"once a moneth in v¢ Corporations of
Charles Cyttie & Elizabeth Cyttie for the decydinge of suit@ and Contro-
versies not exceedinge the valew of one hundred pownde of Tobaceo, and
for punishinge of pettie offences, That the Comanders of the places and such
others as the Gou9nor and Counsell shall appoynte by Comissione shalbe
the tudges, wth reservatione of Apeale after sentence to y° Gou?nor and
Counsell, and whosveuer shall Apeale yf"
,,V04-P0594-M01538-01546,Counsell,ORG_OR_COMMITTEE,candidate,V04-P0594,1538,1546,"That every privatt planters devident shalbe surveyed and lnide out in
soverall, and y* boundes recorded by the survey[or;] yf there be any pettie
differences betwixt neighbours about theire devidente to be devided by the
surveyor, Vf of [much] importance to be referred toy’ Gou9nor and Counsell:
y* surveyor to haue 104 of tobacco vppon every hundred Acres.

"
,,V04-P0595-M00276-00284,Counsell,ORG_OR_COMMITTEE,candidate,V04-P0595,276,284,"eucry
man shall plant & tende suffycient [of Carne] for his family, those men that
haue neclected soe to doe are to be by the saide three men fisented to he
Clensured by] the Gou9Inor and Counsell.

17"
,,V04-P0595-M00898-00906,Counsell,ORG_OR_COMMITTEE,candidate,V04-P0595,898,906,"That all trade for Corne wth the Salvages aswell publique as privatt after
June next sha{lbe prohibited.)

18 That every freeman shall fence in a quarter of an Acre of grounde before
Whitsuntide next [to make a garden] for plantinge of Vines hearbs rootes
&e. sub pena tenn pownde of Tobacco a man, but that [ne man for hisJowne
family shalbe tyed to feuce aboue an Acre of Lande, and y* whosoeuer hath
fenced a gar[den and jted of the lande shalbe paide for it by the
owner of the soyle; they shall also plant Mullberry trees.]

19 The Proclamation€ for Swearinge and drunkennes sett owt by the
Gou9nor and Counsell"
,,V04-P0595-M01380-01388,Counsell,ORG_OR_COMMITTEE,candidate,V04-P0595,1380,1388,"[are confirmed by] this assembly, and it is further
ordered that the Churchwardens shalbe sworne to [sent them to the] Coman-
ders of every plantatione, and that the forfecture shalbe Collected by them
[to be] for publique vses.

20 That A proclamatione be red aboorde every shipp and afterwardes fixed
to the masté of [such Jin, prohibitinge them to break boulke or
make privatt sales of any Comodities, untill [ ] James Cyttie,
w'howt speeyall order from the Gou9nor and Counsell.

21"
,,V04-P0613-M01120-01129,Treasurer,TITLE_OR_ROLE,candidate,V04-P0613,1120,1129,"Treasurer, 371, 372, 373.
"
,,V04-P0613-M01146-01155,Treasurer,TITLE_OR_ROLE,candidate,V04-P0613,1146,1155,"Treasurer defined, 369-370.
"
,,V04-P0618-M00027-00036,Treasurer,TITLE_OR_ROLE,candidate,V04-P0618,27,36,"606

Edmondes, Sir Thomas, Treasurer of Household.
"
