mention_id,category,entity_id,entity_name,reading,match_type,score,observed_span,matched_form,page_id,span_start,span_end,segment_id,date_start,date_end,date_confidence,page_role,editorial_span,usable_for_association,context
V01-P0012-I00598-00607,collective,infidels,infidels,collective,exact,1.0,Infidells,infidells,V01-P0012,598,607,V01-P0012-S01,1619-05-26,1619-05-26,high,record,,yes,s to erect and build a Colledge in Virginia for the trayning and bringing vp of Infidells children to the true knowledge of God & vnderstanding of righteousnes. And cons
V01-P0049-I01636-01645,collective,infidels,infidels,collective,exact,1.0,Infidells,infidells,V01-P0049,1636,1645,V01-P0049-S01,1619-11-03,1619-11-03,high,record,,yes,"hath offred to send to him 500""— for the converting and educaéon of Threescore Infidells Children, whensoeuer he shall require the same & vndertake that worke. And also"
V01-P0059-I01720-01730,collective,barbarians,barbarians,collective,exact,1.0,Barbarians,barbarians,V01-P0059,1720,1730,V01-P0059-S01,1619-11-17,1619-11-17,high,record,,yes,"tablished an Annuall rent of Corne from the ffarmers, Of tribute Corne from the Barbarians, together w™a great stock of Kine, Goates, and other Cattle, being the good¢€ o"
V01-P0060-I00779-00790,collective,infidels,infidels,collective,exact,1.0,"Infi-
dells",infidells,V01-P0060,779,790,V01-P0060-S01,1619-11-17,1619-11-17,high,record,,yes,to be planted at Henrico; of which—1000 for the Colledge for the conuersion of Infidells: The next care was for the placing Tenants vpon these Lande: In Ianuary last th
V01-P0103-I00440-00448,collective,infidels,infidels,collective,exact,1.0,Infidell,infidell,V01-P0103,440,448,V01-P0103-S01,1620-02-02,1620-02-02,low,record,,yes,"m' Treasuro’ pmisinge five hundred pounds for the educatinge and bringinge vpp Infidell€ Children in Christianytie w"" M’ Treasuror not willinge to meddle therwith alon"
V01-P0103-I01853-01860,collective,Indians,Indians,collective,exact,1.0,Indians,Indians,V01-P0103,1853,1860,V01-P0103-S01,1620-02-02,1620-02-02,low,record,,yes,"sed by my good frends 500"" for the mayntenance of a Convenyent nomber of younge Indians taken att the age of Seaven years or younger & instructed in the readinge and y"
V01-P0104-I01527-01536,group,IG-026,Chowanoke,place_homonym,fuzzy,0.857,Choapooks,Choanokes,V01-P0104,1527,1536,V01-P0104-S01,1620-02-02,1620-02-16,medium,record,,yes,"een the Sunken Marsh one the other side the River against [ames Citty Land, and Choapooks Creek, and one peell of Marsh Land conteyninge 300 Acres called Towritetoy*Gou-"
V01-P0106-I00672-00679,collective,Indians,Indians,collective,exact,1.0,Indians,Indians,V01-P0106,672,679,V01-P0106-S01,1620-02-16,1620-02-16,high,record,,yes,on of an intemporate heate not onely hapninge vnto them but chietly amongst the Indians requestinge that the Company would send them some Phisitians and Appothycaries
V01-P0107-I00331-00338,collective,Indians,Indians,collective,exact,1.0,Indians,Indians,V01-P0107,331,338,V01-P0107-S01,1620-02-16,1620-02-16,high,record,,yes,"en after there arryvall' wilbe longe in settlinge themselves, as allso that the Indians are not acquainted w them, and so they may stay 4 or 5 years before they have a"
V01-P0107-I00735-00742,collective,Indians,Indians,collective,exact,1.0,Indians,Indians,V01-P0107,735,742,V01-P0107-S01,1620-02-16,1620-02-16,high,record,,yes,"as divers hundreds and pticularr PlantaGons are allredie there settled and the Indians well acquainted w""” them, as namely, Smithe Hundred, Martine Hundred, Bartlett¢"
V01-P0115-I00146-00155,collective,infidels,infidels,collective,exact,1.0,Infidells,infidells,V01-P0115,146,155,V01-P0115-S01,1620-03-02,1620-03-02,high,record,,yes,he made w™ Opachan- * George Yearcir kano touchinge the bette’ keepinge of the Infidells Children w are — _ to be brought vpp in Christianytie y' therfore they would au
V01-P0134-I00555-00562,collective,natives,natives,contextual,exact,1.0,natiues,natiues,V01-P0134,555,562,V01-P0134-S01,1620-04-07,1620-04-07,high,record,,yes,"e. m’ Roberté. m’ Gibbes. m’ Swifte. m’ George Sandys. m* Tomlyné. One of y* natiues The Court, takinge notice from S* William Throgmorton y* one of the - ee maides"
V01-P0150-I02002-02012,collective,barbarians,barbarians,collective,exact,1.0,Barbarians,barbarians,V01-P0150,2002,2012,V01-P0150-S01,1620-05-17,1620-05-17,high,record,,yes,"of Corne & [109] services, w™ Rent Corne together w™ the Tribute Corne from the Barbarians amounted to aboue 1200 of our bushells by the yeare, Kine 80: Goat¢ 88:—Ahboute"
V01-P0162-I00117-00131,collective,country people,country people,contextual,exact,1.0,Country people,country people,V01-P0162,117,131,V01-P0162-S01,1620-05-23,1620-05-23,medium,record,,yes,was generally acknowledged that att the time of the said Tryall in Virginia the Country people there had and enioyed an vniuersall peace and tranquillytie at home and abrode.
V01-P0200-I01600-01607,collective,Indians,Indians,collective,exact,1.0,Indians,Indians,V01-P0200,1600,1607,V01-P0200-S01,1620-06-12,1620-06-12,high,record,,yes,into England now deteyned in Virginia for takinge a way certaine goods from the Indians there The Courte was pleased to order that a letter should be write to S' Georg
V01-P0223-I00739-00746,collective,Indians,Indians,collective,exact,1.0,Indians,Indians,V01-P0223,739,746,V01-P0223-S01,1620-11-15,1620-11-15,high,record,,yes,triflinge Comodities [169] As Beades and such like toyes wherby to truck w™ the Indians for Corne and other necessaries to encrease and maynteyne therby a Christian Co
V01-P0223-I00852-00859,collective,savages,savages,collective,exact,1.0,Sauages,sauages,V01-P0223,852,859,V01-P0223-S01,1620-11-15,1620-11-15,high,record,,yes,"saries to encrease and maynteyne therby a Christian Comerce, and trade with the Sauages, w™ they exceedingly desire may be continued. Touchinge Gabriell Wishers forme"
V01-P0223-I02384-02393,collective,natives,natives,contextual,exact,1.0,"Na-
tiues",natiues,V01-P0223,2384,2393,V01-P0223-S01,1620-11-15,1620-11-15,high,record,,yes,"the Colony desired no more meale but rather some trifling Comwdi: to truck w y* Natiues. Gabriell Wisher to haue 100"": Cr. Tho: Woode to haue his security Vnder y* C"
V01-P0247-I01530-01536,collective,Indians,Indians,collective,exact,1.0,Indyan,Indyan,V01-P0247,1530,1536,V01-P0247-S01,1621-04-12,1621-04-12,high,record,,yes,eguard of the perpetuall league lately made betweene the Gouernor there and the Indyan Kinge) yet to gratifie his worthy vndertakinge [194] the Company are pleased to
V01-P0275-I00741-00748,collective,Indians,Indians,collective,exact,1.0,Indians,Indians,V01-P0275,741,748,V01-P0275-S01,1621-05-01,1621-05-31,high,record,,yes,"any yeares service for the Company in Virginia w"" hazard of his life amonge the Indians is likewise confirmed. After these buisinesses were thus ordered and the day f"
V01-P0278-I01912-01919,collective,savages,savages,collective,exact,1.0,Sauages,sauages,V01-P0278,1912,1919,V01-P0278-S01,1621-05-01,1621-05-31,high,record,,yes,ry and relieved the Colony willingly three yeares with that w™ he gott from the Sauages w' great perill and hazard of his life: that therfore in consideracon herof the
V01-P0289-I01213-01219,collective,Indians,Indians,collective,exact,1.0,Indian,Indian,V01-P0289,1213,1219,V01-P0289-S01,1621-06-11,1621-06-11,high,record,,yes,ernor to that effect. M* Webb moved y* some course might be taken that the two Indian Maydes might be disposed of to free the Company of the weeklie charge that now
V01-P0289-I02142-02148,collective,Indians,Indians,collective,exact,1.0,Indian,Indian,V01-P0289,2142,2148,V01-P0289-S01,1621-06-11,1621-06-11,high,record,,yes,chard Bulkey to haue his Lande alioted att Eliz: Cittie m' Webbs mocon or y¢ 2 Indian Maydes. mn’ Francks request
V01-P0297-I02232-02239,collective,Indians,Indians,collective,exact,1.0,Indians,Indians,V01-P0297,2232,2239,V01-P0297-S01,1621-06-13,1621-06-13,high,record,,yes,"vided that in leive of their moytie of Beads w"" is the matter of Trade with the Indians properly belonginge to the Companie they take a valuable consideragon either ou"
V01-P0300-I00005-00011,collective,Indians,Indians,collective,exact,1.0,Indian,Indian,V01-P0300,5,11,V01-P0300-S01,1621-06-13,1621-06-13,high,record,running_head,no,y¢ 2 Indian mayde to be sent to vt Soe mer Ilandé A Comittee for drawinge y* Gou9- nors In
V01-P0300-I00572-00578,collective,Indians,Indians,collective,exact,1.0,Indian,Indian,V01-P0300,572,578,V01-P0300-S01,1621-06-13,1621-06-13,high,record,,yes,Itt beinge referred to this Courte to dyrect some course for the dispose of two Indian maydes haveing byne a long time verie chargeable to y° Company itt is now order
V01-P0308-I00070-00076,collective,savages,savages,collective,exact,1.0,Sauage,sauage,V01-P0308,70,76,V01-P0308-S01,1621-06-10,1621-06-10,high,record,,yes,"3 Seuerall Voyadges made one by m' Marmaduk Reyno* a 2' by Ensigne Sauage. a 37 by m’ Dirmer. The Ship to departe for y"" Porte of Middlebrough. 504 REC"
V01-P0308-I00527-00533,collective,Indians,Indians,collective,exact,1.0,Indian,Indian,V01-P0308,527,533,V01-P0308-S01,1621-06-10,1621-06-10,high,record,,yes,"successe, as allso to heare of a confirmaéon of a Peace, and of a League w™ the Indian Kinge wherby not onely a great trade and comerce w™ them hearafter for Corne an"
V01-P0319-I00171-00178,collective,Indians,Indians,collective,exact,1.0,Indians,Indians,V01-P0319,171,178,V01-P0319-S01,1621-07-16,1621-07-16,high,record,,yes,"menéoned; The ffowerth was for the settinge out of a Voyadge to trade with the Indians in Virginia for Furrs, It beinge certainely enformed by m™ Chamberlyn & others"
V01-P0319-I01027-01034,collective,Indians,Indians,collective,exact,1.0,Indians,Indians,V01-P0319,1027,1034,V01-P0319-S01,1621-07-16,1621-07-16,high,record,,yes,"ers have made choyse of m’ Blany to be their ffacto"" or Agent to trade with the Indians for Furrs, and for this purpose allso m’ Bland hath vndertaken to peure one to"
V01-P0371-I00123-00130,collective,Indians,Indians,collective,exact,1.0,Indians,Indians,V01-P0371,123,130,V01-P0371-S01,1621-11-21,1621-11-21,high,record,,yes,"intended for a most certaine and benificiall trade of ffurrs to be had w'"" the Indians in Virginia in the lymitte of the Southerne Colony, it beinge credibly informed"
V01-P0389-I01320-01329,collective,infidels,infidels,collective,exact,1.0,Infidelle,infidelle,V01-P0389,1320,1329,V01-P0389-S01,1622-01-28,1622-01-30,medium,record,,yes,der the bestowinge of the said money but shewed my intent for the conversion of Infidelle 1This document was copied into the manuscript at a later date.
V01-P0390-I00898-00905,collective,heathen,heathen,collective,exact,1.0,Heathen,heathen,V01-P0390,898,905,V01-P0390-S01,1622-01-28,1622-01-30,medium,record,,yes,"oundacon of Christian religion and helpinge forward of this pious worke in that Heathen nowe Christian land, So nowe I require of the whole Body of yo"" Hono’ and worth"
V01-P0391-I00230-00238,collective,infidels,infidels,collective,exact,1.0,Infidell,infidell,V01-P0391,230,238,V01-P0391-S01,1622-01-30,1622-01-30,high,record,,yes,"haue expended the saide money vizt the 550"" in gold for the bringinge vp of the Infidell¢€ Children in true religion and christianity, S' Edwin Sandys declared that the"
V01-P0391-I00940-00949,collective,infidels,infidels,collective,exact,1.0,Infidelle,infidelle,V01-P0391,940,949,V01-P0391-S01,1622-01-30,1622-01-30,high,record,,yes,"Hundred and Martins Hundred and each to vndertake for a certaine number of #He Infidelle Children to be brought vp by them, and amonngst them in Christian Religion and"
V01-P0391-I02402-02410,collective,infidels,infidels,collective,exact,1.0,Infidell,infidell,V01-P0391,2402,2410,V01-P0391-S01,1622-01-30,1622-01-30,high,record,,yes,n a ratable proporton to be faithfully imployed for the educatinge of 30 of the Infidell¢ Children in Christian Religion and
V01-P0392-I01035-01048,person,IP-002,Opechancanough,person,spelling_variant,1.0,"Opachan-
kano",Opachancano,V01-P0392,1035,1048,V01-P0392-S01,1622-01-30,1622-01-30,medium,record,,yes,them & feare of hard vsage by the English vnlesse it might be by a Treaty with Opachankano the Kinge w Treaty was appointed to be that Sumer wherein he would not faile to
V02-P0032-I01784-01792,group,IG-001,Powhatan,group_or_homonym,exact,1.0,Powhatan,Powhatan,V02-P0032,1784,1792,V02-P0032-S01,1622-06-19,1622-06-19,high,record,,yes,y estimaéon fower score Miles or thereabout¢ for w™ ground he did compound with Powhatan the Indian Kinge or cheife of that place and bounded the same out with markeabl
V02-P0032-I01797-01803,collective,Indians,Indians,collective,exact,1.0,Indian,Indian,V02-P0032,1797,1803,V02-P0032-S01,1622-06-19,1622-06-19,high,record,,yes,ower score Miles or thereabout¢ for w™ ground he did compound with Powhatan the Indian Kinge or cheife of that place and bounded the same out with markeable Trees and
V02-P0033-I01812-01820,group,IG-001,Powhatan,group_or_homonym,exact,1.0,Powhatan,Powhatan,V02-P0033,1812,1820,V02-P0033-S01,1622-06-19,1622-06-19,high,record,,yes,"of Virginia but Kinge Iames, of and vnder whome they hold and not from |king|| Powhatan so named by the Petitioners. True it is that for a permanent hono’ as well to"
V02-P0048-I02202-02208,collective,Indians,Indians,collective,exact,1.0,Indian,Indian,V02-P0048,2202,2208,V02-P0048-S01,1622-06-19,1622-06-19,high,record,,yes,"e Sassafras for themselues, It is laid vnto yo"" charge that you appropriate the Indian Trade to yo’ selfe, yo"" vse our ffrigatt that came from the Sumer Iland¢ and th"
V02-P0048-I02402-02409,collective,Indians,Indians,collective,exact,1.0,Indians,Indians,V02-P0048,2402,2409,V02-P0048-S01,1622-06-19,1622-06-19,high,record,,yes,"yo"" owne benifitt, yo"" proclaime in the Colony that no man shall trade with the Indians nor any buy any ffurrs but yo"" selfe: It is also iustified that you take the au"
V02-P0048-I02798-02809,person,IP-002,Opechancanough,person,spelling_variant,1.0,Opachankano,Opachancano,V02-P0048,2798,2809,V02-P0048-S01,1622-06-19,1622-06-19,high,record,,yes,"ed to serue yo"" turne. Wee cannott iffagine why you should giue vs warninge y* Opachankano and the Natiues haue giuen their Country to m™ Rolf¢ Child and that they will r"
V02-P0048-I02818-02825,collective,natives,natives,contextual,exact,1.0,Natiues,natiues,V02-P0048,2818,2825,V02-P0048-S01,1622-06-19,1622-06-19,high,record,,yes,e. Wee cannott iffagine why you should giue vs warninge y* Opachankano and the Natiues haue giuen their Country to m™ Rolf¢ Child and that they will reserue it from a
V02-P0050-I02279-02286,collective,Indians,Indians,collective,exact,1.0,Indians,Indians,V02-P0050,2279,2286,V02-P0050-S01,1622-06-19,1622-06-19,high,record,,yes,ked to haue dofi us a greater. Hee hath forbidden all trade and commerce w™ the Indians but trades amongs|t} them w” the Summer Island Frigott and our men to his owne
V02-P0050-I02632-02639,collective,Indians,Indians,collective,exact,1.0,Indians,Indians,V02-P0050,2632,2639,V02-P0050-S01,1622-06-19,1622-06-19,high,record,,yes,s his men hee proclaym€ y‘ noe man shall dare to buy any thing of Furr |\of the Indians] but himself as yf the Plantation and y° people there were ordayned onely to se
V02-P0071-I01059-01067,collective,infidels,infidels,collective,exact,1.0,Infidell,infidell,V02-P0071,1059,1067,V02-P0071-S01,1622-07-03,1622-07-03,high,record,,yes,th tc! goe to Virginia and there to imploye himselfe for the convertinge of the Infidell¢. M”™ Mary Tue Daughter of Hugh Crouch beinge the heire and Executrix of Leiut
V02-P0073-I00151-00159,collective,infidels,infidels,collective,exact,1.0,Infidell,infidell,V02-P0073,151,159,V02-P0073-S01,1622-07-03,1622-07-03,high,record,,yes,e be made Recto’ of the intended Colledge in Virginia for the conversion of the Infidell€ and to haue the pastorall charge of the Colledge Tenante¢ about him. 2 In reg
V02-P0088-I00616-00624,collective,infidels,infidels,collective,exact,1.0,Infidell,infidell,V02-P0088,616,624,V02-P0088-S01,1622-07-03,1622-07-03,high,record,,yes,fitt he be made Recto’ of the intended Colledge there for the conuersion of the Infidell€ and to haue the Pastorall charge of the Colledge Tenante about him and in regu
V02-P0090-I01298-01305,collective,Indians,Indians,collective,exact,1.0,Indians,Indians,V02-P0090,1298,1305,V02-P0090-S01,1622-07-08,1622-09-06,low,record,,yes,no whitt discouraged with this late Massacre of the English by the treacherous Indians are nowe settinge forth a Barke called the Truloue of London of about 46: Tun t
V02-P0090-I01701-01708,collective,Indians,Indians,collective,exact,1.0,Indians,Indians,V02-P0090,1701,1708,V02-P0090-S01,1622-07-08,1622-09-06,low,record,,yes,on the goode¢ (that are saued) of his Sonne Tho: Sheffeild lately slaine by the Indians w™ good¢ he desires to preserue for the vse of a Sonne of the said Thomas a Chi
V02-P0091-I00985-00996,person,IP-002,Opechancanough,person,spelling_variant,1.0,Opachankano,Opachancano,V02-P0091,985,996,V02-P0091-S01,1622-07-08,1622-09-06,low,record,,yes,nder the Seale of the Colony vpon condiéon that he compounded for the same with Opachankano and procured a confirmaéon thereof from the Companie here within two deyes |lye
V02-P0092-I00595-00606,person,IP-002,Opechancanough,person,spelling_variant,1.0,Opachankano,Opachancano,V02-P0092,595,606,V02-P0092-S01,1622-07-17,1622-07-17,low,record,,yes,"iall to the Companie in reguard it was lymitted with a Proviso to compound with Opachankano, whereby a Soueraignity in that heathen Infidell was acknowledged, and the Comp"
V02-P0092-I00639-00646,collective,heathen,heathen,collective,exact,1.0,heathen,heathen,V02-P0092,639,646,V02-P0092-S01,1622-07-17,1622-07-17,low,record,,yes,"ted with a Proviso to compound with Opachankano, whereby a Soueraignity in that heathen Infidell was acknowledged, and the Companies Title thereby much infringed. It w"
V02-P0092-I00647-00655,collective,infidels,infidels,collective,exact,1.0,Infidell,infidell,V02-P0092,647,655,V02-P0092-S01,1622-07-17,1622-07-17,low,record,,yes,"a Proviso to compound with Opachankano, whereby a Soueraignity in that heathen Infidell was acknowledged, and the Companies Title thereby much infringed. It was also r"
V02-P0093-I00194-00201,collective,Indians,Indians,collective,exact,1.0,Indians,Indians,V02-P0093,194,201,V02-P0093-S01,1622-07-08,1622-09-06,low,record,,yes,"of his Ma” Counsell with the Massacre of the English Collony in Virginia by the Indians there and with the present necessity of Armes and people to make a reparaéon, d"
V02-P0093-I01204-01211,collective,Indians,Indians,collective,exact,1.0,Indians,Indians,V02-P0093,1204,1211,V02-P0093-S01,1622-07-08,1622-09-06,low,record,,yes,"ople whereby they might be enhabled to take a iust revenge of those treacherous Indians, and to recouer what they had nowe lost as also to secure themselues against th"
V02-P0097-I00711-00718,collective,Indians,Indians,collective,exact,1.0,Indians,Indians,V02-P0097,711,718,V02-P0097-S01,1622-08-14,1622-08-14,high,record,,yes,"o the Virginia Companie (in respect the vse and seatteringe of them amongst the Indians might proue a thinge dangerous to our owne people, and withall make them acquai"
V02-P0101-I02125-02136,group,IG-011,Warraskoyack,place_homonym,fuzzy,0.9,Warascoacke,Warraskoyacks,V02-P0101,2125,2136,V02-P0101-S01,1622-10-07,1622-10-07,high,record,,yes,"do him iustice, The other that his people might be returned to his Plantaton at Warascoacke: The Court ordered that the Gouerno’ and"
V02-P0102-I00314-00324,group,IG-011,Warraskoyack,place_homonym,fuzzy,0.9,Warasquoak,Warraskoyacks,V02-P0102,314,324,V02-P0102-S01,1622-10-07,1622-10-07,high,record,,yes,"oceedings therein and that they do not onely giue leaue to the repossessinge of Warasquoak, but further doe verie earnestly recofiiend the settlinge of his affaires and b"
V02-P0103-I00052-00062,group,IG-001,Powhatan,group,spelling_variant,1.0,Powhatan’s,Powhatan,V02-P0103,52,62,V02-P0103-S01,1622-10-07,1622-10-07,high,record,,yes,106 RECORDS OF THE VIRGINIA COMPANY Brother had by Powhatan’s Daughter w™ Child is yet lyvinge and in his eustodie) It was ordered [63] that
V02-P0112-I01850-01857,collective,Indians,Indians,collective,exact,1.0,Indians,Indians,V02-P0112,1850,1857,V02-P0112-S01,1622-10-23,1622-10-23,medium,record,,yes,"ent¢€ that had happned in the Colony since the Massacre, the killinge of certen Indians, burninge of their Townes, the ioyninge with the Kinge of Patomecke against Opa"
V02-P0112-I01916-01925,group,IG-016,Patawomeck,group,fuzzy,0.824,Patomecke,Patawomeck,V02-P0112,1916,1925,V02-P0112-S01,1622-10-23,1622-10-23,medium,record,,yes,"nge of certen Indians, burninge of their Townes, the ioyninge with the Kinge of Patomecke against Opachankano Cap: Maddison sent vnto him with 30: English, the insolent"
V02-P0112-I01934-01945,person,IP-002,Opechancanough,person,spelling_variant,1.0,Opachankano,Opachancano,V02-P0112,1934,1945,V02-P0112-S01,1622-10-23,1622-10-23,medium,record,,yes,"ans, burninge of their Townes, the ioyninge with the Kinge of Patomecke against Opachankano Cap: Maddison sent vnto him with 30: English, the insolent Answ* of Opachankano"
V02-P0112-I02014-02025,person,IP-002,Opechancanough,person,spelling_variant,1.0,Opachankano,Opachancano,V02-P0112,2014,2025,V02-P0112-S01,1622-10-23,1622-10-23,medium,record,,yes,"Opachankano Cap: Maddison sent vnto him with 30: English, the insolent Answ* of Opachankano to the Gouerno™ message for restoringe of the captiue English, with the dishono"
V02-P0112-I02218-02229,person,IP-002,Opechancanough,person,spelling_variant,1.0,Opachankano,Opachancano,V02-P0112,2218,2229,V02-P0112-S01,1622-10-23,1622-10-23,medium,record,,yes,"e resoluéon of y® Gouerno’ and Counsell at the end of August to make Warre vpon Opachankano, with 500 men, hopinge by God¢ helpe this winter to cleare the Country of him 1"
V02-P0137-I00877-00885,collective,infidels,infidels,collective,exact,1.0,Infidell,infidell,V02-P0137,877,885,V02-P0137-S01,1622-11-20,1622-11-20,high,record,,yes,"ithout great greife menéon) had by his will bequeathed 100"" for the educaéon of Infidell¢ Children w™ he had caused to be put *pp into the Table: w™ the Court well appr"
V02-P0138-I00039-00048,collective,infidels,infidels,collective,exact,1.0,Infidells,infidells,V02-P0138,39,48,V02-P0138-S01,1622-11-20,1622-11-20,high,record,,yes,"NOVEMBER 20, 1622 137 perished by the Infidells that the prosecutinge and followinge of that moéon might be recomended to the H"
V02-P0147-I00877-00886,collective,infidels,infidels,collective,exact,1.0,Infidelle,infidelle,V02-P0147,877,886,V02-P0147-S01,1622-11-22,1622-11-22,medium,record,,yes,"ithout great greife menéon) had by his will bequeathed 100"" for the educaéon of Infidelle Children w™ he had caused to be put *pp into the Table: w™ the Court well appro"
V02-P0148-I00039-00048,collective,infidels,infidels,collective,exact,1.0,Infidells,infidells,V02-P0148,39,48,V02-P0148-S01,1622-11-20,1622-11-20,low,record,,yes,"NOVEMBER 20, 1622 137 perished by the Infidells that the prosecutinge and followinge of that moéon might be recomended to the H"
V02-P0319-I02506-02513,collective,heathen,heathen,collective,exact,1.0,heathen,heathen,V02-P0319,2506,2513,V02-P0319-S01,1623-03-05,1623-03-05,high,record,,yes,to ou’ antient liberty or otherwise to send for vs all home & not to suffer y° heathen to tryumph ouer vs & say wheris now their God soe shall wee all as wee are redy
V02-P0388-I01235-01242,collective,Indians,Indians,collective,exact,1.0,Indians,Indians,V02-P0388,1235,1242,V02-P0388-S01,1623-04-23,1623-04-23,medium,record,,yes,"geather w vnity and love amongst ourselvs, & quyett enterteynm‘ of those Sauadg Indians by w endeavours sundry of those Infidells and some of emynent sort were convert"
V02-P0388-I01275-01284,collective,infidels,infidels,collective,exact,1.0,Infidells,infidells,V02-P0388,1275,1284,V02-P0388-S01,1623-04-23,1623-04-23,medium,record,,yes,"s, & quyett enterteynm‘ of those Sauadg Indians by w endeavours sundry of those Infidells and some of emynent sort were converted to Christian Religion, Staple Comoditie"
V02-P0388-I02016-02023,collective,natives,natives,contextual,exact,1.0,Natives,natives,V02-P0388,2016,2023,V02-P0388-S01,1623-04-23,1623-04-23,medium,record,,yes,"discord and dissenton amongst o’selvs and to Massacre and Hostility between y° Natives and our Colony in Virginia, and divers of y° Antient Adventurers and Planters c"
V02-P0390-I00658-00665,collective,natives,natives,contextual,exact,1.0,Natives,natives,V02-P0390,658,665,V02-P0390-S01,1623-04-23,1623-04-23,high,record,,yes,or they onely haueinge the means in these extremities to Trade for Corne w™ the Natives doe hereby engrosse all into their hands and soe sell itt abroad att their owne
V02-P0390-I02734-02741,collective,Indians,Indians,collective,exact,1.0,Indians,Indians,V02-P0390,2734,2741,V02-P0390-S01,1623-04-23,1623-04-23,high,record,,yes,atons of Henrico and Charles Citty wholly quitted and lefte to y° spoyle of the Indians who not onely burned the houses said to be
V02-P0396-I00705-00714,group,IG-007,Kecoughtan,place_homonym,fuzzy,0.842,Kiccoutan,Kicoughtans,V02-P0396,705,714,V02-P0396-S01,1623-04-30,1623-04-30,high,record,,yes,"habited but is conveniently habitable. And Answere for y° first Plantacon w™ is Kiccoutan against w™ (if any be) most exception may be made, itt is every way soe well di"
V02-P0396-I01218-01229,group,IG-011,Warraskoyack,place_homonym,fuzzy,0.857,Wariscoyake,Warraskoyacks,V02-P0396,1218,1229,V02-P0396-S01,1623-04-30,1623-04-30,high,record,,yes,"all y° Country and for the rest of the Plantatons as Newports News, Blunt poynt Wariscoyake Martins Hundred, Paspahey and all the Plantacons right ouer against Iames Citty"
V02-P0396-I01247-01255,group,IG-006,Paspahegh,group_or_homonym,exact,1.0,Paspahey,Paspahey,V02-P0396,1247,1255,V02-P0396-S01,1623-04-30,1623-04-30,high,record,,yes,"st of the Plantatons as Newports News, Blunt poynt Wariscoyake Martins Hundred, Paspahey and all the Plantacons right ouer against Iames Citty, and all the Plantacons a"
V02-P0396-I02453-02467,collective,country people,country people,contextual,exact,1.0,Country people,country people,V02-P0396,2453,2467,V02-P0396-S01,1623-04-30,1623-04-30,high,record,,yes,"bringe to the Owners dry on Shore, wherby itt plainely appears not any of y° Country people there inhabitinge are by this means in daunger of their lives, || And|| at a g"
V02-P0397-I00942-00949,collective,Indians,Indians,collective,exact,1.0,Indians,Indians,V02-P0397,942,949,V02-P0397-S01,1623-04-30,1623-04-30,high,record,,yes,d forwardnes had itt not pleased God to suffer this Disaster to fall out by the Indians. But although there be no publique Guesthouse yett are new Commers entertayned
V02-P0397-I01834-01841,collective,natives,natives,contextual,exact,1.0,Natiues,natiues,V02-P0397,1834,1841,V02-P0397-S01,1623-04-30,1623-04-30,high,record,,yes,or they only haueinge the means in these extremities to trade for Corne with y° Natiues doe herby ingrosse |jall|] into their hands and soe sell y‘ abrode at their own
V02-P0398-I02142-02151,group,IG-007,Kecoughtan,place_homonym,fuzzy,0.842,Kiccoutan,Kicoughtans,V02-P0398,2142,2151,V02-P0398-S01,1623-04-30,1623-04-30,high,record,,yes,"att flowerdue hundred all of them likewise serviceable, And three mounted att Kiccoutan and all of them serviceable, there are likewise att Newporte Newes three all o"
V02-P0399-I01691-01698,collective,Indians,Indians,collective,exact,1.0,Indians,Indians,V02-P0399,1691,1698,V02-P0399-S01,1623-04-30,1623-04-30,high,record,,yes,"tations of Henrico, & Charles Citty wholly quitted and lefte to y° spoile of y® Indians who not onely burned y® houses saide to be once y° best of all others, but fell"
V02-P0401-I00648-00656,group,IG-006,Paspahegh,group_or_homonym,exact,1.0,Paspahay,Paspahay,V02-P0401,648,656,V02-P0401-S01,1623-04-30,1623-04-30,high,record,,yes,ritten except that of the Ordinance and Pallysadoes und other matters y* aboue Paspahay. The marke of E S Edward Sanders I Iohn Dennis M* of y° Marmaduk affirme all y
V02-P0410-I01262-01269,collective,Indians,Indians,collective,exact,1.0,Indians,Indians,V02-P0410,1262,1269,V02-P0410-S01,1623-05-07,1623-05-07,high,record,,yes,"is, That vnder y°® form9 Gou9m* ther was a quyett entertaynment of the Savadge Indians by w™ sundry of those Infidles and some of emynent note wer couerted to Christi"
V02-P0410-I01431-01438,collective,natives,natives,contextual,exact,1.0,Natives,natives,V02-P0410,1431,1438,V02-P0410-S01,1623-05-07,1623-05-07,high,record,,yes,Religion wheras of late there hath been a Massacre and Hostillytie between the Natives and our Colony of Virginia. [285] Herevnto wee ansvere y* itt is true that Mat
V02-P0410-I01538-01545,group,IG-001,Powhatan,group_or_homonym,exact,1.0,Pohatan,Pohatan,V02-P0410,1538,1545,V02-P0410-S01,1623-05-07,1623-05-07,high,record,,yes,irginia. [285] Herevnto wee ansvere y* itt is true that Matoar the daughter of Pohatan being taken Prisoner by Cap‘ Argall and affectinge marriage w one m* Rolf becam
V02-P0410-I01714-01723,collective,infidels,infidels,collective,exact,1.0,Infidells,infidells,V02-P0410,1714,1723,V02-P0410-S01,1623-05-07,1623-05-07,high,record,,yes,"istian and soe dyed att Grauesend, Other matter of note for conversion of those Infidells did not happen in those first 12 years duringe w™ time the English were allmost"
V02-P0410-I01843-01852,collective,infidels,infidels,collective,exact,1.0,Infidells,infidells,V02-P0410,1843,1852,V02-P0410-S01,1623-05-07,1623-05-07,high,record,,yes,"duringe w™ time the English were allmost allso in §continuall§ Hostilitie w™ y° Infidells, And in the last of those 12 years the Chichohonini by sudden assault murdered"
V02-P0410-I02122-02131,collective,infidels,infidels,collective,exact,1.0,Infidells,infidells,V02-P0410,2122,2131,V02-P0410-S01,1623-05-07,1623-05-07,high,record,,yes,ble preparagons have been made in these laste 4 years for the educatinge of the Infidells Children in Christian Religion and Civility The Plantaton for the Colledge may
V02-P0410-I02448-02457,collective,infidels,infidels,collective,exact,1.0,Infidells,infidells,V02-P0410,2448,2457,V02-P0410-S01,1623-05-07,1623-05-07,high,record,,yes,Assistance of god shall againe §in due time§ pceed As for the Hostilitie w™ the Infidells duringe 3: of these last 4 years ther hath not been any wherof yett wee boast n
V02-P0412-I00073-00082,collective,infidels,infidels,collective,exact,1.0,Infidells,infidells,V02-P0412,73,82,V02-P0412-S01,1623-05-07,1623-05-07,high,record,,yes,"MAY 7, 1623 © ao 397 itt grew to biggnes; And as for convertinge of the Infidells itt was an attempt impossible they being descended of y° cursed race of Cham; N"
V02-P0415-I00096-00107,collective,infidels,infidels,collective,exact,1.0,"Infi-
dells",infidells,V02-P0415,96,107,V02-P0415-S01,1623-05-07,1623-05-07,high,record,,yes,HE VIRGINIA COMPANY hath noe power with them and the conuersion of these poore Infidells: yet lett y® rich Mammons desires egge them on to inhabite these Countries. I p
V02-P0420-I00068-00079,person,IP-002,Opechancanough,person,fuzzy,0.909,Opochancano,Opichankano,V02-P0420,68,79,V02-P0420-S01,1623-05-07,1623-05-07,high,record,,yes,"MATT aE! oo 405 Earles ollowers and spred ou9 Virginia and even to Opochancano himselfe that the Earle would com shortly ouer in psonn to be their Gouerno"", A"
V02-P0490-I00515-00522,collective,Indians,Indians,collective,exact,1.0,Indians,Indians,V02-P0490,515,522,V02-P0490-S01,1623-10-16,1623-10-16,low,record,,yes,es of so good store and that it be of their owne growth and not by trade w™ the Indians whereof they are to certifie the Companie here by the first Shippinge according
V02-P0501-I00448-00459,person,IP-002,Opechancanough,person,spelling_variant,1.0,Opachankano,Opachancano,V02-P0501,448,459,V02-P0501-S01,1623-11-12,1623-11-12,high,record,,yes,"h, that they were in hope to haue a plentifull haruest of Cane and Tobacco that Opachankano is slaine and as some affirme 150 of his great men and that o"" English were the"
V02-P0505-I00753-00759,collective,Indians,Indians,collective,exact,1.0,Indian,Indian,V02-P0505,753,759,V02-P0505-S01,1623-11-17,1623-11-17,high,record,,yes,ull Stratagem they had not only regained their people but cutt of diuers of the Indian Kinges and great Comaunders: Amongst whome they are confident that Opachankano
V02-P0505-I00827-00838,person,IP-002,Opechancanough,person,spelling_variant,1.0,Opachankano,Opachancano,V02-P0505,827,838,V02-P0505-S01,1623-11-17,1623-11-17,high,record,,yes,"f the Indian Kinges and great Comaunders: Amongst whome they are confident that Opachankano was one it beinge impossible for him to escape, beinge the designe was chiefely"
V02-P0506-I01119-01130,person,IP-002,Opechancanough,person,spelling_variant,1.0,Opachankano,Opachancano,V02-P0506,1119,1130,V02-P0506-S01,1623-11-17,1623-11-17,high,record,,yes,r all the rest of the Captiue English he had and would also deliuer his Brother Opachankano who was the Autho’ of the Massacre into the hands of the English either aliue o
V02-P0509-I01116-01127,person,IP-002,Opechancanough,person,spelling_variant,1.0,Opachankano,Opachancano,V02-P0509,1116,1127,V02-P0509-S01,1623-11-19,1623-11-19,high,record,,yes,"d divers of the greatest Comaunders of the Enemie, amonge whome wee are assured Opachankano is one, itt beinge impossible for him to escape the designe beinge cheifly vppo"
V02-P0510-I00548-00555,collective,savages,savages,collective,exact,1.0,Sauages,sauages,V02-P0510,548,555,V02-P0510-S01,1623-11-19,1623-11-19,high,record,,yes,"rteth the securitie and plenty of this Plantaton and w""all the Destructon of y* Sauages in y‘ wee shall haue herby a swifte passage to their principall Seates & the be"
V02-P0510-I00892-00900,collective,savages,savages,collective,exact,1.0,Salvages,salvages,V02-P0510,892,900,V02-P0510-S01,1623-11-19,1623-11-19,high,record,,yes,"beinge runn between, wins the wholl fforrest and makes itt inaccessable to the Salvages. An excellent place and not fitt to be lefte vnpeopled any longer. And to thend"
V02-P0510-I01977-01985,collective,savages,savages,collective,exact,1.0,Salvages,salvages,V02-P0510,1977,1985,V02-P0510-S01,1623-11-19,1623-11-19,high,record,,yes,ize of such Dutch and ffrench as wee shall gmpton w” other finde to trade w™ y® Salvages win our lymit¢. ' y* L* & to y* rest The Colony god be thanked hath recovered h
V02-P0542-I00802-00810,collective,savages,savages,collective,exact,1.0,Saluages,saluages,V02-P0542,802,810,V02-P0542-S01,1624-04-21,1624-04-21,high,record,,yes,cond of ffebruary 1623 breiflie relatinge the manner of proceedinge against the Saluages in divers places and by what Commaunders the service was pformed; And hopeth th
V02-P0549-I02424-02432,collective,savages,savages,collective,exact,1.0,Saluages,saluages,V02-P0549,2424,2432,V02-P0549-S01,1624-04-21,1624-04-21,high,record,,yes,einge in their Contemplaéon the ground¢ followinge. [378] 1. The Conversion of Saluages to Christianytie and establishinge the first Plantazon of the reformed Religion
V02-P0555-I01472-01478,collective,Indians,Indians,collective,exact,1.0,Indian,Indian,V02-P0555,1472,1478,V02-P0555-S01,1624-04-26,1624-04-26,high,record,,yes,"Acres allowed him for their psonall shares. There was brought to the Court an Indian Boy by one William Perry lately come ouer from Virginia, for whome a moéon was"
V02-P0561-I01194-01200,collective,Indians,Indians,collective,exact,1.0,Indian,Indian,V02-P0561,1194,1200,V02-P0561-S01,1624-04-28,1624-04-28,high,record,,yes,"moved that some course might be taken for the Educaéon and bringinge vpp of the Indian boy that was lately brought ouer from Virginia by one William Perry, did thervp"
V03-P0003-I00015-00022,collective,Indians,Indians,collective,exact,1.0,Indians,Indians,V03-P0003,15,22,V03-P0003-S01,1608-06-08,1608-06-08,medium,record,,yes,"BEFORE 1609 3 Indians as Barbar’s, and therby Naturally slaues. When after 50 yeares his Fryars decly"
V03-P0003-I00300-00307,collective,Indians,Indians,collective,exact,1.0,Indians,Indians,V03-P0003,300,307,V03-P0003-S01,1608-06-08,1608-06-08,medium,record,,yes,"ble title, all y° reasons, w"" were prepard to him, by men of discourse, from y® Indians transgressing y® Law of Nature; from his [ciuilians] for their denying commerce"
V03-P0014-I01643-01650,collective,natives,natives,contextual,exact,1.0,natiues,natiues,V03-P0014,1643,1650,V03-P0014-S01,1609-05-01,1609-05-31,medium,record,,yes,"ou shall, with all ppensenes and diligence, endeavour the conversion ioe of the natiues to the knowledge and worship of the true §god§ ef and their redeemer Christ Jes"
V03-P0016-I00257-00264,collective,natives,natives,contextual,exact,1.0,natiues,natiues,V03-P0016,257,264,V03-P0016-S01,1609-05-01,1609-05-31,medium,record,,yes,"ehowse of Corne, besides that wh you shall obtaine by tribute or trade with the natiues: 12 In the distribuéon of yo"" men accordinge to these advises and relatons w'h"
V03-P0016-I02246-02254,group,IG-003,Pamunkey,place_homonym,fuzzy,0.875,Pamaouke,Pamaunke,V03-P0016,2246,2254,V03-P0016-S01,1609-05-01,1609-05-31,medium,record,,yes,"e- tiver hommack], neere vnto you and not farre of another navagable outlett Pamaouke river into the sea by the Riuer of Pamaouke:"
V03-P0016-I02290-02298,group,IG-003,Pamunkey,group_or_homonym,fuzzy,0.875,Pamaouke,Pamaunke,V03-P0016,2290,2298,V03-P0016-S01,1609-05-01,1609-05-31,medium,record,,yes,farre of another navagable outlett Pamaouke river into the sea by the Riuer of Pamaouke:
V03-P0017-I00145-00154,group,IG-026,Chowanoke,place_homonym,fuzzy,0.933,Choanocki,Choanokes,V03-P0017,145,154,V03-P0017-S01,1609-05-01,1609-05-31,high,record,,yes,"s a towne called Ohonahoen, chiet Ghonehorn Ohonahorn seated where the Riuer of Choanocki devideth***® ; it self into three braunches and falleth into the sea of Rawnoc"
V03-P0017-I00291-00297,collective,Indians,Indians,collective,exact,1.0,Indian,Indian,V03-P0017,291,297,V03-P0017-S01,1609-05-01,1609-05-31,high,record,,yes,"into the sea of Rawnocke in thirtie ae fiue degrees this place if you seeke by Indian guides from James forte to Winocke Winocke by water, from thence to Manqueocke,"
V03-P0017-I00325-00332,group,IG-005,Weyanoke,group_or_homonym,exact,1.0,Winocke,Winocke,V03-P0017,325,332,V03-P0017-S01,1609-05-01,1609-05-31,high,record,,yes,"ie ae fiue degrees this place if you seeke by Indian guides from James forte to Winocke Winocke by water, from thence to Manqueocke, some twenty miles from Le thence t"
V03-P0017-I00333-00340,group,IG-005,Weyanoke,group_or_homonym,exact,1.0,Winocke,Winocke,V03-P0017,333,340,V03-P0017-S01,1609-05-01,1609-05-31,high,record,,yes,"ue degrees this place if you seeke by Indian guides from James forte to Winocke Winocke by water, from thence to Manqueocke, some twenty miles from Le thence to Cathth"
V03-P0017-I01204-01212,group,IG-001,Powhatan,group_or_homonym,exact,1.0,Powhaton,Powhaton,V03-P0017,1204,1212,V03-P0017-S01,1609-05-01,1609-05-31,high,record,,yes,"the englishe aliue, left by 8"" Walter Rawely wh escaped from the slaughter of Powhaton of Roanocke, vppon the Pewhalon first arrivall of our Colonie, and liue vnder t"
V03-P0017-I01352-01360,group,IG-001,Powhatan,group_or_homonym,exact,1.0,Powhaton,Powhaton,V03-P0017,1352,1360,V03-P0017-S01,1609-05-01,1609-05-31,high,record,,yes,"ie, and liue vnder the proteeéon of a wiroane *’""°""""* called Gepanocon enemy to Powhaton, by whose consent you shall neuer Gepanocun a wirecouer them, one of these were"
V03-P0017-I02430-02437,collective,natives,natives,contextual,exact,1.0,natiues,natiues,V03-P0017,2430,2437,V03-P0017-S01,1609-05-01,1609-05-31,high,record,,yes,"de firme and Dry: [182] 17 Yo"" enemies can be but of two sortes straungers and natiues, for ae the first yo"" defence must be vppon advauntage of the place and way vnt"
V03-P0018-I00057-00065,group,IG-001,Powhatan,group_or_homonym,exact,1.0,Powhaton,Powhaton,V03-P0018,57,65,V03-P0018-S01,1609-05-01,1609-05-31,medium,record,,yes,Small fortes Cape comforte Watches Catle kept heardes Powhaton Weroances Tributary 18 RECORDS OF THE VIRGINIA COMPANY it for fortes haue no
V03-P0018-I00066-00075,title,weroance,weroance,title,exact,1.0,Weroances,weroances,V03-P0018,66,75,V03-P0018-S01,1609-05-01,1609-05-31,medium,record,,yes,Small fortes Cape comforte Watches Catle kept heardes Powhaton Weroances Tributary 18 RECORDS OF THE VIRGINIA COMPANY it for fortes haue no other vse
V03-P0018-I00877-00884,collective,savages,savages,collective,exact,1.0,Savages,savages,V03-P0018,877,884,V03-P0018-S01,1609-05-01,1609-05-31,medium,record,,yes,"f you shall not be able to defend it. Besides it is not safe to lett any of the Savages dwell betwene you and the Sea— least. they be made guides to yo"" enemies. To th"
V03-P0018-I01147-01154,collective,natives,natives,contextual,exact,1.0,Natiues,natiues,V03-P0018,1147,1154,V03-P0018-S01,1609-05-01,1609-05-31,medium,record,,yes,"dence & trust that we haue in his care & diligence. 18 The second enemy is the Natiues who can no way hurte you but by fire or by destroyinge yo"" Catle, or hinderinge"
V03-P0018-I02028-02036,group,IG-001,Powhatan,group_or_homonym,exact,1.0,Powhaton,Powhaton,V03-P0018,2028,2036,V03-P0018-S01,1609-05-01,1609-05-31,medium,record,,yes,them selues that they destroy not yo’ corne and other seed provisions: 19 For Powhaton and his Weroances it is Clere even to reason beside our experience that he loue
V03-P0018-I02045-02054,title,weroance,weroance,title,exact,1.0,Weroances,weroances,V03-P0018,2045,2054,V03-P0018-S01,1609-05-01,1609-05-31,medium,record,,yes,they destroy not yo’ corne and other seed provisions: 19 For Powhaton and his Weroances it is Clere even to reason beside our experience that he loued not our neigbour
V03-P0018-I02288-02297,title,weroance,weroance,title,exact,1.0,weroances,weroances,V03-P0018,2288,2297,V03-P0018-S01,1609-05-01,1609-05-31,medium,record,,yes,"to make him yo' prisoner yet you must make him yo’ tributary, and all other his weroances about him first to acknowledge no other Lord but Kinge James, and so we shall f"
V03-P0018-I02410-02418,group,IG-001,Powhatan,group_or_homonym,exact,1.0,Powhaton,Powhaton,V03-P0018,2410,2418,V03-P0018-S01,1609-05-01,1609-05-31,medium,record,,yes,"o other Lord but Kinge James, and so we shall free them all from the Tirrany of Powhaton ‘ vppon them Euery Lord of a Province shall pay you and send you into yo"" forte"
V03-P0019-I00482-00490,group,IG-001,Powhatan,group_or_homonym,exact,1.0,Powhaton,Powhaton,V03-P0019,482,490,V03-P0019-S01,1609-05-01,1609-05-31,high,record,,yes,"ute this tribute payd to you for wh you shall deliuer them from the exeaéons of Powhaton, w°h are now burdensome and ptect and defend them from all their enemies shall"
V03-P0019-I01251-01260,title,weroance,weroance,title,exact,1.0,Weroances,weroances,V03-P0019,1251,1260,V03-P0019-S01,1609-05-01,1609-05-31,high,record,,yes,"bitaton you must scise into yo"" custody half there corne and harvest and their Weroances and all other their Weroances. knowne successors at once whom if you intreate w"
V03-P0019-I01281-01290,title,weroance,weroance,title,exact,1.0,Weroances,weroances,V03-P0019,1281,1290,V03-P0019-S01,1609-05-01,1609-05-31,high,record,,yes,""" custody half there corne and harvest and their Weroances and all other their Weroances. knowne successors at once whom if you intreate well and educate those wh are"
V03-P0019-I01947-01954,group,IG-001,Powhatan,group_or_homonym,fuzzy,0.933,Pohaton,Powhaton,V03-P0019,1947,1954,V03-P0019-S01,1609-05-01,1609-05-31,high,record,,yes,"seruc their owne ends, where the Copper is yett in his primary estimaéon w'h Pohaton hath hitherto engrossed and partely for feare of Constrainte. Monocon to the e"
V03-P0019-I02018-02025,group,IG-020,Monacan,group,fuzzy,0.857,Monocon,Monacon,V03-P0019,2018,2025,V03-P0019-S01,1609-05-01,1609-05-31,high,record,,yes,"éon w'h Pohaton hath hitherto engrossed and partely for feare of Constrainte. Monocon to the east and head of our Riuer, Powhatons enemy and the Monecon Manahockes t"
V03-P0019-I02061-02070,group,IG-001,Powhatan,group,spelling_variant,1.0,Powhatons,Powhaton,V03-P0019,2061,2070,V03-P0019-S01,1609-05-01,1609-05-31,high,record,,yes,"d partely for feare of Constrainte. Monocon to the east and head of our Riuer, Powhatons enemy and the Monecon Manahockes to y* Northeast to the head of the Riuer of Mo"
V03-P0019-I02085-02092,group,IG-020,Monacan,group,fuzzy,0.857,Monecon,Monacon,V03-P0019,2085,2092,V03-P0019-S01,1609-05-01,1609-05-31,high,record,,yes,"onstrainte. Monocon to the east and head of our Riuer, Powhatons enemy and the Monecon Manahockes to y* Northeast to the head of the Riuer of Moyompo in the — «reer n"
V03-P0019-I02093-02103,group,IG-021,Mannahoac,group,fuzzy,0.933,Manahockes,Mannahoacks,V03-P0019,2093,2103,V03-P0019-S01,1609-05-01,1609-05-31,high,record,,yes,"te. Monocon to the east and head of our Riuer, Powhatons enemy and the Monecon Manahockes to y* Northeast to the head of the Riuer of Moyompo in the — «reer necke of the"
V03-P0019-I02278-02286,title,weroance,weroance,title,exact,1.0,Weroance,weroance,V03-P0019,2278,2286,V03-P0019-S01,1609-05-01,1609-05-31,high,record,,yes,"st betweene our bay and the sea. Catheata-Catheatapeins. peitis [185] a greater Weroance then he is, also his enemy to the Southeast and South. he hath no freinde to t"
V03-P0019-I02380-02392,group,IG-022,Massawomeck,group,fuzzy,0.947,Masawoymekes,Massawomeck,V03-P0019,2380,2392,V03-P0019-S01,1609-05-01,1609-05-31,high,record,,yes,lso his enemy to the Southeast and South. he hath no freinde to the North. The Masawoymekes make {ees ]ti continuall incursions vppon him and and vppon all those that
V03-P0020-I00583-00590,collective,Indians,Indians,collective,exact,1.0,Indians,Indians,V03-P0020,583,590,V03-P0020-S01,1609-05-01,1609-05-31,medium,record,,yes,arely: 22 Such trade as you shall finde necessary or pfitable for you with the Indians you shall endeauour to drawe them to seeke of you and to bringe their Comioditi
V03-P0021-I00124-00131,collective,savages,savages,collective,exact,1.0,Savages,savages,V03-P0021,124,131,V03-P0021-S01,1609-05-01,1609-05-31,high,record,,yes,endinge to armes in any wise as Smythey Carpentry of or such like be taught the Savages or vsed in their Presence as they may learne therein: 24 Hauinge deduced yo' C
V03-P0027-I01491-01498,collective,natives,natives,contextual,exact,1.0,natiues,natiues,V03-P0027,1491,1498,V03-P0027-S01,1609-05-31,1610-11-18,low,record,,yes,is very expedient that your Lo? w'h all diligence indeavot the conu%sion of the natiues and savages to the knowledge and worship of the true god and theire redem? Chri
V03-P0027-I01503-01510,collective,savages,savages,collective,exact,1.0,savages,savages,V03-P0027,1503,1510,V03-P0027-S01,1609-05-31,1610-11-18,low,record,,yes,dient that your Lo? w'h all diligence indeavot the conu%sion of the natiues and savages to the knowledge and worship of the true god and theire redem? Christ Iesus as
V03-P0031-I00315-00322,collective,Indians,Indians,collective,exact,1.0,Indians,Indians,V03-P0031,315,322,V03-P0031-S01,1610-11-18,1611-04-01,low,record,,yes,"y commodities both of fish from the Bay, for our Colour, and from the tractable Indians of that place (of whome wee have made already some tryall) both Corne, furres &"
V03-P0038-I02302-02311,collective,infidels,infidels,collective,exact,1.0,Infidells,infidells,V03-P0038,2302,2311,V03-P0038-S01,1612-11-25,1612-12-11,medium,record,,yes,doned and lefte to the daunger of famishing and to the Cruell rage of barbarous Infidells In tender Consideraéon whereof and for the avoiding of multiplicitie of suits a
V03-P0071-I00796-00802,collective,Indians,Indians,collective,exact,1.0,Indyan,Indyan,V03-P0071,796,802,V03-P0071-S01,1617-06-08,1617-06-08,high,record,,yes,"ough many have scarce ragges to cou’ their naked bodyes. English wheate, barly, Indyan Corne, Tobacco greate plenty in the ground. Hemp and flax seed distributed to m"
V03-P0071-I01178-01185,collective,Indians,Indians,collective,exact,1.0,Indyans,Indyans,V03-P0071,1178,1185,V03-P0071-S01,1617-06-08,1617-06-08,high,record,,yes,"increase exceeding well, the ploughes yerely worke and oxen are plentyfull. The Indyans very loving, and willing to parte wt their childeren. My wives death is much la"
V03-P0073-I00273-00280,collective,Indians,Indians,collective,exact,1.0,Indians,Indians,V03-P0073,273,280,V03-P0073-S01,1617-06-09,1617-06-09,high,record,,yes,"rnie to Virginia. Good estate of the Colonie. Store of Cattle & ploughs. The Indians loving: & will part w"" their child’n. Their Comfort of his son, He left at Pli"
V03-P0073-I01323-01330,person,IP-009,Uttamatomakkin (Tomocomo),person,exact,1.0,Tomakin,Tomakin,V03-P0073,1323,1330,V03-P0073-S01,1617-06-09,1617-06-09,high,record,,yes,"rmudas 40 miles aboue it, will Strengthen it. Great plenty & peace That he sent Tomakin to tell Oppachancano of his arrival & he came to James Town reéd a present w gr"
V03-P0073-I01339-01351,person,IP-002,Opechancanough,person,spelling_variant,1.0,Oppachancano,Opachancano,V03-P0073,1339,1351,V03-P0073-S01,1617-06-09,1617-06-09,high,record,,yes,"aboue it, will Strengthen it. Great plenty & peace That he sent Tomakin to tell Oppachancano of his arrival & he came to James Town reéd a present w great joy. Tomakin rail"
V03-P0073-I01419-01426,person,IP-009,Uttamatomakkin (Tomocomo),person,exact,1.0,Tomakin,Tomakin,V03-P0073,1419,1426,V03-P0073-S01,1617-06-09,1617-06-09,high,record,,yes,Oppachancano of his arrival & he came to James Town reéd a present w great joy. Tomakin rails ag‘ Engl! English people and particularly his best friend Tho: Dale all h
V03-P0073-I01619-01626,person,IP-009,Uttamatomakkin (Tomocomo),person,exact,1.0,Tomakin,Tomakin,V03-P0073,1619,1626,V03-P0073-S01,1617-06-09,1617-06-09,high,record,,yes,pachank?® & his Great men whereupon (to the great satisfaccion of ye Great men) Tomakin is disgraced Powhatan is gone to y® K. of May-—umps in patawamack Riv' & has le
V03-P0073-I01640-01648,group,IG-001,Powhatan,group_or_homonym,exact,1.0,Powhatan,Powhatan,V03-P0073,1640,1648,V03-P0073-S01,1617-06-09,1617-06-09,high,record,,yes,men whereupon (to the great satisfaccion of ye Great men) Tomakin is disgraced Powhatan is gone to y® K. of May-—umps in patawamack Riv' & has left y* Gou9nt
V03-P0074-I00856-00863,collective,Indians,Indians,collective,exact,1.0,Indians,Indians,V03-P0074,856,863,V03-P0074-S01,1617-06-09,1617-10-20,low,record,,yes,ist of Records No. 42 [53] pardons Geo. White pardoned for runing away to y*® Indians with his arms & ammunition which facts deserve death according to y® express ar
V03-P0074-I01254-01261,collective,Indians,Indians,collective,exact,1.0,Indians,Indians,V03-P0074,1254,1261,V03-P0074-S01,1617-06-09,1617-10-20,low,record,,yes,liable to Censure marshalls Court Henry potter for Stealing a Calf & running to Indians. death t the others y* same crimes XXVIII. Governor ARGALL. CoMMISsIONS OctoB
V03-P0079-I00963-00974,group,IG-007,Kecoughtan,place_homonym,fuzzy,0.952,Kiquoughtan,Kicoughtans,V03-P0079,963,974,V03-P0079-S01,1617-12-27,1618-05-18,low,record,,yes,"v"" To M® of Ships not to let their sailors go ashore or talk with y® people at Kiquoughtan To Some persons to trade with Indians To the Ranger of y° forest at Kigoton t"
V03-P0079-I01006-01013,collective,Indians,Indians,collective,exact,1.0,Indians,Indians,V03-P0079,1006,1013,V03-P0079-S01,1617-12-27,1618-05-18,low,record,,yes,go ashore or talk with y® people at Kiquoughtan To Some persons to trade with Indians To the Ranger of y° forest at Kigoton to take up Indians. Spyes or hogstealer
V03-P0079-I01064-01071,collective,Indians,Indians,collective,exact,1.0,Indians,Indians,V03-P0079,1064,1071,V03-P0079-S01,1617-12-27,1618-05-18,low,record,,yes,persons to trade with Indians To the Ranger of y° forest at Kigoton to take up Indians. Spyes or hogstealers contrary to Articles of peace. XL. A Comptetrs List in
V03-P0092-I00795-00802,collective,Indians,Indians,collective,exact,1.0,Indians,Indians,V03-P0092,795,802,V03-P0092-S01,1617-12-27,1618-05-18,low,record,,yes,"rtakes to pay here. Corn dont ans"" his expectaton desires but 50 men to be sent Indians so poor cant pay their debts & tribute pohawtan goes from place to place visiti"
V03-P0092-I01443-01450,collective,Indians,Indians,collective,exact,1.0,Indians,Indians,V03-P0092,1443,1450,V03-P0092-S01,1617-12-27,1618-05-18,low,record,,yes,"es lines be sent. last summer a great mortality among us, far greater among the Indians and a morrain amongst the deer. desire ord™ for m' Wickham & mt"" Maycock a Camb"
V03-P0097-I00462-00469,collective,savages,savages,collective,exact,1.0,Savages,savages,V03-P0097,462,469,V03-P0097-S01,1618-05-18,1618-05-18,low,record,,yes,"For Reference, See No. XXIII List of Records No. 75 Agt private Trucking with Savages & pulling down pallisadoes Ag‘ teaching Indians to shoot wt® guns on pain of d"
V03-P0097-I00511-00518,collective,Indians,Indians,collective,exact,1.0,Indians,Indians,V03-P0097,511,518,V03-P0097-S01,1618-05-18,1618-05-18,low,record,,yes,75 Agt private Trucking with Savages & pulling down pallisadoes Ag‘ teaching Indians to shoot wt® guns on pain of death to learner & teacher and how to hunt deer or
V03-P0097-I01249-01256,collective,savages,savages,collective,exact,1.0,Savages,savages,V03-P0097,1249,1256,V03-P0097-S01,1618-05-18,1618-05-18,low,record,,yes,oard y* Ship now at Ja. Town without y* Gov' leave No trade with y° perfidious Savages nor familiarity lest they discover our weekness 18 May 1618 128833 8
V03-P0103-I01763-01773,group,IG-006,Paspahegh,group,exact,1.0,Paspeheies,Paspeheies,V03-P0103,1763,1773,V03-P0103-S01,1618-11-18,1618-11-18,low,record,,yes,t the Companies Charges And of the Lands formerly conquer’d or purchased of the Paspeheies and of other grounds next adjoining In like sort we require you to set and lay
V03-P0104-I01967-01976,group,IG-007,Kecoughtan,place_homonym,fuzzy,0.842,Kiccowtan,Kicoughtans,V03-P0104,1967,1976,V03-P0104-S01,1618-05-18,1618-11-18,low,record,,yes,amely the cheif City called James town Charles City Henrico and the Burrough of Kiccowtan And that in all these foresaid Cities or Burroughs the ancient Adventurers and
V03-P0106-I01777-01785,collective,infidels,infidels,collective,exact,1.0,Infidels,infidels,V03-P0106,1777,1785,V03-P0106-S01,1618-11-18,1618-11-18,medium,record,,yes,building and planting of a college for the training up of the Children of those Infidels in true Religion moral virtue and Civility and for other godly uses We do there
V03-P0106-I02170-02178,collective,infidels,infidels,collective,exact,1.0,Infidels,infidels,V03-P0106,2170,2178,V03-P0106-S01,1618-11-18,1618-11-18,medium,record,,yes,tion be there made for the building of the said College for the Children of the Infidels according to such Instructions as we shall deliver And we will and ordain that
V03-P0107-I00204-00211,group,IG-005,Weyanoke,group_or_homonym,exact,1.0,Weynock,Weynock,V03-P0107,204,211,V03-P0107-S01,1618-11-18,1618-11-18,high,record,,yes,anted unto you the said Captain Yeardley all that parcel of Marsh ground called Weynock and also one other peice and parcel of Land adjoining to the same Marsh called
V03-P0107-I00298-00305,collective,natives,natives,contextual,exact,1.0,Natives,natives,V03-P0107,298,305,V03-P0107-S01,1618-11-18,1618-11-18,high,record,,yes,so one other peice and parcel of Land adjoining to the same Marsh called by the Natives Konwan one parcel whereof abutteth upon a Creek there called Mapseock towards t
V03-P0118-I00926-00934,group,IG-013,Chesapeake,place_homonym,fuzzy,0.824,Cheskeak,Chesapeakes,V03-P0118,926,934,V03-P0118-S01,1618-11-18,1619-02-08,low,record,,yes,"was noe smale ioy to the whole cumpanie, and this night we came to an anker in Cheskeak baie the .29.daie we had a shroud storm and we endevored to waie anker and o° C"
V03-P0120-I00138-00146,collective,infidels,infidels,collective,exact,1.0,Infidels,infidels,V03-P0120,138,146,V03-P0120-S01,1618-11-18,1619-02-08,low,record,,yes,Men sent by their labours to beare vp the charge of bringing vp Thirty of the Infidels children in true Religion and ciuility.._.....-..-.--_-- Summe of Persons for p
V03-P0121-I01056-01064,collective,infidels,infidels,collective,exact,1.0,Infidels,infidels,V03-P0121,1056,1064,V03-P0121-S01,1618-11-18,1619-02-08,low,record,,yes,"nt to the Treasurer 550. pounds in gold, for the bringing vp of children of the Infidels: first in the Knowledge of God and true Religion; and next, in fit trades where"
V03-P0121-I01306-01314,collective,infidels,infidels,collective,exact,1.0,Infidels,infidels,V03-P0121,1306,1314,V03-P0121-S01,1618-11-18,1619-02-08,low,record,,yes,"pounds to the Colledge in Virginia, to bee paid, when there shall be ten of the Infidels children placed in it. And in the meane time foure and twenty pounds by yeere,"
V03-P0121-I01504-01512,collective,infidels,infidels,collective,exact,1.0,Infidels,infidels,V03-P0121,1504,1512,V03-P0121-S01,1618-11-18,1619-02-08,low,record,,yes,"iscreet and Godly men in the Colony, which shall honestly bring vp three of the Infidels children in Christian Religion, and some good course to liue by. An vnnamed pe"
V03-P0132-I01739-01746,collective,Indians,Indians,collective,exact,1.0,Indians,Indians,V03-P0132,1739,1746,V03-P0132-S01,1618-11-18,1619-02-08,low,record,,yes,"ll vine you speake of will not so sodaynly be planted as it may be desired, the Indians being very loath vpon any tearmes to part with theire children, the best course"
V03-P0132-I01900-01911,person,IP-002,Opechancanough,person,exact,1.0,Opachankeno,Opachankeno,V03-P0132,1900,1911,V03-P0132-S01,1618-11-18,1619-02-08,low,record,,yes,"course I could devise herein to draw the people in to live amongst vs, was that Opachankeno would apoynt and Cuse out somany p * * * families, as that in every Corporation"
V03-P0151-I01933-01944,group,IG-004,Chickahominy,group_or_homonym,fuzzy,0.909,Chekohomini,Chocohominy,V03-P0151,1933,1944,V03-P0151-S01,1619-06-21,1619-06-21,low,record,,yes,"in all thinge observe them to the vtmost of yo"" power. The outrage don by the Chekohomini deserveth a sharpe revenge, and it standeth yo"" vpon in matter of state to pcee"
V03-P0151-I02312-02319,collective,natives,natives,contextual,exact,1.0,natives,natives,V03-P0151,2312,2319,V03-P0151-S01,1619-06-21,1619-06-21,low,record,,yes,"Argall, as he scemetii to in sinuate, But for the rest mainteyne amity w‘* the natives, soe much as may be and peure their Children in good multitude to be brought vp"
V03-P0156-I02031-02039,group,IG-005,Weyanoke,group_or_homonym,exact,1.0,Weyenock,Weyenock,V03-P0156,2031,2039,V03-P0156-S01,1619-07-20,1619-09-01,low,record,,yes,"ree Choyse, and Liberty to take, as much in proportion and quantity, as that of Weyenock is and agayne that it may be after Notice of the place that I have it granted a"
V03-P0158-I00149-00158,group,IG-007,Kecoughtan,place_homonym,fuzzy,0.842,Kiccowtan,Kicoughtans,V03-P0158,149,158,V03-P0158-S01,1619-07-20,1619-09-01,low,record,,yes,"Samuel Jordan. For the citty of Henricus Thomas Dowse, John Polentine. For Kiccowtan Captaine William Tucker, William Capp. For Martin Brandon-Capt. John Martin’s"
V03-P0161-I00674-00685,group,IG-006,Paspahegh,group_or_homonym,exact,1.0,Paspaheighe,Paspaheighe,V03-P0161,674,685,V03-P0161-S01,1619-07-30,1619-08-08,low,record,,yes,"one Ensigne Harrison, the saide Ensigne should affirme to one Thomas Davis, of Paspaheighe, Gent. (as the said Thomas Davis deposed upon oathe,) that they had made a hard"
V03-P0161-I00872-00879,collective,Indians,Indians,collective,exact,1.0,Indians,Indians,V03-P0161,872,879,V03-P0161-S01,1619-07-30,1619-08-08,low,record,,yes,"with a Canoa coming out of a creeke where their shallop could not goe. For the Indians refusing to sell their Corne, those of the shallop entered the Canoa with their"
V03-P0161-I01234-01245,person,IP-002,Opechancanough,person,fuzzy,0.909,Opochancano,Opichankano,V03-P0161,1234,1245,V03-P0161-S01,1619-07-30,1619-08-08,low,record,,yes,g stuffe. Hitherto Mr. Davys upon his oath. Furthermore it was signified from Opochancano to the Governour that those people had complained to him to procure them justic
V03-P0161-I01558-01567,collective,Indians,Indians,collective,exact,1.0,"In-
dians",Indians,V03-P0161,1558,1567,V03-P0161-S01,1619-07-30,1619-08-08,low,record,,yes,"ade in the baye hereafter, and for prevention of the like violenees against the Indians in time to come, this order following was agreed on by the general assembly: A"
V03-P0161-I01913-01920,collective,Indians,Indians,collective,exact,1.0,Indians,Indians,V03-P0161,1913,1920,V03-P0161-S01,1619-07-30,1619-08-08,low,record,,yes,"oughly answere an accusation of an outrage committed gainst a certaine Conoa of Indians in the haye, that then it was thought reason (his Patent notwithstanding, the a"
V03-P0165-I00846-00852,collective,savages,savages,collective,exact,1.0,savage,savage,V03-P0165,846,852,V03-P0165-S01,1619-07-30,1619-08-08,low,record,,yes,"itt for that purpose, The sixte and laste is, they wilbe pleased to change the savage name of Kiecowtan, and to give that Incorporation a new name. These are the ge"
V03-P0165-I00861-00870,group,IG-007,Kecoughtan,place_homonym,fuzzy,0.842,Kiecowtan,Kecoughtans,V03-P0165,861,870,V03-P0165-S01,1619-07-30,1619-08-08,low,record,,yes,"rpose, The sixte and laste is, they wilbe pleased to change the savage name of Kiecowtan, and to give that Incorporation a new name. These are the general Petitions dr"
V03-P0165-I01610-01617,collective,Indians,Indians,collective,exact,1.0,Indians,Indians,V03-P0165,1610,1617,V03-P0165-S01,1619-07-30,1619-08-08,low,record,,yes,"a clause in the thirde booke, that in these doubtfull times between us and the Indians, it would behoove us not to make as lardge distances between Plantation as ten"
V03-P0167-I00939-00946,collective,Indians,Indians,collective,exact,1.0,Indians,Indians,V03-P0167,939,946,V03-P0167-S01,1619-07-31,1619-08-08,low,record,,yes,"in security to the Governour for the good behaviour of his people towardes the Indians. It was at the same time further ordered by the Assembly that the Speaker, in"
V03-P0168-I01330-01337,collective,Indians,Indians,collective,exact,1.0,Indians,Indians,V03-P0168,1330,1337,V03-P0168-S01,1619-07-20,1619-09-01,low,record,,yes,e it enacted that no injury or oppression be wrought by the English against the Indians whereby the present peace might be disturbed and antient quarrells might be rev
V03-P0168-I01459-01470,group,IG-004,Chickahominy,group_or_homonym,fuzzy,0.909,Chicohomini,Chickahominy,V03-P0168,1459,1470,V03-P0168-S01,1619-07-20,1619-09-01,low,record,,yes,bed and antient quarrells might be revived. And farther be it ordained that the Chicohomini are not to be excepted out of this lawe; untill either that suche order come ou
V03-P0169-I01291-01298,collective,Indians,Indians,collective,exact,1.0,Indians,Indians,V03-P0169,1291,1298,V03-P0169-S01,1619-07-30,1619-08-08,low,record,,yes,"ell. As touching the instruction of drawing some of the better disposed of the Indians to converse with our people and to live and labour amongst them, the Assembly w"
V03-P0169-I02254-02261,collective,Indians,Indians,collective,exact,1.0,Indians,Indians,V03-P0169,2254,2261,V03-P0169-S01,1619-07-30,1619-08-08,low,record,,yes,"is present assembly that for laying a surer foundation of the conversion of the Indians to Christian Religion, eache towne, citty, Borrough, and particular plantation"
V03-P0169-I02406-02413,collective,natives,natives,contextual,exact,1.0,natives,natives,V03-P0169,2406,2413,V03-P0169-S01,1619-07-30,1619-08-08,low,record,,yes,lar plantation do obtaine unto themselves by just means a certine number of the natives’ children to be educated by
V03-P0170-I01788-01794,collective,Indians,Indians,collective,exact,1.0,Indian,Indian,V03-P0170,1788,1794,V03-P0170-S01,1619-07-20,1619-09-01,low,record,,yes,"hment of the Governour and Counsell of Estate. For hempe also both English and Indian and for English flax and Anniseeds, we do require and enjoine all householders"
V03-P0174-I01470-01477,collective,Indians,Indians,collective,exact,1.0,Indians,Indians,V03-P0174,1470,1477,V03-P0174-S01,1619-07-20,1619-09-01,low,record,,yes,"every man’s private conceipte. It shalbe free for every man to trade with the Indians, servants onely excepted, upon paine of whipping, unless the Mr. will redeeme i"
V03-P0174-I01811-01818,collective,Indians,Indians,collective,exact,1.0,Indians,Indians,V03-P0174,1811,1818,V03-P0174-S01,1619-07-20,1619-09-01,low,record,,yes,"e Incorporation. That no man doe sell or give any of the greatter howes to the Indians, or any English dog of quality, as a mastive, greyhound, bloodhounde, lande or"
V03-P0174-I02107-02114,collective,Indians,Indians,collective,exact,1.0,Indians,Indians,V03-P0174,2107,2114,V03-P0174-S01,1619-07-20,1619-09-01,low,record,,yes,"e uses of the Incorporation where he dwelleth. That no man do sell or give any Indians any piece shott or poulder, or any other armes, offensive or defensive upon pai"
V03-P0175-I00550-00556,collective,Indians,Indians,collective,exact,1.0,Indian,Indian,V03-P0175,550,556,V03-P0175-S01,1619-07-30,1619-08-04,low,record,,yes,"on where the party delinquent dwelleth. That no man shall purposely goe to any Indian townes, habitations or places or resortes without leave from the Governor or co"
V03-P0176-I00380-00387,collective,Indians,Indians,collective,exact,1.0,Indians,Indians,V03-P0176,380,387,V03-P0176-S01,1619-07-20,1619-09-01,low,record,,yes,"that shall take away by violence or stelth any canoas or other thinges from the Indians shall make valuable restitution to the said Indians, and shall forfaict, if he"
V03-P0176-I00432-00439,collective,Indians,Indians,collective,exact,1.0,Indians,Indians,V03-P0176,432,439,V03-P0176-S01,1619-07-20,1619-09-01,low,record,,yes,"s or other thinges from the Indians shall make valuable restitution to the said Indians, and shall forfaict, if he be a freeholder, five pound; if a servant, 40s, or e"
V03-P0177-I00608-00617,group,IG-007,Kecoughtan,place_homonym,fuzzy,0.842,Kiccowtan,Kicoughtans,V03-P0177,608,617,V03-P0177-S01,1619-07-30,1619-08-04,low,record,,yes,"rles citty, or any place from the westwarde of James citty, and being bound for Kiccowtan, or any other parte on this side, the same shall presume to pass by, either by"
V03-P0177-I01489-01496,collective,Indians,Indians,collective,exact,1.0,Indians,Indians,V03-P0177,1489,1496,V03-P0177-S01,1619-07-30,1619-08-04,low,record,,yes,"tting in security that neither himself nor his Company shall force or wrong the Indians, upon paine that, doing otherwise, they shalbe censured at their returne by the"
V03-P0178-I01678-01691,person,IP-002,Opechancanough,person,fuzzy,0.909,Opochancano’s,Opichankano,V03-P0178,1678,1691,V03-P0178-S01,1619-07-20,1619-09-01,low,record,,yes,passed between the said Spelman and Opochaneano at Poole’s meeting with him in Opochancano’s courte. Poole chardgeth him he spake very unreverently and maliciously against
V03-P0178-I01964-01971,collective,Indians,Indians,collective,exact,1.0,Indians,Indians,V03-P0178,1964,1971,V03-P0178-S01,1619-07-20,1619-09-01,low,record,,yes,"be brought into contempte, by which meanes what mischiefs might ensue from the Indians by disturbance of the peace or otherwise, may easily be conjectured. Some thing"
V03-P0179-I00039-00050,person,IP-002,Opechancanough,person,fuzzy,0.909,Opochancano,Opichankano,V03-P0179,39,50,V03-P0179-S01,1619-07-30,1619-08-08,low,record,,yes,"JULY 80, 31, AUGUST 2, 8, 4, 1619 175 Opochancano that within a yeare there would come a Governor greatter then this that nowe is"
V03-P0179-I00213-00224,person,IP-002,Opechancanough,person,fuzzy,0.909,Opochancano,Opichankano,V03-P0179,213,224,V03-P0179-S01,1619-07-30,1619-08-08,low,record,,yes,"place. By which and by other reportes it seemeth he hath alienated the minde of Opochancano from this present Governour, and brought him in much disesteem, both with Opoch"
V03-P0179-I00299-00310,person,IP-002,Opechancanough,person,fuzzy,0.909,Opochancano,Opichankano,V03-P0179,299,310,V03-P0179-S01,1619-07-30,1619-08-08,low,record,,yes,"ncano from this present Governour, and brought him in much disesteem, both with Opochancano and the Indians, and the whole Colony in danger of their slippery designes. Th"
V03-P0179-I00319-00326,collective,Indians,Indians,collective,exact,1.0,Indians,Indians,V03-P0179,319,326,V03-P0179-S01,1619-07-30,1619-08-08,low,record,,yes,"ent Governour, and brought him in much disesteem, both with Opochancano and the Indians, and the whole Colony in danger of their slippery designes. The general assemb"
V03-P0179-I01247-01253,collective,savages,savages,collective,exact,1.0,Savage,savage,V03-P0179,1247,1253,V03-P0179-S01,1619-07-30,1619-08-08,low,record,,yes,"ur. This sentence being read to Spelman he, as one that had in him more of the Savage then of the Christian, muttered certaine wordes to himselfe neither shewing any"
V03-P0179-I01605-01615,group,IG-006,Paspahegh,group_or_homonym,exact,1.0,Paspaheigh,Paspaheigh,V03-P0179,1605,1615,V03-P0179-S01,1619-07-30,1619-08-08,low,record,,yes,"service have been able to have redeemed. This day also did the Inhabitants of Paspaheigh, alias Argall’s towne, present a petition to the general assembly to give them"
V03-P0179-I02004-02014,group,IG-006,Paspahegh,group_or_homonym,exact,1.0,Paspaheigh,Paspaheigh,V03-P0179,2004,2014,V03-P0179-S01,1619-07-30,1619-08-08,low,record,,yes,"all for 15 skore acres of wooddy ground, called by the name of Argal’s towne or Paspaheigh; to Captaine Powell in respect of his paines in clearing the grounde and buildi"
V03-P0179-I02352-02364,group,IG-006,Paspahegh,group_or_homonym,exact,1.0,"Pas-
paheigh",Paspaheigh,V03-P0179,2352,2364,V03-P0179-S01,1619-07-30,1619-08-08,low,record,,yes,"said bondes, doe by these presents (at the Instance of the said Inhabitants of Paspaheigh, alias Martin’s hundred people) become most humble sutours to"
V03-P0180-I00254-00264,group,IG-006,Paspahegh,group_or_homonym,exact,1.0,Paspaheigh,Paspaheigh,V03-P0180,254,264,V03-P0180-S01,1619-07-20,1619-09-01,low,record,,yes,n their great comission they have expressly and by name appointed that place of Paspaheigh for parte of the Governour’s lande. And whereas Captain William Powell is payde
V03-P0205-I00152-00159,collective,natives,natives,contextual,exact,1.0,natives,natives,V03-P0205,152,159,V03-P0205-S01,1619-09-04,1619-09-04,high,record,,yes,", aswell by way of exportagon out of England as by way of trade either with the natives of Virginia, or with the English there residinge or to bee residinge, to bee ou"
V03-P0208-I01583-01590,collective,natives,natives,contextual,exact,1.0,natives,natives,V03-P0208,1583,1590,V03-P0208-S01,1619-09-04,1619-09-04,medium,record,,yes,"nto the Virginian family wherof hee is appoynted Captayne and governor, whether natives or Englishe shall bee as Joynt servant¢ in equall interest pro rata, to all the"
V03-P0213-I00092-00099,collective,natives,natives,contextual,exact,1.0,natiues,natiues,V03-P0213,92,99,V03-P0213-S01,1619-09-04,1619-09-04,high,record,,yes,"1619 209 vuto him in that behalfe, provided that you settle not but where the natiues, (if any be or clayme) are first avoyded by composiéon 5 I wee doe ordayne and"
V03-P0223-I01183-01190,collective,Indians,Indians,collective,exact,1.0,Indians,Indians,V03-P0223,1183,1190,V03-P0223-S01,1619-09-30,1619-09-30,high,record,,yes,"mptible, your lo? may liue to see a flourishing Estate; maugre both Spaniards & Indians. The oecasion of this ships coming hither was an aceidental consortship in the"
V03-P0224-I00560-00567,collective,Indians,Indians,collective,exact,1.0,Indians,Indians,V03-P0224,560,567,V03-P0224-S01,1619-09-30,1619-10-04,medium,record,,yes,er) by his example to prepare their courages. Both those of our nation and the Indians also haue this Torride soffier bene visited w' great sicknes & mortality; w’ ou
V03-P0224-I01858-01865,collective,Indians,Indians,collective,exact,1.0,Indians,Indians,V03-P0224,1858,1865,V03-P0224-S01,1619-09-30,1619-10-04,medium,record,,yes,", Vineyards, & Cattle. For the first, there be many grounds here cleared by the Indians to our handes, w** being muche worne out, will beare no more of their corne, w*"
V03-P0231-I00786-00793,collective,Indians,Indians,collective,exact,1.0,Indians,Indians,V03-P0231,786,793,V03-P0231-S01,1619-11-11,1619-11-11,low,record,,yes,he bay Warrestogack he said he was Confident to make the place good against the Indians beinge a necke land and defended by his howse especially seeinge Lieftennant Ba
V03-P0231-I01351-01358,collective,Indians,Indians,collective,exact,1.0,Indians,Indians,V03-P0231,1351,1358,V03-P0231-S01,1619-11-11,1619-11-11,low,record,,yes,ther beinge two howes allready builte to his hand and for his securitye against Indians tell he haue better strenthe and meanes to seatt. vpon the Colledge land for w*
V03-P0231-I01698-01711,group,IG-004,Chickahominy,place_homonym,exact,1.0,Chickahominie,Chickahominie,V03-P0231,1698,1711,V03-P0231-S01,1619-11-11,1619-11-11,low,record,,yes,nies land some fower milles from James Citty westward toward¢ the mouthe of the Chickahominie river: The Inhabitant¢ of Kequohtan the bounde of the Cofion Lande notwthstand
V03-P0231-I01739-01748,group,IG-007,Kecoughtan,place_homonym,fuzzy,0.842,Kequohtan,Kecoughtans,V03-P0231,1739,1748,V03-P0231-S01,1619-11-11,1619-11-11,low,record,,yes,tty westward toward¢ the mouthe of the Chickahominie river: The Inhabitant¢ of Kequohtan the bounde of the Cofion Lande notwthstandinge are permitted to Continew vpon t
V03-P0231-I02070-02079,group,IG-007,Kecoughtan,place_homonym,fuzzy,0.842,Kequohtan,Kecoughtans,V03-P0231,2070,2079,V03-P0231-S01,1619-11-11,1619-11-11,low,record,,yes,e. and are to Choose ther divident alonge the banke of the great riuer betweene Kequohtan and Newport¢ Newes:
V03-P0232-I00184-00190,collective,Indians,Indians,collective,exact,1.0,Indian,Indian,V03-P0232,184,190,V03-P0232-S01,1619-10-18,1619-11-12,medium,record,,yes,"pinion of the Counsell concerninge a piect revealed vnto him by Neuemettanan an Indian Comonly Called by the name of Englishe Jacke wt"" the fethers at Charles hundred"
V03-P0232-I00312-00323,person,IP-002,Opechancanough,person,fuzzy,0.909,Opachancamo,Opachancano,V03-P0232,312,323,V03-P0232-S01,1619-10-18,1619-11-12,medium,record,,yes,"cke wt"" the fethers at Charles hundredth y* 25 of october: as from the parte of Opachancamo who by the mouthe of the same Indian reqvired from the governor some 8 or tenn"
V03-P0232-I00354-00360,collective,Indians,Indians,collective,exact,1.0,Indian,Indian,V03-P0232,354,360,V03-P0232-S01,1619-10-18,1619-11-12,medium,record,,yes,* 25 of october: as from the parte of Opachancamo who by the mouthe of the same Indian reqvired from the governor some 8 or tenn Engleshe w* ther Armes to assiste him
V03-P0232-I00674-00680,collective,Indians,Indians,collective,exact,1.0,Indyan,Indyan,V03-P0232,674,680,V03-P0232-S01,1619-10-18,1619-11-12,medium,record,,yes,"emen of his Contrary to y® law of Nations, offeringe to furneshe our people wth Indyan shooes to march and to Carry thire Armor for them tell they should haue occatyo"
V03-P0232-I01112-01123,person,IP-002,Opechancanough,person,exact,1.0,Opachancano,Opachancano,V03-P0232,1112,1123,V03-P0232-S01,1619-10-18,1619-11-12,medium,record,,yes,"l grounded the ayd reqvired to be verye small and not of Consequence enough for Opachancano to put any trecherous disaster vpon, this y? onely way to obliege Opachancano w"
V03-P0232-I01192-01203,person,IP-002,Opechancanough,person,exact,1.0,Opachancano,Opachancano,V03-P0232,1192,1203,V03-P0232-S01,1619-10-18,1619-11-12,medium,record,,yes,"r Opachancano to put any trecherous disaster vpon, this y? onely way to obliege Opachancano who ever since St george yeardlies §cominge§ in hath stood aloofe vpon termes o"
V03-P0232-I01629-01636,collective,Indians,Indians,collective,exact,1.0,Indians,Indians,V03-P0232,1629,1636,V03-P0232-S01,1619-10-18,1619-11-12,medium,record,,yes,"beinge a fayer opptunitye for the Aduanement of this blessed worke seinge those Indians are in noe sort willinge to sell or by fayer meanes to part wth their Children,"
V03-P0232-I01796-01804,person,IP-003,Opitchapam (Sasawpen),person,fuzzy,0.875,Jtoyatin,Itoyatan,V03-P0232,1796,1804,V03-P0232-S01,1619-10-18,1619-11-12,medium,record,,yes,lastly this Cworse at least for y° plsent might wine amity and Confidence from Jtoyatin the great Kinge from Opachaneano his brother and lickwisse from their subiect¢
V03-P0232-I01826-01837,person,IP-002,Opechancanough,person,fuzzy,0.909,Opachaneano,Opachankeno,V03-P0232,1826,1837,V03-P0232-S01,1619-10-18,1619-11-12,medium,record,,yes,or y° plsent might wine amity and Confidence from Jtoyatin the great Kinge from Opachaneano his brother and lickwisse from their subiect¢ of these thre riuere of Ronoake P
V03-P0232-I01916-01924,group,IG-001,Powhatan,group_or_homonym,fuzzy,0.875,Powsatan,Powhatan,V03-P0232,1916,1924,V03-P0232-S01,1619-10-18,1619-11-12,medium,record,,yes,"o his brother and lickwisse from their subiect¢ of these thre riuere of Ronoake Powsatan and Pamunky: By the Gouernor and Counsell at James Citty Nouemb"" 12 1619: Whe"
V03-P0232-I01929-01936,group,IG-003,Pamunkey,group_or_homonym,spelling_variant,1.0,Pamunky,Pamunkies,V03-P0232,1929,1936,V03-P0232-S01,1619-10-18,1619-11-12,medium,record,,yes,"and lickwisse from their subiect¢ of these thre riuere of Ronoake Powsatan and Pamunky: By the Gouernor and Counsell at James Citty Nouemb"" 12 1619: Wheras accordin"
V03-P0246-I01294-01300,collective,Indians,Indians,collective,exact,1.0,Indian,Indian,V03-P0246,1294,1300,V03-P0246-S01,1620-01-01,1620-01-31,medium,record,,yes,"taine Henry Spelman being aceused by Robte Poole (one of the interpreto™ of the Indian language) of many crimes w might be pliudiciall to the State in generall, and t"
V03-P0246-I01656-01666,group,IG-016,Patawomeck,group_or_homonym,exact,1.0,Patawamack,Patawamack,V03-P0246,1656,1666,V03-P0246-S01,1620-01-01,1620-01-31,medium,record,,yes,[1] vpon hope of amendm*. In triall whereof he was yinploied as interpreto™ to Patawamack to trade for Corne. Captaine Ward in his shipp went to Monahigon in the No: Co
V03-P0247-I01892-01903,group,IG-007,Kecoughtan,place_homonym,fuzzy,0.857,Keqnoughton,Kecoughtans,V03-P0247,1892,1903,V03-P0247-S01,1620-01-01,1620-01-31,high,record,,yes,"Bay. The occasion hereof happened by the vnfrendly dealing of the Inhitant¢ of Keqnoughton, for he was in greate want of victuall¢, wherew™ they would not releive him nor"
V03-P0247-I02047-02060,group,IG-007,Kecoughtan,place_homonym,fuzzy,0.857,"Keq-
noughton",Kecoughtans,V03-P0247,2047,2060,V03-P0247-S01,1620-01-01,1620-01-31,high,record,,yes,"releive him nor his Company vpon any termes. Ile reported (whilst he staied at Keqnoughton) that if wee gott not some Ord’nance planted at Point Comfort, the Colony would"
V03-P0248-I01090-01099,person,IP-007,Japazaws,person,exact,1.0,J-apazous,Japazous,V03-P0248,1090,1099,V03-P0248-S01,1620-01-01,1620-01-31,medium,record,,yes,"erm', and knoweth (none better) these defect¢. About the begynnyng of Septemb' Japazous (the King of Patawamack@ brother) cames to James Cyty to the Governo’. Amongst"
V03-P0248-I01113-01123,group,IG-016,Patawomeck,group,exact,1.0,Patawamack,Patawamack,V03-P0248,1113,1123,V03-P0248-S01,1620-01-01,1620-01-31,medium,record,,yes,e better) these defect¢. About the begynnyng of Septemb' Japazous (the King of Patawamack@ brother) cames to James Cyty to the Governo’. Amongst other frivoulous messagé
V03-P0248-I01254-01264,group,IG-016,Patawomeck,group_or_homonym,exact,1.0,Patawamack,Patawamack,V03-P0248,1254,1264,V03-P0248-S01,1620-01-01,1620-01-31,medium,record,,yes,"ngst other frivoulous messagé he requested, that 2. shipps might be speedyly to Patawamack where they should trade for greate stoore of corne. Herevpon (according + to hi"
V03-P0248-I02315-02328,person,IP-002,Opechancanough,person,spelling_variant,1.0,"Opachan-
kano",Opachancano,V03-P0248,2315,2328,V03-P0248-S01,1620-01-01,1620-01-31,medium,record,,yes,"ewise proving very dishonest) requested Captaine William Powell and myself (for Opachankano pfesseth much love to me, and giueth much credite to my worde) to goe in a shal"
V03-P0248-I02418-02426,group,IG-003,Pamunkey,place_homonym,exact,1.0,Pomonkey,Pomonkey,V03-P0248,2418,2426,V03-P0248-S01,1620-01-01,1620-01-31,medium,record,,yes,"much love to me, and giueth much credite to my worde) to goe in a shallopp unto Pomonkey ryver: weh wee did. Going vp that 1 Marginal notes by John Ferrar."
V03-P0249-I00187-00197,group,IG-016,Patawomeck,group_or_homonym,exact,1.0,Patawamack,Patawamack,V03-P0249,187,197,V03-P0249-S01,1620-01-01,1620-01-31,high,record,,yes,"the Governo™ message. The shipp and frigate (being not farr out of their way to Patawamack) went in the night about 12. myles into the riu9, and wee hasting vpp wth o° sh"
V03-P0249-I00309-00320,person,IP-002,Opechancanough,person,fuzzy,0.909,Opaihankano,Opichankano,V03-P0249,309,320,V03-P0249-S01,1620-01-01,1620-01-31,high,record,,yes,"les into the riu9, and wee hasting vpp wth o° shallopp, the messengers were wth Opaihankano, before or asone as any newes came to him eyther of the shipps or o° arriuall,"
V03-P0249-I00523-00530,collective,heathen,heathen,collective,exact,1.0,heathen,heathen,V03-P0249,523,530,V03-P0249-S01,1620-01-01,1620-01-31,high,record,,yes,"te feare. Their intertaym®* at the first was harshe, (Poole being even turned + heathen) but after their message was delyuered, it was kindly taken, they sent away lov"
V03-P0249-I00777-00788,person,IP-002,Opechancanough,person,spelling_variant,1.0,Opachankano,Opachancano,V03-P0249,777,788,V03-P0249-S01,1620-01-01,1620-01-31,high,record,,yes,"es he could to breake o"" league. They + seemed also to be very weary of him. ®& Opachankano much wondered I would not goe to him, but (as I wished the messengers) they sa"
V03-P0249-I01295-01308,group,IG-004,Chickahominy,group,exact,1.0,Chikahomynies,Chikahomynies,V03-P0249,1295,1308,V03-P0249-S01,1620-01-01,1620-01-31,high,record,,yes,"dayly hazard, all + message being vntruly delyu%ed by Poole on both side. The Chikahomynies come not at vs, but wee receyue no domage by them. The Governo’ hath bounded t"
V03-P0250-I01763-01774,group,IG-011,Warraskoyack,place_homonym,fuzzy,0.9,Wareskoyack,Warraskoyacks,V03-P0250,1763,1774,V03-P0250-S01,1620-01-18,1620-01-31,medium,record,,yes,"tryall. as he Called it ang ie “ - Capt Lawne at his arriuall seated himself in Wareskoyack Bay wth his the Indians Company, but by his owne syeknes and his peoples (where"
V03-P0250-I01791-01798,collective,Indians,Indians,collective,exact,1.0,Indians,Indians,V03-P0250,1791,1798,V03-P0250-S01,1620-01-18,1620-01-31,medium,record,,yes,"ie “ - Capt Lawne at his arriuall seated himself in Wareskoyack Bay wth his the Indians Company, but by his owne syeknes and his peoples (wherein there was on one the"
V03-P0251-I00452-00462,group,IG-016,Patawomeck,group_or_homonym,exact,1.0,Patawamack,Patawamack,V03-P0251,452,462,V03-P0251-S01,1620-01-01,1620-01-31,low,record,,yes,"latter e begynning of Decemb' Capt Ward w** his shipp and the frigate came from Patawamack. Japasons hadd dealt falsely wth thein, for they could gett little trade, so th"
V03-P0251-I00464-00472,person,IP-007,Japazaws,person,fuzzy,0.857,Japasons,Japazons,V03-P0251,464,472,V03-P0251-S01,1620-01-01,1620-01-31,low,record,,yes,"ynning of Decemb' Capt Ward w** his shipp and the frigate came from Patawamack. Japasons hadd dealt falsely wth thein, for they could gett little trade, so that they br"
V03-P0251-I00760-00767,collective,Indians,Indians,collective,exact,1.0,Indyans,Indyans,V03-P0251,760,767,V03-P0251-S01,1620-01-01,1620-01-31,low,record,,yes,"antyty they traded for. But in conclusion being very peaceable wth all the oth? Indyans, at their departure they T also made a firme peace againe wth Japazons. At thi"
V03-P0251-I00830-00838,person,IP-007,Japazaws,person,exact,1.0,Japazons,Japazons,V03-P0251,830,838,V03-P0251-S01,1620-01-01,1620-01-31,low,record,,yes,"the oth? Indyans, at their departure they T also made a firme peace againe wth Japazons. At this tyme also came Captaine Woodiff in a smale shipp of Bristow, who brou"
V03-P0252-I00549-00559,group,IG-016,Patawomeck,group_or_homonym,exact,1.0,Patowamach,Patowamach,V03-P0252,549,559,V03-P0252-S01,1620-01-18,1620-01-31,medium,record,,yes,rn: Extreme feare of the Spaniards: Want of all things. Ships sent to the K. of Patowamach. Voiage to Opuchankeno. Pooles villanie. { The 4. Burrough & publique land set
V03-P0252-I00571-00582,person,IP-002,Opechancanough,person,fuzzy,0.909,Opuchankeno,Opachankeno,V03-P0252,571,582,V03-P0252-S01,1620-01-18,1620-01-31,medium,record,,yes,he Spaniards: Want of all things. Ships sent to the K. of Patowamach. Voiage to Opuchankeno. Pooles villanie. { The 4. Burrough & publique land set out. h Joy and good suc
V03-P0255-I01319-01332,person,IP-002,Opechancanough,person,fuzzy,0.909,"Opo-
chancano",Opichankano,V03-P0255,1319,1332,V03-P0255-S01,1620-01-18,1620-01-18,high,record,,yes,"while she was here) or concerning Spelmans vnaduised using of his lo”* name to Opochancano. Meane while in the dangers wherein the Colony stood, Sir George thought himsel"
V03-P0257-I00351-00365,person,IP-002,Opechancanough,person,fuzzy,0.929,Opochancanough,Opechancanough,V03-P0257,351,365,V03-P0257-S01,1620-01-13,1620-01-13,high,record,,yes,"e quite of another opinion. For bringing the Kinges picture as a messenger from Opochancanough, we counted him a publique, and as it were a neutral person, and so for not dis"
V03-P0257-I00458-00475,person,IP-002,Opechancanough,person,fuzzy,0.966,"Opoe-
chancanough",Opechancanough,V03-P0257,458,475,V03-P0257-S01,1620-01-13,1620-01-13,high,record,,yes,"d him a publique, and as it were a neutral person, and so for not discontenting Opoechancanough, w'* whom nowe we stand in termes of reconciliation, we thought if no wayes con"
V03-P0257-I01344-01355,person,IP-002,Opechancanough,person,exact,1.0,Opachankeno,Opachankeno,V03-P0257,1344,1355,V03-P0257-S01,1620-01-13,1620-01-13,high,record,,yes,"s of Land. (J Touching y® Complaints by y* Prospus vide. Poole a messenger from Opachankeno, [By Sr Edwin Sandys] To & Edwin Sandys. 1282—33——18"
V03-P0259-I01730-01741,group,IG-006,Paspahegh,group_or_homonym,fuzzy,0.952,Paspaheigho,Paspaheigh,V03-P0259,1730,1741,V03-P0259-S01,1620-01-16,1620-01-16,high,record,,yes,"Martins Hundred people, to make them acknowledge by y® same act of theirs that Paspaheigho by? + expresse wordes in y® greate Comission did belonge to y°? Governo™ and th"
V03-P0262-I00858-00867,group,IG-006,Paspahegh,group,exact,1.0,Paspaheys,Paspaheys,V03-P0262,858,867,V03-P0262-S01,1620-01-16,1620-01-28,medium,record,,yes,"a 16. Jan: 1619, By * * * Reasons of Rent taken by S' G. Y. from Mart. Hun. The Paspaheys land. Store of True Housbandmen to be sent. Vignerons & Vines from Fr: and Spa"
V03-P0284-I00216-00224,group,IG-007,Kecoughtan,place_homonym,fuzzy,0.889,Kicowtan,Kicoughtans,V03-P0284,216,224,V03-P0284-S01,1620-05-17,1620-05-17,medium,record,,yes,"foure ancient generall Burroughs, called ames City, Henrico, Charles City, and Kicowtan, (which hereafter shall be called Elizabeth City, by the name of his Maiesties"
V03-P0284-I02120-02127,collective,heathen,heathen,collective,exact,1.0,Heathen,heathen,V03-P0284,2120,2127,V03-P0284-S01,1620-05-17,1620-05-17,medium,record,,yes,"hment to everlasting destruction: but also by their good example, to allure the Heathen people to submit themselues to the Scepter of Gods most righteous and blessed K"
V03-P0293-I01594-01605,group,IG-004,Chickahominy,group_or_homonym,fuzzy,0.909,Chekohomini,Chocohominy,V03-P0293,1594,1605,V03-P0293-S01,1620-05-17,1620-06-01,medium,record,,yes,ted * * * Wye was made acquainted of the banishment of * * * 19 Item That the Chekohomini or sa people and sent and before coiiitted * * * and stayne divers of them to t
V03-P0308-I01335-01342,collective,natives,natives,contextual,exact,1.0,natiues,natiues,V03-P0308,1335,1342,V03-P0308-S01,1620-06-07,1620-06-12,medium,record,,yes,1620. Sir we have written for store of blew beades and white to trade with the natiues for Corne I beseech you not to fayle to send them for it doth neerely concerne
V03-P0312-I02220-02227,collective,Indians,Indians,collective,exact,1.0,Indyans,Indyans,V03-P0312,2220,2227,V03-P0312-S01,1620-06-12,1620-06-12,medium,record,,yes,"y® manuringe. But over against yt on y® maine, w 8"" Thomas Dale bought from y* Indyans for y° company, there is as good ground as any is in Virginia, and such a place"
V03-P0356-I01232-01239,collective,natives,natives,contextual,exact,1.0,Natives,natives,V03-P0356,1232,1239,V03-P0356-S01,1620-06-27,1620-07-01,medium,record,,yes,"the vtmost of their powers, the best meanes for the reclaiming of the Barbarous Natives; and bringing them to the true worship of God, ciuilitie of life, and vertue."
V03-P0380-I00465-00476,group,IG-004,Chickahominy,group_or_homonym,fuzzy,0.909,Chekohomini,Chocohominy,V03-P0380,465,476,V03-P0380-S01,1620-07-19,1620-08-09,medium,record,,yes,. London List of Records No. 193 But for the matter therein conteyned about the Chekohomini we will not pemptorilye it to be executed (so long time being since passed) but
V03-P0383-I00320-00327,collective,natives,natives,contextual,exact,1.0,natives,natives,V03-P0383,320,327,V03-P0383-S01,1620-08-26,1620-08-26,high,record,,yes,hority to be our cheife m9chant and to comerce trucke and trade either with the natives of Virginia or with the [English there residinge as to him should seeme best to
V03-P0389-I01109-01116,collective,natives,natives,contextual,exact,1.0,natives,natives,V03-P0389,1109,1116,V03-P0389-S01,1620-08-31,1620-08-31,high,record,,yes,eth Aswell by way of exportaton out of England as by way of trade either wt the natives of Virginia or wt the English there residinge or to be residinge to be our chei
V03-P0402-I01333-01339,collective,Indians,Indians,collective,exact,1.0,Indyan,Indyan,V03-P0402,1333,1339,V03-P0402-S01,1620-09-01,1620-09-01,medium,record,,yes,"eo: W™ and Iohn & their heires, one third pte of all English corne & of maiz or Indyan wheat and the one halfe of all other pfits fruite cattle seeds & increase whats"
V03-P0437-I02013-02020,collective,heathen,heathen,collective,exact,1.0,Heathen,heathen,V03-P0437,2013,2020,V03-P0437-S01,1621-01-21,1621-01-21,high,record,,yes,"ur ancient liberty, or otherwise to send for vs all home; and not to suffer the Heathen to triumph over vs and to saye Where is now their God? So shall wee all (as wee"
V03-P0446-I00828-00834,collective,savages,savages,collective,exact,1.0,sauage,sauage,V03-P0446,828,834,V03-P0446-S01,1621-03-06,1621-03-24,medium,record,,yes,"nment, increase of Nauigation and Trade, and especially for the reducing of the sauage and barbarous people of those parts to the Christian faith, did incorporate diu"
V03-P0450-I00563-00572,title,weroance,weroance,title,exact,1.0,Werowance,werowance,V03-P0450,563,572,V03-P0450-S01,1621-04-12,1621-04-17,medium,record,,yes,e now report this vato you w® I haue noted amoungest theis Savadges. The greate Werowance Powhawtan in his annuall progress through his pettye provinces cofiing to Patow
V03-P0450-I00573-00582,group,IG-001,Powhatan,group_or_homonym,fuzzy,0.941,Powhawtan,Powhatan,V03-P0450,573,582,V03-P0450-S01,1621-04-12,1621-04-17,medium,record,,yes,"rt this vato you w® I haue noted amoungest theis Savadges. The greate Werowance Powhawtan in his annuall progress through his pettye provinces cofiing to Patowamack, was"
V03-P0450-I00647-00657,group,IG-016,Patawomeck,group_or_homonym,exact,1.0,Patowamack,Patowamack,V03-P0450,647,657,V03-P0450-S01,1621-04-12,1621-04-17,medium,record,,yes,"wance Powhawtan in his annuall progress through his pettye provinces cofiing to Patowamack, was there as in other places intertained with the greatest honnor that Nation"
V03-P0458-I00581-00588,collective,heathen,heathen,collective,exact,1.0,Heathen,heathen,V03-P0458,581,588,V03-P0458-S01,1621-05-08,1621-05-15,medium,record,,yes,"o doe, take his seruice a longe w vs by o"" serious endeuours of conuertinge the Heathen that Liue round aboute vs and are dayly conersant amongst vs $&§ yeat is there"
V03-P0459-I01277-01284,collective,natives,natives,contextual,exact,1.0,natiues,natiues,V03-P0459,1277,1284,V03-P0459-S01,1621-05-15,1621-05-16,high,record,,yes,"e some Pikes sent vs w*"" weapon the maner of o° peoples fer fightinge ye w' the natiues hath worne quite out of vse but if shall haue to doe w** the Spaniard wee uiust"
V03-P0463-I00499-00506,collective,Indians,Indians,collective,exact,1.0,Indians,Indians,V03-P0463,499,506,V03-P0463-S01,1621-05-16,1621-05-16,high,record,,yes,"heir groundes. Besides, if that company intende (as I doe heare) to buy out the Indians of Chischiack, those twoe worthy gentlemen might perhaps speed a great deale be"
V03-P0463-I00510-00522,group,IG-018,Chiskiack,group,fuzzy,0.824,"Chi-
schiack",Chiskiack,V03-P0463,510,522,V03-P0463-S01,1621-05-16,1621-05-16,high,record,,yes,"es. Besides, if that company intende (as I doe heare) to buy out the Indians of Chischiack, those twoe worthy gentlemen might perhaps speed a great deale better by chusin"
V03-P0476-I01404-01414,group,IG-006,Paspahegh,group,exact,1.0,Paspehayes,Paspehayes,V03-P0476,1404,1414,V03-P0476-S01,1621-06-18,1621-06-18,medium,record,,yes,of it we now remaiyne within the Subberbs of James Cittie called by the name of Paspehayes with my sonn in law John Smyth Thus loth to troble yout worship I humblie take
V03-P0480-I01244-01253,collective,infidels,infidels,collective,exact,1.0,Infidells,infidells,V03-P0480,1244,1253,V03-P0480-S01,1621-06-18,1621-06-18,medium,record,,yes,"e religion, god liues and vertue, that ther example may be a meanes to winn the Infidells to God: wherin wee pray you especiallie to haue in daly remembrance that the Pa"
V03-P0481-I01357-01364,collective,natives,natives,contextual,exact,1.0,Natiues,natiues,V03-P0481,1357,1364,V03-P0481-S01,1621-06-18,1621-06-18,medium,record,,yes,"Care that no iniurie or oppresion bee wrought by the English against any of y® Natiues of that Countrie, wherby the present peace may bee disturbed and ancient quarre"
V03-P0481-I01616-01623,collective,natives,natives,contextual,exact,1.0,natiues,natiues,V03-P0481,1616,1623,V03-P0481-S01,1621-06-18,1621-06-18,medium,record,,yes,"ty of o' people bee still preserued and all maner of Insolence committed by the natiues be seuerely and sharpelie punished. 8 Item that you cause o"" people to applie"
V03-P0482-I01094-01101,collective,natives,natives,contextual,exact,1.0,Natiues,natiues,V03-P0482,1094,1101,V03-P0482-S01,1621-06-18,1621-06-18,medium,record,,yes,"yeare 5 Item that the best meanes bee used to draw the better disposed of the Natiues to Converse w™ o° people and labor amongst them wt Convenient reward, that ther"
V03-P0482-I01371-01378,collective,savages,savages,collective,exact,1.0,Savages,savages,V03-P0482,1371,1378,V03-P0482-S01,1621-06-18,1621-06-18,medium,record,,yes,"and true religion, w may proue also of great strength to o° people against the Savages or other Invadors whatsoeu?: And they may bee fitt Instruments to assist afterw"
V03-P0482-I01503-01510,collective,heathen,heathen,collective,exact,1.0,Heathen,heathen,V03-P0482,1503,1510,V03-P0482-S01,1621-06-18,1621-06-18,medium,record,,yes,"e fitt Instruments to assist afterwards in the more gennerall Conversion of the Heathen people w""® wee somuch desier. 6 Item that for y* laying of y° surer foundation"
V03-P0482-I01772-01779,collective,natives,natives,contextual,exact,1.0,Natiues,natiues,V03-P0482,1772,1779,V03-P0482-S01,1621-06-18,1621-06-18,medium,record,,yes,obtaine to themselues by Just meanes a Certaine number of the Chilldren of the Natiues to be Educated by them in true Religion and a Ciuill Course of life: of weh Chi
V03-P0495-I01727-01734,collective,heathen,heathen,collective,exact,1.0,heathen,heathen,V03-P0495,1727,1734,V03-P0495-S01,1621-06-18,1621-06-18,medium,record,,yes,"nd seruice of almightie god, and the Enlargement of his kingdome amongste those heathen people, And next in the erecting of the said Colonie in one obedience to his Ma"
V03-P0499-I01751-01757,collective,Indians,Indians,collective,exact,1.0,Indian,Indian,V03-P0499,1751,1757,V03-P0499-S01,1621-06-18,1621-06-18,medium,record,,yes,"esired worke to its pfeeéon Wee exeedingly approue yo"" course in takinge in of Indian families as beinge a great meanes to reduce that Nation to Civility and to the"
V03-P0501-I02011-02018,collective,Indians,Indians,collective,exact,1.0,Indians,Indians,V03-P0501,2011,2018,V03-P0501-S01,1621-06-18,1621-06-18,medium,record,,yes,"ze, nor the Comoditie of glass and beade@ be vilified by to Comon a sale to the Indians And wee canot forbeare to deliu' ynto you the good opinion the Company has rec"
V03-P0507-I00686-00693,collective,natives,natives,contextual,exact,1.0,natiues,natiues,V03-P0507,686,693,V03-P0507-S01,1621-08-12,1621-08-12,high,record,,yes,is one of Cap'* Nortons cheife employmente w™ beinge the mony you trade w* the natiues we would by no meanes haue through to much abundance vilified or the Virginiane
V03-P0534-I00813-00820,collective,Indians,Indians,collective,exact,1.0,Indyans,Indyans,V03-P0534,813,820,V03-P0534-S01,1621-10-24,1621-10-24,high,record,,yes,"vppon the Lands of other Planters & Comitted outrage and rapine vppon the pore Indyans, as Captaine Martine, then in Virginia now in London vnder the testimony of his"
V03-P0534-I01596-01603,collective,Indians,Indians,collective,exact,1.0,Indyans,Indyans,V03-P0534,1596,1603,V03-P0534-S01,1621-10-24,1621-10-24,high,record,,yes,ainst Bargraues Deputyes & others that vnder Couller of goeing to trade w'® the Indyans did for their priuate lucre vnfurnish the Colonye of necessary prouisions and f
V03-P0534-I01694-01701,collective,Indians,Indians,collective,exact,1.0,Indyans,Indyans,V03-P0534,1694,1701,V03-P0534-S01,1621-10-24,1621-10-24,high,record,,yes,"eir priuate lucre vnfurnish the Colonye of necessary prouisions and furnish the Indyans wth Armes, or rob them of their [2] corne, and also to approue that the affores"
V03-P0539-I00854-00861,collective,Indians,Indians,collective,exact,1.0,Indians,Indians,V03-P0539,854,861,V03-P0539-S01,1621-10-24,1621-10-24,high,record,,yes,"ciall that yo"" putt in two or three skilfull in the languages and maners of the Indians, and expert in those places, wherein the trade is to be, that may serue for gui"
V03-P0545-I01262-01268,collective,Indians,Indians,collective,exact,1.0,Indian,Indian,V03-P0545,1262,1268,V03-P0545-S01,1621-10-24,1621-10-24,high,record,,yes,"else, but is so pfect good, that if it might be gotten w"" so easie labo"" as the Indiané relate, there were no mine could equall the riches thereof: what further yo"" h"
V03-P0547-I01874-01882,collective,savages,savages,collective,exact,1.0,Salvages,salvages,V03-P0547,1874,1882,V03-P0547-S01,1621-12-23,1621-12-23,high,record,,yes,"into the baye, and to goe into any Ryuers Creeks, harbors, ther to trade w any Salvages in amitie w‘"" vs, for Corne"
V03-P0548-I00220-00227,collective,Indians,Indians,collective,exact,1.0,Indians,Indians,V03-P0548,220,227,V03-P0548-S01,1621-12-23,1622-01-01,medium,record,,yes,"ge w the Company defend himselfe, wt what power & strength hee may, against any Indians, w™ shall (contrary to o"" peace) oppose themselves against him. Prouided that h"
V03-P0553-I00556-00564,collective,infidels,infidels,collective,exact,1.0,Infidels,infidels,V03-P0553,556,564,V03-P0553-S01,1621-12-23,1622-01-01,medium,record,,yes,"Massacre in the time of peace and League, treacherously executed by the Natiue Infidels vpon the Iinglish, the 22 of March last. Together with the names of those that"
V03-P0554-I01963-01971,group,IG-005,Weyanoke,group_or_homonym,exact,1.0,Weynoack,Weynoack,V03-P0554,1963,1971,V03-P0554-S01,1621-12-23,1622-01-01,medium,record,,yes,0. auaritious quarrels ambitious quarrels. 40 4. Shinhow Swinhow. abid. 10. Weynoack. Weyanock. 45 5. by Fretum Hudsen. and by Frefum Hudson. [1] A Decraration of
V03-P0554-I01973-01981,group,IG-005,Weyanoke,group_or_homonym,exact,1.0,Weyanock,Weyanock,V03-P0554,1973,1981,V03-P0554-S01,1621-12-23,1622-01-01,medium,record,,yes,ious quarrels ambitious quarrels. 40 4. Shinhow Swinhow. abid. 10. Weynoack. Weyanock. 45 5. by Fretum Hudsen. and by Frefum Hudson. [1] A Decraration of the state
V03-P0554-I02232-02240,collective,infidels,infidels,collective,exact,1.0,Infidels,infidels,V03-P0554,2232,2240,V03-P0554-S01,1621-12-23,1622-01-01,medium,record,,yes,"time of peace and League, treacherously executed vpon the English by the natiue Infidels, 22 March last."
V03-P0558-I02238-02245,collective,natives,natives,contextual,exact,1.0,Natiues,natiues,V03-P0558,2238,2245,V03-P0558-S01,1621-12-23,1622-01-01,medium,record,,yes,"re of Indian Corne or Maize, sufficient for our selues, and for trueke with the Natiues; restraint of the quantity of Tobacco, and amendment. of it in the quality, lea"
V03-P0559-I01635-01643,group,IG-016,Patawomeck,group_or_homonym,fuzzy,0.857,Patomack,Potomack,V03-P0559,1635,1643,V03-P0559-S01,1621-12-23,1622-01-01,medium,record,,yes,"by Lieutenant Marmaduke Parkinson, and other English Gentlemen, vp the Riuer of Patomack they saw a China Boxe at one of the Kings houses where they were: Being demande"
V03-P0559-I02296-02303,collective,savages,savages,collective,exact,1.0,Sauages,sauages,V03-P0559,2296,2303,V03-P0559-S01,1621-12-23,1622-01-01,medium,record,,yes,"use; and the rather, by reason of the continual constant relations of all those Sauages in VIRGINIA, of a Sea, and the way to it West, they affirming that the heads of"
V03-P0561-I01309-01316,collective,natives,natives,contextual,exact,1.0,Natiues,natiues,V03-P0561,1309,1316,V03-P0561-S01,1621-12-23,1622-01-01,medium,record,,yes,"of this Discourse, we freely confesse, that the Countrey is not so good, as the Natiues are bad, whose barbarous Sauagenesse needs more cultivation then the ground it"
V03-P0561-I01652-01659,collective,savages,savages,collective,exact,1.0,Sauages,sauages,V03-P0561,1652,1659,V03-P0561-S01,1621-12-23,1622-01-01,medium,record,,yes,"exceeded it farre, being so thankfull as to returne an hundred for one. But the Sauages though neuer Nation vsed so kindly vpon so small desert, haue in stead of that"
V03-P0562-I00226-00233,collective,savages,savages,collective,exact,1.0,Sauages,sauages,V03-P0562,226,233,V03-P0562-S01,1621-12-23,1622-01-01,medium,record,,yes,"ed to one of his Oakes of note, but as being aduantagious to both parts; to the Sauages as the weaker, vnder which they were safely sheltred and defended; to vs, as be"
V03-P0562-I00884-00891,collective,savages,savages,collective,exact,1.0,Sauages,sauages,V03-P0562,884,891,V03-P0562-S01,1621-12-23,1622-01-01,medium,record,,yes,"he further from neighbors held the better. The houses generally set open to the Sauages, who were alwaies friendly entertained at the tables of the English, and common"
V03-P0562-I01319-01326,collective,natives,natives,contextual,exact,1.0,Natiues,natiues,V03-P0562,1319,1326,V03-P0562-S01,1621-12-23,1622-01-01,medium,record,,yes,"rity, all our projects (saith he) in a faire way, and their familarity with the Natiues, seeming to open a faire gate for their conuersion to Christianitie. The Count"
V03-P0562-I01471-01482,person,IP-002,Opechancanough,person,spelling_variant,1.0,Opachankano,Opachancano,V03-P0562,1471,1482,V03-P0562-S01,1621-12-23,1622-01-01,medium,record,,yes,"tie. The Country being in this estate, an occasion was ministred of sending to Opachankano the King of these Sauages, about the middle of March last, what time the Messen"
V03-P0562-I01501-01508,collective,savages,savages,collective,exact,1.0,Sauages,sauages,V03-P0562,1501,1508,V03-P0562-S01,1621-12-23,1622-01-01,medium,record,,yes,"s estate, an occasion was ministred of sending to Opachankano the King of these Sauages, about the middle of March last, what time the Messenger returned backe with th"
V03-P0562-I01970-01985,group,IG-011,Warraskoyack,group,exact,1.0,"Warra-
scoyacks",Warrascoyacks,V03-P0562,1970,1985,V03-P0562-S01,1621-12-23,1622-01-01,medium,record,,yes,"them in safety: and one Browne, who then to learne the language liued among the Warrascoyacks (a Prouince of that King) was in friendly manner sent backe by them to Captaine"
V03-P0564-I00619-00626,collective,savages,savages,collective,exact,1.0,Savages,savages,V03-P0564,619,626,V03-P0564-S01,1621-12-23,1622-01-01,medium,record,,yes,", hee neuer denyed them any thing that they asked him, insomuch that when these Savages complained vnto him of the fiercenesse of our Mastiues, most implacable and ter"
V03-P0564-I01925-01930,collective,pagans,pagans,collective,exact,1.0,Pagan,pagan,V03-P0564,1925,1930,V03-P0564-S01,1621-12-23,1622-01-01,medium,record,,yes,"er with him oft, and intimated to him matters of our Religion; and thus far the Pagan confessed, moued by naturall Principles, that our God was a good God, and bette"
V03-P0565-I00876-00884,collective,infidels,infidels,collective,exact,1.0,Infidels,infidels,V03-P0565,876,884,V03-P0565-S01,1621-12-23,1622-01-01,medium,record,,yes,"r would beleeue they meant any ill against him. Thus the sinnes of these wicked Infidels, haue made them vnworthy of enioying him, and the eternall good that he most ze"
V03-P0565-I02157-02164,collective,savages,savages,collective,exact,1.0,Sauages,sauages,V03-P0565,2157,2164,V03-P0565-S01,1621-12-23,1622-01-01,medium,record,,yes,"ed from beleeuing any thing that might weaken their hopes of speedy winning the Sauages to Ciuilitie and Religion, by kinde vsage and fayre conuersing amongst them. He"
V03-P0565-I02566-02573,collective,savages,savages,collective,exact,1.0,Sauages,sauages,V03-P0565,2566,2573,V03-P0565-S01,1621-12-23,1622-01-01,medium,record,,yes,whole Plantation there; and the more speedy conuersion of the Children of those Sauages
V03-P0566-I00541-00550,group,IG-003,Pamunkey,place_homonym,exact,1.0,Pamounkey,Pamounkey,V03-P0566,541,550,V03-P0566-S01,1621-12-23,1622-01-01,medium,record,,yes,"formerly saued, as at Iames-Citie, and other places, and the Pinnace trading in Pamounkey Riuer, all whose liues were saued by a conuerted Indian, disclosing the plot in"
V03-P0566-I00600-00606,collective,Indians,Indians,collective,exact,1.0,Indian,Indian,V03-P0566,600,606,V03-P0566-S01,1621-12-23,1622-01-01,medium,record,,yes,"e Pinnace trading in Pamounkey Riuer, all whose liues were saued by a conuerted Indian, disclosing the plot in the instant (whereof though our sinnes (say they) made"
V03-P0566-I01559-01566,collective,Indians,Indians,collective,exact,1.0,Indians,Indians,V03-P0566,1559,1566,V03-P0566-S01,1621-12-23,1622-01-01,medium,record,,yes,"affayres were full of suecesse, and such intercourse of familiaritie, as if the Indians and themselues had beene of one Nation, those treacherous Natiues, after fiue y"
V03-P0566-I01625-01632,collective,natives,natives,contextual,exact,1.0,Natiues,natiues,V03-P0566,1625,1632,V03-P0566-S01,1621-12-23,1622-01-01,medium,record,,yes,"ie, as if the Indians and themselues had beene of one Nation, those treacherous Natiues, after fiue yeares peace, by a generall combination in one day plotted to subue"
V03-P0566-I01969-01976,collective,natives,natives,contextual,exact,1.0,Natiues,natiues,V03-P0566,1969,1976,V03-P0566-S01,1621-12-23,1622-01-01,medium,record,,yes,"or the better vnderstanding of all things, you shall know that these wyld naked Natiues liue not in great numbers together, but dispersed, and in small companies; and"
V03-P0567-I00811-00817,collective,Indians,Indians,collective,exact,1.0,Indian,Indian,V03-P0567,811,817,V03-P0567-S01,1621-12-23,1622-01-01,medium,record,,yes,"the slaughter had beene vniuersall, if God had not put it into the heart of an Indian belonging to one Perry, to disclose it, who liuing in the house of one Pace, wa"
V03-P0567-I00916-00922,collective,Indians,Indians,collective,exact,1.0,Indian,Indian,V03-P0567,916,922,V03-P0567-S01,1621-12-23,1622-01-01,medium,record,,yes,"erry, to disclose it, who liuing in the house of one Pace, was vrged by another Indian his Brother (who came the night before and lay with him) to kill Pace, (so comm"
V03-P0567-I01216-01222,collective,Indians,Indians,collective,exact,1.0,Indian,Indian,V03-P0567,1216,1222,V03-P0567-S01,1621-12-23,1622-01-01,medium,record,,yes,"from diuers places to finish the Execution, who failed not at the time: Perries Indian rose out of his bed and reueales it to Paee, that vsed him as a Sonne: And thus"
V03-P0567-I01436-01444,collective,infidels,infidels,collective,exact,1.0,Infidell,infidell,V03-P0567,1436,1444,V03-P0567-S01,1621-12-23,1622-01-01,medium,record,,yes,y this meanes was saued. Such was (God bee thanked for it) the good fruit of an Infidell conuerted to Christianity; for though three hundred and more of ours [21] died
V03-P0567-I01541-01546,collective,pagans,pagans,collective,exact,1.0,Pagan,pagan,V03-P0567,1541,1546,V03-P0567-S01,1621-12-23,1622-01-01,medium,record,,yes,"istianity; for though three hundred and more of ours [21] died by many of these Pagan Infidels, yet thousands of ours were saued by the means of one of them alone wh"
V03-P0567-I01547-01555,collective,infidels,infidels,collective,exact,1.0,Infidels,infidels,V03-P0567,1547,1555,V03-P0567-S01,1621-12-23,1622-01-01,medium,record,,yes,"ity; for though three hundred and more of ours [21] died by many of these Pagan Infidels, yet thousands of ours were saued by the means of one of them alone which was m"
V03-P0568-I00380-00391,person,IP-002,Opechancanough,person,spelling_variant,1.0,Opachankano,Opachancano,V03-P0568,380,391,V03-P0568-S01,1621-12-23,1622-01-01,medium,record,,yes,"r Corne, in Haruest next. And that it is since discouered, that the last Summer Opachankano practised with a King of the Eastern shore (no wellwiller of his) to furnish hi"
V03-P0569-I00701-00708,collective,Indians,Indians,collective,exact,1.0,Indians,Indians,V03-P0569,701,708,V03-P0569-S01,1621-12-23,1622-01-01,medium,record,,yes,"of woods was the greatest labour. Thirdly, Because those commodities which the Indians enioyed as much or rather more than we, shall now also be entirely possessed by"
V03-P0569-I01008-01014,collective,Indians,Indians,collective,exact,1.0,Indian,Indian,V03-P0569,1008,1014,V03-P0569-S01,1621-12-23,1622-01-01,medium,record,,yes,"whereat foure or fiue hundred Deere were vsually slaine) but by each particular Indian were destroied at all times of the yeare, without any difference of Male, Damme"
V03-P0569-I01321-01328,collective,Indians,Indians,collective,exact,1.0,Indians,Indians,V03-P0569,1321,1328,V03-P0569-S01,1621-12-23,1622-01-01,medium,record,,yes,"will be also a great increase of wild Turkies, and other waighty Fowle, for the Indians neuer put difference of destroying the Hen, but kill them whether in season or"
V03-P0569-I02496-02503,collective,savages,savages,collective,exact,1.0,Sauages,sauages,V03-P0569,2496,2503,V03-P0569-S01,1621-12-23,1622-01-01,medium,record,,yes,"after them, and Mastiues to teare them, which take this naked, tanned, deformed Sauages, for no other 12892387"
V03-P0570-I00556-00563,collective,Indians,Indians,collective,exact,1.0,Indians,Indians,V03-P0570,556,563,V03-P0570-S01,1621-12-23,1622-01-01,medium,record,,yes,"great vse for his owne turne of the quarrels and enmities that were amongst the Indians, as throughly vnderstanding and following that Maxime of the Politician, Diude"
V03-P0570-I01650-01657,collective,savages,savages,collective,exact,1.0,Sauages,sauages,V03-P0570,1650,1657,V03-P0570-S01,1621-12-23,1622-01-01,medium,record,,yes,"ne vnto another, and many of them beare a mortal! hatred to these our barbarous Sauages, that haue beene likely as false and perfidious heretofore to them, as vnto vs"
V03-P0571-I00037-00044,collective,savages,savages,collective,exact,1.0,Sauages,sauages,V03-P0571,37,44,V03-P0571-S01,1621-12-23,1622-01-01,medium,record,,yes,"1622 559 are more generous, whilest Sauages performe their inferiour workes of digging in mynes, and the like, of whom also"
V03-P0571-I00649-00656,collective,savages,savages,collective,exact,1.0,Sauages,sauages,V03-P0571,649,656,V03-P0571-S01,1621-12-23,1622-01-01,medium,record,,yes,"es are misspent vpon rude natures, so long as they continue rude; as also, that Sauages and Pagans are aboue all other for matter of Iustice euer to be suspected. Thus"
V03-P0571-I00661-00667,collective,pagans,pagans,collective,exact,1.0,Pagans,pagans,V03-P0571,661,667,V03-P0571-S01,1621-12-23,1622-01-01,medium,record,,yes,"ent vpon rude natures, so long as they continue rude; as also, that Sauages and Pagans are aboue all other for matter of Iustice euer to be suspected. Thus vpon this"
V03-P0572-I00738-00744,collective,Indians,Indians,collective,exact,1.0,Indian,Indian,V03-P0572,738,744,V03-P0572-S01,1621-12-23,1622-01-01,medium,record,,yes,"n his returne from the West Indies into Spaine, hauing left his people with the Indian in peace, and promise of fayre vsage towards them, yet [28] at his comming back"
V03-P0572-I00885-00892,collective,natives,natives,contextual,exact,1.0,Natiues,natiues,V03-P0572,885,892,V03-P0572-S01,1621-12-23,1622-01-01,medium,record,,yes,"at his comming backe againe, hee found no one man aliue of them, but all by the Natiues treacherously slaine. After this againe, when the Spanish Colony was increased"
V03-P0572-I00995-01002,collective,Indians,Indians,collective,exact,1.0,Indians,Indians,V03-P0572,995,1002,V03-P0572-S01,1621-12-23,1622-01-01,medium,record,,yes,"After this againe, when the Spanish Colony was increased in great numbers, the Indians (from whom the Spaniards for trucking stuffe vsed to haue all their corn) gener"
V03-P0572-I01816-01822,collective,Indians,Indians,collective,exact,1.0,Indian,Indian,V03-P0572,1816,1822,V03-P0572-S01,1621-12-23,1622-01-01,medium,record,,yes,"upplyes new made, an infinite company of them by their incontinency dyed of the Indian disease, that hath now got a French name, which at first (as being a strange an"
V03-P0573-I02171-02178,collective,Indians,Indians,collective,exact,1.0,Indians,Indians,V03-P0573,2171,2178,V03-P0573-S01,1621-12-23,1622-01-01,medium,record,,yes,"d Booke of the first Part of his West Indie History saith, that of a million of Indians at least, that were in Hispaniola, there were not (in little more than forty ye"
V03-P0573-I02371-02378,collective,Indians,Indians,collective,exact,1.0,Indians,Indians,V03-P0573,2371,2378,V03-P0573-S01,1621-12-23,1622-01-01,medium,record,,yes,"ing of the Plantation) fiue hundred of thé & all their children liuing: for the Indians that liued there, after were brought out of the Continent into that Tland, or o"
V03-P0574-I00060-00067,collective,natives,natives,contextual,exact,1.0,Natiues,natiues,V03-P0574,60,67,V03-P0574-S01,1621-12-23,1622-01-01,medium,record,,yes,"562 RECORDS OF THE VIRGINIA COMPANY On the other side, the Natiues in VIRGINIA are nothing populous, but thin and scattered Nations, as is knowne"
V03-P0574-I00377-00384,collective,Indians,Indians,collective,exact,1.0,Indians,Indians,V03-P0574,377,384,V03-P0574-S01,1621-12-23,1622-01-01,medium,record,,yes,"int you with bis obseruation and iudgement of the nature and disposition of the Indians there, that you may compare and see in what, and how farre, it agrees with that"
V03-P0574-I00472-00479,collective,natives,natives,contextual,exact,1.0,Natiues,natiues,V03-P0574,472,479,V03-P0574-S01,1621-12-23,1622-01-01,medium,record,,yes,"that you may compare and see in what, and how farre, it agrees with that of the Natiues of VIRGINIA. They are (saith hee) by nature sloathfull and idle, vitious, mela"
V03-P0574-I00677-00683,collective,Indians,Indians,collective,exact,1.0,Indian,Indian,V03-P0574,677,683,V03-P0574-S01,1621-12-23,1622-01-01,medium,record,,yes,"yers, of small memory, of no constancy or trust. In another place he saith, The Indian is by nature of all people the most lying and most ineonstant in the world, sot"
V03-P0575-I00049-00056,collective,Indians,Indians,collective,exact,1.0,Indians,Indians,V03-P0575,49,56,V03-P0575-S01,1621-12-23,1622-01-01,medium,record,,yes,"1622 563 got great and mighty treasure from the Indians, which they in long space had heaped vp together, [82] and in those times the I"
V03-P0575-I00135-00142,collective,Indians,Indians,collective,exact,1.0,Indians,Indians,V03-P0575,135,142,V03-P0575-S01,1621-12-23,1622-01-01,medium,record,,yes,"s, which they in long space had heaped vp together, [82] and in those times the Indians shewed them entyre and plentifull rich mynes, which by length of time (as is we"
V03-P0576-I00532-00539,collective,Indians,Indians,collective,exact,1.0,Indians,Indians,V03-P0576,532,539,V03-P0576-S01,1621-12-23,1622-01-01,medium,record,,yes,"ace, in choosing the best Seats of the Country, which now by vanquishing of the Indians, is like to offer a more ample and faire choice of fruitfull habitations, then"
V03-P0576-I00673-00680,collective,savages,savages,collective,exact,1.0,Sauages,sauages,V03-P0576,673,680,V03-P0576-S01,1621-12-23,1622-01-01,medium,record,,yes,"uitfull habitations, then hitherto our gentlenesse and faire comportment to the Sauages could attaine vnto. Wherein no doubt but all the fauour that may be, shall be s"
V03-P0576-I02557-02564,collective,savages,savages,collective,exact,1.0,Sauages,sauages,V03-P0576,2557,2564,V03-P0576-S01,1621-12-23,1622-01-01,medium,record,,yes,"true list of the names of all those that were massacred by the treachery of the Sauages in VIRGINIA, the"
V03-P0578-I00372-00384,group,IG-008,Appamattuck,place_homonym,exact,1.0,Apo-mattucke,Apomattucke,V03-P0578,372,384,V03-P0578-S01,1621-12-23,1622-01-01,medium,record,,yes,mas Xerles. Thomas Hobson. Thomas Freeman. William Baily. Iohn Allen. [87] At Apomattucke Riuer at Master Abraham Pierce his Plantation some fine miles off the Colledge
V03-P0581-I00012-00020,group,IG-005,Weyanoke,group_or_homonym,exact,1.0,Weynoack,Weynoack,V03-P0581,12,20,V03-P0581-S01,1621-12-23,1622-01-01,medium,record,,yes,1622 569 At Weynoack of Sir George Yeardley his people. Nathanael Elie. Thomas Ap-Richard. Tohn Fl
V03-P0585-I00413-00419,collective,Indians,Indians,collective,exact,1.0,Indian,Indian,V03-P0585,413,419,V03-P0585-S01,1621-12-23,1622-01-01,medium,record,,yes,"ation onely in respect of this west Alanticke Ocean, but also in respect of the Indian Ocean, which wee commonly call the South Sea, which lyeth on the West and North"
V03-P0585-I01227-01237,group,IG-013,Chesapeake,place_homonym,fuzzy,0.889,Chesepiock,Chesepiacks,V03-P0585,1227,1237,V03-P0585-S01,1621-12-23,1622-01-01,medium,record,,yes,"he Mountaines, which as they send diuers great Riuers Southward into our Bay of Chesepiock, so likewise doe they send others from their further side Northwestward into th"
V03-P0587-I00427-00434,collective,savages,savages,collective,exact,1.0,Sauages,sauages,V03-P0587,427,434,V03-P0587-S01,1621-12-23,1622-01-01,medium,record,,yes,"RGINIA be diseouered ouer Land, is much confirmed by the constant report of the Sauages, not onely of VIRGINIA, but also of Florida and Canada; which dwelling so remot"
V03-P0587-I00899-00906,collective,heathen,heathen,collective,exact,1.0,Heathen,heathen,V03-P0587,899,906,V03-P0587-S01,1621-12-23,1622-01-01,medium,record,,yes,"uccesse, to the encrease of his Kingdome and glory amongst these poore ignorant Heathen people, the publique good of all the Christian world, the neuerdying honour of"
V03-P0588-I00466-00474,collective,infidels,infidels,collective,exact,1.0,Infidels,infidels,V03-P0588,466,474,V03-P0588-S01,1621-12-23,1622-01-01,medium,record,,yes,"nd. in gold 550. pounds, to be disposed of for the education of children of the Infidels, in Christian religion and ciuility. Master Nicholas Farrar of London, decease"
V03-P0588-I00661-00669,collective,infidels,infidels,collective,exact,1.0,Infidels,infidels,V03-P0588,661,669,V03-P0588-S01,1621-12-23,1622-01-01,medium,record,,yes,"300 li. to the Colledge in VIRGINIA, to bee paid when there shall be ten of the Infidels children placed in it: and in the meane time 24. pounds by the yeare to bee dis"
V03-P0588-I00847-00855,collective,infidels,infidels,collective,exact,1.0,Infidels,infidels,V03-P0588,847,855,V03-P0588-S01,1621-12-23,1622-01-01,medium,record,,yes,"discreete and godly men in the Colonie, which shall honestly bring three of the Infidels children in Christian Religion, and some good course te liue by. A person refu"
V03-P0592-I00950-00957,collective,Indians,Indians,collective,exact,1.0,Indians,Indians,V03-P0592,950,957,V03-P0592-S01,1621-12-23,1622-01-01,medium,record,,yes,"e, which are now fett from forreyn kingdomes, but by mainteyning warre with the Indians, and the former benefitt, which hath bene made by Tobacco they haue bene hinder"
V03-P0597-I01813-01819,collective,Indians,Indians,collective,exact,1.0,Indian,Indian,V03-P0597,1813,1819,V03-P0597-S01,1622-01-01,1622-01-31,high,record,,yes,desirous to falle to the sowinge of all sortes of our English graine as well as Indian (since this Countrey ys very pper for them and that there ys much eleare ground
V03-P0600-I00319-00327,person,IP-003,Opitchapam (Sasawpen),person,exact,1.0,Sasawpen,Sasawpen,V03-P0600,319,327,V03-P0600-S01,1622-01-01,1622-01-31,medium,record,,yes,"ounsell, sende Capt Thorpe w* A Message and a presente, both to the great Kinge Sasawpen ! formerly called Ocatan, and to his Brother Apochankano now Mangopeesomon, who"
V03-P0600-I00373-00384,person,IP-002,Opechancanough,person,fuzzy,0.909,Apochankano,Apochankeno,V03-P0600,373,384,V03-P0600-S01,1622-01-01,1622-01-31,medium,record,,yes,", both to the great Kinge Sasawpen ! formerly called Ocatan, and to his Brother Apochankano now Mangopeesomon, whom he founde much satisfied w his cominge, though they wer"
V03-P0600-I00389-00402,person,IP-002,Opechancanough,person,exact,1.0,Mangopeesomon,Mangopeesomon,V03-P0600,389,402,V03-P0600-S01,1622-01-01,1622-01-31,medium,record,,yes,"eat Kinge Sasawpen ! formerly called Ocatan, and to his Brother Apochankano now Mangopeesomon, whom he founde much satisfied w his cominge, though they were before as they C"
V03-P0600-I00572-00583,person,IP-002,Opechancanough,person,fuzzy,0.909,Apochankano,Apochankeno,V03-P0600,572,583,V03-P0600-S01,1622-01-01,1622-01-31,medium,record,,yes,"in some Jealousie whethe™ our new Gouernor, woulde Contynue the League or nott, Apochankano gave him very good hope of theire Entertaininge of some of our famylies to live"
V03-P0600-I02482-02490,person,IP-003,Opitchapam (Sasawpen),person,fuzzy,0.875,Sacawpen,Sasawpen,V03-P0600,2482,2490,V03-P0600-S01,1622-01-01,1622-01-31,medium,record,,yes,"offer of the pffitts of his Tenante, yt was in you' pleasure soe to doe, 1Or “Sacawpen.”"
V03-P0605-I00230-00241,group,IG-004,Chickahominy,place_homonym,fuzzy,0.952,Chica-ominy,Chickahominy,V03-P0605,230,241,V03-P0605-S01,1622-01-14,1622-01-14,high,record,,yes,"ment in New York Public Library List of Records No. 296 River, yea some on the Chicaominy River. But to the ende our Noble and most worthy Adventurers bee not deprived o"
V03-P0611-I00162-00173,group,IG-003,Pamunkey,group_or_homonym,fuzzy,0.824,"Paco-
munky",Pamunkey,V03-P0611,162,173,V03-P0611-S01,1622-01-30,1622-01-30,high,record,,yes,| Kinge|| James Riuer and Northward to the Riuer called the Queenes Riuer alias Pacomunky together with the one halfe of the Riuer or Riuers that is to saye to the midde
V03-P0626-I01346-01357,group,IG-011,Warraskoyack,place_homonym,fuzzy,0.9,Wariscoyack,Warraskoyacks,V03-P0626,1346,1357,V03-P0626-S01,1622-04-18,1622-04-20,medium,record,,yes,"uire and Comand Capt Raph Hamor, that he bring away all the people and goodé of Wariscoyack vpp to James Cittie, and to charge and Comiand all the said people to obey the"
V03-P0626-I01641-01652,group,IG-011,Warraskoyack,place_homonym,fuzzy,0.9,Wariscoyack,Warraskoyacks,V03-P0626,1641,1652,V03-P0626-S01,1622-04-18,1622-04-20,medium,record,,yes,f Aprill 1622 Francis WYATT To Cap Raph Hamor for draweinge of the people from Wariscoyack.
V03-P0628-I00298-00305,collective,Indians,Indians,collective,exact,1.0,Indyans,Indyans,V03-P0628,298,305,V03-P0628-S01,1622-04-20,1622-04-20,medium,record,,yes,"aye a most lamentable Afflictione vppon this Plantacon, by the trecherie of the Indyans, who one the 22"" of march laste, attempted in most places, vnder the Coulor of"
V03-P0628-I01156-01164,group,IG-006,Paspahegh,group_or_homonym,spelling_variant,1.0,Paspehay,Paspehayes,V03-P0628,1156,1164,V03-P0628-S01,1622-04-20,1622-04-20,medium,record,,yes,"nst them, Wee haue thought most fitt to hol[d] these few places, James Cyttie w Paspehay and Certen Plantacons one the oth[er] side of the river over against the Cyttie"
V03-P0628-I01250-01260,group,IG-007,Kecoughtan,place_homonym,fuzzy,0.947,Kickoghtan,Kicoughtans,V03-P0628,1250,1260,V03-P0628-S01,1622-04-20,1622-04-20,medium,record,,yes,"erten Plantacons one the oth[er] side of the river over against the Cyttie, and Kickoghtan and Newports news Southampton hundred, Flowerdei hundred Sherley hundred & A Pl"
V03-P0629-I00057-00064,collective,Indians,Indians,collective,exact,1.0,Indyans,Indyans,V03-P0629,57,64,V03-P0629-S01,1622-04-20,1622-04-20,high,record,,yes,"APRIL (AFTER 20,) 1622 613 our selves, that neyther the Indyans may infest us (w they will continuallie endeuor to doe) nor forraine enemy subv"
V03-P0629-I00633-00640,collective,savages,savages,collective,exact,1.0,salvage,salvage,V03-P0629,633,640,V03-P0629-S01,1622-04-20,1622-04-20,high,record,,yes,"Damages to bee soe dispersedlie and promiscusely planted w' our late reconsiled salvage enymies, Yt ys very necessarie for us yett at last, to laye abetter and surer f"
V03-P0630-I00184-00191,collective,Indians,Indians,collective,exact,1.0,Indyans,Indyans,V03-P0630,184,191,V03-P0630-S01,1622-04-20,1622-04-22,medium,record,,yes,"ttlle, and of the corne w shalbe planted, and many must be sent owt against the Indyans, that we may be the more quiett and safe at home, neyther can wee now plant cor"
V03-P0630-I00418-00425,collective,Indians,Indians,collective,exact,1.0,Indyans,Indyans,V03-P0630,418,425,V03-P0630-S01,1622-04-20,1622-04-22,medium,record,,yes,", by reasone yt spreadeth all over all the grounde like a thick groue, that the Indyans may hide themselves therin, who will from tyme to tyme peeke out many of our pe"
V03-P0638-I01038-01049,group,IG-013,Chesapeake,place_homonym,fuzzy,0.947,Chesepiacke,Chesepiacks,V03-P0638,1038,1049,V03-P0638-S01,1622-05-06,1622-05-22,medium,record,,yes,"equireth help and relief by way of trade for Corn into the River that fall into Chesepiacke Bay, Know yee that I do by these plsent@ authorise Captaine Raph Hamor to go Ca"
V03-P0638-I01342-01349,collective,Indians,Indians,collective,exact,1.0,Indians,Indians,V03-P0638,1342,1349,V03-P0638-S01,1622-05-06,1622-05-22,medium,record,,yes,"to the Bay, and any Riuer falling into the said Bay, and there to trade w*"" the Indians for corne; and in case he cann get no trade w* them, or not such as he expectet"
V03-P0639-I00431-00440,group,IG-006,Paspahegh,group_or_homonym,fuzzy,0.875,Passbehay,Paspehayes,V03-P0639,431,440,V03-P0639-S01,1622-05-22,1622-05-22,high,record,,yes,"and affaires, to haue absolute power and cotiiand over all the people, both in Passbehay and the Maine, and to charge & comand all the said people vppon paine of Death"
V03-P0639-I00944-00953,group,IG-006,Paspahegh,group_or_homonym,fuzzy,0.875,Passbehay,Paspehayes,V03-P0639,944,953,V03-P0639-S01,1622-05-22,1622-05-22,high,record,,yes,"tt James Citty the 18 day of May 1622. A Comisson to Capt Smith for Cofiand of Passbehay &e. The like Comission (mutatis mutandis) was given to Capt Wiltm Tucker, for"
V03-P0639-I01033-01043,group,IG-007,Kecoughtan,place_homonym,spelling_variant,1.0,Kicoughtan,Kicoughtans,V03-P0639,1033,1043,V03-P0639-S01,1622-05-22,1622-05-22,high,record,,yes,"&e. The like Comission (mutatis mutandis) was given to Capt Wiltm Tucker, for Kicoughtan, and others for other places. Francis Wyatt Cur: Davison Seer: CCXXXYV. Viremn"
V03-P0656-I00502-00509,collective,natives,natives,contextual,exact,1.0,Natiues,natiues,V03-P0656,502,509,V03-P0656-S01,1622-05-01,1622-05-31,medium,record,,yes,"en prouided and sent for the making of Beads for trade in the Countrey with the Natiues, and for making Glasse of all sorts. 57 Young maids haue bin sent to make wiue"
V03-P0658-I00664-00671,collective,Indians,Indians,collective,exact,1.0,Indians,Indians,V03-P0658,664,671,V03-P0658-S01,1622-05-31,1622-06-02,medium,record,,yes,"made: and other sorts of woods there were, fit for Potashes and Sopeashes. The Indians haue made relation of a Coppermine, that is not far from thence, how they gathe"
V03-P0658-I01673-01679,collective,Indians,Indians,collective,exact,1.0,Indian,Indian,V03-P0658,1673,1679,V03-P0658-S01,1622-05-31,1622-06-02,medium,record,,yes,"es, Cassado roots (that make bread) Pines, Plantans, Potatoes, and sundry other Indian fruites and plants, not formerly seene in Virginia, which begin to prosper very"
V03-P0668-I01087-01094,collective,Indians,Indians,collective,exact,1.0,Indians,Indians,V03-P0668,1087,1094,V03-P0668-S01,1622-06-10,1622-06-17,medium,record,,yes,"tants of Southampton hundred since the late bloudy murthering of nation by the Indians, hath been often infested by them & still is aboue other Plantations wherby th"
V03-P0670-I01742-01750,group,IG-016,Patawomeck,group_or_homonym,exact,1.0,Potomack,Potomack,V03-P0670,1742,1750,V03-P0670-S01,1622-06-17,1622-06-17,medium,record,,yes,"ptaine Isack Madeson, w'* the first wind and oportunity to go into the Riuer of Potomack, there to remaine; and asist the king of Patomack, against his and our enemies,"
V03-P0670-I01792-01800,group,IG-016,Patawomeck,group,fuzzy,0.857,Patomack,Potomack,V03-P0670,1792,1800,V03-P0670-S01,1622-06-17,1622-06-17,medium,record,,yes,"unity to go into the Riuer of Potomack, there to remaine; and asist the king of Patomack, against his and our enemies, and to defend them and theire Corne to his vttmos"
V03-P0671-I00191-00199,collective,savages,savages,collective,exact,1.0,Salvages,salvages,V03-P0671,191,199,V03-P0671-S01,1622-06-17,1622-06-17,high,record,,yes,"f munition, whereby they may be able to defend themselues, and ofend any of the Salvages. And for the better managing of his imployment, and redressinge of all disorder"
V03-P0671-I01315-01324,group,IG-016,Patawomeck,group,fuzzy,0.857,Patomacks,Potomack,V03-P0671,1315,1324,V03-P0671-S01,1622-06-17,1622-06-17,high,record,,yes,"is required that in the cariage of himself and his people, as well toward¢ the Patomacks our confederate, as also against the other Salvages theires and our enemies, he"
V03-P0671-I01368-01376,collective,savages,savages,collective,exact,1.0,Salvages,salvages,V03-P0671,1368,1376,V03-P0671-S01,1622-06-17,1622-06-17,high,record,,yes,"eople, as well toward¢ the Patomacks our confederate, as also against the other Salvages theires and our enemies, he discharge faithfully, and circumspectly the great ["
V03-P0671-I01705-01714,group,IG-016,Patawomeck,group,fuzzy,0.857,Patomacks,Potomack,V03-P0671,1705,1714,V03-P0671-S01,1622-06-17,1622-06-17,high,record,,yes,n the sixteenth yeare of this Plantation. To Capt Isack Maddison to defend the Patomacks against theire & ot enemies. Francis Wyatr
V03-P0672-I00926-00937,collective,infidels,infidels,collective,exact,1.0,"Infi-
delle",infidelle,V03-P0672,926,937,V03-P0672-S01,1622-06-17,1622-06-20,medium,record,,yes,"hose vexed Soules and troubled Spirite of 0, when in this last outrage of these Infidelle we were forced to stand and gaze at o° distressed bretheren, fryinge in the fur"
V03-P0673-I00593-00601,collective,savages,savages,collective,exact,1.0,Salvages,salvages,V03-P0673,593,601,V03-P0673-S01,1622-06-20,1622-06-20,high,record,,yes,"aéon. And hecause through the late revolt and failinge off, of o"" Neighbouringe Salvages, we are vneertaine of frendshipp w' any of these Natiues, These are to giue yo"""
V03-P0673-I00651-00658,collective,natives,natives,contextual,exact,1.0,Natiues,natiues,V03-P0673,651,658,V03-P0673-S01,1622-06-20,1622-06-20,high,record,,yes,", of o"" Neighbouringe Salvages, we are vneertaine of frendshipp w' any of these Natiues, These are to giue yo"" leaue, and absolute power, either to make peace or warr"
V03-P0682-I00906-00920,person,IP-005,Nemattanew (Jack of the Feathers),person,fuzzy,0.917,Nenemathanewes,Nenemachanew,V03-P0682,906,920,V03-P0682-S01,1622-07-29,1622-08-01,medium,record,,yes,re given; to be secure in an oecaéon of so great suspition and iealousie as was Nenemathanewes death; not to peeiue any thing in so opne and generall conspiracie; but to be m
V03-P0682-I01931-01938,collective,Indians,Indians,collective,exact,1.0,Indians,Indians,V03-P0682,1931,1938,V03-P0682-S01,1622-07-29,1622-08-01,medium,record,,yes,"of those fault®, vndoubtedly, and the neglect of the Devine worshipp, haue the Indians prevailed, more then in yo"" weaknes; whence the evill therefore sprung the reme"
V03-P0683-I02273-02280,collective,Indians,Indians,collective,exact,1.0,Indians,Indians,V03-P0683,2273,2280,V03-P0683-S01,1622-08-01,1622-08-01,high,record,,yes,"vs diu™ armes (although in these part€ vnserviceable, yett) such as against the Indians may be verie vsefull; we we doubt not but by the Abigaile to send yo""; and are"
V03-P0685-I02275-02282,collective,Indians,Indians,collective,exact,1.0,Indians,Indians,V03-P0685,2275,2282,V03-P0685-S01,1622-08-01,1622-08-01,high,record,,yes,"¢ (who shalbe therefore accountable) defend themselues from any assault¢ of the Indians: in w"" regard, as also for theire better Civill goverment (w* mutuall societie"
V03-P0689-I00457-00468,person,IP-002,Opechancanough,person,exact,1.0,Opachancano,Opachancano,V03-P0689,457,468,V03-P0689-S01,1622-08-01,1622-08-01,high,record,,yes,"in execugon or contriuement of this Treacherie shall fall: but if any ean take Opachancano himself, he shall haue a great and singular reward from vs. As for those Indian"
V03-P0689-I00542-00549,collective,Indians,Indians,collective,exact,1.0,Indians,Indians,V03-P0689,542,549,V03-P0689-S01,1622-08-01,1622-08-01,high,record,,yes,"ancano himself, he shall haue a great and singular reward from vs. As for those Indians whom God vsed as instrument¢ of revealing and preventinge the totall ruine of y"
V03-P0694-I00479-00486,collective,heathen,heathen,collective,exact,1.0,heathen,heathen,V03-P0694,479,486,V03-P0694-S01,1622-09-01,1622-09-23,medium,record,,yes,"eting. affixed Whereas of late through the Savadge and bloody crueltie of the heathen Natiues of this Cuntrie, many of his Ma* subiect¢ haue treacherously beene murd"
V03-P0694-I02115-02122,group,IG-003,Pamunkey,group_or_homonym,fuzzy,0.933,Pamunke,Pamunkey,V03-P0694,2115,2122,V03-P0694-S01,1622-09-01,1622-09-23,medium,record,,yes,"as God shall giue leaue) and the wind and weather pmitt; to go for the Riuer of Pamunke, and any other Ruier w'tin the Bay of Chesipiack, and elsewhere, as he shall th"
V03-P0694-I02161-02171,group,IG-013,Chesapeake,place_homonym,fuzzy,0.889,Chesipiack,Chesepiacks,V03-P0694,2161,2171,V03-P0694-S01,1622-09-01,1622-09-23,medium,record,,yes,"her pmitt; to go for the Riuer of Pamunke, and any other Ruier w'tin the Bay of Chesipiack, and elsewhere, as he shall thinke fitt, wtin any part of the limite graunted b"
V03-P0695-I01307-01315,group,IG-003,Pamunkey,group_or_homonym,exact,1.0,Pamunkey,Pamunkey,V03-P0695,1307,1315,V03-P0695-S01,1622-09-23,1622-09-23,high,record,,yes,"he Sixteenth yeare of this Plantation. To 8"" George Yeardley for his Vioage to Pamunkey. Francis WYATT CCLVIII. Str Epwin Sanpys. A Lerrer to Joun Frerrar SEPTEMBER"
V03-P0712-I00844-00851,collective,Indians,Indians,collective,exact,1.0,Indians,Indians,V03-P0712,844,851,V03-P0712-S01,1622-10-18,1622-10-28,medium,record,,yes,"hat by all meanes possible, either of warr or trade, Corne be procured from the Indians, by whose Treachery we haue been hindred this jiisent yeare, from such quantiti"
V03-P0713-I00360-00368,group,IG-016,Patawomeck,place_homonym,fuzzy,0.857,Patomack,Potomack,V03-P0713,360,368,V03-P0713-S01,1622-10-28,1622-10-28,high,record,,yes,"oportunitie of wind and weather to sett Saile w"" the said Shipp and Comp® into Patomack Riuer there to procure Corne, or any other Comodities either by trade, or by fo"
V03-P0713-I00492-00499,collective,Indians,Indians,collective,exact,1.0,Indians,Indians,V03-P0713,492,499,V03-P0713-S01,1622-10-28,1622-10-28,high,record,,yes,"Comodities either by trade, or by force of armes as occaton shalbe giuen by the Indians. And also if there shall not be sufficient Corne to be procured in Patomack Riu"
V03-P0713-I00567-00575,group,IG-016,Patawomeck,place_homonym,fuzzy,0.857,Patomack,Potomack,V03-P0713,567,575,V03-P0713-S01,1622-10-28,1622-10-28,high,record,,yes,"the Indians. And also if there shall not be sufficient Corne to be procured in Patomack Riuer, tho the full lading of the Shipp, then it shall and may be lawfull for t"
V03-P0713-I01119-01127,group,IG-016,Patawomeck,group,fuzzy,0.857,Patomack,Potomack,V03-P0713,1119,1127,V03-P0713-S01,1622-10-28,1622-10-28,high,record,,yes,"ph Hamor, to vse his owne discretion either in the setting free of the Kinge of Patomack, and his sonne, or deteyninge and keeping them, or any other Indiané prisoners,"
V03-P0713-I01189-01195,collective,Indians,Indians,collective,exact,1.0,Indian,Indian,V03-P0713,1189,1195,V03-P0713-S01,1622-10-28,1622-10-28,high,record,,yes,"Kinge of Patomack, and his sonne, or deteyninge and keeping them, or any other Indiané prisoners, as occaéon shalbe offered, and them or more in bringeing to James C"
V03-P0713-I01399-01405,collective,Indians,Indians,collective,exact,1.0,Indian,Indian,V03-P0713,1399,1405,V03-P0713-S01,1622-10-28,1622-10-28,high,record,,yes,"ed in this Comission, concerning this pisent vioadge by trade or warr vppon the Indiané wheresoever he shall come, I leaue to the discretion of the said Capt Raph Ham"
V03-P0713-I01606-01612,collective,Indians,Indians,collective,exact,1.0,Indian,Indian,V03-P0713,1606,1612,V03-P0713-S01,1622-10-28,1622-10-28,high,record,,yes,"and eu%y pticuler pson in this Vioage & employmt, not to trucke or trade w"" any Indian whatsoeu9, for Corne or any other thing, wout the speciall leaue of the said Ca"
V03-P0714-I01437-01444,collective,natives,natives,contextual,exact,1.0,Natiues,natiues,V03-P0714,1437,1444,V03-P0714-S01,1622-10-28,1622-11-02,medium,record,,yes,".) w""in the degrees of 33 exelusiuely and 41 inclusiuely, there to trade w” the Natiues, or if occatéon shalbe given by them, by force or violence to compell them ther"
V03-P0716-I01064-01072,collective,savages,savages,collective,exact,1.0,Salvages,salvages,V03-P0716,1064,1072,V03-P0716-S01,1622-11-02,1622-12-09,low,record,,yes,"to go into any Riuers Creeke or harbo™ to vs appteininge there to trade wt the Salvages for Corne, or any other comodities they can afford them: And it is further grau"
V03-P0716-I01180-01188,collective,savages,savages,collective,exact,1.0,Salvages,salvages,V03-P0716,1180,1188,V03-P0716-S01,1622-11-02,1622-12-09,low,record,,yes,"odities they can afford them: And it is further graunted that if so be the said Salvages shall deny them trade or giue them iust occacon otherwise, that then it shalbe"
V03-P0720-I00790-00797,collective,Indians,Indians,collective,exact,1.0,Indians,Indians,V03-P0720,790,797,V03-P0720-S01,1622-12-10,1622-12-16,medium,record,,yes,"ish Museum, London. List of Records, No. 384. The manner howe to bringe in the Indians into subiection w*out makinge an vtter exterpation of them together wt the reas"
V03-P0720-I01651-01663,person,IP-002,Opechancanough,person,exact,1.0,Opichankanoe,Opichankanoe,V03-P0720,1651,1663,V03-P0720-S01,1622-12-10,1622-12-16,medium,record,,yes,Julye and August may scoure the Baye and keepe the Rivers y' are belonginge to Opichankanoe.
V03-P0721-I00544-00552,group,IG-020,Monacan,group,fuzzy,0.857,Monecans,Monacan,V03-P0721,544,552,V03-P0721-S01,1622-12-01,1622-12-31,low,record,,yes,"R te indeede are able, for they haue but grounde Cleared for their owne use. — Monecans are their enymies, ffirst o” assurance of Corne att al] On the Norther The kee"
V03-P0721-I01194-01200,collective,savages,savages,collective,exact,1.0,Savage,savage,V03-P0721,1194,1200,V03-P0721-S01,1622-12-01,1622-12-31,low,record,,yes,"couered before S' George Yardley came in by my Aunchient Thomas!#den ¥' these Savage & servant¢, besides necessitie hath made those Savages more notes industrious"
V03-P0721-I01248-01255,collective,savages,savages,collective,exact,1.0,Savages,savages,V03-P0721,1248,1255,V03-P0721-S01,1622-12-01,1622-12-31,low,record,,yes,"ent Thomas!#den ¥' these Savage & servant¢, besides necessitie hath made those Savages more notes industrious then any other Indians in ot Baye, w* followeth to appe"
V03-P0721-I01295-01302,collective,Indians,Indians,collective,exact,1.0,Indians,Indians,V03-P0721,1295,1302,V03-P0721-S01,1622-12-01,1622-12-31,low,record,,yes,"sides necessitie hath made those Savages more notes industrious then any other Indians in ot Baye, w* followeth to appeare in this seacond pfitt. first by Varringe t"
V03-P0721-I01700-01707,collective,savages,savages,collective,exact,1.0,Sauages,sauages,V03-P0721,1700,1707,V03-P0721-S01,1622-12-01,1622-12-31,low,record,,yes,s. peste Reasons why it is not fittinge viterlye to make an exterpation of the Sauages yett. ffirst vppon holy writt and my owne experi- My reasons are grounded | enc
V03-P0722-I00264-00271,collective,heathen,heathen,collective,exact,1.0,heathen,heathen,V03-P0722,264,271,V03-P0722-S01,1622-12-10,1622-12-16,medium,record,,yes,"and came into a Countrie where weare walled townes, not to vtterly distroy the heathen, least the woode and wilde beast¢ should ouer runn them My owne observatéon ha"
V03-P0722-I00389-00396,collective,Indians,Indians,collective,exact,1.0,Indians,Indians,V03-P0722,389,396,V03-P0722-S01,1622-12-10,1622-12-16,medium,record,,yes,uld ouer runn them My owne observatéon hath bene such as assureth me y‘ if the Indians inhabitt not amongst vs vnder obedience And as they haue ever kept downe y* woo
V03-P0722-I00977-00984,collective,natives,natives,contextual,exact,1.0,natiues,natiues,V03-P0722,977,984,V03-P0722-S01,1622-12-10,1622-12-16,medium,record,,yes,"grace but of the saueinge of many of their soules And mes a orsexe then beinge natiues are apter for worke then yet ot English are, knowinge : howe to attayne greate"
V03-P0722-I01411-01423,person,IP-002,Opechancanough,person,exact,1.0,Opichankanoe,Opichankanoe,V03-P0722,1411,1423,V03-P0722-S01,1622-12-10,1622-12-16,medium,record,,yes,"* none of what ranke soeuer doe euer trinke or trade w‘"" in the late ptcinct of Opichankanoe nor any borderinge neighbo's Nowe for avoydinge future] that ayded him in this"
V03-P0723-I00072-00079,collective,savages,savages,collective,exact,1.0,Savages,savages,V03-P0723,72,79,V03-P0723-S01,1622-12-16,1622-12-16,high,record,,yes,"DECEMBER 16, 1622 707 My reason for the first is yt by this meanes the Savages shalbe frustrated The infinate of all meanes of buyinge any manner of victualls"
V03-P0723-I00367-00381,person,IP-002,Opechancanough,person,exact,1.0,"Opichan-
kanoe",Opichankanoe,V03-P0723,367,381,V03-P0723-S01,1622-12-16,1622-12-16,high,record,,yes,"bled from hireinge anye Auxiliaries if at any tyme they would rebell, —-©""*¥!¢d Opichankanoe to hyer ffor the seacond howe benifitiall the settinge and sowinge of Corne an"
V03-P0723-I00592-00599,collective,savages,savages,collective,exact,1.0,Savages,savages,V03-P0723,592,599,V03-P0723-S01,1622-12-16,1622-12-16,high,record,,yes,"y appeare by their nowe entymies I knowe dureinge want being disturbed by theis Savages at this tyme, And likewise 0"" W8nt thereof other vnexpected accedent@ may happe"
V03-P0723-I01166-01173,collective,Indians,Indians,collective,exact,1.0,Indians,Indians,V03-P0723,1166,1173,V03-P0723-S01,1622-12-16,1622-12-16,high,record,,yes,Enemye. JuG Martin. [Indorsed:] 15 Decéb. 1622. The manner howe to bringe the Indians into subiection. CCLXXIIT. Jonn Martry. How Vinainta MAY BE MADE A Roran PLANT
V03-P0723-I01782-01792,person,IP-002,Opechancanough,person,fuzzy,0.857,Opichikano,Opichankano,V03-P0723,1782,1792,V03-P0723-S01,1622-12-16,1622-12-16,high,record,,yes,"and fitt to be settled on for many hundred yeares: Is wt*in the Territories of Opichikano, it lyeth on the west side of Chesepiocks baye, whoe Comaundeth from the Southe"
V03-P0723-I01823-01834,group,IG-013,Chesapeake,group,fuzzy,0.889,Chesepiocks,Chesepiacks,V03-P0723,1823,1834,V03-P0723-S01,1622-12-16,1622-12-16,high,record,,yes,"ed yeares: Is wt*in the Territories of Opichikano, it lyeth on the west side of Chesepiocks baye, whoe Comaundeth from the Southermost parte of the first Riuer, to the Sou"
V03-P0724-I00079-00087,group,IG-020,Monacan,group,exact,1.0,Monakins,Monakins,V03-P0724,79,87,V03-P0724-S01,1622-12-16,1622-12-16,medium,record,,yes,"708 RECORDS OF THE VIRGINIA COMPANY latitude, In longitude it extendeth to y? Monakins Countrie next hand west and west and by North of equall length w** the latytude"
V03-P0724-I00227-00236,group,IG-003,Pamunkey,group_or_homonym,fuzzy,0.941,Pamiunkey,Pamunkey,V03-P0724,227,236,V03-P0724-S01,1622-12-16,1622-12-16,medium,record,,yes,ength w** the latytude: his owne principall seate is in y* seacond Riuer called Pamiunkey in the harte of his owne inhabited territories. This revolted Indian Kinge in h
V03-P0724-I00299-00305,collective,Indians,Indians,collective,exact,1.0,Indian,Indian,V03-P0724,299,305,V03-P0724-S01,1622-12-16,1622-12-16,medium,record,,yes,"called Pamiunkey in the harte of his owne inhabited territories. This revolted Indian Kinge in his square Co- Maundeth 32 Kingdoms vnd"" him. Euerye Kingdome Contayne"
V03-P0725-I01596-01603,collective,Indians,Indians,collective,exact,1.0,Indians,Indians,V03-P0725,1596,1603,V03-P0725-S01,1622-12-16,1622-12-16,high,record,,yes,"he Countrie beinge possessed, it will not onely quite frustrate and disable the Indians o7 enymies euer to substst of them selues, but force them to haue their dependa"
V03-P0726-I00400-00412,person,IP-002,Opechancanough,person,spelling_variant,1.0,Opichankanos,Opichankano,V03-P0726,400,412,V03-P0726-S01,1622-12-16,1622-12-16,medium,record,,yes,"o have appointed him by his Ma**s Counsell and Companie two seates the first in Opichankanos Island in Pamaunkey river, beinge in the parte of the most of the 32 Sheires."
V03-P0726-I00423-00432,group,IG-003,Pamunkey,place_homonym,exact,1.0,Pamaunkey,Pamaunkey,V03-P0726,423,432,V03-P0726-S01,1622-12-16,1622-12-16,medium,record,,yes,"his Ma**s Counsell and Companie two seates the first in Opichankanos Island in Pamaunkey river, beinge in the parte of the most of the 32 Sheires. The seacond at Okana"
V04-P0002-I01484-01492,collective,savages,savages,collective,exact,1.0,Salvages,salvages,V04-P0002,1484,1492,V04-P0002-S01,1623-01-03,1623-01-03,medium,record,,yes,"selected and made Choyse of, Those places ptely reeoyered or procured from the Salvages, and ptly by infinite labor heinge generally overspred wt wood, cleared enelose"
V04-P0003-I00115-00122,collective,natives,natives,contextual,exact,1.0,natives,natives,V04-P0003,115,122,V04-P0003-S01,1623-01-03,1623-01-03,medium,record,,yes,"and boates built in the Country the better to accomodate and secure them, The natives of the Country in soc awfull a aleancye and amytic w'"" them, that many of those"
V04-P0003-I00203-00211,collective,heathen,heathen,collective,exact,1.0,heathens,heathens,V04-P0003,203,211,V04-P0003-S01,1623-01-03,1623-01-03,medium,record,,yes,"of the Country in soc awfull a aleancye and amytic w'"" them, that many of those heathens voluntaricly yeclded them selves subicet¢ and servanté€ to our gratious Seuerai"
V04-P0005-I00192-00202,group,IG-013,Chesapeake,place_homonym,fuzzy,0.842,Chesapieke,Chesapeakes,V04-P0005,192,202,V04-P0005-S01,1623-01-03,1623-01-03,high,record,,yes,"irst wynde & weather that god shall pmitt, & w't them to saile into the baye of Chesapieke, taking w™ him such men armes munition & puision, as hee the sd s' George shall"
V04-P0005-I00339-00350,group,IG-015,Rappahannock,group_or_homonym,exact,1.0,Rapahanocke,Rapahanocke,V04-P0005,339,350,V04-P0005-S01,1623-01-03,1623-01-03,high,record,,yes,"the sd s' George shall thinke fitt to appoint vnto him, And either in riuer of Rapahanocke, or in any other riuer vpon the westerne side of the sd baye, or vppon the sout"
V04-P0005-I00513-00520,collective,Indians,Indians,collective,exact,1.0,Indians,Indians,V04-P0005,513,520,V04-P0005-S01,1623-01-03,1623-01-03,high,record,,yes,"ide, to trade, or take by foree of Armes, or any other meanes or wayes, fro the Indians ther Inhabitinge, as subiects or Confiderates w'"" Apochankeno, or as thoes whoe"
V04-P0005-I00571-00582,person,IP-002,Opechancanough,person,exact,1.0,Apochankeno,Apochankeno,V04-P0005,571,582,V04-P0005-S01,1623-01-03,1623-01-03,high,record,,yes,"nes or wayes, fro the Indians ther Inhabitinge, as subiects or Confiderates w'"" Apochankeno, or as thoes whoe had ther hands in the Cruell & treacherous murdering of 07 pe"
V04-P0007-I01074-01081,collective,Indians,Indians,collective,exact,1.0,Indyans,Indyans,V04-P0007,1074,1081,V04-P0007-S01,1623-01-20,1623-01-20,high,record,,yes,"more plausible manner. Wee haue anticipated your desires by settinge vppon the Indyans in all places, m'’ Trevr firste fell yppon the Tapahatonahs, in two severall ex"
V04-P0007-I01200-01208,group,IG-005,Weyanoke,group,exact,1.0,Wyanokes,Wyanokes,V04-P0007,1200,1208,V04-P0007-S01,1623-01-20,1623-01-20,high,record,,yes,"ppon the Tapahatonahs, in two severall expeditions, Sr. George yardley vppon ¥° Wyanokes aud in a seconde expeditione vppon the nancemunds, Warescovke & Pawininkie y? C"
V04-P0007-I01303-01311,person,IP-003,Opitchapam (Sasawpen),person,exact,1.0,Sansapen,Sansapen,V04-P0007,1303,1311,V04-P0007-S01,1623-01-20,1623-01-20,high,record,,yes,"de expeditione vppon the nancemunds, Warescovke & Pawininkie y? Chiefe seate of Sansapen & apochankeno, Capt John West vppom the Tanx Powhatans, and Capt? William Powel"
V04-P0007-I01352-01368,group,IG-002,Tanx Powhatan,group,exact,1.0,"Tanx Pow-
hatans",Tanx Powhatans,V04-P0007,1352,1368,V04-P0007-S01,1623-01-20,1623-01-20,high,record,,yes,"Pawininkie y? Chiefe seate of Sansapen & apochankeno, Capt John West vppom the Tanx Powhatans, and Capt? William Powell vppon the Chocohominy Capt [lamer beinge sent to the"
V04-P0007-I01405-01416,group,IG-004,Chickahominy,group_or_homonym,exact,1.0,Chocohominy,Chocohominy,V04-P0007,1405,1416,V04-P0007-S01,1623-01-20,1623-01-20,high,record,,yes,"no, Capt John West vppom the Tanx Powhatans, and Capt? William Powell vppon the Chocohominy Capt [lamer beinge sent to the Patomecks tu trade for Corne slew divers of v° N"
V04-P0007-I01633-01644,group,IG-016,Patawomeck,group_or_homonym,fuzzy,0.941,"Patao-
meek",Patawomeck,V04-P0007,1633,1644,V04-P0007-S01,1623-01-20,1623-01-20,high,record,,yes,"he like did Cypt madisone at Patomeck, Capt? [lamer a seconde tyme vinplovde to Pataomeek for Corne slew some others y' pved our enemies, And now is Capt Tucker in the R"
V04-P0007-I01732-01742,group,IG-015,Rappahannock,group_or_homonym,exact,1.0,Rapahanock,Rapahanock,V04-P0007,1732,1742,V04-P0007-S01,1623-01-20,1623-01-20,high,record,,yes,"ne slew some others y' pved our enemies, And now is Capt Tucker in the River of Rapahanock to take revenge vppon them, as Confederates wt Apochankeno. In all w places we"
V04-P0007-I01790-01801,person,IP-002,Opechancanough,person,exact,1.0,Apochankeno,Apochankeno,V04-P0007,1790,1801,V04-P0007-S01,1623-01-20,1623-01-20,high,record,,yes,"ucker in the River of Rapahanock to take revenge vppon them, as Confederates wt Apochankeno. In all w places we haue slaime divers, burnte theire Townes, destroyde theire"
V04-P0008-I01163-01170,collective,Indians,Indians,collective,exact,1.0,Indyans,Indyans,V04-P0008,1163,1170,V04-P0008-S01,1623-01-20,1623-01-20,medium,record,,yes,"e pleused to Consider what instructions you haue formerly given us, to wynn the Indyans to us by A kinde entertayninge them in ou* howses, and yf it were possible to C"
V04-P0008-I01694-01705,person,IP-002,Opechancanough,person,fuzzy,0.909,Apochaukeno,Apochankeno,V04-P0008,1694,1705,V04-P0008-S01,1623-01-20,1623-01-20,medium,record,,yes,"lves doc affirme, yt notiee beeinge given by the Ninge of the Fasterne shore of Apochaukeno his plott, at the takinge vpp of Powhatans bones at we? Ceremony great numbers"
V04-P0008-I01739-01748,group,IG-001,Powhatan,group,exact,1.0,Powhatans,Powhatans,V04-P0008,1739,1748,V04-P0008-S01,1623-01-20,1623-01-20,medium,record,,yes,"the Ninge of the Fasterne shore of Apochaukeno his plott, at the takinge vpp of Powhatans bones at we? Ceremony great numbers of the Salvages were to be assembled to set"
V04-P0008-I01792-01800,collective,savages,savages,collective,exact,1.0,Salvages,salvages,V04-P0008,1792,1800,V04-P0008-S01,1623-01-20,1623-01-20,medium,record,,yes,"ott, at the takinge vpp of Powhatans bones at we? Ceremony great numbers of the Salvages were to be assembled to sett yvyppon every Plantattone of the Colonie, Sr. Geor"
V04-P0008-I02072-02083,person,IP-002,Opechancanough,person,fuzzy,0.909,Apochancono,Apochankeno,V04-P0008,2072,2083,V04-P0008-S01,1623-01-20,1623-01-20,medium,record,,yes,"e Armes, gaue stratght Charge vt watel & warde should bee kept every where, But Apochancono, earnestly denying? yo plott, and noe aparant proofe brought in, evr people by"
V04-P0009-I00065-00077,person,IP-005,Nemattanew (Jack of the Feathers),person,exact,1.0,Nenemachanew,Nenemachanew,V04-P0009,65,77,V04-P0009-S01,1623-01-20,1623-01-20,medium,record,,yes,"JANUARY 20, 1622/8 1 was it to be imagined yt vppon y® death of Nenemachanew, a man soe farr owt of the favor of Apochancono yt he sent worde to Sr. George"
V04-P0009-I00114-00125,person,IP-002,Opechancanough,person,fuzzy,0.909,Apochancono,Apochankeno,V04-P0009,114,125,V04-P0009-S01,1623-01-20,1623-01-20,medium,record,,yes,"imagined yt vppon y® death of Nenemachanew, a man soe farr owt of the favor of Apochancono yt he sent worde to Sr. George Yardley beinge then Gou'nor by his interpreter,"
V04-P0009-I00473-00485,person,IP-005,Nemattanew (Jack of the Feathers),person,exact,1.0,Nenemachanew,Nenemachanew,V04-P0009,473,485,V04-P0009-S01,1623-01-20,1623-01-20,medium,record,,yes,"es of the peace, yf vppon the takinge vpp of the dead bodies yt might appere y' Nenemachanew had noe hande in theire deaths w*t was all y* Apochancon[o] required and ther v"
V04-P0009-I00532-00542,person,IP-002,Opechancanough,person,fuzzy,0.857,Apochancon,Apochankeno,V04-P0009,532,542,V04-P0009-S01,1623-01-20,1623-01-20,medium,record,,yes,"s yt might appere y' Nenemachanew had noe hande in theire deaths w*t was all y* Apochancon[o] required and ther vppon sent oute as he fainde to search for y° bodies, and"
V04-P0009-I00667-00679,person,IP-005,Nemattanew (Jack of the Feathers),person,exact,1.0,Nenemachanew,Nenemachanew,V04-P0009,667,679,V04-P0009-S01,1623-01-20,1623-01-20,medium,record,,yes,"ainde to search for y° bodies, and in the mean tyme sent woorde y' the death of Nenemachanew beinge but one man should be noe oceasione of the breach of y°® peace, and y' t"
V04-P0009-I01060-01067,collective,Indians,Indians,collective,exact,1.0,Indyans,Indyans,V04-P0009,1060,1067,V04-P0009-S01,1623-01-20,1623-01-20,medium,record,,yes,"wt y° whole Colony to stande vppon theire guards, vntill further tryall, but y° Indyans Cominge daylie amongst us and puttinge them selves into out powers, bread in ou"
V04-P0009-I01584-01592,collective,savages,savages,collective,exact,1.0,Salvages,salvages,V04-P0009,1584,1592,V04-P0009-S01,1623-01-20,1623-01-20,medium,record,,yes,"inge since loste more by the Imeciate hand of God, then by the Trecherie of the Salvages, And would to god y' the Cowetuosnes of some at home, did nott minister swell t"
V04-P0010-I00704-00711,collective,savages,savages,collective,exact,1.0,Salvage,salvage,V04-P0010,704,711,V04-P0010-S01,1623-01-20,1623-01-20,medium,record,,yes,"d Townes, wherof now wee dispayre, wherby we might haue made advantage of their Salvage trecherie by the securinge of our selves from the native and forren Enemie, and"
V04-P0010-I02347-02358,person,IP-002,Opechancanough,person,fuzzy,0.909,Apochancono,Apochankeno,V04-P0010,2347,2358,V04-P0010-S01,1623-01-20,1623-01-20,medium,record,,yes,"is, wheras by Comon consent, 300 were thought to bee the lest number to assault Apochancono hin selfe, whose discomfiture, would proue vy dishartinge of the residew, yppon"
V04-P0020-I01790-01797,collective,Indians,Indians,collective,exact,1.0,Indians,Indians,V04-P0020,1790,1797,V04-P0020-S01,1623-02-28,1623-03-01,medium,record,,yes,tommy owne plantation; two of these a little aft? ran away (1 am afraide to y° Indians) and noe doubt the other two [2] would haue consorted w'® theire companions if
V04-P0021-I01843-01850,collective,Indians,Indians,collective,exact,1.0,Indians,Indians,V04-P0021,1843,1850,V04-P0021-S01,1623-02-28,1623-03-01,medium,record,,yes,", ere fully finished, was blowne downe, by a tempest noe sooner repaired but y° Indians came vppon ys, w for a while deferd y’ proceedinges. Then they buill vp y¢ furn"
V04-P0023-I00563-00576,group,IG-008,Appamattuck,group,exact,1.0,"Apo-
matuckes",Apomatuckes,V04-P0023,563,576,V04-P0023-S01,1623-03-01,1623-03-31,high,record,,yes,"d a iniserable experience. The other day a party went vp to seat on y° Kinge of Apomatuckes townes, but before they could get thither, they were soe deminished by death, a"
V04-P0023-I01078-01085,collective,Indians,Indians,collective,exact,1.0,Indians,Indians,V04-P0023,1078,1085,V04-P0023-S01,1623-03-01,1623-03-31,high,record,,yes,"ene alsoe deadly vnto vs; I for my part, haucinge lost 19 by sickenes & 4 by y* Indians. You may ges in what a pore condition Tam, but the extreame siekenesxe I haue s"
V04-P0035-I00434-00441,collective,Indians,Indians,collective,exact,1.0,Indians,Indians,V04-P0035,434,441,V04-P0035-S01,1623-03-01,1623-03-31,medium,record,,yes,"ssemble, and [ protest you are in the right: Now for true newes thus it is, the Indians are drawne of as farre, as a man can hurle a stone at twice, I make no question"
V04-P0035-I00680-00687,group,IG-018,Chiskiack,group,fuzzy,0.857,Kiskiek,Kiskiack,V04-P0035,680,687,V04-P0035-S01,1623-03-01,1623-03-31,medium,record,,yes,"they would faine have peace, Conditionallie, that they may haue their Corne at Kiskiek, and Pamaunkok, that is Just at our backe, and when their Corne is readie, haue"
V04-P0035-I00693-00702,group,IG-003,Pamunkey,group_or_homonym,fuzzy,0.824,Pamaunkok,Pamaunke,V04-P0035,693,702,V04-P0035-S01,1623-03-01,1623-03-31,medium,record,,yes,"aine have peace, Conditionallie, that they may haue their Corne at Kiskiek, and Pamaunkok, that is Just at our backe, and when their Corne is readie, haue at yo"" buckler"
V04-P0036-I01140-01147,collective,Indians,Indians,collective,exact,1.0,Indians,Indians,V04-P0036,1140,1147,V04-P0036-S01,1623-03-01,1623-03-31,medium,record,,yes,"e, thate 500 waight of Tohaeco, vea and what shall this man dee, rune after the Indians? soft, I haue phaps 10, perhaps 15, perhaps 20 men and aim able to secure my ow"
V04-P0037-I00182-00189,collective,heathen,heathen,collective,exact,1.0,Heathen,heathen,V04-P0037,182,189,V04-P0037-S01,1623-03-01,1624-07-31,high,record,,yes,"e I Could Teare myselfe to sce what weatherbeaten Crowes wee are, to suffer the Heathen kennell of dogg@ to indent with us in this order, Vale {Addressed:] To the wor"
V04-P0039-I00937-00944,collective,Indians,Indians,collective,exact,1.0,Indians,Indians,V04-P0039,937,944,V04-P0039-S01,1623-03-05,1623-03-05,high,record,,yes,"f them for the most part were slaine and theyr howses & good¢€ burnt. some, the Indians kept ahue and tooke then awaie wt them, and nowe theixe two Indians that they h"
V04-P0039-I01005-01012,collective,Indians,Indians,collective,exact,1.0,Indians,Indians,V04-P0039,1005,1012,V04-P0039-S01,1623-03-05,1623-03-05,high,record,,yes,". some, the Indians kept ahue and tooke then awaie wt them, and nowe theixe two Indians that they haue taken doe tell vs that the Indians haue 15 aline w' them thus th"
V04-P0039-I01055-01062,collective,Indians,Indians,collective,exact,1.0,Indians,Indians,V04-P0039,1055,1062,V04-P0039-S01,1623-03-05,1623-03-05,high,record,,yes,"wt them, and nowe theixe two Indians that they haue taken doe tell vs that the Indians haue 15 aline w' them thus through theyr Roguery the land is ruinated and spoyl"
V04-P0059-I00593-00600,collective,Indians,Indians,collective,exact,1.0,Indians,Indians,V04-P0059,593,600,V04-P0059-S01,1623-03-17,1623-03-17,high,record,,yes,"edeeme me, for this day wee heure that there is 26 of English men slayne by the Indians, and they haue taken a Pinnace of M’ Pountis, and haue gotten peeces, Armour, s"
V04-P0059-I01101-01110,collective,infidels,infidels,collective,exact,1.0,Infidelle,infidelle,V04-P0059,1101,1110,V04-P0059-S01,1623-03-17,1623-03-17,high,record,,yes,"this bondage, and saue my life, now you may saue me, or let me bee slayne, with Infidelle, aske this man, he knoweth that all is true and Just that I say here; if you do"
V04-P0059-I01813-01820,collective,Indians,Indians,collective,exact,1.0,Indians,Indians,V04-P0059,1813,1820,V04-P0059-S01,1623-03-17,1623-03-17,high,record,,yes,"ill set them on againe, so that they furnished about 200 Canoes with aboue 1000 Indians, and came and thought to [5] haue taken the shipp, but shee was too quicke for"
V04-P0059-I02089-02095,collective,Indians,Indians,collective,exact,1.0,Indian,Indian,V04-P0059,2089,2095,V04-P0059-S01,1623-03-17,1623-03-17,high,record,,yes,"and can vse peeces, some of them, as well or better then an Englishman, ffor an Indian did shoote with M' Charles ny M* Kindsman at a marke of white paper, and hee hi"
V04-P0059-I02330-02338,group,IG-014,Accomac,place_homonym,spelling_variant,1.0,Accomack,Accomacks,V04-P0059,2330,2338,V04-P0059-S01,1623-03-17,1623-03-17,high,record,,yes,"eis slaues, for when they Could not take the ship then o' men saw them threaten Accomack that is the next Plantaéon and nowe ther isno Way but starueing ffor the Gow?uo"
V04-P0064-I00267-00274,collective,Indians,Indians,collective,exact,1.0,Indians,Indians,V04-P0064,267,274,V04-P0064-S01,1623-03-17,1623-03-17,high,record,,yes,"lie, whereas it was the onelye benifit weh wee reapt from the lreacherie of the Indians in drawing ourselues into a narrower Cireuite, whereby the people might haue be"
V04-P0069-I00069-00076,collective,Indians,Indians,collective,exact,1.0,Indians,Indians,V04-P0069,69,76,V04-P0069-S01,1623-03-17,1623-03-17,high,record,,yes,"MARCH 30, 1623 71 they had had anie knowledge of the purpose of the Indians, the most part Could not possiblie haue preuented their treacheries: but inust"
V04-P0069-I01803-01810,collective,Indians,Indians,collective,exact,1.0,Indians,Indians,V04-P0069,1803,1810,V04-P0069-S01,1623-03-17,1623-03-17,high,record,,yes,"h were massacred; yet with our small and siekhe forces we haue discomforted the Indians, round about vs, burnt their houses, gathered their Corne and slaine not a few;"
V04-P0069-I02282-02289,collective,Indians,Indians,collective,exact,1.0,Indians,Indians,V04-P0069,2282,2289,V04-P0069-S01,1623-03-17,1623-03-17,high,record,,yes,"ample in destroying thent Although in particuler I haue not suffred mueh by the Indians, yet haue I lost. by sicknes 23 aves of ney small Nomber to the greate dimninué"
V04-P0071-I00982-00989,collective,Indians,Indians,collective,exact,1.0,Indians,Indians,V04-P0071,982,989,V04-P0071-S01,1623-03-17,1623-03-17,high,record,,yes,aéon I coniecture is not unknowne vnaty you; Neither could the Trecherie of the Indians (although foreknowne) have beene but in part prevented: who like violent lighte
V04-P0072-I02791-02798,collective,Indians,Indians,collective,exact,1.0,Indians,Indians,V04-P0072,2791,2798,V04-P0072-S01,1623-03-17,1623-03-17,high,record,,yes,"at the doores of death. yet with our small and weake forees wee haue Chased the Indians from their aboad@, burnt their houses, taken their Corne and slayne net 2 few."
V04-P0074-I01150-01157,collective,Indians,Indians,collective,exact,1.0,Indians,Indians,V04-P0074,1150,1157,V04-P0074-S01,1623-03-17,1623-03-17,high,record,,yes,brought il to nought: Thorp he tath brought sueh a misery vpou vs by letting Y Indians haue their head and none must controll them. The Gouernor ood at that tyme for
V04-P0074-I01360-01367,collective,Indians,Indians,collective,exact,1.0,Indians,Indians,V04-P0074,1360,1367,V04-P0074-S01,1623-03-17,1623-03-17,high,record,,yes,"gutts: ‘uptaine Newce he cutts our throate on the other side and he letts in v Indians, and that while the other prouides tu kill all the swyne as it were of sett pur"
V04-P0083-I00750-00757,collective,savages,savages,collective,exact,1.0,Sauages,sauages,V04-P0083,750,757,V04-P0083-S01,1623-03-17,1623-03-17,high,record,,yes,the good and benefitt of the said Plantaéon wth hath bene vnder the Gouerm' of Sauages and People that knowe not god §§as fer divers ether Causes best knowne ynte va§
V04-P0086-I00589-00596,collective,savages,savages,collective,exact,1.0,Sauages,sauages,V04-P0086,589,596,V04-P0086-S01,1623-03-17,1623-03-17,high,record,,yes,"S Wliat boates, and barkes. 9 Howe the Collony nowe standes in respect of the Sauages. 10 What hopes may truely and really §bee§ conceiued of that Plantation. 11 Th"
V04-P0087-I00721-00728,collective,Indians,Indians,collective,exact,1.0,Indians,Indians,V04-P0087,721,728,V04-P0087-S01,1623-03-17,1623-03-17,high,record,,yes,"Postscript hee sayth: # newes was brought that Cap: Spilmian wis cut off by the Indians, hee had warninge of $it§ by an Indian: Hee and his men cominge with theyr armo"
V04-P0087-I00761-00767,collective,Indians,Indians,collective,exact,1.0,Indian,Indian,V04-P0087,761,767,V04-P0087-S01,1623-03-17,1623-03-17,high,record,,yes,"t that Cap: Spilmian wis cut off by the Indians, hee had warninge of $it§ by an Indian: Hee and his men cominge with theyr armour The kinge of that place asked why li"
V04-P0087-I01280-01287,collective,Indians,Indians,collective,exact,1.0,Indians,Indians,V04-P0087,1280,1287,V04-P0087-S01,1623-03-17,1623-03-17,high,record,,yes,hee & his men coming a shore disarmed thinking to trade were all cut of by the Indians. They tooke M* Pountise his shallope & hewed her too picees & came with 60 cano
V04-P0087-I01995-02002,collective,Indians,Indians,collective,exact,1.0,Indians,Indians,V04-P0087,1995,2002,V04-P0087-S01,1623-03-17,1623-03-17,high,record,,yes,"untry: If wee had sufficient prouision, wee should not necde to seeke after the Indians: It is a great loss to vs for that Cap. was # grea §the hest$ linguist of the I"
V04-P0087-I02081-02087,collective,Indians,Indians,collective,exact,1.0,Indian,Indian,V04-P0087,2081,2087,V04-P0087-S01,1623-03-17,1623-03-17,high,record,,yes,"s: It is a great loss to vs for that Cap. was # grea §the hest$ linguist of the Indian Tongue of this Countrys Fh 1 Name uncertain,"
V04-P0091-I01498-01505,collective,Indians,Indians,collective,exact,1.0,Indians,Indians,V04-P0091,1498,1505,V04-P0091-S01,1623-06-01,1623-06-30,low,record,,yes,"t was in St Thomas Dale his time and S* Samuell Argolls tune, in which time the Indians All the Bow men of those that bordered vpon the English payed a tribute of Corn"
V04-P0091-I01642-01649,collective,Indians,Indians,collective,exact,1.0,Indians,Indians,V04-P0091,1642,1649,V04-P0091-S01,1623-06-01,1623-06-30,low,record,,yes,payed a tribute of Corne and those gouernors so husbanded that busness that the Indians were forced to borrow corne for seed of the English and te repay it at theyr ha
V04-P0100-I00410-00417,collective,Indians,Indians,collective,exact,1.0,Indians,Indians,V04-P0100,410,417,V04-P0100-S01,1623-03-17,1623-03-17,high,record,,yes,"t Hon"" May it please you to understande, yt since our laste Tre, there cam two Indians to mlartins] Hunndred, who accordinge to order were sent vp to James Cyttie, on"
V04-P0100-I00516-00522,person,IP-006,Chanco,person,exact,1.0,Chauco,Chauco,V04-P0100,516,522,V04-P0100-S01,1623-03-17,1623-03-17,high,record,,yes,"red, who accordinge to order were sent vp to James Cyttie, one of which Called (Chauco) who had lived much amost the English, and by revealinge yt pl[ot] To divers vp"
V04-P0101-I01467-01475,group,IG-016,Patawomeck,place_homonym,exact,1.0,Potomack,Potomack,V04-P0101,1467,1475,V04-P0101-S01,1623-03-17,1623-03-17,high,record,,yes,"o se[nd] it accompened wt"" y* earth of the nature of terra Lemnia, to be had in Potomack River (beth if they proue of value) we eann send you in abundance. What ys don"
V04-P0104-I00456-00467,person,IP-002,Opechancanough,person,fuzzy,0.909,Apochancono,Apochankeno,V04-P0104,456,467,V04-P0104-S01,1623-03-17,1623-03-17,high,record,,yes,"divers of the greatest Comanders of the Enimy, amongst whom wee are assured, yt Apochancono is one, it beinge ympossable, that he should escape, y* designe beinge Chieflie"
V04-P0104-I01876-01884,collective,savages,savages,collective,exact,1.0,Salvages,salvages,V04-P0104,1876,1884,V04-P0104-S01,1623-03-17,1623-03-17,high,record,,yes,"eth, the security & plentie of this Plantatione, & wall the distructione of the Salvages, in that we shall haue thereby a swifte passage to theire princypall seates, an"
V04-P0105-I00105-00113,group,IG-013,Chesapeake,place_homonym,fuzzy,0.824,Chesceak,Chesapeakes,V04-P0105,105,113,V04-P0105-S01,1623-03-17,1623-03-17,high,record,,yes,"greater numbers, that may make good, this theire now Inhabited scate, & that of Chesceak, A pale beinge runn betweene Wynns the whole forest, and makes it inaccessible"
V04-P0105-I00199-00207,collective,savages,savages,collective,exact,1.0,Salvages,salvages,V04-P0105,199,207,V04-P0105-S01,1623-03-17,1623-03-17,high,record,,yes,"le beinge runn betweene Wynns the whole forest, and makes it inaccessible to y° Salvages, An excellent place & not fitt to he left unpeopled any longer, And to the ende"
V04-P0105-I01277-01285,collective,savages,savages,collective,exact,1.0,Salvages,salvages,V04-P0105,1277,1285,V04-P0105-S01,1623-03-17,1623-03-17,high,record,,yes,"shall make prize of such dutch, & french, as wee shall finde to trade with the Salvages w""in ou’ Limitts. The Colonie (God be thanked) hath recovered health, and noth"
V04-P0117-I00693-00700,collective,Indians,Indians,collective,exact,1.0,Indyans,Indyans,V04-P0117,693,700,V04-P0117-S01,1623-03-17,1623-03-17,high,record,,yes,"d sent a list, of the names of all the people, that dyed or were slayne, by the Indyans, since the massaere, & of all that remayne aliue, but sinece I could not in tym"
V04-P0119-I00679-00686,collective,Indians,Indians,collective,exact,1.0,Indians,Indians,V04-P0119,679,686,V04-P0119-S01,1623-03-17,1623-03-17,high,record,,yes,"eas one or 2 might to be effected: That ye prosperths af =° planteéens sett y* Indians on work toy"" massuere Coneerning the lotteryes who they were yt were imployed"
V04-P0120-I00093-00103,group,IG-001,Powhatan,group,exact,1.0,Powhatanes,Powhatanes,V04-P0120,93,103,V04-P0120-S01,1623-03-17,1623-03-17,high,record,,yes,dage pablsekly hy the Counselle Virginia 118 RECORDS OF THE VIRGINIA COMPANY Powhatanes Couutrey who together wt his Brother Opichankano plotted when 8° G. Yardly eame
V04-P0120-I00141-00152,person,IP-002,Opechancanough,person,exact,1.0,Opichankano,Opichankano,V04-P0120,141,152,V04-P0120-S01,1623-03-17,1623-03-17,high,record,,yes,ECORDS OF THE VIRGINIA COMPANY Powhatanes Couutrey who together wt his Brother Opichankano plotted when 8° G. Yardly eame thither to breake the league betweene vs & the
V04-P0120-I00269-00280,person,IP-002,Opechancanough,person,exact,1.0,Opichankano,Opichankano,V04-P0120,269,280,V04-P0120-S01,1623-03-17,1623-03-17,high,record,,yes,er to breake the league betweene vs & the Chickhor nenes & effected it thus. Opichankano $pfessing much frendships send fetues§$ vardlye aduertisem! yt some of the Chi
V04-P0120-I00831-00842,person,IP-002,Opechancanough,person,exact,1.0,Opichankano,Opichankano,V04-P0120,831,842,V04-P0120-S01,1623-03-17,1623-03-17,high,record,,yes,"nes yardly eomand@ a made then all flve out & sceke Reuenge, they iovned with Opichankano & having by stealthes & murthers diese tymes a them wre seed to peteife in so"
V04-P0120-I01135-01142,collective,savages,savages,collective,exact,1.0,Sauages,sauages,V04-P0120,1135,1142,V04-P0120-S01,1623-03-17,1623-03-17,high,record,,yes,"dt arenes ore the last Ms sere, oT Colonyes were almost nade subieet@ to the Sauages, and they ee SSauages§$ herevpon erow- ing insolent * took the aduantage of t"
V04-P0136-I01726-01733,collective,savages,savages,collective,exact,1.0,Savages,savages,V04-P0136,1726,1733,V04-P0136-S01,1623-03-17,1623-03-17,high,record,,yes,ssed over secinge that in the tymes of the greatest strength and enmitye of the Savages and of the Weaknes of o Colony the like mischeife never happened as this wih ha
V04-P0137-I00042-00048,collective,savages,savages,collective,exact,1.0,savage,savage,V04-P0137,42,48,V04-P0137-S01,1623-03-17,1623-03-17,high,record,,yes,"MALAY, 1623 135 the whole power of those savage Prinees and foreed them either to a good Corespondencie or to a yvearely Contri"
V04-P0137-I00305-00312,collective,savages,savages,collective,exact,1.0,sauages,sauages,V04-P0137,305,312,V04-P0137-S01,1623-03-17,1623-03-17,high,record,,yes,omas Sinyths gonernment there euer pesed perished by the avord of hundeé of the sauages half so many as haue bene butcherd and slayne by them in the comps of one veere
V04-P0140-I00210-00217,collective,Indians,Indians,collective,exact,1.0,Indians,Indians,V04-P0140,210,217,V04-P0140-S01,1623-03-17,1623-03-17,high,record,,yes,for want of good lookeinge to in Virginia. Many alsoe haue beene slayne by the Indians since the last Massacre. And yet if there remayne aboue 1000 it must necessaril
V04-P0140-I01778-01785,collective,savages,savages,collective,exact,1.0,Savages,savages,V04-P0140,1778,1785,V04-P0140-S01,1623-03-17,1623-03-17,high,record,,yes,"as of the Deare in Virginia thinge belonginge to noe man and serue to feed the Savages or the Maryners that live idlie there, rather then the people of the Colony, wh"
V04-P0149-I01301-01308,collective,natives,natives,contextual,exact,1.0,Natives,natives,V04-P0149,1301,1308,V04-P0149-S01,1623-03-17,1623-03-17,high,record,,yes,"ony is nowe oppressed wth amyn and sicknes wthin and engaged in a Warre wth the Natives wthout, And whereas the savages were formerlie brovelit to good Corespondeneie"
V04-P0149-I01333-01340,collective,savages,savages,collective,exact,1.0,savages,savages,V04-P0149,1333,1340,V04-P0149-S01,1623-03-17,1623-03-17,high,record,,yes,"nd sicknes wthin and engaged in a Warre wth the Natives wthout, And whereas the savages were formerlie brovelit to good Corespondeneie |& or|] made tributarie to vs, t"
V04-P0155-I01275-01282,collective,savages,savages,collective,exact,1.0,Savages,savages,V04-P0155,1275,1282,V04-P0155-S01,1623-05-02,1623-05-02,low,record,,yes,"ood the Collonies there at at that tyme in regard of peaec, or enmitic with the Savages. 9 Howe eame the lotteries first to be invented, and by whom, when did they be"
V04-P0160-I01433-01444,group,IG-011,Warraskoyack,place_homonym,fuzzy,0.9,Warasquiack,Warraskoyacks,V04-P0160,1433,1444,V04-P0160-S01,1623-05-31,1623-06-01,medium,record,,yes,omen & Children $in Virginia§ but 1240: aad exeept only the people remayning at Warasquiack wt! were but 3 households. Sinee wth tyme their letters make menéon of 5 or 600
V04-P0160-I01618-01625,collective,Indians,Indians,collective,exact,1.0,Indians,Indians,V04-P0160,1618,1625,V04-P0160-S01,1623-05-31,1623-06-01,medium,record,,yes,hed wh sicknes and famine. And many after that tyme perished by the hand¢ of th’Indians. And here we doe obserue that when this Muster Roule of the yeare 1622 was tak
V04-P0161-I00396-00403,collective,Indians,Indians,collective,exact,1.0,Indians,Indians,V04-P0161,396,403,V04-P0161-S01,1623-06-01,1623-06-30,high,record,,yes,gligence & want of good gou%nt:§ besid€ those that haue pished by & since by th’Indians and by sicknes: And so consequently that the people remayning in the Colony are
V04-P0161-I01211-01218,collective,Indians,Indians,collective,exact,1.0,Indians,Indians,V04-P0161,1211,1218,V04-P0161-S01,1623-06-01,1623-06-30,high,record,,yes,(meaninge the Company here) talke [2] of an Armye of 500 to issue out vpon th’ Indians in all parts and after 1 Ruhing Armye of 150 to vex them in all places This ioy
V04-P0161-I01710-01717,collective,Indians,Indians,collective,exact,1.0,Indians,Indians,V04-P0161,1710,1717,V04-P0161-S01,1623-06-01,1623-06-30,high,record,,yes,illin Capps beeing generallie approued as a fitt man to be imployed against th’ Indians he demanding but 46 30 small shott and 10 men to secure the Boutes was as it se
V04-P0163-I01351-01358,collective,Indians,Indians,collective,exact,1.0,Indians,Indians,V04-P0163,1351,1358,V04-P0163-S01,1623-06-01,1623-06-30,high,record,,yes,erable §beeing$ in danger to be ruyned $both$ by famine and by the hande of th’ Indians. Awe thirdlie That this misery is befallen them ptlie through want of good gou%
V04-P0169-I00574-00580,collective,Indians,Indians,collective,exact,1.0,Indian,Indian,V04-P0169,574,580,V04-P0169-S01,1623-05-07,1623-05-07,low,record,,yes,"the Gouerno® and Captaine generall of Virginia. Whereas the coming of certaine Indian¢ lately to Martins Hundred hath given vs cause to suspect, that theire intent i"
V04-P0169-I00873-00879,collective,Indians,Indians,collective,exact,1.0,Indian,Indian,V04-P0169,873,879,V04-P0169-S01,1623-05-07,1623-05-07,low,record,,yes,"inst vs. The Governor considering the manifold daungers, that may follow by the Indian@ resorting to privat Plantacions, and treating w™ them, out of his especiall ca"
V04-P0169-I01139-01145,collective,Indians,Indians,collective,exact,1.0,Indian,Indian,V04-P0169,1139,1145,V04-P0169-S01,1623-05-07,1623-05-07,low,record,,yes,"ut only the chiefe Comander of any Plantation) shall hold any conference w' any Indian® Gf at any time they shall in pesecable maner resort vnto them, and desire a pa"
V04-P0174-I01414-01422,collective,savages,savages,collective,exact,1.0,Salvages,salvages,V04-P0174,1414,1422,V04-P0174-S01,1623-05-07,1623-05-09,medium,record,,yes,"on, then to stand in need of suplics of oT most neeessarie food from these base Salvages nor more dangerous, then to haue o° liues, and the life of the Colony it self,"
V04-P0175-I00662-00669,collective,Indians,Indians,collective,exact,1.0,Indians,Indians,V04-P0175,662,669,V04-P0175-S01,1623-05-09,1623-05-09,low,record,,yes,", and that they do not hope or rely vppon any supply of Corne, by trade w'® the Indians, w"" wilbe in vaine, since leaue and license to trade wt them, shalbe very spari"
V04-P0180-I01812-01819,collective,natives,natives,contextual,exact,1.0,Natiues,natiues,V04-P0180,1812,1819,V04-P0180-S01,1623-05-09,1623-05-09,medium,record,,yes,"s the Gounour $s"" Geo: Yardly§ was forced to make a dishonorable peace with the Natiues, leaucing vnreuenged the death of some of o* people barburouslie murdered by th"
V04-P0180-I02037-02044,collective,savages,savages,collective,exact,1.0,Sauages,sauages,V04-P0180,2037,2044,V04-P0180-S01,1623-05-09,1623-05-09,medium,record,,yes,nseasonable time diuided into so manie small bodyes that it did euen invite the Sauages to execute the late [3] horrid Massacre. $16§ $468 46 The ereat bridge at Jame
V04-P0182-I00128-00135,collective,savages,savages,collective,exact,1.0,Sauages,sauages,V04-P0182,128,135,V04-P0182-S01,1623-05-09,1623-05-09,medium,record,,yes,"ssacre, and §of the§ miserie hapned §to$ the plantaton as also th’arming of the Sauages with weapons and teaching them the vse of gunnes. §24§ §25§ 24 As R ther is a"
V04-P0185-I01670-01677,collective,natives,natives,contextual,exact,1.0,Natiues,natiues,V04-P0185,1670,1677,V04-P0185-S01,1623-05-09,1623-05-09,high,record,,yes,"of the publiq, workes made by S' Sa. Argall w*> he comenset The League of the Natiues appeares in th’aforesct Booke §pag. 11. 12, 13, 4e¢ = F Bele 14. 15§& by S* Ar"
V04-P0188-I01114-01121,collective,Indians,Indians,collective,exact,1.0,Indians,Indians,V04-P0188,1114,1121,V04-P0188-S01,1623-05-09,1623-05-14,medium,record,,yes,another fre giues a Reason why they are not suffred to plant Corne least ## th’ Indians should lurke in it. And of this M* Jadwyn complayned lately in open Court. 22
V04-P0191-I00942-00950,collective,savages,savages,collective,exact,1.0,Salvages,salvages,V04-P0191,942,950,V04-P0191-S01,1623-05-12,1623-05-12,low,record,,yes,"e, or harbo™, win the bound@ and limitt€ of this Colony, there to trade wt"" the Salvages for Corne, or any other Comodities they can aford them. And it is further graun"
V04-P0191-I01058-01068,collective,savages,savages,collective,exact,1.0,"Sal-
vages",salvages,V04-P0191,1058,1068,V04-P0191-S01,1623-05-12,1623-05-12,low,record,,yes,"odities they can aford them. And it is further graunted, that if so be the said Salvages shall deny them trade, or shall giue them any tust oceacon, or shull by any pri"
V04-P0192-I00813-00822,group,IG-003,Pamunkey,group_or_homonym,spelling_variant,1.0,Pamunckey,Pamunkey,V04-P0192,813,822,V04-P0192-S01,1623-05-09,1623-05-14,medium,record,,yes,"rsons, weh vppon espetiall occasion are to accompanie him, in the shallops into Pamunckey Ryuer, neere to the seate of Appochankano. And for the better manageing of his"
V04-P0192-I00852-00864,person,IP-002,Opechancanough,person,fuzzy,0.909,Appochankano,Apochankeno,V04-P0192,852,864,V04-P0192-S01,1623-05-09,1623-05-14,medium,record,,yes,"to accompanie him, in the shallops into Pamunckey Ryuer, neere to the seate of Appochankano. And for the better manageing of his Imployment & for the redressing of all dis"
V04-P0193-I00716-00727,group,IG-011,Warraskoyack,place_homonym,fuzzy,0.9,Wariscoyack,Warraskoyacks,V04-P0193,716,727,V04-P0193-S01,1623-03-17,1623-03-17,high,record,,yes,"man through the whole Colony, shalbe employed about the building of a Forte at Wariscoyack, vnd"" the Comand of Cap* Roger Smith: These are therefore to require and Comian"
V04-P0193-I00941-00952,group,IG-011,Warraskoyack,place_homonym,fuzzy,0.9,Wariscoyack,Warraskoyacks,V04-P0193,941,952,V04-P0193-S01,1623-03-17,1623-03-17,high,record,,yes,"ntations vnd"" his Coiiiand, he do imediatly leavy every 20 man and send them to Wariscoyack, to the said Cap' Smith furnished wt armes and tooles, and sufficient provision"
V04-P0218-I01262-01269,collective,Indians,Indians,collective,exact,1.0,Indians,Indians,V04-P0218,1262,1269,V04-P0218-S01,1623-06-04,1623-06-30,medium,record,,yes,Ht expresse word€ more expressly he sayeth that when they were to goe vpon th’ Indians they could out of the whole Colony but raise ISU (vhereof sO were fitt only to
V04-P0218-I01765-01772,collective,savages,savages,collective,exact,1.0,Sauages,sauages,V04-P0218,1765,1772,V04-P0218-S01,1623-06-04,1623-06-30,medium,record,,yes,eby ne _oceusione | as tie by pessett as calso by reason of th’ ennutie of the Sauages comprised in the Who have dately eomitted many insoleneies and Saetious of$ bar
V04-P0219-I02942-02949,collective,Indians,Indians,collective,exact,1.0,Indians,Indians,V04-P0219,2942,2949,V04-P0219-S01,1623-07-01,1623-07-31,low,record,,yes,"ny such disasters ee iipeeeen as haue lately befallen them by the handé of the Indians, but that eonftraris’ If his Mae at hy one"
V04-P0223-I01862-01871,group,IG-016,Patawomeck,place_homonym,fuzzy,0.933,Potomacke,Potomack,V04-P0223,1862,1871,V04-P0223-S01,1623-06-09,1623-06-09,high,record,,yes,"ryting but onlve this. The 22 of Maye Captin Tucker was sente with 12 men in to Potomacke Ryver to feche som of our Engleshe which the Indianes detayned, and withall in"
V04-P0223-I01917-01925,collective,Indians,Indians,collective,exact,1.0,Indianes,Indianes,V04-P0223,1917,1925,V04-P0223-S01,1623-06-09,1623-06-09,high,record,,yes,"sente with 12 men in to Potomacke Ryver to feche som of our Engleshe which the Indianes detayned, and withall in culler to conclude a pease with the great Kinge Apocha"
V04-P0223-I02067-02073,collective,Indians,Indians,collective,exact,1.0,Indian,Indian,V04-P0223,2067,2073,V04-P0223-S01,1623-06-09,1623-06-09,high,record,,yes,e great Kinge Apochanzion; soe the interpreter which was sente by Jande with an Indian with hime to bringe the kinge to parle with Captain Yucker broughte them soe. A
V04-P0224-I00470-00480,collective,infidels,infidels,collective,exact,1.0,infidelles,infidelles,V04-P0224,470,480,V04-P0224-S01,1623-06-09,1623-06-09,medium,record,,yes,sell for serten. Soe this beinge done yt wilhe a great desmayinge to the blodye infidelles. We purpose god willinge after we have wedid our Tobaco and cornne with the hel
V04-P0224-I00623-00633,group,IG-012,Nansemond,group,exact,1.0,Nansemomes,Nansemomes,V04-P0224,623,633,V04-P0224-S01,1623-06-09,1623-06-09,medium,record,,yes,"rnne with the helpe of Captn Smythe and otheres to goe upon the Waresquokes and Nansemomes to cute downe ther corne and put them to the sorde. God sende us vyctrie, as we"
V04-P0230-I01232-01239,collective,Indians,Indians,collective,exact,1.0,Indians,Indians,V04-P0230,1232,1239,V04-P0230-S01,1623-06-09,1623-06-19,medium,record,,yes,ere at rreasunable rates and not good. This yeare we liue hard by reason of the Indians and yett lite or no meate for we canot send eut vnder 4 or 5 and they be out 2
V04-P0231-I00669-00676,collective,Indians,Indians,collective,exact,1.0,Indians,Indians,V04-P0231,669,676,V04-P0231-S01,1623-06-19,1623-06-19,low,record,,yes,great deale of imiserie that 0° people endure and not least. Hunger in w'h th’ Indians also suffer extreame. The Company agreed wth Capt Each (M? of th’ Abigaile) fo
V04-P0231-I01897-01904,collective,Indians,Indians,collective,exact,1.0,Indians,Indians,V04-P0231,1897,1904,V04-P0231-S01,1623-06-19,1623-06-19,low,record,,yes,in’s men wch he sent ou? the last yeare we found but 7: becing all killd by th’ Indians and his plantaGon ready to fall to decay: The Countrey ai this tyme standeth in
V04-P0233-I00954-00960,collective,Indians,Indians,collective,exact,1.0,Indian,Indian,V04-P0233,954,960,V04-P0233-S01,1623-06-19,1623-06-19,high,record,,yes,"a iustell of Plate, cheifelie to feed the men that make my house. A Bushell of Indian India? Corne Corne is sold for xx* 8. Idem to Mr’ Cafting. 25 M%ch 1623) I ha"
V04-P0234-I00792-00804,person,IP-002,Opechancanough,person,fuzzy,0.957,Opechanekano,Opechancano,V04-P0234,792,804,V04-P0234-S01,1623-06-19,1623-06-19,medium,record,,yes,ther vnlawfull meanes &c&. more to this effect. 19 $English§ psons retayned by Opechanekano in great slauery. Idem eidem 2 March] very much to y* poynt aforesayd: describ
V04-P0235-I00691-00698,collective,Indians,Indians,collective,exact,1.0,Indyans,Indyans,V04-P0235,691,698,V04-P0235-S01,1623-06-19,1623-06-19,high,record,,yes,"g me a token, desire her from yo' selfe it may be Butter & Cheese, for since th'Indyans & we fel) out we dare not send a hunting but wh so many men as it is not worth"
V04-P0236-I00977-00984,collective,Indians,Indians,collective,exact,1.0,Indians,Indians,V04-P0236,977,984,V04-P0236-S01,1623-06-19,1623-06-19,medium,record,,yes,"re haue ben killd XX and odd And in this last Massacre there was eutt off by th’Indians a Pinnace, a Shallopp, and a small Boate wth 26 men all in compleat Armour the"
V04-P0236-I01918-01925,collective,Indians,Indians,collective,exact,1.0,Indians,Indians,V04-P0236,1918,1925,V04-P0236-S01,1623-06-19,1623-06-19,medium,record,,yes,er the fast sere The last yeare I had a : very hard yeare of it by reason of th’Indians and J feare this wilbe as bad: T lost the last yeare as many Cattle as were wor
V04-P0237-I01595-01602,collective,Indians,Indians,collective,exact,1.0,Indians,Indians,V04-P0237,1595,1602,V04-P0237-S01,1623-06-19,1623-06-19,low,record,,yes,are want: The Contrey is fullie determyned this Somer to sett mainly? vpon th’ Indians w‘h if it please God to prosp we shail haue againe a plentifull Contrey; but i
V04-P0239-I01062-01069,collective,Indians,Indians,collective,exact,1.0,Indians,Indians,V04-P0239,1062,1069,V04-P0239-S01,1623-06-19,1623-06-19,low,record,,yes,and of grumbling Obedience: They talke of an Army of 500 to issue out vpon th’ Indians py this account tn all paris and after a rufiing Armuye of 150 te vex them inal
V04-P0240-I00666-00673,collective,Indians,Indians,collective,exact,1.0,Indians,Indians,V04-P0240,666,673,V04-P0240-S01,1623-06-19,1623-06-19,medium,record,,yes,ia but all his seruants are dead. There are none but women in Captiuitie wth th’Indians for the men that they tooke they putt them to death: Many of yot yong Cattle ar
V04-P0252-I00540-00547,collective,savages,savages,collective,exact,1.0,Salvage,salvage,V04-P0252,540,547,V04-P0252-S01,1623-07-06,1623-07-22,medium,record,,yes,"Whereas there is no meanes so probable to worke the ruine, and destrucGon of of Salvage & treacherous euemies, as cutting downe theire Corne in the fitt season, seeing"
V04-P0252-I01394-01409,group,IG-004,Chickahominy,group_or_homonym,fuzzy,0.87,"Chicko-
huomini",Chickahominy,V04-P0252,1394,1409,V04-P0252-S01,1623-07-06,1623-07-22,medium,record,,yes,"ny of theire Plantation) as he shall think necessarie: And so provided te go vp Chickohuomini Riu' to the Plantation€ of the Salvuges there, or to any other places adioyning"
V04-P0252-I01538-01548,collective,savages,savages,collective,exact,1.0,"Sal-
vages",salvages,V04-P0252,1538,1548,V04-P0252-S01,1623-07-06,1623-07-22,medium,record,,yes,"r to any other places adioyning (where conveniently they may) and to pursue the Salvages w"""" fire and Sword, especially to employ himself & his Company in cutting down"
V04-P0259-I00625-00639,group,IG-002,Tanx Powhatan,group,exact,1.0,Tanx Powhatans,Tanx Powhatans,V04-P0259,625,639,V04-P0259-S01,1623-07-22,1623-07-22,high,record,,yes,"mission (mutatis mutandis) was graunted to Capt Samuell Mathews to go vppon the Tanx Powhatans. To Cap' Nath: West vppon the Apomatacks, and Tanx Weyonaques. To Capt Wittm"
V04-P0259-I00671-00681,group,IG-008,Appamattuck,group,exact,1.0,Apomatacks,Apomatacks,V04-P0259,671,681,V04-P0259-S01,1623-07-22,1623-07-22,high,record,,yes,"t Samuell Mathews to go vppon the Tanx Powhatans. To Cap' Nath: West vppon the Apomatacks, and Tanx Weyonaques. To Capt Wittm Tucker vppon the Nansamums, & Wariscoyacks"
V04-P0259-I00736-00745,group,IG-012,Nansemond,group,fuzzy,0.824,Nansamums,Nansamund,V04-P0259,736,745,V04-P0259-S01,1623-07-22,1623-07-22,high,record,,yes,"West vppon the Apomatacks, and Tanx Weyonaques. To Capt Wittm Tucker vppon the Nansamums, & Wariscoyacks. All wth fell vppon them on the same day namely the 23"" of Jul"
V04-P0259-I00749-00761,group,IG-011,Warraskoyack,group,fuzzy,0.9,Wariscoyacks,Warraskoyacks,V04-P0259,749,761,V04-P0259-S01,1623-07-22,1623-07-22,high,record,,yes,"e Apomatacks, and Tanx Weyonaques. To Capt Wittm Tucker vppon the Nansamums, & Wariscoyacks. All wth fell vppon them on the same day namely the 23"" of July 1623. Aweek af"
V04-P0259-I00937-00945,group,IG-012,Nansemond,group_or_homonym,fuzzy,0.824,Nansamum,Nansamund,V04-P0259,937,945,V04-P0259-S01,1623-07-22,1623-07-22,high,record,,yes,"addison marched against the Great Weyonaques and Capt Tucker the second tine to Nansamum. Privy Counci,. Orper ror Pay to ATTENDING OFrricers Juty 19, 1623 Register o"
V04-P0267-I00502-00509,collective,Indians,Indians,collective,exact,1.0,Indians,Indians,V04-P0267,502,509,V04-P0267-S01,1623-09-01,1623-09-30,high,record,,yes,ed were the Cities of Henrico and Charles w‘h are now vtterlie demolished by th'Indians: And tho fortifications about James Citie & Elizabeth Citie are Shaue ben§ sulf
V04-P0267-I01786-01793,collective,Indians,Indians,collective,exact,1.0,Indians,Indians,V04-P0267,1786,1793,V04-P0267-S01,1623-09-01,1623-09-30,high,record,,yes,industric is cleared of the wood or either hy the Gelony §English§ or +h by th’Indians. 4. The fortifications antientlie vsed were by Trench and Pallizado #°h new ar
V04-P0283-I01347-01354,collective,Indians,Indians,collective,exact,1.0,Indians,Indians,V04-P0283,1347,1354,V04-P0283-S01,1623-09-04,1623-09-04,high,record,,yes,"eene the meanes of bringeing downe the vallew of o” Trucking stuffe amongst the Indians (whilest mens necessities haue caused them to giue any rates for Corne, rather"
V04-P0284-I00294-00301,collective,Indians,Indians,collective,exact,1.0,Indians,Indians,V04-P0284,294,301,V04-P0284-S01,1623-09-04,1623-09-16,medium,record,,yes,"ondi@on or qualitie soever, shall dare to go to trade or truck for Corne w™ any Indians, either Easterne Shore, or win any part of the Bay of Chesapeack: as they will"
V04-P0284-I00356-00366,group,IG-013,Chesapeake,place_homonym,spelling_variant,1.0,Chesapeack,Chesapeakes,V04-P0284,356,366,V04-P0284-S01,1623-09-04,1623-09-16,medium,record,,yes,"for Corne w™ any Indians, either Easterne Shore, or win any part of the Bay of Chesapeack: as they will answer the eontrary at theire vttermost perill@. Given at James C"
V04-P0284-I01270-01276,collective,savages,savages,collective,exact,1.0,Sauage,sauage,V04-P0284,1270,1276,V04-P0284-S01,1623-09-04,1623-09-16,medium,record,,yes,"her & y® publique good, for weh affairs yo"" petition? hath hired Ensigne Thomas Sauage to bee ther Interpreter. Yo petiGoener humbly prayeth, that no Act or Acts may"
V04-P0285-I00832-00840,collective,heathen,heathen,collective,exact,1.0,heathens,heathens,V04-P0285,832,840,V04-P0285-S01,1623-09-04,1623-09-08,low,record,,yes,"may be reformed, Secing his Mat'* espectacion is yt by o* uertuous gow%iment y* heathens might bee brought to y* true knowledge of god & his sonne Christ Jesus, wt his"
V04-P0292-I01497-01507,group,IG-007,Kecoughtan,place_homonym,spelling_variant,1.0,Kicoughtan,Kicoughtans,V04-P0292,1497,1507,V04-P0292-S01,1623-09-21,1623-10-01,medium,record,,yes,"night Governo’ and Capt generall of Virginia, to Capt Willm Tuckar Commander of Kicoughtan sendeth greeting. Whereas diuers publique debte of the last yeare remaine yet v"
V04-P0293-I01464-01474,group,IG-007,Kecoughtan,place_homonym,spelling_variant,1.0,Kicoughtan,Kicoughtans,V04-P0293,1464,1474,V04-P0293-S01,1623-10-01,1623-10-31,high,record,,yes,"att It Governo"" and Cap* generall of Virginia, to Cap* Witim Tuckar Comander of Kicoughtan, sendeth grecting. Whereas (according to an act of courte made, that there shou"
V04-P0319-I00681-00690,collective,infidels,infidels,collective,exact,1.0,infideles,infideles,V04-P0319,681,690,V04-P0319-S01,1623-11-04,1624-05-24,high,record,,yes,rabili ignorantia vere scientic et cultus dei et potuissent in tempore adducere infideles et barbaros degentes in illis partibus ad humanam civilitatem et ad quietam et
V04-P0376-I01653-01661,collective,infidels,infidels,collective,exact,1.0,infidels,infidels,V04-P0376,1653,1661,V04-P0376-S01,1623-11-04,1624-05-24,low,record,,yes,of the true knowledge and worship of God and would be able in time to lead the infidels and needy barbarians dwelling in those parts to human civilisation and to quiet
V04-P0376-I01672-01682,collective,barbarians,barbarians,collective,exact,1.0,barbarians,barbarians,V04-P0376,1672,1682,V04-P0376-S01,1623-11-04,1624-05-24,low,record,,yes,dge and worship of God and would be able in time to lead the infidels and needy barbarians dwelling in those parts to human civilisation and to quiet and peaceful governm
V04-P0387-I02966-02973,collective,natives,natives,contextual,exact,1.0,natives,natives,V04-P0387,2966,2973,V04-P0387-S01,1623-11-04,1624-05-24,high,record,,yes,place across the sea wheresoever being in amity with our same lord the King as natives and lieges and subjects of our same Jord the King born in any of his kingdoms a
V04-P0419-I01089-01098,collective,infidels,infidels,collective,exact,1.0,infidells,infidells,V04-P0419,1089,1098,V04-P0419-S01,1623-12-07,1623-12-07,high,record,,yes,"ext and immediately after the honour wee shall doe to God in converteing of the infidells to the knowledge and worshippe of Him, we intend wholely the good of our subjec"
V04-P0421-I00097-00103,collective,savages,savages,collective,exact,1.0,savage,savage,V04-P0421,97,103,V04-P0421-S01,1623-12-07,1623-12-07,high,record,,yes,", 1623 413 sayde severall collonies, but alsoe as much as they may amongst the savage people, which doe or shall adjoyne unto them, and border uppon them, accordeing"
V04-P0421-I01022-01031,collective,natives,natives,contextual,exact,1.0,naturalls,naturalls,V04-P0421,1022,1031,V04-P0421-S01,1623-12-07,1623-12-07,high,record,,yes,shall inhabite within any of the sayde colonies and plantacions (or any of the naturalls bordering one them) from the same governement or from their due allegeance to u
V04-P0429-I00889-00898,collective,natives,natives,contextual,exact,1.0,naturalls,naturalls,V04-P0429,889,898,V04-P0429-S01,1623-12-07,1623-12-07,high,record,,yes,"ymitacion of a dictatour is onely in cases of necessytie because des- 42] the naturalls of the cuntrie, to taxe tributes aswell for a treasurie for England as for Virg"
V04-P0431-I01523-01530,collective,Indians,Indians,collective,exact,1.0,Indyans,Indyans,V04-P0431,1523,1530,V04-P0431-S01,1623-12-07,1623-12-07,high,record,,yes,"dentes councells and marshalls to looke carefully unto, the rather to drawe the Indyans to the like dependencye. And wee doe further ordayne that from the time that t"
V04-P0439-I00415-00424,collective,natives,natives,contextual,exact,1.0,naturalls,naturalls,V04-P0439,415,424,V04-P0439-S01,1623-12-07,1623-12-07,high,record,,yes,"g but a potent domesticke enimye should enforce us to, And considering that the naturalls of the cuntrie are soe weake, that the strenght and largenesse of the cuntric i"
V04-P0439-I01910-01917,collective,Indians,Indians,collective,exact,1.0,Indyans,Indyans,V04-P0439,1910,1917,V04-P0439-S01,1623-12-07,1623-12-07,high,record,,yes,"to discover the comodities of the cuntrie, a meanes to make tame and civill the Indyans, a meanes to make our commaunders the betier agrec, a meanes to kecpe our cello"
V04-P0442-I01351-01358,collective,Indians,Indians,collective,exact,1.0,Indyans,Indyans,V04-P0442,1351,1358,V04-P0442-S01,1623-12-01,1623-12-07,medium,record,,yes,"last, makeing them soe strong as they maye bee sufficient defences agaynest the Indyans, and the placeing those villages in and [an] orderlye distanee one from the oth"
V04-P0443-I00040-00047,collective,Indians,Indians,collective,exact,1.0,Indyans,Indyans,V04-P0443,40,47,V04-P0443-S01,1623-12-01,1623-12-31,high,record,,yes,"EARLY DECEMBER, 1623 435 their propper Indyans beelongeing to them, whoe seeth not what greate benifitte would arise to the pl"
V04-P0444-I00625-00632,collective,Indians,Indians,collective,exact,1.0,Indians,Indians,V04-P0444,625,632,V04-P0444-S01,1623-12-01,1623-12-31,medium,record,,yes,"re it both from forraine Enimies, and inable it to give lawes to the Domesticke Indians. 4. Fourthly, the imploying of those men there to make the best & suddainest r"
V04-P0456-I00827-00834,collective,Indians,Indians,collective,exact,1.0,Indians,Indians,V04-P0456,827,834,V04-P0456-S01,1624-01-19,1624-01-26,medium,record,,yes,": forbidding notw“standing the said Raph, to compell by any waics or meanes any Indians whatsoever to trade more then they shalbe willing to trade for; or to offer any"
V04-P0458-I00711-00721,collective,savages,savages,collective,exact,1.0,"Sal-
vages",salvages,V04-P0458,711,721,V04-P0458-S01,1624-01-26,1624-01-30,medium,record,,yes,"d peeedings. Wee haue to ou’ vttermost abilities revenged ourselves vppone the Salvages havinge vppon this river, Cut downe theire Corne in all places w% was planted i"
V04-P0458-I01344-01351,group,IG-016,Patawomeck,group_or_homonym,spelling_variant,1.0,Potomak,Potomack,V04-P0458,1344,1351,V04-P0458-S01,1624-01-26,1624-01-30,medium,record,,yes,"ndinge y* Gou'nor as soone as our Corne was ripe, sett forwarde to the River of Potomak to settle the trade wth out freends, and to revenge the trecherie of y"" Pascoti"
V04-P0458-I01890-01899,group,IG-016,Patawomeck,group,fuzzy,0.857,Patomacks,Potomack,V04-P0458,1890,1899,V04-P0458-S01,1624-01-26,1624-01-30,medium,record,,yes,"or into that river, was an agrement made the last yeere by m' Threasurer w* the Patomacks, our ancyent alies, of whome greate numbers were murthered by those nations, no"
V04-P0459-I00046-00055,group,IG-003,Pamunkey,group,fuzzy,0.875,Pomunkeys,Pamunkey,V04-P0459,46,55,V04-P0459-S01,1624-01-30,1624-01-30,high,record,,yes,"JANUARY 30, 1623/4 451 in a warr against the Pomunkeys, w® would haue been very Advantagious vnto us, The vnsesonablenes of the weathe"
V04-P0478-I00817-00825,collective,savages,savages,collective,exact,1.0,saluages,saluages,V04-P0478,817,825,V04-P0478-S01,1624-03-09,1624-03-30,medium,record,,yes,"y? Bay into any rivers, Creeks or habo™ to vs appertaining ther to trade w* y° saluages for Corne or any other Com? they Can afford hime puided vt it shall not be fawf"
V04-P0481-I00710-00718,collective,savages,savages,collective,exact,1.0,saluages,saluages,V04-P0481,710,718,V04-P0481-S01,1624-03-30,1624-03-30,high,record,,yes,"band being slaine in the bloudy Masaere, & her selfe Caried away w'® the Cruell saluages, amongst them Finduring much misery for teen monthes At the Exspiration it plea"
V04-P0481-I00838-00845,collective,Indians,Indians,collective,exact,1.0,Indians,Indians,V04-P0481,838,845,V04-P0481-S01,1624-03-30,1624-03-30,high,record,,yes,"teen monthes At the Exspiration it pleased God so to dispase the hartes of the Indians, yt for a small ransome yo"" petitioner w diuers others should be released, In C"
V04-P0481-I01755-01762,collective,Indians,Indians,collective,exact,1.0,Indians,Indians,V04-P0481,1755,1762,V04-P0481-S01,1624-03-30,1624-03-30,high,record,,yes,"his seruitude, Considering that it much differeth not from her slancry w'* the Indians, & yo"" peticioner shalbe bound to pray ete See the Court holden March the 30%"
V04-P0484-I01121-01128,collective,Indians,Indians,collective,exact,1.0,Indians,Indians,V04-P0484,1121,1128,V04-P0484-S01,1624-04-17,1624-04-28,medium,record,,yes,"eyr Lows M* Pory will shewe you, doe shrewdly prognosticate. Otherwise were the Indians driven of from infesting our people and Cattle, as with no great forees in two"
V04-P0503-I01886-01894,collective,infidels,infidels,collective,exact,1.0,Infidell,infidell,V04-P0503,1886,1894,V04-P0503-S01,1624-07-15,1624-07-15,high,record,,yes,gnorance of the true knowledge and Worshippe of God and might in tyme bring the Infidell¢ and Savages in those partes to human Civilitye and to a setled and quiett gove
V04-P0503-I01900-01907,collective,savages,savages,collective,exact,1.0,Savages,savages,V04-P0503,1900,1907,V04-P0503-S01,1624-07-15,1624-07-15,high,record,,yes,e true knowledge and Worshippe of God and might in tyme bring the Infidell¢ and Savages in those partes to human Civilitye and to a setled and quiett governement did b
V04-P0505-I00947-00954,collective,savages,savages,collective,exact,1.0,Savages,savages,V04-P0505,947,954,V04-P0505-S01,1624-07-15,1624-07-15,high,record,,yes,y God@ visitaton sicknes of bodye famyne and by massacres of them by the native Savages of the lande dead and deceased and those that Were living of them lived in [mis
V04-P0519-I01356-01363,person,IP-003,Opitchapam (Sasawpen),person,exact,1.0,Otiotan,Otiotan,V04-P0519,1356,1363,V04-P0519-S01,1624-12-02,1624-12-02,high,record,,yes,"lawfull favor Yt hath pleased God this yeere to give us a greate Vietorie over Otiotan & y° Pomunkeys, with theire Confederates, by a hand full, beinge in all not abo"
V04-P0519-I01369-01378,group,IG-003,Pamunkey,group,fuzzy,0.875,Pomunkeys,Pamunkey,V04-P0519,1369,1378,V04-P0519-S01,1624-12-02,1624-12-02,high,record,,yes,"Yt hath pleased God this yeere to give us a greate Vietorie over Otiotan & y° Pomunkeys, with theire Confederates, by a hand full, beinge in all not aboue 60 ffyghting"
V04-P0519-I01577-01584,collective,Indians,Indians,collective,exact,1.0,Indyans,Indyans,V04-P0519,1577,1584,V04-P0519-S01,1624-12-02,1624-12-02,high,record,,yes,"the Cuttinge downe of Corne) Condueted by the Gouernor, in w™ was shewed w' the Indyans coulde doe, havinge mantayned fighte two days together, and much therof in open"
V04-P0520-I00446-00453,collective,Indians,Indians,collective,exact,1.0,Indyans,Indyans,V04-P0520,446,453,V04-P0520-S01,1624-12-02,1625-01-10,low,record,,yes,"(since when they haue nott greatly troubled us, nor interupted our Labors, The Indyans were never knowne to shew soe greate resolutione, either encoraged by the paucy"
V04-P0520-I00810-00818,collective,savages,savages,collective,exact,1.0,Salvages,salvages,V04-P0520,810,818,V04-P0520-S01,1624-12-02,1625-01-10,low,record,,yes,"nd such a huge quantetic of Corne, but for theire reputatione w"" y* rest of the Salvages: w"" we now hope they haue loste, it depending much vppon the success of this Ac"
V04-P0520-I00909-00919,group,IG-003,Pamunkey,group,fuzzy,0.875,Pomunckeys,Pamunkey,V04-P0520,909,919,V04-P0520-S01,1624-12-02,1625-01-10,low,record,,yes,"hope they haue loste, it depending much vppon the success of this Actione, The Pomunckeys havinge made greate braggs, of what they would doc, Amonge the Northerne nation"
V04-P0520-I01042-01048,collective,Indians,Indians,collective,exact,1.0,Indyan,Indyan,V04-P0520,1042,1048,V04-P0520-S01,1624-12-02,1625-01-10,low,record,,yes,"ould doc, Amonge the Northerne nationes: of whom the kinge of Potuxsone sent an Indyan vnto us expressly to be an eye witnes of the evente Yf our store of powder had"
V04-P0520-I01214-01221,collective,Indians,Indians,collective,exact,1.0,Indyans,Indyans,V04-P0520,1214,1221,V04-P0520-S01,1624-12-02,1625-01-10,low,record,,yes,"answerable to [oJu’ intentions and readines, We had gone vppon our neighboringe Indyans, although we vnderstande, y' they haue quitted their former Plantaéons by the h"
V04-P0526-I00319-00325,collective,savages,savages,collective,exact,1.0,Savage,savage,V04-P0526,319,325,V04-P0526-S01,1625-02-04,1625-02-04,medium,record,,yes,rivall to be Governo’ having oeca@on for the publique servie’ to employ Ensigne Savage as an Interpreto® he sent for him to the Complaynant at whose Plantaéon he then
V04-P0527-I01225-01232,collective,Indians,Indians,collective,exact,1.0,Indians,Indians,V04-P0527,1225,1232,V04-P0527-S01,1625-02-04,1625-02-04,high,record,,yes,concerninge an outrage done by some of the said Complaynante people to Certaine Indians in the Bay wth whom wee were in league and peace. in takeing away by violence’
V04-P0527-I01474-01484,person,IP-002,Opechancanough,person,fuzzy,0.952,Opachankan,Opachancano,V04-P0527,1474,1484,V04-P0527-S01,1625-02-04,1625-02-04,high,record,,yes,"d Complaynant! conive,! and Complaint bing! thereof made to the said Defend' by Opachankan, whoe also was Complayned vnto by the Kinge one the Eastren shore to whom those"
V04-P0528-I00939-00946,collective,Indians,Indians,collective,exact,1.0,Indians,Indians,V04-P0528,939,946,V04-P0528-S01,1625-02-04,1625-04-01,low,record,,yes,ers did throw som smale trompery in to the boat thinge of lite or no vallew the Indians hauinge earied away all other thing@ as it should seeme by there strowinge of o
V04-P0533-I00125-00132,collective,savages,savages,collective,exact,1.0,Sauages,sauages,V04-P0533,125,132,V04-P0533-S01,1625-04-01,1625-04-30,high,record,,yes,"Plautatéons, all wet were but poorely housed, and as ill fortified agaynst the Sauages. 5. Onely one old Friggott belonging to y° Sumer Tlandes, one Shallop, onc Shi"
V04-P0533-I00357-00364,collective,Indians,Indians,collective,exact,1.0,Indians,Indians,V04-P0533,357,364,V04-P0533-S01,1625-04-01,1625-04-30,high,record,,yes,"Ministers in orders, & Two wout 7. No Comoditie on foote saue Tobaceo. 8. The Indians in dowbtfull Termes. This as they report was the true estate of y° Plantaéons"
V04-P0540-I00268-00275,collective,savages,savages,collective,exact,1.0,Savages,savages,V04-P0540,268,275,V04-P0540-S01,1625-04-30,1626-04-01,low,record,,yes,"is likewise in the Colony a most dangerous want of Powder, so great, as if the Savages should knowe the advantage they hane thereby, they might easily in one day dest"
V04-P0541-I01014-01021,collective,natives,natives,contextual,exact,1.0,Natives,natives,V04-P0541,1014,1021,V04-P0541-S01,1625-04-07,1625-04-07,low,record,,yes,"together in James River. Whereby besides that it was a continual terror to the Natives, it would haue bin a difficult thinge to endamage the Colonie, w'out the power"
V04-P0566-I00166-00176,group,IG-008,Appamattuck,place_homonym,exact,1.0,Apamatucke,Apamatucke,V04-P0566,166,176,V04-P0566-S01,1625-05-31,1625-06-15,medium,record,,yes,and 3000 Acres Att Westower 500: Acres Claymed by Captaine ffrancis West Uppon Apamatucke River William flarrar 100 Acres ' Henry Milward 250 Charles Magnor 650 Samu
V04-P0566-I00488-00496,group,IG-005,Weyanoke,group_or_homonym,fuzzy,0.875,Weyonoke,Weyanoke,V04-P0566,488,496,V04-P0566-S01,1625-05-31,1625-06-15,medium,record,,yes,Here is land laid out for Charles Citty and y*° Comonland The Teritory of great Weyonoke Christopher Harding 100 Acres! Wii Baylie 50 ' Richard Prate 150 William Jarr
V04-P0567-I00319-00327,group,IG-005,Weyanoke,group_or_homonym,fuzzy,0.875,Weyonoke,Weyanoke,V04-P0567,319,327,V04-P0567-S01,1625-05-01,1625-05-31,low,record,,yes,"longing to Southampton Hundred, contayning 100,000: Aercs, extending from Tanke Weyonoke downe to y° mouth of Chicahominy River The Corporaéon of James Citty Adioynin"
V04-P0567-I00349-00360,group,IG-004,Chickahominy,place_homonym,exact,1.0,Chicahominy,Chicahominy,V04-P0567,349,360,V04-P0567-S01,1625-05-01,1625-05-31,low,record,,yes,", contayning 100,000: Aercs, extending from Tanke Weyonoke downe to y° mouth of Chicahominy River The Corporaéon of James Citty Adioyning to y* mouth Chicahominy Riv: th"
V04-P0567-I00421-00432,group,IG-004,Chickahominy,group_or_homonym,exact,1.0,Chicahominy,Chicahominy,V04-P0567,421,432,V04-P0567-S01,1625-05-01,1625-05-31,low,record,,yes,outh of Chicahominy River The Corporaéon of James Citty Adioyning to y* mouth Chicahominy Riv: their are 3000 Acres of Land laid out for the Company: 3000: Acres laid ou
V04-P0568-I00793-00805,group,IG-011,Warraskoyack,place_homonym,fuzzy,0.857,Warrasquoake,Warraskoyacks,V04-P0568,793,805,V04-P0568-S01,1625-05-31,1625-06-15,medium,record,,yes,"by pattent Capt W"" Pearcey & m' Jo Rolfe w'"" Some others 1700 Acres plan’ [74] Warrasquoake plantacon Cont: downe wards from Hogg Island xiiij""* miles, by y* River Side in"
V04-P0570-I00648-00657,group,IG-003,Pamunkey,place_homonym,fuzzy,0.889,Pomaunkey,Pamaunkey,V04-P0570,648,657,V04-P0570-S01,1625-05-31,1625-06-15,medium,record,,yes,ed anted anted anted anted anted anted anted anted 1 by pattent by Pattent Pomaunkey River Courte On y° Easterly Side of Southampton River ther are 3000 Acres bee
V04-P0571-I00286-00293,collective,savages,savages,collective,exact,1.0,Salvage,salvage,V04-P0571,286,293,V04-P0571-S01,1625-06-15,1625-06-15,high,record,,yes,"o Land ordered to bee laid out for them, as in y* other 4 Corporacons. Ensigne Salvage Divident Sir George Yeardly at Hungers 3700 Aeres, by ord? of Courte This extr"
V04-P0578-I00809-00817,collective,savages,savages,collective,exact,1.0,salvages,salvages,V04-P0578,809,817,V04-P0578-S01,1626-01-04,1626-06-16,low,record,,yes,"dlie enhable us to defend our howses, much less to pseeute our revenge vppon y° salvages, and therfore we ernestly desire, that w"" the first, it may be supplied in a la"
V04-P0580-I02577-02585,collective,savages,savages,collective,exact,1.0,Salvages,salvages,V04-P0580,2577,2585,V04-P0580-S01,1626-01-04,1626-01-04,medium,record,,yes,"much less for defence againste Invasione, prosequtione agninste the Treacherous Salvages (and the last supplic of powder sent in the Elzabeth Qv'towt w royall hountic o"
V04-P0581-I00074-00082,collective,savages,savages,collective,exact,1.0,Salvages,salvages,V04-P0581,74,82,V04-P0581-S01,1626-01-04,1626-01-04,high,record,,yes,"JANUARY 4, 1625/6 569 as the tyme of preparatione for Cuttinge downe the Salvages Corne was paste, And sinee no additione beinnge made, we cannott vufurnish our"
V04-P0581-I00266-00274,collective,savages,savages,collective,exact,1.0,Salvages,salvages,V04-P0581,266,274,V04-P0581-S01,1626-01-04,1626-01-04,high,record,,yes,"oe necessary service, we"" surcecase of ours, owt of meere necessitie, gives the Salvages an hope of our inclynatione. to peace, of w*"" they are infinitlye desirous wher"
V04-P0584-I01236-01243,collective,savages,savages,collective,exact,1.0,Salvage,salvage,V04-P0584,1236,1243,V04-P0584-S01,1626-04-06,1626-04-06,medium,record,,yes,"to you’ Lopps how preiuditiall those petty Plantationes of the Englishe in the Salvage Islands in the West Indyes, must proue to this Colony, in effeet to the vtter o"
V04-P0595-I00323-00331,collective,savages,savages,collective,exact,1.0,Salvages,salvages,V04-P0595,323,331,V04-P0595-S01,1624-03-06,1624-03-06,high,record,,yes,e Clensured by] the Gou9Inor and Counsell. 17 That all trade for Corne wth the Salvages aswell publique as privatt after June next sha{lbe prohibited.) 18 That every
V04-P0595-I01732-01739,collective,Indians,Indians,collective,exact,1.0,Indyans,Indyans,V04-P0595,1732,1739,V04-P0595-S01,1624-03-06,1624-03-06,high,record,,yes,. 23 That every dwellinge Howse shalhe Pallyzadoed in for defence againste the Indyans. 24 That no man goe or sende Abroade wthowte a Sufficyent ptie well armed. 25
V04-P0596-I01202-01210,collective,savages,savages,collective,exact,1.0,Salvages,salvages,V04-P0596,1202,1210,V04-P0596-S01,1624-03-06,1624-03-06,medium,record,,yes,"next the Inhabitante of every Corporatione shall falle vppon theire adioyninge Salvages as we did the last yeere, those that shalbe hurte vppen service to be cured at"
