review_order,page_id,review_status,correct_label,correct_entity,review_note,predicted_label,entity_name,observed_span,context,source,entity_key,mention_id,span_start,span_end
1,V01-P0028,person,,,,PERSON,,m'’ Threr,"ny loint stock, their meetings shalbe where the Generall Co™ is kept: [[m'’ Threr]] and Deputy insisted strongly for the mayntayning of the said Order, i",model_person:unresolved,,V01-P0028-N00318-00327,318,327
1,V01-P0028,,,,,PERSON_CANDIDATE,,Order,"'’ Threr and Deputy insisted strongly for the mayntayning of the said [[Order]], insomuch that it was answered that it were better a little to dispen",model_person:unresolved,,V01-P0028-N00389-00394,389,394
1,V01-P0028,,,,,PERSON_CANDIDATE,,Generall,"d that it were better a little to dispense w' that said order, then a [[Generall]] ffacéon thereby should be raysed betwixt the Company and adventurers:",model_person:unresolved,,V01-P0028-N00494-00502,494,502
1,V01-P0028,,,,,PLACE_CANDIDATE,,the Generall Co,"should be warned to meete here vpon Munday next in the Afternoone at [[the Generall Co]]"" to performe such things as in the Last Quarter Co™ had beene ordered",model_FAC,,V01-P0028-N01297-01312,1297,1312
2,V02-P0167,,,,,PLACE_CANDIDATE,,Teno,ut to the question and by erecéon of hand¢ ratified and confirmed the [[Teno]]’ whereof followeth (vizt) . The Comittee were desired by the Court t,model_GPE,,V02-P0167-N01104-01108,1104,1108
2,V02-P0167,,,,,PERSON,,m* Atturney,the Companies vse. The Committees also apointed heretofore to attend [[m* Atturney]] about drawinge vp of the Patent were nowe desired to proceed in that,model_person:unresolved,,V02-P0167-N01314-01325,1314,1325
2,V02-P0167,,,,,PLACE_CANDIDATE,,Cofiission,"roceed in that buis- sines with expidiéon. M' Iohn ffarrar desired a [[Cofiission]] might be graunted for the Bona Noua, w™ he and his Partners were sett",model_FAC,,V02-P0167-N01450-01460,1450,1460
2,V02-P0167,place,,,,PLACE,Virginia,Virginia,tners were settinge forth aswell for trans- portinge of some psons to [[Virginia]] as also for fishinge in part for the Colony w™ was accordingly graunt,ruler_place:ambiguous_contextual,NW-001,V02-P0167-N01585-01593,1585,1593
2,V02-P0167,,,,,PLACE_CANDIDATE,,Cofiission,"ny w™ was accordingly graunted, and m* Deputy desired to drawe vp the [[Cofiission]] and to Seale it. The like Comission at the moéon and request of m‘ B",model_FAC,,V02-P0167-N01705-01715,1705,1715
2,V02-P0167,,,,,PLACE,Virginia,Virginia,lso graunted for the Iohn & Frauncis. [101] After the endinge of the [[Virginia]] Court the Lo: Cauendish tooke againe the Chaire and so the Sumer [lan,ruler_place:ambiguous_contextual,NW-001,V02-P0167-N01866-01874,1866,1874
2,V02-P0167,,,,,PLACE_CANDIDATE,,Chaire,"the endinge of the Virginia Court the Lo: Cauendish tooke againe the [[Chaire]] and so the Sumer [lands Court went on, when his Ip: reeapitulatinge o",model_GPE,,V02-P0167-N01916-01922,1916,1922
2,V02-P0167,,,,,PERSON_CANDIDATE,,bin,"apitulatinge orderly and distinctly all the seuerall thinge, that had [[bin]] propounded, debated and passed, in the Virginia Court belong- inge to",model_person:unresolved,,V02-P0167-N02048-02051,2048,2051
2,V02-P0167,,,,,PLACE,Virginia,Virginia,"seuerall thinge, that had bin propounded, debated and passed, in the [[Virginia]] Court belong- inge to the Contract, desired the Sumer [lands Companie",ruler_place:ambiguous_contextual,NW-001,V02-P0167-N02091-02099,2091,2099
3,V03-P0284,,,,,PLACE_CANDIDATE,,Burroughs,"e, after the sight and publication hereof, the foure ancient generall [[Burroughs]], called ames City, Henrico, Charles City, and Kicowtan, (which hereaf",model_GPE,,V03-P0284-N00160-00169,160,169
3,V03-P0284,,,,,PLACE_CANDIDATE,,City,"publication hereof, the foure ancient generall Burroughs, called ames [[City]], Henrico, Charles City, and Kicowtan, (which hereafter shall be calle",model_GPE,,V03-P0284-N00183-00187,183,187
3,V03-P0284,place,,,,PLACE,Henricus,Henrico,"ation hereof, the foure ancient generall Burroughs, called ames City, [[Henrico]], Charles City, and Kicowtan, (which hereafter shall be called Elizabe",ruler_place:high_confidence_alias,NW-010,V03-P0284-N00189-00196,189,196
3,V03-P0284,place,,,,PLACE,Charles City,Charles City,"eof, the foure ancient generall Burroughs, called ames City, Henrico, [[Charles City]], and Kicowtan, (which hereafter shall be called Elizabeth City, by th",ruler_place:high_confidence_alias,NW-011,V03-P0284-N00198-00210,198,210
3,V03-P0284,place,,,,PLACE_CANDIDATE,,Kicowtan,"ient generall Burroughs, called ames City, Henrico, Charles City, and [[Kicowtan]], (which hereafter shall be called Elizabeth City, by the name of his",model_GPE,,V03-P0284-N00216-00224,216,224
3,V03-P0284,place,,,kicowtan renamed,PLACE,Elizabeth City,Elizabeth City,"Henrico, Charles City, and Kicowtan, (which hereafter shall be called [[Elizabeth City]], by the name of his Maiesties most vertuous and renowned Daughter,) a",ruler_place:high_confidence_alias,NW-012,V03-P0284-N00259-00273,259,273
3,V03-P0284,,,,,PERSON_CANDIDATE,,Daughter,"izabeth City, by the name of his Maiesties most vertuous and renowned [[Daughter]],) as also the other seuerall particular Plantations, shall each of th",model_person:unresolved,,V03-P0284-N00331-00339,331,339
3,V03-P0284,,,,,PERSON_CANDIDATE,,Plantations,"ertuous and renowned Daughter,) as also the other seuerall particular [[Plantations]], shall each of them, at their common charge, labour, and industry, fr",model_person:unresolved,,V03-P0284-N00380-00391,380,391
3,V03-P0284,,,,,PERSON_CANDIDATE,,Guest,"t, with all things thereto belonging, a common house, to bee called a [[Guest]] house, for the lodging and entertaining of fifty persons in each, vpo",model_person:unresolved,,V03-P0284-N00553-00558,553,558
3,V03-P0284,,,,,PERSON_CANDIDATE,,sixe foot,"along on the one side, fiue and twenty Bedsteads of foure foot broad, [[sixe foot]] long, and two foot height from the ground in equall distance, and wit",model_person:unresolved,,V03-P0284-N00954-00963,954,963
3,V03-P0284,,,,,PLACE_CANDIDATE,,Boords,"oot height from the ground in equall distance, and with partitions of [[Boords]] betweene them: And there shall be raised in each of th® in conuenient",model_GPE,,V03-P0284-N01049-01055,1049,1055
3,V03-P0284,,,,,PERSON_CANDIDATE,,Heifers,"o each Burrough, in consideration and aide of that worke, two Kine or [[Heifers]], to be deliuered at our charges, for the beginning of a stocke of cat",model_person:unresolved,,V03-P0284-N01573-01580,1573,1580
3,V03-P0284,,,,,PERSON_CANDIDATE,,Heathen,"verlasting destruction: but also by their good example, to allure the [[Heathen]] people to submit themselues to the Scepter of Gods most righteous and",model_person:unresolved,,V03-P0284-N02120-02127,2120,2127
3,V03-P0284,,,,,PLACE_CANDIDATE,,Burroughs,"n by the seuerall Aduenturers and Planters; And for the foure ancient [[Burroughs]], to be prouided and nominated by vs, and our Successors; As also for",model_GPE,,V03-P0284-N02527-02536,2527,2536
4,V04-P0007,,,,,PLACE_CANDIDATE,,Counc,"JANUARY 20, 1622/3 9 CCLAXX, [[Counc]] in Vireinia. Lerrer ro Vireria Company or Lonpon January 20, 1622/3",model_GPE,,V04-P0007-N00030-00035,30,35
4,V04-P0007,place,,,,PLACE,Virginia,Vireinia,"JANUARY 20, 1622/3 9 CCLAXX, Counc in [[Vireinia]]. Lerrer ro Vireria Company or Lonpon January 20, 1622/3 Manuseript",ruler_place:ambiguous_contextual,NW-001,V04-P0007-N00039-00047,39,47
4,V04-P0007,,,,,PERSON_CANDIDATE,,Colonie,"ve yt rightlie as a cause of the future strength, not a decay of this [[Colonie]], w before ran in a more dangerous, though ina more plausible manner.",model_person:unresolved,,V04-P0007-N00940-00947,940,947
4,V04-P0007,person,,,,PERSON,George Yeardley,George yardley,"firste fell yppon the Tapahatonahs, in two severall expeditions, Sr. [[George yardley]] vppon ¥° Wyanokes aud in a seconde expeditione vppon the nancemunds,",ruler_person,George Yeardley,V04-P0007-N01176-01190,1176,1190
4,V04-P0007,person,,,,PERSON,,Capt John West,"s, Warescovke & Pawininkie y? Chiefe seate of Sansapen & apochankeno, [[Capt John West]] vppom the Tanx Pow- hatans, and Capt? William Powell vppon the Chocoh",model_person:unresolved,,V04-P0007-N01327-01341,1327,1341
4,V04-P0007,person,,,,PERSON,William Powell,William Powell,"n & apochankeno, Capt John West vppom the Tanx Pow- hatans, and Capt? [[William Powell]] vppon the Chocohominy Capt [lamer beinge sent to the Patomecks tu tra",ruler_person,William Powell,V04-P0007-N01380-01394,1380,1394
4,V04-P0007,,,,,PERSON_CANDIDATE,,Corne,the Chocohominy Capt [lamer beinge sent to the Patomecks tu trade for [[Corne]] slew divers of v° Neco- chincos y' sought to Cireumvent him by treach,model_person:unresolved,,V04-P0007-N01471-01476,1471,1476
4,V04-P0007,,,,,PERSON_CANDIDATE,,Cypt,"Neco- chincos y' sought to Cireumvent him by treacherie, The like did [[Cypt]] madisone at Patomeck, Capt? [lamer a seconde tyme vinplovde to Patao-",model_person:unresolved,,V04-P0007-N01565-01569,1565,1569
4,V04-P0007,,,,,PERSON_CANDIDATE,,Corne,"at Patomeck, Capt? [lamer a seconde tyme vinplovde to Patao- meek for [[Corne]] slew some others y' pved our enemies, And now is Capt Tucker in the R",model_person:unresolved,,V04-P0007-N01649-01654,1649,1654
4,V04-P0007,person,,,,PERSON,,Capt Tucker,"atao- meek for Corne slew some others y' pved our enemies, And now is [[Capt Tucker]] in the River of Rapahanock to take revenge vppon them, as Confederate",model_person:unresolved,,V04-P0007-N01704-01715,1704,1715
4,V04-P0007,place,,,,PLACE,Rappahannock River,River of Rapahanock,"e slew some others y' pved our enemies, And now is Capt Tucker in the [[River of Rapahanock]] to take revenge vppon them, as Confederates wt Apochankeno. In all w",ruler_place:high_confidence_alias,NW-057,V04-P0007-N01723-01742,1723,1742
5,V01-P0116,,,,,PLACE_CANDIDATE,,Tres,people sent in v’ Bona Noua ar- rined well. The read inge of y° [[Tres]] is referd Capt Smith & Capt Maddison to make known their greu- ance,model_GPE,,V01-P0116-N00074-00078,74,78
5,V01-P0116,place,,,,PLACE,Virginia,Virginia,RECORDS OF THE VIRGINIA COMPANY greate mortallytie w™ hath beene in [[Virginia]] about 300:of the Inhab- itants haveinge dyed this last yeare and that,ruler_place:ambiguous_contextual,NW-001,V01-P0116-N00418-00426,418,426
5,V01-P0116,person,,,,PERSON,George Yeardley,George Yeardley,ut 300:of the Inhab- itants haveinge dyed this last yeare and that S* [[George Yeardley]] comittes the fermter Ssame§ error as formerly that hee dyrecteth all,ruler_person,George Yeardley,V01-P0116-N00500-00515,500,515
5,V01-P0116,,,,,PERSON_CANDIDATE,,,"fryday afternoone att m' Thier€ house att two of the Clocke, and that [[Cap]]‘ Smith, and Cap' Maddison then attend to make knowne their greiv- anc",model_person:unresolved,,V01-P0116-N01461-01464,1461,1464
5,V01-P0116,,,,,PERSON_CANDIDATE,,Cap,"e att m' Thier€ house att two of the Clocke, and that Cap‘ Smith, and [[Cap]]' Maddison then attend to make knowne their greiv- ances w™ they prete",model_person:unresolved,,V01-P0116-N01477-01480,1477,1480
5,V01-P0116,,,,,PERSON_CANDIDATE,,Maddison,"m' Thier€ house att two of the Clocke, and that Cap‘ Smith, and Cap' [[Maddison]] then attend to make knowne their greiv- ances w™ they pretend done vn",model_person:unresolved,,V01-P0116-N01482-01490,1482,1490
5,V01-P0116,,,,,PERSON_CANDIDATE,,knowne,"he Clocke, and that Cap‘ Smith, and Cap' Maddison then attend to make [[knowne]] their greiv- ances w™ they pretend done vnto them by S' George Yeardl",model_person:unresolved,,V01-P0116-N01511-01517,1511,1517
5,V01-P0116,person,,,,PERSON,George Yeardley,George Yeardley,o make knowne their greiv- ances w™ they pretend done vnto them by S' [[George Yeardley]]. Then hee Comended to the ConsideraGon and approbaéon of them three,ruler_person,George Yeardley,V01-P0116-N01574-01589,1574,1589
5,V01-P0116,,,,,PLACE_CANDIDATE,,Courtes,"e and for the prosicutinge of some well degested orders made in their [[Courtes]] hee had framed the draught of a Charter, w® although this Courte coul",model_GPE,,V01-P0116-N02135-02142,2135,2142
5,V01-P0116,,,,,PERSON_CANDIDATE,,w®,"orders made in their Courtes hee had framed the draught of a Charter, [[w®]] although this Courte could not give a finall confirmaéon thervnto, ye",model_person:unresolved,,V01-P0116-N02184-02186,2184,2186
5,V01-P0116,,,,,PERSON_CANDIDATE,,therof itt,"uld not give a finall confirmaéon thervnto, yett if they now approved [[therof itt]] might be sent in this Ship to be putt in Execuéon, & be confirmed in",model_person:unresolved,,V01-P0116-N02280-02290,2280,2290
5,V01-P0116,person,,,,PERSON,Robert Johnson,Alderman Johnson,"cuéon, & be confirmed in the next greate generall Courte. That w"" m‘ [[Alderman Johnson]] now proposed that they would take care how to dispose of the Ship and",ruler_person,Robert Johnson,V01-P0116-N02405-02421,2405,2421
6,V02-P0083,,,,,PERSON_CANDIDATE,,Michas,to be reduced to amedium for these seauen yeares Last past ending at [[Michas]] 1621: And for as much as the Medium of the quantity of Tobacco brough,model_person:unresolved,,V02-P0083-N00818-00824,818,824
6,V02-P0083,place,,,,PLACE,England,England,"as the Medium of the quantity of Tobacco brought into this Realme of [[England]] those 7 Last yeares, hath bin allready Deliuered to amount to 1420854",ruler_place:ambiguous_contextual,OW-011,V02-P0083-N00916-00923,916,923
6,V02-P0083,,,,,PLACE_CANDIDATE,,Disburdened,"tyme of this Contract. 6. The Companyes be content, that his Ma” be [[Disburdened]], from all paymente for the fraight of Tobacco imported from the Two P",model_GPE,,V02-P0083-N01512-01523,1512,1523
6,V02-P0083,,,,,PLACE_CANDIDATE,,Tobacco,"o beare one Third parte of all charg¢ whatsoeuer incident to the sayd [[Tobacco]], aswell for the Landing, cary- ing and howsing thereof, as also for t",model_GPE,,V02-P0083-N01889-01896,1889,1896
6,V02-P0083,,,,,PERSON_CANDIDATE,,Agente,"heyr general] Court€, where and by whome likewise, the sayd Officers, [[Agente]], ffactors, Ministers and Servant¢ shalbe chosen: And likewise that hi",model_person:unresolved,,V02-P0083-N02591-02597,2591,2597
6,V02-P0083,,,,,PERSON_CANDIDATE,,Lawe,"that his Ma” beare one Third part of all cost€ and chargé in suit€ of [[Lawe]] for any matter or busines concerning the sayd Tobacco, or for recouer",model_person:unresolved,,V02-P0083-N02730-02734,2730,2734
7,V03-P0431,person,,,,PERSON,Samuel Argall,Captaine Argoll,"or vnder the name of the foresaid * * * and direcéon of the foresaid [[Captaine Argoll]], now S' Samuell Argoll knight of purpose to cause * * * the Corte of",ruler_person,Samuel Argall,V03-P0431-N00135-00150,135,150
7,V03-P0431,person,,,,PERSON,Samuel Argall,Samuell Argoll,"e foresaid * * * and direcéon of the foresaid Captaine Argoll, now S' [[Samuell Argoll]] knight of purpose to cause * * * the Corte of Wardes, to surcease her",ruler_person,Samuel Argall,V03-P0431-N00159-00173,159,173
7,V03-P0431,person,,,,PLACE_CANDIDATE,,Warwicke,"be discharged And soemuch the foresaid right honourable the Earle of [[Warwicke]] knowes * * * 20 Item That Edward Withers, John Martin, Austen Stywar",model_GPE,,V03-P0431-N00393-00401,393,401
7,V03-P0431,person,,,,PERSON,John Martin,John Martin,"able the Earle of Warwicke knowes * * * 20 Item That Edward Withers, [[John Martin]], Austen Styward, John Drason, Richard Beamond John [Wed] * * * et era",ruler_person,John Martin,V03-P0431-N00445-00456,445,456
7,V03-P0431,person,,,,PERSON,,Austen Styward,"e of Warwicke knowes * * * 20 Item That Edward Withers, John Martin, [[Austen Styward]], John Drason, Richard Beamond John [Wed] * * * et erant tempore eor’",model_person:unresolved,,V03-P0431-N00458-00472,458,472
7,V03-P0431,person,,,,PERSON,,John Drason,"owes * * * 20 Item That Edward Withers, John Martin, Austen Styward, [[John Drason]], Richard Beamond John [Wed] * * * et erant tempore eor’ fnse producéo",model_person:unresolved,,V03-P0431-N00474-00485,474,485
7,V03-P0431,person,,,,PERSON,,Richard Beamond,"0 Item That Edward Withers, John Martin, Austen Styward, John Drason, [[Richard Beamond]] John [Wed] * * * et erant tempore eor’ fnse producéonis et examinaton",model_person:unresolved,,V03-P0431-N00487-00502,487,502
7,V03-P0431,,,,,PERSON_CANDIDATE,,John,"rd Withers, John Martin, Austen Styward, John Drason, Richard Beamond [[John]] [Wed] * * * et erant tempore eor’ fnse producéonis et examinatonis an",model_person:unresolved,,V03-P0431-N00503-00507,503,507
7,V03-P0431,,,,,PERSON_CANDIDATE,,Pifati Edwardi Bruister,"’ fnse producéonis et examinatonis anteag, et citra Capitales inimici [[Pifati Edwardi Bruister]] * * * quibus nulla fides saltem in Juditio sufficiens fuit aut est de",model_person:unresolved,,V03-P0431-N00610-00633,610,633
7,V03-P0431,,,,,PERSON_CANDIDATE,,Juditio,"es inimici Pifati Edwardi Bruister * * * quibus nulla fides saltem in [[Juditio]] sufficiens fuit aut est de Jure adhibend pa, talibus per tota et omne",model_person:unresolved,,V03-P0431-N00669-00676,669,676
7,V03-P0431,,,,,PERSON_CANDIDATE,,tota,"m in Juditio sufficiens fuit aut est de Jure adhibend pa, talibus per [[tota]] et omne [tempus] * * * 21 Item That the said John Marten testis pnsu",model_person:unresolved,,V03-P0431-N00734-00738,734,738
7,V03-P0431,person,,,,PERSON,John Martin,John Marten,"nd pa, talibus per tota et omne [tempus] * * * 21 Item That the said [[John Marten]] testis pnsus vtcunq in hac Cia product fuit et est natus §in§ Persia",ruler_person,John Martin,V03-P0431-N00785-00796,785,796
7,V03-P0431,place,,,,PLACE,Persia,Persia,Marten testis pnsus vtcunq in hac Cia product fuit et est natus §in§ [[Persia]] seu Armenia * * * the Lords prayer §neither knoweth what the meaninge,ruler_place:contextual_alias,OT-005,V03-P0431-N00859-00865,859,865
7,V03-P0431,,,,,PERSON_CANDIDATE,,knoweth,et est natus §in§ Persia seu Armenia * * * the Lords prayer §neither [[knoweth]] what the meaninge of an oath is§ and is the servaunt of the foresaid,model_person:unresolved,,V03-P0431-N00910-00917,910,917
7,V03-P0431,person,,,,PERSON,Samuel Argall,Captayne Argoll,"what the meaninge of an oath is§ and is the servaunt of the foresaid [[Captayne Argoll]], and wholie dependeth on him for his maynteynaunce and hath no other",ruler_person,Samuel Argall,V03-P0431-N00987-01002,987,1002
7,V03-P0431,,,,,PERSON_CANDIDATE,,wholie dependeth,"an oath is§ and is the servaunt of the foresaid Captayne Argoll, and [[wholie dependeth]] on him for his maynteynaunce and hath no other * * * 22 Item qd dia",model_person:unresolved,,V03-P0431-N01008-01024,1008,1024
7,V03-P0431,,,,,PERSON_CANDIDATE,,publica vox,"piter et famosa atq, de et sup eisdem laborarunt et in finti laborant [[publica vox]] et fama vnde * * * et parti sue in p'miss et ea concernefi fieri et c",model_person:unresolved,,V03-P0431-N01230-01241,1230,1241
7,V03-P0431,,,,,PLACE_CANDIDATE,,p'miss,"t et in finti laborant publica vox et fama vnde * * * et parti sue in [[p'miss]] et ea concernefi fieri et cum efftu ministrari Utrisq, fieri statim e",model_GPE,,V03-P0431-N01277-01283,1277,1283
7,V03-P0431,,,,,PERSON_CANDIDATE,,ministrari Utrisq,"vnde * * * et parti sue in p'miss et ea concernefi fieri et cum efftu [[ministrari Utrisq]], fieri statim et decerni in p'miss et ea concernef Gd Juris fuerit et",model_person:unresolved,,V03-P0431-N01320-01337,1320,1337
7,V03-P0431,,,,,PLACE_CANDIDATE,,fieri,"sue in p'miss et ea concernefi fieri et cum efftu ministrari Utrisq, [[fieri]] statim et decerni in p'miss et ea concernef Gd Juris fuerit et r * *",model_GPE,,V03-P0431-N01339-01344,1339,1344
7,V03-P0431,,,,,PLACE_CANDIDATE,,p'miss,"nefi fieri et cum efftu ministrari Utrisq, fieri statim et decerni in [[p'miss]] et ea concernef Gd Juris fuerit et r * * * Premiss proponens * * * de",model_GPE,,V03-P0431-N01366-01372,1366,1372
7,V03-P0431,,,,,PERSON,,Gd Juris,"ministrari Utrisq, fieri statim et decerni in p'miss et ea concernef [[Gd Juris]] fuerit et r * * * Premiss proponens * * * de quo ptestatur sed quaétu",model_person:unresolved,,V03-P0431-N01389-01397,1389,1397
7,V03-P0431,,,,,PLACE_CANDIDATE,,Juris,o ptestatur sed quaétus in p'misS pvaverit eatenus obtineat in petit@ [[Juris]] beneficio in dibus semp saluo vr * * * officid Dne Judex humilr implo,model_GPE,,V03-P0431-N01515-01520,1515,1520
7,V03-P0431,,,,,PERSON_CANDIDATE,,EDEN,in dibus semp saluo vr * * * officid Dne Judex humilr implorand. Tuo: [[EDEN]]. [1621],model_person:unresolved,,V03-P0431-N01601-01605,1601,1605
8,V04-P0296,person,,,,PERSON,Francis Wyatt,Francis Wyatt knight,"ess, Washington, D. C. List of Records No. 564 To the right Wort: S* [[Francis Wyatt knight]] Goucrnor and Captaine generall of Virginia. The Humble petition of M",ruler_person,Francis Wyatt,V04-P0296-N00277-00297,277,297
8,V04-P0296,,,,,PERSON_CANDIDATE,,Goucrnor,. List of Records No. 564 To the right Wort: S* Francis Wyatt knight [[Goucrnor]] and Captaine generall of Virginia. The Humble petition of Michael Wi,model_person:unresolved,,V04-P0296-N00298-00306,298,306
8,V04-P0296,,,,,PLACE_CANDIDATE,,Captaine,ords No. 564 To the right Wort: S* Francis Wyatt knight Goucrnor and [[Captaine]] generall of Virginia. The Humble petition of Michael Wilcocks 20 Mo,model_GPE,,V04-P0296-N00311-00319,311,319
8,V04-P0296,place,,,,PLACE,Virginia,Virginia,right Wort: S* Francis Wyatt knight Goucrnor and Captaine generall of [[Virginia]]. The Humble petition of Michael Wilcocks 20 Most humbly sheweth vnt,ruler_place:ambiguous_contextual,NW-001,V04-P0296-N00332-00340,332,340
8,V04-P0296,,,,,PERSON_CANDIDATE,,Humble,"Francis Wyatt knight Goucrnor and Captaine generall of Virginia. The [[Humble]] petition of Michael Wilcocks 20 Most humbly sheweth vnto yo"" good Wo",model_person:unresolved,,V04-P0296-N00347-00353,347,353
8,V04-P0296,person,,,,PERSON,,Michael Wilcocks,"t Goucrnor and Captaine generall of Virginia. The Humble petition of [[Michael Wilcocks ]]20 Most humbly sheweth vnto yo"" good Wo'p. that whereas William Ganey",model_person:unresolved,,V04-P0296-N00366-00384,366,384
8,V04-P0296,,,,,PERSON_CANDIDATE,,William Ganey Compuunded &,"ael Wilcocks 20 Most humbly sheweth vnto yo"" good Wo'p. that whereas [[William Ganey Compuunded &]] agreed w* yo"" petitioner to giue him for one yeares seruice being end",model_person:unresolved,,V04-P0296-N00440-00466,440,466
8,V04-P0296,,,,,PERSON_CANDIDATE,,® Corne,"it is yt yo"" petitioner hath receaued y* tobaceo, & two barrells of y[[® Corne]], but y* other three barrells of Corne yor petitioner Cannot gett of h",model_person:unresolved,,V04-P0296-N00768-00775,768,775
8,V04-P0296,,,,,PLACE_CANDIDATE,,Corne,"* tobaceo, & two barrells of y® Corne, but y* other three barrells of [[Corne]] yor petitioner Cannot gett of him nether his house finisht, weh is to",model_GPE,,V04-P0296-N00808-00813,808,813
8,V04-P0296,,,,,PERSON_CANDIDATE,,Corne,""" petioner, & of late yo"" petitioner demaunding the three bavrelis uf [[Corne]] of him, hee told Him het yo"" petitioner that if hee would giue him si",model_person:unresolved,,V04-P0296-N00986-00991,986,991
8,V04-P0296,,,,,PERSON_CANDIDATE,,Ganey,"! for y° per- formance therof, yo"" petitioner killed & deliuerid tom’ [[Ganey]], the six Deere, but Cannot gett his Corne of him, nether will deliver",model_person:unresolved,,V04-P0296-N01251-01256,1251,1256
8,V04-P0296,,,,,PERSON_CANDIDATE,,Corne,"ner killed & deliuerid tom’ Ganey, the six Deere, but Cannot gett his [[Corne]] of him, nether will deliver yor petioner vp his bond, but deludeth hi",model_person:unresolved,,V04-P0296-N01293-01298,1293,1298
8,V04-P0296,person,,,,PERSON,,William Caney,"tie sper sieht theref yo"" wo'p: to grant yo"" warrant against the said [[William Caney]] that presentlie vpon sight therof wthout farther delay, y' hee pay th",model_person:unresolved,,V04-P0296-N01538-01551,1538,1551
8,V04-P0296,,,,,PERSON_CANDIDATE,,Corne,"resentlie vpon sight therof wthout farther delay, y' hee pay the said [[Corne]], finish the said house & delin? vp the bond, all we according to laue",model_person:unresolved,,V04-P0296-N01628-01633,1628,1633
8,V04-P0296,,,,,PERSON_CANDIDATE,,eu,"cording to laue & equity hee ought to doe, & yo"" poore petioner shall [[eu]]? His petition granted, & Content giuen him by Ganey",model_person:unresolved,,V04-P0296-N01758-01760,1758,1760
8,V04-P0296,,,,,PERSON_CANDIDATE,,Ganey,"oore petioner shall eu? His petition granted, & Content giuen him by [[Ganey]]",model_person:unresolved,,V04-P0296-N01808-01813,1808,1813
9,V01-P0162,place,,,,PLACE,Virginia,Virginia,Y was generally acknowledged that att the time of the said Tryall in [[Virginia]] the Country people there had and enioyed an vniuersall peace and tran,ruler_place:ambiguous_contextual,NW-001,V01-P0162-N00104-00112,104,112
9,V01-P0162,,,,,PERSON_CANDIDATE,,Martiall Lew Courte,And moreouer itt appeareth by the peceedings and sentence of the said [[Martiall Lew Courte]] authentically certified and returned to vs as allso of the examinaéon,model_person:unresolved,,V01-P0162-N00289-00308,289,308
9,V01-P0162,,,,,PERSON_CANDIDATE,,Cap,"had and taken, that the said Martiall Courte peeeded against the said [[Cap]]' Edward Brewster vppon the two and thirtieth Article of their Martial",model_person:unresolved,,V01-P0162-N00455-00458,455,458
9,V01-P0162,person,,,,PERSON,Edward Brewster,Edward Brewster,"nd taken, that the said Martiall Courte peeeded against the said Cap' [[Edward Brewster]] vppon the two and thirtieth Article of their Martiall Law sett downe",ruler_person,Edward Brewster,V01-P0162-N00460-00475,460,475
9,V01-P0162,,,,,PERSON_CANDIDATE,,Comaunder,"man shall offer any Violence, or contemptiously resist or disobey his [[Comaunder]], or doe any Act or speake any wordes which may tend to the breedinge",model_person:unresolved,,V01-P0162-N00639-00648,639,648
9,V01-P0162,,,,,PERSON_CANDIDATE,,Muteny,"speake any wordes which may tend to the breedinge of any disorder, or [[Muteny]] in the Towne or Feilde, or disobey any principall Officers directions",model_person:unresolved,,V01-P0162-N00738-00744,738,744
9,V01-P0162,,,,,PLACE_CANDIDATE,,Towne,"des which may tend to the breedinge of any disorder, or Muteny in the [[Towne]] or Feilde, or disobey any principall Officers directions vppon paine",model_GPE,,V01-P0162-N00752-00757,752,757
9,V01-P0162,,,,,PERSON_CANDIDATE,,Cap,directions vppon paine of death And that the fault wherwith the said [[Cap]]' Brewster was charged and w™ was iustified against him by two wittnes,model_person:unresolved,,V01-P0162-N00873-00876,873,876
9,V01-P0162,,,,,PERSON_CANDIDATE,,Brewster,"ctions vppon paine of death And that the fault wherwith the said Cap' [[Brewster]] was charged and w™ was iustified against him by two wittnesses, namel",model_person:unresolved,,V01-P0162-N00878-00886,878,886
9,V01-P0162,person,,,,PERSON,,Thomas Parsmore,"as charged and w™ was iustified against him by two wittnesses, namely [[Thomas Parsmore]] and John Lampkin was words importinge matter of Disobedience and oppo",model_person:unresolved,,V01-P0162-N00958-00973,958,973
9,V01-P0162,person,,,,PERSON,,John Lampkin,"s iustified against him by two wittnesses, namely Thomas Parsmore and [[John Lampkin]] was words importinge matter of Disobedience and opposicon to the said",model_person:unresolved,,V01-P0162-N00978-00990,978,990
9,V01-P0162,person,,,,PERSON,Samuel Argall,Captaine Argoll,was words importinge matter of Disobedience and opposicon to the said [[Captaine Argoll]] not in his place of Gouerment butt in matter of pryvate varience abou,ruler_person,Samuel Argall,V01-P0162-N01061-01076,1061,1076
9,V01-P0162,,,,,PERSON_CANDIDATE,,Lo,matter of pryvate varience aboute the Tennt€ and servants of the said [[Lo]]: Lawarr then deceased w™ beinge sett on worke by the said Captaine Ar,model_person:unresolved,,V01-P0162-N01185-01187,1185,1187
9,V01-P0162,,,,,PERSON_CANDIDATE,,Lawarr,"er of pryvate varience aboute the Tennt€ and servants of the said Lo: [[Lawarr]] then deceased w™ beinge sett on worke by the said Captaine Argoll, th",model_person:unresolved,,V01-P0162-N01189-01195,1189,1195
9,V01-P0162,person,,,,PERSON,Samuel Argall,Captaine Argoll,"the said Lo: Lawarr then deceased w™ beinge sett on worke by the said [[Captaine Argoll]], the said Captaine Brewster (vppon allegaéon that by order from the s",ruler_person,Samuel Argall,V01-P0162-N01246-01261,1246,1261
9,V01-P0162,person,,,,PERSON,,Captaine Brewster,"eceased w™ beinge sett on worke by the said Captaine Argoll, the said [[Captaine Brewster]] (vppon allegaéon that by order from the said Lo: Lawarr they were to",model_person:unresolved,,V01-P0162-N01272-01289,1272,1289
9,V01-P0162,,,,,PERSON_CANDIDATE,,Lo,"e said Captaine Brewster (vppon allegaéon that by order from the said [[Lo]]: Lawarr they were to be sett to worke and gouerned by him, would have",model_person:unresolved,,V01-P0162-N01335-01337,1335,1337
9,V01-P0162,,,,,PERSON_CANDIDATE,,Lawarr,"id Captaine Brewster (vppon allegaéon that by order from the said Lo: [[Lawarr]] they were to be sett to worke and gouerned by him, would have withdra",model_person:unresolved,,V01-P0162-N01339-01345,1339,1345
9,V01-P0162,person,,,,PERSON,Samuel Argall,Captaine Argoll,"d have withdrawne from the worke, whervnto they were sett by the said [[Captaine Argoll]], and have placed elsewhere to gett Clothes for themselvs, and so to f",ruler_person,Samuel Argall,V01-P0162-N01471-01486,1471,1486
9,V01-P0162,,,,,PERSON_CANDIDATE,,Clothes,"e sett by the said Captaine Argoll, and have placed elsewhere to gett [[Clothes]] for themselvs, and so to follow their worke for behoofe of the execut",model_person:unresolved,,V01-P0162-N01522-01529,1522,1529
9,V01-P0162,person,,,,PERSON,,Lord Lawarr,and so to follow their worke for behoofe of the executo™ of the said [[Lord Lawarr]] and his fellow Adventurers w™ some Collericke and threat- ninge speec,model_person:unresolved,,V01-P0162-N01614-01625,1614,1625
9,V01-P0162,,,,,PERSON_CANDIDATE,,Adventurers w,ke for behoofe of the executo™ of the said Lord Lawarr and his fellow [[Adventurers w]]™ some Collericke and threat- ninge speeches vsed against the said Tho,model_person:unresolved,,V01-P0162-N01641-01654,1641,1654
9,V01-P0162,person,,,,PERSON,,Thomas Parsmore,"s w™ some Collericke and threat- ninge speeches vsed against the said [[Thomas Parsmore]] for refusinge to go w™ him, butt not against the said Captaine Argoll",model_person:unresolved,,V01-P0162-N01721-01736,1721,1736
9,V01-P0162,person,,,,PERSON,Samuel Argall,Captaine Argoll,"Thomas Parsmore for refusinge to go w™ him, butt not against the said [[Captaine Argoll]] for ought that appeareth in the said examinaéon; And lastly itt appea",ruler_person,Samuel Argall,V01-P0162-N01791-01806,1791,1806
9,V01-P0162,,,,,PERSON_CANDIDATE,,Cap,"be verie strict and seueere made a moéon to sue and entreat the said [[Cap]]’ Argoll to save the said Cap- taine Brewste” life, where vnto all wer",model_person:unresolved,,V01-P0162-N02052-02055,2052,2055
9,V01-P0162,person,,,,PERSON,Samuel Argall,Captaine Argoll,"therein, And that after much entreatie & many allegaéons by the said [[Captaine Argoll]], in the end they plvayled w"" him so much that they pcured his life",ruler_person,Samuel Argall,V01-P0162-N02257-02272,2257,2272
10,V02-P0499,,,,,PERSON,,PRESENT Lo,nd read beinge as followeth. At WHITEHALL THE 207 or OcTOBER i628.' [[PRESENT Lo]]: Arch=bishop of Canterbury. Lo: Keeper. Ea: Marshall. Lo: Treasuror.,model_person:unresolved,,V02-P0499-N00185-00195,185,195
10,V02-P0499,,,,,PLACE_CANDIDATE,,Canterbury,. At WHITEHALL THE 207 or OcTOBER i628.' PRESENT Lo: Arch=bishop of [[Canterbury]]. Lo: Keeper. Ea: Marshall. Lo: Treasuror. a Lo: Vise: Grandison. Lo:,model_GPE,,V02-P0499-N00212-00222,212,222
10,V02-P0499,,,,,PERSON_CANDIDATE,,Lo,ALL THE 207 or OcTOBER i628.' PRESENT Lo: Arch=bishop of Canterbury. [[Lo]]: Keeper. Ea: Marshall. Lo: Treasuror. a Lo: Vise: Grandison. Lo: Pres,model_person:unresolved,,V02-P0499-N00224-00226,224,226
10,V02-P0499,,,,,PERSON_CANDIDATE,,Keeper,THE 207 or OcTOBER i628.' PRESENT Lo: Arch=bishop of Canterbury. Lo: [[Keeper]]. Ea: Marshall. Lo: Treasuror. a Lo: Vise: Grandison. Lo: President. L,model_person:unresolved,,V02-P0499-N00228-00234,228,234
10,V02-P0499,,,,,PERSON_CANDIDATE,,Marshall,cTOBER i628.' PRESENT Lo: Arch=bishop of Canterbury. Lo: Keeper. Ea: [[Marshall]]. Lo: Treasuror. a Lo: Vise: Grandison. Lo: President. Lo: Chichester.,model_person:unresolved,,V02-P0499-N00240-00248,240,248
10,V02-P0499,,,,,PERSON_CANDIDATE,,Lo,8.' PRESENT Lo: Arch=bishop of Canterbury. Lo: Keeper. Ea: Marshall. [[Lo]]: Treasuror. a Lo: Vise: Grandison. Lo: President. Lo: Chichester. Lo:,model_person:unresolved,,V02-P0499-N00250-00252,250,252
10,V02-P0499,,,,,PERSON_CANDIDATE,,Grandison,p of Canterbury. Lo: Keeper. Ea: Marshall. Lo: Treasuror. a Lo: Vise: [[Grandison]]. Lo: President. Lo: Chichester. Lo: Priuy Seale. m* Secré Caluert. Th,model_person:unresolved,,V02-P0499-N00277-00286,277,286
10,V02-P0499,,,,,PERSON_CANDIDATE,,Lo,bury. Lo: Keeper. Ea: Marshall. Lo: Treasuror. a Lo: Vise: Grandison. [[Lo]]: President. Lo: Chichester. Lo: Priuy Seale. m* Secré Caluert. The Ma,model_person:unresolved,,V02-P0499-N00288-00290,288,290
10,V02-P0499,,,,,PERSON_CANDIDATE,,Lo,r. Ea: Marshall. Lo: Treasuror. a Lo: Vise: Grandison. Lo: President. [[Lo]]: Chichester. Lo: Priuy Seale. m* Secré Caluert. The Master of the Rol,model_person:unresolved,,V02-P0499-N00303-00305,303,305
10,V02-P0499,,,,,PERSON_CANDIDATE,,Chichester,a: Marshall. Lo: Treasuror. a Lo: Vise: Grandison. Lo: President. Lo: [[Chichester]]. Lo: Priuy Seale. m* Secré Caluert. The Master of the Rolls. Whereas,model_person:unresolved,,V02-P0499-N00307-00317,307,317
10,V02-P0499,,,,,PERSON_CANDIDATE,,Lo,Lo: Treasuror. a Lo: Vise: Grandison. Lo: President. Lo: Chichester. [[Lo]]: Priuy Seale. m* Secré Caluert. The Master of the Rolls. Whereas the,model_person:unresolved,,V02-P0499-N00319-00321,319,321
10,V02-P0499,person,,,,PERSON,George Calvert,m* Secré Caluert,Lo: Vise: Grandison. Lo: President. Lo: Chichester. Lo: Priuy Seale. [[m* Secré Caluert]]. The Master of the Rolls. Whereas their 1l’* were this Day informed,ruler_person,George Calvert,V02-P0499-N00336-00352,336,352
10,V02-P0499,,,,,PLACE_CANDIDATE,,Rolls,Lo: Chichester. Lo: Priuy Seale. m* Secré Caluert. The Master of the [[Rolls]]. Whereas their 1l’* were this Day informed that there is a great dis,model_LOC,,V02-P0499-N00372-00377,372,377
10,V02-P0499,place,,,,PLACE,Virginia,Virginia,"s a great discouragement Amongst many Adventurers of the Plantaton in [[Virginia]] by reason of the intended reforminge and chaunge of the Gouerment, wh",ruler_place:ambiguous_contextual,NW-001,V02-P0499-N00504-00512,504,512
10,V02-P0499,,,,,PERSON_CANDIDATE,,Lo,w are nowe ready fraughted and bound for that Country; Although their [[Lo]]” maruell that any should be so farr mistaken considering the Declaraz,model_person:unresolved,,V02-P0499-N00759-00761,759,761
10,V02-P0499,,,,,PERSON_CANDIDATE,,farr mistaken,nd for that Country; Although their Lo” maruell that any should be so [[farr mistaken]] considering the Declarazons y* haue bin made at the Bourd Viua Voce a,model_person:unresolved,,V02-P0499-N00793-00806,793,806
10,V02-P0499,,,,,PLACE_CANDIDATE,,the Bourd Viua Voce,d be so farr mistaken considering the Declarazons y* haue bin made at [[the Bourd Viua Voce]] as also by an Act of Counsell and otherwise yet for the better satisf,model_FAC,,V02-P0499-N00855-00874,855,874
10,V02-P0499,,,,,PERSON_CANDIDATE,,Lo,"ions of others haue conceaued any such feare or Discouragement, their [[Lo]]” do thinke fitt hereby to Declare againe that there is no other inten",model_person:unresolved,,V02-P0499-N01098-01100,1098,1100
10,V02-P0499,,,,,PERSON_CANDIDATE,,Lo,ntrariwise cheerefully to proceed: It is |therefore| ordered by their [[Lo]]” and thought fitt to be published to the Companie that it is his Ma“,model_person:unresolved,,V02-P0499-N01773-01775,1773,1775
10,V02-P0499,place,,,,PLACE,Virginia,Virginia,e Cofiaund that the Shipps w were intended to be sent at this time to [[Virginia]] and are in some readines to goe be w* all speed sent away for the rel,ruler_place:ambiguous_contextual,NW-001,V02-P0499-N01922-01930,1922,1930
10,V02-P0499,,,,,PERSON_CANDIDATE,,Plantation,sent away for the reliefe of those that be there and the good of that [[Plantation]] and this to be presently donne w“out any Stoppe or Delay: Ex* Io: Dic,model_person:unresolved,,V02-P0499-N02049-02059,2049,2059
10,V02-P0499,,,,,PERSON_CANDIDATE,,Stoppe,the good of that Plantation and this to be presently donne w“out any [[Stoppe]] or Delay: Ex* Io: Dickenson. 1A copy of this order by Thomas Collett,model_person:unresolved,,V02-P0499-N02101-02107,2101,2107
10,V02-P0499,,,,,PERSON_CANDIDATE,,Delay,of that Plantation and this to be presently donne w“out any Stoppe or [[Delay]]: Ex* Io: Dickenson. 1A copy of this order by Thomas Collett (?) is a,model_person:unresolved,,V02-P0499-N02111-02116,2111,2116
10,V02-P0499,place,,,,PLACE,Cambridge,Cambridge,"by Thomas Collett (?) is among the Ferrar Papers, Magdalene College, [[Cambridge]]. It is indorsed in the autograph of Sir Edwin Sandys as follows: ‘‘Or",ruler_place:contextual_alias,OW-041,V02-P0499-N02229-02238,2229,2238
10,V02-P0499,person,,,,PERSON,Edwin Sandys,Sir Edwin Sandys,"ers, Magdalene College, Cambridge. It is indorsed in the autograph of [[Sir Edwin Sandys]] as follows: ‘‘Order of the LL in the Busines of Va.’ The order is rec",ruler_person,Edwin Sandys,V02-P0499-N02275-02291,2275,2291
11,V03-P0218,,,,,PERSON_CANDIDATE,,LXXIX,"214 RECORDS OF THE VIRGINIA COMPANY [[LXXIX]]. Account or A. B. or THE EXPENSES OF THE VOYAGE, REN- DERED To Sik Wi",model_person:unresolved,,V03-P0218-N00037-00042,37,42
11,V03-P0218,person,,,,PERSON,John Smyth of Nibley,Smyth of Nibley,"ROCKMORTON AND ASSOCIATES SepremBer 16, 1619, To SepTeMBER 16, 1620 [[Smyth of Nibley]] Papers, Smyth, 3 (32), Pages 140-141 Doeument in the New York Public",ruler_person,John Smyth of Nibley,V03-P0218-N00190-00205,190,205
11,V03-P0218,,,,,PERSON_CANDIDATE,,Smyth,"S SepremBer 16, 1619, To SepTeMBER 16, 1620 Smyth of Nibley Papers, [[Smyth]], 3 (32), Pages 140-141 Doeument in the New York Public Library List o",model_person:unresolved,,V03-P0218-N00214-00219,214,219
11,V03-P0218,,,,,PLACE_CANDIDATE,,payd,to this day. 16. Sept 1620°. at Gatcombe vpon his bill of 3'—16*—3*. [[payd]] as his bill and ac- CORRE ao 1th) 1211 | en ee eee ee To Iohn White C,model_GPE,,V03-P0218-N00562-00566,562,566
11,V03-P0218,person,,,,PERSON_CANDIDATE,,Iohn White Carpenter,16*—3*. payd as his bill and ac- CORRE ao 1th) 1211 | en ee eee ee To [[Iohn White Carpenter]] for worke about the same Ship as his bill } aT and acquitance sheweth,model_person:unresolved,,V03-P0218-N00624-00644,624,644
11,V03-P0218,person,,,,PERSON,,Richard Soten,ll } aT and acquitance sheweth___-_...--_.---.-------------------- To [[Richard Soten]] for worke about the same ship as his bill and ae- \ je ET Sa ceases r,model_person:unresolved,,V03-P0218-N00754-00767,754,767
11,V03-P0218,,,,,PERSON_CANDIDATE,,ra acta,n for worke about the same ship as his bill and ae- \ je ET Sa ceases [[ra acta]] ana nance man aera To Iohn Barrowe Carpenter for timber trunnells and,model_person:unresolved,,V03-P0218-N00836-00843,836,843
11,V03-P0218,,,,,PLACE_CANDIDATE,,nance,about the same ship as his bill and ae- \ je ET Sa ceases ra acta ana [[nance]] man aera To Iohn Barrowe Carpenter for timber trunnells and worke abo,model_GPE,,V03-P0218-N00848-00853,848,853
11,V03-P0218,person,,,,PERSON_CANDIDATE,,Iohn Barrowe Carpenter,p as his bill and ae- \ je ET Sa ceases ra acta ana nance man aera To [[Iohn Barrowe Carpenter]] for timber trunnells and worke about the same ship as his bill and ac,model_person:unresolved,,V03-P0218-N00866-00888,866,888
11,V03-P0218,,,,,PLACE_CANDIDATE,,Sea,To Willm Donynge for planckes and bordes bought of him for the same } [[Sea]] ship 98 his’ billand acquitance shewesc1 cee cece ecw Theis .5. forme,model_LOC,,V03-P0218-N01063-01066,1063,1066
11,V03-P0218,,,,,PERSON_CANDIDATE,,Theis,the same } Sea ship 98 his’ billand acquitance shewesc1 cee cece ecw [[Theis]] .5. former somes are payd also by warrant of the subscription of Rich,model_person:unresolved,,V03-P0218-N01121-01126,1121,1126
11,V03-P0218,person,,,,PERSON,Richard Partridge,Richard Partridge,heis .5. former somes are payd also by warrant of the subscription of [[Richard Partridge]] avowinge the truth of them. To Willm Archard and Wiltm Lewis least ow,ruler_person,Richard Partridge,V03-P0218-N01192-01209,1192,1209
11,V03-P0218,person,,,,PERSON,,Wiltm Lewis,of Richard Partridge avowinge the truth of them. To Willm Archard and [[Wiltm Lewis]] least owinge to them for writinge ly*. To Iohn Driver Carpenter for,model_person:unresolved,,V03-P0218-N01259-01270,1259,1270
11,V03-P0218,person,,,,PERSON_CANDIDATE,,Iohn Driver Carpenter,lm Archard and Wiltm Lewis least owinge to them for writinge ly*. To [[Iohn Driver Carpenter]] for worke by him done vpon our owne ship | ‘a } xxxvij*. viij® in S,model_person:unresolved,,V03-P0218-N01314-01335,1314,1335
11,V03-P0218,,,,,PERSON_CANDIDATE,,viij®,r Carpenter for worke by him done vpon our owne ship | ‘a } xxxvij*. [[viij®]] in September .1619. As their bill and the foot of the last yeares Ac,model_person:unresolved,,V03-P0218-N01394-01399,1394,1399
11,V03-P0218,,,,,PERSON_CANDIDATE,,Accompt,j® in September .1619. As their bill and the foot of the last yeares [[Accompt]] shewe.__._.-----------~-.--------------------~-- To S° Willm Throkm9t,model_person:unresolved,,V03-P0218-N01467-01474,1467,1474
11,V03-P0218,,,,,PERSON_CANDIDATE,,Oetober,"---~-.--------------------~-- To S° Willm Throkm9ton vpon his bill in [[Oetober]] last after the last Aceompt not therin allowed to him, w® he recouped",model_person:unresolved,,V03-P0218-N01564-01571,1564,1571
11,V03-P0218,,,,,PERSON_CANDIDATE,,w®,"ill in Oetober last after the last Aceompt not therin allowed to him, [[w®]] he recouped as his fre of ily”. xvilj* 1 eo bet 1010: SHOWELN. enw so",model_person:unresolved,,V03-P0218-N01627-01629,1627,1629
11,V03-P0218,,,,,PERSON_CANDIDATE,,xvilj,"Aceompt not therin allowed to him, w® he recouped as his fre of ily”. [[xvilj]]* 1 eo bet 1010: SHOWELN. enw someone epee peeeeen To the wife of Rich",model_person:unresolved,,V03-P0218-N01662-01667,1662,1667
11,V03-P0218,person,,,,PERSON,Richard Godfry,Richard Godfry,"vilj* 1 eo bet 1010: SHOWELN. enw someone epee peeeeen To the wife of [[Richard Godfry]] loaned to her at seu%all tymes since) _...,, her husbands depture in",ruler_person,Richard Godfry,V03-P0218-N01733-01747,1733,1747
11,V03-P0218,,,,,PLACE_CANDIDATE,,Anuncyaton,for his wages by agreement for Michaelmas & Xmas quarters .1619. and [[Anuncyaton]] and Midsomer quarters | S .1620. by argeem*_......-------------------,model_GPE,,V03-P0218-N01957-01967,1957,1967
11,V03-P0218,,,,,PERSON_CANDIDATE,,argeem*_......-------------------------+----------,as quarters .1619. and Anuncyaton and Midsomer quarters | S .1620. by [[argeem*_......-------------------------+----------]] (141] To the wife of Xtopher Nelme for his wages for Xmas quarter .16,model_person:unresolved,,V03-P0218-N02004-02054,2004,2054
11,V03-P0218,person,,,,PERSON,,Xtopher Nelme,geem*_......-------------------------+---------- (141] To the wife of [[Xtopher Nelme]] for his wages for Xmas quarter .1619. And for Th’anuncyaéon midsomer,model_person:unresolved,,V03-P0218-N02076-02089,2076,2089
11,V03-P0218,,,,,PLACE_CANDIDATE,,Miéhas,his wages for Xmas quarter .1619. And for Th’anuncyaéon midsomer and [[Miéhas]] quarters .1620. by xitj®. ij? BOTCRMICNG. - pee eine in. eee eein oo,model_GPE,,V03-P0218-N02163-02169,2163,2169
11,V03-P0218,person,,,,PERSON,John Smyth of Nibley,John Smyth,TCRMICNG. - pee eine in. eee eein oo ae eS 1 This date is entered by [[John Smyth]].,ruler_person,John Smyth of Nibley,V03-P0218-N02272-02282,2272,2282
12,V04-P0514,,,,,PERSON_CANDIDATE,,Colonie,ons: for the directing and ordering of the affaires of the said first [[Colonie]] And whereas afterward vppon the peticon [ete. etc. as in the recitals,model_person:unresolved,,V04-P0514-N00769-00776,769,776
12,V04-P0514,,,,,PLACE_CANDIDATE,,Colonies,* * ive orders vet the least delay might pve daungerous to the said [[Colonies]] and Plan- ta¢ons yf during the tvine of this delihaéon they shoulde w,model_GPE,,V04-P0514-N01089-01097,1089,1097
12,V04-P0514,place,,,,PLACE,England,England,his our revall plensnre wee by aur comission vader our erent seale of [[England]] bearing date the fifteenth day of July in the veare of our raigne of,ruler_place:ambiguous_contextual,OW-011,V04-P0514-N01321-01328,1321,1328
12,V04-P0514,,,,,PERSON_CANDIDATE,,Coser,ve power aud authoritte vnto our right trustic and right wel- beloved [[Coser]] and Counsellor Henry Viscount Miandevill lord Presiden of our Couteol,model_person:unresolved,,V04-P0514-N01564-01569,1564,1569
12,V04-P0514,,,,,PERSON_CANDIDATE,,Counsellor Henry Viscount Miandevill,ud authoritte vnto our right trustic and right wel- beloved Coser and [[Counsellor Henry Viscount Miandevill]] lord Presiden of our Couteoll sad divers others of our privie Counsel,model_person:unresolved,,V04-P0514-N01574-01610,1574,1610
12,V04-P0514,,,,,PERSON,,lord Presiden,and right wel- beloved Coser and Counsellor Henry Viscount Miandevill [[lord Presiden]] of our Couteoll sad divers others of our privie Counsell and others t,model_person:unresolved,,V04-P0514-N01611-01624,1611,1624
12,V04-P0514,,,,,PERSON_CANDIDATE,,Couteoll,d Coser and Counsellor Henry Viscount Miandevill lord Presiden of our [[Couteoll]] sad divers others of our privie Counsell and others to trenute consul,model_person:unresolved,,V04-P0514-N01632-01640,1632,1640
12,V04-P0514,,,,,PERSON_CANDIDATE,,Colonie,e consult and consider of all nietters whatsoever coneerning the said [[Colonie]] and plantaton sswell for the sufetie ef our people there strength of,model_person:unresolved,,V04-P0514-N01772-01779,1772,1779
12,V04-P0514,,,,,PERSON_CANDIDATE,,plantaton sswell,d consider of all nietters whatsoever coneerning the said Colonie and [[plantaton sswell]] for the sufetie ef our people there strength of the place wad govern,model_person:unresolved,,V04-P0514-N01784-01800,1784,1800
12,V04-P0514,,,,,PERSON_CANDIDATE,,Phat,lready inade some good beginning and have given vs this humble advise [[Phat]] bya like Comfission from vs wee should appoi: and authorise such othe,model_person:unresolved,,V04-P0514-N02235-02239,2235,2239
12,V04-P0514,,,,,PERSON_CANDIDATE,,Ott,disercet psig residing gin§ the parte of Vire usa wee shoulde thinke [[Ott]] to be our Wseut Councell for the ordering mrannag= ing and eoverning,model_person:unresolved,,V04-P0514-N02380-02383,2380,2383
12,V04-P0514,,,,,PERSON_CANDIDATE,,Catonie,ll for the ordering mrannag= ing and eoverning of the afuires of that [[Catonie]] and plantafon art of the peous there already inhabiting or whieh here,model_person:unresolved,,V04-P0514-N02476-02483,2476,2483
13,V01-P0135,,,,,PLACE_CANDIDATE,,Carefull,be paide to m* Gough through the good affiance y° Comp*: hath of his [[Carefull]] menaginge therof. [100] M’ Thier signified that the Ship called y° B,model_GPE,,V01-P0135-N00217-00225,217,225
13,V01-P0135,place,,,,PLACE,The Downs,Downes,Ship called y° Bona Aduenture last dis- peeded eame came not into the [[Downes]] till sunday last by reasou wherof hee stayd out the full time graunte,ruler_place:ambiguous_contextual,OW-039,V01-P0135-N00349-00355,349,355
13,V01-P0135,,,,,PERSON_CANDIDATE,,reasou wherof hee,re last dis- peeded eame came not into the Downes till sunday last by [[reasou wherof hee]] stayd out the full time graunted him by the Company duringe w™ time h,model_person:unresolved,,V01-P0135-N00376-00393,376,393
13,V01-P0135,,,,,PERSON_CANDIDATE,,wherof hee,"membranve hee not omitted any thinge comitted to his trust, by reason [[wherof hee]] hath not done any thinge to the lawes hopinge hee shalbe excused cons",model_person:unresolved,,V01-P0135-N00603-00613,603,613
13,V01-P0135,place,,,,PLACE,The Downs,Downes,"he Ship was not to be suspended w"", who to his knowledg is now out of [[Downes]] and on her way to Virginia. Wheras S' Nath: Rich hath by order of th",ruler_place:ambiguous_contextual,OW-039,V01-P0135-N00792-00798,792,798
13,V01-P0135,place,,,,PLACE,Virginia,Virginia,"pended w"", who to his knowledg is now out of Downes and on her way to [[Virginia]]. Wheras S' Nath: Rich hath by order of the Courte had some confer- r",ruler_place:ambiguous_contextual,NW-001,V01-P0135-N00817-00825,817,825
13,V01-P0135,person,,,,PERSON,Edward Cecil,Generall Cecill,hath by order of the Courte had some confer- rence 2: or 3: times w” [[Generall Cecill]] aboute an Engineer to be sent to Virginia y® Comp* hath since dealt w,ruler_person,Edward Cecil,V01-P0135-N00918-00933,918,933
13,V01-P0135,place,,,,PLACE,Virginia,Virginia,ce 2: or 3: times w” Generall Cecill aboute an Engineer to be sent to [[Virginia]] y® Comp* hath since dealt w™ S' Horatio Veere who is allso exceedinge,ruler_place:ambiguous_contextual,NW-001,V01-P0135-N00967-00975,967,975
13,V01-P0135,person,,,,PERSON,,S' Horatio Veere,boute an Engineer to be sent to Virginia y® Comp* hath since dealt w™ [[S' Horatio Veere]] who is allso exceedinge willinge & readie to assist them w™ his best,model_person:unresolved,,V01-P0135-N01005-01021,1005,1021
13,V01-P0135,person,,,,PERSON,Thomas Smythe,S' Thomas Smith,uchinge the pointe of mitegaton of ymposiéon beinge by a Comittee att [[S' Thomas Smith]]¢ agreed what course to take therein w™ by rea- son m™ Alderman Johnso,ruler_person,Thomas Smythe,V01-P0135-N01241-01256,1241,1256
13,V01-P0135,person,,,,PERSON,Robert Johnson,Alderman Johnson,S' Thomas Smith¢ agreed what course to take therein w™ by rea- son m™ [[Alderman Johnson]] was absent itt was referred till his Cominge to the Courte to vnderst,ruler_person,Robert Johnson,V01-P0135-N01311-01327,1311,1327
13,V01-P0135,,,,,PERSON_CANDIDATE,,Order,rte to vnderstand what is done in itt and of y® successe therof. The [[Order]] made by the Lord Duke and y* Lord Arundell vppo refer- rence vnto the,model_person:unresolved,,V01-P0135-N01453-01458,1453,1458
13,V01-P0135,,,,,PERSON_CANDIDATE,,Collony,"ies a Coppy therof beinge peured itt gave not sattisfacéon to the one [[Collony]] or the other, whervppo for as much as the N°: Collony hath petiéoned",model_person:unresolved,,V01-P0135-N01639-01646,1639,1646
13,V01-P0135,,,,,PERSON_CANDIDATE,,Collony,the Kinge for obteyninge a new Pattent and therin to declare the one [[Collony]] to have Priveledge win the other this Comp: findinge themselvs greive,model_person:unresolved,,V01-P0135-N01788-01795,1788,1795
13,V01-P0135,,,,,PERSON_CANDIDATE,,debarr,"other this Comp: findinge themselvs greived therby beinge a meanes to [[debarr]] them from the ymunities, his Ma"": hath freely and gratiously graunted",model_person:unresolved,,V01-P0135-N01893-01899,1893,1899
13,V01-P0135,,,,,PLACE_CANDIDATE,,Throgmorton,"freely and gratiously graunted them for XL"" bestowed on her bye swe [[Throgmorton]]. The Bona Venture aim. net tH Downes till sun- day last. nothing do",model_GPE,,V01-P0135-N02008-02019,2008,2019
13,V01-P0135,place,,,,PLACE,The Downs,Downes,"L"" bestowed on her bye swe Throgmorton. The Bona Venture aim. net tH [[Downes]] till sun- day last. nothing done to y* Lawes S' Horatio Veer very w",ruler_place:ambiguous_contextual,OW-039,V01-P0135-N02051-02057,2051,2057
13,V01-P0135,,,,,PLACE_CANDIDATE,,Imposicéon,S' Horatio Veer very willinge to assist y* Comp: y° mitigaéon of the [[Imposicéon]] re- ferred. The order made by y° M* in v° behalfe Gf ¥ So: cand. NP,model_GPE,,V01-P0135-N02175-02185,2175,2185
14,V02-P0153,person,,,partial: should be 'm’ Nich? ffarrar',PERSON,,m’ Nich,S OF THE VIRGINIA COMPANY m’ Ilo: ffarrar. m' Paulavicine. m’ Webbe. [[m’ Nich]]? ffarrar Dpt. m’* Widdowes. m’ Iadwin. m' Gibbs m‘ Wrote. m’ Nicholle,model_person:unresolved,,V02-P0153-N00080-00087,80,87
14,V02-P0153,,,,,PERSON_CANDIDATE,,Dpt,COMPANY m’ Ilo: ffarrar. m' Paulavicine. m’ Webbe. m’ Nich? ffarrar [[Dpt]]. m’* Widdowes. m’ Iadwin. m' Gibbs m‘ Wrote. m’ Nicholle. m’ Seaward.,model_person:unresolved,,V02-P0153-N00097-00100,97,100
14,V02-P0153,person,,,,PERSON,Thomas Gibbs,m' Gibbs,Paulavicine. m’ Webbe. m’ Nich? ffarrar Dpt. m’* Widdowes. m’ Iadwin. [[m' Gibbs]] m‘ Wrote. m’ Nicholle. m’ Seaward. m’” Bromefeild. m’* Meuerell. m’ B,ruler_person,Thomas Gibbs,V02-P0153-N00127-00135,127,135
14,V02-P0153,,,,,PLACE_CANDIDATE,,Nicholle,m’ Nich? ffarrar Dpt. m’* Widdowes. m’ Iadwin. m' Gibbs m‘ Wrote. m’ [[Nicholle]]. m’ Seaward. m’” Bromefeild. m’* Meuerell. m’ Bolton. m’ Wrote. m’ Ro,model_GPE,,V02-P0153-N00149-00157,149,157
14,V02-P0153,person,,,,PERSON,,m’ Seaward,ffarrar Dpt. m’* Widdowes. m’ Iadwin. m' Gibbs m‘ Wrote. m’ Nicholle. [[m’ Seaward]]. m’” Bromefeild. m’* Meuerell. m’ Bolton. m’ Wrote. m’ Roberte. m’ Cu,model_person:unresolved,,V02-P0153-N00159-00169,159,169
14,V02-P0153,person,,,,PERSON,,m’ Bolton,ibbs m‘ Wrote. m’ Nicholle. m’ Seaward. m’” Bromefeild. m’* Meuerell. [[m’ Bolton]]. m’ Wrote. m’ Roberte. m’ Cuffe. m’ Binge. m’ Baynham. m’™ Hackett. m,model_person:unresolved,,V02-P0153-N00201-00210,201,210
14,V02-P0153,person,,,,PERSON,Samuel Wrote,m’ Wrote,te. m’ Nicholle. m’ Seaward. m’” Bromefeild. m’* Meuerell. m’ Bolton. [[m’ Wrote]]. m’ Roberte. m’ Cuffe. m’ Binge. m’ Baynham. m’™ Hackett. m* Rogers.,ruler_person,Samuel Wrote,V02-P0153-N00212-00220,212,220
14,V02-P0153,person,,,,PERSON,,m’ Roberte,holle. m’ Seaward. m’” Bromefeild. m’* Meuerell. m’ Bolton. m’ Wrote. [[m’ Roberte]]. m’ Cuffe. m’ Binge. m’ Baynham. m’™ Hackett. m* Rogers. m’* Etheridg,model_person:unresolved,,V02-P0153-N00222-00232,222,232
14,V02-P0153,person,,,,PERSON,,m’ Baynham,d. m’* Meuerell. m’ Bolton. m’ Wrote. m’ Roberte. m’ Cuffe. m’ Binge. [[m’ Baynham]]. m’™ Hackett. m* Rogers. m’* Etheridge. m’ Harris. m’* Io: Smith. m*,model_person:unresolved,,V02-P0153-N00254-00264,254,264
14,V02-P0153,,,,,PERSON_CANDIDATE,,Hackett,m’ Bolton. m’ Wrote. m’ Roberte. m’ Cuffe. m’ Binge. m’ Baynham. m’™ [[Hackett]]. m* Rogers. m’* Etheridge. m’ Harris. m’* Io: Smith. m* m* Mellinge.,model_person:unresolved,,V02-P0153-N00270-00277,270,277
14,V02-P0153,,,,,PERSON_CANDIDATE,,* Rogers,. m’ Wrote. m’ Roberte. m’ Cuffe. m’ Binge. m’ Baynham. m’™ Hackett. m[[* Rogers]]. m’* Etheridge. m’ Harris. m’* Io: Smith. m* m* Mellinge. m’* Copland,model_person:unresolved,,V02-P0153-N00280-00288,280,288
14,V02-P0153,person,,,,PERSON,,m’ Harris,’ Cuffe. m’ Binge. m’ Baynham. m’™ Hackett. m* Rogers. m’* Etheridge. [[m’ Harris]]. m’* Io: Smith. m* m* Mellinge. m’* Copland. m’ Ro: Smith. m’* Edward,model_person:unresolved,,V02-P0153-N00305-00314,305,314
14,V02-P0153,person,,,,PERSON,,m’ Tomlins,. m’ Ro: Smith. m’* Edwarde. m’ Withers. m’ Berblocke. m’ Geo: Smith. [[m’ Tomlins]]. m’* Ditchfeld. m* Sparrowe. with diuers others. m* Caswell. m’* Newp,model_person:unresolved,,V02-P0153-N00428-00438,428,438
14,V02-P0153,,,,,PERSON_CANDIDATE,,* Sparrowe,m’ Withers. m’ Berblocke. m’ Geo: Smith. m’ Tomlins. m’* Ditchfeld. m[[* Sparrowe]]. with diuers others. m* Caswell. m’* Newport. m’ Swinhowe. m'’ Harri,model_person:unresolved,,V02-P0153-N00456-00466,456,466
14,V02-P0153,,,,,PLACE_CANDIDATE,,Swinhowe,chfeld. m* Sparrowe. with diuers others. m* Caswell. m’* Newport. m’ [[Swinhowe]]. m'’ Harrison. This daye beinge the Preparatiue Court for the Sufer,model_GPE,,V02-P0153-N00517-00525,517,525
14,V02-P0153,person,,,,PERSON,,m'’ Harrison,Sparrowe. with diuers others. m* Caswell. m’* Newport. m’ Swinhowe. [[m'’ Harrison]]. This daye beinge the Preparatiue Court for the Sufer Dands; after t,model_person:unresolved,,V02-P0153-N00527-00539,527,539
14,V02-P0153,person,,,,PERSON,Henry Wriothesley,Ea: of Southampton,"ey thinkinge it most convenient to receaue the informaéon of what the [[Ea: of Southampton]] and 8"" Edwin San- dys had donne concerninge the qualificaéon of the P",ruler_person,Henry Wriothesley,V02-P0153-N00845-00863,845,863
14,V02-P0153,,,,,PERSON_CANDIDATE,,Edwin,"nient to receaue the informaéon of what the Ea: of Southampton and 8"" [[Edwin]] San- dys had donne concerninge the qualificaéon of the Proposition re",model_person:unresolved,,V02-P0153-N00871-00876,871,876
14,V02-P0153,place,,,,PLACE,Virginia,Virginia,erninge the qualificaéon of the Proposition referred vnto them by the [[Virginia]] Quarter Court from them as in a Virginia Court desired that the Sumer,ruler_place:ambiguous_contextual,NW-001,V02-P0153-N00970-00978,970,978
14,V02-P0153,,,,"company/court name, not counted as a place",PLACE,Virginia,Virginia,on referred vnto them by the Virginia Quarter Court from them as in a [[Virginia]] Court desired that the Sumer Ilande Court beinge suspended a Vir- gin,ruler_place:ambiguous_contextual,NW-001,V02-P0153-N01011-01019,1011,1019
14,V02-P0153,,,,,PLACE_CANDIDATE,,South-,"ed a Vir- ginia Court might begin w™ accordingly was donn, the Ea: of [[South-]] ampton takinge the Chaire. And after a recapitulaéon of all that had",model_LOC,,V02-P0153-N01146-01152,1146,1152
14,V02-P0153,,,,,PLACE_CANDIDATE,,Chaire,"t begin w™ accordingly was donn, the Ea: of South- ampton takinge the [[Chaire]]. And after a recapitulaéon of all that had passed the Quarter Court,",model_GPE,,V02-P0153-N01172-01178,1172,1178
14,V02-P0153,place,,,,PLACE,Virginia,Virginia,"ouenant be drawne vp by his Ma” learned Counsell and the Counsell for [[Virginia]] and the Sumer llands, that in case an extraordinary charge shall haue",ruler_place:ambiguous_contextual,NW-001,V02-P0153-N01430-01438,1430,1438
14,V02-P0153,place,,,,PLACE,Spain,Spayne,ge shall haue bin laid vpon the said Varinaes Tobacco by the State of [[Spayne]] since the feast of St Michaell the Archangel] last past (beinge the t,ruler_place:ambiguous_contextual,OW-013,V02-P0153-N01565-01571,1565,1571
14,V02-P0153,,,,,PERSON_CANDIDATE,,whence§,feast of St Michaell the Archangel] last past (beinge the time simee §[[whence§]] this Contract is to haue begininge) or hereafter shalbe laid duringe,model_person:unresolved,,V02-P0153-N01652-01659,1652,1659
14,V02-P0153,,,,,PERSON_CANDIDATE,,Contract,ichaell the Archangel] last past (beinge the time simee §whence§ this [[Contract]] is to haue begininge) or hereafter shalbe laid duringe the time of th,model_person:unresolved,,V02-P0153-N01665-01673,1665,1673
15,V03-P0695,,,,,PLACE_CANDIDATE,,Corne,"SEPTEMBER 23, 1622 679 soeu? boote of [[Corne]], or any thing else he can attaine vnto, from any the Salvadges o"" ene",model_GPE,,V03-P0695-N00039-00044,39,44
15,V03-P0695,,,,,PERSON_CANDIDATE,,Comanding,"vnto, from any the Salvadges o"" enemies. By these plsent¢ willing and [[Comanding]] all and every pson and psons going along w"" him in the said vioadge w",model_person:unresolved,,V03-P0695-N00149-00158,149,158
15,V03-P0695,,,,,PERSON_CANDIDATE,,Comandé,"y and readily to obey, and execute to theire vttermost power, all his [[Comandé]] and direcéons w* he shall thinke fitt from time to time, to giue vnto",model_person:unresolved,,V03-P0695-N00305-00312,305,312
15,V03-P0695,person,,,,PERSON,George Yeardley,George Yeardley,"that at theire vttermost pill; Giueing and graunting vnto the said 8"" [[George Yeardley]] full power and authoritie, to Comand, Gouern, and direct, and if need",ruler_person,George Yeardley,V03-P0695-N00526-00541,526,541
15,V03-P0695,,,,,PLACE_CANDIDATE,,Comand,"unting vnto the said 8"" George Yeardley full power and authoritie, to [[Comand]], Gouern, and direct, and if need require to punish and corect whatsoe",model_GPE,,V03-P0695-N00572-00578,572,578
15,V03-P0695,place,,,,PLACE,Virginia,Virginia,"cases extending so farr, as by vertue of my Comission of Governor of [[Virginia]] I may any way deriue vnto him. Given att James Citty vnd"" my hand an",ruler_place:ambiguous_contextual,NW-001,V03-P0695-N00805-00813,805,813
15,V03-P0695,place,,,,PLACE,James City,James Citty,"ion of Governor of Virginia I may any way deriue vnto him. Given att [[James Citty]] vnd"" my hand and the great Seale of the Colony the xth of September i",ruler_place:high_confidence_alias,NW-003,V03-P0695-N00856-00867,856,867
15,V03-P0695,person,,,,PERSON,,"Lord, James","he xth of September in the yeares [89] of the Raigne of o* Soveraigne [[Lord, James]] by the grace of God, of England, Scotland, France and Treland, Kinge,",model_person:unresolved,,V03-P0695-N00986-00997,986,997
15,V03-P0695,place,,,,PLACE,England,England,"cotland, France and Treland, Kinge, Defendo' of the faith &e (viz) of [[England]] &c, the twentieth, and of Scotland the Ivj in the yeare of ot Lord Go",ruler_place:ambiguous_contextual,OW-011,V03-P0695-N01102-01109,1102,1109
15,V03-P0695,place,,,,PLACE,Scotland,Scotland,", Defendo' of the faith &e (viz) of England &c, the twentieth, and of [[Scotland]] the Ivj in the yeare of ot Lord God one thousand six hundred twentie",ruler_place:contextual_alias,OW-015,V03-P0695-N01136-01144,1136,1144
15,V03-P0695,person,,,,PERSON,George Yeardley,George Yeardley,"ed twentie two, and in the Sixteenth yeare of this Plantation. To 8"" [[George Yeardley]] for his Vioage to Pamunkey. Francis WYATT CCLVIII. Str Epwin Sanpys.",ruler_person,George Yeardley,V03-P0695-N01273-01288,1273,1288
15,V03-P0695,person,,,,PERSON,Francis Wyatt,Francis WYATT,"f this Plantation. To 8"" George Yeardley for his Vioage to Pamunkey. [[Francis WYATT]] CCLVIII. Str Epwin Sanpys. A Lerrer to Joun Frerrar SEPTEMBER 23, 1",ruler_person,Francis Wyatt,V03-P0695-N01317-01330,1317,1330
15,V03-P0695,person,,,,PERSON,Edwin Sandys,Epwin Sanpys.,"orge Yeardley for his Vioage to Pamunkey. Francis WYATT CCLVIII. Str [[Epwin Sanpys.]] A Lerrer to Joun Frerrar SEPTEMBER 23, 1622 Ferrar Papers Document",ruler_person,Edwin Sandys,V03-P0695-N01345-01358,1345,1358
15,V03-P0695,person,,,,PERSON,,Captain Barnard,"dge. Autograph Letter, Signed, with Seal List of Records No. 364 S™: [[Captain Barnard]] w his Companie spent all thursday wt® me: & som of them came the day",model_person:unresolved,,V03-P0695-N01526-01541,1526,1541
15,V03-P0695,,,,,PERSON_CANDIDATE,,wt,ecords No. 364 S™: Captain Barnard w his Companie spent all thursday [[wt]]® me: & som of them came the day before. They had an exceeding rough p,model_person:unresolved,,V03-P0695-N01576-01578,1576,1578
15,V03-P0695,,,,,PLACE_CANDIDATE,,North-East,"on Thursday night, or ffriday before day, they set saile wt? a brave [[North-East]] wynd: w since is come about more to the East, & so hath continued til",model_LOC,,V03-P0695-N01801-01811,1801,1811
16,V04-P0012,,,,,PERSON_CANDIDATE,,Corne,"Confident there wilbe noe cause ‘To intreat you’ helpe for supplie of [[Corne]] or any other pvisone, fourther then voluntary Adveuture’[s] will brin",model_person:unresolved,,V04-P0012-N00354-00359,354,359
16,V04-P0012,,,,,PERSON_CANDIDATE,,Away,"ll of the warwick, most of the Tobacco in y? Jande was solde and made [[Away]] to other shippinge that formerly arived, ‘To whom you required our fa",model_person:unresolved,,V04-P0012-N00821-00825,821,825
16,V04-P0012,,,,,PLACE_CANDIDATE,,Cropp,"e kept y* goods dead vppone his handes, or sell them io be paide this [[Cropp]], Wherin, yf hee haue been denied any asistanee from vs for Recovering",model_GPE,,V04-P0012-N01094-01099,1094,1099
16,V04-P0012,,,,,PERSON_CANDIDATE,,Adventures,"howsand waight of Tobacco in the whole Collonic, and soc many privatt [[Adventures]] besid@, that except wee should deny fre{e] trade contrarie to y* equi",model_person:unresolved,,V04-P0012-N01607-01617,1607,1617
16,V04-P0012,,,,,PERSON_CANDIDATE,,Away,"re{e] trade contrarie to y* equitie of you"" order, doe and will] take [[Away]] much of our Tobacco though wee geeue noe warrant to them to recover i",model_person:unresolved,,V04-P0012-N01725-01729,1725,1729
16,V04-P0012,person,,,,PERSON,,Mr. Thie,"merly advised, how ernest our intentes are to psecute them heerafter, [[Mr. Thie]]: will more pticulerly informe you, The failinge of y* Trone woork€ i",model_person:unresolved,,V04-P0012-N02119-02127,2119,2127
16,V04-P0012,,,,,PERSON_CANDIDATE,,Collony,"e you, The failinge of y* Trone woork€ is much lamented by the whole [[Collony]] whose asistanee they wanted nott, whiles i¢ was in theyr power to asi",model_person:unresolved,,V04-P0012-N02226-02233,2226,2233
16,V04-P0012,person,,,,PERSON,Maurice Berkeley,Mr. Maurice Barkley,"to asiste them, the state of we woorke wee Referr to y* relatione of [[Mr. Maurice Barkley]], who is now to retorne, by whom we will send you a list of y°",ruler_person,Maurice Berkeley,V04-P0012-N02366-02385,2366,2385
17,V01-P0317,person,,,,PERSON,,Captaine Norton,heir said order did release and The bargaine quite discharge the said [[Captaine Norton]] of his §former§ Contract mse with the Company; Hervppon the said barg,model_person:unresolved,,V01-P0317-N00399-00414,399,414
17,V01-P0317,,,,,PERSON_CANDIDATE,,Aduent-,h the Company; Hervppon the said bargaine beinge a new enter- pryuate [[Aduent-]] tayned by certaine adventurers now present they did now acquainte ““™,model_person:unresolved,,V01-P0317-N00517-00524,517,524
17,V01-P0317,,,,,PERSON_CANDIDATE,,Glasse,winge. First y* the said Adventurers might have a Patent of the said [[Glasse]] T» haue a Patent Furnace for seaven years for the sole makinge of Gla,model_person:unresolved,,V01-P0317-N01307-01313,1307,1313
17,V01-P0317,,,,,PERSON_CANDIDATE,,Glasse,sse T» haue a Patent Furnace for seaven years for the sole makinge of [[Glasse]] and Beades. ° “' *™* Secondly y* they might have 50 Acres of Land fo,model_person:unresolved,,V01-P0317-N01380-01386,1380,1386
17,V01-P0317,,,,,PERSON_CANDIDATE,,Sole,d and att the next Quarter The Sole makinge Courte confirmed that the [[Sole]] makinge and transportinge of Soade ieemareoiivatianrninl ‘ . ‘ . prop,model_person:unresolved,,V01-P0317-N01719-01723,1719,1723
17,V01-P0317,,,,,PLACE_CANDIDATE,,Glasse,. propriated to them beinge a materiall of speciall vse in makinge of [[Glasse]] may be appro- for 7 years. priated vnto them for 7: years. Lastly t,model_GPE,,V01-P0317-N01857-01863,1857,1863
17,V01-P0317,,,,,PERSON_CANDIDATE,,Guest,"desire for the better releife and Comforte of their people a that the [[Guest]] house w* m"" Whittacres hath built may be appoynted Vy. for entertaynm",model_person:unresolved,,V01-P0317-N02007-02012,2007,2012
17,V01-P0317,,,,,PERSON_CANDIDATE,,Se,"landinge y‘* they may be able to build theire houses, and this may be [[Se]]™ynment ot! . . their people. specially recomended to the care of the",model_person:unresolved,,V01-P0317-N02224-02226,2224,2226
18,V02-P0183,person,,,,PERSON,Edwin Sandys,S' Edwin Sandys,RECORDS OF THE VIRGINIA COMPANY Touching the lawe cited by m‘’ Wrote [[S' Edwin Sandys]] made answeare that that lawe was prouided in case any perticuler man,ruler_person,Edwin Sandys,V02-P0183-N00074-00089,74,89
18,V02-P0183,,,,,PERSON_CANDIDATE,,Proiect,lawe was prouided in case any perticuler man should propound any newe [[Proiect]] of charge vnto the Companie: whereas this was a buissines incident to,model_person:unresolved,,V02-P0183-N00184-00191,184,191
18,V02-P0183,,,,,PERSON_CANDIDATE,,Sume,"arehowses they had in their iundgment€ proportioned 160""' So that the [[Sume]] raised vpon the Aduenturers and Planters Tobacco toward€ the payment",model_person:unresolved,,V02-P0183-N01303-01307,1303,1307
18,V02-P0183,person,,,,PERSON,,Captaine Martin,"urers nor vndo the Planters (as was alledged:) As for the instance of [[Captaine Martin]], the cases were not alike that beinge to run out of the Companies Sto",model_person:unresolved,,V02-P0183-N01702-01717,1702,1717
18,V02-P0183,,,,,PERSON_CANDIDATE,,Wrote,"spake out of his ignorance (ignorance of fact he meant,) because m’™ [[Wrote]] was not at the Coffiittee, but m’ Wrote replied that m*’ Deputy spake",model_person:unresolved,,V02-P0183-N02087-02092,2087,2092
18,V02-P0183,person,,,,PERSON,Samuel Wrote,m’ Wrote,"e of fact he meant,) because m’™ Wrote was not at the Coffiittee, but [[m’ Wrote]] replied that m*’ Deputy spake out of the abundance of his knowledge,",ruler_person,Samuel Wrote,V02-P0183-N02124-02132,2124,2132
19,V03-P0299,person,,,,PERSON,,Wituram Tracy,"JUNE, 1620 291 CXII. [[Wituram Tracy]]. Lerrers to Wiuuiam ArTHARD AND JOHN SMYTH [June,] 1620 Smyth of Ni",model_person:unresolved,,V03-P0299-N00022-00035,22,35
19,V03-P0299,person,,,,PERSON,,Wiuuiam ArTHARD,"JUNE, 1620 291 CXII. Wituram Tracy. Lerrers to [[Wiuuiam ArTHARD]] AND JOHN SMYTH [June,] 1620 Smyth of Nibley Papers, Smyth, 18, 19 D",model_person:unresolved,,V03-P0299-N00048-00063,48,63
19,V03-P0299,person,,,,PERSON,John Smyth of Nibley,JOHN SMYTH,"JUNE, 1620 291 CXII. Wituram Tracy. Lerrers to Wiuuiam ArTHARD AND [[JOHN SMYTH]] [June,] 1620 Smyth of Nibley Papers, Smyth, 18, 19 Document in New",ruler_person,John Smyth of Nibley,V03-P0299-N00068-00078,68,78
19,V03-P0299,person,,,,PERSON,John Smyth of Nibley,Smyth of Nibley,"turam Tracy. Lerrers to Wiuuiam ArTHARD AND JOHN SMYTH [June,] 1620 [[Smyth of Nibley]] Papers, Smyth, 18, 19 Document in New York Public Library. Autograph",ruler_person,John Smyth of Nibley,V03-P0299-N00094-00109,94,109
19,V03-P0299,,,,,PERSON_CANDIDATE,,Smyth,"Wiuuiam ArTHARD AND JOHN SMYTH [June,] 1620 Smyth of Nibley Papers, [[Smyth]], 18, 19 Document in New York Public Library. Autograph Letter, Signed",model_person:unresolved,,V03-P0299-N00118-00123,118,123
19,V03-P0299,place,,,,PLACE,London,london,"No. 175, 176 I T haue here sent yd 70"" so now yo haue receved 30 at [[london]] 60 by lionel marget 42 by m' gilford & 5 to yo"" selfe so now yo"" mast",ruler_place:ambiguous_contextual,OW-001,V03-P0299-N00280-00286,280,286
19,V03-P0299,person,,,partial: should be 'William Throk- mortun',PERSON,,William Throk-,"ath receved 207"" for y* moni I am to pay for y° shar I have bot of 8"" [[William Throk-]] mortun y® rest will I pay w"" all sped & mor to wards y° setting forth",model_person:unresolved,,V03-P0299-N00430-00444,430,444
19,V03-P0299,person,,,,PERSON,,William Arthard,o go wtt me _ so rest Yor frind Witti Tracy [Addressed:] To my frind [[William Arthard]] or his debiti at m* hill his house. [Indorsed by John Smith:] 207! pa,model_person:unresolved,,V03-P0299-N00602-00617,602,617
19,V03-P0299,person,,,,PERSON,John Smith,John Smith,"rind William Arthard or his debiti at m* hill his house. [Indorsed by [[John Smith]]:] 207! payd to mee by m' Tracy. June .1620. a S I was wt §"" Edwin S",ruler_person,John Smith,V03-P0299-N00667-00677,667,677
19,V03-P0299,person,,,,PERSON,,m' Tracy,"i at m* hill his house. [Indorsed by John Smith:] 207! payd to mee by [[m' Tracy]]. June .1620. a S I was wt §"" Edwin Sands who promised me kine at y°",model_person:excluded,,V03-P0299-N00700-00708,700,708
19,V03-P0299,person,,,,PERSON,Edwin Sandys,Edwin Sands,"n Smith:] 207! payd to mee by m' Tracy. June .1620. a S I was wt §"" [[Edwin Sands]] who promised me kine at y° prise they stod y*? Compani in. let me int",ruler_person,Edwin Sandys,V03-P0299-N00740-00751,740,751
19,V03-P0299,,,,,PERSON_CANDIDATE,,Compani,"was wt §"" Edwin Sands who promised me kine at y° prise they stod y*? [[Compani]] in. let me intret yd to intret his letter for me to y® gouernor lets",model_person:unresolved,,V03-P0299-N00799-00806,799,806
19,V03-P0299,,,,,PERSON_CANDIDATE,,intret yd,nds who promised me kine at y° prise they stod y*? Compani in. let me [[intret yd]] to intret his letter for me to y® gouernor lets get all y* helps we m,model_person:unresolved,,V03-P0299-N00818-00827,818,827
19,V03-P0299,person,,,,PERSON,William Tracy,Wii Tracy,e I dout not of gods blesings so will rest on him & to yd in all loue [[Wii Tracy]] in this ill shapen §letter§ let me intret yd to fasion ouer bisnes a,ruler_person,William Tracy,V03-P0299-N01273-01282,1273,1282
19,V03-P0299,,,,,PERSON_CANDIDATE,,intret yd,him & to yd in all loue Wii Tracy in this ill shapen §letter§ let me [[intret yd]] to fasion ouer bisnes as yd best know how for ouer good. {Addressed:,model_person:unresolved,,V03-P0299-N01319-01328,1319,1328
19,V03-P0299,person,,,,PERSON,John Smith,John Smith,st know how for ouer good. {Addressed:] To my asured louing frind m' [[John Smith]] at y° blew lion in Chanseri lan this 1 Marginal note in the handwrit,ruler_person,John Smith,V03-P0299-N01429-01439,1429,1439
19,V03-P0299,,,,,PLACE_CANDIDATE,,Chanseri,ddressed:] To my asured louing frind m' John Smith at y° blew lion in [[Chanseri]] lan this 1 Marginal note in the handwriting of John Smyth. 70TH 30,model_GPE,,V03-P0299-N01459-01467,1459,1467
19,V03-P0299,,,,,PERSON_CANDIDATE,,Marginal,ed louing frind m' John Smith at y° blew lion in Chanseri lan this 1 [[Marginal]] note in the handwriting of John Smyth. 70TH 30 60 Ay 207.,model_person:unresolved,,V03-P0299-N01480-01488,1480,1488
19,V03-P0299,person,,,,PERSON,John Smyth of Nibley,John Smyth,blew lion in Chanseri lan this 1 Marginal note in the handwriting of [[John Smyth]]. 70TH 30 60 Ay 207.,ruler_person,John Smyth of Nibley,V03-P0299-N01516-01526,1516,1526
20,V04-P0502,person,,,,PERSON,James I,James I,ner Davip SANDIS See Court holden the twelth day of July 1624 CDLXI. [[James I]]. Commission to certain Lorps or THE Privy CouncIL AND OTHERS FOR SETT,ruler_person,James I,V04-P0502-N00337-00344,337,344
20,V04-P0502,,,,,PERSON_CANDIDATE,,Lorps,en the twelth day of July 1624 CDLXI. James I. Commission to certain [[Lorps]] or THE Privy CouncIL AND OTHERS FOR SETTLING A GOVERNMENT IN VIRGINIA,model_person:unresolved,,V04-P0502-N00368-00373,368,373
20,V04-P0502,place,,,,PLACE,Virginia,VIRGINIA,"in Lorps or THE Privy CouncIL AND OTHERS FOR SETTLING A GOVERNMENT IN [[VIRGINIA]] Jury 15, 1624! (1) Patent Roll, 22 James I, pt.1,doc. No. 4°. (2) A",ruler_place:ambiguous_contextual,NW-001,V04-P0502-N00435-00443,435,443
20,V04-P0502,,,,,PERSON_CANDIDATE,,Jamey,"e, London; (2) British Museum List of Records No. 701 D2 Commission’ [[Jamey]] by : H . ay » brie & i a lyoe Ve a lamtosalyy the grace of God &e To",model_person:unresolved,,V04-P0502-N00670-00675,670,675
20,V04-P0502,,,,,PERSON_CANDIDATE,,Cosen,God &e To our righte trusty and righte Welbe vill & aliis 4? loved [[Cosen]] and Couneellor Henry Viseount Mandevilte lorde Presidente of our Coun,model_person:unresolved,,V04-P0502-N00804-00809,804,809
20,V04-P0502,,,,,PERSON_CANDIDATE,,Couneellor Henry Viseount Mandevilte lorde Presidente,our righte trusty and righte Welbe vill & aliis 4? loved Cosen and [[Couneellor Henry Viseount Mandevilte lorde Presidente]] of our Couneell and to our righte trusty and Welheloved Wiltm lorde P,model_person:unresolved,,V04-P0502-N00814-00867,814,867
20,V04-P0502,,,,,PERSON_CANDIDATE,,Welheloved Wiltm lorde Pagett,devilte lorde Presidente of our Couneell and to our righte trusty and [[Welheloved Wiltm lorde Pagett]] and to our right trusty and Welbeloved Councellors Arthur lord Chiche,model_person:unresolved,,V04-P0502-N00913-00942,913,942
20,V04-P0502,,,,,PERSON_CANDIDATE,,Welbeloved Councellors,trusty and Welheloved Wiltm lorde Pagett and to our right trusty and [[Welbeloved Councellors]] Arthur lord Chichester Baron of Belfast Sir Thomas Edmonde knighte Tr,model_person:unresolved,,V04-P0502-N00971-00993,971,993
20,V04-P0502,,,,,PERSON_CANDIDATE,,Arthur,Wiltm lorde Pagett and to our right trusty and Welbeloved Councellors [[Arthur]] lord Chichester Baron of Belfast Sir Thomas Edmonde knighte Tresorer,model_person:unresolved,,V04-P0502-N00994-01000,994,1000
20,V04-P0502,person,,,,PERSON,,lord Chichester Baron,orde Pagett and to our right trusty and Welbeloved Councellors Arthur [[lord Chichester Baron]] of Belfast Sir Thomas Edmonde knighte Tresorer of our Houshoulde Sir,model_person:unresolved,,V04-P0502-N01001-01022,1001,1022
20,V04-P0502,,,,,PLACE,Belfast,Belfast,ght trusty and Welbeloved Councellors Arthur lord Chichester Baron of [[Belfast]] Sir Thomas Edmonde knighte Tresorer of our Houshoulde Sir John Suckli,ruler_place:contextual_alias,OW-036,V04-P0502-N01026-01033,1026,1033
20,V04-P0502,person,,,,PERSON,,Sir Thomas Edmonde,ty and Welbeloved Councellors Arthur lord Chichester Baron of Belfast [[Sir Thomas Edmonde]] knighte Tresorer of our Houshoulde Sir John Suckling knighte Comptrol,model_person:unresolved,,V04-P0502-N01034-01052,1034,1052
20,V04-P0502,person,,,,PERSON,John Suckling,Sir John Suckling,aron of Belfast Sir Thomas Edmonde knighte Tresorer of our Houshoulde [[Sir John Suckling]] knighte Comptroller of our houshould Sir George Calvert knight one of,ruler_person,John Suckling,V04-P0502-N01088-01105,1088,1105
20,V04-P0502,person,,,,PERSON,George Calvert,Sir George Calvert,our Houshoulde Sir John Suckling knighte Comptroller of our houshould [[Sir George Calvert]] knight one of our principall Secretaries of state Sir George Conwev k,ruler_person,George Calvert,V04-P0502-N01143-01161,1143,1161
20,V04-P0502,person,,,,PERSON,,Sir George Conwev,Sir George Calvert knight one of our principall Secretaries of state [[Sir George Conwev]] knight one other of our prineipall Secretaries of State Sir Richart W,model_person:unresolved,,V04-P0502-N01212-01229,1212,1229
20,V04-P0502,person,,,,PERSON,,Sir Richart Weston,George Conwev knight one other of our prineipall Secretaries of State [[Sir Richart Weston]] knighte Chauneellor and Vndertresorer of our Exehequer and Sir Julius,model_person:unresolved,,V04-P0502-N01286-01304,1286,1304
20,V04-P0502,,,,,PERSON_CANDIDATE,,knighte Chauneellor,t one other of our prineipall Secretaries of State Sir Richart Weston [[knighte Chauneellor]] and Vndertresorer of our Exehequer and Sir Julius Cesar knighte Maste,model_person:unresolved,,V04-P0502-N01305-01324,1305,1324
20,V04-P0502,,,,,PERSON_CANDIDATE,,Vndertresorer,ipall Secretaries of State Sir Richart Weston knighte Chauneellor and [[Vndertresorer]] of our Exehequer and Sir Julius Cesar knighte Master of our Roll@ and,model_person:unresolved,,V04-P0502-N01329-01342,1329,1342
20,V04-P0502,person,,,,PERSON,Julius Caesar,Sir Julius Cesar,art Weston knighte Chauneellor and Vndertresorer of our Exehequer and [[Sir Julius Cesar]] knighte Master of our Roll@ and to our trusty and Welbeloved Sir Humf,ruler_person,Julius Caesar,V04-P0502-N01364-01380,1364,1380
20,V04-P0502,person,,,partial: should be 'Sir Humfry May',PERSON,,Sir Humfry,us Cesar knighte Master of our Roll@ and to our trusty and Welbeloved [[Sir Humfry]] May knighte Chauneellor of our Duchye of Laneaster sir Baptiste Hieke,model_person:unresolved,,V04-P0502-N01442-01452,1442,1452
20,V04-P0502,,,,,PERSON_CANDIDATE,,knighte Chauneellor,e Master of our Roll@ and to our trusty and Welbeloved Sir Humfry May [[knighte Chauneellor]] of our Duchye of Laneaster sir Baptiste Hiekes knighte and Baronett S,model_person:unresolved,,V04-P0502-N01457-01476,1457,1476
20,V04-P0502,,,,,PERSON_CANDIDATE,,Duchye,o our trusty and Welbeloved Sir Humfry May knighte Chauneellor of our [[Duchye]] of Laneaster sir Baptiste Hiekes knighte and Baronett Sir Thomas Smit,model_person:unresolved,,V04-P0502-N01484-01490,1484,1490
20,V04-P0502,person,,,,PERSON,Baptist Hicks,sir Baptiste Hiekes,beloved Sir Humfry May knighte Chauneellor of our Duchye of Laneaster [[sir Baptiste Hiekes]] knighte and Baronett Sir Thomas Smith knight Sir Weary 1 See Chancer,ruler_person,Baptist Hicks,V04-P0502-N01504-01523,1504,1523
20,V04-P0502,,,,,PERSON_CANDIDATE,,knighte,ay knighte Chauneellor of our Duchye of Laneaster sir Baptiste Hiekes [[knighte]] and Baronett Sir Thomas Smith knight Sir Weary 1 See Chancery Warran,model_person:unresolved,,V04-P0502-N01524-01531,1524,1531
20,V04-P0502,,,,,PERSON_CANDIDATE,,Baronett,"hauneellor of our Duchye of Laneaster sir Baptiste Hiekes knighte and [[Baronett]] Sir Thomas Smith knight Sir Weary 1 See Chancery Warrants, Series HH",model_person:unresolved,,V04-P0502-N01536-01544,1536,1544
20,V04-P0502,person,,,,PERSON,Thomas Smythe,Sir Thomas Smith,"r of our Duchye of Laneaster sir Baptiste Hiekes knighte and Baronett [[Sir Thomas Smith]] knight Sir Weary 1 See Chancery Warrants, Series HH, File 1977. This",ruler_person,Thomas Smythe,V04-P0502-N01545-01561,1545,1561
20,V04-P0502,,,,,PERSON,,Sir Weary,"ster sir Baptiste Hiekes knighte and Baronett Sir Thomas Smith knight [[Sir Weary]] 1 See Chancery Warrants, Series HH, File 1977. This is the bill for",model_person:unresolved,,V04-P0502-N01569-01578,1569,1578
20,V04-P0502,place,,,,PLACE,Virginia,Virginia,"oeing and executing of sundry thingé for well setling the affaires in [[Virginia]] according to such direr¢ons as T received from yor Matic, [Signed] Tu",ruler_place:ambiguous_contextual,NW-001,V04-P0502-N02129-02137,2129,2137
20,V04-P0502,person,,,,PERSON,James I,James R,"ived from yor Matic, [Signed] Tuomas CoventrYE.” The bill is signed: [[James R]]., and endorsed: “Jett this bill passe the greate seale by itediate wa",ruler_person,James I,V04-P0502-N02245-02252,2245,2252
20,V04-P0502,,,,,PERSON_CANDIDATE,,Jett,"ned] Tuomas CoventrYE.” The bill is signed: James R., and endorsed: “[[Jett]] this bill passe the greate seale by itediate warrant, James R,"" and h",model_person:unresolved,,V04-P0502-N02270-02274,2270,2274
20,V04-P0502,person,,,,PERSON,James I,James R,"endorsed: “Jett this bill passe the greate seale by itediate warrant, [[James R]],"" and has a memorandum of delivery, as follows: “ Met q@t quintodecim",ruler_person,James I,V04-P0502-N02329-02336,2329,2336
20,V04-P0502,,,,,PERSON_CANDIDATE,,Julij Anno R.R¢,"has a memorandum of delivery, as follows: “ Met q@t quintodecimo die [[Julij Anno R.R¢]] Jacobi sédo et lvii® ista Billa delihat fuit Diio Custodi Magni Sigif",model_person:unresolved,,V04-P0502-N02412-02427,2412,2427
20,V04-P0502,,,,,PERSON_CANDIDATE,,Magni Sigifli,j Anno R.R¢ Jacobi sédo et lvii® ista Billa delihat fuit Diio Custodi [[Magni Sigifli]] Angt apud Westin’? exe [quend].”,model_person:unresolved,,V04-P0502-N02486-02499,2486,2499
21,V01-P0124,,,,,PLACE_CANDIDATE,,Iacob,"de 328 RECORDS OF THE VIRGINIA COMPANY name to the Counsell and m’ [[Iacob]], w m' Iacobb hath pmised to psecute itt, and preferr a bill against h",model_GPE,,V01-P0124-N00268-00273,268,273
21,V01-P0124,place,,,,PLACE,London,London,every informaéon iustly preferred and w™ shall be within 5 milles of [[London]] and proveth true they hold itt requisite for the encourrag - ing of h,ruler_place:ambiguous_contextual,OW-001,V01-P0124-N00445-00451,445,451
21,V01-P0124,,,,,PLACE,Bermuda / Somers Islands,Sumer Iland,"give him x‘ equally to be paid by the Companies of Vir- ginia and the [[Sumer Iland]]¢, and if hee vppon oceasion rode further then the 2 Companies to bear",ruler_place:contextual_alias,NW-020,V01-P0124-N00597-00608,597,608
21,V01-P0124,person,,,,PERSON,Robert Johnson,m' Alderman Iohnson,. To the second poynte of mytegacon of ymposiéon After some dispute [[m' Alderman Iohnson]] and m™ Cranmer was entreated when they rise to goe to m' Iacobb who h,ruler_person,Robert Johnson,V01-P0124-N01061-01080,1061,1080
21,V01-P0124,,,,,PLACE_CANDIDATE,,Warwicke,"in the Taxaéon of their Tobacco, w% if hee refuse, y' then my Lord of [[Warwicke]], 8’ Tho: Roe, S' Nath: Rich, and others be entreated to deliver from",model_GPE,,V01-P0124-N01351-01359,1351,1359
21,V01-P0124,,,,,PLACE_CANDIDATE,,Kinge,"nd others be entreated to deliver from the Comp"": such reasons to the [[Kinge]] for mitagacon thereof as they have sett downe in the petigon to his M",model_LOC,,V01-P0124-N01460-01465,1460,1465
21,V01-P0124,,,,,PLACE_CANDIDATE,,petigon,ons to the Kinge for mitagacon thereof as they have sett downe in the [[petigon]] to his Ma” consideringe that the buisines doth not concerne the Kingé,model_GPE,,V01-P0124-N01519-01526,1519,1526
21,V01-P0124,,,,,PLACE_CANDIDATE,,Lacobbs,"deringe that the buisines doth not concerne the Kingé profitt butt m"" [[Lacobbs]]. Thirdly for the Sale of Goods Itt is agreed by these Comittees y'",model_GPE,,V01-P0124-N01613-01620,1613,1620
21,V01-P0124,place,,,,PLACE,Virginia,Virginia,"ight Custome, and Impost of Tobacco both olde and new, w™ is com from [[Virginia]] from those of the Magazine shalbe sould to those that will vnderwrite",ruler_place:ambiguous_contextual,NW-001,V01-P0124-N01806-01814,1806,1814
21,V01-P0124,,,,,PERSON_CANDIDATE,,Att,"of 500: pound waight for any one man to write vppon these Condiéons. [[Att]] y® rate of ij’ vj"" the pound to pay 12° in hand for y* defrayinge of",model_person:unresolved,,V01-P0124-N02028-02031,2028,2031
21,V01-P0124,,,,,PLACE_CANDIDATE,,Imposte,"he pound to pay 12° in hand for y* defrayinge of fraught Custome, and [[Imposte]], and to pay the resydue the 25"" of March 1621 To take two thirds of",model_GPE,,V01-P0124-N02122-02129,2122,2129
21,V01-P0124,,,,,PERSON_CANDIDATE,,Capitall,"ll fall out in quantity and pporéon Todiscount vntothemselvs halfe a [[Capitall]] of the first years Adventure. To give their bills to S' Thomas Smith,",model_person:unresolved,,V01-P0124-N02308-02316,2308,2316
21,V01-P0124,person,,,,PERSON,Thomas Smythe,S' Thomas Smith,"halfe a Capitall of the first years Adventure. To give their bills to [[S' Thomas Smith]], & m’ Aldet: Iohnson who",ruler_person,Thomas Smythe,V01-P0124-N02370-02385,2370,2385
21,V01-P0124,person,,,,PERSON,,m’ Aldet,"the first years Adventure. To give their bills to S' Thomas Smith, & [[m’ Aldet]]: Iohnson who",model_person:unresolved,,V01-P0124-N02389-02397,2389,2397
21,V01-P0124,,,,,PERSON_CANDIDATE,,Iohnson,"years Adventure. To give their bills to S' Thomas Smith, & m’ Aldet: [[Iohnson]] who",model_person:unresolved,,V01-P0124-N02399-02406,2399,2406
22,V02-P0456,,,,,PERSON_CANDIDATE,,Secondlie,"8, 1623 a » 441 The Court seeinge two questionns first what was due, [[Secondlie]] how itt should be sattisfied did appoynt the Comittees followinge tog",model_person:unresolved,,V02-P0456-N00076-00085,76,85
22,V02-P0456,,,,,PERSON_CANDIDATE,,Beer,"and such as had likelie much endamaged the peoples health that, that [[Beer]] was bought of m* Dupper, who had received of them a great price for i",model_person:unresolved,,V02-P0456-N00560-00564,560,564
22,V02-P0456,,,,,PERSON_CANDIDATE,,* Dupper,"elie much endamaged the peoples health that, that Beer was bought of m[[* Dupper]], who had received of them a great price for itt: Wher- fore as well f",model_person:unresolved,,V02-P0456-N00580-00588,580,588
22,V02-P0456,,,,,PLACE_CANDIDATE,,Complaine,cie as allso for the iust sattisfactéon of the world they purposed to [[Complaine]] either to the Comissioners or the GL‘ of the Counsell in cause the Co,model_GPE,,V02-P0456-N00760-00769,760,769
22,V02-P0456,,,,,PLACE_CANDIDATE,,Comissioners,t sattisfactéon of the world they purposed to Complaine either to the [[Comissioners]] or the GL‘ of the Counsell in cause the Company had not sufficient au,model_FAC,,V02-P0456-N00784-00796,784,796
22,V02-P0456,,,,,PERSON_CANDIDATE,,* Dupper,Company had not sufficient authorytie of themselvs to peeed against m[[* Dupper]] desyringe y’ the Company would be pleased to take the matter into the,model_person:unresolved,,V02-P0456-N00906-00914,906,914
22,V02-P0456,,,,,PERSON_CANDIDATE,,Consideraéon,y’ the Company would be pleased to take the matter into their serious [[Consideraéon]] and to ioyne w™ them as well for the pre- ventinge of the like hereaf,model_person:unresolved,,V02-P0456-N00995-01007,995,1007
22,V02-P0456,,,,,PERSON_CANDIDATE,,theron accordinglie,e Counsell to advise what course were fittest to be held and to peeed [[theron accordinglie]] either before the LL’: of thé Counsell or the Comissionors. M’ Deput,model_person:unresolved,,V02-P0456-N01365-01384,1365,1384
22,V02-P0456,,,,,PERSON_CANDIDATE,,Hee,menéon their names that shall make any moéon or proposiéon in Court. [[Hee]] moved the like consideraton might be hadd touchinge y°® Orders of Cou,model_person:unresolved,,V02-P0456-N01717-01720,1717,1720
22,V02-P0456,,,,,PERSON_CANDIDATE,,Ka,e care of the former Comittee addinge some few others vnto them viz. [[Ka]]: of Warwick. ‘S* Lawrence Hide. Lo: Cauendish. m* Gibbes. Lo: De La,model_person:unresolved,,V02-P0456-N01920-01922,1920,1922
22,V02-P0456,,,,,PERSON_CANDIDATE,,Warwick,of the former Comittee addinge some few others vnto them viz. Ka: of [[Warwick]]. ‘S* Lawrence Hide. Lo: Cauendish. m* Gibbes. Lo: De Lawarr. m* Nic,model_person:unresolved,,V02-P0456-N01927-01934,1927,1934
22,V02-P0456,person,,,,PERSON,Lawrence Hyde,Lawrence Hide,Comittee addinge some few others vnto them viz. Ka: of Warwick. ‘S* [[Lawrence Hide]]. Lo: Cauendish. m* Gibbes. Lo: De Lawarr. m* Nicho: fferrar. 8S Sa,ruler_person,Lawrence Hyde,V02-P0456-N01940-01953,1940,1953
22,V02-P0456,,,,,PERSON_CANDIDATE,,Lo,e some few others vnto them viz. Ka: of Warwick. ‘S* Lawrence Hide. [[Lo]]: Cauendish. m* Gibbes. Lo: De Lawarr. m* Nicho: fferrar. 8S Sam: Sa,model_person:unresolved,,V02-P0456-N01956-01958,1956,1958
22,V02-P0456,,,,,PERSON_CANDIDATE,,Lo,viz. Ka: of Warwick. ‘S* Lawrence Hide. Lo: Cauendish. m* Gibbes. [[Lo]]: De Lawarr. m* Nicho: fferrar. 8S Sam: Sandys. m’ Rider or any 4: S,model_person:unresolved,,V02-P0456-N01983-01985,1983,1985
22,V02-P0456,person,,,,PERSON,"Thomas West, Lord De La Warr",De Lawarr,. Ka: of Warwick. ‘S* Lawrence Hide. Lo: Cauendish. m* Gibbes. Lo: [[De Lawarr]]. m* Nicho: fferrar. 8S Sam: Sandys. m’ Rider or any 4: S* Io: Dauer,ruler_person,"Thomas West, Lord De La Warr",V02-P0456-N01987-01996,1987,1996
22,V02-P0456,,,,,PERSON_CANDIDATE,,8S Sam,Hide. Lo: Cauendish. m* Gibbes. Lo: De Lawarr. m* Nicho: fferrar. [[8S Sam]]: Sandys. m’ Rider or any 4: S* Io: Dauers.,model_person:unresolved,,V02-P0456-N02018-02024,2018,2024
22,V02-P0456,person,,,,PERSON,,m’ Rider,ndish. m* Gibbes. Lo: De Lawarr. m* Nicho: fferrar. 8S Sam: Sandys. [[m’ Rider]] or any 4: S* Io: Dauers.,model_person:unresolved,,V02-P0456-N02034-02042,2034,2042
23,V03-P0338,,,,,PERSON_CANDIDATE,,Ralph,330 RECORDS OF THE VIRGINIA COMPANY [[Ralph]] Moorton.------------------------------------------- Francis Mapes__.-,model_person:unresolved,,V03-P0338-N00038-00043,38,43
23,V03-P0338,,,,,PERSON_CANDIDATE,,Francis,IA COMPANY Ralph Moorton.------------------------------------------- [[Francis]] Mapes__.------- Richard Maplesden James Monger-_--------- Peter Mon,model_person:unresolved,,V03-P0338-N00096-00103,96,103
23,V03-P0338,,,,,PERSON_CANDIDATE,,Richard Maplesden James Monger-_---------,.------------------------------------------- Francis Mapes__.------- [[Richard Maplesden James Monger-_--------- ]]Peter Monsell____----_- oer MG eecsiacesarmarssarse insect atari ROTT,model_person:unresolved,,V03-P0338-N00121-00164,121,164
23,V03-P0338,,,,,PERSON_CANDIDATE,,Peter Monsell____----_-,- Francis Mapes__.------- Richard Maplesden James Monger-_--------- [[Peter Monsell____----_- ]]oer MG eecsiacesarmarssarse insect atari ROTTS SIN VA 6s ecu ee ee ee,model_person:unresolved,,V03-P0338-N00164-00189,164,189
23,V03-P0338,person,,,,PERSON,John Martin,Tohn Martin,eecsiacesarmarssarse insect atari ROTTS SIN VA 6s ecu ee ee ee ee eee [[Tohn Martin]]... Tosias Maude__-.-.~---- PRTCHBTORNEOT CODY: seanieccteurancc rer,ruler_person,John Martin,V03-P0338-N00266-00277,266,277
23,V03-P0338,,,,,PERSON_CANDIDATE,,Thomas Maddock Richard Moore_-_------,na raeanmssrenrecreal vaEN ) e0ne6: M601 cen eeweueocuwsen ae eee eee [[Thomas Maddock Richard Moore_-_------]] Nicholas *Mo0n@) a.ctece eee renee eee eeseeee Alfonsus van Medkerk.,model_person:unresolved,,V03-P0338-N00439-00476,439,476
23,V03-P0338,,,,,PERSON_CANDIDATE,,Nicholas,1 cen eeweueocuwsen ae eee eee Thomas Maddock Richard Moore_-_------ [[Nicholas]] *Mo0n@) a.ctece eee renee eee eeseeee Alfonsus van Medkerk..--._--.--,model_person:unresolved,,V03-P0338-N00478-00486,478,486
23,V03-P0338,,,,,PERSON_CANDIDATE,,Alfonsus van Medkerk,ichard Moore_-_------ Nicholas *Mo0n@) a.ctece eee renee eee eeseeee [[Alfonsus van Medkerk]]..--._--.----------------------------- Captaine Henry Meole Philip Mut,model_person:unresolved,,V03-P0338-N00525-00545,525,545
23,V03-P0338,,,,,PERSON_CANDIDATE,,Captaine Henry Meole Philip,ee eeseeee Alfonsus van Medkerk..--._--.----------------------------- [[Captaine Henry Meole Philip]] Mutes__-.------- Thomas Mayall_______ Humfrey Marret_____- Taruis Mun,model_person:unresolved,,V03-P0338-N00584-00611,584,611
23,V03-P0338,person,,,,PERSON,,Thomas Mayall,------------------------ Captaine Henry Meole Philip Mutes__-.------- [[Thomas Mayall]]_______ Humfrey Marret_____- Taruis Mundz___....-- Robert Mildmay-----,model_person:unresolved,,V03-P0338-N00629-00642,629,642
23,V03-P0338,,,,,PERSON_CANDIDATE,,Humfrey Marret_____- Taruis Mundz___....,--- Captaine Henry Meole Philip Mutes__-.------- Thomas Mayall_______ [[Humfrey Marret_____- Taruis Mundz___....]]-- Robert Mildmay------ [41] William Millet .._- Richard Morer__.-----,model_person:unresolved,,V03-P0338-N00650-00690,650,690
23,V03-P0338,,,,,PERSON_CANDIDATE,,Robert,----- Thomas Mayall_______ Humfrey Marret_____- Taruis Mundz___....-- [[Robert]] Mildmay------ [41] William Millet .._- Richard Morer__.----- Tohn Mil,model_person:unresolved,,V03-P0338-N00693-00699,693,699
23,V03-P0338,person,,,,PERSON,,William Millet,Humfrey Marret_____- Taruis Mundz___....-- Robert Mildmay------ [41] [[William Millet]] .._- Richard Morer__.----- Tohn Miller____------- Thomas Martin..._..,model_person:unresolved,,V03-P0338-N00719-00733,719,733
23,V03-P0338,person,,,,PERSON,Richard Morer,Richard Morer,- Taruis Mundz___....-- Robert Mildmay------ [41] William Millet .._- [[Richard Morer]]__.----- Tohn Miller____------- Thomas Martin..._.......--..-----.----,ruler_person,Richard Morer,V03-P0338-N00739-00752,739,752
23,V03-P0338,,,,,PERSON_CANDIDATE,,Tohn Miller____-------,- Robert Mildmay------ [41] William Millet .._- Richard Morer__.----- [[Tohn Miller____-------]] Thomas Martin..._.......--..-----.-------.---------------- Tony Md G6,model_person:unresolved,,V03-P0338-N00761-00783,761,783
23,V03-P0338,person,,,,PERSON,,Thomas Martin...,[41] William Millet .._- Richard Morer__.----- Tohn Miller____------- [[Thomas Martin...]]_.......--..-----.-------.---------------- Tony Md G6 GM scene reece e,model_person:unresolved,,V03-P0338-N00784-00800,784,800
23,V03-P0338,,,,,PERSON_CANDIDATE,,Tony Md G6 GM,___------- Thomas Martin..._.......--..-----.-------.---------------- [[Tony Md G6 GM]] scene reece ee ee Francis Middleton__-_--.-..------------------------,model_person:unresolved,,V03-P0338-N00843-00856,843,856
23,V03-P0338,,,,,PERSON_CANDIDATE,,Francis,"...--..-----.-------.---------------- Tony Md G6 GM scene reece ee ee [[Francis]] Middleton__-_--.-..-------------------------------- Dudlie, Lord Nor",model_person:unresolved,,V03-P0338-N00875-00882,875,882
23,V03-P0338,,,,,PERSON_CANDIDATE,,Francis,"--------- Dudlie, Lord North....-.---------------------------------- [[Francis]], Lord Norris Sir Henry Neuill, of Barkshire___ Thomas Nicols...__..-",model_person:unresolved,,V03-P0338-N00995-01002,995,1002
23,V03-P0338,person,,,,PERSON,,Lord Norris,"Dudlie, Lord North....-.---------------------------------- Francis, [[Lord Norris]] Sir Henry Neuill, of Barkshire___ Thomas Nicols...__..------------ _",model_person:unresolved,,V03-P0338-N01004-01015,1004,1015
23,V03-P0338,person,,,,PERSON,,Sir Henry Neuill,"rd North....-.---------------------------------- Francis, Lord Norris [[Sir Henry Neuill]], of Barkshire___ Thomas Nicols...__..------------ _. Christopher Nic",model_person:unresolved,,V03-P0338-N01016-01032,1016,1032
23,V03-P0338,person,,,,PERSON,,Thomas Nicols,"------------- Francis, Lord Norris Sir Henry Neuill, of Barkshire___ [[Thomas Nicols]]...__..------------ _. Christopher Nicols._..----.--------------------",model_person:unresolved,,V03-P0338-N01051-01064,1051,1064
23,V03-P0338,,,,,PERSON_CANDIDATE,,Christopher,"ir Henry Neuill, of Barkshire___ Thomas Nicols...__..------------ _. [[Christopher]] Nicols._..----.-------------------------------- Willian NIGGIS 6 ec e",model_person:unresolved,,V03-P0338-N01087-01098,1087,1098
23,V03-P0338,,,,,PERSON_CANDIDATE,,George Newce__....,----------------------------- Willian NIGGIS 6 ec ese rere nw eee aes [[George Newce__....]]-- _ Toseph Newberow Christopher Newgate Tene DS ONO... 2-anewcnereeu,model_person:unresolved,,V03-P0338-N01187-01205,1187,1205
23,V03-P0338,person,,,,PERSON,,Toseph Newberow,----- Willian NIGGIS 6 ec ese rere nw eee aes George Newce__....-- _ [[Toseph Newberow]] Christopher Newgate Tene DS ONO... 2-anewcnereeumeneeueeuseeeeee eeee,model_person:unresolved,,V03-P0338-N01211-01226,1211,1226
23,V03-P0338,person,,,,PERSON,,Christopher Newgate,GGIS 6 ec ese rere nw eee aes George Newce__....-- _ Toseph Newberow [[Christopher Newgate]] Tene DS ONO... 2-anewcnereeumeneeueeuseeeeee eeeeee Tonathan Nuttall.,model_person:unresolved,,V03-P0338-N01227-01246,1227,1246
23,V03-P0338,person,,,,PERSON,,Tonathan Nuttall,ristopher Newgate Tene DS ONO... 2-anewcnereeumeneeueeuseeeeee eeeeee [[Tonathan Nuttall]].___ Thomas Norton....-.-..----------------------------------- 10,model_person:unresolved,,V03-P0338-N01299-01315,1299,1315
23,V03-P0338,person,,,,PERSON,,Thomas Norton,e DS ONO... 2-anewcnereeumeneeueeuseeeeee eeeeee Tonathan Nuttall.___ [[Thomas Norton]]....-.-..----------------------------------- 10,model_person:unresolved,,V03-P0338-N01320-01333,1320,1333
24,V04-P0591,,,,,PLACE_CANDIDATE,,Colonies,ng ordering or disposinge of the buisinesses and affaires of the said [[Colonies]] or plantatons or to be done vnto any Adventur- ers or Planters in the,model_GPE,,V04-P0591-N00183-00191,183,191
24,V04-P0591,,,,,PERSON_CANDIDATE,,Acté,nces and plserving peace and vnitie amongst them And to doe all other [[Acté]] and thing¢ whatsoever which to you or fower or more of you shalbe fow,model_person:unresolved,,V04-P0591-N00453-00457,453,457
24,V04-P0591,,,,,PERSON_CANDIDATE,,Wee,the end our said pleasure herein declared may take the better effeete [[Wee]] doe likewise hereby give vuto you or any fower or more of you full po,model_person:unresolved,,V04-P0591-N00825-00828,825,828
24,V04-P0591,place,,,,PLACE,Virginia,Virginia,e bene Clarké or Officers of the severall Companies or Corporacous of [[Virginia]] or the Summer Island@ aud any other pson and psons whatsoever to brin,ruler_place:ambiguous_contextual,NW-001,V04-P0591-N01350-01358,1350,1358
24,V04-P0591,place,,,,PLACE,Bermuda / Somers Islands,Summer Island,Officers of the severall Companies or Corporacous of Virginia or the [[Summer Island]]@ aud any other pson and psons whatsoever to bring and shewe before yo,ruler_place:contextual_alias,NW-020,V04-P0591-N01366-01379,1366,1379
24,V04-P0591,,,,,PERSON_CANDIDATE,,Custodie,other notes or writing whatsoever remayning in their or any of their [[Custodie]] which you or fower or more of you shall thinke fitt to be pduecd wher,model_person:unresolved,,V04-P0591-N01675-01683,1675,1683
24,V04-P0591,,,,,PERSON_CANDIDATE,,Wee,hall thinke it iust and fitt And our further will and pleasure is And [[Wee]] doe hereby charge and comaund vou our said Cofiissioners or foure or,model_person:unresolved,,V04-P0591-N02438-02441,2438,2441
25,V01-P0276,,,,,PERSON_CANDIDATE,,Cashe,ent to Virginiathesame yeare. But touch- ing the present State of the [[Cashe]] his Lo? said he could give them as yet no Account: because the State,model_person:unresolved,,V01-P0276-N00232-00237,232,237
25,V01-P0276,,,,,PLACE_CANDIDATE,,Plate,uld give them as yet no Account: because the State was now already in [[Plate]] w™ required some longer time to be converted into money. S' Edwyn Sa,model_GPE,,V01-P0276-N00326-00331,326,331
25,V01-P0276,person,,,,PERSON,Edwin Sandys,Edwyn Sandys,in Plate w™ required some longer time to be converted into money. S' [[Edwyn Sandys]] signified vnto the Company that whereas to their great care and Cost,ruler_person,Edwin Sandys,V01-P0276-N00393-00405,393,405
25,V01-P0276,,,,,PERSON_CANDIDATE,,Iron work@,""": they had heretofore given direc- éon for the setting vp of certain [[Iron work@]] in Virginia and to that end peured skillfull workemen for making of I",model_person:unresolved,,V01-P0276-N00561-00571,561,571
25,V01-P0276,place,,,,PLACE,Virginia,Virginia,retofore given direc- éon for the setting vp of certain Iron work@ in [[Virginia]] and to that end peured skillfull workemen for making of Iron they had,ruler_place:ambiguous_contextual,NW-001,V01-P0276-N00575-00583,575,583
25,V01-P0276,person,,,,PERSON,John Berkeley,m’ John Berkly,"ke, and now it was their good happ to light vpon a fourth gent (named [[m’ John Berkly]] who in the iudgement of those that knewe him well was helld to be ver",ruler_person,John Berkeley,V01-P0276-N01026-01040,1026,1040
25,V01-P0276,,,,,PLACE_CANDIDATE,,Sonne,"d treate * * * and conclude w™ the said m’ Berkly and likewise w"" his [[Sonne]] being desirous to goe over w"" his said father touching their demaunde",model_GPE,,V01-P0276-N01449-01454,1449,1454
25,V01-P0276,person,,,,PERSON,John Smith,John Smith,"f the said service. The Comittees were these, S': Nicho: Tufton. m’ [[John Smith]]. S': lohn Dauers. m’ Wrote. S': Henry Rainsford. m’ John fferrar. S'",ruler_person,John Smith,V01-P0276-N01612-01622,1612,1622
25,V01-P0276,,,,,PERSON_CANDIDATE,,Dauers,"The Comittees were these, S': Nicho: Tufton. m’ John Smith. S': lohn [[Dauers]]. m’ Wrote. S': Henry Rainsford. m’ John fferrar. S': ffra: Wyate. m’",model_person:unresolved,,V01-P0276-N01633-01639,1633,1639
25,V01-P0276,person,,,,PERSON,Samuel Wrote,m’ Wrote,"ttees were these, S': Nicho: Tufton. m’ John Smith. S': lohn Dauers. [[m’ Wrote]]. S': Henry Rainsford. m’ John fferrar. S': ffra: Wyate. m’ Nicho: ff",ruler_person,Samuel Wrote,V01-P0276-N01641-01649,1641,1649
25,V01-P0276,person,,,,PERSON,Henry Rainsford,Henry Rainsford,"e, S': Nicho: Tufton. m’ John Smith. S': lohn Dauers. m’ Wrote. S': [[Henry Rainsford]]. m’ John fferrar. S': ffra: Wyate. m’ Nicho: fferrar. Capt W™: Newce.",ruler_person,Henry Rainsford,V01-P0276-N01656-01671,1656,1671
25,V01-P0276,person,,,,PERSON,John Ferrar,John fferrar,n. m’ John Smith. S': lohn Dauers. m’ Wrote. S': Henry Rainsford. m’ [[John fferrar]]. S': ffra: Wyate. m’ Nicho: fferrar. Capt W™: Newce. m' Berblocke. M,ruler_person,John Ferrar,V01-P0276-N01676-01688,1676,1688
25,V01-P0276,person,,,partial: should be 'm’ Nicho: fferrar',PERSON,,m’ Nicho,rs. m’ Wrote. S': Henry Rainsford. m’ John fferrar. S': ffra: Wyate. [[m’ Nicho]]: fferrar. Capt W™: Newce. m' Berblocke. M': Norwood being recomended,model_person:unresolved,,V01-P0276-N01707-01715,1707,1715
25,V01-P0276,person,,,,PERSON,,Captain Tucker,errar. Capt W™: Newce. m' Berblocke. M': Norwood being recomended by [[Captain Tucker]] for his sufficiency in surveying of land€ and one desirous to goe ove,model_person:unresolved,,V01-P0276-N01789-01803,1789,1803
25,V01-P0276,place,,,,PLACE,Virginia,Virginia,"his sufficiency in surveying of land€ and one desirous to goe over to [[Virginia]], vpon that was now chosen for that place and referred to the former C",ruler_place:ambiguous_contextual,NW-001,V01-P0276-N01878-01886,1878,1886
26,V02-P0458,,,,,PERSON_CANDIDATE,,CouRTE,"JUNE 23, 1683 PREPARATIVE [[CouRTE]] 237"" Iunis 1623. PRESENT Lo: Cauendish. S' E?: Sackvill. S' Robert",model_person:unresolved,,V02-P0458-N00027-00033,27,33
26,V02-P0458,,,,,PLACE_CANDIDATE,,Sackvill,"PREPARATIVE CouRTE 237"" Iunis 1623. PRESENT Lo: Cauendish. S' E?: [[Sackvill]]. S' Robert Killigrew. S* Iohn Dauers. m’ Deputy. m* Widdowes. m' Cop",model_FAC,,V02-P0458-N00083-00091,83,91
26,V02-P0458,person,,,,PERSON,Robert Killigrew,Robert Killigrew,"CouRTE 237"" Iunis 1623. PRESENT Lo: Cauendish. S' E?: Sackvill. S' [[Robert Killigrew]]. S* Iohn Dauers. m’ Deputy. m* Widdowes. m' Copeland. mm’ Baldwin.",ruler_person,Robert Killigrew,V02-P0458-N00096-00112,96,112
26,V02-P0458,person,,,,PERSON,John Danvers,Iohn Dauers,23. PRESENT Lo: Cauendish. S' E?: Sackvill. S' Robert Killigrew. S* [[Iohn Dauers]]. m’ Deputy. m* Widdowes. m' Copeland. mm’ Baldwin. mn’ Jo: fferrar.,ruler_person,John Danvers,V02-P0458-N00117-00128,117,128
26,V02-P0458,,,,,PERSON_CANDIDATE,,mm,bert Killigrew. S* Iohn Dauers. m’ Deputy. m* Widdowes. m' Copeland. [[mm]]’ Baldwin. mn’ Jo: fferrar. m* Jadwin. m* Boothby. mm’ ffotheringall.,model_person:unresolved,,V02-P0458-N00168-00170,168,170
26,V02-P0458,,,,,PERSON_CANDIDATE,,Baldwin,Killigrew. S* Iohn Dauers. m’ Deputy. m* Widdowes. m' Copeland. mm’ [[Baldwin]]. mn’ Jo: fferrar. m* Jadwin. m* Boothby. mm’ ffotheringall. m’ T*’ S,model_person:unresolved,,V02-P0458-N00172-00179,172,179
26,V02-P0458,,,,,PERSON_CANDIDATE,,Jo,Iohn Dauers. m’ Deputy. m* Widdowes. m' Copeland. mm’ Baldwin. mn’ [[Jo]]: fferrar. m* Jadwin. m* Boothby. mm’ ffotheringall. m’ T*’ Sheppard.,model_person:unresolved,,V02-P0458-N00186-00188,186,188
26,V02-P0458,,,,,PLACE_CANDIDATE,,Boothby,* Widdowes. m' Copeland. mm’ Baldwin. mn’ Jo: fferrar. m* Jadwin. m* [[Boothby]]. mm’ ffotheringall. m’ T*’ Sheppard. m™ Moorer. m* Whitley. m’ Dey.,model_GPE,,V02-P0458-N00213-00220,213,220
26,V02-P0458,,,,,PERSON_CANDIDATE,,mm,s. m' Copeland. mm’ Baldwin. mn’ Jo: fferrar. m* Jadwin. m* Boothby. [[mm]]’ ffotheringall. m’ T*’ Sheppard. m™ Moorer. m* Whitley. m’ Dey. m’ B,model_person:unresolved,,V02-P0458-N00222-00224,222,224
26,V02-P0458,,,,,PERSON_CANDIDATE,,Moorer,ferrar. m* Jadwin. m* Boothby. mm’ ffotheringall. m’ T*’ Sheppard. m™ [[Moorer]]. m* Whitley. m’ Dey. m’ Barbor. Cap‘ Bargraue. m'‘ Sheldon. m* Rober,model_person:unresolved,,V02-P0458-N00261-00267,261,267
26,V02-P0458,,,,,PERSON_CANDIDATE,,* Whitley,* Jadwin. m* Boothby. mm’ ffotheringall. m’ T*’ Sheppard. m™ Moorer. m[[* Whitley]]. m’ Dey. m’ Barbor. Cap‘ Bargraue. m'‘ Sheldon. m* Roberte. m* With,model_person:unresolved,,V02-P0458-N00270-00279,270,279
26,V02-P0458,person,,,,PERSON,,m’ Dey,* Boothby. mm’ ffotheringall. m’ T*’ Sheppard. m™ Moorer. m* Whitley. [[m’ Dey]]. m’ Barbor. Cap‘ Bargraue. m'‘ Sheldon. m* Roberte. m* Withers. m*,model_person:unresolved,,V02-P0458-N00281-00287,281,287
26,V02-P0458,person,,,,PERSON,Gabriel Barber,m’ Barbor,. mm’ ffotheringall. m’ T*’ Sheppard. m™ Moorer. m* Whitley. m’ Dey. [[m’ Barbor]]. Cap‘ Bargraue. m'‘ Sheldon. m* Roberte. m* Withers. m* Waller. m’ E,ruler_person,Gabriel Barber,V02-P0458-N00290-00299,290,299
26,V02-P0458,,,,,PERSON_CANDIDATE,,Cap,eringall. m’ T*’ Sheppard. m™ Moorer. m* Whitley. m’ Dey. m’ Barbor. [[Cap]]‘ Bargraue. m'‘ Sheldon. m* Roberte. m* Withers. m* Waller. m’ Ewens.,model_person:unresolved,,V02-P0458-N00301-00304,301,304
26,V02-P0458,,,,,PERSON_CANDIDATE,,* Roberte,Moorer. m* Whitley. m’ Dey. m’ Barbor. Cap‘ Bargraue. m'‘ Sheldon. m[[* Roberte]]. m* Withers. m* Waller. m’ Ewens. m’ Cajiinge. m’ Ro: Edwards. m’ B,model_person:unresolved,,V02-P0458-N00330-00339,330,339
26,V02-P0458,,,,,PERSON_CANDIDATE,,* Waller,ey. m’ Barbor. Cap‘ Bargraue. m'‘ Sheldon. m* Roberte. m* Withers. m[[* Waller]]. m’ Ewens. m’ Cajiinge. m’ Ro: Edwards. m’ Baynham. wm’ Collett. m*,model_person:unresolved,,V02-P0458-N00355-00363,355,363
26,V02-P0458,person,,,,PERSON,,m’ Baynham,erte. m* Withers. m* Waller. m’ Ewens. m’ Cajiinge. m’ Ro: Edwards. [[m’ Baynham]]. wm’ Collett. m* Webb. m’* More. m’‘ Barker. m'‘ Geo: Smith. m' Meue,model_person:unresolved,,V02-P0458-N00405-00415,405,415
26,V02-P0458,,,,,PERSON_CANDIDATE,,Collett,s. m* Waller. m’ Ewens. m’ Cajiinge. m’ Ro: Edwards. m’ Baynham. wm’ [[Collett]]. m* Webb. m’* More. m’‘ Barker. m'‘ Geo: Smith. m' Meuerell. m’ Nic,model_person:unresolved,,V02-P0458-N00421-00428,421,428
26,V02-P0458,,,,,PERSON_CANDIDATE,,* Webb,er. m’ Ewens. m’ Cajiinge. m’ Ro: Edwards. m’ Baynham. wm’ Collett. m[[* Webb]]. m’* More. m’‘ Barker. m'‘ Geo: Smith. m' Meuerell. m’ Nicholls. m',model_person:unresolved,,V02-P0458-N00431-00437,431,437
26,V02-P0458,person,,,,PERSON,,m' Meuerell,Baynham. wm’ Collett. m* Webb. m’* More. m’‘ Barker. m'‘ Geo: Smith. [[m' Meuerell]]. m’ Nicholls. m' Sparrow.[324] M’ Deputie acquainted the Company of,model_person:unresolved,,V02-P0458-N00478-00489,478,489
27,V03-P0241,,,,,PERSON_CANDIDATE,,L. Soumy L. W. 8,all parties any wayes interessed in these differences particularly my [[L. Soumy L. W. 8]]° T. 8. S$ Ed. 8. 8 'T. Ro: 8 N. R. &e shall at some Church in London,model_person:unresolved,,V03-P0241-N00145-00161,145,161
27,V03-P0241,,,,,PERSON_CANDIDATE,,S$ Ed,teressed in these differences particularly my L. Soumy L. W. 8° T. 8. [[S$ Ed]]. 8. 8 'T. Ro: 8 N. R. &e shall at some Church in London receaue y* Co,model_person:unresolved,,V03-P0241-N00169-00174,169,174
27,V03-P0241,,,,,PERSON,,T. Ro,hese differences particularly my L. Soumy L. W. 8° T. 8. S$ Ed. 8. 8 '[[T. Ro]]: 8 N. R. &e shall at some Church in London receaue y* Communion toget,model_person:unresolved,,V03-P0241-N00182-00187,182,187
27,V03-P0241,place,,,,PLACE,London,London,L. W. 8° T. 8. S$ Ed. 8. 8 'T. Ro: 8 N. R. &e shall at some Church in [[London]] receaue y* Communion together in confirmaéon of y* mutuall accords.,ruler_place:ambiguous_contextual,OW-001,V03-P0241-N00224-00230,224,230
27,V03-P0241,place,,,,PLACE,Virginia,Virginia,er in confirmaéon of y* mutuall accords. {Indorsed in a later hand:] [[Virginia]] Virginia Papers. XCII. “A VALUATION OF THE COMMODITIES GROWING AND T,ruler_place:ambiguous_contextual,NW-001,V03-P0241-N00328-00336,328,336
27,V03-P0241,place,,,,PLACE,Virginia,Virginia,firmaéon of y* mutuall accords. {Indorsed in a later hand:] Virginia [[Virginia]] Papers. XCII. “A VALUATION OF THE COMMODITIES GROWING AND TO BE HAD,ruler_place:ambiguous_contextual,NW-001,V03-P0241-N00337-00345,337,345
27,V03-P0241,,,,,PERSON_CANDIDATE,,XCII,uall accords. {Indorsed in a later hand:] Virginia Virginia Papers. [[XCII]]. “A VALUATION OF THE COMMODITIES GROWING AND TO BE HAD IN VIRGINIA”,model_person:unresolved,,V03-P0241-N00355-00359,355,359
27,V03-P0241,place,,,,PLACE,Virginia,VIRGINIA,"pers. XCII. “A VALUATION OF THE COMMODITIES GROWING AND TO BE HAD IN [[VIRGINIA]]” 1620 C. 0. 1, Vol. I, No, 24 (MSS.) Document in Public Record Offi",ruler_place:ambiguous_contextual,NW-001,V03-P0241-N00418-00426,418,426
27,V03-P0241,place,,,,PLACE,Virginia,Virginia,” with the indorsement on the eover: “The Booke of the Commodities of [[Virginia]]” * List of Records No. 151 A valuation of the Commodities growing a,ruler_place:ambiguous_contextual,NW-001,V03-P0241-N00770-00778,770,778
27,V03-P0241,place,,,,PLACE,Virginia,Virginia,ords No. 151 A valuation of the Commodities growing and to be had in [[Virginia]]: rated as they are there worth Iron ten pounds the Tunne. Silke Cod,ruler_place:ambiguous_contextual,NW-001,V03-P0241-N00864-00872,864,872
27,V03-P0241,,,,,PLACE_CANDIDATE,,Tunne,"e had in Virginia: rated as they are there worth Iron ten pounds the [[Tunne]]. Silke Coddes, two shillings sixepence the pound. Raw Silke, thirte",model_GPE,,V03-P0241-N00925-00930,925,930
27,V03-P0241,,,,,PERSON,,Silke Coddes,"Virginia: rated as they are there worth Iron ten pounds the Tunne. [[Silke Coddes]], two shillings sixepence the pound. Raw Silke, thirteene shillings f",model_person:unresolved,,V03-P0241-N00933-00945,933,945
27,V03-P0241,,,,,PERSON_CANDIDATE,,Hempe,"a farre greater rate, whereof there can neuer bee too much planted. [[Hempe]], from ten shillings, to two and twenty shillings the hundred. Flaxe,",model_person:unresolved,,V03-P0241-N01228-01233,1228,1233
27,V03-P0241,,,,,PERSON_CANDIDATE,,Cotton,"e, from twenty shillings, to foure and twenty shillings the hundred. [[Cotton]] wooll, eyght pence the pound. Hard Pitch, sixe shillings the hundred",model_person:unresolved,,V03-P0241-N01436-01442,1436,1442
27,V03-P0241,,,,,PERSON_CANDIDATE,,Tarre,"oll, eyght pence the pound. Hard Pitch, sixe shillings the hundred. [[Tarre]], fiue shillings the hundred. Turpentine, twelue shillings the hundre",model_person:unresolved,,V03-P0241-N01515-01520,1515,1520
27,V03-P0241,,,,,PERSON_CANDIDATE,,Rozen,"ue shillings the hundred. Turpentine, twelue shillings the hundred. [[Rozen]], fiue shillings the hundred. Madder Crop, forty shillings the hundre",model_person:unresolved,,V03-P0241-N01594-01599,1594,1599
27,V03-P0241,,,,,PERSON_CANDIDATE,,fiue,"lings the hundred. Turpentine, twelue shillings the hundred. Rozen, [[fiue]] shillings the hundred. Madder Crop, forty shillings the hundred, cou",model_person:unresolved,,V03-P0241-N01601-01605,1601,1605
27,V03-P0241,,,,,PERSON,,Madder Crop,"e, twelue shillings the hundred. Rozen, fiue shillings the hundred. [[Madder Crop]], forty shillings the hundred, course Madder, fiue and twenty shilling",model_person:unresolved,,V03-P0241-N01630-01641,1630,1641
27,V03-P0241,,,,,PERSON_CANDIDATE,,Madder,"llings the hundred. Madder Crop, forty shillings the hundred, course [[Madder]], fiue and twenty shillings the hundred. Woad, from twelue shillings",model_person:unresolved,,V03-P0241-N01679-01685,1679,1685
27,V03-P0241,,,,,PERSON_CANDIDATE,,Woad,"the hundred, course Madder, fiue and twenty shillings the hundred. [[Woad]], from twelue shillings, to twenty the hundred. 1See also List of Rec",model_person:unresolved,,V03-P0241-N01728-01732,1728,1732
28,V04-P0116,,,,,PERSON_CANDIDATE,,beth,"rtefy y° verity of theyr relations, by ¥ examination & approbation of [[beth]] y? companies in theyr Courtes; wee aun- swere, that it was oncly prop",model_person:unresolved,,V04-P0116-N00281-00285,281,285
28,V04-P0116,,,,,PLACE_CANDIDATE,,Courtes,"lations, by ¥ examination & approbation of beth y? companies in theyr [[Courtes]]; wee aun- swere, that it was oncly propounded, & confirmed in a confu",model_GPE,,V04-P0116-N00308-00315,308,315
28,V04-P0116,,,,,PLACE_CANDIDATE,,Courtes,"re worthy consideration, for that y® ordinary day appoynted for those [[Courtes]], was ouerslipt; and this sodayuly, and extraordinarily ealled, onely",model_GPE,,V04-P0116-N01128-01135,1128,1135
28,V04-P0116,,,,,PERSON_CANDIDATE,,Johimsen,"ble proceed inges of the Companies and terined Associates of Alderman [[Johimsen]]: wee must professc, we know none suche, and therfore require a inore",model_person:unresolved,,V04-P0116-N01528-01536,1528,1536
28,V04-P0116,,,,,PERSON_CANDIDATE,,Selues,"cted, und disclaimed; and this Course is so generally affected by our [[Selues]]; as it is our true desire, that noe priuate man, may euer be sulted i",model_person:unresolved,,V04-P0116-N01753-01759,1753,1759
29,V01-P0366,person,,,,PERSON,,Iohn Crowe,562 RECORDS OF THE VIRGINIA COMPANY To [[Iohn Crowe]] of Newton in the County of Washford in Ireland esquire an Aduenturer,model_person:unresolved,,V01-P0366-N00040-00050,40,50
29,V01-P0366,,,,,PLACE_CANDIDATE,,Newton,562 RECORDS OF THE VIRGINIA COMPANY To Iohn Crowe of [[Newton]] in the County of Washford in Ireland esquire an Aduenturer who vndert,model_GPE,,V01-P0366-N00054-00060,54,60
29,V01-P0366,place,,,,PLACE,County Wexford,County of Washford,562 RECORDS OF THE VIRGINIA COMPANY To Iohn Crowe of Newton in the [[County of Washford]] in Ireland esquire an Aduenturer who vndertak¢ to transport 100 psons,ruler_place:high_confidence_alias,OW-037,V01-P0366-N00068-00086,68,86
29,V01-P0366,place,,,,PLACE,Ireland,Ireland,IRGINIA COMPANY To Iohn Crowe of Newton in the County of Washford in [[Ireland]] esquire an Aduenturer who vndertak¢ to transport 100 psons. To Edw:,ruler_place:contextual_alias,OW-016,V01-P0366-N00090-00097,90,97
29,V01-P0366,,,,,PERSON_CANDIDATE,,Leeke Planter vndertak€ x,at€ an Aduenturer vndertakinge to transport 100 psons. To Capt Symon [[Leeke Planter vndertak€ x]]° 100 psons. To Daniell Gookin of Corke in Ireland Planter x° 300 pso,model_person:unresolved,,V01-P0366-N00257-00282,257,282
29,V01-P0366,place,,,,PLACE,Ireland,Ireland,Leeke Planter vndertak€ x° 100 psons. To Daniell Gookin of Corke in [[Ireland]] Planter x° 300 psons. To Edw: Bennett Robert Bennet Richard Bennett.,ruler_place:contextual_alias,OW-016,V01-P0366-N00326-00333,326,333
29,V01-P0366,,,,,PERSON_CANDIDATE,,Bennett Robert Bennet,To Daniell Gookin of Corke in Ireland Planter x° 300 psons. To Edw: [[Bennett Robert Bennet]] Richard Bennett. Thomas Ayres Thomas Wiseman and Richard Wiseman Plan,model_person:unresolved,,V01-P0366-N00365-00386,365,386
29,V01-P0366,person,,,,PERSON,,Richard Bennett,Corke in Ireland Planter x° 300 psons. To Edw: Bennett Robert Bennet [[Richard Bennett]]. Thomas Ayres Thomas Wiseman and Richard Wiseman Planters who vnderta,model_person:unresolved,,V01-P0366-N00387-00402,387,402
29,V01-P0366,person,,,,PERSON,,Thomas Ayres,Planter x° 300 psons. To Edw: Bennett Robert Bennet Richard Bennett. [[Thomas Ayres]] Thomas Wiseman and Richard Wiseman Planters who vndertaketh for 200 p,model_person:unresolved,,V01-P0366-N00404-00416,404,416
29,V01-P0366,person,,,,PERSON,,Thomas Wiseman,0 psons. To Edw: Bennett Robert Bennet Richard Bennett. Thomas Ayres [[Thomas Wiseman]] and Richard Wiseman Planters who vndertaketh for 200 psons. To S* Ch,model_person:unresolved,,V01-P0366-N00417-00431,417,431
29,V01-P0366,person,,,,PERSON,Richard Wiseman,Richard Wiseman,ennett Robert Bennet Richard Bennett. Thomas Ayres Thomas Wiseman and [[Richard Wiseman]] Planters who vndertaketh for 200 psons. To S* Charles North of Wakri,ruler_person,Richard Wiseman,V01-P0366-N00436-00451,436,451
29,V01-P0366,person,,,,PERSON,Charles North,Charles North,an and Richard Wiseman Planters who vndertaketh for 200 psons. To S* [[Charles North]] of Wakringham in the County of Nottingham for 100: To m’ Leninge—100,ruler_person,Charles North,V01-P0366-N00499-00512,499,512
29,V01-P0366,place,,,,PLACE,Nottinghamshire,County of Nottingham,vndertaketh for 200 psons. To S* Charles North of Wakringham in the [[County of Nottingham]] for 100: To m’ Leninge—100 So that the whole number vndertaken by t,ruler_place:high_confidence_alias,OW-063,V01-P0366-N00534-00554,534,554
29,V01-P0366,place,,,,PLACE,Virginia,Virginia,number vndertaken by the Aduenturers & Planters to be transported to [[Virginia]] comes in all to 1200 psons. All w™ Patenteé beinge put to the questi,ruler_place:ambiguous_contextual,NW-001,V01-P0366-N00671-00679,671,679
29,V01-P0366,place,,,,PLACE,Virginia,Virginia,ified of 4 Comissions appointed for fower m™ of Shipps nowe bound for [[Virginia]] for transportaéon of peo- ple and good@ and after for a ffishinge voy,ruler_place:ambiguous_contextual,NW-001,V01-P0366-N00894-00902,894,902
29,V01-P0366,,,,,PERSON_CANDIDATE,,good@,™ of Shipps nowe bound for Virginia for transportaéon of peo- ple and [[good@]] and after for a ffishinge voyage w™ Commissions were nowe engrossinge,model_person:unresolved,,V01-P0366-N00937-00942,937,942
29,V01-P0366,,,,,PERSON_CANDIDATE,,Huddlestone,proued of by the morning¢ Court vizt The first Comission was to lohn [[Huddlestone]] m’ of the Bona Noua of about 200 Tun. To Tho: Smith m* of the Hopewe,model_person:unresolved,,V01-P0366-N01136-01147,1136,1147
29,V01-P0366,,,,,PERSON_CANDIDATE,,Hopewell,estone m’ of the Bona Noua of about 200 Tun. To Tho: Smith m* of the [[Hopewell]] of 60 tui To Dan: Gate m* of the Darlinge of 40 tun To Capt: Thom I,model_person:unresolved,,V01-P0366-N01211-01219,1211,1219
29,V01-P0366,,,,,PERSON_CANDIDATE,,Dan,oua of about 200 Tun. To Tho: Smith m* of the Hopewell of 60 tui To [[Dan]]: Gate m* of the Darlinge of 40 tun To Capt: Thom Iones m‘ of the Dis,model_person:unresolved,,V01-P0366-N01234-01237,1234,1237
29,V01-P0366,person,,,,PERSON,Robert Heath,Robert Heath,eas the Companie had graunted a Patent for a pticuler Plantacon to S* [[Robert Heath]] then Recorder of London and to his Associat€ who were not expressely,ruler_person,Robert Heath,V01-P0366-N01487-01499,1487,1499
29,V01-P0366,place,,,,PLACE,London,London,a Patent for a pticuler Plantacon to S* Robert Heath then Recorder of [[London]] and to his Associat€ who were not expressely named that therefore the,ruler_place:ambiguous_contextual,OW-001,V01-P0366-N01517-01523,1517,1523
30,V02-P0414,,,,,PERSON_CANDIDATE,,Creditt,of the new Gouerm* now in Vir- ginia they haue noe cause to give any [[Creditt]] to the said Information; The same in appearance beinge grounded vppo,model_person:unresolved,,V02-P0414-N00308-00315,308,315
30,V02-P0414,place,,,,PLACE,Virginia,Virginia,f some new vutruths they say that ther were never sent aboue 6000: to [[Virginia]] w™ is short 4000 of his informaéon And y* in the first 12 year€ by th,ruler_place:ambiguous_contextual,NW-001,V02-P0414-N00702-00710,702,710
30,V02-P0414,,,,,PERSON_CANDIDATE,,Massacres,here dyed 500 att Sea. They say allso that notwithstandinge the late [[Massacres]] and the great mor- tality w hath since ensued occasioned by the effec,model_person:unresolved,,V02-P0414-N01019-01028,1019,1028
30,V02-P0414,,,,,PERSON_CANDIDATE,,Massacre,mor- tality w hath since ensued occasioned by the effects of the said [[Massacre]] there are yett remayninge alive ef |in|| that Colony |of'| Virginia t,model_person:unresolved,,V02-P0414-N01113-01121,1113,1121
30,V02-P0414,,,,,PERSON_CANDIDATE,,yett,since ensued occasioned by the effects of the said Massacre there are [[yett]] remayninge alive ef |in|| that Colony |of'| Virginia to the nom- ber,model_person:unresolved,,V02-P0414-N01132-01136,1132,1136
30,V02-P0414,place,,,,PLACE,Virginia,Virginia,d Massacre there are yett remayninge alive ef |in|| that Colony |of'| [[Virginia]] to the nom- ber of about 2500 psonns wherof good proofe is to be made,ruler_place:ambiguous_contextual,NW-001,V02-P0414-N01181-01189,1181,1189
30,V02-P0414,,,,,PERSON_CANDIDATE,,wherof,|in|| that Colony |of'| Virginia to the nom- ber of about 2500 psonns [[wherof]] good proofe is to be made and y* y° forsaken Plantatons are againe in,model_person:unresolved,,V02-P0414-N01227-01233,1227,1233
30,V02-P0414,,,,,PERSON_CANDIDATE,,Butt,"le Comodities setting vpp againe accordinge to the orders from hence, [[Butt]] touchinge his last clause of the Confusions and pryvate ends of some",model_person:unresolved,,V02-P0414-N01397-01401,1397,1401
30,V02-P0414,,,,,PERSON_CANDIDATE,,Bookes,"o Dales tre to S' Tho: Smith might be read w™ he had found pvsing the [[Bookes]] by order of y* Court; Wherevpon it was read, being as fol- loweth (vi",model_person:unresolved,,V02-P0414-N01927-01933,1927,1933
30,V02-P0414,,,,,PERSON_CANDIDATE,,Lett,"rder of y* Court; Wherevpon it was read, being as fol- loweth (viz"") [[Lett]] me tell yo"" all at home this one thinge, and I pray remember it, (if",model_person:unresolved,,V02-P0414-N02008-02012,2008,2012
30,V02-P0414,,,,,PERSON_CANDIDATE,,Iosuah,"t gulled with the clamorous reports of base people: beleiue Caleb and [[Iosuah]], if the glory of god 1 Written over the word ‘‘in.’’ Dated Iune 161",model_person:unresolved,,V02-P0414-N02325-02331,2325,2331
30,V02-P0414,,,,,PERSON_CANDIDATE,,Dated Iune 1613,"leb and Iosuah, if the glory of god 1 Written over the word ‘‘in.’’ [[Dated Iune 1613]]. _",model_person:unresolved,,V02-P0414-N02387-02402,2387,2402
31,V03-P0511,place,,,,PLACE,Virginia,Virginia,"UST 24, 1621 499 best skill and knowledge vnto the said Plantaéon in [[Virginia]], und there to land and sett on shore all the said psons good€ and pro",ruler_place:ambiguous_contextual,NW-001,V03-P0511-N00073-00081,73,81
31,V03-P0511,,,,,PERSON_CANDIDATE,,James,l the said psons good€ and prouisions soe shipped and deliuer them at [[James]] [708] Cittie in James Riuer in the Kingedome of Virginia vnto the Gou,model_person:unresolved,,V03-P0511-N00191-00196,191,196
31,V03-P0511,,,,,PERSON_CANDIDATE,,Cittie,sons good€ and prouisions soe shipped and deliuer them at James [708] [[Cittie]] in James Riuer in the Kingedome of Virginia vnto the Gouerno’ and Cou,model_person:unresolved,,V03-P0511-N00203-00209,203,209
31,V03-P0511,place,,,,PLACE,James River,James Riuer,and prouisions soe shipped and deliuer them at James [708] Cittie in [[James Riuer]] in the Kingedome of Virginia vnto the Gouerno’ and Counsell of State,ruler_place:high_confidence_alias,NW-004,V03-P0511-N00213-00224,213,224
31,V03-P0511,place,,,,PLACE,Virginia,Virginia,deliuer them at James [708] Cittie in James Riuer in the Kingedome of [[Virginia]] vnto the Gouerno’ and Counsell of State residing there: Straightly ch,ruler_place:ambiguous_contextual,NW-001,V03-P0511-N00245-00253,245,253
31,V03-P0511,person,,,,PERSON,Arthur Guy,Captain Arthur Guy,tate residing there: Straightly charginge and comanding them the said [[Captain Arthur Guy]] and Nicho: Norburne to sett sayle from England with the first oppertu,ruler_person,Arthur Guy,V03-P0511-N00359-00377,359,377
31,V03-P0511,,,,,PERSON_CANDIDATE,,Nicho,raightly charginge and comanding them the said Captain Arthur Guy and [[Nicho]]: Norburne to sett sayle from England with the first oppertunity of 44,model_person:unresolved,,V03-P0511-N00382-00387,382,387
31,V03-P0511,place,,,,PLACE,England,England,em the said Captain Arthur Guy and Nicho: Norburne to sett sayle from [[England]] with the first oppertunity of 44¢de Wynd and weather after the receip,ruler_place:ambiguous_contextual,OW-011,V03-P0511-N00417-00424,417,424
31,V03-P0511,,,,,PERSON_CANDIDATE,,Wynd,rburne to sett sayle from England with the first oppertunity of 44¢de [[Wynd]] and weather after the receipte of the good¢ and prouisions and to mak,model_person:unresolved,,V03-P0511-N00461-00465,461,465
31,V03-P0511,,,,,PERSON_CANDIDATE,,Shippinge,ssible speede they may to the porte intended and not to interrupt any [[Shippinge]] of the Subieet¢ of any his Ma‘ freind@ or Allies or any other whomsoe,model_person:unresolved,,V03-P0511-N00613-00622,613,622
31,V03-P0511,,,,,PERSON_CANDIDATE,,Warre,ir said voyage: but if they shalbe chased or encountred by any man of [[Warre]] or other Sayle whatsoeuer that shall goe aboute to hinder their proce,model_person:unresolved,,V03-P0511-N00777-00782,777,782
31,V03-P0511,,,,,PERSON_CANDIDATE,,Sayle,but if they shalbe chased or encountred by any man of Warre or other [[Sayle]] whatsoeuer that shall goe aboute to hinder their proceedinge or doe t,model_person:unresolved,,V03-P0511-N00792-00797,792,797
31,V03-P0511,,,,,PERSON_CANDIDATE,,Plantaéon,"ardé as in all 0"" Harbo™ and Riuers members of the Territories of our [[Plantaéon]]: And this our Com- ission shalbe their sufficient warr’ herein. In Wi",model_person:unresolved,,V03-P0511-N01168-01177,1168,1177
31,V03-P0511,,,,,PLACE_CANDIDATE,,Wittnesse,on: And this our Com- ission shalbe their sufficient warr’ herein. In [[Wittnesse]] whereof the said Freasure™ and Companie wee haue herevnto caused the,model_GPE,,V03-P0511-N01245-01254,1245,1254
31,V03-P0511,place,,,,PLACE,Scotland,Scotland,yeare of the Kinge Ma** raigne of England ffraunce and Ireland and of [[Scotland]] the fiue and fiftith. CLXXXVIII. Treasurer anp Company or Virernta.,ruler_place:contextual_alias,OW-015,V03-P0511-N01515-01523,1515,1523
31,V03-P0511,,,,,PERSON_CANDIDATE,,Caprain ArtTHuR Guy,"ftith. CLXXXVIII. Treasurer anp Company or Virernta. COVENANT to pay [[Caprain ArtTHuR Guy]], Ropert JoAKLEY, AND JOHN PACKESALL Aucust 24, 1621 Additional Manus",model_person:unresolved,,V03-P0511-N01609-01628,1609,1628
31,V03-P0511,person,,,,PERSON,,Ropert JoAKLEY,"easurer anp Company or Virernta. COVENANT to pay Caprain ArtTHuR Guy, [[Ropert JoAKLEY]], AND JOHN PACKESALL Aucust 24, 1621 Additional Manuscripts, 14285, F",model_person:unresolved,,V03-P0511-N01630-01644,1630,1644
31,V03-P0511,place,,,,PLACE,London,Cittie of Loudon,"come, the Treasuror and Com- panie of Aduenturo™ and Planters of the [[Cittie of Loudon]] for the first Colony in Virginia send greetinge: Whereas wee the sai",ruler_place:ambiguous_contextual,OW-001,V03-P0511-N01899-01915,1899,1915
31,V03-P0511,place,,,,PLACE,Virginia,Virginia,enturo™ and Planters of the Cittie of Loudon for the first Colony in [[Virginia]] send greetinge: Whereas wee the said Treasuro' and Companie for Virg,ruler_place:ambiguous_contextual,NW-001,V03-P0511-N01941-01949,1941,1949
31,V03-P0511,,,,,PERSON_CANDIDATE,,Treasuro,or the first Colony in Virginia send greetinge: Whereas wee the said [[Treasuro]]' and Companie for Virginia for the better supporte and advancement o,model_person:unresolved,,V03-P0511-N01987-01995,1987,1995
31,V03-P0511,place,,,,PLACE,Virginia,Virginia,inia send greetinge: Whereas wee the said Treasuro' and Companie for [[Virginia]] for the better supporte and advancement of that Plantaéon haue fraig,ruler_place:ambiguous_contextual,NW-001,V03-P0511-N02015-02023,2015,2023
31,V03-P0511,,,,,PERSON_CANDIDATE,,Plantaéon,ompanie for Virginia for the better supporte and advancement of that [[Plantaéon]] haue fraighted the good shipp called the Warwicke of London of the b,model_person:unresolved,,V03-P0511-N02073-02082,2073,2082
31,V03-P0511,,,,,PLACE_CANDIDATE,,the Warwicke of,d advancement of that Plantaéon haue fraighted the good shipp called [[the Warwicke of]] London of the burden of 468 180 tuiie or thereabout¢ to carric to Vi,model_FAC,,V03-P0511-N02120-02135,2120,2135
31,V03-P0511,place,,,,PLACE,London,London,that Plantaéon haue fraighted the good shipp called the Warwicke of [[London]] of the burden of 468 180 tuiie or thereabout¢ to carric to Virginia,ruler_place:ambiguous_contextual,OW-001,V03-P0511-N02136-02142,2136,2142
31,V03-P0511,place,,,,PLACE,Virginia,Virginia,of London of the burden of 468 180 tuiie or thereabout¢ to carric to [[Virginia]] the,ruler_place:ambiguous_contextual,NW-001,V03-P0511-N02203-02211,2203,2211
32,V04-P0176,,,,,PLACE_CANDIDATE,,Ballatinge Boxe,174 RECORDS OF THE VIRGINIA COMPANY Smyth should bringe in a [[Ballatinge Boxe]] thereby to hid[e] keep p’serue yndiscoucred those partyes he had plpa,model_LOC,,V04-P0176-N00062-00077,62,77
32,V04-P0176,,,,,PERSON_CANDIDATE,,Yett,"ite for soe great §a§ busines as him- selfe Confessed in open Court, [[Yett]] notwthstandinge, the -ketien §planta- He found 8000%Gon§ hath perish",model_person:unresolved,,V04-P0176-N00630-00634,630,634
32,V04-P0176,,,,,PERSON_CANDIDATE,,bene§,"the Company by his and the two deputies hands and much Meanes, hath $[[bene§]] brought into great dchte wthout any apparant meanes, money due toto d",model_person:unresolved,,V04-P0176-N00867-00872,867,872
32,V04-P0176,,,,,PERSON_CANDIDATE,,JoHNSON,"plantaéon is growen to disorder and Confusion CCCXLVIIT,. [AvpErmMan [[JoHNSON]]?] Parts or Drarts oF A STATEMENT TOUCHING THE MIsERABLE CoNnpition or",model_person:unresolved,,V04-P0176-N01171-01178,1171,1178
32,V04-P0176,place,,,,PLACE,Virginia,Virarnta,"Parts or Drarts oF A STATEMENT TOUCHING THE MIsERABLE CoNnpition orf [[Virarnta]] ! May or June (arrer May 9), 1628 Manchester Papers, Nos. 348, 347",ruler_place:ambiguous_contextual,NW-001,V04-P0176-N01250-01258,1250,1258
32,V04-P0176,,,,,PERSON_CANDIDATE,,Sof,eat niultitudes of people to Virg. wthout suflicien{t] of hex pvision [[Sof]] victualls to feed them or§ of houses to enter- taine them at their ar,model_person:unresolved,,V04-P0176-N01560-01563,1560,1563
32,V04-P0176,,,,,PERSON_CANDIDATE,,Paragraphs 1,"referred to in the commentary, or supporting references, of No, 342. [[Paragraphs 1]], 2, 3 of the doeument, on which No. 342 comments, have not been found",model_person:unresolved,,V04-P0176-N02304-02316,2304,2316
33,V01-P0053,place,,,,PLACE,Virginia,VIRGINIA,"BER 15, 1619 261 NOUEMBER THE 15"" 1619 A PREPARATIUE COURT HELD FOR [[VIRGINIA]] AT M® ffERRARS HOWSE IN S’ SytTHES LANE. PRESENT The Lo: of Southamp",ruler_place:ambiguous_contextual,NW-001,V01-P0053-N00075-00083,75,83
33,V01-P0053,person,,,,PERSON,Henry Wriothesley,Lo: of Southampton,LD FOR VIRGINIA AT M® ffERRARS HOWSE IN S’ SytTHES LANE. PRESENT The [[Lo: of Southampton]]. The Right Hono™; The Lo: Cauendish. The Lo: Pagett. m’ Treasuror. m,ruler_person,Henry Wriothesley,V01-P0053-N00138-00156,138,156
33,V01-P0053,,,,,PERSON_CANDIDATE,,Pagett,The Lo: of Southampton. The Right Hono™; The Lo: Cauendish. The Lo: [[Pagett]]. m’ Treasuror. m' D' Winstone. m’ Swinhowe. S' Tho: Roe. Capt: S. Ar,model_person:unresolved,,V01-P0053-N00202-00208,202,208
33,V01-P0053,person,,,,PERSON,Thomas Winston,m' D' Winstone,n. The Right Hono™; The Lo: Cauendish. The Lo: Pagett. m’ Treasuror. [[m' D' Winstone]]. m’ Swinhowe. S' Tho: Roe. Capt: S. Argoll. m* Wiseman. S' Io: Dauers,ruler_person,Thomas Winston,V01-P0053-N00225-00239,225,239
33,V01-P0053,,,,,PLACE_CANDIDATE,,Swinhowe,The Lo: Cauendish. The Lo: Pagett. m’ Treasuror. m' D' Winstone. m’ [[Swinhowe]]. S' Tho: Roe. Capt: S. Argoll. m* Wiseman. S' Io: Dauers. Capt Bargra,model_GPE,,V01-P0053-N00244-00252,244,252
33,V01-P0053,person,,,,PERSON,Samuel Argall,S. Argoll,agett. m’ Treasuror. m' D' Winstone. m’ Swinhowe. S' Tho: Roe. Capt: [[S. Argoll]]. m* Wiseman. S' Io: Dauers. Capt Bargraue m* Couell. S' Tho: Wroth.,ruler_person,Samuel Argall,V01-P0053-N00273-00282,273,282
33,V01-P0053,,,,,PERSON_CANDIDATE,,* Wiseman,reasuror. m' D' Winstone. m’ Swinhowe. S' Tho: Roe. Capt: S. Argoll. m[[* Wiseman]]. S' Io: Dauers. Capt Bargraue m* Couell. S' Tho: Wroth. m’ Ruggell.,model_person:unresolved,,V01-P0053-N00285-00294,285,294
33,V01-P0053,,,,,PERSON_CANDIDATE,,Rainsford,Capt Bargraue m* Couell. S' Tho: Wroth. m’ Ruggell. m' Cranmer. S'H: [[Rainsford]]. m’ Aug: Steward. m’ Berblock. S' Nath: Rich. m' Shepherd. m’ Smith.,model_person:unresolved,,V01-P0053-N00381-00390,381,390
33,V01-P0053,,,,,PERSON_CANDIDATE,,Steward,uell. S' Tho: Wroth. m’ Ruggell. m' Cranmer. S'H: Rainsford. m’ Aug: [[Steward]]. m’ Berblock. S' Nath: Rich. m' Shepherd. m’ Smith. S' Io: Wolstenho,model_person:unresolved,,V01-P0053-N00400-00407,400,407
33,V01-P0053,person,,,,PERSON,,m’ Smith,Rainsford. m’ Aug: Steward. m’ Berblock. S' Nath: Rich. m' Shepherd. [[m’ Smith]]. S' Io: Wolstenholme. m' Bamford. m*™ Chambers. S* Anth: Aucher. m',model_person:excluded,,V01-P0053-N00450-00458,450,458
33,V01-P0053,person,,,,PERSON,John Wolstenholme,Io: Wolstenholme,Aug: Steward. m’ Berblock. S' Nath: Rich. m' Shepherd. m’ Smith. S' [[Io: Wolstenholme]]. m' Bamford. m*™ Chambers. S* Anth: Aucher. m' Keightley. m' Boothby.,ruler_person,John Wolstenholme,V01-P0053-N00464-00480,464,480
33,V01-P0053,person,,,,PERSON,Thomas Keightley,m' Keightley,ith. S' Io: Wolstenholme. m' Bamford. m*™ Chambers. S* Anth: Aucher. [[m' Keightley]]. m' Boothby. S' Ro: Winchfeild. m’ Briggs. m’* Bland. m'* Geo: Sandi,ruler_person,Thomas Keightley,V01-P0053-N00525-00537,525,537
33,V01-P0053,,,,,PLACE_CANDIDATE,,Boothby,tenholme. m' Bamford. m*™ Chambers. S* Anth: Aucher. m' Keightley. m' [[Boothby]]. S' Ro: Winchfeild. m’ Briggs. m’* Bland. m'* Geo: Sandis. m' Meuere,model_GPE,,V01-P0053-N00542-00549,542,549
33,V01-P0053,,,,,PERSON_CANDIDATE,,Winchfeild,ford. m*™ Chambers. S* Anth: Aucher. m' Keightley. m' Boothby. S' Ro: [[Winchfeild]]. m’ Briggs. m’* Bland. m'* Geo: Sandis. m' Meuerell. m* Melling. m’,model_person:unresolved,,V01-P0053-N00558-00568,558,568
33,V01-P0053,person,,,,PERSON,,m’ Briggs,ambers. S* Anth: Aucher. m' Keightley. m' Boothby. S' Ro: Winchfeild. [[m’ Briggs]]. m’* Bland. m'* Geo: Sandis. m' Meuerell. m* Melling. m’ lo: fferrar,model_person:unresolved,,V01-P0053-N00570-00579,570,579
33,V01-P0053,person,,,,PERSON,,m' Lewson,Bland. m'* Geo: Sandis. m' Meuerell. m* Melling. m’ lo: fferrar Dpt. [[m' Lewson]]. m* E: Roberts. ete. m’ D™ Anthony. M' Tiers proposicon at the last,model_person:unresolved,,V01-P0053-N00655-00664,655,664
33,V01-P0053,,,,,PERSON_CANDIDATE,,Roberts,Sandis. m' Meuerell. m* Melling. m’ lo: fferrar Dpt. m' Lewson. m* E: [[Roberts]]. ete. m’ D™ Anthony. M' Tiers proposicon at the last Court being now,model_person:unresolved,,V01-P0053-N00672-00679,672,679
33,V01-P0053,,,,,PERSON_CANDIDATE,,Anthony,m* Melling. m’ lo: fferrar Dpt. m' Lewson. m* E: Roberts. ete. m’ D™ [[Anthony]]. M' Tiers proposicon at the last Court being now read and consid - e,model_person:unresolved,,V01-P0053-N00692-00699,692,699
33,V01-P0053,person,,,,PERSON,John Wolstenholme,Iohn Wolstenholme,"proposicon at the last Court being now read and consid - ered of, S’ [[Iohn Wolstenholme]] intimated, that for his part [40] he liked them very well, but w'""all",ruler_person,John Wolstenholme,V01-P0053-N00780-00797,780,797
33,V01-P0053,place,,,,PLACE,Southampton,Southampton,"at these Proposi- éons had beene formerly proposed to the Counsell at [[Southampton]] howse, where they were generally approued to be beneficiall and",ruler_place:ambiguous_contextual,OW-008,V01-P0053-N01289-01300,1289,1300
34,V02-P0299,,,,,PERSON_CANDIDATE,,Skill,"deale indifferently and faithfully accordinge to their iundgment¢ and [[Skill]]. It was by some also moued that the Sorters might not be Buyers, bec",model_person:unresolved,,V02-P0299-N00882-00887,882,887
34,V02-P0299,,,,,PERSON_CANDIDATE,,Peityworthes,"t not be Buyers, because it was said, they might therby sett out good [[Peityworthes]] for themselues to the preiudice of the Stocke, but vpon debate it was",model_person:unresolved,,V02-P0299-N01007-01019,1007,1019
34,V02-P0299,,,,,PERSON_CANDIDATE,,debarr,re vsed; But on the other side it would be an ill leadinge example to [[debarr]] any man from beinge a Buyer that would bidd a good price and make goo,model_person:unresolved,,V02-P0299-N01231-01237,1231,1237
34,V02-P0299,,,,,PERSON_CANDIDATE,,Buyer,e it would be an ill leadinge example to debarr any man from beinge a [[Buyer]] that would bidd a good price and make good payment. M’ Roberts moued,model_person:unresolved,,V02-P0299-N01260-01265,1260,1265
34,V02-P0299,person,,,,PERSON,,M’ Roberts,m beinge a Buyer that would bidd a good price and make good payment. [[M’ Roberts]] moued that there might be Three sorters to euery peell to the intent,model_person:excluded,,V02-P0299-N01319-01329,1319,1329
35,V03-P0651,,,,,PERSON_CANDIDATE,,Treasuro,etled or haue by order of Courte made Choise ef thereof: And the said [[Treasuro]]' and Companie doe further graunte vnto the said Planters their heires,model_person:unresolved,,V03-P0651-N00111-00119,111,119
35,V03-P0651,place,,,,PLACE,Virginia,Virginia,ll hereafter transported at their owne propper cost€ and charges into [[Virginia]] [66] before the said feast of S* John Baptist w shalbe in the yeare o,ruler_place:ambiguous_contextual,NW-001,V03-P0651-N00338-00346,338,346
35,V03-P0651,,,,,PERSON_CANDIDATE,,pson soe,o him them or his or their heires and Assignes respectiuely for euery [[pson soe]] transported fiftie acres of lande. To haue and to hold all and singu,model_person:unresolved,,V03-P0651-N00826-00834,826,834
35,V03-P0651,,,,,PERSON_CANDIDATE,,Riuers,s other Mines and Minnerall¢ wood ffishinge ffowlinge hunting@ waters [[Riuers]] and all other profhtt€ comodities and hereditam* whatsoeuer within th,model_person:unresolved,,V03-P0651-N01117-01123,1117,1123
35,V03-P0651,,,,,PERSON_CANDIDATE,,Plantaton,and hereditam* whatsoeuer within the precinct¢ of this their pticular [[Plantaton]] or to the said Landé or any of them in any wise belonginge vnto the s,model_person:unresolved,,V03-P0651-N01228-01237,1228,1237
35,V03-P0651,person,,,,PERSON,John Bonnall,John Bounall,o the said Landé or any of them in any wise belonginge vnto the saide [[John Bounall]] and his said Associate their and euery of their heires and Assignes f,ruler_person,John Bonnall,V03-P0651-N01312-01324,1312,1324
35,V03-P0651,place,,,,PLACE,England,England,the same haue been granted by the Kinge Ma*® vnder the great Seale of [[England]] at any time heretofore vnto the [664] said Treasuro* and Companie and,ruler_place:ambiguous_contextual,OW-011,V03-P0651-N01504-01511,1504,1511
35,V03-P0651,,,,,PERSON_CANDIDATE,,Treasuro,the great Seale of England at any time heretofore vnto the [664] said [[Treasuro]]* and Companie and their successors To be held of our said soueraigne,model_person:unresolved,,V03-P0651-N01555-01563,1555,1563
35,V03-P0651,,,,,PERSON_CANDIDATE,,Kinge,panie and their successors To be held of our said soueraigne Lord the [[Kinge]] his heires and Successors as of his Manno’ of East Greenwich in free,model_person:unresolved,,V03-P0651-N01642-01647,1642,1647
35,V03-P0651,,,,,PERSON_CANDIDATE,,Successors,ssors To be held of our said soueraigne Lord the Kinge his heires and [[Successors]] as of his Manno’ of East Greenwich in free and comon soccage by fealt,model_person:unresolved,,V03-P0651-N01663-01673,1663,1673
35,V03-P0651,place,,,,PLACE,East Greenwich,East Greenwich,ueraigne Lord the Kinge his heires and Successors as of his Manno’ of [[East Greenwich]] in free and comon soccage by fealty onely and not in Capite nor by kn,ruler_place:high_confidence_alias,OW-048,V03-P0651-N01694-01708,1694,1708
35,V03-P0651,,,,,PERSON_CANDIDATE,,Kinge,hts seruice. Yealdinge and payinge vnto our said soueraigne Lord the [[Kinge]] his heires and Successo” for euer one fifte pte of the said Oare of a,model_person:unresolved,,V03-P0651-N01850-01855,1850,1855
35,V03-P0651,,,,,PERSON_CANDIDATE,,Oare,the Kinge his heires and Successo” for euer one fifte pte of the said [[Oare]] of all the Mines of gold and siluer w*t shalbe founde win their owne,model_person:unresolved,,V03-P0651-N01916-01920,1916,1920
35,V03-P0651,,,,,PERSON_CANDIDATE,,Oare,lbe founde win their owne lymitt@ and one other fifte pte of the said [[Oare]] to the said Treasuro’ and Company and their Successors for euery fift,model_person:unresolved,,V03-P0651-N02034-02038,2034,2038
35,V03-P0651,,,,,PERSON_CANDIDATE,,fiftie acres soe,Oare to the said Treasuro’ and Company and their Successors for euery [[fiftie acres soe]] obtained and possessed as aforesaid by the said John Bonnall and his,model_person:unresolved,,V03-P0651-N02104-02120,2104,2120
35,V03-P0651,person,,,,PERSON,John Bonnall,John Bonnall,uery fiftie acres soe obtained and possessed as aforesaid by the said [[John Bonnall]] and his said Associate the yearely rent of twelue pence at the feast,ruler_person,John Bonnall,V03-P0651-N02169-02181,2169,2181
35,V03-P0651,,,,,PERSON,,St Michaell,d his said Associate the yearely rent of twelue pence at the feast of [[St Michaell]] the Archangell vnto the hand¢ of the Rentgatherer of the said Treasur,model_person:unresolved,,V03-P0651-N02254-02265,2254,2265
36,V04-P0369,,,,,PERSON_CANDIDATE,,Nicholas,"which hberties, all and singular, privileges and franchises the same [[Nicholas]] ffarrer, Edwin Sandis, Jolin Dianyers, John flarrer, Thomas Kitelev,",model_person:unresolved,,V04-P0369-N00736-00744,736,744
36,V04-P0369,person,,,,PERSON,Edwin Sandys,Edwin Sandis,"ll and singular, privileges and franchises the same Nicholas ffarrer, [[Edwin Sandis]], Jolin Dianyers, John flarrer, Thomas Kitelev, Thomas Wheatley, Richa",ruler_person,Edwin Sandys,V04-P0369-N00754-00766,754,766
36,V04-P0369,person,,,,PERSON,John Danvers,Jolin Dianyers,"r, privileges and franchises the same Nicholas ffarrer, Edwin Sandis, [[Jolin Dianyers]], John flarrer, Thomas Kitelev, Thomas Wheatley, Richard Caswell, Thom",ruler_person,John Danvers,V04-P0369-N00768-00782,768,782
36,V04-P0369,,,,,PERSON_CANDIDATE,,John flarrer,"d franchises the same Nicholas ffarrer, Edwin Sandis, Jolin Dianyers, [[John flarrer]], Thomas Kitelev, Thomas Wheatley, Richard Caswell, Thomas Shep- heard",model_person:unresolved,,V04-P0369-N00784-00796,784,796
36,V04-P0369,person,,,,PERSON,,Thomas Kitelev,"he same Nicholas ffarrer, Edwin Sandis, Jolin Dianyers, John flarrer, [[Thomas Kitelev]], Thomas Wheatley, Richard Caswell, Thomas Shep- heard, Jolin Cuile, G",model_person:unresolved,,V04-P0369-N00798-00812,798,812
36,V04-P0369,person,,,,PERSON,Thomas Wheatley,Thomas Wheatley,"ffarrer, Edwin Sandis, Jolin Dianyers, John flarrer, Thomas Kitelev, [[Thomas Wheatley]], Richard Caswell, Thomas Shep- heard, Jolin Cuile, Gabriel Barber, Wi",ruler_person,Thomas Wheatley,V04-P0369-N00814-00829,814,829
36,V04-P0369,person,,,,PERSON,Richard Caswell,Richard Caswell,"andis, Jolin Dianyers, John flarrer, Thomas Kitelev, Thomas Wheatley, [[Richard Caswell]], Thomas Shep- heard, Jolin Cuile, Gabriel Barber, William Deereblocke",ruler_person,Richard Caswell,V04-P0369-N00831-00846,831,846
36,V04-P0369,,,,,PERSON_CANDIDATE,,Thomas,"yers, John flarrer, Thomas Kitelev, Thomas Wheatley, Richard Caswell, [[Thomas]] Shep- heard, Jolin Cuile, Gabriel Barber, William Deereblocke, Anthon",model_person:unresolved,,V04-P0369-N00848-00854,848,854
36,V04-P0369,person,,,,PERSON,,Jolin Cuile,"Thomas Kitelev, Thomas Wheatley, Richard Caswell, Thomas Shep- heard, [[Jolin Cuile]], Gabriel Barber, William Deereblocke, Anthony Withers, George Seatt,",model_person:unresolved,,V04-P0369-N00868-00879,868,879
36,V04-P0369,person,,,,PERSON,Gabriel Barber,Gabriel Barber,"v, Thomas Wheatley, Richard Caswell, Thomas Shep- heard, Jolin Cuile, [[Gabriel Barber]], William Deereblocke, Anthony Withers, George Seatt, Edward Hackett,",ruler_person,Gabriel Barber,V04-P0369-N00881-00895,881,895
36,V04-P0369,person,,,,PERSON,,William Deereblocke,"ey, Richard Caswell, Thomas Shep- heard, Jolin Cuile, Gabriel Barber, [[William Deereblocke]], Anthony Withers, George Seatt, Edward Hackett, John Kirrell, Thomas",model_person:unresolved,,V04-P0369-N00897-00916,897,916
36,V04-P0369,person,,,,PERSON,Anthony Withers,Anthony Withers,"Thomas Shep- heard, Jolin Cuile, Gabriel Barber, William Deereblocke, [[Anthony Withers]], George Seatt, Edward Hackett, John Kirrell, Thomas Morris, William W",ruler_person,Anthony Withers,V04-P0369-N00918-00933,918,933
36,V04-P0369,person,,,,PERSON,,George Seatt,"d, Jolin Cuile, Gabriel Barber, William Deereblocke, Anthony Withers, [[George Seatt]], Edward Hackett, John Kirrell, Thomas Morris, William Webb, Richard B",model_person:unresolved,,V04-P0369-N00935-00947,935,947
36,V04-P0369,person,,,,PERSON,Edward Hackett,Edward Hackett,", Gabriel Barber, William Deereblocke, Anthony Withers, George Seatt, [[Edward Hackett]], John Kirrell, Thomas Morris, William Webb, Richard Bull, William Nic",ruler_person,Edward Hackett,V04-P0369-N00949-00963,949,963
36,V04-P0369,person,,,,PERSON,John Kirrell,John Kirrell,", William Deereblocke, Anthony Withers, George Seatt, Edward Hackett, [[John Kirrell]], Thomas Morris, William Webb, Richard Bull, William Nicholls, Patrick",ruler_person,John Kirrell,V04-P0369-N00965-00977,965,977
36,V04-P0369,person,,,,PERSON,Thomas Morris,Thomas Morris,"eblocke, Anthony Withers, George Seatt, Edward Hackett, John Kirrell, [[Thomas Morris]], William Webb, Richard Bull, William Nicholls, Patrick Copeland, Will",ruler_person,Thomas Morris,V04-P0369-N00979-00992,979,992
36,V04-P0369,person,,,,PERSON,William Webb,William Webb,"y Withers, George Seatt, Edward Hackett, John Kirrell, Thomas Morris, [[William Webb]], Richard Bull, William Nicholls, Patrick Copeland, William Browne, Ge",ruler_person,William Webb,V04-P0369-N00994-01006,994,1006
36,V04-P0369,person,,,,PERSON,Richard Bull,Richard Bull,"rge Seatt, Edward Hackett, John Kirrell, Thomas Morris, William Webb, [[Richard Bull]], William Nicholls, Patrick Copeland, William Browne, George Smyth, Hi",ruler_person,Richard Bull,V04-P0369-N01008-01020,1008,1020
36,V04-P0369,person,,,,PERSON,William Nicholls,William Nicholls,"ard Hackett, John Kirrell, Thomas Morris, William Webb, Richard Bull, [[William Nicholls]], Patrick Copeland, William Browne, George Smyth, Hichari Tomlyns, Edw",ruler_person,William Nicholls,V04-P0369-N01022-01038,1022,1038
36,V04-P0369,person,,,,PERSON,Patrick Copland,Patrick Copeland,"Kirrell, Thomas Morris, William Webb, Richard Bull, William Nicholls, [[Patrick Copeland]], William Browne, George Smyth, Hichari Tomlyns, Edward Brewster, Will",ruler_person,Patrick Copland,V04-P0369-N01040-01056,1040,1056
36,V04-P0369,person,,,,PERSON,William Browne,William Browne,"rris, William Webb, Richard Bull, William Nicholls, Patrick Copeland, [[William Browne]], George Smyth, Hichari Tomlyns, Edward Brewster, William Ewens, Thoma",ruler_person,William Browne,V04-P0369-N01058-01072,1058,1072
36,V04-P0369,person,,,,PERSON,George Smith,George Smyth,"bb, Richard Bull, William Nicholls, Patrick Copeland, William Browne, [[George Smyth]], Hichari Tomlyns, Edward Brewster, William Ewens, Thomas Winston, Geo",ruler_person,George Smith,V04-P0369-N01074-01086,1074,1086
36,V04-P0369,person,,,,PERSON,,Hichari Tomlyns,"ll, William Nicholls, Patrick Copeland, William Browne, George Smyth, [[Hichari Tomlyns]], Edward Brewster, William Ewens, Thomas Winston, George Swinhowe, Edw",model_person:unresolved,,V04-P0369-N01088-01103,1088,1103
36,V04-P0369,person,,,,PERSON,Edward Brewster,Edward Brewster,"lls, Patrick Copeland, William Browne, George Smyth, Hichari Tomlyns, [[Edward Brewster]], William Ewens, Thomas Winston, George Swinhowe, Edward Ryder, Gilber",ruler_person,Edward Brewster,V04-P0369-N01105-01120,1105,1120
36,V04-P0369,person,,,,PERSON,William Ewens,William Ewens,"land, William Browne, George Smyth, Hichari Tomlyns, Edward Brewster, [[William Ewens]], Thomas Winston, George Swinhowe, Edward Ryder, Gilbert Morewood and",ruler_person,William Ewens,V04-P0369-N01122-01135,1122,1135
36,V04-P0369,person,,,,PERSON,Thomas Winston,Thomas Winston,"rowne, George Smyth, Hichari Tomlyns, Edward Brewster, William Ewens, [[Thomas Winston]], George Swinhowe, Edward Ryder, Gilbert Morewood and Edmund Morgan an",ruler_person,Thomas Winston,V04-P0369-N01137-01151,1137,1151
36,V04-P0369,person,,,,PERSON,George Swinhowe,George Swinhowe,"yth, Hichari Tomlyns, Edward Brewster, William Ewens, Thomas Winston, [[George Swinhowe]], Edward Ryder, Gilbert Morewood and Edmund Morgan and all other free",ruler_person,George Swinhowe,V04-P0369-N01153-01168,1153,1168
36,V04-P0369,person,,,,PERSON,Edward Ryder,Edward Ryder,"yns, Edward Brewster, William Ewens, Thomas Winston, George Swinhowe, [[Edward Ryder]], Gilbert Morewood and Edmund Morgan and all other free men of the Com",ruler_person,Edward Ryder,V04-P0369-N01170-01182,1170,1182
36,V04-P0369,person,,,,PERSON,Gilbert Morewood,Gilbert Morewood,"ewster, William Ewens, Thomas Winston, George Swinhowe, Edward Ryder, [[Gilbert Morewood]] and Edmund Morgan and all other free men of the Company aforesaid thr",ruler_person,Gilbert Morewood,V04-P0369-N01184-01200,1184,1200
36,V04-P0369,person,,,,PERSON,Edmund Morgan,Edmund Morgan,", Thomas Winston, George Swinhowe, Edward Ryder, Gilbert Morewood and [[Edmund Morgan]] and all other free men of the Company aforesaid through the whole tim",ruler_person,Edmund Morgan,V04-P0369-N01205-01218,1205,1218
36,V04-P0369,,,,,PERSON_CANDIDATE,,Jord the King,er our said lord the King to the grave loss and prejudice of our said [[Jord the King]] who now is and lus royal prerogative and in great contempt of the cro,model_person:unresolved,,V04-P0369-N01402-01415,1402,1415
36,V04-P0369,,,,,PERSON_CANDIDATE,,King,"e and in great contempt of the crown and dignity of our said lord the [[King]] who now is, whereupon the same attorney of our said lord the King for",model_person:unresolved,,V04-P0369-N01521-01525,1521,1525
36,V04-P0369,,,,,PERSON_CANDIDATE,,Nicholas,"n the premises and that a due process of law be made against the same [[Nicholas]] tlarror, Edwin Sandis, John Danvers, John ffarrer, Thomas Kiteley, Th",model_person:unresolved,,V04-P0369-N01720-01728,1720,1728
36,V04-P0369,person,,,,PERSON,Edwin Sandys,Edwin Sandis,"that a due process of law be made against the same Nicholas tlarror, [[Edwin Sandis]], John Danvers, John ffarrer, Thomas Kiteley, Thomas Wheatley, Richard",ruler_person,Edwin Sandys,V04-P0369-N01738-01750,1738,1750
36,V04-P0369,person,,,,PERSON,John Danvers,John Danvers,"ocess of law be made against the same Nicholas tlarror, Edwin Sandis, [[John Danvers]], John ffarrer, Thomas Kiteley, Thomas Wheatley, Richard Caswell, Thom",ruler_person,John Danvers,V04-P0369-N01752-01764,1752,1764
36,V04-P0369,,,,,PERSON_CANDIDATE,,John,"e made against the same Nicholas tlarror, Edwin Sandis, John Danvers, [[John]] ffarrer, Thomas Kiteley, Thomas Wheatley, Richard Caswell, Thomas She",model_person:unresolved,,V04-P0369-N01766-01770,1766,1770
36,V04-P0369,person,,,,PERSON,Thomas Kiteley,Thomas Kiteley,"the same Nicholas tlarror, Edwin Sandis, John Danvers, John ffarrer, [[Thomas Kiteley]], Thomas Wheatley, Richard Caswell, Thomas Shepheard, John Cufle, Gabr",ruler_person,Thomas Kiteley,V04-P0369-N01780-01794,1780,1794
36,V04-P0369,person,,,,PERSON,Thomas Wheatley,Thomas Wheatley,"as tlarror, Edwin Sandis, John Danvers, John ffarrer, Thomas Kiteley, [[Thomas Wheatley]], Richard Caswell, Thomas Shepheard, John Cufle, Gabriel Barber, Willi",ruler_person,Thomas Wheatley,V04-P0369-N01796-01811,1796,1811
36,V04-P0369,person,,,,PERSON,Richard Caswell,Richard Caswell,"Sandis, John Danvers, John ffarrer, Thomas Kiteley, Thomas Wheatley, [[Richard Caswell]], Thomas Shepheard, John Cufle, Gabriel Barber, William Deere- block,",ruler_person,Richard Caswell,V04-P0369-N01813-01828,1813,1828
36,V04-P0369,person,,,,PERSON,Thomas Shepheard,Thomas Shepheard,"vers, John ffarrer, Thomas Kiteley, Thomas Wheatley, Richard Caswell, [[Thomas Shepheard]], John Cufle, Gabriel Barber, William Deere- block, Anthony Withers, G",ruler_person,Thomas Shepheard,V04-P0369-N01830-01846,1830,1846
36,V04-P0369,person,,,,PERSON,,John Cufle,", Thomas Kiteley, Thomas Wheatley, Richard Caswell, Thomas Shepheard, [[John Cufle]], Gabriel Barber, William Deere- block, Anthony Withers, George Scott,",model_person:unresolved,,V04-P0369-N01848-01858,1848,1858
36,V04-P0369,person,,,,PERSON,Gabriel Barber,Gabriel Barber,"eley, Thomas Wheatley, Richard Caswell, Thomas Shepheard, John Cufle, [[Gabriel Barber]], William Deere- block, Anthony Withers, George Scott, Edward Hackett,",ruler_person,Gabriel Barber,V04-P0369-N01860-01874,1860,1874
36,V04-P0369,,,,,PERSON_CANDIDATE,,William,"atley, Richard Caswell, Thomas Shepheard, John Cufle, Gabriel Barber, [[William]] Deere- block, Anthony Withers, George Scott, Edward Hackett, Jolin ‘K",model_person:unresolved,,V04-P0369-N01876-01883,1876,1883
36,V04-P0369,person,,,,PERSON,Anthony Withers,Anthony Withers,", Thomas Shepheard, John Cufle, Gabriel Barber, William Deere- block, [[Anthony Withers]], George Scott, Edward Hackett, Jolin ‘Kirrell, Thomus? Morris, Willia",ruler_person,Anthony Withers,V04-P0369-N01898-01913,1898,1913
36,V04-P0369,person,,,,PERSON,George Scott,George Scott,"d, John Cufle, Gabriel Barber, William Deere- block, Anthony Withers, [[George Scott]], Edward Hackett, Jolin ‘Kirrell, Thomus? Morris, William Webb, Richar",ruler_person,George Scott,V04-P0369-N01915-01927,1915,1927
36,V04-P0369,person,,,,PERSON,Edward Hackett,Edward Hackett,"Gabriel Barber, William Deere- block, Anthony Withers, George Scott, [[Edward Hackett]], Jolin ‘Kirrell, Thomus? Morris, William Webb, Richard Bull, William",ruler_person,Edward Hackett,V04-P0369-N01929-01943,1929,1943
36,V04-P0369,,,,,PERSON_CANDIDATE,,Jolin,"William Deere- block, Anthony Withers, George Scott, Edward Hackett, [[Jolin]] ‘Kirrell, Thomus? Morris, William Webb, Richard Bull, William Nicholl",model_person:unresolved,,V04-P0369-N01945-01950,1945,1950
36,V04-P0369,,,,,PERSON_CANDIDATE,,Thomus,"block, Anthony Withers, George Scott, Edward Hackett, Jolin ‘Kirrell, [[Thomus]]? Morris, William Webb, Richard Bull, William Nicholls, Patrick Copela",model_person:unresolved,,V04-P0369-N01961-01967,1961,1967
36,V04-P0369,,,,,PERSON_CANDIDATE,,Morris,"nthony Withers, George Scott, Edward Hackett, Jolin ‘Kirrell, Thomus? [[Morris]], William Webb, Richard Bull, William Nicholls, Patrick Copeland, Will",model_person:unresolved,,V04-P0369-N01969-01975,1969,1975
36,V04-P0369,person,,,,PERSON,William Webb,William Webb,"ithers, George Scott, Edward Hackett, Jolin ‘Kirrell, Thomus? Morris, [[William Webb]], Richard Bull, William Nicholls, Patrick Copeland, Williaa Brow ne, G",ruler_person,William Webb,V04-P0369-N01977-01989,1977,1989
36,V04-P0369,person,,,,PERSON,Richard Bull,Richard Bull,"Scott, Edward Hackett, Jolin ‘Kirrell, Thomus? Morris, William Webb, [[Richard Bull]], William Nicholls, Patrick Copeland, Williaa Brow ne, George Smithe,",ruler_person,Richard Bull,V04-P0369-N01991-02003,1991,2003
36,V04-P0369,person,,,,PERSON,William Nicholls,William Nicholls,"Hackett, Jolin ‘Kirrell, Thomus? Morris, William Webb, Richard Bull, [[William Nicholls]], Patrick Copeland, Williaa Brow ne, George Smithe, Riehard Tomlyns, E",ruler_person,William Nicholls,V04-P0369-N02005-02021,2005,2021
36,V04-P0369,person,,,,PERSON,Patrick Copland,Patrick Copeland,"irrell, Thomus? Morris, William Webb, Richard Bull, William Nicholls, [[Patrick Copeland]], Williaa Brow ne, George Smithe, Riehard Tomlyns, Edward Brewster, Wi",ruler_person,Patrick Copland,V04-P0369-N02023-02039,2023,2039
36,V04-P0369,person,,,,PERSON,,Williaa Brow,"rris, William Webb, Richard Bull, William Nicholls, Patrick Copeland, [[Williaa Brow]] ne, George Smithe, Riehard Tomlyns, Edward Brewster, William Ewens, T",model_person:unresolved,,V04-P0369-N02041-02053,2041,2053
36,V04-P0369,person,,,,PERSON,,George Smithe,"b, Richard Bull, William Nicholls, Patrick Copeland, Williaa Brow ne, [[George Smithe]], Riehard Tomlyns, Edward Brewster, William Ewens, Thomas Winston, Geo",model_person:unresolved,,V04-P0369-N02058-02071,2058,2071
36,V04-P0369,person,,,,PERSON,,Riehard Tomlyns,", William Nicholls, Patrick Copeland, Williaa Brow ne, George Smithe, [[Riehard Tomlyns]], Edward Brewster, William Ewens, Thomas Winston, George Swinhowe, Edw",model_person:unresolved,,V04-P0369-N02073-02088,2073,2088
36,V04-P0369,person,,,,PERSON,Edward Brewster,Edward Brewster,"s, Patrick Copeland, Williaa Brow ne, George Smithe, Riehard Tomlyns, [[Edward Brewster]], William Ewens, Thomas Winston, George Swinhowe, Edward Ryder, Gilber",ruler_person,Edward Brewster,V04-P0369-N02090-02105,2090,2105
36,V04-P0369,person,,,,PERSON,William Ewens,William Ewens,"nd, Williaa Brow ne, George Smithe, Riehard Tomlyns, Edward Brewster, [[William Ewens]], Thomas Winston, George Swinhowe, Edward Ryder, Gilbert Morewood, and",ruler_person,William Ewens,V04-P0369-N02107-02120,2107,2120
36,V04-P0369,person,,,,PERSON,Thomas Winston,Thomas Winston,"w ne, George Smithe, Riehard Tomlyns, Edward Brewster, William Ewens, [[Thomas Winston]], George Swinhowe, Edward Ryder, Gilbert Morewood, and Edmund Morgan,",ruler_person,Thomas Winston,V04-P0369-N02122-02136,2122,2136
36,V04-P0369,person,,,,PERSON,George Swinhowe,George Swinhowe,"the, Riehard Tomlyns, Edward Brewster, William Ewens, Thomas Winston, [[George Swinhowe]], Edward Ryder, Gilbert Morewood, and Edmund Morgan, and all other fre",ruler_person,George Swinhowe,V04-P0369-N02138-02153,2138,2153
36,V04-P0369,person,,,,PERSON,Edward Ryder,Edward Ryder,"yns, Edward Brewster, William Ewens, Thomas Winston, George Swinhowe, [[Edward Ryder]], Gilbert Morewood, and Edmund Morgan, and all other free men of the C",ruler_person,Edward Ryder,V04-P0369-N02155-02167,2155,2167
36,V04-P0369,person,,,,PERSON,Gilbert Morewood,Gilbert Morewood,"ewster, William Ewens, Thomas Winston, George Swinhowe, Edward Ryder, [[Gilbert Morewood]], and Edmund Morgan, and all other free men of the Company aforesaid i",ruler_person,Gilbert Morewood,V04-P0369-N02169-02185,2169,2185
36,V04-P0369,person,,,,PERSON,Edmund Morgan,Edmund Morgan,"Thomas Winston, George Swinhowe, Edward Ryder, Gilbert Morewood, and [[Edmund Morgan]], and all other free men of the Company aforesaid in this part to answ",ruler_person,Edmund Morgan,V04-P0369-N02191-02204,2191,2204
36,V04-P0369,,,,,PLACE_CANDIDATE,,St. Martin,"o answer, etc. And now, to wit, on Friday next after the quindeme of [[St. Martin]] in that same term, there came before our lord the King at Westminster",model_GPE,,V04-P0369-N02550-02560,2550,2560
36,V04-P0369,,,,,PERSON,,lord the King,"r the quindeme of St. Martin in that same term, there came before our [[lord the King]] at Westminster the aforesaid Nicholas ffarrar, Sir John Danvers, John",model_person:unresolved,,V04-P0369-N02602-02615,2602,2615
36,V04-P0369,place,,,,PLACE,Westminster,Westminster,"St. Martin in that same term, there came before our lord the King at [[Westminster]] the aforesaid Nicholas ffarrar, Sir John Danvers, John ffarrar, Thoma",ruler_place:contextual_alias,OW-004,V04-P0369-N02619-02630,2619,2630
36,V04-P0369,,,,,PERSON_CANDIDATE,,Nicholas,"erm, there came before our lord the King at Westminster the aforesaid [[Nicholas]] ffarrar, Sir John Danvers, John ffarrar, Thomas Wheatley, Richard Cas",model_person:unresolved,,V04-P0369-N02645-02653,2645,2653
36,V04-P0369,person,,,,PERSON,John Danvers,Sir John Danvers,"fore our lord the King at Westminster the aforesaid Nicholas ffarrar, [[Sir John Danvers]], John ffarrar, Thomas Wheatley, Richard Caswell, Thomas a heard, Joli",ruler_person,John Danvers,V04-P0369-N02663-02679,2663,2679
36,V04-P0369,,,,,PERSON_CANDIDATE,,John,"King at Westminster the aforesaid Nicholas ffarrar, Sir John Danvers, [[John]] ffarrar, Thomas Wheatley, Richard Caswell, Thomas a heard, Jolin Cuff",model_person:unresolved,,V04-P0369-N02681-02685,2681,2685
36,V04-P0369,person,,,,PERSON,Thomas Wheatley,Thomas Wheatley,"nster the aforesaid Nicholas ffarrar, Sir John Danvers, John ffarrar, [[Thomas Wheatley]], Richard Caswell, Thomas a heard, Jolin Cuffe, Gabriel Barber, Anthon",ruler_person,Thomas Wheatley,V04-P0369-N02695-02710,2695,2710
36,V04-P0369,person,,,,PERSON,Richard Caswell,Richard Caswell,"id Nicholas ffarrar, Sir John Danvers, John ffarrar, Thomas Wheatley, [[Richard Caswell]], Thomas a heard, Jolin Cuffe, Gabriel Barber, Anthony Withers, George",ruler_person,Richard Caswell,V04-P0369-N02712-02727,2712,2727
36,V04-P0369,,,,,PERSON_CANDIDATE,,Thomas,"ar, Sir John Danvers, John ffarrar, Thomas Wheatley, Richard Caswell, [[Thomas]] a heard, Jolin Cuffe, Gabriel Barber, Anthony Withers, George Seott,",model_person:unresolved,,V04-P0369-N02729-02735,2729,2735
36,V04-P0369,person,,,,PERSON,,Jolin Cuffe,"vers, John ffarrar, Thomas Wheatley, Richard Caswell, Thomas a heard, [[Jolin Cuffe]], Gabriel Barber, Anthony Withers, George Seott, John Kirvell Thomas M",model_person:unresolved,,V04-P0369-N02745-02756,2745,2756
36,V04-P0369,person,,,,PERSON,Gabriel Barber,Gabriel Barber,"arrar, Thomas Wheatley, Richard Caswell, Thomas a heard, Jolin Cuffe, [[Gabriel Barber]], Anthony Withers, George Seott, John Kirvell Thomas Morris, William W",ruler_person,Gabriel Barber,V04-P0369-N02758-02772,2758,2772
36,V04-P0369,person,,,,PERSON,Anthony Withers,Anthony Withers,"eatley, Richard Caswell, Thomas a heard, Jolin Cuffe, Gabriel Barber, [[Anthony Withers]], George Seott, John Kirvell Thomas Morris, William Webb, Richard Bull",ruler_person,Anthony Withers,V04-P0369-N02774-02789,2774,2789
36,V04-P0369,person,,,,PERSON,George Scott,George Seott,"aswell, Thomas a heard, Jolin Cuffe, Gabriel Barber, Anthony Withers, [[George Seott]], John Kirvell Thomas Morris, William Webb, Richard Bull, William: Nic",ruler_person,George Scott,V04-P0369-N02791-02803,2791,2803
36,V04-P0369,person,,,,PERSON,,John Kirvell,"a heard, Jolin Cuffe, Gabriel Barber, Anthony Withers, George Seott, [[John Kirvell]] Thomas Morris, William Webb, Richard Bull, William: Nicholls, Patrick",model_person:unresolved,,V04-P0369-N02805-02817,2805,2817
36,V04-P0369,person,,,,PERSON,Thomas Morris,Thomas Morris,"in Cuffe, Gabriel Barber, Anthony Withers, George Seott, John Kirvell [[Thomas Morris]], William Webb, Richard Bull, William: Nicholls, Patrick Cope dand, Ge",ruler_person,Thomas Morris,V04-P0369-N02818-02831,2818,2831
36,V04-P0369,person,,,,PERSON,William Webb,William Webb,"el Barber, Anthony Withers, George Seott, John Kirvell Thomas Morris, [[William Webb]], Richard Bull, William: Nicholls, Patrick Cope dand, George Smyth, Ri",ruler_person,William Webb,V04-P0369-N02833-02845,2833,2845
36,V04-P0369,person,,,,PERSON,Richard Bull,Richard Bull,"hony Withers, George Seott, John Kirvell Thomas Morris, William Webb, [[Richard Bull]], William: Nicholls, Patrick Cope dand, George Smyth, Richard Tomlyns,",ruler_person,Richard Bull,V04-P0369-N02847-02859,2847,2859
36,V04-P0369,,,,,PERSON_CANDIDATE,,William,"George Seott, John Kirvell Thomas Morris, William Webb, Richard Bull, [[William]]: Nicholls, Patrick Cope dand, George Smyth, Richard Tomlyns, Edward B",model_person:unresolved,,V04-P0369-N02861-02868,2861,2868
36,V04-P0369,person,,,,PERSON,,Patrick Cope,"Kirvell Thomas Morris, William Webb, Richard Bull, William: Nicholls, [[Patrick Cope]] dand, George Smyth, Richard Tomlyns, Edward Brewster, William Ewens,",model_person:unresolved,,V04-P0369-N02880-02892,2880,2892
36,V04-P0369,person,,,,PERSON,George Smith,George Smyth,"is, William Webb, Richard Bull, William: Nicholls, Patrick Cope dand, [[George Smyth]], Richard Tomlyns, Edward Brewster, William Ewens, George Swine howe,",ruler_person,George Smith,V04-P0369-N02899-02911,2899,2911
36,V04-P0369,person,,,,PERSON,Richard Tomlins,Richard Tomlyns,"bb, Richard Bull, William: Nicholls, Patrick Cope dand, George Smyth, [[Richard Tomlyns]], Edward Brewster, William Ewens, George Swine howe, Edward, Ryder, Gi",ruler_person,Richard Tomlins,V04-P0369-N02913-02928,2913,2928
36,V04-P0369,person,,,,PERSON,Edward Brewster,Edward Brewster,"William: Nicholls, Patrick Cope dand, George Smyth, Richard Tomlyns, [[Edward Brewster]], William Ewens, George Swine howe, Edward, Ryder, Gilbert Morewood, a",ruler_person,Edward Brewster,V04-P0369-N02930-02945,2930,2945
36,V04-P0369,person,,,,PERSON,William Ewens,William Ewens,"s, Patrick Cope dand, George Smyth, Richard Tomlyns, Edward Brewster, [[William Ewens]], George Swine howe, Edward, Ryder, Gilbert Morewood, and Edmund Morga",ruler_person,William Ewens,V04-P0369-N02947-02960,2947,2960
36,V04-P0369,person,,,,PERSON,,George Swine,"dand, George Smyth, Richard Tomlyns, Edward Brewster, William Ewens, [[George Swine]] howe, Edward, Ryder, Gilbert Morewood, and Edmund Morgan, te ee men u",model_person:unresolved,,V04-P0369-N02962-02974,2962,2974
36,V04-P0369,,,,,PERSON_CANDIDATE,,Edward,", Richard Tomlyns, Edward Brewster, William Ewens, George Swine howe, [[Edward]], Ryder, Gilbert Morewood, and Edmund Morgan, te ee men und adventurer",model_person:unresolved,,V04-P0369-N02981-02987,2981,2987
36,V04-P0369,person,,,,PERSON,Gilbert Morewood,Gilbert Morewood,"ns, Edward Brewster, William Ewens, George Swine howe, Edward, Ryder, [[Gilbert Morewood]], and Edmund Morgan, te ee men und adventurers and planters, of the ci",ruler_person,Gilbert Morewood,V04-P0369-N02996-03012,2996,3012
36,V04-P0369,person,,,,PERSON,Edmund Morgan,Edmund Morgan,"illiam Ewens, George Swine howe, Edward, Ryder, Gilbert Morewood, and [[Edmund Morgan]], te ee men und adventurers and planters, of the city of London for th",ruler_person,Edmund Morgan,V04-P0369-N03018-03031,3018,3031
36,V04-P0369,place,,,,PLACE,London,city of London,"od, and Edmund Morgan, te ee men und adventurers and planters, of the [[city of London]] for the first colony in Virginia, and other free men being adventurer",ruler_place:ambiguous_contextual,OW-001,V04-P0369-N03080-03094,3080,3094
36,V04-P0369,place,,,,PLACE,Virginia,Virginia,"venturers and planters, of the city of London for the first colony in [[Virginia]], and other free men being adventurers and planters of the city of Lon",ruler_place:ambiguous_contextual,NW-001,V04-P0369-N03119-03127,3119,3127
36,V04-P0369,place,,,,PLACE,London,city of London,"in Virginia, and other free men being adventurers and planters of the [[city of London]] for the first colony in Virginia, by Edward Offley their attorney, an",ruler_place:ambiguous_contextual,OW-001,V04-P0369-N03186-03200,3186,3200
36,V04-P0369,place,,,,PLACE,Virginia,Virginia,"dventurers and planters of the city of London for the first colony in [[Virginia]], by Edward Offley their attorney, and they seek the heariny of the in",ruler_place:ambiguous_contextual,NW-001,V04-P0369-N03225-03233,3225,3233
36,V04-P0369,person,,,,PERSON,,Edward Offley,"d planters of the city of London for the first colony in Virginia, by [[Edward Offley]] their attorney, and they seek the heariny of the information aforesai",model_person:unresolved,,V04-P0369-N03238-03251,3238,3251
36,V04-P0369,,,,,PERSON_CANDIDATE,,Nicholas,"it is read to them, ete., which having heen re ad and heard the same [[Nicholas]] ffarrer [ef al—the same 24 names, “free men”, ete., “and other free m",model_person:unresolved,,V04-P0369-N03396-03404,3396,3404
36,V04-P0369,,,,,PERSON_CANDIDATE,,Kin,"etc.], say that they themselves do not intend that our said lord the [[Kin]] who now is should wish, or that he ought, by reason of the premises,",model_person:unresolved,,V04-P0369-N03548-03551,3548,3551
36,V04-P0369,,,,,PERSON_CANDIDATE,,Nicholas,"eason of the premises, further to proceed against or trouble the same [[Nicholas]] ffarrer [et al. —the same 24 names ' From the list of thirty persons",model_person:unresolved,,V04-P0369-N03668-03676,3668,3676
36,V04-P0369,person,,,,PERSON,Edwin Sandys,Sir Edwin Sandys,"he four repetitions pre: this point in the record, six names—those of [[Sir Edwin Sandys]], Thomas Kiteley, William D block, Edward Hackett, William Browne, and",ruler_person,Edwin Sandys,V04-P0369-N03849-03865,3849,3865
36,V04-P0369,person,,,,PERSON,Thomas Kiteley,Thomas Kiteley,"s pre: this point in the record, six names—those of Sir Edwin Sandys, [[Thomas Kiteley]], William D block, Edward Hackett, William Browne, and Doctor Thomas W",ruler_person,Thomas Kiteley,V04-P0369-N03867-03881,3867,3881
36,V04-P0369,,,,,PERSON_CANDIDATE,,William,"t in the record, six names—those of Sir Edwin Sandys, Thomas Kiteley, [[William]] D block, Edward Hackett, William Browne, and Doctor Thomas Winston—ar",model_person:unresolved,,V04-P0369-N03883-03890,3883,3890
36,V04-P0369,person,,,,PERSON,Edward Hackett,Edward Hackett,"six names—those of Sir Edwin Sandys, Thomas Kiteley, William D block, [[Edward Hackett]], William Browne, and Doctor Thomas Winston—are here omitted, and they",ruler_person,Edward Hackett,V04-P0369-N03900-03914,3900,3914
36,V04-P0369,person,,,,PERSON,William Browne,William Browne,"of Sir Edwin Sandys, Thomas Kiteley, William D block, Edward Hackett, [[William Browne]], and Doctor Thomas Winston—are here omitted, and they are omitted her",ruler_person,William Browne,V04-P0369-N03916-03930,3916,3930
36,V04-P0369,person,,,,PERSON,Thomas Winston,Doctor Thomas Winston,"Thomas Kiteley, William D block, Edward Hackett, William Browne, and [[Doctor Thomas Winston]]—are here omitted, and they are omitted hereafter, so that in all its",ruler_person,Thomas Winston,V04-P0369-N03936-03957,3936,3957
37,V01-P0294,person,,,,PERSON,Edwin Sandys,S' Edwin Sandys,e beinge duely prosecuted; The names of the said Comittees are these [[S' Edwin Sandys]]. m-° Cranmor. S* Iohn Dauers. m’ Berbloek. m’ Deputie. m'‘ Bernard. m,ruler_person,Edwin Sandys,V01-P0294-N00314-00329,314,329
37,V01-P0294,person,,,,PERSON,John Danvers,Iohn Dauers,mes of the said Comittees are these S' Edwin Sandys. m-° Cranmor. S* [[Iohn Dauers]]. m’ Berbloek. m’ Deputie. m'‘ Bernard. m’ [ohn Smith. m* Casewell. o,ruler_person,John Danvers,V01-P0294-N00347-00358,347,358
37,V01-P0294,,,,,PLACE_CANDIDATE,,Berbloek,Comittees are these S' Edwin Sandys. m-° Cranmor. S* Iohn Dauers. m’ [[Berbloek]]. m’ Deputie. m'‘ Bernard. m’ [ohn Smith. m* Casewell. or any fower o,model_GPE,,V01-P0294-N00363-00371,363,371
37,V01-P0294,,,,,PLACE_CANDIDATE,,Treatice,ce beinge given that a gentleman refusinge to be named hadd written a [[Treatice]] for the good of the Plantaton which consisted of those five generall,model_GPE,,V01-P0294-N00610-00618,610,618
37,V01-P0294,person,,,,PERSON,Dudley Digges,Dudley Diggs,e putt in printe to pvse w booke the Courte entreated these vizd. S' [[Dudley Diggs]]. S' Frauncis Wyatt. S* Edwin Sandys. m' George Sandys. S’ Iohn Daue,ruler_person,Dudley Digges,V01-P0294-N01211-01223,1211,1223
37,V01-P0294,person,,,,PERSON,Francis Wyatt,Frauncis Wyatt,to pvse w booke the Courte entreated these vizd. S' Dudley Diggs. S' [[Frauncis Wyatt]]. S* Edwin Sandys. m' George Sandys. S’ Iohn Dauers. m’ Secretary Da,ruler_person,Francis Wyatt,V01-P0294-N01228-01242,1228,1242
37,V01-P0294,person,,,,PERSON,Edwin Sandys,Edwin Sandys,Courte entreated these vizd. S' Dudley Diggs. S' Frauncis Wyatt. S* [[Edwin Sandys]]. m' George Sandys. S’ Iohn Dauers. m’ Secretary Dauison. m‘ Iohn Smi,ruler_person,Edwin Sandys,V01-P0294-N01248-01260,1248,1260
37,V01-P0294,person,,,,PERSON,George Sandys,m' George Sandys,"ed these vizd. S' Dudley Diggs. S' Frauncis Wyatt. S* Edwin Sandys. [[m' George Sandys]]. S’ Iohn Dauers. m’ Secretary Dauison. m‘ Iohn Smith. m’ Gibbs, m*™",ruler_person,George Sandys,V01-P0294-N01262-01278,1262,1278
37,V01-P0294,person,,,,PERSON,John Danvers,Iohn Dauers,"ley Diggs. S' Frauncis Wyatt. S* Edwin Sandys. m' George Sandys. S’ [[Iohn Dauers]]. m’ Secretary Dauison. m‘ Iohn Smith. m’ Gibbs, m*™ Wrote. or any fo",ruler_person,John Danvers,V01-P0294-N01284-01295,1284,1295
37,V01-P0294,person,,,,PERSON,Christopher Davison,m’ Secretary Dauison,"Frauncis Wyatt. S* Edwin Sandys. m' George Sandys. S’ Iohn Dauers. [[m’ Secretary Dauison]]. m‘ Iohn Smith. m’ Gibbs, m*™ Wrote. or any fower of them. [239] m'",ruler_person,Christopher Davison,V01-P0294-N01297-01317,1297,1317
37,V01-P0294,person,,,,PERSON,,Iohn Smith,"n Sandys. m' George Sandys. S’ Iohn Dauers. m’ Secretary Dauison. m‘ [[Iohn Smith]]. m’ Gibbs, m*™ Wrote. or any fower of them. [239] m'™ Deputy moued",model_person:excluded,,V01-P0294-N01322-01332,1322,1332
37,V01-P0294,person,,,,PERSON,Thomas Gibbs,m’ Gibbs,"George Sandys. S’ Iohn Dauers. m’ Secretary Dauison. m‘ Iohn Smith. [[m’ Gibbs]], m*™ Wrote. or any fower of them. [239] m'™ Deputy moued y‘ in resp",ruler_person,Thomas Gibbs,V01-P0294-N01334-01342,1334,1342
37,V01-P0294,person,,,,PERSON,,Doctor Bohuné Shipp,in respect some doubt was made that the Seed miscarryed w was sent in [[Doctor Bohuné Shipp]] a Pinnace might be provided against September next to carry some more,model_person:unresolved,,V01-P0294-N01475-01494,1475,1494
38,V02-P0523,,,,,PERSON_CANDIDATE,,Yett,t arguments of that nature as those y* did conduce to the Conclusion: [[Yett]] vppd m' Wrotes Desire itt was ordered they should be now in this Cour,model_person:unresolved,,V02-P0523-N00225-00229,225,229
38,V02-P0523,,,,,PERSON_CANDIDATE,,Question,this Court inserted. After this the Quarter Court beinge putt to the [[Question]] was by a generall Erecéon of hands approved to be rightlie sett downe,model_person:unresolved,,V02-P0523-N00360-00368,360,368
38,V02-P0523,,,,"company/court name, not counted as a place",PLACE,Virginia,Virginia,"of the LL‘ of the Counsell, and dyrected vnto him as Depu- tie of the [[Virginia]] Company: w™ hee presented in Court and caused to be read the Coppie w",ruler_place:ambiguous_contextual,NW-001,V02-P0523-N00587-00595,587,595
38,V02-P0523,place,,,,PLACE,Virginia,Virginia,"omendagons: Wee are informed that ther is a Shipp lately arryved from [[Virginia]], And for some causes knowne ynto vs wee doe hereby require yo"" to sea",ruler_place:ambiguous_contextual,NW-001,V02-P0523-N00777-00785,777,785
38,V02-P0523,,,,,PERSON_CANDIDATE,,knowne,"hat ther is a Shipp lately arryved from Virginia, And for some causes [[knowne]] ynto vs wee doe hereby require yo"" to seaze vppon all the Letters.as",model_person:unresolved,,V02-P0523-N00807-00813,807,813
38,V02-P0523,,,,,PERSON_CANDIDATE,,Nicho,"olne C:s Middlesex. To our verie lovinge ffrend =~ - Richmond Lenox. [[Nicho]]: fferrar Deputy of the ' Carlisle: Lo: Brooke. Virginia Company.. i,",model_person:unresolved,,V02-P0523-N01267-01272,1267,1272
38,V02-P0523,,,,,PLACE_CANDIDATE,,Brooke,"end =~ - Richmond Lenox. Nicho: fferrar Deputy of the ' Carlisle: Lo: [[Brooke]]. Virginia Company.. i, ~ Rich: Weston. W"" letter beinge read hee Des",model_GPE,,V02-P0523-N01312-01318,1312,1318
38,V02-P0523,,,,"company/court name, not counted as a place",PLACE,Virginia,Virginia,"Richmond Lenox. Nicho: fferrar Deputy of the ' Carlisle: Lo: Brooke. [[Virginia]] Company.. i, ~ Rich: Weston. W"" letter beinge read hee Desyred the C",ruler_place:ambiguous_contextual,NW-001,V02-P0523-N01320-01328,1320,1328
38,V02-P0523,,,,,PLACE_CANDIDATE,,Weston,"r Deputy of the ' Carlisle: Lo: Brooke. Virginia Company.. i, ~ Rich: [[Weston]]. W"" letter beinge read hee Desyred the Company would generally take",model_GPE,,V02-P0523-N01350-01356,1350,1356
38,V02-P0523,,,,,PLACE_CANDIDATE,,LL,"nge read hee Desyred the Company would generally take notice of their [[LL]]” pleasure therin, to thend that vppd the first newes of any shipps re",model_GPE,,V02-P0523-N01442-01444,1442,1444
38,V02-P0523,place,,,,PLACE,Virginia,Virginia,"herin, to thend that vppd the first newes of any shipps returned from [[Virginia]] their LL™ might receaue speedy advertizement as was requyred. M’ Dep",ruler_place:ambiguous_contextual,NW-001,V02-P0523-N01526-01534,1526,1534
38,V02-P0523,,,,,PLACE_CANDIDATE,,LL,that vppd the first newes of any shipps returned from Virginia their [[LL]]™ might receaue speedy advertizement as was requyred. M’ Deputie acqu,model_GPE,,V02-P0523-N01541-01543,1541,1543
38,V02-P0523,,,,,PERSON_CANDIDATE,,§vppon§,Court that the speciall cause of callinge this present Court was abet [[§vppon§]] a writinge receaved from y° Secretary of the Somer lands Company w™ h,model_person:unresolved,,V02-P0523-N01694-01701,1694,1701
39,V03-P0368,,,,,PERSON_CANDIDATE,,Tumults,360 RECORDS OF THE VIRGINIA COMPANY [[Tumults]] within the Land; or for trials in matters of Iustice by way of appeal,model_person:unresolved,,V03-P0368-N00037-00044,37,44
39,V03-P0368,,,,,PERSON_CANDIDATE,,Order,"a Quarter-Court. And all Grants, former or future, swaruing from this [[Order]], shall be so farre forth deemed vnlawfull and surreptitious: as being",model_person:unresolved,,V03-P0368-N00354-00359,354,359
39,V03-P0368,,,,,PERSON_CANDIDATE,,deemed vnlawfull,", former or future, swaruing from this Order, shall be so farre forth [[deemed vnlawfull]] and surreptitious: as being repugnant to the Limitations in his Maje",model_person:unresolved,,V03-P0368-N00385-00401,385,401
39,V03-P0368,,,,,PERSON_CANDIDATE,,Gould,"atents. CXIII. In all Grants of Lands, a fift of the Roiali Mines of [[Gould]] and Siluer shall be reserued to the Companie: as an other fift is alr",model_person:unresolved,,V03-P0368-N00556-00561,556,561
39,V03-P0368,,,,,PERSON_CANDIDATE,,Siluer,"III. In all Grants of Lands, a fift of the Roiali Mines of Gould and [[Siluer]] shall be reserued to the Companie: as an other fift is alreadie reser",model_person:unresolved,,V03-P0368-N00566-00572,566,572
39,V03-P0368,,,,,PLACE_CANDIDATE,,Crowne,"serued to the Companie: as an other fift is alreadie reserued to the [[Crowne]]. CXIV. In all Patents or Indentures of Grants of Lands, the Grantees",model_GPE,,V03-P0368-N00654-00660,654,660
39,V03-P0368,,,,,PERSON_CANDIDATE,,Corne,"uenant to employ their people in great part in Staple Commodities, as [[Corne]], Wine, Silke, Silke-grasse, Hempe, Flax, Pitch and Tar, Pot-ashes and",model_person:unresolved,,V03-P0368-N00809-00814,809,814
39,V03-P0368,,,,,PERSON_CANDIDATE,,Sassaphras,"d, and other Materialls: and not wholly or chiefly about Tobacco, and [[Sassaphras]]. CXV. Ali Grants of Land in Virginia to the old Aduenturors their H",model_person:unresolved,,V03-P0368-N00983-00993,983,993
39,V03-P0368,,,,,PERSON_CANDIDATE,,Ali Grants of Land,"alls: and not wholly or chiefly about Tobacco, and Sassaphras. CXV. [[Ali Grants of Land]] in Virginia to the old Aduenturors their Heires and Assignes, that is",model_person:unresolved,,V03-P0368-N01002-01020,1002,1020
39,V03-P0368,place,,,,PLACE,Virginia,Virginia,"r chiefly about Tobacco, and Sassaphras. CXV. Ali Grants of Land in [[Virginia]] to the old Aduenturors their Heires and Assignes, that is, to such as",ruler_place:ambiguous_contextual,NW-001,V03-P0368-N01024-01032,1024,1032
39,V03-P0368,,,,,PERSON_CANDIDATE,,Treasurie,"es, that is, to such as haue heretofore brought in their money to the [[Treasurie]] for their seuerall shares, (being of twelve pound ten shillings the s",model_person:unresolved,,V03-P0368-N01149-01158,1149,1158
39,V03-P0368,,,,,PERSON_CANDIDATE,,Grants,"ng any Rent to the Companie for the one or the other. And in all such [[Grants]], the names of the Aduenturors, and the seuerall number of each of the",model_person:unresolved,,V03-P0368-N01836-01842,1836,1842
39,V03-P0368,,,,,PERSON_CANDIDATE,,Grant,"y and effectually within one yeare next after the sealing of the said [[Grant]], pay and discharge all such summes of money, wherein by subscription",model_person:unresolved,,V03-P0368-N02089-02094,2089,2094
40,V04-P0200,,,,,PERSON_CANDIDATE,,Letrer,"198 RECORDS OF THE VIRGINIA COMPANY CCCLVIUL Tae Kinc. [[Letrer]] to THE GovERNOR AND COMPANY OF THE Somers IsLanps May 20, 1623 Manc",model_person:unresolved,,V04-P0200-N00056-00062,56,62
40,V04-P0200,person,,,,PERSON,,James Rex,"369 Document in Public Record Office, London List of Records No. 512 [[James Rex]]. Trustie and welbeloved wee greete you Well. Wee have taken notice t",model_person:unresolved,,V04-P0200-N00221-00230,221,230
40,V04-P0200,,,,,PERSON_CANDIDATE,,Trustie,"in Public Record Office, London List of Records No. 512 James Rex. [[Trustie]] and welbeloved wee greete you Well. Wee have taken notice that wednes",model_person:unresolved,,V04-P0200-N00233-00240,233,240
40,V04-P0200,,,,,PLACE_CANDIDATE,,Governour,"his moneth is the day appointed by your tres Pattent¢ for choice of a [[Governour]], Deputie, Assistant@, and other Officers of the Summer Island@ Compan",model_GPE,,V04-P0200-N00396-00405,396,405
40,V04-P0200,,,,"company/court name, not counted as a place",PLACE,Bermuda / Somers Islands,Summer Island,"choice of a Governour, Deputie, Assistant@, and other Officers of the [[Summer Island]]@ Companie; and vnderstanding of the greate dif- ferences, and distrac",ruler_place:contextual_alias,NW-020,V04-P0200-N00454-00467,454,467
40,V04-P0200,,,,,PERSON_CANDIDATE,,Persons,"istractions that have happened by meanes of divers turbu- lent spit#€ [[Persons]], as well as in your as in the Virginia Companie, where some few diste",model_person:unresolved,,V04-P0200-N00601-00608,601,608
40,V04-P0200,,,,"company/court name, not counted as a place",PLACE,Virginia,Virginia,"akeing notice that of late in a confused manner, the two Companies of [[Virginia]] and the Surnmer Islande have binne warned to meete togeather, at one",ruler_place:ambiguous_contextual,NW-001,V04-P0200-N01064-01072,1064,1072
40,V04-P0200,,,,,PERSON_CANDIDATE,,Govcrnours,"ke, they being two severall bodies and inioying their owne particuler [[Govcrnours]], and Officers, Therefore to p'vent theis and the like disorders herea",model_person:unresolved,,V04-P0200-N01252-01262,1252,1262
40,V04-P0200,,,,,PERSON_CANDIDATE,,Officers,"wo severall bodies and inioying their owne particuler Govcrnours, and [[Officers]], Therefore to p'vent theis and the like disorders hereafter, and out",model_person:unresolved,,V04-P0200-N01268-01276,1268,1276
40,V04-P0200,,,,,PERSON_CANDIDATE,,Plantaéon,"reafter, and out of our speciall Care to the good and welfare of that [[Plantaéon]], Wee haue thought good hereby, to let you knowe our expresse will and",model_person:unresolved,,V04-P0200-N01399-01408,1399,1408
40,V04-P0200,,,,,PERSON_CANDIDATE,,mike Choice,"e will and pleasure to bee, that you doe not for this yeare ensueinge [[mike Choice]] to the §office of§ Governour, or deputie of yot Companie ume of those",model_person:unresolved,,V04-P0200-N01538-01549,1538,1549
40,V04-P0200,,,,,PERSON_CANDIDATE,,Governour,"t you doe not for this yeare ensueinge mike Choice to the §office of§ [[Governour]], or deputie of yot Companie ume of those Persons, who either for thei",model_person:unresolved,,V04-P0200-N01569-01578,1569,1578
40,V04-P0200,,,,,PERSON_CANDIDATE,,Persons,"to the §office of§ Governour, or deputie of yot Companie ume of those [[Persons]], who either for their late offence are restrayned, or had their hand",model_person:unresolved,,V04-P0200-N01620-01627,1620,1627
40,V04-P0200,,,,,PERSON_CANDIDATE,,Writeingé,"their hand in contriveing or couneclling of the aforesaid scandalous [[Writeingé]], weh Were read on the seaventh of this moneth in the Virginia Court,",model_person:unresolved,,V04-P0200-N01755-01764,1755,1764
40,V04-P0200,,,,"company/court name, not counted as a place",PLACE,Virginia,Virginia,"dalous Writeingé, weh Were read on the seaventh of this moneth in the [[Virginia]] Court, nor anie that have formerlie borne those Offices amongst you,",ruler_place:ambiguous_contextual,NW-001,V04-P0200-N01818-01826,1818,1826
40,V04-P0200,person,,,,PERSON,John Ferrar,John Farrar,": the Comission nowe on foote. Our Will and pleasure is also that you [[John Farrar]]. make Choice of a Secretarie or Clearke of yo"" owne, and not of anie",ruler_person,John Ferrar,V04-P0200-N02139-02150,2139,2150
40,V04-P0200,,,,,PERSON_CANDIDATE,,Secretarie,"Our Will and pleasure is also that you John Farrar. make Choice of a [[Secretarie]] or Clearke of yo"" owne, and not of anie that Nicholas Farrar.ig, or s",model_person:unresolved,,V04-P0200-N02169-02179,2169,2179
40,V04-P0200,person,,,,PERSON,Nicholas Ferrar,Nicholas Farrar,"e Choice of a Secretarie or Clearke of yo"" owne, and not of anie that [[Nicholas Farrar]].ig, or shalbee at the same time Secretarie or Clearke to the Virginia",ruler_person,Nicholas Ferrar,V04-P0200-N02225-02240,2225,2240
40,V04-P0200,,,,,PERSON_CANDIDATE,,Secretarie,"and not of anie that Nicholas Farrar.ig, or shalbee at the same time [[Secretarie]] or Clearke to the Virginia Com-",model_person:unresolved,,V04-P0200-N02273-02283,2273,2283
40,V04-P0200,,,,,PLACE_CANDIDATE,,Clearke,"ie that Nicholas Farrar.ig, or shalbee at the same time Secretarie or [[Clearke]] to the Virginia Com-",model_GPE,,V04-P0200-N02287-02294,2287,2294
40,V04-P0200,place,,,,PLACE,Virginia,Virginia,"s Farrar.ig, or shalbee at the same time Secretarie or Clearke to the [[Virginia]] Com-",ruler_place:ambiguous_contextual,NW-001,V04-P0200-N02302-02310,2302,2310
41,V01-P0410,place,,,,PLACE,Virginia,Virginia,"ent, Soas shee escaped that danger and came safely with her people to [[Virginia]] and that they wanted only the Sea fflower wherein Capt: Hamer went w™",ruler_place:ambiguous_contextual,NW-001,V01-P0410-N00141-00149,141,149
41,V01-P0410,,,,,PLACE_CANDIDATE,,Sea,came safely with her people to Virginia and that they wanted only the [[Sea]] fflower wherein Capt: Hamer went w™ they expected would be there win,model_LOC,,V01-P0410-N00180-00183,180,183
41,V01-P0410,,,,,PERSON_CANDIDATE,,Dayes,r wherein Capt: Hamer went w™ they expected would be there win a fewe [[Dayes]] after the cominge awaye of this Shippe. And further it was certified,model_person:unresolved,,V01-P0410-N00260-00265,260,265
41,V01-P0410,,,,,PERSON_CANDIDATE,,Shippe,ected would be there win a fewe Dayes after the cominge awaye of this [[Shippe]]. And further it was certified that they hed found the people in Vir-,model_person:unresolved,,V01-P0410-N00298-00304,298,304
41,V01-P0410,,,,,PERSON_CANDIDATE,,Shippe,und the people in Vir- ginia allin good health and that m‘ Delbridges [[Shippe]] was there also well arriued with many good Comodities from the Sumer,model_person:unresolved,,V01-P0410-N00422-00428,422,428
41,V01-P0410,person,,,,PERSON,,Captaine Welden,yfull & welcome newes. [330] The order of the former Court touchinge [[Captaine Welden]] beinge read m' Deputy signified that + at the risinge of the said Co™,model_person:unresolved,,V01-P0410-N00696-00711,696,711
41,V01-P0410,place,,,,PLACE,Virginia,Virginia,e allowance graunted vnto the Vssher of the ffree Schoole intended in [[Virginia]] beinge read m‘' Cop- land signified that the said Vsher havinge latel,ruler_place:ambiguous_contextual,NW-001,V01-P0410-N01772-01780,1772,1780
41,V01-P0410,,,,,PERSON_CANDIDATE,,Vsher,ntended in Virginia beinge read m‘' Cop- land signified that the said [[Vsher]] havinge lately imparted his minde vnto him seemed vnwillinge to goe a,model_person:unresolved,,V01-P0410-N01831-01836,1831,1836
41,V01-P0410,,,,,PERSON_CANDIDATE,,Vsher,avinge lately imparted his minde vnto him seemed vnwillinge to goe as [[Vsher]] or with any lesse title then m‘ of the said Schoole and to be also as,model_person:unresolved,,V01-P0410-N01908-01913,1908,1913
41,V01-P0410,,,,,PERSON_CANDIDATE,,Vsher,||not|| swarue from the order of the Quarter Court w™ did appoint the [[Vsher]] to be first estab-,model_person:unresolved,,V01-P0410-N02187-02192,2187,2192
42,V02-P0160,,,,,PERSON_CANDIDATE,,Servante,"re the buissinesses for them esteeminge themselues as his lp: said as [[Servante]] of the Court. ffor the first therefore his Ip: said, that accordingl",model_person:unresolved,,V02-P0160-N00367-00375,367,375
42,V02-P0160,,,,,PERSON_CANDIDATE,,Acéons,"he Director with their Counsell¢ and helpes in the seuerall part¢ and [[Acéons]] of the buissines, w™ were verie many and exceedinge waightie and impo",model_person:unresolved,,V02-P0160-N01217-01223,1217,1223
42,V02-P0160,,,,,PERSON_CANDIDATE,,Skill,and important. . Next a Bookeeper for keepinge of Account€ a man of [[Skill]] and in- dustrie. They conceaued it likewise necessarie that there sh,model_person:unresolved,,V02-P0160-N01354-01359,1354,1359
42,V02-P0160,,,,,PERSON_CANDIDATE,,Treasurie,"cient and substantiall man, who was to be continually resident in the [[Treasurie]], the other a person of fidelity for the receauinge and gatheringe in",model_person:unresolved,,V02-P0160-N01554-01563,1554,1563
42,V02-P0160,,,,,PLACE_CANDIDATE,,Towne,n of fidelity for the receauinge and gatheringe in of moneyes here in [[Towne]] or otherwise. ffurther they eonees#ed ||thought|| it necessarie to h,model_GPE,,V02-P0160-N01652-01657,1652,1657
42,V02-P0160,,,,,PERSON_CANDIDATE,,Directors,"erly vse of such a one, wherefore they thought fitt, he should be the [[Directors]] howshold Servant.",model_person:unresolved,,V02-P0160-N01910-01919,1910,1919
42,V02-P0160,,,,,PERSON_CANDIDATE,,Servant,"one, wherefore they thought fitt, he should be the Directors howshold [[Servant]].",model_person:unresolved,,V02-P0160-N01929-01936,1929,1936
43,V01-P0119,person,,,,PERSON,Henry Wriothesley,Lord of Southampton,"ARY COURTE HELDE THE 20™: of Marcu 1620 PRESENT y® Right Hono™: The [[Lord of Southampton]]. m* Treasuror. m' Tomlyné. m' Briggs. S’ Iohn Dauers. m"" Harbert. m'",ruler_person,Henry Wriothesley,V01-P0119-N00103-00122,103,122
43,V01-P0119,person,,,,PERSON,,m' Briggs,"y® Right Hono™: The Lord of Southampton. m* Treasuror. m' Tomlyné. [[m' Briggs]]. S’ Iohn Dauers. m"" Harbert. m'’ Cranmer. S' Io: Wolstenholme. mm’ Ro",model_person:unresolved,,V01-P0119-N00151-00160,151,160
43,V01-P0119,person,,,,PERSON,John Danvers,Iohn Dauers,"o™: The Lord of Southampton. m* Treasuror. m' Tomlyné. m' Briggs. S’ [[Iohn Dauers]]. m"" Harbert. m'’ Cranmer. S' Io: Wolstenholme. mm’ Rogers. m’ Berblec",ruler_person,John Danvers,V01-P0119-N00165-00176,165,176
43,V01-P0119,,,,,PERSON_CANDIDATE,,Harbert,"Southampton. m* Treasuror. m' Tomlyné. m' Briggs. S’ Iohn Dauers. m"" [[Harbert]]. m'’ Cranmer. S' Io: Wolstenholme. mm’ Rogers. m’ Berbleck. m' Io: Wr",model_person:unresolved,,V01-P0119-N00181-00188,181,188
43,V01-P0119,person,,,,PERSON,John Wolstenholme,Io: Wolstenholme,"r. m' Tomlyné. m' Briggs. S’ Iohn Dauers. m"" Harbert. m'’ Cranmer. S' [[Io: Wolstenholme]]. mm’ Rogers. m’ Berbleck. m' Io: Wroth. m’ Keightley. m* Meuerell. m’",ruler_person,John Wolstenholme,V01-P0119-N00206-00222,206,222
43,V01-P0119,,,,,PERSON_CANDIDATE,,mm,"Briggs. S’ Iohn Dauers. m"" Harbert. m'’ Cranmer. S' Io: Wolstenholme. [[mm]]’ Rogers. m’ Berbleck. m' Io: Wroth. m’ Keightley. m* Meuerell. m’ Dep",model_person:unresolved,,V01-P0119-N00224-00226,224,226
43,V01-P0119,person,,,,PERSON,Thomas Keightley,m’ Keightley,Cranmer. S' Io: Wolstenholme. mm’ Rogers. m’ Berbleck. m' Io: Wroth. [[m’ Keightley]]. m* Meuerell. m’ Deputy. m' Bamforde. m* Roberté. m' Tho: Gibbes. m',ruler_person,Thomas Keightley,V01-P0119-N00263-00275,263,275
43,V01-P0119,,,,,PERSON_CANDIDATE,,* Meuerell,: Wolstenholme. mm’ Rogers. m’ Berbleck. m' Io: Wroth. m’ Keightley. m[[* Meuerell]]. m’ Deputy. m' Bamforde. m* Roberté. m' Tho: Gibbes. m' Jadwin. m’ Me,model_person:unresolved,,V01-P0119-N00278-00288,278,288
43,V01-P0119,person,,,,PERSON,,m' Bamforde,ers. m’ Berbleck. m' Io: Wroth. m’ Keightley. m* Meuerell. m’ Deputy. [[m' Bamforde]]. m* Roberté. m' Tho: Gibbes. m' Jadwin. m’ Mellinge. m’ Bromfeild. m’,model_person:unresolved,,V01-P0119-N00301-00312,301,312
43,V01-P0119,,,,,PERSON_CANDIDATE,,* Roberté,ck. m' Io: Wroth. m’ Keightley. m* Meuerell. m’ Deputy. m' Bamforde. m[[* Roberté]]. m' Tho: Gibbes. m' Jadwin. m’ Mellinge. m’ Bromfeild. m’ Ditchfielde,model_person:unresolved,,V01-P0119-N00315-00324,315,324
43,V01-P0119,person,,,,PERSON,,m' Jadwin,ley. m* Meuerell. m’ Deputy. m' Bamforde. m* Roberté. m' Tho: Gibbes. [[m' Jadwin]]. m’ Mellinge. m’ Bromfeild. m’ Ditchfielde. m' Baldwin. m'’ Sam: Wrot,model_person:unresolved,,V01-P0119-N00342-00351,342,351
43,V01-P0119,person,,,,PERSON,Thomas Melling,m’ Mellinge,erell. m’ Deputy. m' Bamforde. m* Roberté. m' Tho: Gibbes. m' Jadwin. [[m’ Mellinge]]. m’ Bromfeild. m’ Ditchfielde. m' Baldwin. m'’ Sam: Wrote. m' Barnell,ruler_person,Thomas Melling,V01-P0119-N00353-00364,353,364
43,V01-P0119,person,,,,PERSON,,m’ Bromfeild,uty. m' Bamforde. m* Roberté. m' Tho: Gibbes. m' Jadwin. m’ Mellinge. [[m’ Bromfeild]]. m’ Ditchfielde. m' Baldwin. m'’ Sam: Wrote. m' Barnell. m’ Arundle.,model_person:unresolved,,V01-P0119-N00366-00378,366,378
43,V01-P0119,person,,,,PERSON,,m' Baldwin,m' Tho: Gibbes. m' Jadwin. m’ Mellinge. m’ Bromfeild. m’ Ditchfielde. [[m' Baldwin]]. m'’ Sam: Wrote. m' Barnell. m’ Arundle. Cap’ Argoll. m' Caswell. m',model_person:unresolved,,V01-P0119-N00396-00406,396,406
43,V01-P0119,person,,,,PERSON,,m' Barnell,’ Mellinge. m’ Bromfeild. m’ Ditchfielde. m' Baldwin. m'’ Sam: Wrote. [[m' Barnell]]. m’ Arundle. Cap’ Argoll. m' Caswell. m' Whyffin. D* Winstone. m’ Fer,model_person:unresolved,,V01-P0119-N00424-00434,424,434
43,V01-P0119,,,,,PERSON_CANDIDATE,,Cap,. m’ Ditchfielde. m' Baldwin. m'’ Sam: Wrote. m' Barnell. m’ Arundle. [[Cap]]’ Argoll. m' Caswell. m' Whyffin. D* Winstone. m’ Ferrar senie. One P,model_person:unresolved,,V01-P0119-N00448-00451,448,451
43,V01-P0119,person,,,,PERSON,Richard Caswell,m' Caswell,lde. m' Baldwin. m'’ Sam: Wrote. m' Barnell. m’ Arundle. Cap’ Argoll. [[m' Caswell]]. m' Whyffin. D* Winstone. m’ Ferrar senie. One Penecell who sometime,ruler_person,Richard Caswell,V01-P0119-N00461-00471,461,471
43,V01-P0119,place,,,,PLACE,Virginia,Virginia,"nstone. m’ Ferrar senie. One Penecell who sometimes lived a frend in [[Virginia]] beinge imployd M* Peneevile tr in the Treasuror, and accidentally at",ruler_place:ambiguous_contextual,NW-001,V01-P0119-N00560-00568,560,568
43,V01-P0119,place,,,,PLACE,Bermuda / Somers Islands,Sommer Iland,"and accidentally att her settinge out fallinge vppon () ""iy ins the [[Sommer Iland]]¢@ where now hee remayneth sent his peti@onary fre Virginia reeom- to",ruler_place:contextual_alias,NW-020,V01-P0119-N00688-00700,688,700
43,V01-P0119,place,,,,PLACE,Virginia,Virginia,s the Sommer Iland¢@ where now hee remayneth sent his peti@onary fre [[Virginia]] reeom- to the Treasuror and Comp*: to be released from thence that h,ruler_place:ambiguous_contextual,NW-001,V01-P0119-N00751-00759,751,759
43,V01-P0119,,,,,PERSON_CANDIDATE,,* Somer,easuror and Comp*: to be released from thence that hee might ems! =: ¥[[* Somer]] oe A oh ‘s Nand¢ Courte. returne to Virginia and there repextlant hi,model_person:unresolved,,V01-P0119-N00847-00854,847,854
43,V01-P0119,place,,,,PLACE,Virginia,Virginia,that hee might ems! =: ¥* Somer oe A oh ‘s Nand¢ Courte. returne to [[Virginia]] and there repextlant him w™ was conceaved to be very reasonable vppo,ruler_place:ambiguous_contextual,NW-001,V01-P0119-N00892-00900,892,900
43,V01-P0119,person,,,,PERSON,George Yeardley,George Yeardley,Ilandé Courte. The Councell haveinge heard the generall tre from S* [[George Yeardley]] “' Georse Yeard- gave order for the sattisfacéon of the Company that,ruler_person,George Yeardley,V01-P0119-N01106-01121,1106,1121
43,V01-P0119,,,,,PERSON_CANDIDATE,,Complainte,the Company that itt should be a publquely read vnto them wherin was [[Complainte]] of Sandys greiv- in was Cong lainte ances done by Cap' Samuell Argoll,model_person:unresolved,,V01-P0119-N01243-01253,1243,1253
43,V01-P0119,,,,,PERSON_CANDIDATE,,Cong,ublquely read vnto them wherin was Complainte of Sandys greiv- in was [[Cong]] lainte ances done by Cap' Samuell Argoll ptly concurringe w™ some of,model_person:unresolved,,V01-P0119-N01278-01282,1278,1282
43,V01-P0119,,,,,PERSON_CANDIDATE,,Cap,erin was Complainte of Sandys greiv- in was Cong lainte ances done by [[Cap]]' Samuell Argoll ptly concurringe w™ some of the en we 12 Articles by,model_person:unresolved,,V01-P0119-N01304-01307,1304,1307
43,V01-P0119,person,,,,PERSON,Samuel Argall,Samuell Argoll,was Complainte of Sandys greiv- in was Cong lainte ances done by Cap' [[Samuell Argoll]] ptly concurringe w™ some of the en we 12 Articles by the Company exhi,ruler_person,Samuel Argall,V01-P0119-N01309-01323,1309,1323
43,V01-P0119,,,,,PERSON_CANDIDATE,,jioctt hee,sddito present answers to the rest w” vppon the moéon of y* Companies [[jioctt hee]] 4 Councell m* Thfer delivered to the Secretary for to Coppy out and t,model_person:unresolved,,V01-P0119-N01576-01586,1576,1586
44,V02-P0033,,,,,PLACE_CANDIDATE,,Swine,Kinge fforrest. In w™ fforrest of yo’ Ma” there is of Deare and wild [[Swine]] a verie great number that beinge preserued with care and iudgement fr,model_GPE,,V02-P0033-N00248-00253,248,253
44,V02-P0033,,,,,PERSON_CANDIDATE,,Shippinge,"od, By w” preservaéon yo"" Ma“ Colony may be continually nourished and [[Shippinge]] at all times plentifully victualled with Corne ead Porke Baken and De",model_person:unresolved,,V02-P0033-N00474-00483,474,483
44,V02-P0033,,,,,PERSON_CANDIDATE,,Corne,ally nourished and Shippinge at all times plentifully victualled with [[Corne]] ead Porke Baken and Deeres fflesh beside there is many other prof - f,model_person:unresolved,,V02-P0033-N00525-00530,525,530
44,V02-P0033,,,,,PERSON_CANDIDATE,,Porke Baken,shed and Shippinge at all times plentifully victualled with Corne ead [[Porke Baken]] and Deeres fflesh beside there is many other prof - fitable Comoditie,model_person:unresolved,,V02-P0033-N00535-00546,535,546
44,V02-P0033,,,,,PERSON_CANDIDATE,,knowne Yo’ Petition,"s fflesh beside there is many other prof - fitable Comodities alleady [[knowne Yo’ Petition]]” therefore most humbly beseecheth yo"" most sacred Ma” to be pleased t",model_person:unresolved,,V02-P0033-N00626-00646,626,646
44,V02-P0033,,,,,PERSON_CANDIDATE,,Ma,"nowne Yo’ Petition” therefore most humbly beseecheth yo"" most sacred [[Ma]]” to be pleased to take the said fforrest into yo’ owne handé and to a",model_person:unresolved,,V02-P0033-N00697-00699,697,699
44,V02-P0033,,,,,PERSON_CANDIDATE,,mett,"ed in his Ma“ name a speedie Answeare: Wherevpon the Counsell hauinge [[mett]] in the morninge, and taken it into con- sideraéon framed an Answeare",model_person:unresolved,,V02-P0033-N01294-01298,1294,1298
44,V02-P0033,place,,,,PLACE,Virginia,Virginia,doth here ensue. [21] The Aunsweare of the Counsell and Compagny for [[Virginia]] assembled in a generall Courte to the Petition of Captayne Iohn Marty,ruler_place:ambiguous_contextual,NW-001,V02-P0033-N01451-01459,1451,1459
44,V02-P0033,person,,,,PERSON,,Capt: Robert Hassell,bled in a generall Courte to the Petition of Captayne Iohn Martyn and [[Capt: Robert Hassell]] w™ many others unnamed touching that which they call the Kings Forres,model_person:unresolved,,V02-P0033-N01535-01555,1535,1555
44,V02-P0033,place,,,,PLACE,Virginia,Virginia,any others unnamed touching that which they call the Kings Forrest in [[Virginia]]’ The sayde Counsell and Companie for aunsweare therevnto saye that t,ruler_place:ambiguous_contextual,NW-001,V02-P0033-N01630-01638,1630,1638
44,V02-P0033,place,,,,PLACE,Virginia,Virginia,"mpanie for aunsweare therevnto saye that they acknowledge no Kinge of [[Virginia]] but Kinge Iames, of and vnder whome they hold and not from |king|| Po",ruler_place:ambiguous_contextual,NW-001,V02-P0033-N01736-01744,1736,1744
44,V02-P0033,person,,,,PLACE_CANDIDATE,,Powhatan,"ia but Kinge Iames, of and vnder whome they hold and not from |king|| [[Powhatan]] so named by the Petitioners. True it is that for a permanent hono’ a",model_GPE,,V02-P0033-N01812-01820,1812,1820
44,V02-P0033,,,,,PERSON_CANDIDATE,,Ma,tioners. True it is that for a permanent hono’ as well to his royall [[Ma]]“ the flounder of that Plantation as also ||to|| his Princely Issue th,model_person:unresolved,,V02-P0033-N01911-01913,1911,1913
44,V02-P0033,person,,,,PERSON,Nicholas Ferrar,Nicholas Ferrar,he caption and first four words of this document are the autograph of [[Nicholas Ferrar]].,ruler_person,Nicholas Ferrar,V02-P0033-N02082-02097,2082,2097
45,V01-P0220,,,,,PERSON_CANDIDATE,,Crabriell Wisher M' Woode,oéon in the behalieaf yosorer Hande Compa: A writinge exhib- ited by [[Crabriell Wisher M' Woode]] aun- swere returned. 420 RECORDS OF THE VitGINIA COMPANY mi Poulson,model_person:unresolved,,V01-P0220-N00121-00147,121,147
45,V01-P0220,person,,,,PERSON,George Yeardley,George Yeardley,"OMPANY mi Poulson should be entreated to entertaine him, and that 8‘ [[George Yeardley]] should be solicited by Tre to bestowe some thing on him in reward of",ruler_person,George Yeardley,V01-P0220-N00269-00284,269,284
45,V01-P0220,,,,"company/court name, not counted as a place",PLACE,Bermuda / Somers Islands,Somer Iland,A moéon was made as formerlie their had beene in the behalfe of the [[Somer Iland]]@ Company that there might be a Certaine quantitie of Land in Virginia,ruler_place:contextual_alias,NW-020,V01-P0220-N00445-00456,445,456
45,V01-P0220,,,,,PERSON_CANDIDATE,,Certaine,eene in the behalfe of the Somer Iland@ Company that there might be a [[Certaine]] quantitie of Land in Virginia graunted vnto them lyinge neerest to th,model_person:unresolved,,V01-P0220-N00488-00496,488,496
45,V01-P0220,,,,,PLACE_CANDIDATE,,Land,the Somer Iland@ Company that there might be a Certaine quantitie of [[Land]] in Virginia graunted vnto them lyinge neerest to those Ilande for the,model_GPE,,V01-P0220-N00510-00514,510,514
45,V01-P0220,place,,,,PLACE,Virginia,Virginia,er Iland@ Company that there might be a Certaine quantitie of Land in [[Virginia]] graunted vnto them lyinge neerest to those Ilande for the better supp,ruler_place:ambiguous_contextual,NW-001,V01-P0220-N00518-00526,518,526
45,V01-P0220,,,,,PERSON_CANDIDATE,,Certaine,ny w“™ they desyred might now be confirmed att this Quarter Court. A [[Certaine]] writinge was exhibited to the Courte by one Gabriell Wisher a man wel,model_person:unresolved,,V01-P0220-N00683-00691,683,691
45,V01-P0220,person,,,,PERSON,Gabriel Wisher,Gabriell Wisher,"uarter Court. A Certaine writinge was exhibited to the Courte by one [[Gabriell Wisher]] a man well knowne to some of this Company, who vnder- standinge that",ruler_person,Gabriel Wisher,V01-P0220-N00736-00751,736,751
45,V01-P0220,,,,,PERSON_CANDIDATE,,knowne,"ritinge was exhibited to the Courte by one Gabriell Wisher a man well [[knowne]] to some of this Company, who vnder- standinge that divers Staple Como",model_person:unresolved,,V01-P0220-N00763-00769,763,769
45,V01-P0220,place,,,,PLACE,Virginia,Virginia,"tandinge that divers Staple Comodities are intended to be sett vpp in [[Virginia]] maks offer to this Company to procure out of Poland, and Sweadland (w",ruler_place:ambiguous_contextual,NW-001,V01-P0220-N00877-00885,877,885
45,V01-P0220,place,,,,PLACE,Poland,Poland,"be sett vpp in Virginia maks offer to this Company to procure out of [[Poland]], and Sweadland (wher hee is well acquainted) men skillfull in makinge",ruler_place:contextual_alias,OW-021,V01-P0220-N00931-00937,931,937
45,V01-P0220,place,,,,PLACE,Sweden,Sweadland,"in Virginia maks offer to this Company to procure out of Poland, and [[Sweadland]] (wher hee is well acquainted) men skillfull in makinge of Pitch, and",ruler_place:contextual_alias,OW-024,V01-P0220-N00943-00952,943,952
45,V01-P0220,,,,,PERSON_CANDIDATE,,Salt Peter,"pe- staues, dressers of Hemp & Flax As allso men skillfull in makinge [[Salt Peter]], and Powder, and would bringe them from those parts into England by t",model_person:unresolved,,V01-P0220-N01142-01152,1142,1152
45,V01-P0220,,,,,PERSON_CANDIDATE,,Powder,"sers of Hemp & Flax As allso men skillfull in makinge Salt Peter, and [[Powder]], and would bringe them from those parts into England by the end of Ma",model_person:unresolved,,V01-P0220-N01158-01164,1158,1164
45,V01-P0220,place,,,,PLACE,England,England,"e Salt Peter, and Powder, and would bringe them from those parts into [[England]] by the end of May next after the rate of x"" x* a man as many as the C",ruler_place:ambiguous_contextual,OW-011,V01-P0220-N01210-01217,1210,1217
45,V01-P0220,place,,,,PLACE,Ireland,Ireland,"Wood in the behalfe of M’ Gookin for transportaéon of Cattle outt of [[Ireland]] into Virginia an offer was made vnto him after the rate of x"": a Cowe",ruler_place:contextual_alias,OW-016,V01-P0220-N01520-01527,1520,1527
45,V01-P0220,place,,,,PLACE,Virginia,Virginia,"behalfe of M’ Gookin for transportaéon of Cattle outt of Ireland into [[Virginia]] an offer was made vnto him after the rate of x"": a Cowe vppon cer- ti",ruler_place:ambiguous_contextual,NW-001,V01-P0220-N01533-01541,1533,1541
45,V01-P0220,,,,,PERSON_CANDIDATE,,hee cannott,"h breed. The said m""™ Wood hath now returned his fynall aunswere that [[hee cannott]] entertaine the bargaine ynder xij"" the Cowe without exceedinge greate",model_person:unresolved,,V01-P0220-N01772-01783,1772,1783
46,V02-P0467,,,,"company/court name, not counted as a place",PLACE,Virginia,Virginia,"™ was dic- tated vnto him in manner followinge vizt. The Companie of [[Virginia]] in obedience to his Ma“” Letter do this day forbeare their election,",ruler_place:ambiguous_contextual,NW-001,V02-P0467-N00302-00310,302,310
46,V02-P0467,,,,,PLACE_CANDIDATE,,Quarter Courtes,“ havinge giuen them power by his Letters Patents to make election in [[Quarter Courtes]] only: W™ beinge read and ||so|| put to the question the whole Court w,model_LOC,,V02-P0467-N00522-00537,522,537
46,V02-P0467,,,,,PERSON_CANDIDATE,,Wyatt,"acquainted the Court that he had receaued a Letter from S‘ ffrauncis [[Wyatt]] (the present Gouernor) wherein he made request, that he would moue th",model_person:unresolved,,V02-P0467-N00772-00777,772,777
46,V02-P0467,place,,,,PLACE,Virginia,Virginia,"e Companie that aswell in reguard of his great losse since he went to [[Virginia]] (beinge out of his estate well neare 1000"") as also in discharge of t",ruler_place:ambiguous_contextual,NW-001,V02-P0467-N00917-00925,917,925
46,V02-P0467,,,,,PERSON_CANDIDATE,,supplie,office as Gou- ernor) that accordingly therevnto they would please to [[supplie]] him very speedily beinge not able otherwise well to subsist w™ moéon,model_person:unresolved,,V02-P0467-N01152-01159,1152,1159
46,V02-P0467,,,,,PERSON_CANDIDATE,,hand¢,ll. The Preparatiue Court was nowe read and by a generall erecéon of [[hand¢]] approued to be rightly sett downe. [330] Next the matters propounded,model_person:unresolved,,V02-P0467-N01378-01383,1378,1383
46,V02-P0467,,,,,PERSON_CANDIDATE,,accordinglie donne,tiue Court ||to be drawne vp and brought to this Court|| the same was [[accordinglie donne]] and nowe presented the Coppie whereof doth here ensue. The Treasuror,model_person:unresolved,,V02-P0467-N01829-01847,1829,1847
46,V02-P0467,place,,,,PLACE,London,London,e Treasuror and Companies of Aduenturers and Planters of the Citty of [[London]] for the first Colonie in Virginia to all vnto whome,ruler_place:ambiguous_contextual,OW-001,V02-P0467-N01976-01982,1976,1982
46,V02-P0467,,,,,PERSON_CANDIDATE,,Colonie,nies of Aduenturers and Planters of the Citty of London for the first [[Colonie]] in Virginia to all vnto whome,model_person:unresolved,,V02-P0467-N01997-02004,1997,2004
46,V02-P0467,place,,,,PLACE,Virginia,Virginia,enturers and Planters of the Citty of London for the first Colonie in [[Virginia]] to all vnto whome,ruler_place:ambiguous_contextual,NW-001,V02-P0467-N02008-02016,2008,2016
47,V01-P0006,,,,,PERSON_CANDIDATE,,Generall,"d he should haue Twenty greate shares and was confirmed vnto him by a [[Generall]] erecéon of handes. This Court was acquaynted, that the Lord of Salis",model_person:unresolved,,V01-P0006-N00364-00372,364,372
47,V01-P0006,,,,,PLACE_CANDIDATE,,Captaine,"was acquaynted, that the Lord of Salisbury desired the admittance of [[Captaine]] ’ Brett into this ffellowshipp, and to that end his Ld? hath giuen hi",model_GPE,,V01-P0006-N00473-00481,473,481
47,V01-P0006,,,,,PERSON_CANDIDATE,,Brett,"nted, that the Lord of Salisbury desired the admittance of Captaine ’ [[Brett]] into this ffellowshipp, and to that end his Ld? hath giuen him Two of",model_person:unresolved,,V01-P0006-N00484-00489,484,489
47,V01-P0006,place,,,,PLACE,Virginia,Virginia,"lowshipp, and to that end his Ld? hath giuen him Two of his shares in [[Virginia]], requesting that he might be suffered to sitt in the Court¢, and as o",ruler_place:ambiguous_contextual,NW-001,V01-P0006-N00574-00582,574,582
47,V01-P0006,person,,,,PERSON,Daniel Tucker,Captaine Daniell Tucker,be donne according to the orders of the Company. Vpon the request of [[Captaine Daniell Tucker]] for this Court to con- ferr 20 shares vpon him for his fiue yeares se,ruler_person,Daniel Tucker,V01-P0006-N00825-00848,825,848
47,V01-P0006,place,,,,PLACE,Virginia,Virginia,"to con- ferr 20 shares vpon him for his fiue yeares service spent in [[Virginia]], aswell for his personall Adventure, as for the severall Offices and",ruler_place:ambiguous_contextual,NW-001,V01-P0006-N00933-00941,933,941
47,V01-P0006,,,,,PERSON_CANDIDATE,,Viceadmirall,"namely, Capemer- ehant, Prouant M’, one of the Counsell, Truek M' and [[Viceadmirall]], wherein by reason of shortnes of time, was now referred to the Gen-",model_person:unresolved,,V01-P0006-N01131-01143,1131,1143
48,V02-P0087,person,,,partial: should be 'm’ Ed: Iohnson',PERSON,,m’ Ed,on and confirmed (vizt:) Patente to The Lady Berkely m’ Tho: Addison [[m’ Ed]]: Iohnson All w™ both Aduenturers m* Ed: Palmer and Planters haue vnde,model_person:unresolved,,V02-P0087-N00186-00191,186,191
48,V02-P0087,,,,,PLACE_CANDIDATE,,Pemberton,ke ciat€ to transport great m* Io: Haruy multitude of people to m’ W™ [[Pemberton]] Virginia. m’ W™ Rously m’ Dan: Peeker Gookin m’ Hillary . | [52] Th,model_GPE,,V02-P0087-N00383-00392,383,392
48,V02-P0087,place,,,,PLACE,Virginia,Virginia,o transport great m* Io: Haruy multitude of people to m’ W™ Pemberton [[Virginia]]. m’ W™ Rously m’ Dan: Peeker Gookin m’ Hillary . | [52] The Graunt,ruler_place:ambiguous_contextual,NW-001,V02-P0087-N00393-00401,393,401
48,V02-P0087,person,,,partial: should be 'm’ Dan: Peeker Gookin',PERSON,,m’ Dan,Haruy multitude of people to m’ W™ Pemberton Virginia. m’ W™ Rously [[m’ Dan]]: Peeker Gookin m’ Hillary . | [52] The Graunt of 18 shares to Captai,model_person:unresolved,,V02-P0087-N00417-00423,417,423
48,V02-P0087,person,,,,PERSON,,m’ Hillary,ople to m’ W™ Pemberton Virginia. m’ W™ Rously m’ Dan: Peeker Gookin [[m’ Hillary]] . | [52] The Graunt of 18 shares to Captaine Daniell Tucker (whereof,model_person:unresolved,,V02-P0087-N00439-00449,439,449
48,V02-P0087,person,,,,PERSON,Daniel Tucker,Captaine Daniell Tucker,"m’ Dan: Peeker Gookin m’ Hillary . | [52] The Graunt of 18 shares to [[Captaine Daniell Tucker]] (whereof three be paide in readie money after 12"" 10° p share, and th",ruler_person,Daniel Tucker,V02-P0087-N00487-00510,487,510
48,V02-P0087,person,,,,PERSON,,m* John Clarke,eruice) was nowe confirmed. Also a graunt of two shares of land vnto [[m* John Clarke]] formerly giuen him and ordered to be confirmed to him vnder the Compa,model_person:unresolved,,V02-P0087-N00691-00705,691,705
48,V02-P0087,person,,,,PERSON,Samuel Wrote,m’ Wrote,Seale were nowe accordingly ratified. The Lo: Cauendish. m* Gibbs. [[m’ Wrote]]. m’ Caswell. m’ Smith & The two Deputies. Are earnestly entreated,ruler_person,Samuel Wrote,V02-P0087-N00849-00857,849,857
48,V02-P0087,person,,,,PERSON,Richard Caswell,m’ Caswell,nowe accordingly ratified. The Lo: Cauendish. m* Gibbs. m’ Wrote. [[m’ Caswell]]. m’ Smith & The two Deputies. Are earnestly entreated by the Court,ruler_person,Richard Caswell,V02-P0087-N00860-00870,860,870
49,V01-P0263,,,,,PERSON_CANDIDATE,,Mathewe,"MAY 2, 1621 463 release vnto his brother [[Mathewe]] all manner of right and Title that the said Nicholas Could or might p",model_person:unresolved,,V01-P0263-N00042-00049,42,49
49,V01-P0263,,,,,PERSON_CANDIDATE,,Title,"2, 1621 463 release vnto his brother Mathewe all manner of right and [[Title]] that the said Nicholas Could or might pretend to certain Mano™ and ot",model_person:unresolved,,V01-P0263-N00074-00079,74,79
49,V01-P0263,,,,,PERSON_CANDIDATE,,Nicholas,vnto his brother Mathewe all manner of right and Title that the said [[Nicholas]] Could or might pretend to certain Mano™ and other Jand¢€ of S* George,model_person:unresolved,,V01-P0263-N00094-00102,94,102
49,V01-P0263,,,,,PERSON_CANDIDATE,,Mano,ht and Title that the said Nicholas Could or might pretend to certain [[Mano]]™ and other Jand¢€ of S* George Sofiiers in certaine Villages in dorse,model_person:unresolved,,V01-P0263-N00137-00141,137,141
49,V01-P0263,person,,,,PERSON,George Somers,George Sofiiers,cholas Could or might pretend to certain Mano™ and other Jand¢€ of S* [[George Sofiiers]] in certaine Villages in dorsett shire there pticul’ly sett downe and,ruler_person,George Somers,V01-P0263-N00166-00181,166,181
49,V01-P0263,,,,,PERSON_CANDIDATE,,Nicholas,n dorsett shire there pticul’ly sett downe and this they say the said [[Nicholas]] did performe and made vnto his brother Mathewe a release and assignem,model_person:unresolved,,V01-P0263-N00274-00282,274,282
49,V01-P0263,,,,,PERSON_CANDIDATE,,Mathewe,his they say the said Nicholas did performe and made vnto his brother [[Mathewe]] a release and assignement of all the land¢€ discended or discendable,model_person:unresolved,,V01-P0263-N00322-00329,322,329
49,V01-P0263,person,,,,PERSON,George Somers,George Somers,"assignement of all the land¢€ discended or discendable vnto him by 8"" [[George Somers]] by vertue whereof they challenge the Landé in Virginia and say they c",ruler_person,George Somers,V01-P0263-N00414-00427,414,427
49,V01-P0263,place,,,,PLACE,Virginia,Virginia,"him by 8"" George Somers by vertue whereof they challenge the Landé in [[Virginia]] and say they can pduce the release and assignem': of Nicholas vnto Ma",ruler_place:ambiguous_contextual,NW-001,V01-P0263-N00474-00482,474,482
49,V01-P0263,,,,,PERSON_CANDIDATE,,Nicholas,andé in Virginia and say they can pduce the release and assignem': of [[Nicholas]] vnto Mathew drawne by a lawyer and engrossed _ this Nicholas they con,model_person:unresolved,,V01-P0263-N00536-00544,536,544
49,V01-P0263,,,,,PERSON_CANDIDATE,,Nicholas,nem': of Nicholas vnto Mathew drawne by a lawyer and engrossed _ this [[Nicholas]] they confesse to be yet alive.’ [213] AT A GREAT AND GENERALL QUART,model_person:unresolved,,V01-P0263-N00597-00605,597,605
49,V01-P0263,place,,,,PLACE,Virginia,VIRGINIA,be yet alive.’ [213] AT A GREAT AND GENERALL QUARTER CoURT HELD FOR [[VIRGINIA]] ON WENESDAY THE SECOND oF May 1621: PRESENT the right Hono”: Earle,ruler_place:ambiguous_contextual,NW-001,V01-P0263-N00693-00701,693,701
49,V01-P0263,person,,,,PERSON,Henry Wriothesley,Earle of Southampton,"RGINIA ON WENESDAY THE SECOND oF May 1621: PRESENT the right Hono”: [[Earle of Southampton]]. Lo: Cauendish. Lo: Padgett. S': Thomas Roe. S': Edwyn Sandys. 8"": S",ruler_person,Henry Wriothesley,V01-P0263-N00765-00785,765,785
49,V01-P0263,,,,,PERSON_CANDIDATE,,Lo,"SECOND oF May 1621: PRESENT the right Hono”: Earle of Southampton. [[Lo]]: Cauendish. Lo: Padgett. S': Thomas Roe. S': Edwyn Sandys. 8"": Samue",model_person:unresolved,,V01-P0263-N00787-00789,787,789
49,V01-P0263,,,,,PERSON_CANDIDATE,,Lo,"621: PRESENT the right Hono”: Earle of Southampton. Lo: Cauendish. [[Lo]]: Padgett. S': Thomas Roe. S': Edwyn Sandys. 8"": Samuell Sandys. S’ Ni",model_person:unresolved,,V01-P0263-N00803-00805,803,805
49,V01-P0263,,,,,PERSON_CANDIDATE,,Padgett,"PRESENT the right Hono”: Earle of Southampton. Lo: Cauendish. Lo: [[Padgett]]. S': Thomas Roe. S': Edwyn Sandys. 8"": Samuell Sandys. S’ Nich: Tufto",model_person:unresolved,,V01-P0263-N00807-00814,807,814
49,V01-P0263,person,,,,PERSON,Thomas Roe,Thomas Roe,"e right Hono”: Earle of Southampton. Lo: Cauendish. Lo: Padgett. S': [[Thomas Roe]]. S': Edwyn Sandys. 8"": Samuell Sandys. S’ Nich: Tufton. S': Iohn Daue",ruler_person,Thomas Roe,V01-P0263-N00820-00830,820,830
49,V01-P0263,person,,,,PERSON,Edwin Sandys,Edwyn Sandys,"arle of Southampton. Lo: Cauendish. Lo: Padgett. S': Thomas Roe. S': [[Edwyn Sandys]]. 8"": Samuell Sandys. S’ Nich: Tufton. S': Iohn Dauers. S': Walter Ear",ruler_person,Edwin Sandys,V01-P0263-N00836-00848,836,848
49,V01-P0263,person,,,,PERSON,Samuel Sandys,Samuell Sandys,"n. Lo: Cauendish. Lo: Padgett. S': Thomas Roe. S': Edwyn Sandys. 8"": [[Samuell Sandys]]. S’ Nich: Tufton. S': Iohn Dauers. S': Walter Earle. S’ Rich: Worsel",model_person:exact_alias:observed_span,Samuel Sandys,V01-P0263-N00854-00868,854,868
49,V01-P0263,person,,,,PERSON,John Danvers,Iohn Dauers,"homas Roe. S': Edwyn Sandys. 8"": Samuell Sandys. S’ Nich: Tufton. S': [[Iohn Dauers]]. S': Walter Earle. S’ Rich: Worsely. S': Henry Rainsford. S' ffran:",ruler_person,John Danvers,V01-P0263-N00891-00902,891,902
49,V01-P0263,person,,,,PERSON,Walter Earle,Walter Earle,"wyn Sandys. 8"": Samuell Sandys. S’ Nich: Tufton. S': Iohn Dauers. S': [[Walter Earle]]. S’ Rich: Worsely. S': Henry Rainsford. S' ffran: Wyate. m' Deputy",ruler_person,Walter Earle,V01-P0263-N00908-00920,908,920
49,V01-P0263,person,,,,PERSON,Henry Rainsford,Henry Rainsford,ch: Tufton. S': Iohn Dauers. S': Walter Earle. S’ Rich: Worsely. S': [[Henry Rainsford]]. S' ffran: Wyate. m' Deputy fferrar. m* George Sandys. Captain Tucke,ruler_person,Henry Rainsford,V01-P0263-N00945-00960,945,960
49,V01-P0263,person,,,,PERSON,George Sandys,m* George Sandys,h: Worsely. S': Henry Rainsford. S' ffran: Wyate. m' Deputy fferrar. [[m* George Sandys]]. Captain Tucker. m* Toby Palauacine. Capt: W™ Newce. m’ Robte Smith.,ruler_person,George Sandys,V01-P0263-N00999-01015,999,1015
49,V01-P0263,person,,,,PERSON,,Captain Tucker,nry Rainsford. S' ffran: Wyate. m' Deputy fferrar. m* George Sandys. [[Captain Tucker]]. m* Toby Palauacine. Capt: W™ Newce. m’ Robte Smith. m’ Thomas Gibbs,model_person:unresolved,,V01-P0263-N01017-01031,1017,1031
49,V01-P0263,person,,,,PERSON,Robert Smith,m’ Robte Smith,m* George Sandys. Captain Tucker. m* Toby Palauacine. Capt: W™ Newce. [[m’ Robte Smith]]. m’ Thomas Gibbs. Capt. Bargraue. m’ Challon’. m* John Zouch. m’ W™:,ruler_person,Robert Smith,V01-P0263-N01069-01083,1069,1083
49,V01-P0263,person,,,,PERSON,Thomas Gibbs,m’ Thomas Gibbs,Captain Tucker. m* Toby Palauacine. Capt: W™ Newce. m’ Robte Smith. [[m’ Thomas Gibbs]]. Capt. Bargraue. m’ Challon’. m* John Zouch. m’ W™: Oxenbridge. m’ Po,ruler_person,Thomas Gibbs,V01-P0263-N01086-01101,1086,1101
49,V01-P0263,person,,,,PERSON,John Zouch,m* John Zouch,Newce. m’ Robte Smith. m’ Thomas Gibbs. Capt. Bargraue. m’ Challon’. [[m* John Zouch]]. m’ W™: Oxenbridge. m’ Porter. m* Iohn Smith. m* Kempe. m’ Moone. Doc,ruler_person,John Zouch,V01-P0263-N01132-01145,1132,1145
49,V01-P0263,person,,,,PERSON,,m’ Porter,"Gibbs. Capt. Bargraue. m’ Challon’. m* John Zouch. m’ W™: Oxenbridge. [[m’ Porter]]. m* Iohn Smith. m* Kempe. m’ Moone. Docto"": Winstone. m’ Henry Rainsf",model_person:unresolved,,V01-P0263-N01166-01175,1166,1175
49,V01-P0263,person,,,,PERSON,,m* Iohn Smith,". Bargraue. m’ Challon’. m* John Zouch. m’ W™: Oxenbridge. m’ Porter. [[m* Iohn Smith]]. m* Kempe. m’ Moone. Docto"": Winstone. m’ Henry Rainsford. m' Jeffers",model_person:excluded,,V01-P0263-N01177-01190,1177,1190
49,V01-P0263,,,,,PERSON_CANDIDATE,,* Kempe,"hallon’. m* John Zouch. m’ W™: Oxenbridge. m’ Porter. m* Iohn Smith. m[[* Kempe]]. m’ Moone. Docto"": Winstone. m’ Henry Rainsford. m' Jefferson. Docto""",model_person:unresolved,,V01-P0263-N01193-01200,1193,1200
49,V01-P0263,person,,,,PERSON,Henry Rainsford,m’ Henry Rainsford,"idge. m’ Porter. m* Iohn Smith. m* Kempe. m’ Moone. Docto"": Winstone. [[m’ Henry Rainsford]]. m' Jefferson. Docto"": Anthony. m*’ Edw: Gibbs. m* Sheppard. m’‘ Nic",ruler_person,Henry Rainsford,V01-P0263-N01230-01248,1230,1248
49,V01-P0263,,,,,PLACE_CANDIDATE,,Jefferson,"n Smith. m* Kempe. m’ Moone. Docto"": Winstone. m’ Henry Rainsford. m' [[Jefferson]]. Docto"": Anthony. m*’ Edw: Gibbs. m* Sheppard. m’‘ Nich: fferrar. '",model_GPE,,V01-P0263-N01253-01262,1253,1262
49,V01-P0263,,,,,PLACE_CANDIDATE,,Docto,"Kempe. m’ Moone. Docto"": Winstone. m’ Henry Rainsford. m' Jefferson. [[Docto]]"": Anthony. m*’ Edw: Gibbs. m* Sheppard. m’‘ Nich: fferrar. ' The res",model_GPE,,V01-P0263-N01264-01269,1264,1269
49,V01-P0263,,,,,PERSON_CANDIDATE,,Anthony,"m’ Moone. Docto"": Winstone. m’ Henry Rainsford. m' Jefferson. Docto"": [[Anthony]]. m*’ Edw: Gibbs. m* Sheppard. m’‘ Nich: fferrar. ' The rest of this",model_person:unresolved,,V01-P0263-N01272-01279,1272,1279
49,V01-P0263,,,,,PERSON_CANDIDATE,,* Sheppard,". m’ Henry Rainsford. m' Jefferson. Docto"": Anthony. m*’ Edw: Gibbs. m[[* Sheppard]]. m’‘ Nich: fferrar. ' The rest of this page 212 is, in the original,",model_person:unresolved,,V01-P0263-N01298-01308,1298,1308
50,V02-P0015,,,,,PERSON_CANDIDATE,,Blunt,ptaine of the Abigall touchinge the build- inge of a Blockhowse neare [[Blunt]]-pointe in lames Riuer in Virginia In w™ place (beinge formerly veiwed,model_person:unresolved,,V02-P0015-N00183-00188,183,188
50,V02-P0015,,,,,PLACE_CANDIDATE,,Riuer,touchinge the build- inge of a Blockhowse neare Blunt-pointe in lames [[Riuer]] in Virginia In w™ place (beinge formerly veiwed by him) he hopeth to,model_GPE,,V02-P0015-N00205-00210,205,210
50,V02-P0015,place,,,,PLACE,Virginia,Virginia,the build- inge of a Blockhowse neare Blunt-pointe in lames Riuer in [[Virginia]] In w™ place (beinge formerly veiwed by him) he hopeth to effect the s,ruler_place:ambiguous_contextual,NW-001,V02-P0015-N00214-00222,214,222
50,V02-P0015,,,,,PERSON_CANDIDATE,,hopeth,ames Riuer in Virginia In w™ place (beinge formerly veiwed by him) he [[hopeth]] to effect the same ffor performance [9] whereof his demaunde also wer,model_person:unresolved,,V02-P0015-N00270-00276,270,276
50,V02-P0015,,,,,PERSON_CANDIDATE,,Shippe,o the Company but rather a benifitt by the imployment of so stronge a [[Shippe]] for the safe transporte of their people this present yeare as also th,model_person:unresolved,,V02-P0015-N00519-00525,519,525
50,V02-P0015,,,,,PLACE_CANDIDATE,,Hatchettes Axes Shouell¢ Spade,"matter of 200"" to be disbursed in necessarie prouisions as namely in [[Hatchettes Axes Shouell¢ Spade]] and a stronge lighter (w came to the greatest charge beinge estimated",model_GPE,,V02-P0015-N00961-00991,961,991
50,V02-P0015,,,,,PERSON_CANDIDATE,,Colony,beinge onely to aduance the buissines and to be repaide againe by the [[Colony]] who are contented to be at all the charge vpon the vndertakinge of so,model_person:unresolved,,V02-P0015-N01291-01297,1291,1297
50,V02-P0015,,,,,PERSON_CANDIDATE,,John,"ant a worke vnto them for these respecte, the Court hath entreated m‘ [[John]] ffarrar to take vp so much money and for his Security, it is ordered",model_person:unresolved,,V02-P0015-N01444-01448,1444,1448
50,V02-P0015,place,,,,PLACE,Virginia,Virginia,"for repayment, but also such good¢ and comodities as shall come from [[Virginia]] to the Companies vse shalbe consigned vnto him vntill vpon the sale h",ruler_place:ambiguous_contextual,NW-001,V02-P0015-N01636-01644,1636,1644
50,V02-P0015,,,,,PERSON_CANDIDATE,,nowe againe,"accordinge to a writinge then presented by the Auditors, the same was [[nowe againe]] read and beinge put to the question was ratified confirmed and ordere",model_person:unresolved,,V02-P0015-N02084-02095,2084,2095
