name_group_id,name_group_key,display_name,occurrence_count,observed_forms,captain_context_suggestion_count,person_identity_status,review_note
NAME_00002,a. b,A. B,4,A. B,0,suggestion_only,Do not merge occurrences into one person without occurrence-specific context or an approved safe alias.
NAME_00004,abbott nathaniell,Abbott Nathaniell,1,Abbott Nathaniell,0,suggestion_only,Do not merge occurrences into one person without occurrence-specific context or an approved safe alias.
NAME_00005,abe tt,Abe Tt,1,Abe Tt,0,suggestion_only,Do not merge occurrences into one person without occurrence-specific context or an approved safe alias.
NAME_00008,abraham carpenter,Abraham Carpenter,1,Abraham Carpenter,0,suggestion_only,Do not merge occurrences into one person without occurrence-specific context or an approved safe alias.
NAME_00019,abraham dawes,Abraham Dawes,1,Abraham Dawes,0,suggestion_only,Do not merge occurrences into one person without occurrence-specific context or an approved safe alias.
NAME_00020,abraham dawes-,Abraham Dawes-,1,Abraham Dawes-,0,suggestion_only,Do not merge occurrences into one person without occurrence-specific context or an approved safe alias.
NAME_00021,abraham daws,Abraham Daws,1,Abraham Daws,0,suggestion_only,Do not merge occurrences into one person without occurrence-specific context or an approved safe alias.
NAME_00022,abraham gangs,Abraham Gangs,1,Abraham Gangs,0,suggestion_only,Do not merge occurrences into one person without occurrence-specific context or an approved safe alias.
NAME_00023,abraham jacob,Abraham Jacob,1,Abraham Jacob,0,suggestion_only,Do not merge occurrences into one person without occurrence-specific context or an approved safe alias.
NAME_00024,abraham jacobs,Abraham Jacobs,1,Abraham Jacobs,0,suggestion_only,Do not merge occurrences into one person without occurrence-specific context or an approved safe alias.
NAME_00034,abrahamo diws,Abrahamo Diws,1,Abrahamo Diws,0,suggestion_only,Do not merge occurrences into one person without occurrence-specific context or an approved safe alias.
NAME_00035,abranem beeld,Abranem Beeld,1,Abranem Beeld,0,suggestion_only,Do not merge occurrences into one person without occurrence-specific context or an approved safe alias.
NAME_00041,adam denton,Adam Denton,1,Adam Denton,0,suggestion_only,Do not merge occurrences into one person without occurrence-specific context or an approved safe alias.
NAME_00043,adam dixson,Adam Dixson,1,Adam Dixson,0,suggestion_only,Do not merge occurrences into one person without occurrence-specific context or an approved safe alias.
NAME_00044,adam perkins,Adam Perkins,2,Adam Perkins,0,suggestion_only,Do not merge occurrences into one person without occurrence-specific context or an approved safe alias.
NAME_00045,adam reymer,Adam Reymer,1,Adam Reymer,0,suggestion_only,Do not merge occurrences into one person without occurrence-specific context or an approved safe alias.
NAME_00046,adamo perkins,Adamo Perkins,1,Adamo Perkins,0,suggestion_only,Do not merge occurrences into one person without occurrence-specific context or an approved safe alias.
NAME_00047,adrian moore,Adrian Moore,1,Adrian Moore,0,suggestion_only,Do not merge occurrences into one person without occurrence-specific context or an approved safe alias.
NAME_00048,adriano moore,Adriano Moore,1,Adriano Moore,0,suggestion_only,Do not merge occurrences into one person without occurrence-specific context or an approved safe alias.
NAME_00051,adventurers thomas,Adventurers Thomas,1,Adventurers Thomas,0,suggestion_only,Do not merge occurrences into one person without occurrence-specific context or an approved safe alias.
NAME_00054,ait john,AIT John,1,AIT John,0,suggestion_only,Do not merge occurrences into one person without occurrence-specific context or an approved safe alias.
NAME_00056,aldef iohnson,Aldef Iohnson,2,"Aldef Iohnson | m’ Aldef
Iohnson",0,suggestion_only,Do not merge occurrences into one person without occurrence-specific context or an approved safe alias.
NAME_00059,alder- bayly,Alder- Bayly,1,Alder- Bayly,0,suggestion_only,Do not merge occurrences into one person without occurrence-specific context or an approved safe alias.
NAME_00060,alderman cambell,Alderman Cambell,1,Alderman Cambell,0,suggestion_only,Do not merge occurrences into one person without occurrence-specific context or an approved safe alias.
NAME_00061,alderman haiersley,Alderman Haiersley,1,Alderman Haiersley,0,suggestion_only,Do not merge occurrences into one person without occurrence-specific context or an approved safe alias.
NAME_00062,alderman ham-,Alderman Ham-,1,m’ Alderman Ham-,0,suggestion_only,Do not merge occurrences into one person without occurrence-specific context or an approved safe alias.
NAME_00063,alderman hamersley,Alderman Hamersley,1,m* Alderman Hamersley,0,suggestion_only,Do not merge occurrences into one person without occurrence-specific context or an approved safe alias.
NAME_00064,alderman hamersly,Alderman Hamersly,2,Alderman Hamersly | m* Alderman Hamersly,0,suggestion_only,Do not merge occurrences into one person without occurrence-specific context or an approved safe alias.
NAME_00065,alderman iohn-,Alderman Iohn-,1,m’ Alderman Iohn-,0,suggestion_only,Do not merge occurrences into one person without occurrence-specific context or an approved safe alias.
NAME_00067,alderman iohnsons,Alderman Iohnsons,1,"m'
Alderman Iohnsons",0,suggestion_only,Do not merge occurrences into one person without occurrence-specific context or an approved safe alias.
NAME_00068,alderman jehnson,Alderman Jehnson,1,Alderman Jehnson,0,suggestion_only,Do not merge occurrences into one person without occurrence-specific context or an approved safe alias.
NAME_00069,alderman jhonson,Alderman Jhonson,2,Alderman Jhonson,0,suggestion_only,Do not merge occurrences into one person without occurrence-specific context or an approved safe alias.
NAME_00071,alderman johnsons,Alderman Johnsons,1,Alderman Johnsons,0,suggestion_only,Do not merge occurrences into one person without occurrence-specific context or an approved safe alias.
NAME_00072,alderman jolinsone,Alderman Jolinsone,1,Alderman Jolinsone,0,suggestion_only,Do not merge occurrences into one person without occurrence-specific context or an approved safe alias.
NAME_00073,alderman jultsen,Alderman Jultsen,1,Alderman Jultsen,0,suggestion_only,Do not merge occurrences into one person without occurrence-specific context or an approved safe alias.
NAME_00074,aldermann iohnson,Aldermann Iohnson,1,Aldermann Iohnson,0,suggestion_only,Do not merge occurrences into one person without occurrence-specific context or an approved safe alias.
NAME_00075,alderrnan johnson’s,Alderrnan Johnson’s,1,Alderrnan Johnson’s,0,suggestion_only,Do not merge occurrences into one person without occurrence-specific context or an approved safe alias.
NAME_00076,aldet iohnson,Aldet Iohnson,2,"m’ Aldet
Iohnson",0,suggestion_only,Do not merge occurrences into one person without occurrence-specific context or an approved safe alias.
NAME_00078,aldfan iohnsons,Aldfan Iohnsons,1,m* Aldfan Iohnsons,0,suggestion_only,Do not merge occurrences into one person without occurrence-specific context or an approved safe alias.
NAME_00080,aldfan lohnson,Aldfan Lohnson,2,m' Aldfan Lohnson,0,suggestion_only,Do not merge occurrences into one person without occurrence-specific context or an approved safe alias.
NAME_00081,aldfan rotheram,Aldfan Rotheram,1,m’ Aldfan Rotheram,0,suggestion_only,Do not merge occurrences into one person without occurrence-specific context or an approved safe alias.
NAME_00082,aldfan tohnson,Aldfan Tohnson,1,Aldfan Tohnson,0,suggestion_only,Do not merge occurrences into one person without occurrence-specific context or an approved safe alias.
NAME_00083,aldian iohnson,Aldian Iohnson,2,m' Aldian Iohnson,0,suggestion_only,Do not merge occurrences into one person without occurrence-specific context or an approved safe alias.
NAME_00084,aldian johnson,Aldian Johnson,1,Aldian Johnson,0,suggestion_only,Do not merge occurrences into one person without occurrence-specific context or an approved safe alias.
NAME_00085,aldifan iohnson,Aldifan Iohnson,2,"m*
Aldifan Iohnson",0,suggestion_only,Do not merge occurrences into one person without occurrence-specific context or an approved safe alias.
NAME_00086,aldiéan johnson,Aldiéan Johnson,2,m' Aldiéan Johnson,0,suggestion_only,Do not merge occurrences into one person without occurrence-specific context or an approved safe alias.
NAME_00088,aldtan iohnson,Aldtan Iohnson,2,M’ Aldtan Iohnson | m’ Aldtan Iohnson,0,suggestion_only,Do not merge occurrences into one person without occurrence-specific context or an approved safe alias.
NAME_00089,aldtan johnson,Aldtan Johnson,1,Aldtan Johnson,0,suggestion_only,Do not merge occurrences into one person without occurrence-specific context or an approved safe alias.
NAME_00090,aldéan iohnson,Aldéan Iohnson,3,"m'’ Aldéan
Iohnson | m’ Aldéan Iohnson",0,suggestion_only,Do not merge occurrences into one person without occurrence-specific context or an approved safe alias.
NAME_00091,alexander bale,Alexander Bale,1,Alexander Bale,0,suggestion_only,Do not merge occurrences into one person without occurrence-specific context or an approved safe alias.
NAME_00092,alexander bentts,Alexander Bentts,1,Captain Alexander Bentts,0,suggestion_only,Do not merge occurrences into one person without occurrence-specific context or an approved safe alias.
NAME_00093,alexander broadway,Alexander Broadway,1,Alexander Broadway,0,suggestion_only,Do not merge occurrences into one person without occurrence-specific context or an approved safe alias.
NAME_00094,alexander brown,Alexander Brown,2,Alexander Brown,0,suggestion_only,Do not merge occurrences into one person without occurrence-specific context or an approved safe alias.
NAME_00095,alexander childe,Alexander Childe,1,Alexander Childe,0,suggestion_only,Do not merge occurrences into one person without occurrence-specific context or an approved safe alias.
NAME_00096,alexander cunningham,Alexander Cunningham,1,Alexander Cunningham,0,suggestion_only,Do not merge occurrences into one person without occurrence-specific context or an approved safe alias.
NAME_00097,alexander mountney,Alexander Mountney,1,Alexander Mountney,0,suggestion_only,Do not merge occurrences into one person without occurrence-specific context or an approved safe alias.
NAME_00098,alexander whitaker,Alexander Whitaker,1,Alexander Whitaker,0,suggestion_only,Do not merge occurrences into one person without occurrence-specific context or an approved safe alias.
NAME_00099,alexandro bentts,Alexandro Bentts,1,Alexandro Bentts,0,suggestion_only,Do not merge occurrences into one person without occurrence-specific context or an approved safe alias.
NAME_00100,alexandro childe,Alexandro Childe,1,Alexandro Childe,0,suggestion_only,Do not merge occurrences into one person without occurrence-specific context or an approved safe alias.
NAME_00102,aliano lupo,Aliano Lupo,1,M’ Aliano Lupo,0,suggestion_only,Do not merge occurrences into one person without occurrence-specific context or an approved safe alias.
NAME_00103,alias mangopeesomon,Alias Mangopeesomon,1,Alias Mangopeesomon,0,suggestion_only,Do not merge occurrences into one person without occurrence-specific context or an approved safe alias.
NAME_00104,alias martin’s,Alias Martin’s,1,Alias Martin’s,0,suggestion_only,Do not merge occurrences into one person without occurrence-specific context or an approved safe alias.
NAME_00105,alice dauies,Alice Dauies,1,Alice Dauies,0,suggestion_only,Do not merge occurrences into one person without occurrence-specific context or an approved safe alias.
NAME_00106,alice elizabeth,Alice Elizabeth,1,Alice Elizabeth,0,suggestion_only,Do not merge occurrences into one person without occurrence-specific context or an approved safe alias.
NAME_00107,alice heskins,Alice Heskins,1,Alice Heskins,0,suggestion_only,Do not merge occurrences into one person without occurrence-specific context or an approved safe alias.
NAME_00108,alice heskyns,Alice Heskyns,1,Alice Heskyns,0,suggestion_only,Do not merge occurrences into one person without occurrence-specific context or an approved safe alias.
NAME_00109,alice tones,Alice Tones,1,Alice Tones,0,suggestion_only,Do not merge occurrences into one person without occurrence-specific context or an approved safe alias.
NAME_00110,alice. to,Alice. To,1,"Mrs. Alice.
To",0,suggestion_only,Do not merge occurrences into one person without occurrence-specific context or an approved safe alias.
NAME_00111,allan cotton,Allan Cotton,1,Allan Cotton,0,suggestion_only,Do not merge occurrences into one person without occurrence-specific context or an approved safe alias.
NAME_00112,allano cotton,Allano Cotton,1,Allano Cotton,0,suggestion_only,Do not merge occurrences into one person without occurrence-specific context or an approved safe alias.
NAME_00113,allderman johnson,Allderman Johnson,2,Allderman Johnson,0,suggestion_only,Do not merge occurrences into one person without occurrence-specific context or an approved safe alias.
NAME_00114,allen cotton,Allen Cotton,1,Allen Cotton,0,suggestion_only,Do not merge occurrences into one person without occurrence-specific context or an approved safe alias.
NAME_00115,allen percie,Allen Percie,1,Allen Percie,0,suggestion_only,Do not merge occurrences into one person without occurrence-specific context or an approved safe alias.
NAME_00116,allew perey,Allew Perey,1,Allew Perey,0,suggestion_only,Do not merge occurrences into one person without occurrence-specific context or an approved safe alias.
NAME_00118,ambros austin,Ambros Austin,1,Ambros Austin,0,suggestion_only,Do not merge occurrences into one person without occurrence-specific context or an approved safe alias.
NAME_00119,ambros wood,Ambros Wood,1,Ambros Wood,0,suggestion_only,Do not merge occurrences into one person without occurrence-specific context or an approved safe alias.
NAME_00120,ambrose austen,Ambrose Austen,1,Ambrose Austen,0,suggestion_only,Do not merge occurrences into one person without occurrence-specific context or an approved safe alias.
NAME_00121,ambrose brewsie,Ambrose Brewsie,1,Ambrose Brewsie,0,suggestion_only,Do not merge occurrences into one person without occurrence-specific context or an approved safe alias.
NAME_00122,ambrose drusey,Ambrose Drusey,1,Ambrose Drusey,0,suggestion_only,Do not merge occurrences into one person without occurrence-specific context or an approved safe alias.
NAME_00124,ambrosio drusey,Ambrosio Drusey,1,Ambrosio Drusey,0,suggestion_only,Do not merge occurrences into one person without occurrence-specific context or an approved safe alias.
NAME_00127,amias bamfield,Amias Bamfield,1,Sir Amias Bamfield,0,suggestion_only,Do not merge occurrences into one person without occurrence-specific context or an approved safe alias.
NAME_00128,amias bamfield..............-------.-------------------,Amias Bamfield..............-------.-------------------,1,Sir Amias Bamfield..............-------.-------------------,0,suggestion_only,Do not merge occurrences into one person without occurrence-specific context or an approved safe alias.
NAME_00129,amias preston,Amias Preston,4,Amias Preston | Sir Amias Preston,0,suggestion_only,Do not merge occurrences into one person without occurrence-specific context or an approved safe alias.
NAME_00130,amie preston,Amie Preston,1,Amie Preston,0,suggestion_only,Do not merge occurrences into one person without occurrence-specific context or an approved safe alias.
NAME_00132,ancaty. four,Ancaty. Four,1,Governor Ancaty. Four,0,suggestion_only,Do not merge occurrences into one person without occurrence-specific context or an approved safe alias.
NAME_00144,andree wilmer,Andree Wilmer,1,Andree Wilmer,0,suggestion_only,Do not merge occurrences into one person without occurrence-specific context or an approved safe alias.
NAME_00145,andrew dawson,Andrew Dawson,1,Andrew Dawson,0,suggestion_only,Do not merge occurrences into one person without occurrence-specific context or an approved safe alias.
NAME_00146,andrew troughton,Andrew Troughton,1,Andrew Troughton,0,suggestion_only,Do not merge occurrences into one person without occurrence-specific context or an approved safe alias.
NAME_00147,andrew willmer,Andrew Willmer,1,Andrew Willmer,0,suggestion_only,Do not merge occurrences into one person without occurrence-specific context or an approved safe alias.
NAME_00148,andrew wilmer,Andrew Wilmer,2,Andrew Wilmer,0,suggestion_only,Do not merge occurrences into one person without occurrence-specific context or an approved safe alias.
NAME_00155,ann minter,Ann Minter,1,Ann Minter,0,suggestion_only,Do not merge occurrences into one person without occurrence-specific context or an approved safe alias.
NAME_00156,ann minters,Ann Minters,1,Ann Minters,0,suggestion_only,Do not merge occurrences into one person without occurrence-specific context or an approved safe alias.
NAME_00157,anna popham,Anna Popham,2,Anna Popham,0,suggestion_only,Do not merge occurrences into one person without occurrence-specific context or an approved safe alias.
NAME_00158,annam popham,Annam Popham,1,Annam Popham,0,suggestion_only,Do not merge occurrences into one person without occurrence-specific context or an approved safe alias.
NAME_00159,anne english,Anne English,1,Anne English,0,suggestion_only,Do not merge occurrences into one person without occurrence-specific context or an approved safe alias.
NAME_00160,anne greene,Anne Greene,1,Anne Greene,0,suggestion_only,Do not merge occurrences into one person without occurrence-specific context or an approved safe alias.
NAME_00161,anne popham,Anne Popham,2,Anne Popham,0,suggestion_only,Do not merge occurrences into one person without occurrence-specific context or an approved safe alias.
NAME_00162,anno dm,Anno Dm,1,Anno Dm,0,suggestion_only,Do not merge occurrences into one person without occurrence-specific context or an approved safe alias.
NAME_00164,anraony hitron,Anraony Hitron,1,Anraony Hitron,0,suggestion_only,Do not merge occurrences into one person without occurrence-specific context or an approved safe alias.
NAME_00165,anthonie abdey,Anthonie Abdey,1,Anthonie Abdey,0,suggestion_only,Do not merge occurrences into one person without occurrence-specific context or an approved safe alias.
NAME_00166,anthonie coape,Anthonie Coape,1,Anthonie Coape,0,suggestion_only,Do not merge occurrences into one person without occurrence-specific context or an approved safe alias.
NAME_00167,anthonie crue,Anthonie Crue,1,Anthonie Crue,0,suggestion_only,Do not merge occurrences into one person without occurrence-specific context or an approved safe alias.
NAME_00168,anthonio ashley,Anthonio Ashley,1,Anthonio Ashley,0,suggestion_only,Do not merge occurrences into one person without occurrence-specific context or an approved safe alias.
NAME_00169,anthonio awcher,Anthonio Awcher,1,Anthonio Awcher,0,suggestion_only,Do not merge occurrences into one person without occurrence-specific context or an approved safe alias.
NAME_00170,anthonio aweher,Anthonio Aweher,1,Anthonio Aweher,0,suggestion_only,Do not merge occurrences into one person without occurrence-specific context or an approved safe alias.
NAME_00171,anthonio barnard,Anthonio Barnard,1,Anthonio Barnard,0,suggestion_only,Do not merge occurrences into one person without occurrence-specific context or an approved safe alias.
NAME_00172,anthonio cope,Anthonio Cope,1,Anthonio Cope,0,suggestion_only,Do not merge occurrences into one person without occurrence-specific context or an approved safe alias.
NAME_00173,anthonio gosnold,Anthonio Gosnold,1,Anthonio Gosnold,0,suggestion_only,Do not merge occurrences into one person without occurrence-specific context or an approved safe alias.
NAME_00174,anthonium withers,Anthonium Withers,1,Anthonium Withers,0,suggestion_only,Do not merge occurrences into one person without occurrence-specific context or an approved safe alias.
NAME_00175,anthonius withers,Anthonius Withers,1,Anthonius Withers,0,suggestion_only,Do not merge occurrences into one person without occurrence-specific context or an approved safe alias.
NAME_00176,anthony abdey,Anthony Abdey,1,Anthony Abdey,0,suggestion_only,Do not merge occurrences into one person without occurrence-specific context or an approved safe alias.
NAME_00177,anthony abdie,Anthony Abdie,2,m’ Anthony Abdie,0,suggestion_only,Do not merge occurrences into one person without occurrence-specific context or an approved safe alias.
NAME_00180,anthony ashley,Anthony Ashley,3,Sir Anthony Ashley,0,suggestion_only,Do not merge occurrences into one person without occurrence-specific context or an approved safe alias.
NAME_00181,anthony aucher,Anthony Aucher,3,Anthony Aucher | Sir Anthony Aucher,0,suggestion_only,Do not merge occurrences into one person without occurrence-specific context or an approved safe alias.
NAME_00182,anthony bannall,Anthony Bannall,1,"M* Anthony
Bannall",0,suggestion_only,Do not merge occurrences into one person without occurrence-specific context or an approved safe alias.
NAME_00183,anthony barham,Anthony Barham,1,Anthony Barham,0,suggestion_only,Do not merge occurrences into one person without occurrence-specific context or an approved safe alias.
NAME_00184,anthony barnard,Anthony Barnard,1,Anthony Barnard,0,suggestion_only,Do not merge occurrences into one person without occurrence-specific context or an approved safe alias.
NAME_00185,anthony barners,Anthony Barners,1,Anthony Barners,0,suggestion_only,Do not merge occurrences into one person without occurrence-specific context or an approved safe alias.
NAME_00186,anthony biddolph,Anthony Biddolph,3,M' Anthony Biddolph | m’ Anthony Biddolph,0,suggestion_only,Do not merge occurrences into one person without occurrence-specific context or an approved safe alias.
NAME_00187,anthony browne,Anthony Browne,1,Anthony Browne,0,suggestion_only,Do not merge occurrences into one person without occurrence-specific context or an approved safe alias.
NAME_00188,anthony bullocke,Anthony Bullocke,1,Anthony Bullocke,0,suggestion_only,Do not merge occurrences into one person without occurrence-specific context or an approved safe alias.
NAME_00189,anthony coopy,Anthony Coopy,1,Anthony Coopy,0,suggestion_only,Do not merge occurrences into one person without occurrence-specific context or an approved safe alias.
NAME_00190,anthony cope,Anthony Cope,2,Sir Anthony Cope,0,suggestion_only,Do not merge occurrences into one person without occurrence-specific context or an approved safe alias.
NAME_00191,anthony crew,Anthony Crew,1,Anthony Crew,0,suggestion_only,Do not merge occurrences into one person without occurrence-specific context or an approved safe alias.
NAME_00192,anthony dyot,Anthony Dyot,1,Anthony Dyot,0,suggestion_only,Do not merge occurrences into one person without occurrence-specific context or an approved safe alias.
NAME_00193,anthony dyott,Anthony Dyott,4,m*’ Anthony Dyott | m’ Anthony Dyott,0,suggestion_only,Do not merge occurrences into one person without occurrence-specific context or an approved safe alias.
NAME_00194,anthony edwards,Anthony Edwards,1,Anthony Edwards,0,suggestion_only,Do not merge occurrences into one person without occurrence-specific context or an approved safe alias.
NAME_00195,anthony forest,Anthony Forest,1,Sir Anthony Forest,0,suggestion_only,Do not merge occurrences into one person without occurrence-specific context or an approved safe alias.
NAME_00196,anthony gosnold,Anthony Gosnold,3,Anthony Gosnold | m* Anthony Gosnold,0,suggestion_only,Do not merge occurrences into one person without occurrence-specific context or an approved safe alias.
NAME_00197,anthony hilton,Anthony Hilton,2,Anthony Hilton,0,suggestion_only,Do not merge occurrences into one person without occurrence-specific context or an approved safe alias.
NAME_00198,anthony hinton,Anthony Hinton,1,Anthony Hinton,0,suggestion_only,Do not merge occurrences into one person without occurrence-specific context or an approved safe alias.
NAME_00199,anthony hunton,Anthony Hunton,2,Doctor Anthony Hunton,0,suggestion_only,Do not merge occurrences into one person without occurrence-specific context or an approved safe alias.
NAME_00200,anthony ienings,Anthony Ienings,1,Anthony Ienings,0,suggestion_only,Do not merge occurrences into one person without occurrence-specific context or an approved safe alias.
NAME_00201,anthony irby,Anthony Irby,1,Anthony Irby,0,suggestion_only,Do not merge occurrences into one person without occurrence-specific context or an approved safe alias.
NAME_00202,anthony irbye,Anthony Irbye,1,Anthony Irbye,0,suggestion_only,Do not merge occurrences into one person without occurrence-specific context or an approved safe alias.
NAME_00203,anthony ireby,Anthony Ireby,3,Anthony Ireby | m’ Anthony Ireby,0,suggestion_only,Do not merge occurrences into one person without occurrence-specific context or an approved safe alias.
NAME_00204,anthony orby,Anthony Orby,2,M’' Anthony Orby,0,suggestion_only,Do not merge occurrences into one person without occurrence-specific context or an approved safe alias.
NAME_00205,anthony pell,Anthony Pell,1,Anthony Pell,0,suggestion_only,Do not merge occurrences into one person without occurrence-specific context or an approved safe alias.
NAME_00206,anthony tho,ANTHONY THO,1,ANTHONY THO,0,suggestion_only,Do not merge occurrences into one person without occurrence-specific context or an approved safe alias.
NAME_00208,anthony wythers,Anthony Wythers,2,m’ Anthony Wythers,0,suggestion_only,Do not merge occurrences into one person without occurrence-specific context or an approved safe alias.
NAME_00209,antony coopy,Antony Coopy,1,Antony Coopy,0,suggestion_only,Do not merge occurrences into one person without occurrence-specific context or an approved safe alias.
NAME_00210,antuonie hinton,Antuonie Hinton,1,Antuonie Hinton,0,suggestion_only,Do not merge occurrences into one person without occurrence-specific context or an approved safe alias.
NAME_00212,apam drxson,Apam Drxson,1,Apam Drxson,0,suggestion_only,Do not merge occurrences into one person without occurrence-specific context or an approved safe alias.
NAME_00216,arcatt. a,Arcatt. A,1,Governor Arcatt. A,0,suggestion_only,Do not merge occurrences into one person without occurrence-specific context or an approved safe alias.
NAME_00217,arcaty. commission,Arcaty. Commission,1,Governor Arcaty. Commission,0,suggestion_only,Do not merge occurrences into one person without occurrence-specific context or an approved safe alias.
NAME_00218,arcaty. proctammations,Arcaty. ProctamMations,1,Governor Arcaty. ProctamMations,0,suggestion_only,Do not merge occurrences into one person without occurrence-specific context or an approved safe alias.
NAME_00219,arcaut. a,Arcaut. A,1,Governor Arcaut. A,0,suggestion_only,Do not merge occurrences into one person without occurrence-specific context or an approved safe alias.
NAME_00222,argall i,Argall I,1,Capt Argall I,0,suggestion_only,Do not merge occurrences into one person without occurrence-specific context or an approved safe alias.
NAME_00223,argall. appointment,ARGALL. APPOINTMENT,1,Governor ARGALL. APPOINTMENT,0,suggestion_only,Do not merge occurrences into one person without occurrence-specific context or an approved safe alias.
NAME_00224,argall. commission,ARGALL. Commission,4,GovERNoR ARGALL. Commission | Governor ARGALL. CoMMISSION | Governor ARGALL. CoMMIssion | Governor ARGALL. Commission,0,suggestion_only,Do not merge occurrences into one person without occurrence-specific context or an approved safe alias.
NAME_00225,argall. confirmations,ARGALL. CONFIRMATIONS,1,Governor ARGALL. CONFIRMATIONS,0,suggestion_only,Do not merge occurrences into one person without occurrence-specific context or an approved safe alias.
NAME_00226,argall. letrer,ARGALL. Letrer,1,Governor ARGALL. Letrer,0,suggestion_only,Do not merge occurrences into one person without occurrence-specific context or an approved safe alias.
NAME_00227,argall. mrmmoranda,ARGALL. MrmMoranDA,1,Governor ARGALL. MrmMoranDA,0,suggestion_only,Do not merge occurrences into one person without occurrence-specific context or an approved safe alias.
NAME_00228,argall. parpons,ArGALL. Parpons,1,Governor ArGALL. Parpons,0,suggestion_only,Do not merge occurrences into one person without occurrence-specific context or an approved safe alias.
NAME_00229,argall. procuammations,ArGALL. ProcuamMations,1,Governor ArGALL. ProcuamMations,0,suggestion_only,Do not merge occurrences into one person without occurrence-specific context or an approved safe alias.
NAME_00230,argalls gou9ment,Argalls Gou9ment,1,Captaine Argalls Gou9ment,0,suggestion_only,Do not merge occurrences into one person without occurrence-specific context or an approved safe alias.
NAME_00231,argalls shippe,Argalls Shippe,6,"Captaine
Argalls Shippe | Captaine Argalls Shippe",0,suggestion_only,Do not merge occurrences into one person without occurrence-specific context or an approved safe alias.
NAME_00232,argall’s guard,Argall’s Guard,1,Captain Argall’s Guard,0,suggestion_only,Do not merge occurrences into one person without occurrence-specific context or an approved safe alias.
NAME_00233,argals guarde,Argals Guarde,1,Capt Argals Guarde,0,suggestion_only,Do not merge occurrences into one person without occurrence-specific context or an approved safe alias.
NAME_00234,argaty. lerrer,Argaty. Lerrer,1,Governor Argaty. Lerrer,0,suggestion_only,Do not merge occurrences into one person without occurrence-specific context or an approved safe alias.
NAME_00235,argoll and,Argoll And,1,Capt Argoll And,0,suggestion_only,Do not merge occurrences into one person without occurrence-specific context or an approved safe alias.
NAME_00237,arnald lulls,Arnald Lulls,1,Arnald Lulls,0,suggestion_only,Do not merge occurrences into one person without occurrence-specific context or an approved safe alias.
NAME_00238,arnold lulles,Arnold Lulles,1,Arnold Lulles,0,suggestion_only,Do not merge occurrences into one person without occurrence-specific context or an approved safe alias.
NAME_00239,arnold lulls,Arnold Lulls,1,Arnold Lulls,0,suggestion_only,Do not merge occurrences into one person without occurrence-specific context or an approved safe alias.
NAME_00240,arnold oldisworth,Arnold Oldisworth,3,Arnold Oldisworth,0,suggestion_only,Do not merge occurrences into one person without occurrence-specific context or an approved safe alias.
NAME_00241,arnold oldsworth,Arnold Oldsworth,1,Arnold Oldsworth,0,suggestion_only,Do not merge occurrences into one person without occurrence-specific context or an approved safe alias.
NAME_00242,arther manwaring,Arther Manwaring,1,Arther Manwaring,0,suggestion_only,Do not merge occurrences into one person without occurrence-specific context or an approved safe alias.
NAME_00243,arthur anthony,Arthur Anthony,1,Arthur Anthony,0,suggestion_only,Do not merge occurrences into one person without occurrence-specific context or an approved safe alias.
NAME_00244,arthur barlow,Arthur Barlow,1,Arthur Barlow,0,suggestion_only,Do not merge occurrences into one person without occurrence-specific context or an approved safe alias.
NAME_00245,arthur bromfeilde,Arthur Bromfeilde,2,m’ Arthur Bromfeilde,0,suggestion_only,Do not merge occurrences into one person without occurrence-specific context or an approved safe alias.
NAME_00246,arthur bromfeld,Arthur Bromfeld,1,Arthur Bromfeld,0,suggestion_only,Do not merge occurrences into one person without occurrence-specific context or an approved safe alias.
NAME_00247,arthur dauice-,Arthur Dauice-,1,Arthur Dauice-,0,suggestion_only,Do not merge occurrences into one person without occurrence-specific context or an approved safe alias.
NAME_00248,arthur franke,Arthur Franke,2,Arthur Franke,0,suggestion_only,Do not merge occurrences into one person without occurrence-specific context or an approved safe alias.
NAME_00249,arthur goldsmith,Arthur Goldsmith,2,Arthur Goldsmith,0,suggestion_only,Do not merge occurrences into one person without occurrence-specific context or an approved safe alias.
NAME_00253,arthur kemis,Arthur Kemis,3,Arthur Kemis,0,suggestion_only,Do not merge occurrences into one person without occurrence-specific context or an approved safe alias.
NAME_00254,arthur leuellis,Arthur Leuellis,6,M' Arthur Leuellis | m* Arthur Leuellis,0,suggestion_only,Do not merge occurrences into one person without occurrence-specific context or an approved safe alias.
NAME_00255,arthur levellis,Arthur Levellis,1,Arthur Levellis,0,suggestion_only,Do not merge occurrences into one person without occurrence-specific context or an approved safe alias.
NAME_00256,arthur mannering,Arthur Mannering,3,Arthur Mannering | Sir Arthur Mannering,0,suggestion_only,Do not merge occurrences into one person without occurrence-specific context or an approved safe alias.
NAME_00257,arthur mouse,Arthur Mouse,3,Arthur Mouse,0,suggestion_only,Do not merge occurrences into one person without occurrence-specific context or an approved safe alias.
NAME_00258,arthur mowse,Arthur Mowse,1,Arthur Mowse,0,suggestion_only,Do not merge occurrences into one person without occurrence-specific context or an approved safe alias.
NAME_00259,arthur pott,Arthur Pott,1,Arthur Pott,0,suggestion_only,Do not merge occurrences into one person without occurrence-specific context or an approved safe alias.
NAME_00260,arthur robinson,Arthur Robinson,1,Arthur Robinson,0,suggestion_only,Do not merge occurrences into one person without occurrence-specific context or an approved safe alias.
NAME_00261,arthur suffield,Arthur Suffield,1,Arthur Suffield,0,suggestion_only,Do not merge occurrences into one person without occurrence-specific context or an approved safe alias.
NAME_00264,arthur venn,Arthur Venn,1,Arthur Venn,0,suggestion_only,Do not merge occurrences into one person without occurrence-specific context or an approved safe alias.
NAME_00265,arthur venne,Arthur Venne,1,Arthur Venne,0,suggestion_only,Do not merge occurrences into one person without occurrence-specific context or an approved safe alias.
NAME_00266,arthuro mouse,Arthuro Mouse,1,Arthuro Mouse,0,suggestion_only,Do not merge occurrences into one person without occurrence-specific context or an approved safe alias.
NAME_00267,arthuro pott,Arthuro Pott,1,Arthuro Pott,0,suggestion_only,Do not merge occurrences into one person without occurrence-specific context or an approved safe alias.
NAME_00268,arthuro venn,Arthuro Venn,1,Arthuro Venn,0,suggestion_only,Do not merge occurrences into one person without occurrence-specific context or an approved safe alias.
NAME_00269,arturo robinson,Arturo Robinson,1,Arturo Robinson,0,suggestion_only,Do not merge occurrences into one person without occurrence-specific context or an approved safe alias.
NAME_00270,arualde lulls,Arualde Lulls,1,Arualde Lulls,0,suggestion_only,Do not merge occurrences into one person without occurrence-specific context or an approved safe alias.
NAME_00271,arundell and,Arundell And,1,Arundell And,0,suggestion_only,Do not merge occurrences into one person without occurrence-specific context or an approved safe alias.
NAME_00272,arundle. s',Arundle. S',1,"m' Arundle.
S'",0,suggestion_only,Do not merge occurrences into one person without occurrence-specific context or an approved safe alias.
NAME_00275,atperman jounson,Atperman Jounson,1,Atperman Jounson,0,suggestion_only,Do not merge occurrences into one person without occurrence-specific context or an approved safe alias.
NAME_00278,atturney gefiall,Atturney Gefiall,1,Atturney Gefiall,0,suggestion_only,Do not merge occurrences into one person without occurrence-specific context or an approved safe alias.
NAME_00281,augustin linsell,Augustin Linsell,2,m’ Augustin Linsell,0,suggestion_only,Do not merge occurrences into one person without occurrence-specific context or an approved safe alias.
NAME_00282,augustine bullocke,Augustine Bullocke,1,Augustine Bullocke,0,suggestion_only,Do not merge occurrences into one person without occurrence-specific context or an approved safe alias.
NAME_00283,augustine linsell,Augustine Linsell,1,Augustine Linsell,0,suggestion_only,Do not merge occurrences into one person without occurrence-specific context or an approved safe alias.
NAME_00284,augustine steward,Augustine Steward,4,Augustine Steward,0,suggestion_only,Do not merge occurrences into one person without occurrence-specific context or an approved safe alias.
NAME_00285,aupuetine stowwrd,Aupuetine Stowwrd,1,Aupuetine Stowwrd,0,suggestion_only,Do not merge occurrences into one person without occurrence-specific context or an approved safe alias.
NAME_00286,austen bemard,Austen Bemard,1,Austen Bemard,0,suggestion_only,Do not merge occurrences into one person without occurrence-specific context or an approved safe alias.
NAME_00287,austen styward,Austen Styward,1,Austen Styward,0,suggestion_only,Do not merge occurrences into one person without occurrence-specific context or an approved safe alias.
NAME_00293,avery dransfeild,Avery Dransfeild,1,Avery Dransfeild,0,suggestion_only,Do not merge occurrences into one person without occurrence-specific context or an approved safe alias.
NAME_00294,avew sandys,Avew Sandys,1,"Avew
Sandys",0,suggestion_only,Do not merge occurrences into one person without occurrence-specific context or an approved safe alias.
NAME_00296,b. n,B. N,1,B. N,0,suggestion_only,Do not merge occurrences into one person without occurrence-specific context or an approved safe alias.
NAME_00297,bailie richard,Bailie Richard,1,Bailie Richard,0,suggestion_only,Do not merge occurrences into one person without occurrence-specific context or an approved safe alias.
NAME_00298,bailies demaund,Bailies Demaund,2,Captaine Bailies Demaund,0,suggestion_only,Do not merge occurrences into one person without occurrence-specific context or an approved safe alias.
NAME_00299,baldwins petiéon,Baldwins Petiéon,1,Baldwins Petiéon,0,suggestion_only,Do not merge occurrences into one person without occurrence-specific context or an approved safe alias.
NAME_00306,barbara burges,Barbara Burges,1,Barbara Burges,0,suggestion_only,Do not merge occurrences into one person without occurrence-specific context or an approved safe alias.
NAME_00309,barber. with,Barber. With,1,m* Barber. With,0,suggestion_only,Do not merge occurrences into one person without occurrence-specific context or an approved safe alias.
NAME_00310,barbo'. s',Barbo'. S',1,"m'’ Barbo'.
S'",0,suggestion_only,Do not merge occurrences into one person without occurrence-specific context or an approved safe alias.
NAME_00311,baremman marcu,BaremMan Marcu,1,"Mr. BaremMan
Marcu",0,suggestion_only,Do not merge occurrences into one person without occurrence-specific context or an approved safe alias.
NAME_00312,bargraue m',Bargraue M',1,Captaine Bargraue M',0,suggestion_only,Do not merge occurrences into one person without occurrence-specific context or an approved safe alias.
NAME_00313,bargraue s8,Bargraue S8,1,Capt Bargraue S8,0,suggestion_only,Do not merge occurrences into one person without occurrence-specific context or an approved safe alias.
NAME_00314,bargraue the,Bargraue The,1,Captaine Bargraue The,0,suggestion_only,Do not merge occurrences into one person without occurrence-specific context or an approved safe alias.
NAME_00315,bargraue. s',Bargraue. S',1,"Bargraue.
S'",0,suggestion_only,Do not merge occurrences into one person without occurrence-specific context or an approved safe alias.
NAME_00316,bargraues comission,Bargraues Comission,1,Captaine Bargraues Comission,0,suggestion_only,Do not merge occurrences into one person without occurrence-specific context or an approved safe alias.
NAME_00317,bargraves decree.,Bargraves Decree.,1,Captaine Bargraves Decree,0,suggestion_only,Do not merge occurrences into one person without occurrence-specific context or an approved safe alias.
NAME_00318,barkham. d,Barkham. D,1,"m* Barkham.
D",0,suggestion_only,Do not merge occurrences into one person without occurrence-specific context or an approved safe alias.
NAME_00319,barlezol montgomerie,Barlezol Montgomerie,1,Barlezol Montgomerie,0,suggestion_only,Do not merge occurrences into one person without occurrence-specific context or an approved safe alias.
NAME_00321,barnard michell,Barnard Michell,1,Barnard Michell,0,suggestion_only,Do not merge occurrences into one person without occurrence-specific context or an approved safe alias.
NAME_00322,barradine katherine,Barradine Katherine,1,Barradine Katherine,0,suggestion_only,Do not merge occurrences into one person without occurrence-specific context or an approved safe alias.
NAME_00324,bartholemew lawton,Bartholemew Lawton,1,Bartholemew Lawton,0,suggestion_only,Do not merge occurrences into one person without occurrence-specific context or an approved safe alias.
NAME_00325,bartholmew peram,Bartholmew Peram,1,Bartholmew Peram,0,suggestion_only,Do not merge occurrences into one person without occurrence-specific context or an approved safe alias.
NAME_00328,barton apothecary,Barton Apothecary,1,M' Barton Apothecary,0,suggestion_only,Do not merge occurrences into one person without occurrence-specific context or an approved safe alias.
NAME_00329,bass nathaniell,Bass NATHANIELL,1,Bass NATHANIELL,0,suggestion_only,Do not merge occurrences into one person without occurrence-specific context or an approved safe alias.
NAME_00330,bateman martyn,Bateman Martyn,1,Bateman Martyn,0,suggestion_only,Do not merge occurrences into one person without occurrence-specific context or an approved safe alias.
NAME_00331,baton cs,Baton Cs,1,Baton Cs,0,suggestion_only,Do not merge occurrences into one person without occurrence-specific context or an approved safe alias.
NAME_00332,baylyes proposiéons,Baylyes Proposiéons,1,"Captaine
Baylyes Proposiéons",0,suggestion_only,Do not merge occurrences into one person without occurrence-specific context or an approved safe alias.
NAME_00333,baynam. docto,Baynam. Docto,1,"m’ Baynam.
Docto",0,suggestion_only,Do not merge occurrences into one person without occurrence-specific context or an approved safe alias.
NAME_00334,baynham. martin,Baynham. Martin,1,m’ Baynham. Martin,0,suggestion_only,Do not merge occurrences into one person without occurrence-specific context or an approved safe alias.
NAME_00335,bearblock. s’,Bearblock. S’,1,"m’ Bearblock.
S’",0,suggestion_only,Do not merge occurrences into one person without occurrence-specific context or an approved safe alias.
NAME_00336,becuarites m',Becuarites M',1,"Becuarites
M'",0,suggestion_only,Do not merge occurrences into one person without occurrence-specific context or an approved safe alias.
NAME_00339,benedict rolles,Benedict Rolles,1,Benedict Rolles,0,suggestion_only,Do not merge occurrences into one person without occurrence-specific context or an approved safe alias.
NAME_00340,benedict rowles,Benedict Rowles,1,Benedict Rowles,0,suggestion_only,Do not merge occurrences into one person without occurrence-specific context or an approved safe alias.
NAME_00341,benedict webbe,Benedict Webbe,2,Benedict Webbe,0,suggestion_only,Do not merge occurrences into one person without occurrence-specific context or an approved safe alias.
NAME_00342,beniamin brand,Beniamin Brand,1,Beniamin Brand,0,suggestion_only,Do not merge occurrences into one person without occurrence-specific context or an approved safe alias.
NAME_00343,beniamin decroe,Beniamin Decroe,1,Beniamin Decroe,0,suggestion_only,Do not merge occurrences into one person without occurrence-specific context or an approved safe alias.
NAME_00344,benjamin bland,Benjamin Bland,1,Benjamin Bland,0,suggestion_only,Do not merge occurrences into one person without occurrence-specific context or an approved safe alias.
NAME_00345,benjamin decrewe,Benjamin Decrewe,1,Benjamin Decrewe,0,suggestion_only,Do not merge occurrences into one person without occurrence-specific context or an approved safe alias.
NAME_00346,bennett robert,Bennett Robert,1,Bennett Robert,0,suggestion_only,Do not merge occurrences into one person without occurrence-specific context or an approved safe alias.
NAME_00347,bennett s',Bennett S',1,"m* Bennett
S'",0,suggestion_only,Do not merge occurrences into one person without occurrence-specific context or an approved safe alias.
NAME_00348,benomy reyman,Benomy Reyman,1,Benomy Reyman,0,suggestion_only,Do not merge occurrences into one person without occurrence-specific context or an approved safe alias.
NAME_00349,berblock. and,Berblock. And,1,m’ Berblock. And,0,suggestion_only,Do not merge occurrences into one person without occurrence-specific context or an approved safe alias.
NAME_00350,berblock. s',Berblock. S',1,"m’ Berblock.
S'",0,suggestion_only,Do not merge occurrences into one person without occurrence-specific context or an approved safe alias.
NAME_00351,berblock. s’,Berblock. S’,1,"m’ Berblock.
S’",0,suggestion_only,Do not merge occurrences into one person without occurrence-specific context or an approved safe alias.
NAME_00352,berckleys plantation,Berckleys Plantation,1,Captaine Berckleys Plantation,0,suggestion_only,Do not merge occurrences into one person without occurrence-specific context or an approved safe alias.
NAME_00354,berklyes tre,Berklyes Tre,2,"M*
Berklyes Tre",0,suggestion_only,Do not merge occurrences into one person without occurrence-specific context or an approved safe alias.
NAME_00359,bernard michell,Bernard Michell,1,Bernard Michell,0,suggestion_only,Do not merge occurrences into one person without occurrence-specific context or an approved safe alias.
NAME_00360,bernard thomas,Bernard Thomas,1,Bernard Thomas,0,suggestion_only,Do not merge occurrences into one person without occurrence-specific context or an approved safe alias.
NAME_00363,betwene edward,Betwene Edward,1,Betwene Edward,0,suggestion_only,Do not merge occurrences into one person without occurrence-specific context or an approved safe alias.
NAME_00365,bip fg,Bip FG,1,Bip FG,0,suggestion_only,Do not merge occurrences into one person without occurrence-specific context or an approved safe alias.
NAME_00366,bir wiliam,Bir Wiliam,1,Bir Wiliam,0,suggestion_only,Do not merge occurrences into one person without occurrence-specific context or an approved safe alias.
NAME_00369,blacke box,Blacke Box,1,Blacke Box,0,suggestion_only,Do not merge occurrences into one person without occurrence-specific context or an approved safe alias.
NAME_00370,bland. cap,Bland. Cap,1,"m’ Bland.
Cap",0,suggestion_only,Do not merge occurrences into one person without occurrence-specific context or an approved safe alias.
NAME_00371,bland. s',Bland. S',1,"m'’ Bland.
S'",0,suggestion_only,Do not merge occurrences into one person without occurrence-specific context or an approved safe alias.
NAME_00372,blaneys magazine,Blaneys Magazine,1,m’ Blaneys Magazine,0,suggestion_only,Do not merge occurrences into one person without occurrence-specific context or an approved safe alias.
NAME_00374,blevets company,Blevets Company,1,Capt Blevets Company,0,suggestion_only,Do not merge occurrences into one person without occurrence-specific context or an approved safe alias.
NAME_00375,blind margaret,Blind Margaret,1,Blind Margaret,0,suggestion_only,Do not merge occurrences into one person without occurrence-specific context or an approved safe alias.
NAME_00376,bohun. who,Bohun. Who,1,Doctor Bohun. Who,0,suggestion_only,Do not merge occurrences into one person without occurrence-specific context or an approved safe alias.
NAME_00377,bohuné shipp,Bohuné Shipp,2,Doctor Bohuné Shipp,0,suggestion_only,Do not merge occurrences into one person without occurrence-specific context or an approved safe alias.
NAME_00378,bolton minister,Bolton Minister,1,m’ Bolton Minister,0,suggestion_only,Do not merge occurrences into one person without occurrence-specific context or an approved safe alias.
NAME_00386,bonoetl frenchman,Bonoetl Frenchman,1,Bonoetl Frenchman,0,suggestion_only,Do not merge occurrences into one person without occurrence-specific context or an approved safe alias.
NAME_00388,boothby. cap,Boothby. Cap,1,"m’ Boothby.
Cap",0,suggestion_only,Do not merge occurrences into one person without occurrence-specific context or an approved safe alias.
NAME_00389,boothby. d,Boothby. D,1,"m’* Boothby.
D",0,suggestion_only,Do not merge occurrences into one person without occurrence-specific context or an approved safe alias.
NAME_00390,boron christopher,Boron Christopher,1,Boron Christopher,0,suggestion_only,Do not merge occurrences into one person without occurrence-specific context or an approved safe alias.
NAME_00394,bowyer worsly,Bowyer Worsly,2,Sir Bowyer Worsly,0,suggestion_only,Do not merge occurrences into one person without occurrence-specific context or an approved safe alias.
NAME_00395,boys. the,Boys. The,1,"Mr. Boys.
The",0,suggestion_only,Do not merge occurrences into one person without occurrence-specific context or an approved safe alias.
NAME_00396,br beet,Br Beet,1,Br Beet,0,suggestion_only,Do not merge occurrences into one person without occurrence-specific context or an approved safe alias.
NAME_00398,brewsters oath,Brewsters Oath,2,Captaine Brewsters Oath,0,suggestion_only,Do not merge occurrences into one person without occurrence-specific context or an approved safe alias.
NAME_00399,brian spencer,Brian Spencer,1,Brian Spencer,0,suggestion_only,Do not merge occurrences into one person without occurrence-specific context or an approved safe alias.
NAME_00400,briano spencer,Briano Spencer,1,Briano Spencer,0,suggestion_only,Do not merge occurrences into one person without occurrence-specific context or an approved safe alias.
NAME_00401,bridge mm’,Bridge MM’,1,M* Bridge MM’,0,suggestion_only,Do not merge occurrences into one person without occurrence-specific context or an approved safe alias.
NAME_00402,briggs. s',Briggs. S',2,"m' Briggs.
S' | m’ Briggs.
S'",0,suggestion_only,Do not merge occurrences into one person without occurrence-specific context or an approved safe alias.
NAME_00403,bromefeild. s',Bromefeild. S',1,"m' Bromefeild.
S'",0,suggestion_only,Do not merge occurrences into one person without occurrence-specific context or an approved safe alias.
NAME_00404,brooke. s’,Brooke. S’,1,"m' Brooke.
S’",0,suggestion_only,Do not merge occurrences into one person without occurrence-specific context or an approved safe alias.
NAME_00406,browne williamson,Browne Williamson,1,Browne Williamson,0,suggestion_only,Do not merge occurrences into one person without occurrence-specific context or an approved safe alias.
NAME_00407,brrore may,Brrore May,1,Brrore May,0,suggestion_only,Do not merge occurrences into one person without occurrence-specific context or an approved safe alias.
NAME_00408,bs yost,Bs YOST,1,Bs YOST,0,suggestion_only,Do not merge occurrences into one person without occurrence-specific context or an approved safe alias.
NAME_00409,buekeridge m’,Buekeridge M’,1,"M’ Buekeridge
M’",0,suggestion_only,Do not merge occurrences into one person without occurrence-specific context or an approved safe alias.
NAME_00411,bull treasuro',Bull Treasuro',1,M’ Bull Treasuro',0,suggestion_only,Do not merge occurrences into one person without occurrence-specific context or an approved safe alias.
NAME_00412,bull treasuror,Bull Treasuror,1,M* Bull Treasuror,0,suggestion_only,Do not merge occurrences into one person without occurrence-specific context or an approved safe alias.
NAME_00413,bull. s',Bull. S',3,"m* Bull.
S' | m’ Bull.
S' | m’* Bull.
S'",0,suggestion_only,Do not merge occurrences into one person without occurrence-specific context or an approved safe alias.
NAME_00414,butler soe,Butler Soe,1,Capt Butler Soe,0,suggestion_only,Do not merge occurrences into one person without occurrence-specific context or an approved safe alias.
NAME_00415,butler vppon,Butler Vppon,2,Captaine Butler Vppon,0,suggestion_only,Do not merge occurrences into one person without occurrence-specific context or an approved safe alias.
NAME_00416,butler. cap,Butler. Cap,1,Butler. Cap,0,suggestion_only,Do not merge occurrences into one person without occurrence-specific context or an approved safe alias.
NAME_00417,butlers declaraéon,Butlers Declaraéon,1,Capt Butlers Declaraéon,0,suggestion_only,Do not merge occurrences into one person without occurrence-specific context or an approved safe alias.
NAME_00418,butlers infor-,Butlers Infor-,1,Capt Butlers Infor-,0,suggestion_only,Do not merge occurrences into one person without occurrence-specific context or an approved safe alias.
NAME_00419,butlers informaéon,Butlers Informaéon,2,Capt Butlers Informaéon,0,suggestion_only,Do not merge occurrences into one person without occurrence-specific context or an approved safe alias.
NAME_00420,butlers vnmaskinge,Butlers Vnmaskinge,1,Capt Butlers Vnmaskinge,0,suggestion_only,Do not merge occurrences into one person without occurrence-specific context or an approved safe alias.
NAME_00422,c. a.,C. A.,2,C. A,0,suggestion_only,Do not merge occurrences into one person without occurrence-specific context or an approved safe alias.
NAME_00423,c. argall,C. Argall,1,C. Argall,0,suggestion_only,Do not merge occurrences into one person without occurrence-specific context or an approved safe alias.
NAME_00424,c. o,C. O,11,C. O,0,suggestion_only,Do not merge occurrences into one person without occurrence-specific context or an approved safe alias.
NAME_00425,c. q,C. Q,1,C. Q,0,suggestion_only,Do not merge occurrences into one person without occurrence-specific context or an approved safe alias.
NAME_00427,calbert morewood,Calbert Morewood,1,Calbert Morewood,0,suggestion_only,Do not merge occurrences into one person without occurrence-specific context or an approved safe alias.
NAME_00428,calisothenes brooke,Calisothenes Brooke,1,Sir Calisothenes Brooke,0,suggestion_only,Do not merge occurrences into one person without occurrence-specific context or an approved safe alias.
NAME_00429,calisotheni brooke,Calisotheni Brooke,1,Calisotheni Brooke,0,suggestion_only,Do not merge occurrences into one person without occurrence-specific context or an approved safe alias.
NAME_00430,calvert principall,Calvert Principall,1,Calvert Principall,0,suggestion_only,Do not merge occurrences into one person without occurrence-specific context or an approved safe alias.
NAME_00431,came nibley,Came Nibley,1,Came Nibley,0,suggestion_only,Do not merge occurrences into one person without occurrence-specific context or an approved safe alias.
NAME_00433,campson leonard,Campson Leonard,1,Campson Leonard,0,suggestion_only,Do not merge occurrences into one person without occurrence-specific context or an approved safe alias.
NAME_00434,caninge. s',Caninge. S',1,"m' Caninge.
S'",0,suggestion_only,Do not merge occurrences into one person without occurrence-specific context or an approved safe alias.
NAME_00435,cap argoll,Cap Argoll,2,Cap Argoll,0,suggestion_only,Do not merge occurrences into one person without occurrence-specific context or an approved safe alias.
NAME_00436,cap bargraue,Cap Bargraue,1,Cap Bargraue,0,suggestion_only,Do not merge occurrences into one person without occurrence-specific context or an approved safe alias.
NAME_00437,cap blevets,Cap Blevets,1,Cap Blevets,0,suggestion_only,Do not merge occurrences into one person without occurrence-specific context or an approved safe alias.
NAME_00439,cap christopher,Cap Christopher,1,Cap Christopher,0,suggestion_only,Do not merge occurrences into one person without occurrence-specific context or an approved safe alias.
NAME_00441,cap haruey,Cap Haruey,1,Cap Haruey,0,suggestion_only,Do not merge occurrences into one person without occurrence-specific context or an approved safe alias.
NAME_00442,cap nath,Cap Nath,1,Cap Nath,0,suggestion_only,Do not merge occurrences into one person without occurrence-specific context or an approved safe alias.
NAME_00443,cap raph,Cap Raph,1,Cap Raph,0,suggestion_only,Do not merge occurrences into one person without occurrence-specific context or an approved safe alias.
NAME_00444,cap rega,Cap Rega,1,Cap Rega,0,suggestion_only,Do not merge occurrences into one person without occurrence-specific context or an approved safe alias.
NAME_00445,cap roger,Cap Roger,1,Cap Roger,0,suggestion_only,Do not merge occurrences into one person without occurrence-specific context or an approved safe alias.
NAME_00446,cap spillman,Cap Spillman,1,Cap Spillman,0,suggestion_only,Do not merge occurrences into one person without occurrence-specific context or an approved safe alias.
NAME_00447,cap' argoll,Cap' Argoll,1,Cap' Argoll,0,suggestion_only,Do not merge occurrences into one person without occurrence-specific context or an approved safe alias.
NAME_00448,cap' nuce,Cap' Nuce,1,Cap' Nuce,0,suggestion_only,Do not merge occurrences into one person without occurrence-specific context or an approved safe alias.
NAME_00449,capaine swifte,Capaine Swifte,1,Capaine Swifte,0,suggestion_only,Do not merge occurrences into one person without occurrence-specific context or an approved safe alias.
NAME_00456,capitalis justiciarii,Capitalis Justiciarii,1,Capitalis Justiciarii,0,suggestion_only,Do not merge occurrences into one person without occurrence-specific context or an approved safe alias.
NAME_00457,capitall enimy,Capitall Enimy,1,Capitall Enimy,0,suggestion_only,Do not merge occurrences into one person without occurrence-specific context or an approved safe alias.
NAME_00458,caprain arthur,CapraIn ARTHUR,1,CapraIn ARTHUR,0,suggestion_only,Do not merge occurrences into one person without occurrence-specific context or an approved safe alias.
NAME_00459,caprain artthur,Caprain ArtTHuR,1,Caprain ArtTHuR,0,suggestion_only,Do not merge occurrences into one person without occurrence-specific context or an approved safe alias.
NAME_00460,caprain isaac,Caprain Isaac,1,Caprain Isaac,0,suggestion_only,Do not merge occurrences into one person without occurrence-specific context or an approved safe alias.
NAME_00461,caprain john,Caprain JoHN,1,Caprain JoHN,0,suggestion_only,Do not merge occurrences into one person without occurrence-specific context or an approved safe alias.
NAME_00462,caprain joun,Caprain Joun,1,Caprain Joun,0,suggestion_only,Do not merge occurrences into one person without occurrence-specific context or an approved safe alias.
NAME_00463,caprain natuante,Caprain Natuante,1,Caprain Natuante,0,suggestion_only,Do not merge occurrences into one person without occurrence-specific context or an approved safe alias.
NAME_00464,caprain smivu,Caprain Smivu,1,Caprain Smivu,0,suggestion_only,Do not merge occurrences into one person without occurrence-specific context or an approved safe alias.
NAME_00465,caprain william,CapraIn WILLIAM,1,CapraIn WILLIAM,0,suggestion_only,Do not merge occurrences into one person without occurrence-specific context or an approved safe alias.
NAME_00466,caprarn isaac,Caprarn Isaac,1,Caprarn Isaac,0,suggestion_only,Do not merge occurrences into one person without occurrence-specific context or an approved safe alias.
NAME_00467,caprarn jonw,Caprarn Jonw,1,Caprarn Jonw,0,suggestion_only,Do not merge occurrences into one person without occurrence-specific context or an approved safe alias.
NAME_00468,caprarn roger,Caprarn Roger,1,Caprarn Roger,0,suggestion_only,Do not merge occurrences into one person without occurrence-specific context or an approved safe alias.
NAME_00469,caprarn william,Caprarn WILLIAM,1,Caprarn WILLIAM,0,suggestion_only,Do not merge occurrences into one person without occurrence-specific context or an approved safe alias.
NAME_00470,capraty jous,Capraty Jous,1,Capraty Jous,0,suggestion_only,Do not merge occurrences into one person without occurrence-specific context or an approved safe alias.
NAME_00471,caprrarn joun,Caprrarn Joun,1,Caprrarn Joun,0,suggestion_only,Do not merge occurrences into one person without occurrence-specific context or an approved safe alias.
NAME_00472,captayn barnud,Captayn Barnud,1,Captayn Barnud,0,suggestion_only,Do not merge occurrences into one person without occurrence-specific context or an approved safe alias.
NAME_00474,captayne bargraues,Captayne Bargraues,2,Captayne Bargraues,0,suggestion_only,Do not merge occurrences into one person without occurrence-specific context or an approved safe alias.
NAME_00475,captayne brewsters,Captayne Brewsters,1,Captayne Brewsters,0,suggestion_only,Do not merge occurrences into one person without occurrence-specific context or an approved safe alias.
NAME_00476,captayne butler,Captayne Butler,1,Captayne Butler,0,suggestion_only,Do not merge occurrences into one person without occurrence-specific context or an approved safe alias.
NAME_00477,captayne francis,Captayne Francis,1,"Captayne
Francis",0,suggestion_only,Do not merge occurrences into one person without occurrence-specific context or an approved safe alias.
NAME_00478,captayne haruys,Captayne Haruys,1,Captayne Haruys,0,suggestion_only,Do not merge occurrences into one person without occurrence-specific context or an approved safe alias.
NAME_00479,captayne iohn,Captayne Iohn,3,"Captayne
Iohn | Captayne Iohn",0,suggestion_only,Do not merge occurrences into one person without occurrence-specific context or an approved safe alias.
NAME_00480,captayne robert,Captayne Robert,1,Captayne Robert,0,suggestion_only,Do not merge occurrences into one person without occurrence-specific context or an approved safe alias.
NAME_00482,captayne woodleefs,Captayne Woodleefs,1,Captayne Woodleefs,0,suggestion_only,Do not merge occurrences into one person without occurrence-specific context or an approved safe alias.
NAME_00483,capteine phemas,Capteine Phemas,1,Capteine Phemas,0,suggestion_only,Do not merge occurrences into one person without occurrence-specific context or an approved safe alias.
NAME_00484,capten barwik,Capten Barwik,1,"Capten
Barwik",0,suggestion_only,Do not merge occurrences into one person without occurrence-specific context or an approved safe alias.
NAME_00485,capten barwike,Capten Barwike,1,Capten Barwike,0,suggestion_only,Do not merge occurrences into one person without occurrence-specific context or an approved safe alias.
NAME_00486,capten basse,Capten Basse,1,Capten Basse,0,suggestion_only,Do not merge occurrences into one person without occurrence-specific context or an approved safe alias.
NAME_00487,capten newport,Capten Newport,3,"Capten
Newport | Capten Newport",0,suggestion_only,Do not merge occurrences into one person without occurrence-specific context or an approved safe alias.
NAME_00488,capten tucker,Capten Tucker,1,Capten Tucker,0,suggestion_only,Do not merge occurrences into one person without occurrence-specific context or an approved safe alias.
NAME_00489,capteyne john,Capteyne John,1,Capteyne John,0,suggestion_only,Do not merge occurrences into one person without occurrence-specific context or an approved safe alias.
NAME_00490,capteyne lawne,Capteyne Lawne,1,Capteyne Lawne,0,suggestion_only,Do not merge occurrences into one person without occurrence-specific context or an approved safe alias.
NAME_00491,capteyne martyn,Capteyne Martyn,1,Capteyne Martyn,0,suggestion_only,Do not merge occurrences into one person without occurrence-specific context or an approved safe alias.
NAME_00492,captin butler,Captin Butler,1,Captin Butler,0,suggestion_only,Do not merge occurrences into one person without occurrence-specific context or an approved safe alias.
NAME_00493,captn smythe,Captn Smythe,1,Captn Smythe,0,suggestion_only,Do not merge occurrences into one person without occurrence-specific context or an approved safe alias.
NAME_00494,captt datisses,Captt Datisses,1,Captt Datisses,0,suggestion_only,Do not merge occurrences into one person without occurrence-specific context or an approved safe alias.
NAME_00495,cap’ north,Cap’ North,1,Cap’ North,0,suggestion_only,Do not merge occurrences into one person without occurrence-specific context or an approved safe alias.
NAME_00496,cap’ warde,Cap’ Warde,1,Cap’ Warde,0,suggestion_only,Do not merge occurrences into one person without occurrence-specific context or an approved safe alias.
NAME_00498,carew lo,Carew Lo,1,"Carew
Lo",0,suggestion_only,Do not merge occurrences into one person without occurrence-specific context or an approved safe alias.
NAME_00499,carew rawleigh,Carew Rawleigh,2,m’* Carew Rawleigh,0,suggestion_only,Do not merge occurrences into one person without occurrence-specific context or an approved safe alias.
NAME_00500,carew s',Carew S',1,Carew S',0,suggestion_only,Do not merge occurrences into one person without occurrence-specific context or an approved safe alias.
NAME_00501,carolo antony,Carolo Antony,1,Carolo Antony,0,suggestion_only,Do not merge occurrences into one person without occurrence-specific context or an approved safe alias.
NAME_00502,carolo kewe,Carolo Kewe,1,Carolo Kewe,0,suggestion_only,Do not merge occurrences into one person without occurrence-specific context or an approved safe alias.
NAME_00503,carolo wilmott,Carolo Wilmott,1,Carolo Wilmott,0,suggestion_only,Do not merge occurrences into one person without occurrence-specific context or an approved safe alias.
NAME_00504,carrarn william,Carrarn WILLIAM,1,Carrarn WILLIAM,0,suggestion_only,Do not merge occurrences into one person without occurrence-specific context or an approved safe alias.
NAME_00505,carsten beckham,Carsten Beckham,1,Carsten Beckham,0,suggestion_only,Do not merge occurrences into one person without occurrence-specific context or an approved safe alias.
NAME_00506,carsten beckham.,Carsten BeckHaM.,1,Carsten BeckHaM,0,suggestion_only,Do not merge occurrences into one person without occurrence-specific context or an approved safe alias.
NAME_00507,carter beadle,Carter Beadle,2,Carter Beadle,0,suggestion_only,Do not merge occurrences into one person without occurrence-specific context or an approved safe alias.
NAME_00508,carter henry,Carter Henry,2,Carter Henry,0,suggestion_only,Do not merge occurrences into one person without occurrence-specific context or an approved safe alias.
NAME_00509,carter left,Carter Left,2,m* Carter Left,0,suggestion_only,Do not merge occurrences into one person without occurrence-specific context or an approved safe alias.
NAME_00510,carthagena allum,Carthagena Allum,1,Carthagena Allum,0,suggestion_only,Do not merge occurrences into one person without occurrence-specific context or an approved safe alias.
NAME_00511,casewe gon,Casewe Gon,1,"m’ Casewe
Gon",0,suggestion_only,Do not merge occurrences into one person without occurrence-specific context or an approved safe alias.
NAME_00512,casewell. s',Casewell. S',2,"m' Casewell.
S' | m'* Casewell.
S'",0,suggestion_only,Do not merge occurrences into one person without occurrence-specific context or an approved safe alias.
NAME_00513,casswell. s',Casswell. S',1,"m'* Casswell.
S'",0,suggestion_only,Do not merge occurrences into one person without occurrence-specific context or an approved safe alias.
NAME_00514,caswell ter,Caswell Ter,1,Caswell Ter,0,suggestion_only,Do not merge occurrences into one person without occurrence-specific context or an approved safe alias.
NAME_00515,caswell trér,Caswell Trér,1,m’ Caswell Trér,0,suggestion_only,Do not merge occurrences into one person without occurrence-specific context or an approved safe alias.
NAME_00516,caswell. the,Caswell. The,1,"m* Caswell.
The",0,suggestion_only,Do not merge occurrences into one person without occurrence-specific context or an approved safe alias.
NAME_00517,caswells report,Caswells Report,1,m’ Caswells Report,0,suggestion_only,Do not merge occurrences into one person without occurrence-specific context or an approved safe alias.
NAME_00520,caualiero maicott,Caualiero Maicott,2,Sir Caualiero Maicott,0,suggestion_only,Do not merge occurrences into one person without occurrence-specific context or an approved safe alias.
NAME_00521,caueliero maycott,Caueliero Maycott,2,Sir Caueliero Maycott,0,suggestion_only,Do not merge occurrences into one person without occurrence-specific context or an approved safe alias.
NAME_00522,cauendish gouernor,Cauendish Gouernor,1,Cauendish Gouernor,0,suggestion_only,Do not merge occurrences into one person without occurrence-specific context or an approved safe alias.
NAME_00523,cauendish lo,Cauendish Lo,1,Lord Cauendish Lo,0,suggestion_only,Do not merge occurrences into one person without occurrence-specific context or an approved safe alias.
NAME_00524,cauendish. earle,Cauendish. Earle,1,"Lord Cauendish.
Earle",0,suggestion_only,Do not merge occurrences into one person without occurrence-specific context or an approved safe alias.
NAME_00525,cauendish. generall,Cauendish. Generall,1,"Lord Cauendish.
Generall",0,suggestion_only,Do not merge occurrences into one person without occurrence-specific context or an approved safe alias.
NAME_00526,cauendish. s',Cauendish. S',2,"Lord Cauendish.
S' | Lord Cauendish. S'",0,suggestion_only,Do not merge occurrences into one person without occurrence-specific context or an approved safe alias.
NAME_00527,cauendish. the,Cauendish. The,2,"Lord Cauendish.
The",0,suggestion_only,Do not merge occurrences into one person without occurrence-specific context or an approved safe alias.
NAME_00528,cauendishes proposition,Cauendishes Proposition,1,"Lord
Cauendishes Proposition",0,suggestion_only,Do not merge occurrences into one person without occurrence-specific context or an approved safe alias.
NAME_00529,cavaller meacocke,Cavaller Meacocke,2,Cavaller Meacocke | Sir Cavaller Meacocke,0,suggestion_only,Do not merge occurrences into one person without occurrence-specific context or an approved safe alias.
NAME_00530,cavendish read,Cavendish Read,1,Lord Cavendish Read,0,suggestion_only,Do not merge occurrences into one person without occurrence-specific context or an approved safe alias.
NAME_00531,cavendish s',Cavendish S',1,Cavendish S',0,suggestion_only,Do not merge occurrences into one person without occurrence-specific context or an approved safe alias.
NAME_00532,cclvi. str,CCLVI. Str,1,CCLVI. Str,0,suggestion_only,Do not merge occurrences into one person without occurrence-specific context or an approved safe alias.
NAME_00533,cdlxiv. james,CDLXIV. James,1,CDLXIV. James,0,suggestion_only,Do not merge occurrences into one person without occurrence-specific context or an approved safe alias.
NAME_00534,censures wrote,Censures Wrote,1,Censures Wrote,0,suggestion_only,Do not merge occurrences into one person without occurrence-specific context or an approved safe alias.
NAME_00535,ceorgio batch,Ceorgio Batch,1,Ceorgio Batch,0,suggestion_only,Do not merge occurrences into one person without occurrence-specific context or an approved safe alias.
NAME_00536,ceorgius swinhowe,Ceorgius Swinhowe,1,"Ceorgius
Swinhowe",0,suggestion_only,Do not merge occurrences into one person without occurrence-specific context or an approved safe alias.
NAME_00544,cgeorgius swinchowe,CGeorgius Swinchowe,1,CGeorgius Swinchowe,0,suggestion_only,Do not merge occurrences into one person without occurrence-specific context or an approved safe alias.
NAME_00545,cggagy foot,Cggagy Foot,1,Cggagy Foot,0,suggestion_only,Do not merge occurrences into one person without occurrence-specific context or an approved safe alias.
NAME_00546,chacles wilmott,Chacles Wilmott,1,"Sir
Chacles Wilmott",0,suggestion_only,Do not merge occurrences into one person without occurrence-specific context or an approved safe alias.
NAME_00548,charles anthonie,Charles Anthonie,1,Charles Anthonie,0,suggestion_only,Do not merge occurrences into one person without occurrence-specific context or an approved safe alias.
NAME_00549,charles anthony,Charles Anthony,1,Charles Anthony,0,suggestion_only,Do not merge occurrences into one person without occurrence-specific context or an approved safe alias.
NAME_00550,charles antony,Charles Antony,1,Charles Antony,0,suggestion_only,Do not merge occurrences into one person without occurrence-specific context or an approved safe alias.
NAME_00551,charles atkinson,Charles Atkinson,1,Charles Atkinson,0,suggestion_only,Do not merge occurrences into one person without occurrence-specific context or an approved safe alias.
NAME_00552,charles barkley,Charles Barkley,1,Charles Barkley,0,suggestion_only,Do not merge occurrences into one person without occurrence-specific context or an approved safe alias.
NAME_00553,charles barkly,Charles Barkly,1,Charles Barkly,0,suggestion_only,Do not merge occurrences into one person without occurrence-specific context or an approved safe alias.
NAME_00554,charles beck,Charles Beck,1,Charles Beck,0,suggestion_only,Do not merge occurrences into one person without occurrence-specific context or an approved safe alias.
NAME_00555,charles beeke.,Charles Beeke.,1,Charles Beeke,0,suggestion_only,Do not merge occurrences into one person without occurrence-specific context or an approved safe alias.
NAME_00557,charles cittee,Charles Cittee,1,Charles Cittee,0,suggestion_only,Do not merge occurrences into one person without occurrence-specific context or an approved safe alias.
NAME_00558,charles cittic,Charles Cittic,1,Charles Cittic,0,suggestion_only,Do not merge occurrences into one person without occurrence-specific context or an approved safe alias.
NAME_00559,charles cittie,Charles Cittie,6,"Charles
Cittie | Charles Cittie",0,suggestion_only,Do not merge occurrences into one person without occurrence-specific context or an approved safe alias.
NAME_00562,charles could,Charles Could,1,"M*
Charles Could",0,suggestion_only,Do not merge occurrences into one person without occurrence-specific context or an approved safe alias.
NAME_00563,charles coyfe,Charles Coyfe,2,Charles Coyfe,0,suggestion_only,Do not merge occurrences into one person without occurrence-specific context or an approved safe alias.
NAME_00564,charles cratford,Charles Cratford,2,Charles Cratford,0,suggestion_only,Do not merge occurrences into one person without occurrence-specific context or an approved safe alias.
NAME_00565,charles cyty,Charles Cyty,1,Charles Cyty,0,suggestion_only,Do not merge occurrences into one person without occurrence-specific context or an approved safe alias.
NAME_00566,charles h.,Charles H.,1,Charles H,0,suggestion_only,Do not merge occurrences into one person without occurrence-specific context or an approved safe alias.
NAME_00567,charles haw,Charles Haw,1,Charles Haw,0,suggestion_only,Do not merge occurrences into one person without occurrence-specific context or an approved safe alias.
NAME_00568,charles hawking,Charles Hawking,1,Charles Hawking,0,suggestion_only,Do not merge occurrences into one person without occurrence-specific context or an approved safe alias.
NAME_00570,charles i,Charles I,1,Charles I,0,suggestion_only,Do not merge occurrences into one person without occurrence-specific context or an approved safe alias.
NAME_00571,charles i’s,Charles I’s,1,Charles I’s,0,suggestion_only,Do not merge occurrences into one person without occurrence-specific context or an approved safe alias.
NAME_00572,charles jones,Charles Jones,1,Charles Jones,0,suggestion_only,Do not merge occurrences into one person without occurrence-specific context or an approved safe alias.
NAME_00573,charles kelke,Charles Kelke,1,Sir Charles Kelke,0,suggestion_only,Do not merge occurrences into one person without occurrence-specific context or an approved safe alias.
NAME_00574,charles kewe,Charles Kewe,1,Sir Charles Kewe,0,suggestion_only,Do not merge occurrences into one person without occurrence-specific context or an approved safe alias.
NAME_00575,charles magnor,Charles Magnor,1,Charles Magnor,0,suggestion_only,Do not merge occurrences into one person without occurrence-specific context or an approved safe alias.
NAME_00576,charles morgan,Charles Morgan,1,Sir Charles Morgan,0,suggestion_only,Do not merge occurrences into one person without occurrence-specific context or an approved safe alias.
NAME_00577,charles mountagu,Charles Mountagu,2,"Sir Charles
Mountagu",0,suggestion_only,Do not merge occurrences into one person without occurrence-specific context or an approved safe alias.
NAME_00578,charles mountague,Charles Mountague,2,Sir Charles Mountague,0,suggestion_only,Do not merge occurrences into one person without occurrence-specific context or an approved safe alias.
NAME_00579,charles north,Charles North,6,Charles North | Sir Charles North,0,suggestion_only,Do not merge occurrences into one person without occurrence-specific context or an approved safe alias.
NAME_00580,charles nuttal,Charles Nuttal,1,Charles Nuttal,0,suggestion_only,Do not merge occurrences into one person without occurrence-specific context or an approved safe alias.
NAME_00581,charles partridge,Charles Partridge,1,Charles Partridge,0,suggestion_only,Do not merge occurrences into one person without occurrence-specific context or an approved safe alias.
NAME_00582,charles towler,Charles Towler,3,Charles Towler,0,suggestion_only,Do not merge occurrences into one person without occurrence-specific context or an approved safe alias.
NAME_00583,charles v,Charles V,2,Charles V,0,suggestion_only,Do not merge occurrences into one person without occurrence-specific context or an approved safe alias.
NAME_00584,charles wilmot,Charles Wilmot,1,Charles Wilmot,0,suggestion_only,Do not merge occurrences into one person without occurrence-specific context or an approved safe alias.
NAME_00585,charles wilmott,Charles Wilmott,2,Sir Charles Wilmott,0,suggestion_only,Do not merge occurrences into one person without occurrence-specific context or an approved safe alias.
NAME_00586,charles. patent,Charles. Patent,1,"Sir Charles.
Patent",0,suggestion_only,Do not merge occurrences into one person without occurrence-specific context or an approved safe alias.
NAME_00587,charolo hawkins,Charolo Hawkins,1,Charolo Hawkins,0,suggestion_only,Do not merge occurrences into one person without occurrence-specific context or an approved safe alias.
NAME_00588,charolo morgan,Charolo Morgan,1,Charolo Morgan,0,suggestion_only,Do not merge occurrences into one person without occurrence-specific context or an approved safe alias.
NAME_00589,charolo towler,Charolo Towler,1,Charolo Towler,0,suggestion_only,Do not merge occurrences into one person without occurrence-specific context or an approved safe alias.
NAME_00590,che aegon,Che AeGon,1,Che AeGon,0,suggestion_only,Do not merge occurrences into one person without occurrence-specific context or an approved safe alias.
NAME_00591,che gouerner,Che Gouerner,1,Che Gouerner,0,suggestion_only,Do not merge occurrences into one person without occurrence-specific context or an approved safe alias.
NAME_00593,chichester baron,Chichester Baron,1,"lord Chichester
Baron",0,suggestion_only,Do not merge occurrences into one person without occurrence-specific context or an approved safe alias.
NAME_00596,chomas barber,Chomas Barber,1,Chomas Barber,0,suggestion_only,Do not merge occurrences into one person without occurrence-specific context or an approved safe alias.
NAME_00597,christian charitie,Christian Charitie,1,Christian Charitie,0,suggestion_only,Do not merge occurrences into one person without occurrence-specific context or an approved safe alias.
NAME_00598,christian religid,Christian Religid,1,Christian Religid,0,suggestion_only,Do not merge occurrences into one person without occurrence-specific context or an approved safe alias.
NAME_00600,christo jesu,Christo Jesu,1,Christo Jesu,0,suggestion_only,Do not merge occurrences into one person without occurrence-specific context or an approved safe alias.
NAME_00601,christo yo,Christo Yo,1,"Christo
Yo",0,suggestion_only,Do not merge occurrences into one person without occurrence-specific context or an approved safe alias.
NAME_00603,christofer earle,Christofer Earle,2,m* Christofer Earle,0,suggestion_only,Do not merge occurrences into one person without occurrence-specific context or an approved safe alias.
NAME_00604,christofer landman,Christofer Landman,1,Christofer Landman,0,suggestion_only,Do not merge occurrences into one person without occurrence-specific context or an approved safe alias.
NAME_00605,christofer levett,Christofer Levett,1,Christofer Levett,0,suggestion_only,Do not merge occurrences into one person without occurrence-specific context or an approved safe alias.
NAME_00606,christofer parkins,Christofer Parkins,2,Sir Christofer Parkins,0,suggestion_only,Do not merge occurrences into one person without occurrence-specific context or an approved safe alias.
NAME_00607,christofer perkins,Christofer Perkins,1,Christofer Perkins,0,suggestion_only,Do not merge occurrences into one person without occurrence-specific context or an approved safe alias.
NAME_00608,christofero barton,Christofero Barton,1,Christofero Barton,0,suggestion_only,Do not merge occurrences into one person without occurrence-specific context or an approved safe alias.
NAME_00610,christofero cleave,Christofero Cleave,1,Christofero Cleave,0,suggestion_only,Do not merge occurrences into one person without occurrence-specific context or an approved safe alias.
NAME_00611,christofero iluare,Christofero Iluare,1,Christofero Iluare,0,suggestion_only,Do not merge occurrences into one person without occurrence-specific context or an approved safe alias.
NAME_00612,christofero lamman,Christofero Lamman,1,Christofero Lamman,0,suggestion_only,Do not merge occurrences into one person without occurrence-specific context or an approved safe alias.
NAME_00614,christofero nicholls,Christofero Nicholls,2,"Christofero
Nicholls | Christofero Nicholls",0,suggestion_only,Do not merge occurrences into one person without occurrence-specific context or an approved safe alias.
NAME_00615,christofero peckforde,Christofero Peckforde,1,"Christofero
Peckforde",0,suggestion_only,Do not merge occurrences into one person without occurrence-specific context or an approved safe alias.
NAME_00616,christopher barron,Christopher Barron,1,M'* Christopher Barron,0,suggestion_only,Do not merge occurrences into one person without occurrence-specific context or an approved safe alias.
NAME_00617,christopher barton,Christopher Barton,1,Christopher Barton,0,suggestion_only,Do not merge occurrences into one person without occurrence-specific context or an approved safe alias.
NAME_00619,christopher cle-,Christopher Cle-,1,m’ Christopher Cle-,0,suggestion_only,Do not merge occurrences into one person without occurrence-specific context or an approved safe alias.
NAME_00620,christopher cleave,Christopher Cleave,1,"Sir
Christopher Cleave",0,suggestion_only,Do not merge occurrences into one person without occurrence-specific context or an approved safe alias.
NAME_00621,christopher cletherow,Christopher Cletherow,1,Christopher Cletherow,0,suggestion_only,Do not merge occurrences into one person without occurrence-specific context or an approved safe alias.
NAME_00622,christopher cletherowe,Christopher Cletherowe,1,Christopher Cletherowe,0,suggestion_only,Do not merge occurrences into one person without occurrence-specific context or an approved safe alias.
NAME_00623,christopher clethrae,Christopher Clethrae,1,Christopher Clethrae,0,suggestion_only,Do not merge occurrences into one person without occurrence-specific context or an approved safe alias.
NAME_00624,christopher daniell,Christopher Daniell,1,Christopher Daniell,0,suggestion_only,Do not merge occurrences into one person without occurrence-specific context or an approved safe alias.
NAME_00625,christopher dauison,Christopher Dauison,1,Christopher Dauison,0,suggestion_only,Do not merge occurrences into one person without occurrence-specific context or an approved safe alias.
NAME_00626,christopher davison,Christopher Davison,2,Christopher Davison,0,suggestion_only,Do not merge occurrences into one person without occurrence-specific context or an approved safe alias.
NAME_00627,christopher earle,Christopher Earle,1,Christopher Earle,0,suggestion_only,Do not merge occurrences into one person without occurrence-specific context or an approved safe alias.
NAME_00628,christopher guillam,Christopher Guillam,1,Christopher Guillam,0,suggestion_only,Do not merge occurrences into one person without occurrence-specific context or an approved safe alias.
NAME_00629,christopher harding,Christopher Harding,1,Christopher Harding,0,suggestion_only,Do not merge occurrences into one person without occurrence-specific context or an approved safe alias.
NAME_00630,christopher henley,Christopher Henley,1,Christopher Henley,0,suggestion_only,Do not merge occurrences into one person without occurrence-specific context or an approved safe alias.
NAME_00631,christopher hoare,Christopher Hoare,1,Christopher Hoare,0,suggestion_only,Do not merge occurrences into one person without occurrence-specific context or an approved safe alias.
NAME_00632,christopher isop,Christopher Isop,1,Christopher Isop,0,suggestion_only,Do not merge occurrences into one person without occurrence-specific context or an approved safe alias.
NAME_00633,christopher lamman,Christopher Lamman,1,Christopher Lamman,0,suggestion_only,Do not merge occurrences into one person without occurrence-specific context or an approved safe alias.
NAME_00634,christopher lawne,Christopher Lawne,5,Captain Christopher Lawne | Christopher Lawne,0,suggestion_only,Do not merge occurrences into one person without occurrence-specific context or an approved safe alias.
NAME_00635,christopher lawnes,Christopher Lawnes,2,Captain Christopher Lawnes,0,suggestion_only,Do not merge occurrences into one person without occurrence-specific context or an approved safe alias.
NAME_00636,christopher martin,Christopher Martin,1,Christopher Martin,0,suggestion_only,Do not merge occurrences into one person without occurrence-specific context or an approved safe alias.
NAME_00637,christopher newgate,Christopher Newgate,1,Christopher Newgate,0,suggestion_only,Do not merge occurrences into one person without occurrence-specific context or an approved safe alias.
NAME_00638,christopher nicholls,Christopher Nicholls,2,"Christopher
Nicholls | Christopher Nicholls",0,suggestion_only,Do not merge occurrences into one person without occurrence-specific context or an approved safe alias.
NAME_00639,christopher nugate,Christopher Nugate,1,Christopher Nugate,0,suggestion_only,Do not merge occurrences into one person without occurrence-specific context or an approved safe alias.
NAME_00640,christopher peckforde,Christopher Peckforde,1,Christopher Peckforde,0,suggestion_only,Do not merge occurrences into one person without occurrence-specific context or an approved safe alias.
NAME_00641,christopher perkins,Christopher Perkins,2,"Christopher Perkins | Sir
Christopher Perkins",0,suggestion_only,Do not merge occurrences into one person without occurrence-specific context or an approved safe alias.
NAME_00642,christopher read,Christopher Read,1,Christopher Read,0,suggestion_only,Do not merge occurrences into one person without occurrence-specific context or an approved safe alias.
NAME_00643,christopher tiffen,Christopher Tiffen,1,Christopher Tiffen,0,suggestion_only,Do not merge occurrences into one person without occurrence-specific context or an approved safe alias.
NAME_00644,christopher turner,Christopher Turner,1,Christopher Turner,0,suggestion_only,Do not merge occurrences into one person without occurrence-specific context or an approved safe alias.
NAME_00645,christopher vertue,Christopher Vertue,2,Christopher Vertue,0,suggestion_only,Do not merge occurrences into one person without occurrence-specific context or an approved safe alias.
NAME_00646,christophero perkins,Christophero Perkins,1,Christophero Perkins,0,suggestion_only,Do not merge occurrences into one person without occurrence-specific context or an approved safe alias.
NAME_00647,churchill moone,Churchill Moone,1,M’ Churchill Moone,0,suggestion_only,Do not merge occurrences into one person without occurrence-specific context or an approved safe alias.
NAME_00649,cis parrington,Cis Parrington,1,Cis Parrington,0,suggestion_only,Do not merge occurrences into one person without occurrence-specific context or an approved safe alias.
NAME_00650,cisly cooke,Cisly Cooke,1,Cisly Cooke,0,suggestion_only,Do not merge occurrences into one person without occurrence-specific context or an approved safe alias.
NAME_00651,cisly laware,Cisly Laware,1,Lady Cisly Laware,0,suggestion_only,Do not merge occurrences into one person without occurrence-specific context or an approved safe alias.
NAME_00656,ciuill tustice,Ciuill Tustice,1,Ciuill Tustice,0,suggestion_only,Do not merge occurrences into one person without occurrence-specific context or an approved safe alias.
NAME_00657,clarkes account,Clarkes Account,1,Clarkes Account,0,suggestion_only,Do not merge occurrences into one person without occurrence-specific context or an approved safe alias.
NAME_00660,cleephas smyth,Cleephas Smyth,1,Cleephas Smyth,0,suggestion_only,Do not merge occurrences into one person without occurrence-specific context or an approved safe alias.
NAME_00661,clement chiteheley,Clement Chiteheley,1,Clement Chiteheley,0,suggestion_only,Do not merge occurrences into one person without occurrence-specific context or an approved safe alias.
NAME_00662,clement dilke,Clement Dilke,2,Clement Dilke,0,suggestion_only,Do not merge occurrences into one person without occurrence-specific context or an approved safe alias.
NAME_00663,clement edwards,Clement Edwards,1,Sir Clement Edwards,0,suggestion_only,Do not merge occurrences into one person without occurrence-specific context or an approved safe alias.
NAME_00664,clement willmer,Clement Willmer,1,Clement Willmer,0,suggestion_only,Do not merge occurrences into one person without occurrence-specific context or an approved safe alias.
NAME_00665,clement wilmer,Clement Wilmer,3,Clement Wilmer | M’ Clement Wilmer,0,suggestion_only,Do not merge occurrences into one person without occurrence-specific context or an approved safe alias.
NAME_00666,clemente inn,Clemente Inn,1,Clemente Inn,0,suggestion_only,Do not merge occurrences into one person without occurrence-specific context or an approved safe alias.
NAME_00667,clementi wilmer,Clementi Wilmer,1,Clementi Wilmer,0,suggestion_only,Do not merge occurrences into one person without occurrence-specific context or an approved safe alias.
NAME_00668,cleophas sinyth,Cleophas Sinyth,1,Cleophas Sinyth,0,suggestion_only,Do not merge occurrences into one person without occurrence-specific context or an approved safe alias.
NAME_00669,cleophas smith,Cleophas Smith,1,Cleophas Smith,0,suggestion_only,Do not merge occurrences into one person without occurrence-specific context or an approved safe alias.
NAME_00670,cletherow. cap’,Cletherow. Cap’,1,"m' Cletherow.
Cap’",0,suggestion_only,Do not merge occurrences into one person without occurrence-specific context or an approved safe alias.
NAME_00671,cluistofero vertue,Cluistofero Vertue,1,Cluistofero Vertue,0,suggestion_only,Do not merge occurrences into one person without occurrence-specific context or an approved safe alias.
NAME_00672,cnor codd,Cnor Codd,1,Cnor Codd,0,suggestion_only,Do not merge occurrences into one person without occurrence-specific context or an approved safe alias.
NAME_00676,colethurst mr’,Colethurst Mr’,1,"Colethurst
Mr’",0,suggestion_only,Do not merge occurrences into one person without occurrence-specific context or an approved safe alias.
NAME_00679,colledge tenante,Colledge Tenante,1,Colledge Tenante,0,suggestion_only,Do not merge occurrences into one person without occurrence-specific context or an approved safe alias.
NAME_00680,collet. cap,Collet. Cap,1,"m* Collet.
Cap",0,suggestion_only,Do not merge occurrences into one person without occurrence-specific context or an approved safe alias.
NAME_00681,collier valete,Collier Valete,1,M'* Collier Valete,0,suggestion_only,Do not merge occurrences into one person without occurrence-specific context or an approved safe alias.
NAME_00682,colliers familie,Colliers Familie,1,M' Colliers Familie,0,suggestion_only,Do not merge occurrences into one person without occurrence-specific context or an approved safe alias.
NAME_00683,collingwood sec,Collingwood Sec,1,Collingwood Sec,0,suggestion_only,Do not merge occurrences into one person without occurrence-specific context or an approved safe alias.
NAME_00684,collingwood secre,Collingwood Secre,1,Collingwood Secre,0,suggestion_only,Do not merge occurrences into one person without occurrence-specific context or an approved safe alias.
NAME_00685,collingwood secretary,Collingwood Secretary,1,Collingwood Secretary,0,suggestion_only,Do not merge occurrences into one person without occurrence-specific context or an approved safe alias.
NAME_00686,collingwood seer,Collingwood Seer,1,Collingwood Seer,0,suggestion_only,Do not merge occurrences into one person without occurrence-specific context or an approved safe alias.
NAME_00687,collonel ogle,Collonel Ogle,1,Collonel Ogle,0,suggestion_only,Do not merge occurrences into one person without occurrence-specific context or an approved safe alias.
NAME_00712,complaynante plantaton,Complaynante Plantaton,1,Complaynante Plantaton,0,suggestion_only,Do not merge occurrences into one person without occurrence-specific context or an approved safe alias.
NAME_00714,concerning martin,Concerning Martin,1,Concerning Martin,0,suggestion_only,Do not merge occurrences into one person without occurrence-specific context or an approved safe alias.
NAME_00717,conte ge,Conte Ge,1,Conte Ge,0,suggestion_only,Do not merge occurrences into one person without occurrence-specific context or an approved safe alias.
NAME_00718,conteex england,Conteex England,1,Conteex England,0,suggestion_only,Do not merge occurrences into one person without occurrence-specific context or an approved safe alias.
NAME_00720,conway teste,Conway Teste,1,"Lady Conway
Teste",0,suggestion_only,Do not merge occurrences into one person without occurrence-specific context or an approved safe alias.
NAME_00721,coourte holden,COoURTE HOLDEN,1,"COoURTE
HOLDEN",0,suggestion_only,Do not merge occurrences into one person without occurrence-specific context or an approved safe alias.
NAME_00722,copland. s',Copland. S',1,"m* Copland.
S'",0,suggestion_only,Do not merge occurrences into one person without occurrence-specific context or an approved safe alias.
NAME_00723,copland. with,Copland. With,1,m* Copland. With,0,suggestion_only,Do not merge occurrences into one person without occurrence-specific context or an approved safe alias.
NAME_00724,cornelius iohnson,Cornelius Iohnson,1,Cornelius Iohnson,0,suggestion_only,Do not merge occurrences into one person without occurrence-specific context or an approved safe alias.
NAME_00725,cory rawleigh,Cory Rawleigh,1,m' Cory Rawleigh,0,suggestion_only,Do not merge occurrences into one person without occurrence-specific context or an approved safe alias.
NAME_00727,couentrie knight,Couentrie Knight,1,Couentrie Knight,0,suggestion_only,Do not merge occurrences into one person without occurrence-specific context or an approved safe alias.
NAME_00734,counsil j,Counsil J,1,Counsil J,0,suggestion_only,Do not merge occurrences into one person without occurrence-specific context or an approved safe alias.
NAME_00741,cp bargrauee,Cp Bargrauee,1,Cp Bargrauee,0,suggestion_only,Do not merge occurrences into one person without occurrence-specific context or an approved safe alias.
NAME_00742,cptaine raph,Cptaine Raph,1,Cptaine Raph,0,suggestion_only,Do not merge occurrences into one person without occurrence-specific context or an approved safe alias.
NAME_00743,cranmer. s',Cranmer. S',3,"m' Cranmer.
S' | m'’ Cranmer.
S' | m* Cranmer.
S'",0,suggestion_only,Do not merge occurrences into one person without occurrence-specific context or an approved safe alias.
NAME_00744,cranmer. s'iohn,Cranmer. S'Iohn,1,"m’* Cranmer.
S'Iohn",0,suggestion_only,Do not merge occurrences into one person without occurrence-specific context or an approved safe alias.
NAME_00745,crristropuer davison,Crristropuer Davison,1,Crristropuer Davison,0,suggestion_only,Do not merge occurrences into one person without occurrence-specific context or an approved safe alias.
NAME_00746,cullamore. one,Cullamore. One,1,"Lady Cullamore.
One",0,suggestion_only,Do not merge occurrences into one person without occurrence-specific context or an approved safe alias.
NAME_00747,cupt bache,Cupt Bache,1,Cupt Bache,0,suggestion_only,Do not merge occurrences into one person without occurrence-specific context or an approved safe alias.
NAME_00748,cur davison,Cur Davison,1,Cur Davison,0,suggestion_only,Do not merge occurrences into one person without occurrence-specific context or an approved safe alias.
NAME_00749,curie admiralitatis,Curie Admiralitatis,1,Curie Admiralitatis,0,suggestion_only,Do not merge occurrences into one person without occurrence-specific context or an approved safe alias.
NAME_00751,cutbert essington,Cutbert Essington,1,Cutbert Essington,0,suggestion_only,Do not merge occurrences into one person without occurrence-specific context or an approved safe alias.
NAME_00752,cuthbert essing-,Cuthbert Essing-,1,m' Cuthbert Essing-,0,suggestion_only,Do not merge occurrences into one person without occurrence-specific context or an approved safe alias.
NAME_00753,d' anthony,D' Anthony,3,m’ D' Anthony,0,suggestion_only,Do not merge occurrences into one person without occurrence-specific context or an approved safe alias.
NAME_00754,d' gulson,D' Gulson,2,m* D' Gulson | m’ D' Gulson,0,suggestion_only,Do not merge occurrences into one person without occurrence-specific context or an approved safe alias.
NAME_00755,d' gulston,D' Gulston,1,m' D' Gulston,0,suggestion_only,Do not merge occurrences into one person without occurrence-specific context or an approved safe alias.
NAME_00756,d' gulstone,D' Gulstone,1,m’ D' Gulstone,0,suggestion_only,Do not merge occurrences into one person without occurrence-specific context or an approved safe alias.
NAME_00757,d' meddowes,D' Meddowes,1,m' D' Meddowes,0,suggestion_only,Do not merge occurrences into one person without occurrence-specific context or an approved safe alias.
NAME_00758,d' meddus,D' Meddus,1,m* D' Meddus,0,suggestion_only,Do not merge occurrences into one person without occurrence-specific context or an approved safe alias.
NAME_00759,d' theo-,D' Theo-,1,m* D' Theo-,0,suggestion_only,Do not merge occurrences into one person without occurrence-specific context or an approved safe alias.
NAME_00760,d' winston,D' Winston,1,m’ D' Winston,0,suggestion_only,Do not merge occurrences into one person without occurrence-specific context or an approved safe alias.
NAME_00761,d' winstone,D' Winstone,3,m' D' Winstone,0,suggestion_only,Do not merge occurrences into one person without occurrence-specific context or an approved safe alias.
NAME_00762,d' wynstone,D' Wynstone,2,M' D' Wynstone | m' D' Wynstone,0,suggestion_only,Do not merge occurrences into one person without occurrence-specific context or an approved safe alias.
NAME_00763,d. bohun,D. Bohun,1,D. Bohun,0,suggestion_only,Do not merge occurrences into one person without occurrence-specific context or an approved safe alias.
NAME_00765,dake gala,Dake Gala,1,Dake Gala,0,suggestion_only,Do not merge occurrences into one person without occurrence-specific context or an approved safe alias.
NAME_00766,dale gov',Dale Gov',1,Dale Gov',0,suggestion_only,Do not merge occurrences into one person without occurrence-specific context or an approved safe alias.
NAME_00767,dale knight,Dale Knight,1,Dale Knight,0,suggestion_only,Do not merge occurrences into one person without occurrence-specific context or an approved safe alias.
NAME_00768,dale marshall,Dale Marshall,1,Dale Marshall,0,suggestion_only,Do not merge occurrences into one person without occurrence-specific context or an approved safe alias.
NAME_00769,dales crop,Dales Crop,1,Lady Dales Crop,0,suggestion_only,Do not merge occurrences into one person without occurrence-specific context or an approved safe alias.
NAME_00770,dan. tucker',Dan. Tucker',1,Capt. Dan. Tucker',0,suggestion_only,Do not merge occurrences into one person without occurrence-specific context or an approved safe alias.
NAME_00772,danicl donne,Danicl Donne,1,Sir Danicl Donne,0,suggestion_only,Do not merge occurrences into one person without occurrence-specific context or an approved safe alias.
NAME_00773,daniclt ducker,Daniclt Ducker,1,Daniclt Ducker,0,suggestion_only,Do not merge occurrences into one person without occurrence-specific context or an approved safe alias.
NAME_00774,daniel darnelly,Daniel Darnelly,1,Daniel Darnelly,0,suggestion_only,Do not merge occurrences into one person without occurrence-specific context or an approved safe alias.
NAME_00775,daniel ducker,Daniel Ducker,1,Daniel Ducker,0,suggestion_only,Do not merge occurrences into one person without occurrence-specific context or an approved safe alias.
NAME_00776,daniel gookin,Daniel Gookin,2,Master Daniel Gookin,0,suggestion_only,Do not merge occurrences into one person without occurrence-specific context or an approved safe alias.
NAME_00778,daniel wynch,Daniel Wynch,1,Daniel Wynch,0,suggestion_only,Do not merge occurrences into one person without occurrence-specific context or an approved safe alias.
NAME_00779,daniele donne,Daniele Donne,1,Daniele Donne,0,suggestion_only,Do not merge occurrences into one person without occurrence-specific context or an approved safe alias.
NAME_00780,daniell gookin,Daniell Gookin,2,m* Daniell Gookin,0,suggestion_only,Do not merge occurrences into one person without occurrence-specific context or an approved safe alias.
NAME_00781,daniell gookine,Daniell Gookine,1,M* Daniell Gookine,0,suggestion_only,Do not merge occurrences into one person without occurrence-specific context or an approved safe alias.
NAME_00783,darnelly edward,Darnelly Edward,1,Darnelly Edward,0,suggestion_only,Do not merge occurrences into one person without occurrence-specific context or an approved safe alias.
NAME_00784,darnelly sept,Darnelly Sept,1,"M’ Darnelly
Sept",0,suggestion_only,Do not merge occurrences into one person without occurrence-specific context or an approved safe alias.
NAME_00785,darnelly. s',Darnelly. S',1,"m* Darnelly.
S'",0,suggestion_only,Do not merge occurrences into one person without occurrence-specific context or an approved safe alias.
NAME_00786,daughter ioane,Daughter Ioane,1,Daughter Ioane,0,suggestion_only,Do not merge occurrences into one person without occurrence-specific context or an approved safe alias.
NAME_00787,daughter katherine,Daughter Katherine,1,"Daughter
Katherine",0,suggestion_only,Do not merge occurrences into one person without occurrence-specific context or an approved safe alias.
NAME_00788,dauid barry,Dauid Barry,1,Dauid Barry,0,suggestion_only,Do not merge occurrences into one person without occurrence-specific context or an approved safe alias.
NAME_00789,dauid bennet,Dauid Bennet,1,M' Dauid Bennet,0,suggestion_only,Do not merge occurrences into one person without occurrence-specific context or an approved safe alias.
NAME_00790,dauid bons,Dauid Bons,1,Dauid Bons,0,suggestion_only,Do not merge occurrences into one person without occurrence-specific context or an approved safe alias.
NAME_00791,dauid floyde,Dauid Floyde,2,Dauid Floyde,0,suggestion_only,Do not merge occurrences into one person without occurrence-specific context or an approved safe alias.
NAME_00792,dauid lloyd,Dauid Lloyd,1,Dauid Lloyd,0,suggestion_only,Do not merge occurrences into one person without occurrence-specific context or an approved safe alias.
NAME_00793,dauid middleton,Dauid Middleton,2,m’ Dauid Middleton,0,suggestion_only,Do not merge occurrences into one person without occurrence-specific context or an approved safe alias.
NAME_00794,dauid owen,Dauid Owen,1,Dauid Owen,0,suggestion_only,Do not merge occurrences into one person without occurrence-specific context or an approved safe alias.
NAME_00795,dauid waterhouse,Dauid Waterhouse,1,Dauid Waterhouse,0,suggestion_only,Do not merge occurrences into one person without occurrence-specific context or an approved safe alias.
NAME_00796,dauid wiffen,Dauid Wiffen,1,Dauid Wiffen,0,suggestion_only,Do not merge occurrences into one person without occurrence-specific context or an approved safe alias.
NAME_00798,daurson seér,Daurson Seér,1,Daurson Seér,0,suggestion_only,Do not merge occurrences into one person without occurrence-specific context or an approved safe alias.
NAME_00799,david bennett,David Bennett,1,David Bennett,0,suggestion_only,Do not merge occurrences into one person without occurrence-specific context or an approved safe alias.
NAME_00800,david bone,David Bone,1,David Bone,0,suggestion_only,Do not merge occurrences into one person without occurrence-specific context or an approved safe alias.
NAME_00801,david sandys,David Sandys,1,David Sandys,0,suggestion_only,Do not merge occurrences into one person without occurrence-specific context or an approved safe alias.
NAME_00802,david waterhouse,David Waterhouse,1,David Waterhouse,0,suggestion_only,Do not merge occurrences into one person without occurrence-specific context or an approved safe alias.
NAME_00803,david wiffin,David Wiffin,2,David Wiffin,0,suggestion_only,Do not merge occurrences into one person without occurrence-specific context or an approved safe alias.
NAME_00804,david wiflin,David Wiflin,1,David Wiflin,0,suggestion_only,Do not merge occurrences into one person without occurrence-specific context or an approved safe alias.
NAME_00805,davidi bone,Davidi Bone,1,Davidi Bone,0,suggestion_only,Do not merge occurrences into one person without occurrence-specific context or an approved safe alias.
NAME_00806,davidi waterhouse,Davidi Waterhouse,1,Davidi Waterhouse,0,suggestion_only,Do not merge occurrences into one person without occurrence-specific context or an approved safe alias.
NAME_00807,davin sanpis,Davin Sanpis,1,Davin Sanpis,0,suggestion_only,Do not merge occurrences into one person without occurrence-specific context or an approved safe alias.
NAME_00808,davison jo,Davison Jo,1,"Davison
Jo",0,suggestion_only,Do not merge occurrences into one person without occurrence-specific context or an approved safe alias.
NAME_00809,davison sec,Davison Sec,1,Davison Sec,0,suggestion_only,Do not merge occurrences into one person without occurrence-specific context or an approved safe alias.
NAME_00810,davison secr,Davison Secr,3,Davison Secr,0,suggestion_only,Do not merge occurrences into one person without occurrence-specific context or an approved safe alias.
NAME_00811,davison seer,Davison Seer,3,Davison Seer,0,suggestion_only,Do not merge occurrences into one person without occurrence-specific context or an approved safe alias.
NAME_00812,davison seér,Davison Seér,1,Davison Seér,0,suggestion_only,Do not merge occurrences into one person without occurrence-specific context or an approved safe alias.
NAME_00813,dboream zephyrum,DBoream Zephyrum,1,DBoream Zephyrum,0,suggestion_only,Do not merge occurrences into one person without occurrence-specific context or an approved safe alias.
NAME_00814,de clark,De Clark,1,De Clark,0,suggestion_only,Do not merge occurrences into one person without occurrence-specific context or an approved safe alias.
NAME_00815,de la,De La,1,Lord De La,0,suggestion_only,Do not merge occurrences into one person without occurrence-specific context or an approved safe alias.
NAME_00816,de lawar,De Lawar,6,De Lawar | Lady De Lawar,0,suggestion_only,Do not merge occurrences into one person without occurrence-specific context or an approved safe alias.
NAME_00818,de lawne,De Lawne,6,De Lawne | m’* De Lawne,0,suggestion_only,Do not merge occurrences into one person without occurrence-specific context or an approved safe alias.
NAME_00821,dedowre pson,DEDOWRE Pson,1,DEDOWRE Pson,0,suggestion_only,Do not merge occurrences into one person without occurrence-specific context or an approved safe alias.
NAME_00823,deer geren,Deer Geren,1,Deer Geren,0,suggestion_only,Do not merge occurrences into one person without occurrence-specific context or an approved safe alias.
NAME_00824,defends wrote,Defends Wrote,1,Defends Wrote,0,suggestion_only,Do not merge occurrences into one person without occurrence-specific context or an approved safe alias.
NAME_00825,deibridue in-,Deibridue In-,1,M* Deibridue In-,0,suggestion_only,Do not merge occurrences into one person without occurrence-specific context or an approved safe alias.
NAME_00826,delawarr riuer,Delawarr Riuer,1,Delawarr Riuer,0,suggestion_only,Do not merge occurrences into one person without occurrence-specific context or an approved safe alias.
NAME_00827,delawarres arivall,DeLawarres Arivall,1,Lord DeLawarres Arivall,0,suggestion_only,Do not merge occurrences into one person without occurrence-specific context or an approved safe alias.
NAME_00828,delawne iun,Delawne Iun,2,m’* Delawne Iun,0,suggestion_only,Do not merge occurrences into one person without occurrence-specific context or an approved safe alias.
NAME_00829,delionell russell,Delionell Russell,1,Delionell Russell,0,suggestion_only,Do not merge occurrences into one person without occurrence-specific context or an approved safe alias.
NAME_00830,dennis m’,Dennis M’,1,m’ Dennis M’,0,suggestion_only,Do not merge occurrences into one person without occurrence-specific context or an approved safe alias.
NAME_00831,dennis. now,Dennis. Now,1,m’ Dennis. Now,0,suggestion_only,Do not merge occurrences into one person without occurrence-specific context or an approved safe alias.
NAME_00832,deputatum thesaurarit,Deputatum Thesaurarit,1,Deputatum Thesaurarit,0,suggestion_only,Do not merge occurrences into one person without occurrence-specific context or an approved safe alias.
NAME_00833,deputie ferrers,Deputie Ferrers,1,M' Deputie Ferrers,0,suggestion_only,Do not merge occurrences into one person without occurrence-specific context or an approved safe alias.
NAME_00837,deputy ferrar,Deputy Ferrar,2,M' Deputy Ferrar | m’ Deputy Ferrar,0,suggestion_only,Do not merge occurrences into one person without occurrence-specific context or an approved safe alias.
NAME_00838,deputy ferrar.,Deputy Ferrar.,1,m’ Deputy Ferrar,0,suggestion_only,Do not merge occurrences into one person without occurrence-specific context or an approved safe alias.
NAME_00840,deputy nuce,Deputy Nuce,1,m’ Deputy Nuce,0,suggestion_only,Do not merge occurrences into one person without occurrence-specific context or an approved safe alias.
NAME_00843,desire mt,Desire Mt,1,Desire Mt,0,suggestion_only,Do not merge occurrences into one person without occurrence-specific context or an approved safe alias.
NAME_00845,deuty boyes,Deuty Boyes,1,Deuty Boyes,0,suggestion_only,Do not merge occurrences into one person without occurrence-specific context or an approved safe alias.
NAME_00846,di bd6,DI BD6,1,DI BD6,0,suggestion_only,Do not merge occurrences into one person without occurrence-specific context or an approved safe alias.
NAME_00847,di colomars,Di Colomars,1,Di Colomars,0,suggestion_only,Do not merge occurrences into one person without occurrence-specific context or an approved safe alias.
NAME_00848,dickensons lre,Dickensons Lre,1,"M’
Dickensons Lre",0,suggestion_only,Do not merge occurrences into one person without occurrence-specific context or an approved safe alias.
NAME_00849,die geom,Die Geom,1,Die Geom,0,suggestion_only,Do not merge occurrences into one person without occurrence-specific context or an approved safe alias.
NAME_00850,digby sin,Digby Sin,1,"Lord Digby
Sin",0,suggestion_only,Do not merge occurrences into one person without occurrence-specific context or an approved safe alias.
NAME_00851,direc- mployments,Direc- Mployments,1,Direc- Mployments,0,suggestion_only,Do not merge occurrences into one person without occurrence-specific context or an approved safe alias.
NAME_00853,dirmers discou-,Dirmers Discou-,1,m’ Dirmers Discou-,0,suggestion_only,Do not merge occurrences into one person without occurrence-specific context or an approved safe alias.
NAME_00854,discharge passmore,Discharge Passmore,1,Discharge Passmore,0,suggestion_only,Do not merge occurrences into one person without occurrence-specific context or an approved safe alias.
NAME_00856,ditchfeild. w,Ditchfeild. W,1,m* Ditchfeild. W,0,suggestion_only,Do not merge occurrences into one person without occurrence-specific context or an approved safe alias.
NAME_00857,dl sts,Dl StS,1,Dl StS,0,suggestion_only,Do not merge occurrences into one person without occurrence-specific context or an approved safe alias.
NAME_00858,dni johis,Dni Johis,1,Dni Johis,0,suggestion_only,Do not merge occurrences into one person without occurrence-specific context or an approved safe alias.
NAME_00859,do' turner,Do' Turner,1,M* Do' Turner,0,suggestion_only,Do not merge occurrences into one person without occurrence-specific context or an approved safe alias.
NAME_00860,doctor anthony,Doctor Anthony,1,M’ Doctor Anthony,0,suggestion_only,Do not merge occurrences into one person without occurrence-specific context or an approved safe alias.
NAME_00861,doctor gulstone,Doctor Gulstone,2,M* Doctor Gulstone | M’ Doctor Gulstone,0,suggestion_only,Do not merge occurrences into one person without occurrence-specific context or an approved safe alias.
NAME_00862,doctor ieggon,Doctor Ieggon,1,m' Doctor Ieggon,0,suggestion_only,Do not merge occurrences into one person without occurrence-specific context or an approved safe alias.
NAME_00863,doctor winstone,Doctor Winstone,1,m* Doctor Winstone,0,suggestion_only,Do not merge occurrences into one person without occurrence-specific context or an approved safe alias.
NAME_00864,doctour wynston,Doctour Wynston,1,Doctour Wynston,0,suggestion_only,Do not merge occurrences into one person without occurrence-specific context or an approved safe alias.
NAME_00866,dominus sheffeild,Dominus Sheffeild,1,Dominus Sheffeild,0,suggestion_only,Do not merge occurrences into one person without occurrence-specific context or an approved safe alias.
NAME_00867,don carlo,Don Carlo,1,Don Carlo,0,suggestion_only,Do not merge occurrences into one person without occurrence-specific context or an approved safe alias.
NAME_00868,dot anthony,Dot Anthony,1,Dot Anthony,0,suggestion_only,Do not merge occurrences into one person without occurrence-specific context or an approved safe alias.
NAME_00870,do’ meddus,Do’ Meddus,1,m’ Do’ Meddus,0,suggestion_only,Do not merge occurrences into one person without occurrence-specific context or an approved safe alias.
NAME_00871,drue drurye,Drue Drurye,2,Drue Drurye | Sir Drue Drurye,0,suggestion_only,Do not merge occurrences into one person without occurrence-specific context or an approved safe alias.
NAME_00872,dréw drewry,Dréw Drewry,2,Sir Dréw Drewry,0,suggestion_only,Do not merge occurrences into one person without occurrence-specific context or an approved safe alias.
NAME_00873,dt anthony,Dt Anthony,1,m’ Dt Anthony,0,suggestion_only,Do not merge occurrences into one person without occurrence-specific context or an approved safe alias.
NAME_00874,dt pott,Dt Pott,1,Dt Pott,0,suggestion_only,Do not merge occurrences into one person without occurrence-specific context or an approved safe alias.
NAME_00875,dt winstone,Dt Winstone,2,m* Dt Winstone,0,suggestion_only,Do not merge occurrences into one person without occurrence-specific context or an approved safe alias.
NAME_00879,dudley carleton.',Dudley Carleton.',1,Sir Dudley Carleton.',0,suggestion_only,Do not merge occurrences into one person without occurrence-specific context or an approved safe alias.
NAME_00888,dunn. doctor,Dunn. Doctor,1,"Doctor Dunn.
Doctor",0,suggestion_only,Do not merge occurrences into one person without occurrence-specific context or an approved safe alias.
NAME_00889,duptey drecss,Duptey Drecss,1,Duptey Drecss,0,suggestion_only,Do not merge occurrences into one person without occurrence-specific context or an approved safe alias.
NAME_00892,déor anthonie,Déor Anthonie,1,Déor Anthonie,0,suggestion_only,Do not merge occurrences into one person without occurrence-specific context or an approved safe alias.
NAME_00894,d’ lawne,D’ Lawne,2,m’ D’ Lawne,0,suggestion_only,Do not merge occurrences into one person without occurrence-specific context or an approved safe alias.
NAME_00895,d’ winstone,D’ Winstone,4,m' D’ Winstone | m’ D’ Winstone,0,suggestion_only,Do not merge occurrences into one person without occurrence-specific context or an approved safe alias.
NAME_00896,e. arber,E. Arber,1,E. Arber,0,suggestion_only,Do not merge occurrences into one person without occurrence-specific context or an approved safe alias.
NAME_00897,e. sandys,E. Sandys,1,Sir E. Sandys,0,suggestion_only,Do not merge occurrences into one person without occurrence-specific context or an approved safe alias.
NAME_00898,e. zoucue,E. Zoucue,1,E. Zoucue,0,suggestion_only,Do not merge occurrences into one person without occurrence-specific context or an approved safe alias.
NAME_00899,each m’,Each M’,1,Captaine Each M’,0,suggestion_only,Do not merge occurrences into one person without occurrence-specific context or an approved safe alias.
NAME_00905,eauerie sheire,Eauerie Sheire,1,Eauerie Sheire,0,suggestion_only,Do not merge occurrences into one person without occurrence-specific context or an approved safe alias.
NAME_00906,ebhas robert,EBhas Robert,1,EBhas Robert,0,suggestion_only,Do not merge occurrences into one person without occurrence-specific context or an approved safe alias.
NAME_00908,edinund morgan,Edinund Morgan,1,Edinund Morgan,0,suggestion_only,Do not merge occurrences into one person without occurrence-specific context or an approved safe alias.
NAME_00909,edmond barker,Edmond Barker,1,M’ Edmond Barker,0,suggestion_only,Do not merge occurrences into one person without occurrence-specific context or an approved safe alias.
NAME_00910,edmond bowyar,Edmond Bowyar,1,Edmond Bowyar,0,suggestion_only,Do not merge occurrences into one person without occurrence-specific context or an approved safe alias.
NAME_00912,edmond brudnell,Edmond Brudnell,1,Edmond Brudnell,0,suggestion_only,Do not merge occurrences into one person without occurrence-specific context or an approved safe alias.
NAME_00913,edmond brundwell,Edmond Brundwell,1,Edmond Brundwell,0,suggestion_only,Do not merge occurrences into one person without occurrence-specific context or an approved safe alias.
NAME_00914,edmond colby,Edmond Colby,1,Edmond Colby,0,suggestion_only,Do not merge occurrences into one person without occurrence-specific context or an approved safe alias.
NAME_00915,edmond cole,Edmond Cole,1,Edmond Cole,0,suggestion_only,Do not merge occurrences into one person without occurrence-specific context or an approved safe alias.
NAME_00916,edmond fleetwood,Edmond Fleetwood,1,Edmond Fleetwood,0,suggestion_only,Do not merge occurrences into one person without occurrence-specific context or an approved safe alias.
NAME_00917,edmond hack-,Edmond Hack-,1,Edmond Hack-,0,suggestion_only,Do not merge occurrences into one person without occurrence-specific context or an approved safe alias.
NAME_00918,edmond hacket,Edmond Hacket,1,Edmond Hacket,0,suggestion_only,Do not merge occurrences into one person without occurrence-specific context or an approved safe alias.
NAME_00919,edmond hackett,Edmond Hackett,4,M' Edmond Hackett | m’ Edmond Hackett,0,suggestion_only,Do not merge occurrences into one person without occurrence-specific context or an approved safe alias.
NAME_00920,edmond hackliut,Edmond Hackliut,2,M* Edmond Hackliut,0,suggestion_only,Do not merge occurrences into one person without occurrence-specific context or an approved safe alias.
NAME_00921,edmond harwell,Edmond Harwell,1,Edmond Harwell,0,suggestion_only,Do not merge occurrences into one person without occurrence-specific context or an approved safe alias.
NAME_00922,edmond scott,Edmond Scott,1,m' Edmond Scott,0,suggestion_only,Do not merge occurrences into one person without occurrence-specific context or an approved safe alias.
NAME_00923,edmond wynn,Edmond Wynn,2,m’ Edmond Wynn,0,suggestion_only,Do not merge occurrences into one person without occurrence-specific context or an approved safe alias.
NAME_00924,edmond. bonoeil,Edmond. Bonoeil,1,"Sir Edmond.
Bonoeil",0,suggestion_only,Do not merge occurrences into one person without occurrence-specific context or an approved safe alias.
NAME_00925,edmond. suit,Edmond. Suit,1,"Sir Edmond.
Suit",0,suggestion_only,Do not merge occurrences into one person without occurrence-specific context or an approved safe alias.
NAME_00926,edmondy colby,Edmondy Colby,1,Edmondy Colby,0,suggestion_only,Do not merge occurrences into one person without occurrence-specific context or an approved safe alias.
NAME_00927,edmund allen,Edmund Allen,1,Edmund Allen,0,suggestion_only,Do not merge occurrences into one person without occurrence-specific context or an approved safe alias.
NAME_00928,edmund bowyer-,Edmund Bowyer-,1,Sir Edmund Bowyer-,0,suggestion_only,Do not merge occurrences into one person without occurrence-specific context or an approved safe alias.
NAME_00929,edmund brudenell,Edmund Brudenell,1,Edmund Brudenell,0,suggestion_only,Do not merge occurrences into one person without occurrence-specific context or an approved safe alias.
NAME_00930,edmund colbey,Edmund Colbey,1,Edmund Colbey,0,suggestion_only,Do not merge occurrences into one person without occurrence-specific context or an approved safe alias.
NAME_00931,edmund harwell,Edmund Harwell,1,Edmund Harwell,0,suggestion_only,Do not merge occurrences into one person without occurrence-specific context or an approved safe alias.
NAME_00932,edmund hun,Edmund Hun,2,m*' Edmund Hun,0,suggestion_only,Do not merge occurrences into one person without occurrence-specific context or an approved safe alias.
NAME_00933,edmund morgan,Edmund Morgan,3,Edmund Morgan,0,suggestion_only,Do not merge occurrences into one person without occurrence-specific context or an approved safe alias.
NAME_00934,edmund pears,Edmund Pears,1,Edmund Pears,0,suggestion_only,Do not merge occurrences into one person without occurrence-specific context or an approved safe alias.
NAME_00935,edmund peshall,Edmund Peshall,1,Edmund Peshall,0,suggestion_only,Do not merge occurrences into one person without occurrence-specific context or an approved safe alias.
NAME_00936,edmund smith,Edmund Smith,1,Edmund Smith,0,suggestion_only,Do not merge occurrences into one person without occurrence-specific context or an approved safe alias.
NAME_00937,edmund smyth,Edmund Smyth,1,Edmund Smyth,0,suggestion_only,Do not merge occurrences into one person without occurrence-specific context or an approved safe alias.
NAME_00938,edmund wynn,Edmund Wynn,1,m* Edmund Wynn,0,suggestion_only,Do not merge occurrences into one person without occurrence-specific context or an approved safe alias.
NAME_00939,edmund wynne,Edmund Wynne,3,Edmund Wynne | Master Edmund Wynne,0,suggestion_only,Do not merge occurrences into one person without occurrence-specific context or an approved safe alias.
NAME_00940,edmundo pears,Edmundo Pears,1,Edmundo Pears,0,suggestion_only,Do not merge occurrences into one person without occurrence-specific context or an approved safe alias.
NAME_00941,edmundo peshall,Edmundo Peshall,1,Edmundo Peshall,0,suggestion_only,Do not merge occurrences into one person without occurrence-specific context or an approved safe alias.
NAME_00942,edmundo smyth,Edmundo Smyth,1,Edmundo Smyth,0,suggestion_only,Do not merge occurrences into one person without occurrence-specific context or an approved safe alias.
NAME_00943,edmundum morgan,Edmundum Morgan,1,Edmundum Morgan,0,suggestion_only,Do not merge occurrences into one person without occurrence-specific context or an approved safe alias.
NAME_00944,edmundus morgan,Edmundus Morgan,3,Edmundus Morgan,0,suggestion_only,Do not merge occurrences into one person without occurrence-specific context or an approved safe alias.
NAME_00945,edsward ditelifeilde,Edsward Ditelifeilde,1,Edsward Ditelifeilde,0,suggestion_only,Do not merge occurrences into one person without occurrence-specific context or an approved safe alias.
NAME_00946,edtwund morgan,Edtwund Morgan,1,Edtwund Morgan,0,suggestion_only,Do not merge occurrences into one person without occurrence-specific context or an approved safe alias.
NAME_00947,eduard sackvile,Eduard Sackvile,1,Eduard Sackvile,0,suggestion_only,Do not merge occurrences into one person without occurrence-specific context or an approved safe alias.
NAME_00948,edw waterhowse,Edw Waterhowse,1,m’ Edw Waterhowse,0,suggestion_only,Do not merge occurrences into one person without occurrence-specific context or an approved safe alias.
NAME_00949,edw. committees,Edw. CoMMITTEES,1,"Sir Edw.
CoMMITTEES",0,suggestion_only,Do not merge occurrences into one person without occurrence-specific context or an approved safe alias.
NAME_00950,edward allen,Edward Allen,1,Edward Allen,0,suggestion_only,Do not merge occurrences into one person without occurrence-specific context or an approved safe alias.
NAME_00951,edward barber,Edward Barber,1,Edward Barber,0,suggestion_only,Do not merge occurrences into one person without occurrence-specific context or an approved safe alias.
NAME_00952,edward barkham,Edward Barkham,2,"Edward Barkham | Sir Edward
Barkham",0,suggestion_only,Do not merge occurrences into one person without occurrence-specific context or an approved safe alias.
NAME_00953,edward barkley,Edward Barkley,4,Edward Barkley,0,suggestion_only,Do not merge occurrences into one person without occurrence-specific context or an approved safe alias.
NAME_00954,edward barnes,Edward Barnes,6,Edward Barnes,0,suggestion_only,Do not merge occurrences into one person without occurrence-specific context or an approved safe alias.
NAME_00955,edward beale,Edward Beale,1,Edward Beale,0,suggestion_only,Do not merge occurrences into one person without occurrence-specific context or an approved safe alias.
NAME_00956,edward ben-,Edward Ben-,1,m' Edward Ben-,0,suggestion_only,Do not merge occurrences into one person without occurrence-specific context or an approved safe alias.
NAME_00960,edward bishop,Edward Bishop,2,Edward Bishop,0,suggestion_only,Do not merge occurrences into one person without occurrence-specific context or an approved safe alias.
NAME_00961,edward blayney,Edward Blayney,1,M* Edward Blayney,0,suggestion_only,Do not merge occurrences into one person without occurrence-specific context or an approved safe alias.
NAME_00962,edward blunt,Edward Blunt,1,Edward Blunt,0,suggestion_only,Do not merge occurrences into one person without occurrence-specific context or an approved safe alias.
NAME_00964,edward bridnell,Edward Bridnell,1,Edward Bridnell,0,suggestion_only,Do not merge occurrences into one person without occurrence-specific context or an approved safe alias.
NAME_00966,edward brustar,Edward Brustar,1,Edward Brustar,0,suggestion_only,Do not merge occurrences into one person without occurrence-specific context or an approved safe alias.
NAME_00967,edward bruster,Edward Bruster,2,Edward Bruster,0,suggestion_only,Do not merge occurrences into one person without occurrence-specific context or an approved safe alias.
NAME_00968,edward bushop,Edward Bushop,1,"Edward
Bushop",0,suggestion_only,Do not merge occurrences into one person without occurrence-specific context or an approved safe alias.
NAME_00969,edward carewe,Edward Carewe,1,Edward Carewe,0,suggestion_only,Do not merge occurrences into one person without occurrence-specific context or an approved safe alias.
NAME_00970,edward carn,Edward Carn,1,Edward Carn,0,suggestion_only,Do not merge occurrences into one person without occurrence-specific context or an approved safe alias.
NAME_00971,edward carne,Edward Carne,1,Edward Carne,0,suggestion_only,Do not merge occurrences into one person without occurrence-specific context or an approved safe alias.
NAME_00972,edward carr,Edward Carr,1,Sir Edward Carr,0,suggestion_only,Do not merge occurrences into one person without occurrence-specific context or an approved safe alias.
NAME_00973,edward carre,Edward Carre,1,Edward Carre,0,suggestion_only,Do not merge occurrences into one person without occurrence-specific context or an approved safe alias.
NAME_00974,edward cecil,Edward Cecil,1,Sir Edward Cecil,0,suggestion_only,Do not merge occurrences into one person without occurrence-specific context or an approved safe alias.
NAME_00975,edward cecill,Edward Cecill,3,Sir Edward Cecill,0,suggestion_only,Do not merge occurrences into one person without occurrence-specific context or an approved safe alias.
NAME_00976,edward clarke,Edward Clarke,2,Edward Clarke,0,suggestion_only,Do not merge occurrences into one person without occurrence-specific context or an approved safe alias.
NAME_00977,edward colli,Edward Colli,1,Edward Colli,0,suggestion_only,Do not merge occurrences into one person without occurrence-specific context or an approved safe alias.
NAME_00978,edward collingwood,Edward Collingwood,7,Edward Collingwood,0,suggestion_only,Do not merge occurrences into one person without occurrence-specific context or an approved safe alias.
NAME_00979,edward collingwood’s,Edward Collingwood’s,1,Edward Collingwood’s,0,suggestion_only,Do not merge occurrences into one person without occurrence-specific context or an approved safe alias.
NAME_00980,edward conaway,Edward Conaway,1,Edward Conaway,0,suggestion_only,Do not merge occurrences into one person without occurrence-specific context or an approved safe alias.
NAME_00981,edward conw,Edward Conw,2,Sir Edward Conw,0,suggestion_only,Do not merge occurrences into one person without occurrence-specific context or an approved safe alias.
NAME_00983,edward conwey,Edward Conwey,2,Sir Edward Conwey,0,suggestion_only,Do not merge occurrences into one person without occurrence-specific context or an approved safe alias.
NAME_00984,edward cooke,Edward Cooke,1,Edward Cooke,0,suggestion_only,Do not merge occurrences into one person without occurrence-specific context or an approved safe alias.
NAME_00985,edward couwey,Edward Couwey,2,sir Edward Couwey,0,suggestion_only,Do not merge occurrences into one person without occurrence-specific context or an approved safe alias.
NAME_00986,edward crosse,Edward Crosse,1,Edward Crosse,0,suggestion_only,Do not merge occurrences into one person without occurrence-specific context or an approved safe alias.
NAME_00987,edward culpeper,Edward Culpeper,2,Edward Culpeper | Sir Edward Culpeper,0,suggestion_only,Do not merge occurrences into one person without occurrence-specific context or an approved safe alias.
NAME_00988,edward d.,Edward D.,1,Edward D,0,suggestion_only,Do not merge occurrences into one person without occurrence-specific context or an approved safe alias.
NAME_00989,edward dichfeild,Edward Dichfeild,1,Edward Dichfeild,0,suggestion_only,Do not merge occurrences into one person without occurrence-specific context or an approved safe alias.
NAME_00991,edward downes,Edward Downes,1,Edward Downes,0,suggestion_only,Do not merge occurrences into one person without occurrence-specific context or an approved safe alias.
NAME_00992,edward e,Edward E,1,Edward E,0,suggestion_only,Do not merge occurrences into one person without occurrence-specific context or an approved safe alias.
NAME_00993,edward earle,Edward Earle,1,Edward Earle,0,suggestion_only,Do not merge occurrences into one person without occurrence-specific context or an approved safe alias.
NAME_00994,edward ember,Edward Ember,1,Edward Ember,0,suggestion_only,Do not merge occurrences into one person without occurrence-specific context or an approved safe alias.
NAME_00995,edward facett,Edward Facett,1,Edward Facett,0,suggestion_only,Do not merge occurrences into one person without occurrence-specific context or an approved safe alias.
NAME_00996,edward faucett,Edward Faucett,2,Edward Faucett,0,suggestion_only,Do not merge occurrences into one person without occurrence-specific context or an approved safe alias.
NAME_00997,edward faweet,Edward Faweet,1,Edward Faweet,0,suggestion_only,Do not merge occurrences into one person without occurrence-specific context or an approved safe alias.
NAME_00998,edward fleetewood,Edward Fleetewood,1,Edward Fleetewood,0,suggestion_only,Do not merge occurrences into one person without occurrence-specific context or an approved safe alias.
NAME_00999,edward fleetwood,Edward Fleetwood,1,Edward Fleetwood,0,suggestion_only,Do not merge occurrences into one person without occurrence-specific context or an approved safe alias.
NAME_01000,edward floyde,Edward Floyde,1,"Captain
Edward Floyde",0,suggestion_only,Do not merge occurrences into one person without occurrence-specific context or an approved safe alias.
NAME_01001,edward francis,Edward Francis,1,"Edward
Francis",0,suggestion_only,Do not merge occurrences into one person without occurrence-specific context or an approved safe alias.
NAME_01002,edward gale,Edward Gale,1,Edward Gale,0,suggestion_only,Do not merge occurrences into one person without occurrence-specific context or an approved safe alias.
NAME_01003,edward gibe,Edward Gibe,1,m’ Edward Gibe,0,suggestion_only,Do not merge occurrences into one person without occurrence-specific context or an approved safe alias.
NAME_01004,edward grindon,Edward Grindon,1,Edward Grindon,0,suggestion_only,Do not merge occurrences into one person without occurrence-specific context or an approved safe alias.
NAME_01005,edward hacket,Edward Hacket,1,Edward Hacket,0,suggestion_only,Do not merge occurrences into one person without occurrence-specific context or an approved safe alias.
NAME_01006,edward hackett,Edward Hackett,5,Edward Hackett,0,suggestion_only,Do not merge occurrences into one person without occurrence-specific context or an approved safe alias.
NAME_01007,edward hackluite,Edward Hackluite,2,M’ Edward Hackluite,0,suggestion_only,Do not merge occurrences into one person without occurrence-specific context or an approved safe alias.
NAME_01008,edward harber,Edward Harber,1,Edward Harber,0,suggestion_only,Do not merge occurrences into one person without occurrence-specific context or an approved safe alias.
NAME_01009,edward harbert,Edward Harbert,3,Edward Harbert | m' Edward Harbert,0,suggestion_only,Do not merge occurrences into one person without occurrence-specific context or an approved safe alias.
NAME_01010,edward harrison,Edward Harrison,4,Edward Harrison,0,suggestion_only,Do not merge occurrences into one person without occurrence-specific context or an approved safe alias.
NAME_01011,edward harwood,Edward Harwood,3,Edward Harwood,0,suggestion_only,Do not merge occurrences into one person without occurrence-specific context or an approved safe alias.
NAME_01012,edward herbert,Edward Herbert,2,Edward Herbert | m’ Edward Herbert,0,suggestion_only,Do not merge occurrences into one person without occurrence-specific context or an approved safe alias.
NAME_01013,edward heron,Edward Heron,1,Edward Heron,0,suggestion_only,Do not merge occurrences into one person without occurrence-specific context or an approved safe alias.
NAME_01014,edward hewet,Edward Hewet,1,Edward Hewet,0,suggestion_only,Do not merge occurrences into one person without occurrence-specific context or an approved safe alias.
NAME_01015,edward heydon,Edward Heydon,1,Edward Heydon,0,suggestion_only,Do not merge occurrences into one person without occurrence-specific context or an approved safe alias.
NAME_01016,edward hill,Edward Hill,2,Edward Hill,0,suggestion_only,Do not merge occurrences into one person without occurrence-specific context or an approved safe alias.
NAME_01017,edward horwood,Edward Horwood,3,Edward Horwood,0,suggestion_only,Do not merge occurrences into one person without occurrence-specific context or an approved safe alias.
NAME_01018,edward how,Edward How,1,Edward How,0,suggestion_only,Do not merge occurrences into one person without occurrence-specific context or an approved safe alias.
NAME_01019,edward hudson,Edward Hudson,1,Edward Hudson,0,suggestion_only,Do not merge occurrences into one person without occurrence-specific context or an approved safe alias.
NAME_01020,edward hurd,Edward Hurd,5,Edward Hurd | m* Edward Hurd | m’ Edward Hurd,0,suggestion_only,Do not merge occurrences into one person without occurrence-specific context or an approved safe alias.
NAME_01021,edward iames,Edward Iames,1,Edward Iames,0,suggestion_only,Do not merge occurrences into one person without occurrence-specific context or an approved safe alias.
NAME_01022,edward iohnson,Edward Iohnson,3,Edward Iohnson | m* Edward Iohnson,0,suggestion_only,Do not merge occurrences into one person without occurrence-specific context or an approved safe alias.
NAME_01023,edward iolly,Edward Iolly,1,Edward Iolly,0,suggestion_only,Do not merge occurrences into one person without occurrence-specific context or an approved safe alias.
NAME_01024,edward johnson,Edward Johnson,1,Edward Johnson,0,suggestion_only,Do not merge occurrences into one person without occurrence-specific context or an approved safe alias.
NAME_01025,edward kerby,Edward Kerby,1,Edward Kerby,0,suggestion_only,Do not merge occurrences into one person without occurrence-specific context or an approved safe alias.
NAME_01026,edward kirbie,Edward Kirbie,4,M’ Edward Kirbie,0,suggestion_only,Do not merge occurrences into one person without occurrence-specific context or an approved safe alias.
NAME_01027,edward kirby,Edward Kirby,1,Edward Kirby,0,suggestion_only,Do not merge occurrences into one person without occurrence-specific context or an approved safe alias.
NAME_01028,edward lawley,Edward Lawley,5,Edward Lawley,0,suggestion_only,Do not merge occurrences into one person without occurrence-specific context or an approved safe alias.
NAME_01029,edward lawly,Edward Lawly,2,Edward Lawly,0,suggestion_only,Do not merge occurrences into one person without occurrence-specific context or an approved safe alias.
NAME_01030,edward lewis,Edward Lewis,2,Edward Lewis,0,suggestion_only,Do not merge occurrences into one person without occurrence-specific context or an approved safe alias.
NAME_01031,edward lewkin,Edward Lewkin,1,Edward Lewkin,0,suggestion_only,Do not merge occurrences into one person without occurrence-specific context or an approved safe alias.
NAME_01032,edward lewkin-,Edward Lewkin-,1,Edward Lewkin-,0,suggestion_only,Do not merge occurrences into one person without occurrence-specific context or an approved safe alias.
NAME_01033,edward lister,Edward Lister,1,Edward Lister,0,suggestion_only,Do not merge occurrences into one person without occurrence-specific context or an approved safe alias.
NAME_01034,edward lukin,Edward Lukin,2,M* Edward Lukin,0,suggestion_only,Do not merge occurrences into one person without occurrence-specific context or an approved safe alias.
NAME_01035,edward lukyn,Edward Lukyn,1,Edward Lukyn,0,suggestion_only,Do not merge occurrences into one person without occurrence-specific context or an approved safe alias.
NAME_01036,edward maria,Edward Maria,3,Captain Edward Maria | Edward Maria,0,suggestion_only,Do not merge occurrences into one person without occurrence-specific context or an approved safe alias.
NAME_01037,edward michélborne,Edward Michélborne,1,Sir Edward Michélborne,0,suggestion_only,Do not merge occurrences into one person without occurrence-specific context or an approved safe alias.
NAME_01038,edward morgan,Edward Morgan,1,Edward Morgan,0,suggestion_only,Do not merge occurrences into one person without occurrence-specific context or an approved safe alias.
NAME_01039,edward morgayne,Edward Morgayne,1,Edward Morgayne,0,suggestion_only,Do not merge occurrences into one person without occurrence-specific context or an approved safe alias.
NAME_01040,edward oars,Edward Oars,1,Sir Edward Oars,0,suggestion_only,Do not merge occurrences into one person without occurrence-specific context or an approved safe alias.
NAME_01041,edward offley,Edward Offley,1,Edward Offley,0,suggestion_only,Do not merge occurrences into one person without occurrence-specific context or an approved safe alias.
NAME_01042,edward olliuer,Edward Olliuer,1,m' Edward Olliuer,0,suggestion_only,Do not merge occurrences into one person without occurrence-specific context or an approved safe alias.
NAME_01043,edward olliver,Edward Olliver,1,Edward Olliver,0,suggestion_only,Do not merge occurrences into one person without occurrence-specific context or an approved safe alias.
NAME_01044,edward palauicine,Edward Palauicine,1,Edward Palauicine,0,suggestion_only,Do not merge occurrences into one person without occurrence-specific context or an approved safe alias.
NAME_01045,edward palavicine,Edward Palavicine,1,Edward Palavicine,0,suggestion_only,Do not merge occurrences into one person without occurrence-specific context or an approved safe alias.
NAME_01046,edward pallauicin,Edward Pallauicin,1,m’ Edward Pallauicin,0,suggestion_only,Do not merge occurrences into one person without occurrence-specific context or an approved safe alias.
NAME_01047,edward palmer,Edward Palmer,4,"Edward Palmer | M' Edward Palmer | m' Edward
Palmer",0,suggestion_only,Do not merge occurrences into one person without occurrence-specific context or an approved safe alias.
NAME_01048,edward paynter,Edward Paynter,2,Edward Paynter,0,suggestion_only,Do not merge occurrences into one person without occurrence-specific context or an approved safe alias.
NAME_01049,edward peiree,Edward Peiree,1,Edward Peiree,0,suggestion_only,Do not merge occurrences into one person without occurrence-specific context or an approved safe alias.
NAME_01050,edward peirs,Edward Peirs,2,Edward Peirs,0,suggestion_only,Do not merge occurrences into one person without occurrence-specific context or an approved safe alias.
NAME_01051,edward pond,Edward Pond,2,Edward Pond,0,suggestion_only,Do not merge occurrences into one person without occurrence-specific context or an approved safe alias.
NAME_01052,edward powell,Edward Powell,1,Edward Powell,0,suggestion_only,Do not merge occurrences into one person without occurrence-specific context or an approved safe alias.
NAME_01053,edward prinn,Edward Prinn,1,m* Edward Prinn,0,suggestion_only,Do not merge occurrences into one person without occurrence-specific context or an approved safe alias.
NAME_01054,edward rider,Edward Rider,3,Edward Rider | Master Edward Rider,0,suggestion_only,Do not merge occurrences into one person without occurrence-specific context or an approved safe alias.
NAME_01055,edward roecroft,Edward Roecroft,2,Captaine Edward Roecroft,0,suggestion_only,Do not merge occurrences into one person without occurrence-specific context or an approved safe alias.
NAME_01056,edward rogers,Edward Rogers,1,Edward Rogers,0,suggestion_only,Do not merge occurrences into one person without occurrence-specific context or an approved safe alias.
NAME_01057,edward rotheram,Edward Rotheram,1,Master Edward Rotheram,0,suggestion_only,Do not merge occurrences into one person without occurrence-specific context or an approved safe alias.
NAME_01058,edward ryder,Edward Ryder,7,Edward Ryder | m* Edward Ryder | m’ Edward Ryder,0,suggestion_only,Do not merge occurrences into one person without occurrence-specific context or an approved safe alias.
NAME_01059,edward sack-,Edward Sack-,1,Edward Sack-,0,suggestion_only,Do not merge occurrences into one person without occurrence-specific context or an approved safe alias.
NAME_01060,edward sackfeild,Edward Sackfeild,1,Edward Sackfeild,0,suggestion_only,Do not merge occurrences into one person without occurrence-specific context or an approved safe alias.
NAME_01062,edward sackuille,Edward Sackuille,2,Edward Sackuille,0,suggestion_only,Do not merge occurrences into one person without occurrence-specific context or an approved safe alias.
NAME_01065,edward sanders,Edward Sanders,1,Edward Sanders,0,suggestion_only,Do not merge occurrences into one person without occurrence-specific context or an approved safe alias.
NAME_01066,edward scott,Edward Scott,1,Edward Scott,0,suggestion_only,Do not merge occurrences into one person without occurrence-specific context or an approved safe alias.
NAME_01067,edward sharples,Edward Sharples,1,Edward Sharples,0,suggestion_only,Do not merge occurrences into one person without occurrence-specific context or an approved safe alias.
NAME_01068,edward smith,Edward Smith,1,Edward Smith,0,suggestion_only,Do not merge occurrences into one person without occurrence-specific context or an approved safe alias.
NAME_01069,edward spencer,Edward Spencer,3,Edward Spencer | M' Edward Spencer,0,suggestion_only,Do not merge occurrences into one person without occurrence-specific context or an approved safe alias.
NAME_01070,edward towse,Edward Towse,1,Edward Towse,0,suggestion_only,Do not merge occurrences into one person without occurrence-specific context or an approved safe alias.
NAME_01071,edward turner,Edward Turner,2,Edward Turner,0,suggestion_only,Do not merge occurrences into one person without occurrence-specific context or an approved safe alias.
NAME_01072,edward vaughan,Edward Vaughan,1,Edward Vaughan,0,suggestion_only,Do not merge occurrences into one person without occurrence-specific context or an approved safe alias.
NAME_01073,edward vi,Edward VI,1,Edward VI,0,suggestion_only,Do not merge occurrences into one person without occurrence-specific context or an approved safe alias.
NAME_01074,edward waterhouse,Edward Waterhouse,7,"Edward Waterhouse | Sir
Edward Waterhouse | Sir Edward Waterhouse | m' Edward Waterhouse | m’ Edward Waterhouse",0,suggestion_only,Do not merge occurrences into one person without occurrence-specific context or an approved safe alias.
NAME_01075,edward watters,Edward Watters,1,Edward Watters,0,suggestion_only,Do not merge occurrences into one person without occurrence-specific context or an approved safe alias.
NAME_01076,edward webb,Edward Webb,3,Edward Webb,0,suggestion_only,Do not merge occurrences into one person without occurrence-specific context or an approved safe alias.
NAME_01077,edward welch,Edward Welch,3,"Edward
Welch | Edward Welch",0,suggestion_only,Do not merge occurrences into one person without occurrence-specific context or an approved safe alias.
NAME_01078,edward wilks,Edward Wilks,1,Edward Wilks,0,suggestion_only,Do not merge occurrences into one person without occurrence-specific context or an approved safe alias.
NAME_01079,edward williams,Edward Williams,3,"Edward
Williams | Edward Williams",0,suggestion_only,Do not merge occurrences into one person without occurrence-specific context or an approved safe alias.
NAME_01080,edward wiltms,Edward Wiltms,1,M' Edward Wiltms,0,suggestion_only,Do not merge occurrences into one person without occurrence-specific context or an approved safe alias.
NAME_01081,edward woller,Edward Woller,3,Edward Woller,0,suggestion_only,Do not merge occurrences into one person without occurrence-specific context or an approved safe alias.
NAME_01082,edward wooller,Edward Wooller,1,Edward Wooller,0,suggestion_only,Do not merge occurrences into one person without occurrence-specific context or an approved safe alias.
NAME_01083,edward wynn,Edward Wynn,1,Edward Wynn,0,suggestion_only,Do not merge occurrences into one person without occurrence-specific context or an approved safe alias.
NAME_01084,edward. land,Edward. Land,1,Sir Edward. Land,0,suggestion_only,Do not merge occurrences into one person without occurrence-specific context or an approved safe alias.
NAME_01085,edward. letter,Edward. Letter,1,"Sir Edward.
Letter",0,suggestion_only,Do not merge occurrences into one person without occurrence-specific context or an approved safe alias.
NAME_01086,edwarde demaunds,Edwarde Demaunds,1,m’ Edwarde Demaunds,0,suggestion_only,Do not merge occurrences into one person without occurrence-specific context or an approved safe alias.
NAME_01087,edwarde m',Edwarde M',1,"M' Edwarde
M'",0,suggestion_only,Do not merge occurrences into one person without occurrence-specific context or an approved safe alias.
NAME_01088,edwarde parkins,Edwarde Parkins,1,Edwarde Parkins,0,suggestion_only,Do not merge occurrences into one person without occurrence-specific context or an approved safe alias.
NAME_01089,edwardo allen,Edwardo Allen,1,Edwardo Allen,0,suggestion_only,Do not merge occurrences into one person without occurrence-specific context or an approved safe alias.
NAME_01090,edwardo barkley,Edwardo Barkley,1,Edwardo Barkley,0,suggestion_only,Do not merge occurrences into one person without occurrence-specific context or an approved safe alias.
NAME_01091,edwardo barnes,Edwardo Barnes,1,Edwardo Barnes,0,suggestion_only,Do not merge occurrences into one person without occurrence-specific context or an approved safe alias.
NAME_01092,edwardo beale,Edwardo Beale,1,Edwardo Beale,0,suggestion_only,Do not merge occurrences into one person without occurrence-specific context or an approved safe alias.
NAME_01093,edwardo brewster,Edwardo Brewster,1,Edwardo Brewster,0,suggestion_only,Do not merge occurrences into one person without occurrence-specific context or an approved safe alias.
NAME_01094,edwardo brid-,Edwardo Brid-,1,Edwardo Brid-,0,suggestion_only,Do not merge occurrences into one person without occurrence-specific context or an approved safe alias.
NAME_01095,edwardo bushop,Edwardo Bushop,1,Edwardo Bushop,0,suggestion_only,Do not merge occurrences into one person without occurrence-specific context or an approved safe alias.
NAME_01096,edwardo cage,Edwardo Cage,1,Edwardo Cage,0,suggestion_only,Do not merge occurrences into one person without occurrence-specific context or an approved safe alias.
NAME_01097,edwardo carewe,Edwardo Carewe,1,Edwardo Carewe,0,suggestion_only,Do not merge occurrences into one person without occurrence-specific context or an approved safe alias.
NAME_01098,edwardo cecill,Edwardo Cecill,1,Edwardo Cecill,0,suggestion_only,Do not merge occurrences into one person without occurrence-specific context or an approved safe alias.
NAME_01099,edwardo ditehfeilde,Edwardo Ditehfeilde,1,"Edwardo
Ditehfeilde",0,suggestion_only,Do not merge occurrences into one person without occurrence-specific context or an approved safe alias.
NAME_01100,edwardo gale,Edwardo Gale,1,Edwardo Gale,0,suggestion_only,Do not merge occurrences into one person without occurrence-specific context or an approved safe alias.
NAME_01101,edwardo horwood,Edwardo Horwood,1,Edwardo Horwood,0,suggestion_only,Do not merge occurrences into one person without occurrence-specific context or an approved safe alias.
NAME_01102,edwardo lewis,Edwardo Lewis,1,Edwardo Lewis,0,suggestion_only,Do not merge occurrences into one person without occurrence-specific context or an approved safe alias.
NAME_01103,edwardo littffeild,Edwardo Littffeild,1,Edwardo Littffeild,0,suggestion_only,Do not merge occurrences into one person without occurrence-specific context or an approved safe alias.
NAME_01104,edwardo lukyn,Edwardo Lukyn,1,Edwardo Lukyn,0,suggestion_only,Do not merge occurrences into one person without occurrence-specific context or an approved safe alias.
NAME_01105,edwardo michelborne,Edwardo Michelborne,1,Edwardo Michelborne,0,suggestion_only,Do not merge occurrences into one person without occurrence-specific context or an approved safe alias.
NAME_01106,edwardo smyth,Edwardo Smyth,1,Edwardo Smyth,0,suggestion_only,Do not merge occurrences into one person without occurrence-specific context or an approved safe alias.
NAME_01107,edwardo vaughan,Edwardo Vaughan,1,"Edwardo
Vaughan",0,suggestion_only,Do not merge occurrences into one person without occurrence-specific context or an approved safe alias.
NAME_01108,edwardo waterhouse,Edwardo Waterhouse,1,Edwardo Waterhouse,0,suggestion_only,Do not merge occurrences into one person without occurrence-specific context or an approved safe alias.
NAME_01109,edwardo webb,Edwardo Webb,1,Edwardo Webb,0,suggestion_only,Do not merge occurrences into one person without occurrence-specific context or an approved safe alias.
NAME_01110,edwardo welch,Edwardo Welch,1,Edwardo Welch,0,suggestion_only,Do not merge occurrences into one person without occurrence-specific context or an approved safe alias.
NAME_01111,edwardo wilks,Edwardo Wilks,1,Edwardo Wilks,0,suggestion_only,Do not merge occurrences into one person without occurrence-specific context or an approved safe alias.
NAME_01112,edwardo woller,Edwardo Woller,1,Edwardo Woller,0,suggestion_only,Do not merge occurrences into one person without occurrence-specific context or an approved safe alias.
NAME_01113,edwardoe harrison,Edwardoe Harrison,1,Edwardoe Harrison,0,suggestion_only,Do not merge occurrences into one person without occurrence-specific context or an approved safe alias.
NAME_01114,edwards barnes,Edwards Barnes,1,Edwards Barnes,0,suggestion_only,Do not merge occurrences into one person without occurrence-specific context or an approved safe alias.
NAME_01115,edwards merchaunt,Edwards Merchaunt,1,Edwards Merchaunt,0,suggestion_only,Do not merge occurrences into one person without occurrence-specific context or an approved safe alias.
NAME_01116,edwards mr’,Edwards Mr’,1,M* Edwards Mr’,0,suggestion_only,Do not merge occurrences into one person without occurrence-specific context or an approved safe alias.
NAME_01117,edwards. w,Edwards. W,1,m*' Edwards. W,0,suggestion_only,Do not merge occurrences into one person without occurrence-specific context or an approved safe alias.
NAME_01118,edwardum brewster,Edwardum Brewster,2,Edwardum Brewster,0,suggestion_only,Do not merge occurrences into one person without occurrence-specific context or an approved safe alias.
NAME_01119,edwardum haekett,Edwardum Haekett,1,Edwardum Haekett,0,suggestion_only,Do not merge occurrences into one person without occurrence-specific context or an approved safe alias.
NAME_01120,edwardus brewster,Edwardus Brewster,2,Edwardus Brewster,0,suggestion_only,Do not merge occurrences into one person without occurrence-specific context or an approved safe alias.
NAME_01121,edwardus cecill,Edwardus Cecill,1,Edwardus Cecill,0,suggestion_only,Do not merge occurrences into one person without occurrence-specific context or an approved safe alias.
NAME_01122,edwardus conway,Edwardus Conway,1,Edwardus Conway,0,suggestion_only,Do not merge occurrences into one person without occurrence-specific context or an approved safe alias.
NAME_01123,edwardus hackett,Edwardus Hackett,1,Edwardus Hackett,0,suggestion_only,Do not merge occurrences into one person without occurrence-specific context or an approved safe alias.
NAME_01124,edwardus ryder,Edwardus Ryder,4,Edwardus Ryder,0,suggestion_only,Do not merge occurrences into one person without occurrence-specific context or an approved safe alias.
NAME_01125,edwin lawley,Edwin Lawley,1,Edwin Lawley,0,suggestion_only,Do not merge occurrences into one person without occurrence-specific context or an approved safe alias.
NAME_01126,edwin sandes,Edwin Sandes,2,Edwin Sandes,0,suggestion_only,Do not merge occurrences into one person without occurrence-specific context or an approved safe alias.
NAME_01131,edwin sandysand,Edwin Sandysand,1,Edwin Sandysand,0,suggestion_only,Do not merge occurrences into one person without occurrence-specific context or an approved safe alias.
NAME_01132,edwin sandysthier,Edwin SandysThier,1,Edwin SandysThier,0,suggestion_only,Do not merge occurrences into one person without occurrence-specific context or an approved safe alias.
NAME_01133,edwin sandys’,Edwin Sandys’,1,Sir Edwin Sandys’,0,suggestion_only,Do not merge occurrences into one person without occurrence-specific context or an approved safe alias.
NAME_01134,edwine sandis,Edwine Sandis,1,Edwine Sandis,0,suggestion_only,Do not merge occurrences into one person without occurrence-specific context or an approved safe alias.
NAME_01135,edwinum sandis,Edwinum Sandis,1,Edwinum Sandis,0,suggestion_only,Do not merge occurrences into one person without occurrence-specific context or an approved safe alias.
NAME_01136,edwinuwm sandis,Edwinuwm Sandis,1,Edwinuwm Sandis,0,suggestion_only,Do not merge occurrences into one person without occurrence-specific context or an approved safe alias.
NAME_01137,edwiuus sandis,Edwiuus Sandis,1,Edwiuus Sandis,0,suggestion_only,Do not merge occurrences into one person without occurrence-specific context or an approved safe alias.
NAME_01138,edwyn sandes,Edwyn Sandes,2,Sir Edwyn Sandes,0,suggestion_only,Do not merge occurrences into one person without occurrence-specific context or an approved safe alias.
NAME_01140,egidio parslowe,Egidio Parslowe,1,Egidio Parslowe,0,suggestion_only,Do not merge occurrences into one person without occurrence-specific context or an approved safe alias.
NAME_01141,elias foxton,Elias Foxton,1,Elias Foxton,0,suggestion_only,Do not merge occurrences into one person without occurrence-specific context or an approved safe alias.
NAME_01142,elias longe,Elias Longe,1,Elias Longe,0,suggestion_only,Do not merge occurrences into one person without occurrence-specific context or an approved safe alias.
NAME_01143,elias longs,Elias Longs,1,Elias Longs,0,suggestion_only,Do not merge occurrences into one person without occurrence-specific context or an approved safe alias.
NAME_01144,elias roberte,Elias Roberte,2,m’ Elias Roberte,0,suggestion_only,Do not merge occurrences into one person without occurrence-specific context or an approved safe alias.
NAME_01145,elias roberts,Elias Roberts,3,Elias Roberts,0,suggestion_only,Do not merge occurrences into one person without occurrence-specific context or an approved safe alias.
NAME_01146,elias roberté,Elias Roberté,2,m’ Elias Roberté,0,suggestion_only,Do not merge occurrences into one person without occurrence-specific context or an approved safe alias.
NAME_01147,elias southerton,Elias Southerton,1,Elias Southerton,0,suggestion_only,Do not merge occurrences into one person without occurrence-specific context or an approved safe alias.
NAME_01149,eliz coopy,Eliz Coopy,1,Eliz Coopy,0,suggestion_only,Do not merge occurrences into one person without occurrence-specific context or an approved safe alias.
NAME_01150,eliz hibbert,Eliz Hibbert,1,Eliz Hibbert,0,suggestion_only,Do not merge occurrences into one person without occurrence-specific context or an approved safe alias.
NAME_01151,elizabeth barkley,Elizabeth Barkley,1,Elizabeth Barkley,0,suggestion_only,Do not merge occurrences into one person without occurrence-specific context or an approved safe alias.
NAME_01152,elizabeth barkly,Elizabeth Barkly,2,Elizabeth Barkly,0,suggestion_only,Do not merge occurrences into one person without occurrence-specific context or an approved safe alias.
NAME_01153,elizabeth bennet,Elizabeth Bennet,1,Elizabeth Bennet,0,suggestion_only,Do not merge occurrences into one person without occurrence-specific context or an approved safe alias.
NAME_01154,elizabeth berkley,Elizabeth Berkley,1,Elizabeth Berkley,0,suggestion_only,Do not merge occurrences into one person without occurrence-specific context or an approved safe alias.
NAME_01155,elizabeth berkly,Elizabeth Berkly,1,Elizabeth Berkly,0,suggestion_only,Do not merge occurrences into one person without occurrence-specific context or an approved safe alias.
NAME_01157,elizabeth cittie,Elizabeth Cittie,3,"Elizabeth
Cittie | Elizabeth Cittie",0,suggestion_only,Do not merge occurrences into one person without occurrence-specific context or an approved safe alias.
NAME_01159,elizabeth coopy,Elizabeth Coopy,1,Elizabeth Coopy,0,suggestion_only,Do not merge occurrences into one person without occurrence-specific context or an approved safe alias.
NAME_01160,elizabeth cyttie,Elizabeth Cyttie,1,Elizabeth Cyttie,0,suggestion_only,Do not merge occurrences into one person without occurrence-specific context or an approved safe alias.
NAME_01161,elizabeth dunthorne,Elizabeth Dunthorne,1,Elizabeth Dunthorne,0,suggestion_only,Do not merge occurrences into one person without occurrence-specific context or an approved safe alias.
NAME_01162,elizabeth gray,Elizabeth Gray,1,Lady Elizabeth Gray,0,suggestion_only,Do not merge occurrences into one person without occurrence-specific context or an approved safe alias.
NAME_01163,elizabeth lupo,Elizabeth Lupo,1,Elizabeth Lupo,0,suggestion_only,Do not merge occurrences into one person without occurrence-specific context or an approved safe alias.
NAME_01164,elizabeth pearcy,Elizabeth Pearcy,1,Elizabeth Pearcy,0,suggestion_only,Do not merge occurrences into one person without occurrence-specific context or an approved safe alias.
NAME_01165,elizabeth percy,Elizabeth Percy,1,Elizabeth Percy,0,suggestion_only,Do not merge occurrences into one person without occurrence-specific context or an approved safe alias.
NAME_01166,elizabeth riuer,Elizabeth Riuer,1,Elizabeth Riuer,0,suggestion_only,Do not merge occurrences into one person without occurrence-specific context or an approved safe alias.
NAME_01168,elizabeth smale,Elizabeth Smale,1,Elizabeth Smale,0,suggestion_only,Do not merge occurrences into one person without occurrence-specific context or an approved safe alias.
NAME_01169,elizabeth smalley,Elizabeth Smalley,4,Elizabeth Smalley,0,suggestion_only,Do not merge occurrences into one person without occurrence-specific context or an approved safe alias.
NAME_01170,elizabeth webbe,Elizabeth Webbe,3,Elizabeth Webbe,0,suggestion_only,Do not merge occurrences into one person without occurrence-specific context or an approved safe alias.
NAME_01171,elizabeth. land,Elizabeth. Land,1,"Lady Elizabeth.
Land",0,suggestion_only,Do not merge occurrences into one person without occurrence-specific context or an approved safe alias.
NAME_01172,ellis cornish,Ellis Cornish,1,Ellis Cornish,0,suggestion_only,Do not merge occurrences into one person without occurrence-specific context or an approved safe alias.
NAME_01177,englishe jacke,Englishe Jacke,1,Englishe Jacke,0,suggestion_only,Do not merge occurrences into one person without occurrence-specific context or an approved safe alias.
NAME_01178,englishe nat,Englishe Nat,1,Englishe Nat,0,suggestion_only,Do not merge occurrences into one person without occurrence-specific context or an approved safe alias.
NAME_01179,ensigne harrison,Ensigne Harrison,3,Ensigne Harrison,0,suggestion_only,Do not merge occurrences into one person without occurrence-specific context or an approved safe alias.
NAME_01180,ensigne jo,Ensigne Jo,1,Ensigne Jo,0,suggestion_only,Do not merge occurrences into one person without occurrence-specific context or an approved safe alias.
NAME_01181,ensigne rosingham,Ensigne Rosingham,1,Ensigne Rosingham,0,suggestion_only,Do not merge occurrences into one person without occurrence-specific context or an approved safe alias.
NAME_01182,ensigne sauadge,Ensigne Sauadge,1,Ensigne Sauadge,0,suggestion_only,Do not merge occurrences into one person without occurrence-specific context or an approved safe alias.
NAME_01183,ensigne sherley,Ensigne Sherley,1,Ensigne Sherley,0,suggestion_only,Do not merge occurrences into one person without occurrence-specific context or an approved safe alias.
NAME_01184,ensigne washer,Ensigne Washer,1,Ensigne Washer,0,suggestion_only,Do not merge occurrences into one person without occurrence-specific context or an approved safe alias.
NAME_01185,ensigne william,Ensigne William,1,Ensigne William,0,suggestion_only,Do not merge occurrences into one person without occurrence-specific context or an approved safe alias.
NAME_01186,enwin sanpys,Enwin Sanpys,2,Sir Enwin Sanpys,0,suggestion_only,Do not merge occurrences into one person without occurrence-specific context or an approved safe alias.
NAME_01187,ep bishop,Ep Bishop,1,Ep Bishop,0,suggestion_only,Do not merge occurrences into one person without occurrence-specific context or an approved safe alias.
NAME_01188,epmmonp boyp,EpmMonp Boyp,1,Sir EpmMonp Boyp,0,suggestion_only,Do not merge occurrences into one person without occurrence-specific context or an approved safe alias.
NAME_01189,epwarp conway,Epwarp Conway,1,Sir Epwarp Conway,0,suggestion_only,Do not merge occurrences into one person without occurrence-specific context or an approved safe alias.
NAME_01190,epwarp sackville,Epwarp SACKVILLE,2,Sir Epwarp SACKVILLE,0,suggestion_only,Do not merge occurrences into one person without occurrence-specific context or an approved safe alias.
NAME_01191,epwin saanpys,Epwin SAanpys,1,Epwin SAanpys,0,suggestion_only,Do not merge occurrences into one person without occurrence-specific context or an approved safe alias.
NAME_01194,epwin sanpys’s,Epwin Sanpys’s,1,"Sir
Epwin Sanpys’s",0,suggestion_only,Do not merge occurrences into one person without occurrence-specific context or an approved safe alias.
NAME_01196,esquier miehaell,Esquier Miehaell,1,Esquier Miehaell,0,suggestion_only,Do not merge occurrences into one person without occurrence-specific context or an approved safe alias.
NAME_01197,esquier raph,Esquier Raph,1,Esquier Raph,0,suggestion_only,Do not merge occurrences into one person without occurrence-specific context or an approved safe alias.
NAME_01198,esquier roberte,Esquier Roberte,1,Esquier Roberte,0,suggestion_only,Do not merge occurrences into one person without occurrence-specific context or an approved safe alias.
NAME_01199,esquier samuell,Esquier Samuell,1,Esquier Samuell,0,suggestion_only,Do not merge occurrences into one person without occurrence-specific context or an approved safe alias.
NAME_01200,esquier thomas,Esquier Thomas,1,Esquier Thomas,0,suggestion_only,Do not merge occurrences into one person without occurrence-specific context or an approved safe alias.
NAME_01204,essington. s',Essington. S',1,"m’ Essington.
S'",0,suggestion_only,Do not merge occurrences into one person without occurrence-specific context or an approved safe alias.
NAME_01205,essingtone peti-,Essingtone Peti-,1,"M*
Essingtone  Peti-",0,suggestion_only,Do not merge occurrences into one person without occurrence-specific context or an approved safe alias.
NAME_01206,essingtons handé,Essingtons Handé,2,m* Essingtons Handé,0,suggestion_only,Do not merge occurrences into one person without occurrence-specific context or an approved safe alias.
NAME_01207,euan watkins,Euan Watkins,1,Euan Watkins,0,suggestion_only,Do not merge occurrences into one person without occurrence-specific context or an approved safe alias.
NAME_01208,euerie sheire,Euerie Sheire,1,Euerie Sheire,0,suggestion_only,Do not merge occurrences into one person without occurrence-specific context or an approved safe alias.
NAME_01211,eure. letter,Eure. Letter,1,"Lord Eure.
Letter",0,suggestion_only,Do not merge occurrences into one person without occurrence-specific context or an approved safe alias.
NAME_01212,evwin sanpys,Evwin Sanpys,2,Sir Evwin Sanpys,0,suggestion_only,Do not merge occurrences into one person without occurrence-specific context or an approved safe alias.
NAME_01215,eyres. s',Eyres. S',1,"m* Eyres.
S'",0,suggestion_only,Do not merge occurrences into one person without occurrence-specific context or an approved safe alias.
NAME_01216,ezechieli smyth,Ezechieli Smyth,1,Ezechieli Smyth,0,suggestion_only,Do not merge occurrences into one person without occurrence-specific context or an approved safe alias.
NAME_01217,ezekiel smyth,Ezekiel Smyth,1,"Ezekiel
Smyth",0,suggestion_only,Do not merge occurrences into one person without occurrence-specific context or an approved safe alias.
NAME_01218,f bele,F Bele,1,F Bele,0,suggestion_only,Do not merge occurrences into one person without occurrence-specific context or an approved safe alias.
NAME_01219,f haine,F Haine,1,F Haine,0,suggestion_only,Do not merge occurrences into one person without occurrence-specific context or an approved safe alias.
NAME_01220,f'errarc house,F'ERRARC HOUSE,1,M* F'ERRARC HOUSE,0,suggestion_only,Do not merge occurrences into one person without occurrence-specific context or an approved safe alias.
NAME_01221,f. wyatt,F. Wyatt,1,F. Wyatt,0,suggestion_only,Do not merge occurrences into one person without occurrence-specific context or an approved safe alias.
NAME_01222,fanshawe robte,Fanshawe Robte,1,Fanshawe Robte,0,suggestion_only,Do not merge occurrences into one person without occurrence-specific context or an approved safe alias.
NAME_01223,farrar dpt,Farrar Dpt,1,Farrar Dpt,0,suggestion_only,Do not merge occurrences into one person without occurrence-specific context or an approved safe alias.
NAME_01224,farrar i,Farrar I,1,Mr Farrar I,0,suggestion_only,Do not merge occurrences into one person without occurrence-specific context or an approved safe alias.
NAME_01225,fawin sandys,Fawin Sandys,1,Fawin Sandys,0,suggestion_only,Do not merge occurrences into one person without occurrence-specific context or an approved safe alias.
NAME_01226,fbraneis covell,FBraneis Covell,1,FBraneis Covell,0,suggestion_only,Do not merge occurrences into one person without occurrence-specific context or an approved safe alias.
NAME_01227,felix kyngston,Felix Kyngston,2,Felix Kyngston,0,suggestion_only,Do not merge occurrences into one person without occurrence-specific context or an approved safe alias.
NAME_01228,felix wilson,Felix Wilson,2,Felix Wilson,0,suggestion_only,Do not merge occurrences into one person without occurrence-specific context or an approved safe alias.
NAME_01229,feliz kyngston,Feliz Kyngston,1,Feliz Kyngston,0,suggestion_only,Do not merge occurrences into one person without occurrence-specific context or an approved safe alias.
NAME_01230,ferdinand waynman,Ferdinand Waynman,1,Sir Ferdinand Waynman,0,suggestion_only,Do not merge occurrences into one person without occurrence-specific context or an approved safe alias.
NAME_01231,ferdinando george,Ferdinando George,2,Sir Ferdinando George,0,suggestion_only,Do not merge occurrences into one person without occurrence-specific context or an approved safe alias.
NAME_01232,ferdinando georges,Ferdinando Georges,2,"Ferdinando
Georges | Sir Ferdinando
Georges",0,suggestion_only,Do not merge occurrences into one person without occurrence-specific context or an approved safe alias.
NAME_01235,ferdinando heiborne,Ferdinando Heiborne,2,Sir Ferdinando Heiborne,0,suggestion_only,Do not merge occurrences into one person without occurrence-specific context or an approved safe alias.
NAME_01236,ferrar dep,Ferrar Dep,1,m' Ferrar Dep,0,suggestion_only,Do not merge occurrences into one person without occurrence-specific context or an approved safe alias.
NAME_01237,ferrar deputy,Ferrar Deputy,1,m' Ferrar Deputy,0,suggestion_only,Do not merge occurrences into one person without occurrence-specific context or an approved safe alias.
NAME_01238,ferrar dpt,Ferrar Dpt,1,m' Ferrar Dpt,0,suggestion_only,Do not merge occurrences into one person without occurrence-specific context or an approved safe alias.
NAME_01239,ferrar dp’,Ferrar Dp’,1,m* Ferrar Dp’,0,suggestion_only,Do not merge occurrences into one person without occurrence-specific context or an approved safe alias.
NAME_01240,ferrar fesruary,Ferrar Fesruary,1,"Mr. Ferrar
Fesruary",0,suggestion_only,Do not merge occurrences into one person without occurrence-specific context or an approved safe alias.
NAME_01241,ferrar iunior,Ferrar Iunior,1,m'* Ferrar Iunior,0,suggestion_only,Do not merge occurrences into one person without occurrence-specific context or an approved safe alias.
NAME_01243,ferrars house,FERRARS HOUSE,1,M* FERRARS HOUSE,0,suggestion_only,Do not merge occurrences into one person without occurrence-specific context or an approved safe alias.
NAME_01244,ferrars howse,FERRARS HOWSE,1,"MR. FERRARS
HOWSE",0,suggestion_only,Do not merge occurrences into one person without occurrence-specific context or an approved safe alias.
NAME_01245,ferrars in,FERRARS IN,1,M* FERRARS IN,0,suggestion_only,Do not merge occurrences into one person without occurrence-specific context or an approved safe alias.
NAME_01246,fiias fox,Fiias Fox,1,Fiias Fox,0,suggestion_only,Do not merge occurrences into one person without occurrence-specific context or an approved safe alias.
NAME_01247,fira cu,Fira CU,1,Fira CU,0,suggestion_only,Do not merge occurrences into one person without occurrence-specific context or an approved safe alias.
NAME_01248,for martin’s,For Martin’s,1,For Martin’s,0,suggestion_only,Do not merge occurrences into one person without occurrence-specific context or an approved safe alias.
NAME_01249,for smythe’s,For Smythe’s,1,For Smythe’s,0,suggestion_only,Do not merge occurrences into one person without occurrence-specific context or an approved safe alias.
NAME_01252,francis anthony,Francis Anthony,1,Doctor Francis Anthony,0,suggestion_only,Do not merge occurrences into one person without occurrence-specific context or an approved safe alias.
NAME_01253,francis bac,Francis Bac,2,sir Francis Bac,0,suggestion_only,Do not merge occurrences into one person without occurrence-specific context or an approved safe alias.
NAME_01254,francis bacon,Francis Bacon,1,Sir Francis Bacon,0,suggestion_only,Do not merge occurrences into one person without occurrence-specific context or an approved safe alias.
NAME_01255,francis baldwin,Francis Baldwin,2,Francis Baldwin,0,suggestion_only,Do not merge occurrences into one person without occurrence-specific context or an approved safe alias.
NAME_01256,francis barington,Francis Barington,1,Francis Barington,0,suggestion_only,Do not merge occurrences into one person without occurrence-specific context or an approved safe alias.
NAME_01257,francis barrington,Francis Barrington,1,Sir Francis Barrington,0,suggestion_only,Do not merge occurrences into one person without occurrence-specific context or an approved safe alias.
NAME_01259,francis browne,Francis Browne,1,Francis Browne,0,suggestion_only,Do not merge occurrences into one person without occurrence-specific context or an approved safe alias.
NAME_01260,francis burley,Francis Burley,2,Francis Burley,0,suggestion_only,Do not merge occurrences into one person without occurrence-specific context or an approved safe alias.
NAME_01261,francis burlye,Francis Burlye,1,Francis Burlye,0,suggestion_only,Do not merge occurrences into one person without occurrence-specific context or an approved safe alias.
NAME_01262,francis carte,Francis Carte,1,Francis Carte,0,suggestion_only,Do not merge occurrences into one person without occurrence-specific context or an approved safe alias.
NAME_01265,francis couill,Francis Couill,1,Francis Couill,0,suggestion_only,Do not merge occurrences into one person without occurrence-specific context or an approved safe alias.
NAME_01266,francis covell,Francis Covell,1,Francis Covell,0,suggestion_only,Do not merge occurrences into one person without occurrence-specific context or an approved safe alias.
NAME_01267,francis egiock,Francis Egiock,1,Sir Francis Egiock,0,suggestion_only,Do not merge occurrences into one person without occurrence-specific context or an approved safe alias.
NAME_01268,francis gaule,Francis Gaule,1,Francis Gaule,0,suggestion_only,Do not merge occurrences into one person without occurrence-specific context or an approved safe alias.
NAME_01269,francis glanuile,Francis Glanuile,1,Francis Glanuile,0,suggestion_only,Do not merge occurrences into one person without occurrence-specific context or an approved safe alias.
NAME_01270,francis gofton,Francis Gofton,2,Sir Francis Gofton,0,suggestion_only,Do not merge occurrences into one person without occurrence-specific context or an approved safe alias.
NAME_01271,francis goodwin,Francis Goodwin,1,Sir Francis Goodwin,0,suggestion_only,Do not merge occurrences into one person without occurrence-specific context or an approved safe alias.
NAME_01272,francis gowsh,Francis Gowsh,1,Francis Gowsh,0,suggestion_only,Do not merge occurrences into one person without occurrence-specific context or an approved safe alias.
NAME_01273,francis grevell,Francis Grevell,1,Francis Grevell,0,suggestion_only,Do not merge occurrences into one person without occurrence-specific context or an approved safe alias.
NAME_01274,francis harwell,Francis Harwell,3,Francis Harwell | Master Francis Harwell,0,suggestion_only,Do not merge occurrences into one person without occurrence-specific context or an approved safe alias.
NAME_01275,francis hasellrigg,Francis Hasellrigg,1,Francis Hasellrigg,0,suggestion_only,Do not merge occurrences into one person without occurrence-specific context or an approved safe alias.
NAME_01276,francis haselridge,Francis Haselridge,1,Francis Haselridge,0,suggestion_only,Do not merge occurrences into one person without occurrence-specific context or an approved safe alias.
NAME_01277,francis jones,Francis Jones,1,Francis Jones,0,suggestion_only,Do not merge occurrences into one person without occurrence-specific context or an approved safe alias.
NAME_01278,francis leigh,Francis Leigh,3,Francis Leigh | Sir Francis Leigh,0,suggestion_only,Do not merge occurrences into one person without occurrence-specific context or an approved safe alias.
NAME_01279,francis lodge,Francis Lodge,1,Francis Lodge,0,suggestion_only,Do not merge occurrences into one person without occurrence-specific context or an approved safe alias.
NAME_01280,francis mapps,Francis Mapps,1,Francis Mapps,0,suggestion_only,Do not merge occurrences into one person without occurrence-specific context or an approved safe alias.
NAME_01281,francis meuerell,Francis Meuerell,1,Francis Meuerell,0,suggestion_only,Do not merge occurrences into one person without occurrence-specific context or an approved safe alias.
NAME_01282,francis meverell,Francis Meverell,1,Francis Meverell,0,suggestion_only,Do not merge occurrences into one person without occurrence-specific context or an approved safe alias.
NAME_01283,francis newman,Francis Newman,1,Francis Newman,0,suggestion_only,Do not merge occurrences into one person without occurrence-specific context or an approved safe alias.
NAME_01284,francis oliver,Francis Oliver,1,Francis Oliver,0,suggestion_only,Do not merge occurrences into one person without occurrence-specific context or an approved safe alias.
NAME_01285,francis pizzarro,Francis Pizzarro,1,Francis Pizzarro,0,suggestion_only,Do not merge occurrences into one person without occurrence-specific context or an approved safe alias.
NAME_01286,francis smaleman,Francis Smaleman,1,Francis Smaleman,0,suggestion_only,Do not merge occurrences into one person without occurrence-specific context or an approved safe alias.
NAME_01287,francis smalman,Francis Smalman,1,Francis Smalman,0,suggestion_only,Do not merge occurrences into one person without occurrence-specific context or an approved safe alias.
NAME_01288,francis smiru,Francis Smiru,1,Francis Smiru,0,suggestion_only,Do not merge occurrences into one person without occurrence-specific context or an approved safe alias.
NAME_01289,francis smith,Francis Smith,2,Francis Smith | M* Francis Smith,0,suggestion_only,Do not merge occurrences into one person without occurrence-specific context or an approved safe alias.
NAME_01290,francis tate,Francis Tate,1,Francis Tate,0,suggestion_only,Do not merge occurrences into one person without occurrence-specific context or an approved safe alias.
NAME_01291,francis tate--,Francis Tate--,1,Francis Tate--,0,suggestion_only,Do not merge occurrences into one person without occurrence-specific context or an approved safe alias.
NAME_01293,francis waterhowse,Francis Waterhowse,2,m’ Francis Waterhowse,0,suggestion_only,Do not merge occurrences into one person without occurrence-specific context or an approved safe alias.
NAME_01295,francis whister,Francis Whister,1,Francis Whister,0,suggestion_only,Do not merge occurrences into one person without occurrence-specific context or an approved safe alias.
NAME_01296,francis whistlero,Francis Whistlero,1,Francis Whistlero,0,suggestion_only,Do not merge occurrences into one person without occurrence-specific context or an approved safe alias.
NAME_01297,francis white,Francis White,1,Francis White,0,suggestion_only,Do not merge occurrences into one person without occurrence-specific context or an approved safe alias.
NAME_01300,francis wolley,Francis Wolley,1,Sir Francis Wolley,0,suggestion_only,Do not merge occurrences into one person without occurrence-specific context or an approved safe alias.
NAME_01308,francis. enforced,Francis. Enforced,1,"Sir Francis.
Enforced",0,suggestion_only,Do not merge occurrences into one person without occurrence-specific context or an approved safe alias.
NAME_01309,francis. land,Francis. Land,1,"Sir Francis.
Land",0,suggestion_only,Do not merge occurrences into one person without occurrence-specific context or an approved safe alias.
NAME_01312,franvis turrell,Franvis Turrell,1,Franvis Turrell,0,suggestion_only,Do not merge occurrences into one person without occurrence-specific context or an approved safe alias.
NAME_01315,frauncis carter,Frauncis Carter,2,Frauncis Carter,0,suggestion_only,Do not merge occurrences into one person without occurrence-specific context or an approved safe alias.
NAME_01316,frauncis egioke,Frauncis Egioke,2,Frauncis Egioke,0,suggestion_only,Do not merge occurrences into one person without occurrence-specific context or an approved safe alias.
NAME_01317,frauncis goston,Frauncis Goston,2,Sir Frauncis Goston,0,suggestion_only,Do not merge occurrences into one person without occurrence-specific context or an approved safe alias.
NAME_01318,frauncis kennaston,Frauncis Kennaston,1,Frauncis Kennaston,0,suggestion_only,Do not merge occurrences into one person without occurrence-specific context or an approved safe alias.
NAME_01319,frauncis lee,Frauncis Lee,1,Frauncis Lee,0,suggestion_only,Do not merge occurrences into one person without occurrence-specific context or an approved safe alias.
NAME_01320,frauncis leigh,Frauncis Leigh,2,Frauncis Leigh,0,suggestion_only,Do not merge occurrences into one person without occurrence-specific context or an approved safe alias.
NAME_01321,frauncis nethersole,Frauncis Nethersole,1,Frauncis Nethersole,0,suggestion_only,Do not merge occurrences into one person without occurrence-specific context or an approved safe alias.
NAME_01322,frauncis waterhouse,Frauncis Waterhouse,1,Frauncis Waterhouse,0,suggestion_only,Do not merge occurrences into one person without occurrence-specific context or an approved safe alias.
NAME_01324,frauncis weynmane,Frauncis Weynmane,1,Frauncis Weynmane,0,suggestion_only,Do not merge occurrences into one person without occurrence-specific context or an approved safe alias.
NAME_01327,freeman alderman,Freeman Alderman,1,Freeman Alderman,0,suggestion_only,Do not merge occurrences into one person without occurrence-specific context or an approved safe alias.
NAME_01328,frefum hudson,Frefum Hudson,1,Frefum Hudson,0,suggestion_only,Do not merge occurrences into one person without occurrence-specific context or an approved safe alias.
NAME_01330,frigatts hoyes,Frigatts Hoyes,1,Frigatts Hoyes,0,suggestion_only,Do not merge occurrences into one person without occurrence-specific context or an approved safe alias.
NAME_01333,fttaly arto,Fttaly Arto,1,Fttaly Arto,0,suggestion_only,Do not merge occurrences into one person without occurrence-specific context or an approved safe alias.
NAME_01334,g. eld,G. Eld,1,G. Eld,0,suggestion_only,Do not merge occurrences into one person without occurrence-specific context or an approved safe alias.
NAME_01335,g. sandys,G. Sandys,3,G. Sandys | M* G. Sandys,0,suggestion_only,Do not merge occurrences into one person without occurrence-specific context or an approved safe alias.
NAME_01336,g. thorp,G. Thorp,1,M* G. Thorp,0,suggestion_only,Do not merge occurrences into one person without occurrence-specific context or an approved safe alias.
NAME_01337,g. y,G. Y,1,G. Y,0,suggestion_only,Do not merge occurrences into one person without occurrence-specific context or an approved safe alias.
NAME_01338,g. yeardley,G. YEARDLEY,1,G. YEARDLEY,0,suggestion_only,Do not merge occurrences into one person without occurrence-specific context or an approved safe alias.
NAME_01339,g. yeardleyes,G. Yeardleyes,2,Sir G. Yeardleyes,0,suggestion_only,Do not merge occurrences into one person without occurrence-specific context or an approved safe alias.
NAME_01340,g. yeardly,G. Yeardly,1,G. Yeardly,0,suggestion_only,Do not merge occurrences into one person without occurrence-specific context or an approved safe alias.
NAME_01341,g6 gm,G6 GM,1,G6 GM,0,suggestion_only,Do not merge occurrences into one person without occurrence-specific context or an approved safe alias.
NAME_01342,gabi archer,Gabi Archer,2,Capt Gabi Archer,0,suggestion_only,Do not merge occurrences into one person without occurrence-specific context or an approved safe alias.
NAME_01343,gabricl barber,Gabricl Barber,1,Gabricl Barber,0,suggestion_only,Do not merge occurrences into one person without occurrence-specific context or an approved safe alias.
NAME_01344,gabricli beadle,Gabricli Beadle,1,Gabricli Beadle,0,suggestion_only,Do not merge occurrences into one person without occurrence-specific context or an approved safe alias.
NAME_01345,gabriel archer,Gabriel Archer,1,Gabriel Archer,0,suggestion_only,Do not merge occurrences into one person without occurrence-specific context or an approved safe alias.
NAME_01348,gabriel barher,Gabriel Barher,1,Gabriel Barher,0,suggestion_only,Do not merge occurrences into one person without occurrence-specific context or an approved safe alias.
NAME_01349,gabriel beadle,Gabriel Beadle,1,Gabriel Beadle,0,suggestion_only,Do not merge occurrences into one person without occurrence-specific context or an approved safe alias.
NAME_01350,gabriel holland,Gabriel Holland,1,Gabriel Holland,0,suggestion_only,Do not merge occurrences into one person without occurrence-specific context or an approved safe alias.
NAME_01351,gabrieli archer,Gabrieli Archer,1,Gabrieli Archer,0,suggestion_only,Do not merge occurrences into one person without occurrence-specific context or an approved safe alias.
NAME_01352,gabriell archer,Gabriell Archer,2,Captaine Gabriell Archer,0,suggestion_only,Do not merge occurrences into one person without occurrence-specific context or an approved safe alias.
NAME_01353,gabriell barber,Gabriell Barber,1,M' Gabriell Barber,0,suggestion_only,Do not merge occurrences into one person without occurrence-specific context or an approved safe alias.
NAME_01354,gabriell barbo,Gabriell Barbo,2,Gabriell Barbo | m* Gabriell Barbo,0,suggestion_only,Do not merge occurrences into one person without occurrence-specific context or an approved safe alias.
NAME_01355,gabriell barbor,Gabriell Barbor,4,M' Gabriell Barbor | m' Gabriell Barbor,0,suggestion_only,Do not merge occurrences into one person without occurrence-specific context or an approved safe alias.
NAME_01356,gabriell barbot,Gabriell Barbot,1,Gabriell Barbot,0,suggestion_only,Do not merge occurrences into one person without occurrence-specific context or an approved safe alias.
NAME_01357,gabriell barker,Gabriell Barker,1,Gabriell Barker,0,suggestion_only,Do not merge occurrences into one person without occurrence-specific context or an approved safe alias.
NAME_01358,gabriell wisher,Gabriell Wisher,3,Gabriell Wisher,0,suggestion_only,Do not merge occurrences into one person without occurrence-specific context or an approved safe alias.
NAME_01359,galfrido duffe,Galfrido Duffe,1,Galfrido Duffe,0,suggestion_only,Do not merge occurrences into one person without occurrence-specific context or an approved safe alias.
NAME_01360,galfrido tolerofte,Galfrido Tolerofte,1,Galfrido Tolerofte,0,suggestion_only,Do not merge occurrences into one person without occurrence-specific context or an approved safe alias.
NAME_01362,garret farrel,Garret Farrel,1,Garret Farrel,0,suggestion_only,Do not merge occurrences into one person without occurrence-specific context or an approved safe alias.
NAME_01363,garret weston,Garret Weston,1,Garret Weston,0,suggestion_only,Do not merge occurrences into one person without occurrence-specific context or an approved safe alias.
NAME_01364,garrett weston,Garrett Weston,3,Garrett Weston | m’ Garrett Weston,0,suggestion_only,Do not merge occurrences into one person without occurrence-specific context or an approved safe alias.
NAME_01366,gataa cataaneon,Gataa Cataaneon,1,Gataa Cataaneon,0,suggestion_only,Do not merge occurrences into one person without occurrence-specific context or an approved safe alias.
NAME_01367,gatendisk padgett,Gatendisk Padgett,1,Gatendisk Padgett,0,suggestion_only,Do not merge occurrences into one person without occurrence-specific context or an approved safe alias.
NAME_01368,gcorgius scott,Gcorgius Scott,1,Gcorgius Scott,0,suggestion_only,Do not merge occurrences into one person without occurrence-specific context or an approved safe alias.
NAME_01369,gd anno,Gd Anno,1,Gd Anno,0,suggestion_only,Do not merge occurrences into one person without occurrence-specific context or an approved safe alias.
NAME_01370,gd juris,Gd Juris,1,Gd Juris,0,suggestion_only,Do not merge occurrences into one person without occurrence-specific context or an approved safe alias.
NAME_01371,ge vorts,Ge VORTS,1,Ge VORTS,0,suggestion_only,Do not merge occurrences into one person without occurrence-specific context or an approved safe alias.
NAME_01373,gee gouerno'’s,Gee Gouerno'’s,1,Gee Gouerno'’s,0,suggestion_only,Do not merge occurrences into one person without occurrence-specific context or an approved safe alias.
NAME_01374,geer miblepet,Geer Miblepet,1,Geer Miblepet,0,suggestion_only,Do not merge occurrences into one person without occurrence-specific context or an approved safe alias.
NAME_01375,gein ace,Gein Ace,1,Gein Ace,0,suggestion_only,Do not merge occurrences into one person without occurrence-specific context or an approved safe alias.
NAME_01377,generall cecill,Generall Cecill,3,Generall Cecill,0,suggestion_only,Do not merge occurrences into one person without occurrence-specific context or an approved safe alias.
NAME_01378,generall ceecill,Generall Ceecill,1,Generall Ceecill,0,suggestion_only,Do not merge occurrences into one person without occurrence-specific context or an approved safe alias.
NAME_01379,generall ceeill,Generall Ceeill,1,Generall Ceeill,0,suggestion_only,Do not merge occurrences into one person without occurrence-specific context or an approved safe alias.
NAME_01380,generall cesill,Generall Cesill,4,Generall Cesill,0,suggestion_only,Do not merge occurrences into one person without occurrence-specific context or an approved safe alias.
NAME_01381,generall cesills,Generall Cesills,1,"Generall
Cesills",0,suggestion_only,Do not merge occurrences into one person without occurrence-specific context or an approved safe alias.
NAME_01385,gente sinythe,Gente Sinythe,1,Gente Sinythe,0,suggestion_only,Do not merge occurrences into one person without occurrence-specific context or an approved safe alias.
NAME_01387,geo bargar,Geo Bargar,1,Geo Bargar,0,suggestion_only,Do not merge occurrences into one person without occurrence-specific context or an approved safe alias.
NAME_01388,geo garret,Geo Garret,1,m’ Geo Garret,0,suggestion_only,Do not merge occurrences into one person without occurrence-specific context or an approved safe alias.
NAME_01389,geo robbins,Geo Robbins,1,Geo Robbins,0,suggestion_only,Do not merge occurrences into one person without occurrence-specific context or an approved safe alias.
NAME_01391,geoffrey duife,Geoffrey Duife,1,Geoffrey Duife,0,suggestion_only,Do not merge occurrences into one person without occurrence-specific context or an approved safe alias.
NAME_01392,geoffrey holerofte,Geoffrey Holerofte,1,Captain Geoffrey Holerofte,0,suggestion_only,Do not merge occurrences into one person without occurrence-specific context or an approved safe alias.
NAME_01393,georce jemison,Georce Jemison,1,Georce Jemison,0,suggestion_only,Do not merge occurrences into one person without occurrence-specific context or an approved safe alias.
NAME_01397,georce yrarpusy,Georce Yrarpusy,1,Sir Georce Yrarpusy,0,suggestion_only,Do not merge occurrences into one person without occurrence-specific context or an approved safe alias.
NAME_01398,georce yrarpusy.,Georce Yrarpusy.,1,Sir Georce Yrarpusy,0,suggestion_only,Do not merge occurrences into one person without occurrence-specific context or an approved safe alias.
NAME_01401,georg bar-,Georg Bar-,1,Capt Georg Bar-,0,suggestion_only,Do not merge occurrences into one person without occurrence-specific context or an approved safe alias.
NAME_01402,georg clerk,Georg Clerk,1,m* Georg Clerk,0,suggestion_only,Do not merge occurrences into one person without occurrence-specific context or an approved safe alias.
NAME_01403,georg moore,Georg Moore,1,S' Georg Moore,0,suggestion_only,Do not merge occurrences into one person without occurrence-specific context or an approved safe alias.
NAME_01404,georg nuce,Georg Nuce,2,m* Georg Nuce,0,suggestion_only,Do not merge occurrences into one person without occurrence-specific context or an approved safe alias.
NAME_01406,georg scott,Georg Scott,1,Georg Scott,0,suggestion_only,Do not merge occurrences into one person without occurrence-specific context or an approved safe alias.
NAME_01408,georg swinhoe,Georg Swinhoe,1,m* Georg Swinhoe,0,suggestion_only,Do not merge occurrences into one person without occurrence-specific context or an approved safe alias.
NAME_01409,george abbot,George Abbot,1,George Abbot,0,suggestion_only,Do not merge occurrences into one person without occurrence-specific context or an approved safe alias.
NAME_01410,george bache,George Bache,1,George Bache,0,suggestion_only,Do not merge occurrences into one person without occurrence-specific context or an approved safe alias.
NAME_01411,george bache....-,George Bache....-,1,George Bache....-,0,suggestion_only,Do not merge occurrences into one person without occurrence-specific context or an approved safe alias.
NAME_01412,george barkeley,George Barkeley,1,George Barkeley,0,suggestion_only,Do not merge occurrences into one person without occurrence-specific context or an approved safe alias.
NAME_01413,george barkley,George Barkley,1,George Barkley,0,suggestion_only,Do not merge occurrences into one person without occurrence-specific context or an approved safe alias.
NAME_01414,george barklie,George Barklie,1,George Barklie,0,suggestion_only,Do not merge occurrences into one person without occurrence-specific context or an approved safe alias.
NAME_01415,george benneti,George Benneti,1,George Benneti,0,suggestion_only,Do not merge occurrences into one person without occurrence-specific context or an approved safe alias.
NAME_01416,george berkley,George Berkley,1,George Berkley,0,suggestion_only,Do not merge occurrences into one person without occurrence-specific context or an approved safe alias.
NAME_01417,george berkleys,George Berkleys,1,George Berkleys,0,suggestion_only,Do not merge occurrences into one person without occurrence-specific context or an approved safe alias.
NAME_01418,george blades,George Blades,1,George Blades,0,suggestion_only,Do not merge occurrences into one person without occurrence-specific context or an approved safe alias.
NAME_01419,george bolles,George Bolles,2,Sir George Bolles,0,suggestion_only,Do not merge occurrences into one person without occurrence-specific context or an approved safe alias.
NAME_01420,george bowles,George Bowles,1,George Bowles,0,suggestion_only,Do not merge occurrences into one person without occurrence-specific context or an approved safe alias.
NAME_01421,george browne-,George Browne-,1,George Browne-,0,suggestion_only,Do not merge occurrences into one person without occurrence-specific context or an approved safe alias.
NAME_01422,george burto,George BurtO,1,George BurtO,0,suggestion_only,Do not merge occurrences into one person without occurrence-specific context or an approved safe alias.
NAME_01423,george burton,George Burton,1,George Burton,0,suggestion_only,Do not merge occurrences into one person without occurrence-specific context or an approved safe alias.
NAME_01424,george butler,George Butler,3,George Butler,0,suggestion_only,Do not merge occurrences into one person without occurrence-specific context or an approved safe alias.
NAME_01428,george carie,George Carie,1,George Carie,0,suggestion_only,Do not merge occurrences into one person without occurrence-specific context or an approved safe alias.
NAME_01429,george cary,George Cary,2,Sir George Cary,0,suggestion_only,Do not merge occurrences into one person without occurrence-specific context or an approved safe alias.
NAME_01432,george chandler,George Chandler,1,George Chandler,0,suggestion_only,Do not merge occurrences into one person without occurrence-specific context or an approved safe alias.
NAME_01433,george chute,George Chute,2,Sir George Chute,0,suggestion_only,Do not merge occurrences into one person without occurrence-specific context or an approved safe alias.
NAME_01434,george cole,George Cole,1,George Cole,0,suggestion_only,Do not merge occurrences into one person without occurrence-specific context or an approved safe alias.
NAME_01435,george conwev,George Conwev,2,Sir George Conwev,0,suggestion_only,Do not merge occurrences into one person without occurrence-specific context or an approved safe alias.
NAME_01436,george coppin,George Coppin,6,Sir George Coppin,0,suggestion_only,Do not merge occurrences into one person without occurrence-specific context or an approved safe alias.
NAME_01437,george eden,George Eden,1,George Eden,0,suggestion_only,Do not merge occurrences into one person without occurrence-specific context or an approved safe alias.
NAME_01438,george etherd,George Etherd,1,George Etherd,0,suggestion_only,Do not merge occurrences into one person without occurrence-specific context or an approved safe alias.
NAME_01439,george farmer,George Farmer,1,George Farmer,0,suggestion_only,Do not merge occurrences into one person without occurrence-specific context or an approved safe alias.
NAME_01440,george garrett,George Garrett,2,George Garrett,0,suggestion_only,Do not merge occurrences into one person without occurrence-specific context or an approved safe alias.
NAME_01441,george geo,George Geo,1,George Geo,0,suggestion_only,Do not merge occurrences into one person without occurrence-specific context or an approved safe alias.
NAME_01442,george goring,George Goring,1,George Goring,0,suggestion_only,Do not merge occurrences into one person without occurrence-specific context or an approved safe alias.
NAME_01443,george goringe,George Goringe,2,Sir George Goringe,0,suggestion_only,Do not merge occurrences into one person without occurrence-specific context or an approved safe alias.
NAME_01444,george hale,George Hale,2,George Hale,0,suggestion_only,Do not merge occurrences into one person without occurrence-specific context or an approved safe alias.
NAME_01445,george hankynson,George Hankynson,1,George Hankynson,0,suggestion_only,Do not merge occurrences into one person without occurrence-specific context or an approved safe alias.
NAME_01446,george harrison,George Harrison,3,George Harrison,0,suggestion_only,Do not merge occurrences into one person without occurrence-specific context or an approved safe alias.
NAME_01447,george harrisons,George Harrisons,1,George Harrisons,0,suggestion_only,Do not merge occurrences into one person without occurrence-specific context or an approved safe alias.
NAME_01448,george harryson,George Harryson,1,George Harryson,0,suggestion_only,Do not merge occurrences into one person without occurrence-specific context or an approved safe alias.
NAME_01449,george hawkenson.,George Hawkenson.,1,George Hawkenson,0,suggestion_only,Do not merge occurrences into one person without occurrence-specific context or an approved safe alias.
NAME_01450,george hayw,George Hayw,2,Sir George Hayw,0,suggestion_only,Do not merge occurrences into one person without occurrence-specific context or an approved safe alias.
NAME_01451,george heale,George Heale,1,George Heale,0,suggestion_only,Do not merge occurrences into one person without occurrence-specific context or an approved safe alias.
NAME_01452,george holeman,George Holeman,1,George Holeman,0,suggestion_only,Do not merge occurrences into one person without occurrence-specific context or an approved safe alias.
NAME_01453,george holman,George Holman,1,George Holman,0,suggestion_only,Do not merge occurrences into one person without occurrence-specific context or an approved safe alias.
NAME_01454,george hooker,George Hooker,1,George Hooker,0,suggestion_only,Do not merge occurrences into one person without occurrence-specific context or an approved safe alias.
NAME_01456,george iarison,George Iarison,1,George Iarison,0,suggestion_only,Do not merge occurrences into one person without occurrence-specific context or an approved safe alias.
NAME_01457,george isam,George Isam,1,George Isam,0,suggestion_only,Do not merge occurrences into one person without occurrence-specific context or an approved safe alias.
NAME_01458,george isham,George Isham,1,George Isham,0,suggestion_only,Do not merge occurrences into one person without occurrence-specific context or an approved safe alias.
NAME_01459,george jemison,George Jemison,1,George Jemison,0,suggestion_only,Do not merge occurrences into one person without occurrence-specific context or an approved safe alias.
NAME_01460,george john,George John,1,George John,0,suggestion_only,Do not merge occurrences into one person without occurrence-specific context or an approved safe alias.
NAME_01461,george keene,George Keene,3,George Keene,0,suggestion_only,Do not merge occurrences into one person without occurrence-specific context or an approved safe alias.
NAME_01462,george liste,George Liste,2,George Liste,0,suggestion_only,Do not merge occurrences into one person without occurrence-specific context or an approved safe alias.
NAME_01464,george montaigne,George Montaigne,1,George Montaigne,0,suggestion_only,Do not merge occurrences into one person without occurrence-specific context or an approved safe alias.
NAME_01465,george mordan,George Mordan,2,m’ George Mordan,0,suggestion_only,Do not merge occurrences into one person without occurrence-specific context or an approved safe alias.
NAME_01466,george mordant,George Mordant,1,George Mordant,0,suggestion_only,Do not merge occurrences into one person without occurrence-specific context or an approved safe alias.
NAME_01467,george mordent,George Mordent,1,George Mordent,0,suggestion_only,Do not merge occurrences into one person without occurrence-specific context or an approved safe alias.
NAME_01468,george more,George More,3,Sir George More,0,suggestion_only,Do not merge occurrences into one person without occurrence-specific context or an approved safe alias.
NAME_01469,george mountain,George Mountain,1,Doctor George Mountain,0,suggestion_only,Do not merge occurrences into one person without occurrence-specific context or an approved safe alias.
NAME_01470,george newce,George Newce,1,George Newce,0,suggestion_only,Do not merge occurrences into one person without occurrence-specific context or an approved safe alias.
NAME_01471,george nice,George Nice,1,George Nice,0,suggestion_only,Do not merge occurrences into one person without occurrence-specific context or an approved safe alias.
NAME_01472,george paule,George Paule,1,George Paule,0,suggestion_only,Do not merge occurrences into one person without occurrence-specific context or an approved safe alias.
NAME_01473,george paulet,George Paulet,1,George Paulet,0,suggestion_only,Do not merge occurrences into one person without occurrence-specific context or an approved safe alias.
NAME_01475,george peatlie,George Peatlie,1,George Peatlie,0,suggestion_only,Do not merge occurrences into one person without occurrence-specific context or an approved safe alias.
NAME_01476,george peirsey,George Peirsey,1,George Peirsey,0,suggestion_only,Do not merge occurrences into one person without occurrence-specific context or an approved safe alias.
NAME_01477,george pelton,George Pelton,1,George Pelton,0,suggestion_only,Do not merge occurrences into one person without occurrence-specific context or an approved safe alias.
NAME_01479,george perry,George Perry,1,George Perry,0,suggestion_only,Do not merge occurrences into one person without occurrence-specific context or an approved safe alias.
NAME_01481,george popham,George Popham,1,George Popham,0,suggestion_only,Do not merge occurrences into one person without occurrence-specific context or an approved safe alias.
NAME_01482,george prettic,George Prettic,1,George Prettic,0,suggestion_only,Do not merge occurrences into one person without occurrence-specific context or an approved safe alias.
NAME_01483,george prettie,George Prettie,1,George Prettie,0,suggestion_only,Do not merge occurrences into one person without occurrence-specific context or an approved safe alias.
NAME_01484,george pretty,George Pretty,1,George Pretty,0,suggestion_only,Do not merge occurrences into one person without occurrence-specific context or an approved safe alias.
NAME_01485,george procter,George Procter,1,George Procter,0,suggestion_only,Do not merge occurrences into one person without occurrence-specific context or an approved safe alias.
NAME_01486,george pytt,George Pytt,1,George Pytt,0,suggestion_only,Do not merge occurrences into one person without occurrence-specific context or an approved safe alias.
NAME_01487,george robbins,George Robbins,1,George Robbins,0,suggestion_only,Do not merge occurrences into one person without occurrence-specific context or an approved safe alias.
NAME_01488,george robins,George Robins,3,George Robins,0,suggestion_only,Do not merge occurrences into one person without occurrence-specific context or an approved safe alias.
NAME_01489,george robins--,George Robins--,1,George Robins--,0,suggestion_only,Do not merge occurrences into one person without occurrence-specific context or an approved safe alias.
NAME_01490,george rooke,George Rooke,2,m’ George Rooke,0,suggestion_only,Do not merge occurrences into one person without occurrence-specific context or an approved safe alias.
NAME_01498,george scotts,George Scotts,2,Mr George Scotts,0,suggestion_only,Do not merge occurrences into one person without occurrence-specific context or an approved safe alias.
NAME_01499,george seatt,George Seatt,1,"George
Seatt",0,suggestion_only,Do not merge occurrences into one person without occurrence-specific context or an approved safe alias.
NAME_01501,george shinhow,George Shinhow,1,George Shinhow,0,suggestion_only,Do not merge occurrences into one person without occurrence-specific context or an approved safe alias.
NAME_01502,george sinith,George Sinith,1,George Sinith,0,suggestion_only,Do not merge occurrences into one person without occurrence-specific context or an approved safe alias.
NAME_01504,george smithe,George Smithe,1,George Smithe,0,suggestion_only,Do not merge occurrences into one person without occurrence-specific context or an approved safe alias.
NAME_01505,george smyth,George Smyth,3,George Smyth,0,suggestion_only,Do not merge occurrences into one person without occurrence-specific context or an approved safe alias.
NAME_01506,george smythe,George Smythe,1,George Smythe,0,suggestion_only,Do not merge occurrences into one person without occurrence-specific context or an approved safe alias.
NAME_01509,george soldan,George Soldan,1,George Soldan,0,suggestion_only,Do not merge occurrences into one person without occurrence-specific context or an approved safe alias.
NAME_01519,george swinchowe,George Swinchowe,1,George Swinchowe,0,suggestion_only,Do not merge occurrences into one person without occurrence-specific context or an approved safe alias.
NAME_01520,george swine,George Swine,1,George Swine,0,suggestion_only,Do not merge occurrences into one person without occurrence-specific context or an approved safe alias.
NAME_01521,george swinehow,George Swinehow,1,George Swinehow,0,suggestion_only,Do not merge occurrences into one person without occurrence-specific context or an approved safe alias.
NAME_01522,george swinehowe,George Swinehowe,1,"George
Swinehowe",0,suggestion_only,Do not merge occurrences into one person without occurrence-specific context or an approved safe alias.
NAME_01523,george swinhow,George Swinhow,1,George Swinhow,0,suggestion_only,Do not merge occurrences into one person without occurrence-specific context or an approved safe alias.
NAME_01524,george swinhowe,George Swinhowe,5,George Swinhowe | M' George Swinhowe | m* George Swinhowe,0,suggestion_only,Do not merge occurrences into one person without occurrence-specific context or an approved safe alias.
NAME_01525,george swinhowe.,George Swinhowe.,1,m* George Swinhowe,0,suggestion_only,Do not merge occurrences into one person without occurrence-specific context or an approved safe alias.
NAME_01530,george tones,George Tones,1,George Tones,0,suggestion_only,Do not merge occurrences into one person without occurrence-specific context or an approved safe alias.
NAME_01531,george tucker,George Tucker,4,George Tucker | Mr George Tucker,0,suggestion_only,Do not merge occurrences into one person without occurrence-specific context or an approved safe alias.
NAME_01532,george walker,George Walker,2,George Walker,0,suggestion_only,Do not merge occurrences into one person without occurrence-specific context or an approved safe alias.
NAME_01533,george webb,George Webb,1,George Webb,0,suggestion_only,Do not merge occurrences into one person without occurrence-specific context or an approved safe alias.
NAME_01534,george wharton,George Wharton,1,Sir George Wharton,0,suggestion_only,Do not merge occurrences into one person without occurrence-specific context or an approved safe alias.
NAME_01535,george whitmore,George Whitmore,1,George Whitmore,0,suggestion_only,Do not merge occurrences into one person without occurrence-specific context or an approved safe alias.
NAME_01536,george wil-,George Wil-,1,George Wil-,0,suggestion_only,Do not merge occurrences into one person without occurrence-specific context or an approved safe alias.
NAME_01537,george wilim,George Wilim,1,George Wilim,0,suggestion_only,Do not merge occurrences into one person without occurrence-specific context or an approved safe alias.
NAME_01538,george willmott,George Willmott,1,George Willmott,0,suggestion_only,Do not merge occurrences into one person without occurrence-specific context or an approved safe alias.
NAME_01539,george wilmer,George Wilmer,3,George Wilmer,0,suggestion_only,Do not merge occurrences into one person without occurrence-specific context or an approved safe alias.
NAME_01540,george wilmore,George Wilmore,1,George Wilmore,0,suggestion_only,Do not merge occurrences into one person without occurrence-specific context or an approved safe alias.
NAME_01541,george wuarrison,George WUarrison,1,George WUarrison,0,suggestion_only,Do not merge occurrences into one person without occurrence-specific context or an approved safe alias.
NAME_01542,george wyatt,George Wyatt,1,George Wyatt,0,suggestion_only,Do not merge occurrences into one person without occurrence-specific context or an approved safe alias.
NAME_01550,george yeard,George Yeard,1,George Yeard,0,suggestion_only,Do not merge occurrences into one person without occurrence-specific context or an approved safe alias.
NAME_01551,george yeard-,George Yeard-,2,Sir George Yeard-,0,suggestion_only,Do not merge occurrences into one person without occurrence-specific context or an approved safe alias.
NAME_01562,george. see,George. See,1,Sir George. See,0,suggestion_only,Do not merge occurrences into one person without occurrence-specific context or an approved safe alias.
NAME_01563,george. suit,George. Suit,1,"Sir George.
Suit",0,suggestion_only,Do not merge occurrences into one person without occurrence-specific context or an approved safe alias.
NAME_01564,georges departure,Georges Departure,1,Georges Departure,0,suggestion_only,Do not merge occurrences into one person without occurrence-specific context or an approved safe alias.
NAME_01565,georgii popham,Georgii Popham,1,Georgii Popham,0,suggestion_only,Do not merge occurrences into one person without occurrence-specific context or an approved safe alias.
NAME_01566,georgio barkley,Georgio Barkley,1,Georgio Barkley,0,suggestion_only,Do not merge occurrences into one person without occurrence-specific context or an approved safe alias.
NAME_01567,georgio burton,Georgio Burton,1,Georgio Burton,0,suggestion_only,Do not merge occurrences into one person without occurrence-specific context or an approved safe alias.
NAME_01568,georgio butler,Georgio Butler,1,Georgio Butler,0,suggestion_only,Do not merge occurrences into one person without occurrence-specific context or an approved safe alias.
NAME_01569,georgio chandler,Georgio Chandler,1,Georgio Chandler,0,suggestion_only,Do not merge occurrences into one person without occurrence-specific context or an approved safe alias.
NAME_01570,georgio holman,Georgio Holman,1,Georgio Holman,0,suggestion_only,Do not merge occurrences into one person without occurrence-specific context or an approved safe alias.
NAME_01571,georgio isham,Georgio Isham,1,Georgio Isham,0,suggestion_only,Do not merge occurrences into one person without occurrence-specific context or an approved safe alias.
NAME_01572,georgio moore,Georgio Moore,1,Georgio Moore,0,suggestion_only,Do not merge occurrences into one person without occurrence-specific context or an approved safe alias.
NAME_01574,georgio prettic,Georgio Prettic,1,Georgio Prettic,0,suggestion_only,Do not merge occurrences into one person without occurrence-specific context or an approved safe alias.
NAME_01575,georgio pytt,Georgio Pytt,1,Georgio Pytt,0,suggestion_only,Do not merge occurrences into one person without occurrence-specific context or an approved safe alias.
NAME_01576,georgio robins,Georgio Robins,1,Georgio Robins,0,suggestion_only,Do not merge occurrences into one person without occurrence-specific context or an approved safe alias.
NAME_01577,georgio scott,Georgio Scott,1,Georgio Scott,0,suggestion_only,Do not merge occurrences into one person without occurrence-specific context or an approved safe alias.
NAME_01579,georgio walker,Georgio Walker,1,Georgio Walker,0,suggestion_only,Do not merge occurrences into one person without occurrence-specific context or an approved safe alias.
NAME_01580,georgio wharton,Georgio Wharton,1,Georgio Wharton,0,suggestion_only,Do not merge occurrences into one person without occurrence-specific context or an approved safe alias.
NAME_01581,georgio wilmer,Georgio Wilmer,1,Georgio Wilmer,0,suggestion_only,Do not merge occurrences into one person without occurrence-specific context or an approved safe alias.
NAME_01583,georgium scott,Georgium Scott,1,Georgium Scott,0,suggestion_only,Do not merge occurrences into one person without occurrence-specific context or an approved safe alias.
NAME_01584,georgium seott,Georgium Seott,1,Georgium Seott,0,suggestion_only,Do not merge occurrences into one person without occurrence-specific context or an approved safe alias.
NAME_01585,georgium swinchowe,Georgium Swinchowe,1,Georgium Swinchowe,0,suggestion_only,Do not merge occurrences into one person without occurrence-specific context or an approved safe alias.
NAME_01586,georgium swinhowe,Georgium Swinhowe,1,Georgium Swinhowe,0,suggestion_only,Do not merge occurrences into one person without occurrence-specific context or an approved safe alias.
NAME_01587,georgius coppin,Georgius Coppin,1,Georgius Coppin,0,suggestion_only,Do not merge occurrences into one person without occurrence-specific context or an approved safe alias.
NAME_01588,georgius popham,Georgius Popham,2,Georgius Popham,0,suggestion_only,Do not merge occurrences into one person without occurrence-specific context or an approved safe alias.
NAME_01589,georgius scott,Georgius Scott,1,Georgius Scott,0,suggestion_only,Do not merge occurrences into one person without occurrence-specific context or an approved safe alias.
NAME_01591,georgius smyth,Georgius Smyth,2,Georgius Smyth,0,suggestion_only,Do not merge occurrences into one person without occurrence-specific context or an approved safe alias.
NAME_01592,georgius smythe,Georgius Smythe,1,Georgius Smythe,0,suggestion_only,Do not merge occurrences into one person without occurrence-specific context or an approved safe alias.
NAME_01594,georgius swinhowe,Georgius Swinhowe,2,"Georgius
Swinhowe | Georgius Swinhowe",0,suggestion_only,Do not merge occurrences into one person without occurrence-specific context or an approved safe alias.
NAME_01595,georve muore,Georve Muore,1,Sir Georve Muore,0,suggestion_only,Do not merge occurrences into one person without occurrence-specific context or an approved safe alias.
NAME_01596,geos pee,Geos Pee,1,Geos Pee,0,suggestion_only,Do not merge occurrences into one person without occurrence-specific context or an approved safe alias.
NAME_01597,gerardus mercator,Gerardus Mercator,1,Gerardus Mercator,0,suggestion_only,Do not merge occurrences into one person without occurrence-specific context or an approved safe alias.
NAME_01598,gerardé herball,Gerardé Herball,1,Gerardé Herball,0,suggestion_only,Do not merge occurrences into one person without occurrence-specific context or an approved safe alias.
NAME_01599,gerard’s herball,Gerard’s Herball,2,Gerard’s Herball,0,suggestion_only,Do not merge occurrences into one person without occurrence-specific context or an approved safe alias.
NAME_01600,germaine edward,Germaine Edward,1,Germaine Edward,0,suggestion_only,Do not merge occurrences into one person without occurrence-specific context or an approved safe alias.
NAME_01601,gibbe james,Gibbe James,1,Gibbe James,0,suggestion_only,Do not merge occurrences into one person without occurrence-specific context or an approved safe alias.
NAME_01602,gibbs do,GIBBS Do,1,"m’ GIBBS
Do",0,suggestion_only,Do not merge occurrences into one person without occurrence-specific context or an approved safe alias.
NAME_01603,gibbs treasuror,Gibbs Treasuror,1,M' Gibbs Treasuror,0,suggestion_only,Do not merge occurrences into one person without occurrence-specific context or an approved safe alias.
NAME_01604,gibbs. cap,Gibbs. Cap,1,m’ Gibbs. Cap,0,suggestion_only,Do not merge occurrences into one person without occurrence-specific context or an approved safe alias.
NAME_01605,gibbs. s',Gibbs. S',1,"m’ Gibbs.
S'",0,suggestion_only,Do not merge occurrences into one person without occurrence-specific context or an approved safe alias.
NAME_01606,gideon de,Gideon De,1,Gideon De,0,suggestion_only,Do not merge occurrences into one person without occurrence-specific context or an approved safe alias.
NAME_01607,gideon d’lawne,Gideon D’Lawne,1,Gideon D’Lawne,0,suggestion_only,Do not merge occurrences into one person without occurrence-specific context or an approved safe alias.
NAME_01608,gilbert moorewood,Gilbert Moorewood,3,m’ Gilbert Moorewood | m’* Gilbert Moorewood,0,suggestion_only,Do not merge occurrences into one person without occurrence-specific context or an approved safe alias.
NAME_01609,gilbert morewood,Gilbert Morewood,6,"Gilbert Morewood | m'
Gilbert Morewood",0,suggestion_only,Do not merge occurrences into one person without occurrence-specific context or an approved safe alias.
NAME_01610,gilbert pepet,Gilbert Pepet,1,Gilbert Pepet,0,suggestion_only,Do not merge occurrences into one person without occurrence-specific context or an approved safe alias.
NAME_01611,gilbert pepett,Gilbert Pepett,1,Gilbert Pepett,0,suggestion_only,Do not merge occurrences into one person without occurrence-specific context or an approved safe alias.
NAME_01612,gilbert peppet,Gilbert Peppet,2,Gilbert Peppet,0,suggestion_only,Do not merge occurrences into one person without occurrence-specific context or an approved safe alias.
NAME_01613,gilbert peppett,Gilbert Peppett,3,Gilbert Peppett,0,suggestion_only,Do not merge occurrences into one person without occurrence-specific context or an approved safe alias.
NAME_01614,gilbertum morewood,Gilbertum Morewood,1,Gilbertum Morewood,0,suggestion_only,Do not merge occurrences into one person without occurrence-specific context or an approved safe alias.
NAME_01615,gilbertus morewood,Gilbertus Morewood,3,Gilbertus Morewood,0,suggestion_only,Do not merge occurrences into one person without occurrence-specific context or an approved safe alias.
NAME_01616,giles allington,Giles Allington,1,Giles Allington,0,suggestion_only,Do not merge occurrences into one person without occurrence-specific context or an approved safe alias.
NAME_01617,giles bradshawe,Giles Bradshawe,1,Giles Bradshawe,0,suggestion_only,Do not merge occurrences into one person without occurrence-specific context or an approved safe alias.
NAME_01618,giles bradway,Giles Bradway,1,Giles Bradway,0,suggestion_only,Do not merge occurrences into one person without occurrence-specific context or an approved safe alias.
NAME_01619,giles broadway,Giles Broadway,1,Giles Broadway,0,suggestion_only,Do not merge occurrences into one person without occurrence-specific context or an approved safe alias.
NAME_01620,giles carter,Giles Carter,1,Giles Carter,0,suggestion_only,Do not merge occurrences into one person without occurrence-specific context or an approved safe alias.
NAME_01621,giles francis,Giles Francis,1,"Giles
Francis",0,suggestion_only,Do not merge occurrences into one person without occurrence-specific context or an approved safe alias.
NAME_01622,giles peram,Giles Peram,1,Giles Peram,0,suggestion_only,Do not merge occurrences into one person without occurrence-specific context or an approved safe alias.
NAME_01623,giles wilkins,Giles Wilkins,3,Giles Wilkins,0,suggestion_only,Do not merge occurrences into one person without occurrence-specific context or an approved safe alias.
NAME_01624,gingby stephen,Gingby Stephen,1,Gingby Stephen,0,suggestion_only,Do not merge occurrences into one person without occurrence-specific context or an approved safe alias.
NAME_01625,gite sut,Gite Sut,1,Gite Sut,0,suggestion_only,Do not merge occurrences into one person without occurrence-specific context or an approved safe alias.
NAME_01626,givenat james,Givenat James,1,Givenat James,0,suggestion_only,Do not merge occurrences into one person without occurrence-specific context or an approved safe alias.
NAME_01628,glouc husbandman,Glouc Husbandman,1,Glouc Husbandman,0,suggestion_only,Do not merge occurrences into one person without occurrence-specific context or an approved safe alias.
NAME_01629,gloue gardner,Gloue Gardner,1,Gloue Gardner,0,suggestion_only,Do not merge occurrences into one person without occurrence-specific context or an approved safe alias.
NAME_01630,gloué esc,Gloué Esc,1,Gloué Esc,0,suggestion_only,Do not merge occurrences into one person without occurrence-specific context or an approved safe alias.
NAME_01631,gloué esq,Gloué Esq,1,Gloué Esq,0,suggestion_only,Do not merge occurrences into one person without occurrence-specific context or an approved safe alias.
NAME_01632,gloué fsq,Gloué Fsq,1,Gloué Fsq,0,suggestion_only,Do not merge occurrences into one person without occurrence-specific context or an approved safe alias.
NAME_01635,godseall. adieu,Godseall. Adieu,1,M' Godseall. Adieu,0,suggestion_only,Do not merge occurrences into one person without occurrence-specific context or an approved safe alias.
NAME_01636,gomini regis,Gomini Regis,1,Gomini Regis,0,suggestion_only,Do not merge occurrences into one person without occurrence-specific context or an approved safe alias.
NAME_01641,goodman jackson,Goodman Jackson,3,Goodman Jackson,0,suggestion_only,Do not merge occurrences into one person without occurrence-specific context or an approved safe alias.
NAME_01642,goodwife redhead,Goodwife Redhead,1,Goodwife Redhead,0,suggestion_only,Do not merge occurrences into one person without occurrence-specific context or an approved safe alias.
NAME_01643,gookins agent,Gookins Agent,1,m* Gookins Agent,0,suggestion_only,Do not merge occurrences into one person without occurrence-specific context or an approved safe alias.
NAME_01644,gookins ship,Gookins Ship,1,M* Gookins Ship,0,suggestion_only,Do not merge occurrences into one person without occurrence-specific context or an approved safe alias.
NAME_01645,gookins shippe,Gookins Shippe,2,m'’ Gookins Shippe,0,suggestion_only,Do not merge occurrences into one person without occurrence-specific context or an approved safe alias.
NAME_01646,gorge kene,Gorge Kene,1,Gorge Kene,0,suggestion_only,Do not merge occurrences into one person without occurrence-specific context or an approved safe alias.
NAME_01648,gosnoldé associat,Gosnoldé Associat,1,m' Gosnoldé Associat,0,suggestion_only,Do not merge occurrences into one person without occurrence-specific context or an approved safe alias.
NAME_01658,greetinge wheras,Greetinge Wheras,1,Greetinge Wheras,0,suggestion_only,Do not merge occurrences into one person without occurrence-specific context or an approved safe alias.
NAME_01659,gregorie sprint,Gregorie Sprint,1,Gregorie Sprint,0,suggestion_only,Do not merge occurrences into one person without occurrence-specific context or an approved safe alias.
NAME_01660,gregory pearle,Gregory Pearle,2,Gregory Pearle,0,suggestion_only,Do not merge occurrences into one person without occurrence-specific context or an approved safe alias.
NAME_01663,gressam hoogan,Gressam Hoogan,1,Gressam Hoogan,0,suggestion_only,Do not merge occurrences into one person without occurrence-specific context or an approved safe alias.
NAME_01664,grey brydges,Grey Brydges,1,Grey Brydges,0,suggestion_only,Do not merge occurrences into one person without occurrence-specific context or an approved safe alias.
NAME_01665,griev- bathurst,Griev- Bathurst,1,Griev- Bathurst,0,suggestion_only,Do not merge occurrences into one person without occurrence-specific context or an approved safe alias.
NAME_01666,griflith hinton,Griflith Hinton,1,Griflith Hinton,0,suggestion_only,Do not merge occurrences into one person without occurrence-specific context or an approved safe alias.
NAME_01667,grigory dorey,Grigory Dorey,1,Grigory Dorey,0,suggestion_only,Do not merge occurrences into one person without occurrence-specific context or an approved safe alias.
NAME_01668,grivell pooley,Grivell Pooley,3,Grivell Pooley | M* Grivell Pooley | m’ Grivell Pooley,0,suggestion_only,Do not merge occurrences into one person without occurrence-specific context or an approved safe alias.
NAME_01670,groran tuorrr,Groran Tuorrr,1,Groran Tuorrr,0,suggestion_only,Do not merge occurrences into one person without occurrence-specific context or an approved safe alias.
NAME_01671,grorce hunt-,Grorce Hunt-,2,Sir Grorce Hunt-,0,suggestion_only,Do not merge occurrences into one person without occurrence-specific context or an approved safe alias.
NAME_01672,grorce hunters,Grorce Hunters,1,Sir Grorce Hunters,0,suggestion_only,Do not merge occurrences into one person without occurrence-specific context or an approved safe alias.
NAME_01685,grorcre yrarbiy,Grorcre Yrarbiy,1,Grorcre Yrarbiy,0,suggestion_only,Do not merge occurrences into one person without occurrence-specific context or an approved safe alias.
NAME_01688,gruorcs tlarrison,Gruorcs Tlarrison,1,Gruorcs Tlarrison,0,suggestion_only,Do not merge occurrences into one person without occurrence-specific context or an approved safe alias.
NAME_01691,gulstone. cap’,Gulstone. Cap’,1,"Gulstone.
Cap’",0,suggestion_only,Do not merge occurrences into one person without occurrence-specific context or an approved safe alias.
NAME_01692,guy robert,Guy Robert,1,Guy Robert,0,suggestion_only,Do not merge occurrences into one person without occurrence-specific context or an approved safe alias.
NAME_01693,gyles carter,Gyles Carter,1,Gyles Carter,0,suggestion_only,Do not merge occurrences into one person without occurrence-specific context or an approved safe alias.
NAME_01694,gzorce toorer,Gzorce Toorer,1,Gzorce Toorer,0,suggestion_only,Do not merge occurrences into one person without occurrence-specific context or an approved safe alias.
NAME_01695,h. b,H. B,1,H. B,0,suggestion_only,Do not merge occurrences into one person without occurrence-specific context or an approved safe alias.
NAME_01696,h. h,H. H,1,H. H,0,suggestion_only,Do not merge occurrences into one person without occurrence-specific context or an approved safe alias.
NAME_01697,h. l,H. L,1,H. L,0,suggestion_only,Do not merge occurrences into one person without occurrence-specific context or an approved safe alias.
NAME_01698,h. mandeville,H. MANDEVILLE,1,H. MANDEVILLE,0,suggestion_only,Do not merge occurrences into one person without occurrence-specific context or an approved safe alias.
NAME_01699,h. neville,H. Neville,2,Sir H. Neville,0,suggestion_only,Do not merge occurrences into one person without occurrence-specific context or an approved safe alias.
NAME_01700,h. sourhampton,H. SourHAMPTON,1,H. SourHAMPTON,0,suggestion_only,Do not merge occurrences into one person without occurrence-specific context or an approved safe alias.
NAME_01701,hagh wirrall,Hagh Wirrall,1,Sir Hagh Wirrall,0,suggestion_only,Do not merge occurrences into one person without occurrence-specific context or an approved safe alias.
NAME_01702,hamers letter,Hamers Letter,1,Hamers Letter,0,suggestion_only,Do not merge occurrences into one person without occurrence-specific context or an approved safe alias.
NAME_01703,hans martin....-,Hans Martin....-,1,Hans Martin....-,0,suggestion_only,Do not merge occurrences into one person without occurrence-specific context or an approved safe alias.
NAME_01704,harman harison,Harman Harison,1,Harman Harison,0,suggestion_only,Do not merge occurrences into one person without occurrence-specific context or an approved safe alias.
NAME_01705,harmon harrison,Harmon Harrison,1,Harmon Harrison,0,suggestion_only,Do not merge occurrences into one person without occurrence-specific context or an approved safe alias.
NAME_01706,harrison. s',Harrison. S',1,"m’ Harrison.
S'",0,suggestion_only,Do not merge occurrences into one person without occurrence-specific context or an approved safe alias.
NAME_01707,harry iones,Harry Iones,1,Harry Iones,0,suggestion_only,Do not merge occurrences into one person without occurrence-specific context or an approved safe alias.
NAME_01708,harry rainsford,Harry Rainsford,1,Harry Rainsford,0,suggestion_only,Do not merge occurrences into one person without occurrence-specific context or an approved safe alias.
NAME_01709,harvey marcu,HARVEY Marcu,1,"HARVEY
Marcu",0,suggestion_only,Do not merge occurrences into one person without occurrence-specific context or an approved safe alias.
NAME_01710,harvey samuell,Harvey Samuell,1,Harvey Samuell,0,suggestion_only,Do not merge occurrences into one person without occurrence-specific context or an approved safe alias.
NAME_01711,harvy. one,Harvy. One,1,"Captaine Harvy.
One",0,suggestion_only,Do not merge occurrences into one person without occurrence-specific context or an approved safe alias.
NAME_01712,harwood m',Harwood M',1,"M' Harwood
M'",0,suggestion_only,Do not merge occurrences into one person without occurrence-specific context or an approved safe alias.
NAME_01713,hatton cheeke,Hatton Cheeke,2,Hatton Cheeke | Sir Hatton Cheeke,0,suggestion_only,Do not merge occurrences into one person without occurrence-specific context or an approved safe alias.
NAME_01714,haut wyatt,Haut Wyatt,1,Haut Wyatt,0,suggestion_only,Do not merge occurrences into one person without occurrence-specific context or an approved safe alias.
NAME_01715,hawes edward,Hawes Edward,1,Hawes Edward,0,suggestion_only,Do not merge occurrences into one person without occurrence-specific context or an approved safe alias.
NAME_01716,hdwardum ryder,Hdwardum Ryder,1,Hdwardum Ryder,0,suggestion_only,Do not merge occurrences into one person without occurrence-specific context or an approved safe alias.
NAME_01717,hea pico,Hea PICO,1,Hea PICO,0,suggestion_only,Do not merge occurrences into one person without occurrence-specific context or an approved safe alias.
NAME_01718,heary cary,Heary Cary,1,Sir Heary Cary,0,suggestion_only,Do not merge occurrences into one person without occurrence-specific context or an approved safe alias.
NAME_01719,heath recorder,Heath Recorder,2,Heath Recorder | Master Heath Recorder,0,suggestion_only,Do not merge occurrences into one person without occurrence-specific context or an approved safe alias.
NAME_01720,hee inferreth,Hee Inferreth,1,Hee Inferreth,0,suggestion_only,Do not merge occurrences into one person without occurrence-specific context or an approved safe alias.
NAME_01721,heid petes,Heid Petes,1,Heid Petes,0,suggestion_only,Do not merge occurrences into one person without occurrence-specific context or an approved safe alias.
NAME_01723,henricke peterson,Henricke Peterson,1,Henricke Peterson,0,suggestion_only,Do not merge occurrences into one person without occurrence-specific context or an approved safe alias.
NAME_01724,henrico carey,Henrico Carey,1,Henrico Carey,0,suggestion_only,Do not merge occurrences into one person without occurrence-specific context or an approved safe alias.
NAME_01725,henrico collins,Henrico Collins,1,Henrico Collins,0,suggestion_only,Do not merge occurrences into one person without occurrence-specific context or an approved safe alias.
NAME_01726,henrico colthurst,Henrico Colthurst,1,Henrico Colthurst,0,suggestion_only,Do not merge occurrences into one person without occurrence-specific context or an approved safe alias.
NAME_01727,henrico cromewell,Henrico Cromewell,1,Henrico Cromewell,0,suggestion_only,Do not merge occurrences into one person without occurrence-specific context or an approved safe alias.
NAME_01729,henrico john,Henrico John,1,Henrico John,0,suggestion_only,Do not merge occurrences into one person without occurrence-specific context or an approved safe alias.
NAME_01730,henrico lee,Henrico Lee,1,Henrico Lee,0,suggestion_only,Do not merge occurrences into one person without occurrence-specific context or an approved safe alias.
NAME_01731,henrico mountague,Henrico Mountague,1,Henrico Mountague,0,suggestion_only,Do not merge occurrences into one person without occurrence-specific context or an approved safe alias.
NAME_01732,henrico neice,Henrico Neice,1,Henrico Neice,0,suggestion_only,Do not merge occurrences into one person without occurrence-specific context or an approved safe alias.
NAME_01733,henrico nevill,Henrico Nevill,1,Henrico Nevill,0,suggestion_only,Do not merge occurrences into one person without occurrence-specific context or an approved safe alias.
NAME_01734,henrico peyton,Henrico Peyton,1,Henrico Peyton,0,suggestion_only,Do not merge occurrences into one person without occurrence-specific context or an approved safe alias.
NAME_01735,henrico robison,Henrico Robison,1,Henrico Robison,0,suggestion_only,Do not merge occurrences into one person without occurrence-specific context or an approved safe alias.
NAME_01736,henrico sandis,Henrico Sandis,1,Henrico Sandis,0,suggestion_only,Do not merge occurrences into one person without occurrence-specific context or an approved safe alias.
NAME_01737,henrico shelley,Henrico Shelley,1,Henrico Shelley,0,suggestion_only,Do not merge occurrences into one person without occurrence-specific context or an approved safe alias.
NAME_01738,henrico sokeforde,Henrico Sokeforde,1,Henrico Sokeforde,0,suggestion_only,Do not merge occurrences into one person without occurrence-specific context or an approved safe alias.
NAME_01739,henrico sprye,Henrico Sprye,1,Henrico Sprye,0,suggestion_only,Do not merge occurrences into one person without occurrence-specific context or an approved safe alias.
NAME_01740,henrico vincent,Henrico Vincent,1,Henrico Vincent,0,suggestion_only,Do not merge occurrences into one person without occurrence-specific context or an approved safe alias.
NAME_01741,henricus cary,Henricus Cary,1,Henricus Cary,0,suggestion_only,Do not merge occurrences into one person without occurrence-specific context or an approved safe alias.
NAME_01742,henricus hobarte,Henricus Hobarte,1,Henricus Hobarte,0,suggestion_only,Do not merge occurrences into one person without occurrence-specific context or an approved safe alias.
NAME_01743,henricus mountague,Henricus Mountague,1,Henricus Mountague,0,suggestion_only,Do not merge occurrences into one person without occurrence-specific context or an approved safe alias.
NAME_01744,henricus nevill,Henricus Nevill,1,Henricus Nevill,0,suggestion_only,Do not merge occurrences into one person without occurrence-specific context or an approved safe alias.
NAME_01745,henrie daubeney,Henrie Daubeney,1,Henrie Daubeney,0,suggestion_only,Do not merge occurrences into one person without occurrence-specific context or an approved safe alias.
NAME_01746,henrie maynwaringe,Henrie Maynwaringe,1,Henrie Maynwaringe,0,suggestion_only,Do not merge occurrences into one person without occurrence-specific context or an approved safe alias.
NAME_01748,henry bagwell,Henry Bagwell,1,Henry Bagwell,0,suggestion_only,Do not merge occurrences into one person without occurrence-specific context or an approved safe alias.
NAME_01749,henry beningefeeld,Henry Beningefeeld,1,Henry Beningefeeld,0,suggestion_only,Do not merge occurrences into one person without occurrence-specific context or an approved safe alias.
NAME_01750,henry bennet,Henry Bennet,1,Henry Bennet,0,suggestion_only,Do not merge occurrences into one person without occurrence-specific context or an approved safe alias.
NAME_01751,henry blake,Henry Blake,1,Henry Blake,0,suggestion_only,Do not merge occurrences into one person without occurrence-specific context or an approved safe alias.
NAME_01752,henry bourccuier,Henry Bourccuier,1,Henry Bourccuier,0,suggestion_only,Do not merge occurrences into one person without occurrence-specific context or an approved safe alias.
NAME_01753,henry bourchier,Henry Bourchier,2,Sir Henry Bourchier,0,suggestion_only,Do not merge occurrences into one person without occurrence-specific context or an approved safe alias.
NAME_01754,henry bourehier,Henry Bourehier,1,"Sir
Henry Bourehier",0,suggestion_only,Do not merge occurrences into one person without occurrence-specific context or an approved safe alias.
NAME_01755,henry box,Henry Box,2,M' Henry Box | m’ Henry Box,0,suggestion_only,Do not merge occurrences into one person without occurrence-specific context or an approved safe alias.
NAME_01756,henry briees,Henry Briees,1,Henry Briees,0,suggestion_only,Do not merge occurrences into one person without occurrence-specific context or an approved safe alias.
NAME_01759,henry bromage,Henry Bromage,1,Henry Bromage,0,suggestion_only,Do not merge occurrences into one person without occurrence-specific context or an approved safe alias.
NAME_01760,henry bushel,Henry Bushel,1,Henry Bushel,0,suggestion_only,Do not merge occurrences into one person without occurrence-specific context or an approved safe alias.
NAME_01761,henry carey,Henry Carey,1,Sir Henry Carey,0,suggestion_only,Do not merge occurrences into one person without occurrence-specific context or an approved safe alias.
NAME_01762,henry cary,Henry Cary,3,Sir Henry Cary,0,suggestion_only,Do not merge occurrences into one person without occurrence-specific context or an approved safe alias.
NAME_01763,henry carye,Henry Carye,1,Henry Carye,0,suggestion_only,Do not merge occurrences into one person without occurrence-specific context or an approved safe alias.
NAME_01764,henry collins,Henry Collins,1,Henry Collins,0,suggestion_only,Do not merge occurrences into one person without occurrence-specific context or an approved safe alias.
NAME_01765,henry croft,Henry Croft,1,Henry Croft,0,suggestion_only,Do not merge occurrences into one person without occurrence-specific context or an approved safe alias.
NAME_01766,henry crofté,Henry Crofté,1,"Henry
Crofté",0,suggestion_only,Do not merge occurrences into one person without occurrence-specific context or an approved safe alias.
NAME_01767,henry cromewell,Henry Cromewell,1,Henry Cromewell,0,suggestion_only,Do not merge occurrences into one person without occurrence-specific context or an approved safe alias.
NAME_01768,henry cromwell,Henry Cromwell,3,Henry Cromwell,0,suggestion_only,Do not merge occurrences into one person without occurrence-specific context or an approved safe alias.
NAME_01769,henry daubny,Henry Daubny,1,Henry Daubny,0,suggestion_only,Do not merge occurrences into one person without occurrence-specific context or an approved safe alias.
NAME_01770,henry daucks,Henry Daucks,1,Henry Daucks,0,suggestion_only,Do not merge occurrences into one person without occurrence-specific context or an approved safe alias.
NAME_01771,henry dauies,Henry Dauies,1,Henry Dauies,0,suggestion_only,Do not merge occurrences into one person without occurrence-specific context or an approved safe alias.
NAME_01772,henry davies,Henry Davies,1,Henry Davies,0,suggestion_only,Do not merge occurrences into one person without occurrence-specific context or an approved safe alias.
NAME_01773,henry dawkney,Henry Dawkney,1,Henry Dawkney,0,suggestion_only,Do not merge occurrences into one person without occurrence-specific context or an approved safe alias.
NAME_01774,henry ea,Henry Ea,1,Henry Ea,0,suggestion_only,Do not merge occurrences into one person without occurrence-specific context or an approved safe alias.
NAME_01775,henry earl,Henry Earl,2,Henry Earl,0,suggestion_only,Do not merge occurrences into one person without occurrence-specific context or an approved safe alias.
NAME_01776,henry earle,Henry Earle,20,"Henry
Earle | Henry Earle",0,suggestion_only,Do not merge occurrences into one person without occurrence-specific context or an approved safe alias.
NAME_01777,henry fanne,Henry Fanne,1,Henry Fanne,0,suggestion_only,Do not merge occurrences into one person without occurrence-specific context or an approved safe alias.
NAME_01778,henry fanshaw,Henry Fanshaw,2,Sir Henry Fanshaw,0,suggestion_only,Do not merge occurrences into one person without occurrence-specific context or an approved safe alias.
NAME_01779,henry fanshawe,Henry Fanshawe,2,Henry Fanshawe | Sir Henry Fanshawe,0,suggestion_only,Do not merge occurrences into one person without occurrence-specific context or an approved safe alias.
NAME_01780,henry fotherby,Henry Fotherby,2,Henry Fotherby,0,suggestion_only,Do not merge occurrences into one person without occurrence-specific context or an approved safe alias.
NAME_01781,henry gape,Henry Gape,1,Henry Gape,0,suggestion_only,Do not merge occurrences into one person without occurrence-specific context or an approved safe alias.
NAME_01782,henry gats,Henry Gats,1,Henry Gats,0,suggestion_only,Do not merge occurrences into one person without occurrence-specific context or an approved safe alias.
NAME_01783,henry gayny,Henry Gayny,1,Henry Gayny,0,suggestion_only,Do not merge occurrences into one person without occurrence-specific context or an approved safe alias.
NAME_01784,henry hanfield,Henry Hanfield,1,Henry Hanfield,0,suggestion_only,Do not merge occurrences into one person without occurrence-specific context or an approved safe alias.
NAME_01785,henry haynes,Henry Haynes,1,Henry Haynes,0,suggestion_only,Do not merge occurrences into one person without occurrence-specific context or an approved safe alias.
NAME_01786,henry hick-,Henry Hick-,1,Henry Hick-,0,suggestion_only,Do not merge occurrences into one person without occurrence-specific context or an approved safe alias.
NAME_01787,henry hickford,Henry Hickford,1,Henry Hickford,0,suggestion_only,Do not merge occurrences into one person without occurrence-specific context or an approved safe alias.
NAME_01788,henry hitch,Henry Hitch,1,Henry Hitch,0,suggestion_only,Do not merge occurrences into one person without occurrence-specific context or an approved safe alias.
NAME_01789,henry hobarte,Henry Hobarte,1,Sir Henry Hobarte,0,suggestion_only,Do not merge occurrences into one person without occurrence-specific context or an approved safe alias.
NAME_01790,henry horntr,Henry Horntr,1,Henry Horntr,0,suggestion_only,Do not merge occurrences into one person without occurrence-specific context or an approved safe alias.
NAME_01791,henry hul,Henry Hul,1,Henry Hul,0,suggestion_only,Do not merge occurrences into one person without occurrence-specific context or an approved safe alias.
NAME_01792,henry hutchinson,Henry Hutchinson,2,Henry Hutchinson,0,suggestion_only,Do not merge occurrences into one person without occurrence-specific context or an approved safe alias.
NAME_01793,henry iackson,Henry Iackson,1,Henry Iackson,0,suggestion_only,Do not merge occurrences into one person without occurrence-specific context or an approved safe alias.
NAME_01794,henry iones,Henry Iones,1,Henry Iones,0,suggestion_only,Do not merge occurrences into one person without occurrence-specific context or an approved safe alias.
NAME_01795,henry jackson,Henry Jackson,1,Henry Jackson,0,suggestion_only,Do not merge occurrences into one person without occurrence-specific context or an approved safe alias.
NAME_01796,henry john,Henry John,1,Henry John,0,suggestion_only,Do not merge occurrences into one person without occurrence-specific context or an approved safe alias.
NAME_01797,henry kent,Henry Kent,1,Henry Kent,0,suggestion_only,Do not merge occurrences into one person without occurrence-specific context or an approved safe alias.
NAME_01798,henry lee,Henry Lee,1,Henry Lee,0,suggestion_only,Do not merge occurrences into one person without occurrence-specific context or an approved safe alias.
NAME_01799,henry leigh,Henry Leigh,1,Henry Leigh,0,suggestion_only,Do not merge occurrences into one person without occurrence-specific context or an approved safe alias.
NAME_01800,henry leith,Henry Leith,1,Henry Leith,0,suggestion_only,Do not merge occurrences into one person without occurrence-specific context or an approved safe alias.
NAME_01801,henry lo,Henry Lo,2,Henry Lo,0,suggestion_only,Do not merge occurrences into one person without occurrence-specific context or an approved safe alias.
NAME_01802,henry mannering,Henry Mannering,1,m’ Henry Mannering,0,suggestion_only,Do not merge occurrences into one person without occurrence-specific context or an approved safe alias.
NAME_01803,henry mannering.,Henry Mannering.,1,m’ Henry Mannering,0,suggestion_only,Do not merge occurrences into one person without occurrence-specific context or an approved safe alias.
NAME_01804,henry manneringe,Henry Manneringe,1,Henry Manneringe,0,suggestion_only,Do not merge occurrences into one person without occurrence-specific context or an approved safe alias.
NAME_01805,henry mansell,Henry Mansell,6,Henry Mansell,0,suggestion_only,Do not merge occurrences into one person without occurrence-specific context or an approved safe alias.
NAME_01806,henry manwairing,Henry Manwairing,2,M' Henry Manwairing,0,suggestion_only,Do not merge occurrences into one person without occurrence-specific context or an approved safe alias.
NAME_01807,henry manwaringe,Henry Manwaringe,1,Henry Manwaringe,0,suggestion_only,Do not merge occurrences into one person without occurrence-specific context or an approved safe alias.
NAME_01808,henry marren,Henry Marren,1,Henry Marren,0,suggestion_only,Do not merge occurrences into one person without occurrence-specific context or an approved safe alias.
NAME_01809,henry marten,Henry Marten,1,Henry Marten,0,suggestion_only,Do not merge occurrences into one person without occurrence-specific context or an approved safe alias.
NAME_01810,henry martin,Henry Martin,1,Henry Martin,0,suggestion_only,Do not merge occurrences into one person without occurrence-specific context or an approved safe alias.
NAME_01811,henry maynwaringe,Henry Maynwaringe,1,Henry Maynwaringe,0,suggestion_only,Do not merge occurrences into one person without occurrence-specific context or an approved safe alias.
NAME_01812,henry meole,Henry Meole,2,Captaine Henry Meole,0,suggestion_only,Do not merge occurrences into one person without occurrence-specific context or an approved safe alias.
NAME_01813,henry meoles,Henry Meoles,1,Captaine Henry Meoles,0,suggestion_only,Do not merge occurrences into one person without occurrence-specific context or an approved safe alias.
NAME_01817,henry milward,Henry Milward,2,Henry Milward,0,suggestion_only,Do not merge occurrences into one person without occurrence-specific context or an approved safe alias.
NAME_01818,henry moore,Henry Moore,1,Henry Moore,0,suggestion_only,Do not merge occurrences into one person without occurrence-specific context or an approved safe alias.
NAME_01819,henry mountague,Henry Mountague,2,Sir Henry Mountague,0,suggestion_only,Do not merge occurrences into one person without occurrence-specific context or an approved safe alias.
NAME_01820,henry neice,Henry Neice,1,Henry Neice,0,suggestion_only,Do not merge occurrences into one person without occurrence-specific context or an approved safe alias.
NAME_01821,henry neuill,Henry Neuill,2,Henry Neuill | Sir Henry Neuill,0,suggestion_only,Do not merge occurrences into one person without occurrence-specific context or an approved safe alias.
NAME_01822,henry nevile,Henry Nevile,2,Sir Henry Nevile,0,suggestion_only,Do not merge occurrences into one person without occurrence-specific context or an approved safe alias.
NAME_01823,henry nevill,Henry Nevill,3,Henry Nevill | Sir Henry Nevill,0,suggestion_only,Do not merge occurrences into one person without occurrence-specific context or an approved safe alias.
NAME_01824,henry neville,Henry Neville,1,Sir Henry Neville,0,suggestion_only,Do not merge occurrences into one person without occurrence-specific context or an approved safe alias.
NAME_01825,henry nevite,Henry Nevite,1,Sir Henry Nevite,0,suggestion_only,Do not merge occurrences into one person without occurrence-specific context or an approved safe alias.
NAME_01826,henry neviue,Henry Neviue,1,Sir Henry Neviue,0,suggestion_only,Do not merge occurrences into one person without occurrence-specific context or an approved safe alias.
NAME_01827,henry paulsted,Henry Paulsted,2,Henry Paulsted,0,suggestion_only,Do not merge occurrences into one person without occurrence-specific context or an approved safe alias.
NAME_01828,henry pearse,Henry Pearse,1,Henry Pearse,0,suggestion_only,Do not merge occurrences into one person without occurrence-specific context or an approved safe alias.
NAME_01829,henry peers,Henry Peers,1,Henry Peers,0,suggestion_only,Do not merge occurrences into one person without occurrence-specific context or an approved safe alias.
NAME_01830,henry pelham,Henry Pelham,2,Captaine Henry Pelham | Henry Pelham,0,suggestion_only,Do not merge occurrences into one person without occurrence-specific context or an approved safe alias.
NAME_01831,henry penry,Henry Penry,1,Henry Penry,0,suggestion_only,Do not merge occurrences into one person without occurrence-specific context or an approved safe alias.
NAME_01832,henry perce,Henry Perce,1,"Henry
Perce",0,suggestion_only,Do not merge occurrences into one person without occurrence-specific context or an approved safe alias.
NAME_01833,henry percy,Henry Percy,1,m* Henry Percy,0,suggestion_only,Do not merge occurrences into one person without occurrence-specific context or an approved safe alias.
NAME_01834,henry peyton,Henry Peyton,5,Henry Peyton | Sir Henry Peyton,0,suggestion_only,Do not merge occurrences into one person without occurrence-specific context or an approved safe alias.
NAME_01835,henry piercy,Henry Piercy,1,Henry Piercy,0,suggestion_only,Do not merge occurrences into one person without occurrence-specific context or an approved safe alias.
NAME_01836,henry potrrer,Henry Potrrer,1,Henry Potrrer,0,suggestion_only,Do not merge occurrences into one person without occurrence-specific context or an approved safe alias.
NAME_01837,henry price,Henry Price,3,"Henry
Price | Henry Price",0,suggestion_only,Do not merge occurrences into one person without occurrence-specific context or an approved safe alias.
NAME_01840,henry raynsforde,Henry Raynsforde,1,Henry Raynsforde,0,suggestion_only,Do not merge occurrences into one person without occurrence-specific context or an approved safe alias.
NAME_01841,henry raynstord,Henry Raynstord,1,Henry Raynstord,0,suggestion_only,Do not merge occurrences into one person without occurrence-specific context or an approved safe alias.
NAME_01842,henry reighnold,Henry Reighnold,2,Henry Reighnold | m* Henry Reighnold,0,suggestion_only,Do not merge occurrences into one person without occurrence-specific context or an approved safe alias.
NAME_01843,henry reignolds,Henry Reignolds,1,Henry Reignolds,0,suggestion_only,Do not merge occurrences into one person without occurrence-specific context or an approved safe alias.
NAME_01844,henry reinolds,Henry Reinolds,2,M' Henry Reinolds,0,suggestion_only,Do not merge occurrences into one person without occurrence-specific context or an approved safe alias.
NAME_01845,henry reynold,Henry Reynold,2,Henry Reynold | m* Henry Reynold,0,suggestion_only,Do not merge occurrences into one person without occurrence-specific context or an approved safe alias.
NAME_01846,henry reynolds,Henry Reynolds,2,Henry Reynolds,0,suggestion_only,Do not merge occurrences into one person without occurrence-specific context or an approved safe alias.
NAME_01847,henry rice,Henry Rice,1,Henry Rice,0,suggestion_only,Do not merge occurrences into one person without occurrence-specific context or an approved safe alias.
NAME_01848,henry rich,Henry Rich,1,Henry Rich,0,suggestion_only,Do not merge occurrences into one person without occurrence-specific context or an approved safe alias.
NAME_01849,henry robinson,Henry Robinson,3,Henry Robinson,0,suggestion_only,Do not merge occurrences into one person without occurrence-specific context or an approved safe alias.
NAME_01850,henry rolf,Henry Rolf,1,M’ Henry Rolf,0,suggestion_only,Do not merge occurrences into one person without occurrence-specific context or an approved safe alias.
NAME_01851,henry rolfe,Henry Rolfe,6,Henry Rolfe | M' Henry Rolfe | m' Henry Rolfe | m’ Henry Rolfe,0,suggestion_only,Do not merge occurrences into one person without occurrence-specific context or an approved safe alias.
NAME_01852,henry roli,Henry Roli,1,Henry Roli,0,suggestion_only,Do not merge occurrences into one person without occurrence-specific context or an approved safe alias.
NAME_01853,henry rothermaker-,Henry Rothermaker-,1,Henry Rothermaker-,0,suggestion_only,Do not merge occurrences into one person without occurrence-specific context or an approved safe alias.
NAME_01854,henry rowe,Henry Rowe,1,Henry Rowe,0,suggestion_only,Do not merge occurrences into one person without occurrence-specific context or an approved safe alias.
NAME_01855,henry rowland,Henry Rowland,4,Henry Rowland | M' Henry Rowland,0,suggestion_only,Do not merge occurrences into one person without occurrence-specific context or an approved safe alias.
NAME_01856,henry sandis,Henry Sandis,1,Henry Sandis,0,suggestion_only,Do not merge occurrences into one person without occurrence-specific context or an approved safe alias.
NAME_01857,henry sandys,Henry Sandys,2,Henry Sandys,0,suggestion_only,Do not merge occurrences into one person without occurrence-specific context or an approved safe alias.
NAME_01858,henry se,Henry Se,1,Henry Se,0,suggestion_only,Do not merge occurrences into one person without occurrence-specific context or an approved safe alias.
NAME_01859,henry shelley,Henry Shelley,3,"Henry
Shelley | Henry Shelley",0,suggestion_only,Do not merge occurrences into one person without occurrence-specific context or an approved safe alias.
NAME_01860,henry smith,Henry Smith,1,Henry Smith,0,suggestion_only,Do not merge occurrences into one person without occurrence-specific context or an approved safe alias.
NAME_01861,henry sokeforde,Henry Sokeforde,1,Sir Henry Sokeforde,0,suggestion_only,Do not merge occurrences into one person without occurrence-specific context or an approved safe alias.
NAME_01862,henry southampton,HENRY SOUTHAMPTON,1,HENRY SOUTHAMPTON,0,suggestion_only,Do not merge occurrences into one person without occurrence-specific context or an approved safe alias.
NAME_01863,henry southey,Henry Southey,7,Henry Southey | Master Henry Southey | m* Henry Southey,0,suggestion_only,Do not merge occurrences into one person without occurrence-specific context or an approved safe alias.
NAME_01864,henry spellman,Henry Spellman,2,Captaine Henry Spellman,0,suggestion_only,Do not merge occurrences into one person without occurrence-specific context or an approved safe alias.
NAME_01866,henry spiller,Henry Spiller,4,Sir Henry Spiller,0,suggestion_only,Do not merge occurrences into one person without occurrence-specific context or an approved safe alias.
NAME_01867,henry spranger,Henry Spranger,2,Henry Spranger,0,suggestion_only,Do not merge occurrences into one person without occurrence-specific context or an approved safe alias.
NAME_01868,henry sprye,Henry Sprye,1,"Captain Henry
Sprye",0,suggestion_only,Do not merge occurrences into one person without occurrence-specific context or an approved safe alias.
NAME_01869,henry timberlake,Henry TIMBERLAKE,2,Henry TIMBERLAKE | Henry Timberlake,0,suggestion_only,Do not merge occurrences into one person without occurrence-specific context or an approved safe alias.
NAME_01870,henry townsend,Henry Townsend,1,Henry Townsend,0,suggestion_only,Do not merge occurrences into one person without occurrence-specific context or an approved safe alias.
NAME_01871,henry vicount,Henry Vicount,1,Henry Vicount,0,suggestion_only,Do not merge occurrences into one person without occurrence-specific context or an approved safe alias.
NAME_01872,henry vii,Henry VII,1,Henry VII,0,suggestion_only,Do not merge occurrences into one person without occurrence-specific context or an approved safe alias.
NAME_01873,henry vincent,Henry Vincent,1,Henry Vincent,0,suggestion_only,Do not merge occurrences into one person without occurrence-specific context or an approved safe alias.
NAME_01874,henry watkins,Henry Watkins,1,Henry Watkins,0,suggestion_only,Do not merge occurrences into one person without occurrence-specific context or an approved safe alias.
NAME_01875,henry wentworth,Henry Wentworth,3,"Henry Wentworth | m* Henry
Wentworth",0,suggestion_only,Do not merge occurrences into one person without occurrence-specific context or an approved safe alias.
NAME_01876,henry wolstenholme,Henry Wolstenholme,2,M' Henry Wolstenholme,0,suggestion_only,Do not merge occurrences into one person without occurrence-specific context or an approved safe alias.
NAME_01877,henry woodhouse,Henry Woodhouse,1,Captain Henry Woodhouse,0,suggestion_only,Do not merge occurrences into one person without occurrence-specific context or an approved safe alias.
NAME_01878,henry wriothesley,Henry Wriothesley,1,Henry Wriothesley,0,suggestion_only,Do not merge occurrences into one person without occurrence-specific context or an approved safe alias.
NAME_01879,henry. adventure,Henry. Adventure,1,"Sir Henry.
Adventure",0,suggestion_only,Do not merge occurrences into one person without occurrence-specific context or an approved safe alias.
NAME_01880,henry. land,Henry. Land,1,"Sir Henry.
Land",0,suggestion_only,Do not merge occurrences into one person without occurrence-specific context or an approved safe alias.
NAME_01881,herbert crofte,Herbert Crofte,1,Sir Herbert Crofte,0,suggestion_only,Do not merge occurrences into one person without occurrence-specific context or an approved safe alias.
NAME_01882,herbert m’,Herbert M’,1,"M’ Herbert
M’",0,suggestion_only,Do not merge occurrences into one person without occurrence-specific context or an approved safe alias.
NAME_01883,herberto crofte,Herberto Crofte,1,Herberto Crofte,0,suggestion_only,Do not merge occurrences into one person without occurrence-specific context or an approved safe alias.
NAME_01884,hetty diwiktee,Hetty Diwiktee,1,Hetty Diwiktee,0,suggestion_only,Do not merge occurrences into one person without occurrence-specific context or an approved safe alias.
NAME_01885,heury brigg,Heury Brigg,1,Heury Brigg,0,suggestion_only,Do not merge occurrences into one person without occurrence-specific context or an approved safe alias.
NAME_01886,heury jackson,Heury Jackson,1,Heury Jackson,0,suggestion_only,Do not merge occurrences into one person without occurrence-specific context or an approved safe alias.
NAME_01887,hewet stapers,Hewet Stapers,1,Hewet Stapers,0,suggestion_only,Do not merge occurrences into one person without occurrence-specific context or an approved safe alias.
NAME_01888,hewett stapers,Hewett Stapers,1,Hewett Stapers,0,suggestion_only,Do not merge occurrences into one person without occurrence-specific context or an approved safe alias.
NAME_01889,hewtye henton,Hewtye Henton,1,Hewtye Henton,0,suggestion_only,Do not merge occurrences into one person without occurrence-specific context or an approved safe alias.
NAME_01890,hichacd knerisbrough,Hichacd Knerisbrough,1,"Hichacd
Knerisbrough",0,suggestion_only,Do not merge occurrences into one person without occurrence-specific context or an approved safe alias.
NAME_01891,hichari tomlyns,Hichari Tomlyns,1,"Hichari
Tomlyns",0,suggestion_only,Do not merge occurrences into one person without occurrence-specific context or an approved safe alias.
NAME_01892,hiddlebrand preiwsen,Hiddlebrand Preiwsen,1,M’ Hiddlebrand Preiwsen,0,suggestion_only,Do not merge occurrences into one person without occurrence-specific context or an approved safe alias.
NAME_01893,hie compury,Hie Compury,1,Hie Compury,0,suggestion_only,Do not merge occurrences into one person without occurrence-specific context or an approved safe alias.
NAME_01894,higgs ro,Higgs Ro,1,Higgs Ro,0,suggestion_only,Do not merge occurrences into one person without occurrence-specific context or an approved safe alias.
NAME_01898,hildebrand sprinson,Hildebrand Sprinson,1,Hildebrand Sprinson,0,suggestion_only,Do not merge occurrences into one person without occurrence-specific context or an approved safe alias.
NAME_01899,hillary tearme,Hillary Tearme,1,Hillary Tearme,0,suggestion_only,Do not merge occurrences into one person without occurrence-specific context or an approved safe alias.
NAME_01904,hlumirey rainett,Hlumirey Rainett,1,Hlumirey Rainett,0,suggestion_only,Do not merge occurrences into one person without occurrence-specific context or an approved safe alias.
NAME_01905,hobbs. cap,Hobbs. Cap,1,"m’ Hobbs.
Cap",0,suggestion_only,Do not merge occurrences into one person without occurrence-specific context or an approved safe alias.
NAME_01906,hof st,Hof St,1,Hof St,0,suggestion_only,Do not merge occurrences into one person without occurrence-specific context or an approved safe alias.
NAME_01909,holloek john,Holloek John,1,Holloek John,0,suggestion_only,Do not merge occurrences into one person without occurrence-specific context or an approved safe alias.
NAME_01910,honbi henry,Honbi Henry,1,Honbi Henry,0,suggestion_only,Do not merge occurrences into one person without occurrence-specific context or an approved safe alias.
NAME_01912,honourable thomas,Honourable Thomas,1,Honourable Thomas,0,suggestion_only,Do not merge occurrences into one person without occurrence-specific context or an approved safe alias.
NAME_01913,horatio veere,Horatio Veere,1,Horatio Veere,0,suggestion_only,Do not merge occurrences into one person without occurrence-specific context or an approved safe alias.
NAME_01914,horatio vere,Horatio Vere,2,Horatio Vere | Sir Horatio Vere,0,suggestion_only,Do not merge occurrences into one person without occurrence-specific context or an approved safe alias.
NAME_01915,hore gi,Hore Gi,1,Sir Hore Gi,0,suggestion_only,Do not merge occurrences into one person without occurrence-specific context or an approved safe alias.
NAME_01917,hueh shipley,Hueh Shipley,1,"Hueh
Shipley",0,suggestion_only,Do not merge occurrences into one person without occurrence-specific context or an approved safe alias.
NAME_01918,huett gvho,Huett Gvho,1,m’ Huett Gvho,0,suggestion_only,Do not merge occurrences into one person without occurrence-specific context or an approved safe alias.
NAME_01919,hugh broker,Hugh Broker,1,Hugh Broker,0,suggestion_only,Do not merge occurrences into one person without occurrence-specific context or an approved safe alias.
NAME_01920,hugh brooke,Hugh Brooke,1,Hugh Brooke,0,suggestion_only,Do not merge occurrences into one person without occurrence-specific context or an approved safe alias.
NAME_01921,hugh crowder,Hugh Crowder,1,Hugh Crowder,0,suggestion_only,Do not merge occurrences into one person without occurrence-specific context or an approved safe alias.
NAME_01922,hugh euans,Hugh Euans,1,m’ Hugh Euans,0,suggestion_only,Do not merge occurrences into one person without occurrence-specific context or an approved safe alias.
NAME_01923,hugh evans,Hugh Evans,1,Hugh Evans,0,suggestion_only,Do not merge occurrences into one person without occurrence-specific context or an approved safe alias.
NAME_01924,hugh hamersley,Hugh Hamersley,2,Hugh Hamersley | Master Hugh Hamersley,0,suggestion_only,Do not merge occurrences into one person without occurrence-specific context or an approved safe alias.
NAME_01925,hugh shipley,Hugh Shipley,1,Hugh Shipley,0,suggestion_only,Do not merge occurrences into one person without occurrence-specific context or an approved safe alias.
NAME_01926,hugh willeston,Hugh Willeston,1,Hugh Willeston,0,suggestion_only,Do not merge occurrences into one person without occurrence-specific context or an approved safe alias.
NAME_01927,hugh windham,Hugh Windham,1,Hugh Windham,0,suggestion_only,Do not merge occurrences into one person without occurrence-specific context or an approved safe alias.
NAME_01928,hugh wortélls,Hugh Wortélls,2,Sir Hugh Wortélls,0,suggestion_only,Do not merge occurrences into one person without occurrence-specific context or an approved safe alias.
NAME_01929,hugoni brouke,Hugoni Brouke,1,Hugoni Brouke,0,suggestion_only,Do not merge occurrences into one person without occurrence-specific context or an approved safe alias.
NAME_01930,hugoni ilamersley,Hugoni Ilamersley,1,Hugoni Ilamersley,0,suggestion_only,Do not merge occurrences into one person without occurrence-specific context or an approved safe alias.
NAME_01931,hugoni shipley,Hugoni Shipley,1,Hugoni Shipley,0,suggestion_only,Do not merge occurrences into one person without occurrence-specific context or an approved safe alias.
NAME_01932,hugoni wilestone,Hugoni Wilestone,1,Hugoni Wilestone,0,suggestion_only,Do not merge occurrences into one person without occurrence-specific context or an approved safe alias.
NAME_01933,hugoni wirralt,Hugoni Wirralt,1,Hugoni Wirralt,0,suggestion_only,Do not merge occurrences into one person without occurrence-specific context or an approved safe alias.
NAME_01934,huinfry handforde,Huinfry Handforde,1,Sir Huinfry Handforde,0,suggestion_only,Do not merge occurrences into one person without occurrence-specific context or an approved safe alias.
NAME_01935,humfrey basse,Humfrey Basse,1,Humfrey Basse,0,suggestion_only,Do not merge occurrences into one person without occurrence-specific context or an approved safe alias.
NAME_01936,humfrey cropen,Humfrey Cropen,1,Humfrey Cropen,0,suggestion_only,Do not merge occurrences into one person without occurrence-specific context or an approved safe alias.
NAME_01937,humfrey handford,Humfrey Handford,3,Humfrey Handford,0,suggestion_only,Do not merge occurrences into one person without occurrence-specific context or an approved safe alias.
NAME_01938,humfrey hanford,Humfrey Hanford,2,Humfrey Hanford,0,suggestion_only,Do not merge occurrences into one person without occurrence-specific context or an approved safe alias.
NAME_01939,humfrey may,Humfrey May,3,Sir Humfrey May | m*’ Humfrey May,0,suggestion_only,Do not merge occurrences into one person without occurrence-specific context or an approved safe alias.
NAME_01940,humfrey raymell,Humfrey Raymell,1,Humfrey Raymell,0,suggestion_only,Do not merge occurrences into one person without occurrence-specific context or an approved safe alias.
NAME_01941,humfrey sherbrooke,Humfrey Sherbrooke,1,Humfrey Sherbrooke,0,suggestion_only,Do not merge occurrences into one person without occurrence-specific context or an approved safe alias.
NAME_01942,humfrey slaney,Humfrey Slaney,1,m* Humfrey Slaney,0,suggestion_only,Do not merge occurrences into one person without occurrence-specific context or an approved safe alias.
NAME_01943,humfrey slanye,Humfrey Slanye,2,M' Humfrey Slanye,0,suggestion_only,Do not merge occurrences into one person without occurrence-specific context or an approved safe alias.
NAME_01944,humfrey smith,Humfrey Smith,1,Humfrey Smith,0,suggestion_only,Do not merge occurrences into one person without occurrence-specific context or an approved safe alias.
NAME_01945,humfrey stanfield,Humfrey Stanfield,1,Humfrey Stanfield,0,suggestion_only,Do not merge occurrences into one person without occurrence-specific context or an approved safe alias.
NAME_01946,humfrey tomkins,Humfrey Tomkins,1,Humfrey Tomkins,0,suggestion_only,Do not merge occurrences into one person without occurrence-specific context or an approved safe alias.
NAME_01947,humfrey welde,Humfrey Welde,1,Sir Humfrey Welde,0,suggestion_only,Do not merge occurrences into one person without occurrence-specific context or an approved safe alias.
NAME_01948,humfrey westwoode,Humfrey Westwoode,1,Humfrey Westwoode,0,suggestion_only,Do not merge occurrences into one person without occurrence-specific context or an approved safe alias.
NAME_01949,humfrido rainett,Humfrido Rainett,1,Humfrido Rainett,0,suggestion_only,Do not merge occurrences into one person without occurrence-specific context or an approved safe alias.
NAME_01950,humfrido stike,Humfrido Stike,1,Humfrido Stike,0,suggestion_only,Do not merge occurrences into one person without occurrence-specific context or an approved safe alias.
NAME_01951,humfry handford,Humfry Handford,1,Humfry Handford,0,suggestion_only,Do not merge occurrences into one person without occurrence-specific context or an approved safe alias.
NAME_01952,humfry jobson,Humfry Jobson,1,Humfry Jobson,0,suggestion_only,Do not merge occurrences into one person without occurrence-specific context or an approved safe alias.
NAME_01953,humfry may,Humfry May,2,Sir Humfry May,0,suggestion_only,Do not merge occurrences into one person without occurrence-specific context or an approved safe alias.
NAME_01954,humfry osborne,Humfry Osborne,2,Humfry Osborne,0,suggestion_only,Do not merge occurrences into one person without occurrence-specific context or an approved safe alias.
NAME_01955,humfry sherbrooke,Humfry Sherbrooke,1,Humfry Sherbrooke,0,suggestion_only,Do not merge occurrences into one person without occurrence-specific context or an approved safe alias.
NAME_01956,humfrye handforde,Humfrye Handforde,1,Sir Humfrye Handforde,0,suggestion_only,Do not merge occurrences into one person without occurrence-specific context or an approved safe alias.
NAME_01957,humphrey hand,Humphrey Hand,2,m' Humphrey Hand,0,suggestion_only,Do not merge occurrences into one person without occurrence-specific context or an approved safe alias.
NAME_01958,humphrey handford,Humphrey Handford,3,m’ Humphrey Handford,0,suggestion_only,Do not merge occurrences into one person without occurrence-specific context or an approved safe alias.
NAME_01959,humphrey reynoldé,Humphrey Reynoldé,2,m' Humphrey Reynoldé,0,suggestion_only,Do not merge occurrences into one person without occurrence-specific context or an approved safe alias.
NAME_01960,humphrey slany,Humphrey Slany,1,M' Humphrey Slany,0,suggestion_only,Do not merge occurrences into one person without occurrence-specific context or an approved safe alias.
NAME_01961,humphrey smith,Humphrey Smith,1,Humphrey Smith,0,suggestion_only,Do not merge occurrences into one person without occurrence-specific context or an approved safe alias.
NAME_01962,humphrey tompkins,Humphrey Tompkins,2,m' Humphrey Tompkins,0,suggestion_only,Do not merge occurrences into one person without occurrence-specific context or an approved safe alias.
NAME_01963,humphrey weld,Humphrey Weld,1,Humphrey Weld,0,suggestion_only,Do not merge occurrences into one person without occurrence-specific context or an approved safe alias.
NAME_01964,humphrey. council,Humphrey. Council,1,"Sir Humphrey.
Council",0,suggestion_only,Do not merge occurrences into one person without occurrence-specific context or an approved safe alias.
NAME_01965,huniphrey stike,Huniphrey Stike,1,"Huniphrey
Stike",0,suggestion_only,Do not merge occurrences into one person without occurrence-specific context or an approved safe alias.
NAME_01967,huntl huntley,Huntl Huntley,1,"Huntl
Huntley",0,suggestion_only,Do not merge occurrences into one person without occurrence-specific context or an approved safe alias.
NAME_01968,hurd. cap,Hurd. Cap,1,"m’ Hurd.
Cap",0,suggestion_only,Do not merge occurrences into one person without occurrence-specific context or an approved safe alias.
NAME_01969,husband iohn,Husband Iohn,1,Husband Iohn,0,suggestion_only,Do not merge occurrences into one person without occurrence-specific context or an approved safe alias.
NAME_01971,i. dickenson,I. Dickenson,1,I. Dickenson,0,suggestion_only,Do not merge occurrences into one person without occurrence-specific context or an approved safe alias.
NAME_01972,i. huen,I. Huen,1,I. Huen,0,suggestion_only,Do not merge occurrences into one person without occurrence-specific context or an approved safe alias.
NAME_01973,ia swifte,Ia Swifte,2,m' Ia Swifte,0,suggestion_only,Do not merge occurrences into one person without occurrence-specific context or an approved safe alias.
NAME_01974,iacobb two,Iacobb Two,1,m’ Iacobb Two,0,suggestion_only,Do not merge occurrences into one person without occurrence-specific context or an approved safe alias.
NAME_01975,iady lawarr,Iady Lawarr,1,Iady Lawarr,0,suggestion_only,Do not merge occurrences into one person without occurrence-specific context or an approved safe alias.
NAME_01976,iames bagg,Iames Bagg,3,m' Iames Bagg | m’ Iames Bagg,0,suggestion_only,Do not merge occurrences into one person without occurrence-specific context or an approved safe alias.
NAME_01977,iames balmford,Iames Balmford,1,m’ Iames Balmford,0,suggestion_only,Do not merge occurrences into one person without occurrence-specific context or an approved safe alias.
NAME_01978,iames bradford,Iames Bradford,1,Iames Bradford,0,suggestion_only,Do not merge occurrences into one person without occurrence-specific context or an approved safe alias.
NAME_01980,iames darey,Iames Darey,1,Iames Darey,0,suggestion_only,Do not merge occurrences into one person without occurrence-specific context or an approved safe alias.
NAME_01981,iames haberly,Iames Haberly,1,m' Iames Haberly,0,suggestion_only,Do not merge occurrences into one person without occurrence-specific context or an approved safe alias.
NAME_01982,iames mootham,Iames Mootham,1,Iames Mootham,0,suggestion_only,Do not merge occurrences into one person without occurrence-specific context or an approved safe alias.
NAME_01983,iames steward,Iames Steward,1,m’ Iames Steward,0,suggestion_only,Do not merge occurrences into one person without occurrence-specific context or an approved safe alias.
NAME_01984,iane iohnson,Iane Iohnson,1,Iane Iohnson,0,suggestion_only,Do not merge occurrences into one person without occurrence-specific context or an approved safe alias.
NAME_01985,iasper stal-,Iasper Stal-,1,Iasper Stal-,0,suggestion_only,Do not merge occurrences into one person without occurrence-specific context or an approved safe alias.
NAME_01986,idwin sandys’,Idwin Sandys’,1,"Sir Idwin
Sandys’",0,suggestion_only,Do not merge occurrences into one person without occurrence-specific context or an approved safe alias.
NAME_01987,iespar stallenge,Iespar Stallenge,1,Iespar Stallenge,0,suggestion_only,Do not merge occurrences into one person without occurrence-specific context or an approved safe alias.
NAME_01988,ihon farrar,Ihon Farrar,2,m* Ihon Farrar,0,suggestion_only,Do not merge occurrences into one person without occurrence-specific context or an approved safe alias.
NAME_01989,iiarman harrison,Iiarman Harrison,1,Iiarman Harrison,0,suggestion_only,Do not merge occurrences into one person without occurrence-specific context or an approved safe alias.
NAME_01990,imperiall crowne,Imperiall Crowne,1,Imperiall Crowne,0,suggestion_only,Do not merge occurrences into one person without occurrence-specific context or an approved safe alias.
NAME_02003,index smith,INDEX Smith,1,"INDEX
Smith",0,suggestion_only,Do not merge occurrences into one person without occurrence-specific context or an approved safe alias.
NAME_02010,informa- gon,Informa- Gon,1,"Informa-
Gon",0,suggestion_only,Do not merge occurrences into one person without occurrence-specific context or an approved safe alias.
NAME_02012,io pountis,Io Pountis,1,m’ Io Pountis,0,suggestion_only,Do not merge occurrences into one person without occurrence-specific context or an approved safe alias.
NAME_02015,ioane dawkes,Ioane Dawkes,1,Ioane Dawkes,0,suggestion_only,Do not merge occurrences into one person without occurrence-specific context or an approved safe alias.
NAME_02016,iohn allen,Iohn Allen,1,Iohn Allen,0,suggestion_only,Do not merge occurrences into one person without occurrence-specific context or an approved safe alias.
NAME_02017,iohn archer,Iohn Archer,3,Iohn Archer,0,suggestion_only,Do not merge occurrences into one person without occurrence-specific context or an approved safe alias.
NAME_02018,iohn baily,Iohn Baily,1,Iohn Baily,0,suggestion_only,Do not merge occurrences into one person without occurrence-specific context or an approved safe alias.
NAME_02019,iohn bargraue,Iohn Bargraue,3,Iohn Bargraue,0,suggestion_only,Do not merge occurrences into one person without occurrence-specific context or an approved safe alias.
NAME_02020,iohn barrowe,Iohn Barrowe,1,Iohn Barrowe,0,suggestion_only,Do not merge occurrences into one person without occurrence-specific context or an approved safe alias.
NAME_02021,iohn benet--------,Iohn Benet--------,1,Sir Iohn Benet--------,0,suggestion_only,Do not merge occurrences into one person without occurrence-specific context or an approved safe alias.
NAME_02022,iohn berkley,Iohn Berkley,6,Iohn Berkley | m' Iohn Berkley | m’ Iohn Berkley,0,suggestion_only,Do not merge occurrences into one person without occurrence-specific context or an approved safe alias.
NAME_02023,iohn berkly,Iohn Berkly,1,m*’ Iohn Berkly,0,suggestion_only,Do not merge occurrences into one person without occurrence-specific context or an approved safe alias.
NAME_02024,iohn bernard,Iohn Bernard,1,Iohn Bernard,0,suggestion_only,Do not merge occurrences into one person without occurrence-specific context or an approved safe alias.
NAME_02025,iohn bill,Iohn Bill,1,Iohn Bill,0,suggestion_only,Do not merge occurrences into one person without occurrence-specific context or an approved safe alias.
NAME_02026,iohn bingley,Iohn Bingley,1,Sir Iohn Bingley,0,suggestion_only,Do not merge occurrences into one person without occurrence-specific context or an approved safe alias.
NAME_02027,iohn bland,Iohn Bland,4,Iohn Bland | m’ Iohn Bland,0,suggestion_only,Do not merge occurrences into one person without occurrence-specific context or an approved safe alias.
NAME_02028,iohn boise,Iohn Boise,2,Master Iohn Boise,0,suggestion_only,Do not merge occurrences into one person without occurrence-specific context or an approved safe alias.
NAME_02029,iohn bonoeil,Iohn Bonoeil,1,Iohn Bonoeil,0,suggestion_only,Do not merge occurrences into one person without occurrence-specific context or an approved safe alias.
NAME_02030,iohn bourcher-,Iohn Bourcher-,1,Sir Iohn Bourcher-,0,suggestion_only,Do not merge occurrences into one person without occurrence-specific context or an approved safe alias.
NAME_02031,iohn bourchier,Iohn Bourchier,4,Iohn Bourchier,0,suggestion_only,Do not merge occurrences into one person without occurrence-specific context or an approved safe alias.
NAME_02032,iohn boys,Iohn Boys,1,Iohn Boys,0,suggestion_only,Do not merge occurrences into one person without occurrence-specific context or an approved safe alias.
NAME_02033,iohn boyse,Iohn Boyse,1,Iohn Boyse,0,suggestion_only,Do not merge occurrences into one person without occurrence-specific context or an approved safe alias.
NAME_02034,iohn brooke,Iohn Brooke,1,Iohn Brooke,0,suggestion_only,Do not merge occurrences into one person without occurrence-specific context or an approved safe alias.
NAME_02035,iohn brooks,Iohn Brooks,1,Iohn Brooks,0,suggestion_only,Do not merge occurrences into one person without occurrence-specific context or an approved safe alias.
NAME_02036,iohn brough,Iohn Brough,2,Captaine Iohn Brough,0,suggestion_only,Do not merge occurrences into one person without occurrence-specific context or an approved safe alias.
NAME_02037,iohn budge,Iohn Budge,2,Iohn Budge,0,suggestion_only,Do not merge occurrences into one person without occurrence-specific context or an approved safe alias.
NAME_02038,iohn burgh,Iohn Burgh,6,"Iohn Burgh | m* Iohn
Burgh | m* Iohn Burgh",0,suggestion_only,Do not merge occurrences into one person without occurrence-specific context or an approved safe alias.
NAME_02039,iohn bush,Iohn Bush,2,Iohn Bush,0,suggestion_only,Do not merge occurrences into one person without occurrence-specific context or an approved safe alias.
NAME_02040,iohn cage,Iohn Cage,1,Iohn Cage,0,suggestion_only,Do not merge occurrences into one person without occurrence-specific context or an approved safe alias.
NAME_02041,iohn clarke,Iohn Clarke,1,Iohn Clarke,0,suggestion_only,Do not merge occurrences into one person without occurrence-specific context or an approved safe alias.
NAME_02042,iohn clements,Iohn Clements,1,Iohn Clements,0,suggestion_only,Do not merge occurrences into one person without occurrence-specific context or an approved safe alias.
NAME_02043,iohn cocks,Iohn Cocks,1,Iohn Cocks,0,suggestion_only,Do not merge occurrences into one person without occurrence-specific context or an approved safe alias.
NAME_02044,iohn collett,Iohn Collett,1,Iohn Collett,0,suggestion_only,Do not merge occurrences into one person without occurrence-specific context or an approved safe alias.
NAME_02045,iohn costard,Iohn Costard,1,Iohn Costard,0,suggestion_only,Do not merge occurrences into one person without occurrence-specific context or an approved safe alias.
NAME_02046,iohn crowe,Iohn Crowe,1,Iohn Crowe,0,suggestion_only,Do not merge occurrences into one person without occurrence-specific context or an approved safe alias.
NAME_02047,iohn cuffe,Iohn Cuffe,1,Iohn Cuffe,0,suggestion_only,Do not merge occurrences into one person without occurrence-specific context or an approved safe alias.
NAME_02048,iohn culpeper,Iohn Culpeper,1,Iohn Culpeper,0,suggestion_only,Do not merge occurrences into one person without occurrence-specific context or an approved safe alias.
NAME_02049,iohn cuts,Iohn Cuts,1,Sir Iohn Cuts,0,suggestion_only,Do not merge occurrences into one person without occurrence-specific context or an approved safe alias.
NAME_02052,iohn de,Iohn De,7,Iohn De | m’ Iohn De,0,suggestion_only,Do not merge occurrences into one person without occurrence-specific context or an approved safe alias.
NAME_02053,iohn delbridge,Iohn Delbridge,3,Iohn Delbridge | m* Iohn Delbridge | m’ Iohn Delbridge,0,suggestion_only,Do not merge occurrences into one person without occurrence-specific context or an approved safe alias.
NAME_02055,iohn downes,Iohn Downes,1,Iohn Downes,0,suggestion_only,Do not merge occurrences into one person without occurrence-specific context or an approved safe alias.
NAME_02056,iohn driver,Iohn Driver,1,Iohn Driver,0,suggestion_only,Do not merge occurrences into one person without occurrence-specific context or an approved safe alias.
NAME_02057,iohn d’,Iohn D’,1,Iohn D’,0,suggestion_only,Do not merge occurrences into one person without occurrence-specific context or an approved safe alias.
NAME_02058,iohn edwards,Iohn Edwards,1,Iohn Edwards,0,suggestion_only,Do not merge occurrences into one person without occurrence-specific context or an approved safe alias.
NAME_02059,iohn england,Iohn England,1,Master Iohn England,0,suggestion_only,Do not merge occurrences into one person without occurrence-specific context or an approved safe alias.
NAME_02061,iohn gibbens,Iohn Gibbens,1,Iohn Gibbens,0,suggestion_only,Do not merge occurrences into one person without occurrence-specific context or an approved safe alias.
NAME_02062,iohn gray,Iohn Gray,3,Iohn Gray | Sir Iohn Gray,0,suggestion_only,Do not merge occurrences into one person without occurrence-specific context or an approved safe alias.
NAME_02063,iohn gundry,Iohn Gundry,1,Iohn Gundry,0,suggestion_only,Do not merge occurrences into one person without occurrence-specific context or an approved safe alias.
NAME_02064,iohn halsey,Iohn Halsey,2,m’ Iohn Halsey,0,suggestion_only,Do not merge occurrences into one person without occurrence-specific context or an approved safe alias.
NAME_02065,iohn harrison,Iohn Harrison,1,Iohn Harrison,0,suggestion_only,Do not merge occurrences into one person without occurrence-specific context or an approved safe alias.
NAME_02067,iohn hitch,Iohn Hitch,1,Iohn Hitch,0,suggestion_only,Do not merge occurrences into one person without occurrence-specific context or an approved safe alias.
NAME_02068,iohn hobson,Iohn Hobson,1,Iohn Hobson,0,suggestion_only,Do not merge occurrences into one person without occurrence-specific context or an approved safe alias.
NAME_02069,iohn hollis,Iohn Hollis,1,Sir Iohn Hollis,0,suggestion_only,Do not merge occurrences into one person without occurrence-specific context or an approved safe alias.
NAME_02070,iohn holloway,Iohn Holloway,1,Iohn Holloway,0,suggestion_only,Do not merge occurrences into one person without occurrence-specific context or an approved safe alias.
NAME_02071,iohn holmden,Iohn Holmden,1,Iohn Holmden,0,suggestion_only,Do not merge occurrences into one person without occurrence-specific context or an approved safe alias.
NAME_02072,iohn howard,Iohn Howard,1,Iohn Howard,0,suggestion_only,Do not merge occurrences into one person without occurrence-specific context or an approved safe alias.
NAME_02073,iohn howlet,Iohn Howlet,2,Iohn Howlet,0,suggestion_only,Do not merge occurrences into one person without occurrence-specific context or an approved safe alias.
NAME_02074,iohn hurd,Iohn Hurd,1,Iohn Hurd,0,suggestion_only,Do not merge occurrences into one person without occurrence-specific context or an approved safe alias.
NAME_02075,iohn iames,Iohn Iames,1,mr Iohn Iames,0,suggestion_only,Do not merge occurrences into one person without occurrence-specific context or an approved safe alias.
NAME_02076,iohn iefferson,Iohn Iefferson,1,Iohn Iefferson,0,suggestion_only,Do not merge occurrences into one person without occurrence-specific context or an approved safe alias.
NAME_02077,iohn johnson,Iohn Johnson,1,Iohn Johnson,0,suggestion_only,Do not merge occurrences into one person without occurrence-specific context or an approved safe alias.
NAME_02078,iohn kaile,Iohn Kaile,2,Sir Iohn Kaile,0,suggestion_only,Do not merge occurrences into one person without occurrence-specific context or an approved safe alias.
NAME_02079,iohn lamb,Iohn Lamb,1,Iohn Lamb,0,suggestion_only,Do not merge occurrences into one person without occurrence-specific context or an approved safe alias.
NAME_02080,iohn laurence,Iohn Laurence,1,Iohn Laurence,0,suggestion_only,Do not merge occurrences into one person without occurrence-specific context or an approved safe alias.
NAME_02081,iohn lowe,Iohn Lowe,2,Iohn Lowe,0,suggestion_only,Do not merge occurrences into one person without occurrence-specific context or an approved safe alias.
NAME_02084,iohn merrick,Iohn Merrick,2,Iohn Merrick,0,suggestion_only,Do not merge occurrences into one person without occurrence-specific context or an approved safe alias.
NAME_02085,iohn newman,Iohn Newman,1,Iohn Newman,0,suggestion_only,Do not merge occurrences into one person without occurrence-specific context or an approved safe alias.
NAME_02086,iohn newport,Iohn Newport,1,M’ Iohn Newport,0,suggestion_only,Do not merge occurrences into one person without occurrence-specific context or an approved safe alias.
NAME_02087,iohn page,Iohn Page,1,Iohn Page,0,suggestion_only,Do not merge occurrences into one person without occurrence-specific context or an approved safe alias.
NAME_02088,iohn palmer,Iohn Palmer,2,m* Iohn Palmer,0,suggestion_only,Do not merge occurrences into one person without occurrence-specific context or an approved safe alias.
NAME_02089,iohn parkhurst,Iohn Parkhurst,2,Iohn Parkhurst,0,suggestion_only,Do not merge occurrences into one person without occurrence-specific context or an approved safe alias.
NAME_02090,iohn peirce,Iohn Peirce,1,m’ Iohn Peirce,0,suggestion_only,Do not merge occurrences into one person without occurrence-specific context or an approved safe alias.
NAME_02091,iohn pemberton,Iohn Pemberton,1,m’ Iohn Pemberton,0,suggestion_only,Do not merge occurrences into one person without occurrence-specific context or an approved safe alias.
NAME_02092,iohn philips,Iohn Philips,1,Iohn Philips,0,suggestion_only,Do not merge occurrences into one person without occurrence-specific context or an approved safe alias.
NAME_02093,iohn piddox,Iohn Piddox,1,Iohn Piddox,0,suggestion_only,Do not merge occurrences into one person without occurrence-specific context or an approved safe alias.
NAME_02095,iohn porter,Iohn Porter,1,m’ Iohn Porter,0,suggestion_only,Do not merge occurrences into one person without occurrence-specific context or an approved safe alias.
NAME_02096,iohn pountes,Iohn Pountes,1,Iohn Pountes,0,suggestion_only,Do not merge occurrences into one person without occurrence-specific context or an approved safe alias.
NAME_02097,iohn pountice,Iohn Pountice,1,m' Iohn Pountice,0,suggestion_only,Do not merge occurrences into one person without occurrence-specific context or an approved safe alias.
NAME_02098,iohn pountis,Iohn Pountis,3,Mr. Iohn Pountis | m' Iohn Pountis,0,suggestion_only,Do not merge occurrences into one person without occurrence-specific context or an approved safe alias.
NAME_02099,iohn powell,Iohn Powell,2,Iohn Powell,0,suggestion_only,Do not merge occurrences into one person without occurrence-specific context or an approved safe alias.
NAME_02100,iohn procter,Iohn Procter,5,Iohn Procter | m* Iohn Procter,0,suggestion_only,Do not merge occurrences into one person without occurrence-specific context or an approved safe alias.
NAME_02101,iohn prynn,Iohn Prynn,3,Iohn Prynn | m* Iohn Prynn,0,suggestion_only,Do not merge occurrences into one person without occurrence-specific context or an approved safe alias.
NAME_02102,iohn radcliffe,Iohn Radcliffe,1,Iohn Radcliffe,0,suggestion_only,Do not merge occurrences into one person without occurrence-specific context or an approved safe alias.
NAME_02104,iohn saint-iohn,Iohn Saint-Iohn,2,Iohn Saint-Iohn | Sir Iohn Saint-Iohn,0,suggestion_only,Do not merge occurrences into one person without occurrence-specific context or an approved safe alias.
NAME_02105,iohn samms.,Iohn Samms.,1,Sir Iohn Samms,0,suggestion_only,Do not merge occurrences into one person without occurrence-specific context or an approved safe alias.
NAME_02106,iohn seuerne,Iohn Seuerne,2,"Iohn
Seuerne | Iohn Seuerne",0,suggestion_only,Do not merge occurrences into one person without occurrence-specific context or an approved safe alias.
NAME_02107,iohn slater,Iohn Slater,1,Iohn Slater,0,suggestion_only,Do not merge occurrences into one person without occurrence-specific context or an approved safe alias.
NAME_02109,iohn smith.,Iohn Smith.,2,m' Iohn Smith | m* Iohn Smith,0,suggestion_only,Do not merge occurrences into one person without occurrence-specific context or an approved safe alias.
NAME_02110,iohn smithe,Iohn Smithe,1,Iohn Smithe,0,suggestion_only,Do not merge occurrences into one person without occurrence-specific context or an approved safe alias.
NAME_02112,iohn snow,Iohn Snow,1,Iohn Snow,0,suggestion_only,Do not merge occurrences into one person without occurrence-specific context or an approved safe alias.
NAME_02113,iohn stephens,Iohn Stephens,1,Iohn Stephens,0,suggestion_only,Do not merge occurrences into one person without occurrence-specific context or an approved safe alias.
NAME_02114,iohn stokley,Iohn Stokley,1,Iohn Stokley,0,suggestion_only,Do not merge occurrences into one person without occurrence-specific context or an approved safe alias.
NAME_02115,iohn strange,Iohn Strange,1,Iohn Strange,0,suggestion_only,Do not merge occurrences into one person without occurrence-specific context or an approved safe alias.
NAME_02116,iohn stratford,Iohn Stratford,1,Iohn Stratford,0,suggestion_only,Do not merge occurrences into one person without occurrence-specific context or an approved safe alias.
NAME_02117,iohn strutt,Iohn Strutt,1,Iohn Strutt,0,suggestion_only,Do not merge occurrences into one person without occurrence-specific context or an approved safe alias.
NAME_02118,iohn swye,Iohn Swye,1,Iohn Swye,0,suggestion_only,Do not merge occurrences into one person without occurrence-specific context or an approved safe alias.
NAME_02119,iohn thornburough,Iohn Thornburough,1,Iohn Thornburough,0,suggestion_only,Do not merge occurrences into one person without occurrence-specific context or an approved safe alias.
NAME_02120,iohn tooke,Iohn Tooke,1,Iohn Tooke,0,suggestion_only,Do not merge occurrences into one person without occurrence-specific context or an approved safe alias.
NAME_02121,iohn treuor,Iohn Treuor,1,Iohn Treuor,0,suggestion_only,Do not merge occurrences into one person without occurrence-specific context or an approved safe alias.
NAME_02122,iohn tuke,Iohn Tuke,1,Iohn Tuke,0,suggestion_only,Do not merge occurrences into one person without occurrence-specific context or an approved safe alias.
NAME_02123,iohn waller,Iohn Waller,2,Iohn Waller,0,suggestion_only,Do not merge occurrences into one person without occurrence-specific context or an approved safe alias.
NAME_02124,iohn warde,Iohn Warde,1,Iohn Warde,0,suggestion_only,Do not merge occurrences into one person without occurrence-specific context or an approved safe alias.
NAME_02125,iohn wentworth,Iohn Wentworth,1,Sir Iohn Wentworth,0,suggestion_only,Do not merge occurrences into one person without occurrence-specific context or an approved safe alias.
NAME_02126,iohn wests,Iohn Wests,1,Master Iohn Wests,0,suggestion_only,Do not merge occurrences into one person without occurrence-specific context or an approved safe alias.
NAME_02127,iohn whincops,Iohn Whincops,1,m’ Iohn Whincops,0,suggestion_only,Do not merge occurrences into one person without occurrence-specific context or an approved safe alias.
NAME_02128,iohn white,Iohn White,2,Iohn White,0,suggestion_only,Do not merge occurrences into one person without occurrence-specific context or an approved safe alias.
NAME_02129,iohn whitton,Iohn Whitton,1,Iohn Whitton,0,suggestion_only,Do not merge occurrences into one person without occurrence-specific context or an approved safe alias.
NAME_02132,iohn wood,Iohn Wood,1,Iohn Wood,0,suggestion_only,Do not merge occurrences into one person without occurrence-specific context or an approved safe alias.
NAME_02134,iohn woodlefe,Iohn Woodlefe,1,Iohn Woodlefe,0,suggestion_only,Do not merge occurrences into one person without occurrence-specific context or an approved safe alias.
NAME_02136,iohn wroth.,Iohn Wroth.,2,m'* Iohn Wroth | m’ Iohn Wroth,0,suggestion_only,Do not merge occurrences into one person without occurrence-specific context or an approved safe alias.
NAME_02137,iohn zouch,Iohn Zouch,3,Iohn Zouch | m* Iohn Zouch,0,suggestion_only,Do not merge occurrences into one person without occurrence-specific context or an approved safe alias.
NAME_02138,iohnn pollington,Iohnn Pollington,1,Iohnn Pollington,0,suggestion_only,Do not merge occurrences into one person without occurrence-specific context or an approved safe alias.
NAME_02139,iohnson dep,Iohnson Dep,1,Iohnson Dep,0,suggestion_only,Do not merge occurrences into one person without occurrence-specific context or an approved safe alias.
NAME_02142,ioseph man,Ioseph Man,1,Ioseph Man,0,suggestion_only,Do not merge occurrences into one person without occurrence-specific context or an approved safe alias.
NAME_02143,ioseph soane,Ioseph Soane,1,Ioseph Soane,0,suggestion_only,Do not merge occurrences into one person without occurrence-specific context or an approved safe alias.
NAME_02144,iosua darey,Iosua Darey,1,Iosua Darey,0,suggestion_only,Do not merge occurrences into one person without occurrence-specific context or an approved safe alias.
NAME_02146,ip ge,IP Ge,1,IP Ge,0,suggestion_only,Do not merge occurrences into one person without occurrence-specific context or an approved safe alias.
NAME_02147,ire edmond,Ire Edmond,1,Ire Edmond,0,suggestion_only,Do not merge occurrences into one person without occurrence-specific context or an approved safe alias.
NAME_02154,isaac madison,Isaac Madison,2,Capt Isaac Madison | Captain Isaac Madison,0,suggestion_only,Do not merge occurrences into one person without occurrence-specific context or an approved safe alias.
NAME_02155,isaac. letter,Isaac. Letter,1,"Sir Isaac.
Letter",0,suggestion_only,Do not merge occurrences into one person without occurrence-specific context or an approved safe alias.
NAME_02156,isaack mighell,Isaack Mighell,1,Isaack Mighell,0,suggestion_only,Do not merge occurrences into one person without occurrence-specific context or an approved safe alias.
NAME_02157,isaacke maddison,Isaacke Maddison,1,Isaacke Maddison,0,suggestion_only,Do not merge occurrences into one person without occurrence-specific context or an approved safe alias.
NAME_02158,isaacke madison,Isaacke Madison,1,Isaacke Madison,0,suggestion_only,Do not merge occurrences into one person without occurrence-specific context or an approved safe alias.
NAME_02159,isabell gifford,Isabell Gifford,1,Isabell Gifford,0,suggestion_only,Do not merge occurrences into one person without occurrence-specific context or an approved safe alias.
NAME_02160,isabella. land,Isabella. Land,1,"Lady Isabella.
Land",0,suggestion_only,Do not merge occurrences into one person without occurrence-specific context or an approved safe alias.
NAME_02161,isack maddeson,Isack Maddeson,1,Isack Maddeson,0,suggestion_only,Do not merge occurrences into one person without occurrence-specific context or an approved safe alias.
NAME_02162,isack maddison,Isack Maddison,4,"Capt Isack Maddison | Captaine
Isack Maddison",0,suggestion_only,Do not merge occurrences into one person without occurrence-specific context or an approved safe alias.
NAME_02163,isack madeson,Isack Madeson,2,Capt Isack Madeson | Captaine Isack Madeson,0,suggestion_only,Do not merge occurrences into one person without occurrence-specific context or an approved safe alias.
NAME_02164,isack madison,Isack Madison,1,Isack Madison,0,suggestion_only,Do not merge occurrences into one person without occurrence-specific context or an approved safe alias.
NAME_02165,isack seaward,Isack Seaward,1,Isack Seaward,0,suggestion_only,Do not merge occurrences into one person without occurrence-specific context or an approved safe alias.
NAME_02166,isacke chaplin,Isacke Chaplin,1,Isacke Chaplin,0,suggestion_only,Do not merge occurrences into one person without occurrence-specific context or an approved safe alias.
NAME_02167,isaek madi-,Isaek Madi-,1,Capt Isaek Madi-,0,suggestion_only,Do not merge occurrences into one person without occurrence-specific context or an approved safe alias.
NAME_02168,isanc madison,Isanc Madison,1,Captain Isanc Madison,0,suggestion_only,Do not merge occurrences into one person without occurrence-specific context or an approved safe alias.
NAME_02169,isinge’s. all,Isinge’s. All,1,Mr. Isinge’s. All,0,suggestion_only,Do not merge occurrences into one person without occurrence-specific context or an approved safe alias.
NAME_02170,j. d,J. D,1,J. D,0,suggestion_only,Do not merge occurrences into one person without occurrence-specific context or an approved safe alias.
NAME_02171,j. dickenson,J. Dickenson,1,J. Dickenson,0,suggestion_only,Do not merge occurrences into one person without occurrence-specific context or an approved safe alias.
NAME_02172,j. dl,J. DL,1,J. DL,0,suggestion_only,Do not merge occurrences into one person without occurrence-specific context or an approved safe alias.
NAME_02173,j. franklin,J. Franklin,1,J. Franklin,0,suggestion_only,Do not merge occurrences into one person without occurrence-specific context or an approved safe alias.
NAME_02174,j. pory,J. Pory,2,J. Pory | M' J. Pory,0,suggestion_only,Do not merge occurrences into one person without occurrence-specific context or an approved safe alias.
NAME_02175,j. smith,J. Smith,1,J. Smith,0,suggestion_only,Do not merge occurrences into one person without occurrence-specific context or an approved safe alias.
NAME_02176,j. vnder,J. Vnder,1,J. Vnder,0,suggestion_only,Do not merge occurrences into one person without occurrence-specific context or an approved safe alias.
NAME_02177,j080 sitieseosncues,J080 Sitieseosncues,1,J080 Sitieseosncues,0,suggestion_only,Do not merge occurrences into one person without occurrence-specific context or an approved safe alias.
NAME_02178,ja ware,Ja Ware,1,Ja Ware,0,suggestion_only,Do not merge occurrences into one person without occurrence-specific context or an approved safe alias.
NAME_02179,jabez whittaker,Jabez Whittaker,3,Capt Jabez Whittaker | Jabez Whittaker,0,suggestion_only,Do not merge occurrences into one person without occurrence-specific context or an approved safe alias.
NAME_02180,jabez whittakers,Jabez Whittakers,1,Jabez Whittakers,0,suggestion_only,Do not merge occurrences into one person without occurrence-specific context or an approved safe alias.
NAME_02181,jac rege,Jac Rege,1,Jac Rege,0,suggestion_only,Do not merge occurrences into one person without occurrence-specific context or an approved safe alias.
NAME_02182,jacob whittaker,Jacob Whittaker,1,Jacob Whittaker,0,suggestion_only,Do not merge occurrences into one person without occurrence-specific context or an approved safe alias.
NAME_02183,jacobi angt,Jacobi Angt,1,Jacobi Angt,0,suggestion_only,Do not merge occurrences into one person without occurrence-specific context or an approved safe alias.
NAME_02184,jacobi rege,Jacobi Rege,1,Jacobi Rege,0,suggestion_only,Do not merge occurrences into one person without occurrence-specific context or an approved safe alias.
NAME_02185,jacobi regis,Jacobi Regis,2,Jacobi Regis,0,suggestion_only,Do not merge occurrences into one person without occurrence-specific context or an approved safe alias.
NAME_02186,jacobi rx,Jacobi Rx,1,Jacobi Rx,0,suggestion_only,Do not merge occurrences into one person without occurrence-specific context or an approved safe alias.
NAME_02187,jacobo askewe,Jacobo Askewe,1,Jacobo Askewe,0,suggestion_only,Do not merge occurrences into one person without occurrence-specific context or an approved safe alias.
NAME_02188,jacobo brearley,Jacobo Brearley,1,Jacobo Brearley,0,suggestion_only,Do not merge occurrences into one person without occurrence-specific context or an approved safe alias.
NAME_02189,jacobo duppa,Jacobo Duppa,1,Jacobo Duppa,0,suggestion_only,Do not merge occurrences into one person without occurrence-specific context or an approved safe alias.
NAME_02190,jacobo haywood,Jacobo Haywood,1,Jacobo Haywood,0,suggestion_only,Do not merge occurrences into one person without occurrence-specific context or an approved safe alias.
NAME_02191,jacobo mawtam,Jacobo Mawtam,1,Jacobo Mawtam,0,suggestion_only,Do not merge occurrences into one person without occurrence-specific context or an approved safe alias.
NAME_02192,jacobo mouniague,Jacobo Mouniague,1,Jacobo Mouniague,0,suggestion_only,Do not merge occurrences into one person without occurrence-specific context or an approved safe alias.
NAME_02193,jacobo russell,Jacobo Russell,1,Jacobo Russell,0,suggestion_only,Do not merge occurrences into one person without occurrence-specific context or an approved safe alias.
NAME_02194,jacobo skelton,Jacobo Skelton,1,Jacobo Skelton,0,suggestion_only,Do not merge occurrences into one person without occurrence-specific context or an approved safe alias.
NAME_02195,jacobo swifte,Jacobo Swifte,1,Jacobo Swifte,0,suggestion_only,Do not merge occurrences into one person without occurrence-specific context or an approved safe alias.
NAME_02196,jacobo white,Jacobo White,1,Jacobo White,0,suggestion_only,Do not merge occurrences into one person without occurrence-specific context or an approved safe alias.
NAME_02197,jacoho cumbell,Jacoho Cumbell,1,Jacoho Cumbell,0,suggestion_only,Do not merge occurrences into one person without occurrence-specific context or an approved safe alias.
NAME_02198,jacoho mounger,Jacoho Mounger,1,Jacoho Mounger,0,suggestion_only,Do not merge occurrences into one person without occurrence-specific context or an approved safe alias.
NAME_02199,jadwine. cap,Jadwine. Cap,1,"m’ Jadwine.
Cap",0,suggestion_only,Do not merge occurrences into one person without occurrence-specific context or an approved safe alias.
NAME_02200,jahanni keatleby,Jahanni Keatleby,1,Jahanni Keatleby,0,suggestion_only,Do not merge occurrences into one person without occurrence-specific context or an approved safe alias.
NAME_02202,jahn vassett,Jahn Vassett,1,Jahn Vassett,0,suggestion_only,Do not merge occurrences into one person without occurrence-specific context or an approved safe alias.
NAME_02203,jains cittie,Jains Cittie,1,Jains Cittie,0,suggestion_only,Do not merge occurrences into one person without occurrence-specific context or an approved safe alias.
NAME_02204,james askewe,James Askewe,1,James Askewe,0,suggestion_only,Do not merge occurrences into one person without occurrence-specific context or an approved safe alias.
NAME_02205,james askue,James Askue,1,James Askue,0,suggestion_only,Do not merge occurrences into one person without occurrence-specific context or an approved safe alias.
NAME_02206,james atwood,James Atwood,1,James Atwood,0,suggestion_only,Do not merge occurrences into one person without occurrence-specific context or an approved safe alias.
NAME_02207,james ayscough,James Ayscough,2,James Ayscough,0,suggestion_only,Do not merge occurrences into one person without occurrence-specific context or an approved safe alias.
NAME_02208,james bag,James Bag,1,M' James Bag,0,suggestion_only,Do not merge occurrences into one person without occurrence-specific context or an approved safe alias.
NAME_02209,james bagg,James Bagg,3,Mr James Bagg | m' James Bagg,0,suggestion_only,Do not merge occurrences into one person without occurrence-specific context or an approved safe alias.
NAME_02210,james berbloke,James Berbloke,1,James Berbloke,0,suggestion_only,Do not merge occurrences into one person without occurrence-specific context or an approved safe alias.
NAME_02211,james bersitocke,James Bersitocke,1,James Bersitocke,0,suggestion_only,Do not merge occurrences into one person without occurrence-specific context or an approved safe alias.
NAME_02213,james brierley,James Brierley,1,James Brierley,0,suggestion_only,Do not merge occurrences into one person without occurrence-specific context or an approved safe alias.
NAME_02214,james brierly,James Brierly,1,James Brierly,0,suggestion_only,Do not merge occurrences into one person without occurrence-specific context or an approved safe alias.
NAME_02215,james brryarley,JAMES BrRYARLEY,1,JAMES BrRYARLEY,0,suggestion_only,Do not merge occurrences into one person without occurrence-specific context or an approved safe alias.
NAME_02217,james butler,James Butler,4,m’ James Butler,0,suggestion_only,Do not merge occurrences into one person without occurrence-specific context or an approved safe alias.
NAME_02218,james cambell,James Cambell,2,James Cambell,0,suggestion_only,Do not merge occurrences into one person without occurrence-specific context or an approved safe alias.
NAME_02219,james carter,James Carter,6,"James
Carter | James Carter",0,suggestion_only,Do not merge occurrences into one person without occurrence-specific context or an approved safe alias.
NAME_02220,james chatfeild,James Chatfeild,1,James Chatfeild,0,suggestion_only,Do not merge occurrences into one person without occurrence-specific context or an approved safe alias.
NAME_02221,james chatfeilde,James Chatfeilde,1,James Chatfeilde,0,suggestion_only,Do not merge occurrences into one person without occurrence-specific context or an approved safe alias.
NAME_02222,james chatfield,James Chatfield,1,James Chatfield,0,suggestion_only,Do not merge occurrences into one person without occurrence-specific context or an approved safe alias.
NAME_02223,james ciry,JAMES Ciry,1,JAMES Ciry,0,suggestion_only,Do not merge occurrences into one person without occurrence-specific context or an approved safe alias.
NAME_02225,james cittic,James Cittic,1,James Cittic,0,suggestion_only,Do not merge occurrences into one person without occurrence-specific context or an approved safe alias.
NAME_02228,james cittye,James Cittye,4,James Cittye,0,suggestion_only,Do not merge occurrences into one person without occurrence-specific context or an approved safe alias.
NAME_02230,james clay,James Clay,1,James Clay,0,suggestion_only,Do not merge occurrences into one person without occurrence-specific context or an approved safe alias.
NAME_02231,james cley,James Cley,1,James Cley,0,suggestion_only,Do not merge occurrences into one person without occurrence-specific context or an approved safe alias.
NAME_02232,james culliner,James Culliner,1,James Culliner,0,suggestion_only,Do not merge occurrences into one person without occurrence-specific context or an approved safe alias.
NAME_02233,james cytie,James Cytie,3,James Cytie,0,suggestion_only,Do not merge occurrences into one person without occurrence-specific context or an approved safe alias.
NAME_02234,james cyttie,James Cyttie,20,"James
Cyttie | James Cyttie",0,suggestion_only,Do not merge occurrences into one person without occurrence-specific context or an approved safe alias.
NAME_02235,james cytty,James Cytty,1,James Cytty,0,suggestion_only,Do not merge occurrences into one person without occurrence-specific context or an approved safe alias.
NAME_02236,james cyty,James Cyty,7,James Cyty,0,suggestion_only,Do not merge occurrences into one person without occurrence-specific context or an approved safe alias.
NAME_02237,james duppa,James Duppa,1,James Duppa,0,suggestion_only,Do not merge occurrences into one person without occurrence-specific context or an approved safe alias.
NAME_02238,james english,James English,1,James English,0,suggestion_only,Do not merge occurrences into one person without occurrence-specific context or an approved safe alias.
NAME_02239,james fd,James FD,1,James FD,0,suggestion_only,Do not merge occurrences into one person without occurrence-specific context or an approved safe alias.
NAME_02241,james fotheringill,James Fotheringill,1,James Fotheringill,0,suggestion_only,Do not merge occurrences into one person without occurrence-specific context or an approved safe alias.
NAME_02242,james gibbenes,James Gibbenes,1,James Gibbenes,0,suggestion_only,Do not merge occurrences into one person without occurrence-specific context or an approved safe alias.
NAME_02243,james gibbens,James Gibbens,1,James Gibbens,0,suggestion_only,Do not merge occurrences into one person without occurrence-specific context or an approved safe alias.
NAME_02244,james haberly,James Haberly,2,James Haberly | M' James Haberly,0,suggestion_only,Do not merge occurrences into one person without occurrence-specific context or an approved safe alias.
NAME_02245,james hayward,James Hayward,1,James Hayward,0,suggestion_only,Do not merge occurrences into one person without occurrence-specific context or an approved safe alias.
NAME_02246,james haywood,James Haywood,1,James Haywood,0,suggestion_only,Do not merge occurrences into one person without occurrence-specific context or an approved safe alias.
NAME_02247,james hoope,James Hoope,1,James Hoope,0,suggestion_only,Do not merge occurrences into one person without occurrence-specific context or an approved safe alias.
NAME_02249,james i.,James I.,3,James I,0,suggestion_only,Do not merge occurrences into one person without occurrence-specific context or an approved safe alias.
NAME_02250,james j,James J,1,James J,0,suggestion_only,Do not merge occurrences into one person without occurrence-specific context or an approved safe alias.
NAME_02251,james jacobson,James Jacobson,1,James Jacobson,0,suggestion_only,Do not merge occurrences into one person without occurrence-specific context or an approved safe alias.
NAME_02252,james jelfe,James Jelfe,1,James Jelfe,0,suggestion_only,Do not merge occurrences into one person without occurrence-specific context or an approved safe alias.
NAME_02253,james jewells,James Jewells,1,James Jewells,0,suggestion_only,Do not merge occurrences into one person without occurrence-specific context or an approved safe alias.
NAME_02254,james mawtam,James Mawtam,1,James Mawtam,0,suggestion_only,Do not merge occurrences into one person without occurrence-specific context or an approved safe alias.
NAME_02255,james maxwell,James Maxwell,1,M* James Maxwell,0,suggestion_only,Do not merge occurrences into one person without occurrence-specific context or an approved safe alias.
NAME_02256,james monger-,James Monger-,1,James Monger-,0,suggestion_only,Do not merge occurrences into one person without occurrence-specific context or an approved safe alias.
NAME_02257,james montague,James Montague,1,James Montague,0,suggestion_only,Do not merge occurrences into one person without occurrence-specific context or an approved safe alias.
NAME_02258,james mootham,James Mootham,1,James Mootham,0,suggestion_only,Do not merge occurrences into one person without occurrence-specific context or an approved safe alias.
NAME_02259,james mountague,James Mountague,1,James Mountague,0,suggestion_only,Do not merge occurrences into one person without occurrence-specific context or an approved safe alias.
NAME_02260,james parrott,James Parrott,1,James Parrott,0,suggestion_only,Do not merge occurrences into one person without occurrence-specific context or an approved safe alias.
NAME_02261,james r,James R,3,James R,0,suggestion_only,Do not merge occurrences into one person without occurrence-specific context or an approved safe alias.
NAME_02262,james rex,James Rex,1,James Rex,0,suggestion_only,Do not merge occurrences into one person without occurrence-specific context or an approved safe alias.
NAME_02263,james riuer,James Riuer,3,"James
Riuer | James Riuer",0,suggestion_only,Do not merge occurrences into one person without occurrence-specific context or an approved safe alias.
NAME_02265,james russell,James Russell,1,James Russell,0,suggestion_only,Do not merge occurrences into one person without occurrence-specific context or an approved safe alias.
NAME_02266,james steward,James Steward,1,James Steward,0,suggestion_only,Do not merge occurrences into one person without occurrence-specific context or an approved safe alias.
NAME_02267,james swifte,James Swifte,3,James Swifte | m* James Swifte,0,suggestion_only,Do not merge occurrences into one person without occurrence-specific context or an approved safe alias.
NAME_02268,james taylour,James Taylour,1,James Taylour,0,suggestion_only,Do not merge occurrences into one person without occurrence-specific context or an approved safe alias.
NAME_02269,james thorley,James Thorley,1,James Thorley,0,suggestion_only,Do not merge occurrences into one person without occurrence-specific context or an approved safe alias.
NAME_02270,james ti,James TI,1,James TI,0,suggestion_only,Do not merge occurrences into one person without occurrence-specific context or an approved safe alias.
NAME_02273,james usher,James Usher,1,James Usher,0,suggestion_only,Do not merge occurrences into one person without occurrence-specific context or an approved safe alias.
NAME_02274,james white,James White,1,James White,0,suggestion_only,Do not merge occurrences into one person without occurrence-specific context or an approved safe alias.
NAME_02275,james woodeott,James Woodeott,1,James Woodeott,0,suggestion_only,Do not merge occurrences into one person without occurrence-specific context or an approved safe alias.
NAME_02276,jane dickenson,Jane Dickenson,3,Jane Dickenson,0,suggestion_only,Do not merge occurrences into one person without occurrence-specific context or an approved safe alias.
NAME_02277,jane dickins,Jane Dickins,1,Jane Dickins,0,suggestion_only,Do not merge occurrences into one person without occurrence-specific context or an approved safe alias.
NAME_02278,janes cambell,Janes Cambell,1,Janes Cambell,0,suggestion_only,Do not merge occurrences into one person without occurrence-specific context or an approved safe alias.
NAME_02279,janes cittie,Janes Cittie,1,Janes Cittie,0,suggestion_only,Do not merge occurrences into one person without occurrence-specific context or an approved safe alias.
NAME_02280,janes skelton,Janes Skelton,1,Janes Skelton,0,suggestion_only,Do not merge occurrences into one person without occurrence-specific context or an approved safe alias.
NAME_02285,japez wuitraker,Japez Wuitraker,1,Japez Wuitraker,0,suggestion_only,Do not merge occurrences into one person without occurrence-specific context or an approved safe alias.
NAME_02286,jaques walter,Jaques Walter,1,"Jaques
Walter",0,suggestion_only,Do not merge occurrences into one person without occurrence-specific context or an approved safe alias.
NAME_02289,jehn durait,Jehn Durait,1,Jehn Durait,0,suggestion_only,Do not merge occurrences into one person without occurrence-specific context or an approved safe alias.
NAME_02290,jel bas,Jel Bas,1,Jel Bas,0,suggestion_only,Do not merge occurrences into one person without occurrence-specific context or an approved safe alias.
NAME_02291,jeremy whiniard,Jeremy Whiniard,1,Jeremy Whiniard,0,suggestion_only,Do not merge occurrences into one person without occurrence-specific context or an approved safe alias.
NAME_02292,jermyn. in,Jermyn. In,1,M' Jermyn. In,0,suggestion_only,Do not merge occurrences into one person without occurrence-specific context or an approved safe alias.
NAME_02293,jermyns chamber,Jermyns Chamber,2,m' Jermyns Chamber,0,suggestion_only,Do not merge occurrences into one person without occurrence-specific context or an approved safe alias.
NAME_02294,jerome heydon,Jerome Heydon,1,Jerome Heydon,0,suggestion_only,Do not merge occurrences into one person without occurrence-specific context or an approved safe alias.
NAME_02295,jerome ponreey,Jerome Ponreey,1,Jerome Ponreey,0,suggestion_only,Do not merge occurrences into one person without occurrence-specific context or an approved safe alias.
NAME_02296,jeromie pearcey,Jeromie Pearcey,1,Jeromie Pearcey,0,suggestion_only,Do not merge occurrences into one person without occurrence-specific context or an approved safe alias.
NAME_02297,jeronie heydon,Jeronie Heydon,1,Jeronie Heydon,0,suggestion_only,Do not merge occurrences into one person without occurrence-specific context or an approved safe alias.
NAME_02298,jest jeane,Jest Jeane,1,Jest Jeane,0,suggestion_only,Do not merge occurrences into one person without occurrence-specific context or an approved safe alias.
NAME_02299,jesus christ,Jesus Christ,1,Lord Jesus Christ,0,suggestion_only,Do not merge occurrences into one person without occurrence-specific context or an approved safe alias.
NAME_02300,jhon arundell,Jhon Arundell,2,M' Jhon Arundell,0,suggestion_only,Do not merge occurrences into one person without occurrence-specific context or an approved safe alias.
NAME_02301,jhon drake,Jhon Drake,1,M' Jhon Drake,0,suggestion_only,Do not merge occurrences into one person without occurrence-specific context or an approved safe alias.
NAME_02302,jhon farrar,Jhon Farrar,1,m’ Jhon Farrar,0,suggestion_only,Do not merge occurrences into one person without occurrence-specific context or an approved safe alias.
NAME_02303,jhon jackson,Jhon Jackson,2,M* Jhon Jackson,0,suggestion_only,Do not merge occurrences into one person without occurrence-specific context or an approved safe alias.
NAME_02304,jhon kinge,Jhon Kinge,1,Jhon Kinge,0,suggestion_only,Do not merge occurrences into one person without occurrence-specific context or an approved safe alias.
NAME_02305,jhon moore,Jhon Moore,1,Jhon Moore,0,suggestion_only,Do not merge occurrences into one person without occurrence-specific context or an approved safe alias.
NAME_02306,jhon scudamor,Jhon Scudamor,1,Jhon Scudamor,0,suggestion_only,Do not merge occurrences into one person without occurrence-specific context or an approved safe alias.
NAME_02307,jhon stradlyng,Jhon Stradlyng,1,Jhon Stradlyng,0,suggestion_only,Do not merge occurrences into one person without occurrence-specific context or an approved safe alias.
NAME_02308,jil mg,Jil Mg,1,Jil Mg,0,suggestion_only,Do not merge occurrences into one person without occurrence-specific context or an approved safe alias.
NAME_02309,jlenry colthurst,Jlenry Colthurst,1,Jlenry Colthurst,0,suggestion_only,Do not merge occurrences into one person without occurrence-specific context or an approved safe alias.
NAME_02310,jn witness,Jn Witness,1,Jn Witness,0,suggestion_only,Do not merge occurrences into one person without occurrence-specific context or an approved safe alias.
NAME_02311,jo farrar,Jo Farrar,2,M* Jo Farrar,0,suggestion_only,Do not merge occurrences into one person without occurrence-specific context or an approved safe alias.
NAME_02312,jo lincotn,Jo Lincotn,1,Jo Lincotn,0,suggestion_only,Do not merge occurrences into one person without occurrence-specific context or an approved safe alias.
NAME_02314,jo porter,Jo Porter,1,Jo Porter,0,suggestion_only,Do not merge occurrences into one person without occurrence-specific context or an approved safe alias.
NAME_02317,jo worselins,Jo Worselins,1,Jo Worselins,0,suggestion_only,Do not merge occurrences into one person without occurrence-specific context or an approved safe alias.
NAME_02319,jo. farrar,Jo. Farrar,1,M' Jo. Farrar,0,suggestion_only,Do not merge occurrences into one person without occurrence-specific context or an approved safe alias.
NAME_02320,jo. hill,Jo. Hill,1,M* Jo. Hill,0,suggestion_only,Do not merge occurrences into one person without occurrence-specific context or an approved safe alias.
NAME_02323,joane danks,Joane Danks,1,Joane Danks,0,suggestion_only,Do not merge occurrences into one person without occurrence-specific context or an approved safe alias.
NAME_02325,jobn sarier,Jobn Sarier,1,Jobn Sarier,0,suggestion_only,Do not merge occurrences into one person without occurrence-specific context or an approved safe alias.
NAME_02326,jobno harris,Jobno Harris,1,Jobno Harris,0,suggestion_only,Do not merge occurrences into one person without occurrence-specific context or an approved safe alias.
NAME_02327,jobo bache,Jobo Bache,1,Jobo Bache,0,suggestion_only,Do not merge occurrences into one person without occurrence-specific context or an approved safe alias.
NAME_02328,jobw brann,Jobw Brann,1,Jobw Brann,0,suggestion_only,Do not merge occurrences into one person without occurrence-specific context or an approved safe alias.
NAME_02329,joe hated,Joe Hated,1,Joe Hated,0,suggestion_only,Do not merge occurrences into one person without occurrence-specific context or an approved safe alias.
NAME_02330,johaani levett,Johaani Levett,1,Johaani Levett,0,suggestion_only,Do not merge occurrences into one person without occurrence-specific context or an approved safe alias.
NAME_02331,johan johuson,Johan Johuson,1,Johan Johuson,0,suggestion_only,Do not merge occurrences into one person without occurrence-specific context or an approved safe alias.
NAME_02333,johann jones,Johann Jones,1,Johann Jones,0,suggestion_only,Do not merge occurrences into one person without occurrence-specific context or an approved safe alias.
NAME_02334,johann quarles,Johann Quarles,1,Johann Quarles,0,suggestion_only,Do not merge occurrences into one person without occurrence-specific context or an approved safe alias.
NAME_02335,johannem cuffe,Johannem Cuffe,2,Johannem Cuffe,0,suggestion_only,Do not merge occurrences into one person without occurrence-specific context or an approved safe alias.
NAME_02337,johannem iwirrell,Johannem IWirrell,1,Johannem IWirrell,0,suggestion_only,Do not merge occurrences into one person without occurrence-specific context or an approved safe alias.
NAME_02339,johannes iirrell,Johannes Iirrell,1,Johannes Iirrell,0,suggestion_only,Do not merge occurrences into one person without occurrence-specific context or an approved safe alias.
NAME_02340,johannes seott,Johannes Seott,1,Johannes Seott,0,suggestion_only,Do not merge occurrences into one person without occurrence-specific context or an approved safe alias.
NAME_02341,johannes wirrell,Johannes Wirrell,1,Johannes Wirrell,0,suggestion_only,Do not merge occurrences into one person without occurrence-specific context or an approved safe alias.
NAME_02342,johanni allen,Johanni Allen,1,Johanni Allen,0,suggestion_only,Do not merge occurrences into one person without occurrence-specific context or an approved safe alias.
NAME_02343,johanni andrewes,Johanni Andrewes,1,Johanni Andrewes,0,suggestion_only,Do not merge occurrences into one person without occurrence-specific context or an approved safe alias.
NAME_02344,johanni ashley,Johanni Ashley,1,Johanni Ashley,0,suggestion_only,Do not merge occurrences into one person without occurrence-specific context or an approved safe alias.
NAME_02345,johanni badger,Johanni Badger,1,Johanni Badger,0,suggestion_only,Do not merge occurrences into one person without occurrence-specific context or an approved safe alias.
NAME_02346,johanni baker,Johanni Baker,1,Johanni Baker,0,suggestion_only,Do not merge occurrences into one person without occurrence-specific context or an approved safe alias.
NAME_02347,johanni bancks,Johanni Bancks,1,Johanni Bancks,0,suggestion_only,Do not merge occurrences into one person without occurrence-specific context or an approved safe alias.
NAME_02348,johanni beadle,Johanni Beadle,1,Johanni Beadle,0,suggestion_only,Do not merge occurrences into one person without occurrence-specific context or an approved safe alias.
NAME_02349,johanni bingham,Johanni Bingham,1,Johanni Bingham,0,suggestion_only,Do not merge occurrences into one person without occurrence-specific context or an approved safe alias.
NAME_02350,johanni bingley,Johanni Bingley,1,Johanni Bingley,0,suggestion_only,Do not merge occurrences into one person without occurrence-specific context or an approved safe alias.
NAME_02351,johanni blundell,Johanni Blundell,1,Johanni Blundell,0,suggestion_only,Do not merge occurrences into one person without occurrence-specific context or an approved safe alias.
NAME_02352,johanni blunt,Johanni Blunt,1,Johanni Blunt,0,suggestion_only,Do not merge occurrences into one person without occurrence-specific context or an approved safe alias.
NAME_02353,johanni bree,Johanni Bree,1,Johanni Bree,0,suggestion_only,Do not merge occurrences into one person without occurrence-specific context or an approved safe alias.
NAME_02354,johanni brooke,Johanni Brooke,1,Johanni Brooke,0,suggestion_only,Do not merge occurrences into one person without occurrence-specific context or an approved safe alias.
NAME_02355,johanni burlace,Johanni Burlace,1,Johanni Burlace,0,suggestion_only,Do not merge occurrences into one person without occurrence-specific context or an approved safe alias.
NAME_02356,johanni busbridge,Johanni Busbridge,1,Johanni Busbridge,0,suggestion_only,Do not merge occurrences into one person without occurrence-specific context or an approved safe alias.
NAME_02357,johanni cason,Johanni Cason,1,Johanni Cason,0,suggestion_only,Do not merge occurrences into one person without occurrence-specific context or an approved safe alias.
NAME_02358,johanni clapham,Johanni Clapham,1,"Johanni
Clapham",0,suggestion_only,Do not merge occurrences into one person without occurrence-specific context or an approved safe alias.
NAME_02359,johanni cooke,Johanni Cooke,1,Johanni Cooke,0,suggestion_only,Do not merge occurrences into one person without occurrence-specific context or an approved safe alias.
NAME_02360,johanni cooper,Johanni Cooper,1,Johanni Cooper,0,suggestion_only,Do not merge occurrences into one person without occurrence-specific context or an approved safe alias.
NAME_02361,johanni corill,Johanni Corill,1,Johanni Corill,0,suggestion_only,Do not merge occurrences into one person without occurrence-specific context or an approved safe alias.
NAME_02362,johanni cornellis,Johanni Cornellis,1,Johanni Cornellis,0,suggestion_only,Do not merge occurrences into one person without occurrence-specific context or an approved safe alias.
NAME_02363,johanni crannedge,Johanni Crannedge,1,Johanni Crannedge,0,suggestion_only,Do not merge occurrences into one person without occurrence-specific context or an approved safe alias.
NAME_02364,johanni davis,Johanni Davis,1,Johanni Davis,0,suggestion_only,Do not merge occurrences into one person without occurrence-specific context or an approved safe alias.
NAME_02365,johanni digby,Johanni Digby,1,Johanni Digby,0,suggestion_only,Do not merge occurrences into one person without occurrence-specific context or an approved safe alias.
NAME_02366,johanni dike,Johanni Dike,1,Johanni Dike,0,suggestion_only,Do not merge occurrences into one person without occurrence-specific context or an approved safe alias.
NAME_02367,johanni ellis,Johanni Ellis,1,Johanni Ellis,0,suggestion_only,Do not merge occurrences into one person without occurrence-specific context or an approved safe alias.
NAME_02368,johanni gardiner,Johanni Gardiner,1,Johanni Gardiner,0,suggestion_only,Do not merge occurrences into one person without occurrence-specific context or an approved safe alias.
NAME_02369,johanni gerringe,Johanni Gerringe,1,Johanni Gerringe,0,suggestion_only,Do not merge occurrences into one person without occurrence-specific context or an approved safe alias.
NAME_02370,johanni grey,Johanni Grey,1,Johanni Grey,0,suggestion_only,Do not merge occurrences into one person without occurrence-specific context or an approved safe alias.
NAME_02371,johanni handforde,Johanni Handforde,1,Johanni Handforde,0,suggestion_only,Do not merge occurrences into one person without occurrence-specific context or an approved safe alias.
NAME_02372,johanni hawkens,Johanni Hawkens,1,Johanni Hawkens,0,suggestion_only,Do not merge occurrences into one person without occurrence-specific context or an approved safe alias.
NAME_02373,johanni haywarde,Johanni Haywarde,1,"Johanni
Haywarde",0,suggestion_only,Do not merge occurrences into one person without occurrence-specific context or an approved safe alias.
NAME_02374,johanni hide,Johanni Hide,1,Johanni Hide,0,suggestion_only,Do not merge occurrences into one person without occurrence-specific context or an approved safe alias.
NAME_02375,johanni hodges,Johanni Hodges,1,Johanni Hodges,0,suggestion_only,Do not merge occurrences into one person without occurrence-specific context or an approved safe alias.
NAME_02376,johanni hodgson,Johanni Hodgson,1,Johanni Hodgson,0,suggestion_only,Do not merge occurrences into one person without occurrence-specific context or an approved safe alias.
NAME_02377,johanni hollis,Johanni Hollis,1,Johanni Hollis,0,suggestion_only,Do not merge occurrences into one person without occurrence-specific context or an approved safe alias.
NAME_02378,johanni huntley,Johanni Huntley,1,Johanni Huntley,0,suggestion_only,Do not merge occurrences into one person without occurrence-specific context or an approved safe alias.
NAME_02379,johanni josuah,Johanni Josuah,1,Johanni Josuah,0,suggestion_only,Do not merge occurrences into one person without occurrence-specific context or an approved safe alias.
NAME_02380,johanni kldred,Johanni Kldred,1,Johanni Kldred,0,suggestion_only,Do not merge occurrences into one person without occurrence-specific context or an approved safe alias.
NAME_02381,johanni ltolte,Johanni Ltolte,1,Johanni Ltolte,0,suggestion_only,Do not merge occurrences into one person without occurrence-specific context or an approved safe alias.
NAME_02382,johanni mallory,Johanni Mallory,1,Johanni Mallory,0,suggestion_only,Do not merge occurrences into one person without occurrence-specific context or an approved safe alias.
NAME_02383,johanni marshe,Johanni Marshe,1,Johanni Marshe,0,suggestion_only,Do not merge occurrences into one person without occurrence-specific context or an approved safe alias.
NAME_02385,johanni merrick,Johanni Merrick,1,Johanni Merrick,0,suggestion_only,Do not merge occurrences into one person without occurrence-specific context or an approved safe alias.
NAME_02386,johanni moons,Johanni Moons,1,Johanni Moons,0,suggestion_only,Do not merge occurrences into one person without occurrence-specific context or an approved safe alias.
NAME_02387,johanni newhouse,Johanni Newhouse,1,Johanni Newhouse,0,suggestion_only,Do not merge occurrences into one person without occurrence-specific context or an approved safe alias.
NAME_02388,johanni ogle,Johanni Ogle,1,Johanni Ogle,0,suggestion_only,Do not merge occurrences into one person without occurrence-specific context or an approved safe alias.
NAME_02389,johanni parsons,Johanni Parsons,1,Johanni Parsons,0,suggestion_only,Do not merge occurrences into one person without occurrence-specific context or an approved safe alias.
NAME_02390,johanni pratt,Johanni Pratt,1,Johanni Pratt,0,suggestion_only,Do not merge occurrences into one person without occurrence-specific context or an approved safe alias.
NAME_02391,johanni ratcliffe,Johanni Ratcliffe,1,Johanni Ratcliffe,0,suggestion_only,Do not merge occurrences into one person without occurrence-specific context or an approved safe alias.
NAME_02392,johanni robinson,Johanni Robinson,2,Johanni Robinson,0,suggestion_only,Do not merge occurrences into one person without occurrence-specific context or an approved safe alias.
NAME_02393,johanni russell,Johanni Russell,1,Johanni Russell,0,suggestion_only,Do not merge occurrences into one person without occurrence-specific context or an approved safe alias.
NAME_02394,johanni scott,Johanni Scott,1,Johanni Scott,0,suggestion_only,Do not merge occurrences into one person without occurrence-specific context or an approved safe alias.
NAME_02395,johanni smyth,Johanni Smyth,1,Johanni Smyth,0,suggestion_only,Do not merge occurrences into one person without occurrence-specific context or an approved safe alias.
NAME_02396,johanni smythe,Johanni Smythe,1,Johanni Smythe,0,suggestion_only,Do not merge occurrences into one person without occurrence-specific context or an approved safe alias.
NAME_02397,johanni southicke,Johanni Southicke,1,"Johanni
Southicke",0,suggestion_only,Do not merge occurrences into one person without occurrence-specific context or an approved safe alias.
NAME_02398,johanni st.,Johanni St.,1,Johanni St,0,suggestion_only,Do not merge occurrences into one person without occurrence-specific context or an approved safe alias.
NAME_02399,johanni starpe,Johanni Starpe,1,Johanni Starpe,0,suggestion_only,Do not merge occurrences into one person without occurrence-specific context or an approved safe alias.
NAME_02400,johanni stockin,Johanni Stockin,1,"Johanni
Stockin",0,suggestion_only,Do not merge occurrences into one person without occurrence-specific context or an approved safe alias.
NAME_02401,johanni stokes,Johanni Stokes,1,Johanni Stokes,0,suggestion_only,Do not merge occurrences into one person without occurrence-specific context or an approved safe alias.
NAME_02402,johanni streate,Johanni Streate,1,Johanni Streate,0,suggestion_only,Do not merge occurrences into one person without occurrence-specific context or an approved safe alias.
NAME_02403,johanni swinhowe,Johanni Swinhowe,1,Johanni Swinhowe,0,suggestion_only,Do not merge occurrences into one person without occurrence-specific context or an approved safe alias.
NAME_02404,johanni tarper,Johanni Tarper,1,Johanni Tarper,0,suggestion_only,Do not merge occurrences into one person without occurrence-specific context or an approved safe alias.
NAME_02405,johanni taverner,Johanni Taverner,1,Johanni Taverner,0,suggestion_only,Do not merge occurrences into one person without occurrence-specific context or an approved safe alias.
NAME_02406,johanni topkins,Johanni Topkins,1,Johanni Topkins,0,suggestion_only,Do not merge occurrences into one person without occurrence-specific context or an approved safe alias.
NAME_02407,johanni townsende,Johanni Townsende,1,Johanni Townsende,0,suggestion_only,Do not merge occurrences into one person without occurrence-specific context or an approved safe alias.
NAME_02408,johanni trevor,Johanni Trevor,1,Johanni Trevor,0,suggestion_only,Do not merge occurrences into one person without occurrence-specific context or an approved safe alias.
NAME_02409,johanni vassell,Johanni Vassell,1,Johanni Vassell,0,suggestion_only,Do not merge occurrences into one person without occurrence-specific context or an approved safe alias.
NAME_02410,johanni watts,Johanni Watts,1,Johanni Watts,0,suggestion_only,Do not merge occurrences into one person without occurrence-specific context or an approved safe alias.
NAME_02411,johanni west,Johanni West,1,Johanni West,0,suggestion_only,Do not merge occurrences into one person without occurrence-specific context or an approved safe alias.
NAME_02412,johanni westrowe,Johanni Westrowe,1,Johanni Westrowe,0,suggestion_only,Do not merge occurrences into one person without occurrence-specific context or an approved safe alias.
NAME_02413,johanni whittingham,Johanni Whittingham,1,Johanni Whittingham,0,suggestion_only,Do not merge occurrences into one person without occurrence-specific context or an approved safe alias.
NAME_02414,johanni wikyn,Johanni Wikyn,1,Johanni Wikyn,0,suggestion_only,Do not merge occurrences into one person without occurrence-specific context or an approved safe alias.
NAME_02415,johanni woodall,Johanni Woodall,1,Johanni Woodall,0,suggestion_only,Do not merge occurrences into one person without occurrence-specific context or an approved safe alias.
NAME_02416,johanni woodlife,Johanni Woodlife,1,Johanni Woodlife,0,suggestion_only,Do not merge occurrences into one person without occurrence-specific context or an approved safe alias.
NAME_02417,johanni wright,Johanni Wright,1,Johanni Wright,0,suggestion_only,Do not merge occurrences into one person without occurrence-specific context or an approved safe alias.
NAME_02418,johannis cuffe,Johannis Cuffe,1,Johannis Cuffe,0,suggestion_only,Do not merge occurrences into one person without occurrence-specific context or an approved safe alias.
NAME_02420,johannis havercombe,Johannis Havercombe,1,Johannis Havercombe,0,suggestion_only,Do not merge occurrences into one person without occurrence-specific context or an approved safe alias.
NAME_02421,johannis trevor,Johannis Trevor,1,Johannis Trevor,0,suggestion_only,Do not merge occurrences into one person without occurrence-specific context or an approved safe alias.
NAME_02422,johannt bullocke,Johannt Bullocke,1,Johannt Bullocke,0,suggestion_only,Do not merge occurrences into one person without occurrence-specific context or an approved safe alias.
NAME_02423,johannt digley,Johannt Digley,1,Johannt Digley,0,suggestion_only,Do not merge occurrences into one person without occurrence-specific context or an approved safe alias.
NAME_02424,joharmi waller,Joharmi Waller,1,Joharmi Waller,0,suggestion_only,Do not merge occurrences into one person without occurrence-specific context or an approved safe alias.
NAME_02425,johauni durant,Johauni Durant,1,Johauni Durant,0,suggestion_only,Do not merge occurrences into one person without occurrence-specific context or an approved safe alias.
NAME_02426,johauni gilbert,Johauni Gilbert,1,Johauni Gilbert,0,suggestion_only,Do not merge occurrences into one person without occurrence-specific context or an approved safe alias.
NAME_02427,johem havercombe,Johem Havercombe,2,Johem Havercombe,0,suggestion_only,Do not merge occurrences into one person without occurrence-specific context or an approved safe alias.
NAME_02428,johem popham,Johem Popham,1,Johem Popham,0,suggestion_only,Do not merge occurrences into one person without occurrence-specific context or an approved safe alias.
NAME_02429,johes havercome,Johes Havercome,2,Johes Havercome,0,suggestion_only,Do not merge occurrences into one person without occurrence-specific context or an approved safe alias.
NAME_02430,johes havereome,Johes Havereome,1,Johes Havereome,0,suggestion_only,Do not merge occurrences into one person without occurrence-specific context or an approved safe alias.
NAME_02431,johis havercombe,Johis Havercombe,1,Johis Havercombe,0,suggestion_only,Do not merge occurrences into one person without occurrence-specific context or an approved safe alias.
NAME_02432,john ackland,John Ackland,1,John Ackland,0,suggestion_only,Do not merge occurrences into one person without occurrence-specific context or an approved safe alias.
NAME_02433,john allen,John Allen,1,"John
Allen",0,suggestion_only,Do not merge occurrences into one person without occurrence-specific context or an approved safe alias.
NAME_02434,john allen-,John Allen-,1,John Allen-,0,suggestion_only,Do not merge occurrences into one person without occurrence-specific context or an approved safe alias.
NAME_02435,john andres,John Andres,1,John Andres,0,suggestion_only,Do not merge occurrences into one person without occurrence-specific context or an approved safe alias.
NAME_02436,john andrews,John Andrews,1,John Andrews,0,suggestion_only,Do not merge occurrences into one person without occurrence-specific context or an approved safe alias.
NAME_02437,john archer,John Archer,1,John Archer,0,suggestion_only,Do not merge occurrences into one person without occurrence-specific context or an approved safe alias.
NAME_02438,john argoll,John Argoll,1,John Argoll,0,suggestion_only,Do not merge occurrences into one person without occurrence-specific context or an approved safe alias.
NAME_02439,john arundell,John Arundell,2,John Arundell,0,suggestion_only,Do not merge occurrences into one person without occurrence-specific context or an approved safe alias.
NAME_02440,john ashley,John Ashley,1,Captain John Ashley,0,suggestion_only,Do not merge occurrences into one person without occurrence-specific context or an approved safe alias.
NAME_02441,john badger,John Badger,3,John Badger,0,suggestion_only,Do not merge occurrences into one person without occurrence-specific context or an approved safe alias.
NAME_02442,john baker,John Baker,1,John Baker,0,suggestion_only,Do not merge occurrences into one person without occurrence-specific context or an approved safe alias.
NAME_02443,john banks,John Banks,1,John Banks,0,suggestion_only,Do not merge occurrences into one person without occurrence-specific context or an approved safe alias.
NAME_02444,john baptist,John Baptist,6,"John
Baptist | John Baptist",0,suggestion_only,Do not merge occurrences into one person without occurrence-specific context or an approved safe alias.
NAME_02447,john bargrave’s,John Bargrave’s,2,John Bargrave’s,0,suggestion_only,Do not merge occurrences into one person without occurrence-specific context or an approved safe alias.
NAME_02448,john bargraye,John Bargraye,1,John Bargraye,0,suggestion_only,Do not merge occurrences into one person without occurrence-specific context or an approved safe alias.
NAME_02449,john bargraye’s,John Bargraye’s,2,Captain John Bargraye’s,0,suggestion_only,Do not merge occurrences into one person without occurrence-specific context or an approved safe alias.
NAME_02450,john bargroue,John Bargroue,2,John Bargroue | M' John Bargroue,0,suggestion_only,Do not merge occurrences into one person without occurrence-specific context or an approved safe alias.
NAME_02451,john barker,John Barker,2,John Barker,0,suggestion_only,Do not merge occurrences into one person without occurrence-specific context or an approved safe alias.
NAME_02452,john barnard,John Barnard,1,John Barnard,0,suggestion_only,Do not merge occurrences into one person without occurrence-specific context or an approved safe alias.
NAME_02453,john barnett,John Barnett,1,John Barnett,0,suggestion_only,Do not merge occurrences into one person without occurrence-specific context or an approved safe alias.
NAME_02454,john basingthwayte,John Basingthwayte,1,John Basingthwayte,0,suggestion_only,Do not merge occurrences into one person without occurrence-specific context or an approved safe alias.
NAME_02455,john bayly,John Bayly,1,John Bayly,0,suggestion_only,Do not merge occurrences into one person without occurrence-specific context or an approved safe alias.
NAME_02456,john baynham,John Baynham,1,John Baynham,0,suggestion_only,Do not merge occurrences into one person without occurrence-specific context or an approved safe alias.
NAME_02457,john be,John Be,1,John Be,0,suggestion_only,Do not merge occurrences into one person without occurrence-specific context or an approved safe alias.
NAME_02458,john beadle,John Beadle,1,John Beadle,0,suggestion_only,Do not merge occurrences into one person without occurrence-specific context or an approved safe alias.
NAME_02459,john bearnard,John Bearnard,1,John Bearnard,0,suggestion_only,Do not merge occurrences into one person without occurrence-specific context or an approved safe alias.
NAME_02460,john beaumont,John Beaumont,1,John Beaumont,0,suggestion_only,Do not merge occurrences into one person without occurrence-specific context or an approved safe alias.
NAME_02461,john benet,John Benet,1,Sir John Benet,0,suggestion_only,Do not merge occurrences into one person without occurrence-specific context or an approved safe alias.
NAME_02462,john benet......-.....-.-------------------------------,John Benet......-.....-.-------------------------------,1,Sir John Benet......-.....-.-------------------------------,0,suggestion_only,Do not merge occurrences into one person without occurrence-specific context or an approved safe alias.
NAME_02463,john bennet,John Bennet,1,John Bennet,0,suggestion_only,Do not merge occurrences into one person without occurrence-specific context or an approved safe alias.
NAME_02464,john beomont.-----------,John Beomont.-----------,1,John Beomont.-----------,0,suggestion_only,Do not merge occurrences into one person without occurrence-specific context or an approved safe alias.
NAME_02468,john biachall,John Biachall,1,M' John Biachall,0,suggestion_only,Do not merge occurrences into one person without occurrence-specific context or an approved safe alias.
NAME_02469,john biachall.,John Biachall.,1,M' John Biachall,0,suggestion_only,Do not merge occurrences into one person without occurrence-specific context or an approved safe alias.
NAME_02470,john bingley,John Bingley,1,John Bingley,0,suggestion_only,Do not merge occurrences into one person without occurrence-specific context or an approved safe alias.
NAME_02471,john blanchard,John Blanchard,5,John Blanchard,0,suggestion_only,Do not merge occurrences into one person without occurrence-specific context or an approved safe alias.
NAME_02474,john blisse,John Blisse,1,John Blisse,0,suggestion_only,Do not merge occurrences into one person without occurrence-specific context or an approved safe alias.
NAME_02475,john blount,John Blount,1,John Blount,0,suggestion_only,Do not merge occurrences into one person without occurrence-specific context or an approved safe alias.
NAME_02476,john blower,John Blower,1,John Blower,0,suggestion_only,Do not merge occurrences into one person without occurrence-specific context or an approved safe alias.
NAME_02477,john blowers,John Blowers,1,John Blowers,0,suggestion_only,Do not merge occurrences into one person without occurrence-specific context or an approved safe alias.
NAME_02478,john blundell,John Blundell,1,Captain John Blundell,0,suggestion_only,Do not merge occurrences into one person without occurrence-specific context or an approved safe alias.
NAME_02479,john blunt,John Blunt,2,John Blunt,0,suggestion_only,Do not merge occurrences into one person without occurrence-specific context or an approved safe alias.
NAME_02481,john bonner,John Bonner,1,John Bonner,0,suggestion_only,Do not merge occurrences into one person without occurrence-specific context or an approved safe alias.
NAME_02482,john bonoeil,John Bonoeil,2,John Bonoeil,0,suggestion_only,Do not merge occurrences into one person without occurrence-specific context or an approved safe alias.
NAME_02483,john bonovill,John Bonovill,1,John Bonovill,0,suggestion_only,Do not merge occurrences into one person without occurrence-specific context or an approved safe alias.
NAME_02485,john bourchier,John Bourchier,1,John Bourchier,0,suggestion_only,Do not merge occurrences into one person without occurrence-specific context or an approved safe alias.
NAME_02486,john bourechier,John Bourechier,1,John Bourechier,0,suggestion_only,Do not merge occurrences into one person without occurrence-specific context or an approved safe alias.
NAME_02487,john bowater,John Bowater,1,John Bowater,0,suggestion_only,Do not merge occurrences into one person without occurrence-specific context or an approved safe alias.
NAME_02488,john boys,John Boys,5,John Boys | M* John Boys | Mr. John Boys,0,suggestion_only,Do not merge occurrences into one person without occurrence-specific context or an approved safe alias.
NAME_02489,john bragrave,John Bragrave,1,John Bragrave,0,suggestion_only,Do not merge occurrences into one person without occurrence-specific context or an approved safe alias.
NAME_02490,john bree,John Bree,1,John Bree,0,suggestion_only,Do not merge occurrences into one person without occurrence-specific context or an approved safe alias.
NAME_02491,john brewer,John Brewer,1,John Brewer,0,suggestion_only,Do not merge occurrences into one person without occurrence-specific context or an approved safe alias.
NAME_02492,john brinsly,John Brinsly,1,John Brinsly,0,suggestion_only,Do not merge occurrences into one person without occurrence-specific context or an approved safe alias.
NAME_02494,john brough,John Brough,2,Capt. John Brough,0,suggestion_only,Do not merge occurrences into one person without occurrence-specific context or an approved safe alias.
NAME_02495,john brunnet,John Brunnet,1,John Brunnet,0,suggestion_only,Do not merge occurrences into one person without occurrence-specific context or an approved safe alias.
NAME_02496,john bucher,John Bucher,1,John Bucher,0,suggestion_only,Do not merge occurrences into one person without occurrence-specific context or an approved safe alias.
NAME_02497,john budge,John Budge,2,John Budge,0,suggestion_only,Do not merge occurrences into one person without occurrence-specific context or an approved safe alias.
NAME_02498,john budge.,John Budge.,1,John Budge,0,suggestion_only,Do not merge occurrences into one person without occurrence-specific context or an approved safe alias.
NAME_02499,john bullocke,John Bullocke,2,John Bullocke,0,suggestion_only,Do not merge occurrences into one person without occurrence-specific context or an approved safe alias.
NAME_02500,john burdely,John Burdely,1,John Burdely,0,suggestion_only,Do not merge occurrences into one person without occurrence-specific context or an approved safe alias.
NAME_02501,john burgh,John Burgh,1,John Burgh,0,suggestion_only,Do not merge occurrences into one person without occurrence-specific context or an approved safe alias.
NAME_02502,john burrows,John Burrows,1,John Burrows,0,suggestion_only,Do not merge occurrences into one person without occurrence-specific context or an approved safe alias.
NAME_02503,john busbridge,John Busbridge,1,John Busbridge,0,suggestion_only,Do not merge occurrences into one person without occurrence-specific context or an approved safe alias.
NAME_02504,john bush,John Bush,1,John Bush,0,suggestion_only,Do not merge occurrences into one person without occurrence-specific context or an approved safe alias.
NAME_02505,john buteher,John Buteher,1,John Buteher,0,suggestion_only,Do not merge occurrences into one person without occurrence-specific context or an approved safe alias.
NAME_02506,john cabot,John Cabot,2,"John
Cabot | John Cabot",0,suggestion_only,Do not merge occurrences into one person without occurrence-specific context or an approved safe alias.
NAME_02507,john carr,John Carr,1,John Carr,0,suggestion_only,Do not merge occurrences into one person without occurrence-specific context or an approved safe alias.
NAME_02508,john carter,John Carter,4,JOHN CARTER | John Carter,0,suggestion_only,Do not merge occurrences into one person without occurrence-specific context or an approved safe alias.
NAME_02509,john cartter,John Cartter,1,John Cartter,0,suggestion_only,Do not merge occurrences into one person without occurrence-specific context or an approved safe alias.
NAME_02510,john cason,John Cason,1,John Cason,0,suggestion_only,Do not merge occurrences into one person without occurrence-specific context or an approved safe alias.
NAME_02511,john clapham,John Clapham,2,John Clapham,0,suggestion_only,Do not merge occurrences into one person without occurrence-specific context or an approved safe alias.
NAME_02512,john clarke,John Clarke,4,M' John Clarke | m* John Clarke,0,suggestion_only,Do not merge occurrences into one person without occurrence-specific context or an approved safe alias.
NAME_02513,john cole,John Cole,5,John Cole,0,suggestion_only,Do not merge occurrences into one person without occurrence-specific context or an approved safe alias.
NAME_02514,john collett,John Collett,1,John Collett,0,suggestion_only,Do not merge occurrences into one person without occurrence-specific context or an approved safe alias.
NAME_02515,john cooke,John Cooke,4,Capt John Cooke | Captain John Cooke | Captaine John Cooke,0,suggestion_only,Do not merge occurrences into one person without occurrence-specific context or an approved safe alias.
NAME_02516,john cooper,John Cooper,3,"John
Cooper | John Cooper",0,suggestion_only,Do not merge occurrences into one person without occurrence-specific context or an approved safe alias.
NAME_02517,john corill,John Corill,1,John Corill,0,suggestion_only,Do not merge occurrences into one person without occurrence-specific context or an approved safe alias.
NAME_02518,john cornelis,John Cornelis,1,John Cornelis,0,suggestion_only,Do not merge occurrences into one person without occurrence-specific context or an approved safe alias.
NAME_02519,john crowe,John Crowe,3,John Crowe | Master John Crowe,0,suggestion_only,Do not merge occurrences into one person without occurrence-specific context or an approved safe alias.
NAME_02522,john cufle,John Cufle,1,John Cufle,0,suggestion_only,Do not merge occurrences into one person without occurrence-specific context or an approved safe alias.
NAME_02523,john culpepper,John Culpepper,1,John Culpepper,0,suggestion_only,Do not merge occurrences into one person without occurrence-specific context or an approved safe alias.
NAME_02524,john cuttes,John Cuttes,1,John Cuttes,0,suggestion_only,Do not merge occurrences into one person without occurrence-specific context or an approved safe alias.
NAME_02525,john damerin,John Damerin,1,John Damerin,0,suggestion_only,Do not merge occurrences into one person without occurrence-specific context or an approved safe alias.
NAME_02526,john damyron,John Damyron,1,John Damyron,0,suggestion_only,Do not merge occurrences into one person without occurrence-specific context or an approved safe alias.
NAME_02530,john dauis,John Dauis,1,John Dauis,0,suggestion_only,Do not merge occurrences into one person without occurrence-specific context or an approved safe alias.
NAME_02532,john davis,John Davis,1,John Davis,0,suggestion_only,Do not merge occurrences into one person without occurrence-specific context or an approved safe alias.
NAME_02533,john de,John De,1,John De,0,suggestion_only,Do not merge occurrences into one person without occurrence-specific context or an approved safe alias.
NAME_02535,john dennis,John Dennis,6,John Dennis,0,suggestion_only,Do not merge occurrences into one person without occurrence-specific context or an approved safe alias.
NAME_02536,john dicke,John Dicke,1,M' John Dicke,0,suggestion_only,Do not merge occurrences into one person without occurrence-specific context or an approved safe alias.
NAME_02537,john diekes,John Diekes,1,M' John Diekes,0,suggestion_only,Do not merge occurrences into one person without occurrence-specific context or an approved safe alias.
NAME_02538,john digbié,John Digbié,1,John Digbié,0,suggestion_only,Do not merge occurrences into one person without occurrence-specific context or an approved safe alias.
NAME_02540,john digley,John Digley,1,John Digley,0,suggestion_only,Do not merge occurrences into one person without occurrence-specific context or an approved safe alias.
NAME_02541,john dike,John Dike,3,"John
Dike | John Dike",0,suggestion_only,Do not merge occurrences into one person without occurrence-specific context or an approved safe alias.
NAME_02542,john dodds,John Dodds,1,John Dodds,0,suggestion_only,Do not merge occurrences into one person without occurrence-specific context or an approved safe alias.
NAME_02543,john dodeiudge,John Dodeiudge,1,John Dodeiudge,0,suggestion_only,Do not merge occurrences into one person without occurrence-specific context or an approved safe alias.
NAME_02544,john downeman,John Downeman,1,John Downeman,0,suggestion_only,Do not merge occurrences into one person without occurrence-specific context or an approved safe alias.
NAME_02545,john downes,John Downes,1,John Downes,0,suggestion_only,Do not merge occurrences into one person without occurrence-specific context or an approved safe alias.
NAME_02546,john drake,John Drake,1,John Drake,0,suggestion_only,Do not merge occurrences into one person without occurrence-specific context or an approved safe alias.
NAME_02547,john drason,John Drason,1,"John
Drason",0,suggestion_only,Do not merge occurrences into one person without occurrence-specific context or an approved safe alias.
NAME_02549,john d’,John D’,2,John D’,0,suggestion_only,Do not merge occurrences into one person without occurrence-specific context or an approved safe alias.
NAME_02550,john eldred,John Eldred,4,John Eldred,0,suggestion_only,Do not merge occurrences into one person without occurrence-specific context or an approved safe alias.
NAME_02551,john ells,John Ells,1,John Ells,0,suggestion_only,Do not merge occurrences into one person without occurrence-specific context or an approved safe alias.
NAME_02552,john exton,John Exton,1,John Exton,0,suggestion_only,Do not merge occurrences into one person without occurrence-specific context or an approved safe alias.
NAME_02553,john fariuer,John Fariuer,1,John Fariuer,0,suggestion_only,Do not merge occurrences into one person without occurrence-specific context or an approved safe alias.
NAME_02556,john farrer.,John Farrer.,1,mr. John Farrer,0,suggestion_only,Do not merge occurrences into one person without occurrence-specific context or an approved safe alias.
NAME_02558,john ferne,John Ferne,1,John Ferne,0,suggestion_only,Do not merge occurrences into one person without occurrence-specific context or an approved safe alias.
NAME_02560,john ffilliard,John Ffilliard,1,John Ffilliard,0,suggestion_only,Do not merge occurrences into one person without occurrence-specific context or an approved safe alias.
NAME_02561,john fletcher,John Fletcher,2,John Fletcher,0,suggestion_only,Do not merge occurrences into one person without occurrence-specific context or an approved safe alias.
NAME_02562,john flower,John Flower,1,John Flower,0,suggestion_only,Do not merge occurrences into one person without occurrence-specific context or an approved safe alias.
NAME_02563,john frrrar,JoHn FRRRAR,1,JoHn FRRRAR,0,suggestion_only,Do not merge occurrences into one person without occurrence-specific context or an approved safe alias.
NAME_02564,john gardiner,John Gardiner,1,John Gardiner,0,suggestion_only,Do not merge occurrences into one person without occurrence-specific context or an approved safe alias.
NAME_02565,john geeringe,John Geeringe,2,John Geeringe,0,suggestion_only,Do not merge occurrences into one person without occurrence-specific context or an approved safe alias.
NAME_02566,john gerringe,John Gerringe,1,John Gerringe,0,suggestion_only,Do not merge occurrences into one person without occurrence-specific context or an approved safe alias.
NAME_02567,john gibbes,John Gibbes,1,John Gibbes,0,suggestion_only,Do not merge occurrences into one person without occurrence-specific context or an approved safe alias.
NAME_02568,john gilbert,John Gilbert,1,John Gilbert,0,suggestion_only,Do not merge occurrences into one person without occurrence-specific context or an approved safe alias.
NAME_02569,john godson,John Godson,1,John Godson,0,suggestion_only,Do not merge occurrences into one person without occurrence-specific context or an approved safe alias.
NAME_02570,john gray,John Gray,1,John Gray,0,suggestion_only,Do not merge occurrences into one person without occurrence-specific context or an approved safe alias.
NAME_02571,john grey,John Grey,1,John Grey,0,suggestion_only,Do not merge occurrences into one person without occurrence-specific context or an approved safe alias.
NAME_02572,john griffin,John Griffin,1,John Griffin,0,suggestion_only,Do not merge occurrences into one person without occurrence-specific context or an approved safe alias.
NAME_02573,john grubb,John Grubb,1,John Grubb,0,suggestion_only,Do not merge occurrences into one person without occurrence-specific context or an approved safe alias.
NAME_02574,john gundry,John Gundry,1,John Gundry,0,suggestion_only,Do not merge occurrences into one person without occurrence-specific context or an approved safe alias.
NAME_02575,john gybs,John Gybs,1,John Gybs,0,suggestion_only,Do not merge occurrences into one person without occurrence-specific context or an approved safe alias.
NAME_02576,john hall,John Hall,1,John Hall,0,suggestion_only,Do not merge occurrences into one person without occurrence-specific context or an approved safe alias.
NAME_02577,john hanford,John Hanford,1,John Hanford,0,suggestion_only,Do not merge occurrences into one person without occurrence-specific context or an approved safe alias.
NAME_02578,john hanham,John Hanham,2,John Hanham,0,suggestion_only,Do not merge occurrences into one person without occurrence-specific context or an approved safe alias.
NAME_02579,john hare,John Hare,1,John Hare,0,suggestion_only,Do not merge occurrences into one person without occurrence-specific context or an approved safe alias.
NAME_02580,john harington,John Harington,1,John Harington,0,suggestion_only,Do not merge occurrences into one person without occurrence-specific context or an approved safe alias.
NAME_02581,john harper,John Harper,1,John Harper,0,suggestion_only,Do not merge occurrences into one person without occurrence-specific context or an approved safe alias.
NAME_02582,john harri-,John Harri-,1,John Harri-,0,suggestion_only,Do not merge occurrences into one person without occurrence-specific context or an approved safe alias.
NAME_02583,john harris,JOHN Harris,2,JOHN Harris | John Harris,0,suggestion_only,Do not merge occurrences into one person without occurrence-specific context or an approved safe alias.
NAME_02584,john harrison,John Harrison,4,John Harrison,0,suggestion_only,Do not merge occurrences into one person without occurrence-specific context or an approved safe alias.
NAME_02585,john harryson,John Harryson,1,"John
Harryson",0,suggestion_only,Do not merge occurrences into one person without occurrence-specific context or an approved safe alias.
NAME_02593,john haulsey,John Haulsey,1,John Haulsey,0,suggestion_only,Do not merge occurrences into one person without occurrence-specific context or an approved safe alias.
NAME_02594,john havercombe,John Havercombe,1,John Havercombe,0,suggestion_only,Do not merge occurrences into one person without occurrence-specific context or an approved safe alias.
NAME_02595,john hawkens,John Hawkens,1,John Hawkens,0,suggestion_only,Do not merge occurrences into one person without occurrence-specific context or an approved safe alias.
NAME_02596,john hayward,John Hayward,1,John Hayward,0,suggestion_only,Do not merge occurrences into one person without occurrence-specific context or an approved safe alias.
NAME_02597,john hayward..-,John Hayward..-,1,John Hayward..-,0,suggestion_only,Do not merge occurrences into one person without occurrence-specific context or an approved safe alias.
NAME_02598,john haywarde,John Haywarde,1,John Haywarde,0,suggestion_only,Do not merge occurrences into one person without occurrence-specific context or an approved safe alias.
NAME_02599,john higglet,John Higglet,1,John Higglet,0,suggestion_only,Do not merge occurrences into one person without occurrence-specific context or an approved safe alias.
NAME_02600,john ho,John Ho,1,John Ho,0,suggestion_only,Do not merge occurrences into one person without occurrence-specific context or an approved safe alias.
NAME_02601,john hodges,John Hodges,1,John Hodges,0,suggestion_only,Do not merge occurrences into one person without occurrence-specific context or an approved safe alias.
NAME_02602,john hodgson,John Hodgson,2,John Hodgson,0,suggestion_only,Do not merge occurrences into one person without occurrence-specific context or an approved safe alias.
NAME_02603,john hoge,John Hoge,1,John Hoge,0,suggestion_only,Do not merge occurrences into one person without occurrence-specific context or an approved safe alias.
NAME_02604,john hollis,John Hollis,1,"Sir John
Hollis",0,suggestion_only,Do not merge occurrences into one person without occurrence-specific context or an approved safe alias.
NAME_02605,john holloway,John Holloway,1,John Holloway,0,suggestion_only,Do not merge occurrences into one person without occurrence-specific context or an approved safe alias.
NAME_02606,john holmeden,John Holmeden,1,John Holmeden,0,suggestion_only,Do not merge occurrences into one person without occurrence-specific context or an approved safe alias.
NAME_02607,john hope,John Hope,1,John Hope,0,suggestion_only,Do not merge occurrences into one person without occurrence-specific context or an approved safe alias.
NAME_02608,john hopkins,John Hopkins,1,"John
Hopkins",0,suggestion_only,Do not merge occurrences into one person without occurrence-specific context or an approved safe alias.
NAME_02609,john howlet,John Howlet,1,John Howlet,0,suggestion_only,Do not merge occurrences into one person without occurrence-specific context or an approved safe alias.
NAME_02610,john huddleston,John Huddleston,3,John Huddleston,0,suggestion_only,Do not merge occurrences into one person without occurrence-specific context or an approved safe alias.
NAME_02611,john huddlestone,John Huddlestone,1,John Huddlestone,0,suggestion_only,Do not merge occurrences into one person without occurrence-specific context or an approved safe alias.
NAME_02612,john hudleston,John Hudleston,2,"John
Hudleston | John Hudleston",0,suggestion_only,Do not merge occurrences into one person without occurrence-specific context or an approved safe alias.
NAME_02613,john hudson,John Hudson,1,John Hudson,0,suggestion_only,Do not merge occurrences into one person without occurrence-specific context or an approved safe alias.
NAME_02614,john hungerford,John Hungerford,1,John Hungerford,0,suggestion_only,Do not merge occurrences into one person without occurrence-specific context or an approved safe alias.
NAME_02615,john huntley,John Huntley,1,John Huntley,0,suggestion_only,Do not merge occurrences into one person without occurrence-specific context or an approved safe alias.
NAME_02616,john hurd,John Hurd,1,John Hurd,0,suggestion_only,Do not merge occurrences into one person without occurrence-specific context or an approved safe alias.
NAME_02617,john hurlestons,John Hurlestons,2,Capt John Hurlestons,0,suggestion_only,Do not merge occurrences into one person without occurrence-specific context or an approved safe alias.
NAME_02618,john iolles,John Iolles,2,m' John Iolles,0,suggestion_only,Do not merge occurrences into one person without occurrence-specific context or an approved safe alias.
NAME_02619,john jackson,John Jackson,1,John Jackson,0,suggestion_only,Do not merge occurrences into one person without occurrence-specific context or an approved safe alias.
NAME_02620,john jefferson,John Jefferson,1,John Jefferson,0,suggestion_only,Do not merge occurrences into one person without occurrence-specific context or an approved safe alias.
NAME_02621,john johnson,John Johnson,3,John Johnson,0,suggestion_only,Do not merge occurrences into one person without occurrence-specific context or an approved safe alias.
NAME_02622,john jones,John Jones,1,John Jones,0,suggestion_only,Do not merge occurrences into one person without occurrence-specific context or an approved safe alias.
NAME_02623,john josua,John Josua,1,John Josua,0,suggestion_only,Do not merge occurrences into one person without occurrence-specific context or an approved safe alias.
NAME_02624,john josuah,John Josuah,1,John Josuah,0,suggestion_only,Do not merge occurrences into one person without occurrence-specific context or an approved safe alias.
NAME_02625,john keatleby,John Keatleby,1,John Keatleby,0,suggestion_only,Do not merge occurrences into one person without occurrence-specific context or an approved safe alias.
NAME_02626,john keyes,John Keyes,1,"John
Keyes",0,suggestion_only,Do not merge occurrences into one person without occurrence-specific context or an approved safe alias.
NAME_02627,john king,John King,2,John King,0,suggestion_only,Do not merge occurrences into one person without occurrence-specific context or an approved safe alias.
NAME_02628,john kirby,John Kirby,1,John Kirby,0,suggestion_only,Do not merge occurrences into one person without occurrence-specific context or an approved safe alias.
NAME_02629,john kirrell,John Kirrell,6,John Kirrell,0,suggestion_only,Do not merge occurrences into one person without occurrence-specific context or an approved safe alias.
NAME_02630,john kirrill,John Kirrill,1,John Kirrill,0,suggestion_only,Do not merge occurrences into one person without occurrence-specific context or an approved safe alias.
NAME_02631,john lake,John Lake,1,John Lake,0,suggestion_only,Do not merge occurrences into one person without occurrence-specific context or an approved safe alias.
NAME_02632,john lambe-,John Lambe-,2,M* John Lambe-,0,suggestion_only,Do not merge occurrences into one person without occurrence-specific context or an approved safe alias.
NAME_02633,john lampkin,John Lampkin,1,John Lampkin,0,suggestion_only,Do not merge occurrences into one person without occurrence-specific context or an approved safe alias.
NAME_02634,john landman,John Landman,1,John Landman,0,suggestion_only,Do not merge occurrences into one person without occurrence-specific context or an approved safe alias.
NAME_02635,john langley,John Langley,7,John Langley,0,suggestion_only,Do not merge occurrences into one person without occurrence-specific context or an approved safe alias.
NAME_02636,john layde,John Layde,1,John Layde,0,suggestion_only,Do not merge occurrences into one person without occurrence-specific context or an approved safe alias.
NAME_02637,john layden,John Layden,1,John Layden,0,suggestion_only,Do not merge occurrences into one person without occurrence-specific context or an approved safe alias.
NAME_02638,john levett,John Levett,1,John Levett,0,suggestion_only,Do not merge occurrences into one person without occurrence-specific context or an approved safe alias.
NAME_02639,john lholte,John LHolte,1,John LHolte,0,suggestion_only,Do not merge occurrences into one person without occurrence-specific context or an approved safe alias.
NAME_02640,john long,John Long,1,John Long,0,suggestion_only,Do not merge occurrences into one person without occurrence-specific context or an approved safe alias.
NAME_02641,john loyde,John Loyde,2,John Loyde,0,suggestion_only,Do not merge occurrences into one person without occurrence-specific context or an approved safe alias.
NAME_02642,john loyde'’s,John Loyde'’s,1,John Loyde'’s,0,suggestion_only,Do not merge occurrences into one person without occurrence-specific context or an approved safe alias.
NAME_02643,john mallory,John Mallory,1,"Sir John
Mallory",0,suggestion_only,Do not merge occurrences into one person without occurrence-specific context or an approved safe alias.
NAME_02644,john marshe,John Marshe,1,John Marshe,0,suggestion_only,Do not merge occurrences into one person without occurrence-specific context or an approved safe alias.
NAME_02652,john mathew,John Mathew,1,"John
Mathew",0,suggestion_only,Do not merge occurrences into one person without occurrence-specific context or an approved safe alias.
NAME_02653,john mericke,John Mericke,2,John Mericke,0,suggestion_only,Do not merge occurrences into one person without occurrence-specific context or an approved safe alias.
NAME_02654,john mericke--,John Mericke--,1,John Mericke--,0,suggestion_only,Do not merge occurrences into one person without occurrence-specific context or an approved safe alias.
NAME_02655,john merrick,John Merrick,1,John Merrick,0,suggestion_only,Do not merge occurrences into one person without occurrence-specific context or an approved safe alias.
NAME_02656,john midletonne,John Midletonne,1,John Midletonne,0,suggestion_only,Do not merge occurrences into one person without occurrence-specific context or an approved safe alias.
NAME_02657,john mildmay,John Mildmay,1,John Mildmay,0,suggestion_only,Do not merge occurrences into one person without occurrence-specific context or an approved safe alias.
NAME_02658,john miller,John Miller,1,John Miller,0,suggestion_only,Do not merge occurrences into one person without occurrence-specific context or an approved safe alias.
NAME_02659,john moore,John Moore,3,John Moore | M’ John Moore,0,suggestion_only,Do not merge occurrences into one person without occurrence-specific context or an approved safe alias.
NAME_02660,john mrrell,John Mrrell,1,John Mrrell,0,suggestion_only,Do not merge occurrences into one person without occurrence-specific context or an approved safe alias.
NAME_02661,john neuill,John Neuill,2,John Neuill,0,suggestion_only,Do not merge occurrences into one person without occurrence-specific context or an approved safe alias.
NAME_02662,john newman,John Newman,2,John Newman,0,suggestion_only,Do not merge occurrences into one person without occurrence-specific context or an approved safe alias.
NAME_02663,john ogle,John Ogle,1,John Ogle,0,suggestion_only,Do not merge occurrences into one person without occurrence-specific context or an approved safe alias.
NAME_02664,john owley,John Owley,1,John Owley,0,suggestion_only,Do not merge occurrences into one person without occurrence-specific context or an approved safe alias.
NAME_02665,john owlye,John Owlye,1,John Owlye,0,suggestion_only,Do not merge occurrences into one person without occurrence-specific context or an approved safe alias.
NAME_02666,john p,John P,2,John P,0,suggestion_only,Do not merge occurrences into one person without occurrence-specific context or an approved safe alias.
NAME_02667,john packesall,John Packesall,1,John Packesall,0,suggestion_only,Do not merge occurrences into one person without occurrence-specific context or an approved safe alias.
NAME_02668,john packsall,John Packsall,3,John Packsall,0,suggestion_only,Do not merge occurrences into one person without occurrence-specific context or an approved safe alias.
NAME_02669,john page,John Page,1,John Page,0,suggestion_only,Do not merge occurrences into one person without occurrence-specific context or an approved safe alias.
NAME_02670,john palksall,John Palksall,1,John Palksall,0,suggestion_only,Do not merge occurrences into one person without occurrence-specific context or an approved safe alias.
NAME_02671,john palmer,John Palmer,1,John Palmer,0,suggestion_only,Do not merge occurrences into one person without occurrence-specific context or an approved safe alias.
NAME_02672,john parsons,John Parsons,1,John Parsons,0,suggestion_only,Do not merge occurrences into one person without occurrence-specific context or an approved safe alias.
NAME_02673,john payne,John Payne,2,John Payne,0,suggestion_only,Do not merge occurrences into one person without occurrence-specific context or an approved safe alias.
NAME_02674,john penreis,John Penreis,1,John Penreis,0,suggestion_only,Do not merge occurrences into one person without occurrence-specific context or an approved safe alias.
NAME_02675,john perry,John Perry,1,John Perry,0,suggestion_only,Do not merge occurrences into one person without occurrence-specific context or an approved safe alias.
NAME_02676,john polentine,John Polentine,1,John Polentine,0,suggestion_only,Do not merge occurrences into one person without occurrence-specific context or an approved safe alias.
NAME_02677,john pollington,John Pollington,2,M' John Pollington,0,suggestion_only,Do not merge occurrences into one person without occurrence-specific context or an approved safe alias.
NAME_02678,john pollingtone,JoHN PoLLINGTONE,1,JoHN PoLLINGTONE,0,suggestion_only,Do not merge occurrences into one person without occurrence-specific context or an approved safe alias.
NAME_02679,john pontice,John Pontice,1,John Pontice,0,suggestion_only,Do not merge occurrences into one person without occurrence-specific context or an approved safe alias.
NAME_02681,john poreyand,John Poreyand,1,John Poreyand,0,suggestion_only,Do not merge occurrences into one person without occurrence-specific context or an approved safe alias.
NAME_02684,john pott,John Pott,2,"John
Pott | John Pott",0,suggestion_only,Do not merge occurrences into one person without occurrence-specific context or an approved safe alias.
NAME_02688,john powell,John Powell,1,John Powell,0,suggestion_only,Do not merge occurrences into one person without occurrence-specific context or an approved safe alias.
NAME_02689,john pownrtesse,JoHN PownrTEssE,1,JoHN PownrTEssE,0,suggestion_only,Do not merge occurrences into one person without occurrence-specific context or an approved safe alias.
NAME_02690,john poyné,John Poyné,1,John Poyné,0,suggestion_only,Do not merge occurrences into one person without occurrence-specific context or an approved safe alias.
NAME_02691,john pratt,John Pratt,1,John Pratt,0,suggestion_only,Do not merge occurrences into one person without occurrence-specific context or an approved safe alias.
NAME_02692,john price,John Price,1,John Price,0,suggestion_only,Do not merge occurrences into one person without occurrence-specific context or an approved safe alias.
NAME_02693,john procter,John Procter,1,John Procter,0,suggestion_only,Do not merge occurrences into one person without occurrence-specific context or an approved safe alias.
NAME_02694,john prynn,John Prynn,1,John Prynn,0,suggestion_only,Do not merge occurrences into one person without occurrence-specific context or an approved safe alias.
NAME_02695,john radcliff,John Radcliff,1,John Radcliff,0,suggestion_only,Do not merge occurrences into one person without occurrence-specific context or an approved safe alias.
NAME_02697,john radish,John Radish,1,John Radish,0,suggestion_only,Do not merge occurrences into one person without occurrence-specific context or an approved safe alias.
NAME_02698,john raiinond,John Raiinond,1,John Raiinond,0,suggestion_only,Do not merge occurrences into one person without occurrence-specific context or an approved safe alias.
NAME_02699,john randolph,John Randolph,1,John Randolph,0,suggestion_only,Do not merge occurrences into one person without occurrence-specific context or an approved safe alias.
NAME_02700,john ratcliffe,John Ratcliffe,1,Sir John Ratcliffe,0,suggestion_only,Do not merge occurrences into one person without occurrence-specific context or an approved safe alias.
NAME_02702,john robert,John Robert,1,John Robert,0,suggestion_only,Do not merge occurrences into one person without occurrence-specific context or an approved safe alias.
NAME_02703,john roberts,John Roberts,1,John Roberts,0,suggestion_only,Do not merge occurrences into one person without occurrence-specific context or an approved safe alias.
NAME_02705,john robinson's,John Robinson's,1,John Robinson's,0,suggestion_only,Do not merge occurrences into one person without occurrence-specific context or an approved safe alias.
NAME_02706,john robmson,John Robmson,1,Captain John Robmson,0,suggestion_only,Do not merge occurrences into one person without occurrence-specific context or an approved safe alias.
NAME_02710,john russell,John Russell,3,John Russell,0,suggestion_only,Do not merge occurrences into one person without occurrence-specific context or an approved safe alias.
NAME_02711,john sabine,John Sabine,2,John Sabine,0,suggestion_only,Do not merge occurrences into one person without occurrence-specific context or an approved safe alias.
NAME_02712,john saimes,John Saimes,1,John Saimes,0,suggestion_only,Do not merge occurrences into one person without occurrence-specific context or an approved safe alias.
NAME_02713,john salford,John Salford,2,John Salford,0,suggestion_only,Do not merge occurrences into one person without occurrence-specific context or an approved safe alias.
NAME_02715,john sanderford,John Sanderford,1,John Sanderford,0,suggestion_only,Do not merge occurrences into one person without occurrence-specific context or an approved safe alias.
NAME_02716,john sawyer,John Sawyer,1,John Sawyer,0,suggestion_only,Do not merge occurrences into one person without occurrence-specific context or an approved safe alias.
NAME_02717,john scotchmore,John Scotchmore,1,John Scotchmore,0,suggestion_only,Do not merge occurrences into one person without occurrence-specific context or an approved safe alias.
NAME_02718,john scott,John Scott,1,Sir John Scott,0,suggestion_only,Do not merge occurrences into one person without occurrence-specific context or an approved safe alias.
NAME_02719,john searff,John Searff,1,John Searff,0,suggestion_only,Do not merge occurrences into one person without occurrence-specific context or an approved safe alias.
NAME_02720,john seott,John Seott,1,Sir John Seott,0,suggestion_only,Do not merge occurrences into one person without occurrence-specific context or an approved safe alias.
NAME_02721,john seue'ne,John Seue'ne,1,John Seue'ne,0,suggestion_only,Do not merge occurrences into one person without occurrence-specific context or an approved safe alias.
NAME_02722,john seuerne,John Seuerne,2,John Seuerne,0,suggestion_only,Do not merge occurrences into one person without occurrence-specific context or an approved safe alias.
NAME_02723,john seuth-,John Seuth-,1,John Seuth-,0,suggestion_only,Do not merge occurrences into one person without occurrence-specific context or an approved safe alias.
NAME_02724,john singer,John Singer,2,John Singer,0,suggestion_only,Do not merge occurrences into one person without occurrence-specific context or an approved safe alias.
NAME_02725,john sinyth,John Sinyth,1,John Sinyth,0,suggestion_only,Do not merge occurrences into one person without occurrence-specific context or an approved safe alias.
NAME_02726,john sipley,John Sipley,1,John Sipley,0,suggestion_only,Do not merge occurrences into one person without occurrence-specific context or an approved safe alias.
NAME_02728,john smith's,John Smith's,1,John Smith's,0,suggestion_only,Do not merge occurrences into one person without occurrence-specific context or an approved safe alias.
NAME_02729,john smith.,John Smith.,2,m’ John Smith | m’* John Smith,0,suggestion_only,Do not merge occurrences into one person without occurrence-specific context or an approved safe alias.
NAME_02730,john smith...-...-...------------,John Smith...-...-...------------,1,Captaine John Smith...-...-...------------,1,suggestion_only,Do not merge occurrences into one person without occurrence-specific context or an approved safe alias.
NAME_02731,john smithe,John Smithe,2,m* John Smithe,0,suggestion_only,Do not merge occurrences into one person without occurrence-specific context or an approved safe alias.
NAME_02732,john smyrh,JoHN SmyrH,1,JoHN SmyrH,0,suggestion_only,Do not merge occurrences into one person without occurrence-specific context or an approved safe alias.
NAME_02733,john smyta,JoHN Smyta,1,JoHN Smyta,0,suggestion_only,Do not merge occurrences into one person without occurrence-specific context or an approved safe alias.
NAME_02735,john smythe,John Smythe,2,Captain John Smythe | John Smythe,0,suggestion_only,Do not merge occurrences into one person without occurrence-specific context or an approved safe alias.
NAME_02736,john smytu,JoHN SmyTu,2,JoHN SmyTu | JoHN Smytu,0,suggestion_only,Do not merge occurrences into one person without occurrence-specific context or an approved safe alias.
NAME_02737,john southerne,John Southerne,2,John Southerne,0,suggestion_only,Do not merge occurrences into one person without occurrence-specific context or an approved safe alias.
NAME_02738,john southwicke,John Southwicke,1,John Southwicke,0,suggestion_only,Do not merge occurrences into one person without occurrence-specific context or an approved safe alias.
NAME_02739,john st.,John St.,2,John St,0,suggestion_only,Do not merge occurrences into one person without occurrence-specific context or an approved safe alias.
NAME_02740,john stikeley,John Stikeley,1,John Stikeley,0,suggestion_only,Do not merge occurrences into one person without occurrence-specific context or an approved safe alias.
NAME_02742,john stokeley,John Stokeley,1,John Stokeley,0,suggestion_only,Do not merge occurrences into one person without occurrence-specific context or an approved safe alias.
NAME_02743,john stokes,John Stokes,1,John Stokes,0,suggestion_only,Do not merge occurrences into one person without occurrence-specific context or an approved safe alias.
NAME_02744,john strat-,JoHN STRAt-,1,JoHN STRAt-,0,suggestion_only,Do not merge occurrences into one person without occurrence-specific context or an approved safe alias.
NAME_02745,john streate,John Streate,1,John Streate,0,suggestion_only,Do not merge occurrences into one person without occurrence-specific context or an approved safe alias.
NAME_02747,john suersby,John Suersby,1,John Suersby,0,suggestion_only,Do not merge occurrences into one person without occurrence-specific context or an approved safe alias.
NAME_02748,john swineho,John Swineho,1,John Swineho,0,suggestion_only,Do not merge occurrences into one person without occurrence-specific context or an approved safe alias.
NAME_02749,john swinhowe,John Swinhowe,1,John Swinhowe,0,suggestion_only,Do not merge occurrences into one person without occurrence-specific context or an approved safe alias.
NAME_02750,john symth,John Symth,1,John Symth,0,suggestion_only,Do not merge occurrences into one person without occurrence-specific context or an approved safe alias.
NAME_02751,john tanner,John Tanner,1,John Tanner,0,suggestion_only,Do not merge occurrences into one person without occurrence-specific context or an approved safe alias.
NAME_02752,john taverner,John Taverner,1,John Taverner,0,suggestion_only,Do not merge occurrences into one person without occurrence-specific context or an approved safe alias.
NAME_02753,john tavernor,John Tavernor,3,John Tavernor | M’ John Tavernor,0,suggestion_only,Do not merge occurrences into one person without occurrence-specific context or an approved safe alias.
NAME_02754,john taverno’,John Taverno’,1,M' John Taverno’,0,suggestion_only,Do not merge occurrences into one person without occurrence-specific context or an approved safe alias.
NAME_02755,john taylor,John Taylor,2,John Taylor,0,suggestion_only,Do not merge occurrences into one person without occurrence-specific context or an approved safe alias.
NAME_02756,john thomas,John Thomas,1,John Thomas,0,suggestion_only,Do not merge occurrences into one person without occurrence-specific context or an approved safe alias.
NAME_02757,john tooke,John Tooke,1,John Tooke,0,suggestion_only,Do not merge occurrences into one person without occurrence-specific context or an approved safe alias.
NAME_02758,john tradesicant,John Tradesicant,1,John Tradesicant,0,suggestion_only,Do not merge occurrences into one person without occurrence-specific context or an approved safe alias.
NAME_02759,john tredescant,John Tredescant,1,John Tredescant,0,suggestion_only,Do not merge occurrences into one person without occurrence-specific context or an approved safe alias.
NAME_02760,john trever,John Trever,1,John Trever,0,suggestion_only,Do not merge occurrences into one person without occurrence-specific context or an approved safe alias.
NAME_02761,john trevor,John Trevor,3,John Trevor | Sir John Trevor,0,suggestion_only,Do not merge occurrences into one person without occurrence-specific context or an approved safe alias.
NAME_02762,john tucker,John Tucker,1,John Tucker,0,suggestion_only,Do not merge occurrences into one person without occurrence-specific context or an approved safe alias.
NAME_02763,john tuke,John Tuke,2,M* John Tuke,0,suggestion_only,Do not merge occurrences into one person without occurrence-specific context or an approved safe alias.
NAME_02764,john twine,John Twine,1,John Twine,0,suggestion_only,Do not merge occurrences into one person without occurrence-specific context or an approved safe alias.
NAME_02765,john vassell,John Vassell,1,John Vassell,0,suggestion_only,Do not merge occurrences into one person without occurrence-specific context or an approved safe alias.
NAME_02766,john vaughan,John Vaughan,1,John Vaughan,0,suggestion_only,Do not merge occurrences into one person without occurrence-specific context or an approved safe alias.
NAME_02767,john vtie,John Vtie,1,John Vtie,0,suggestion_only,Do not merge occurrences into one person without occurrence-specific context or an approved safe alias.
NAME_02768,john w,John W,3,John W | Sir John W,0,suggestion_only,Do not merge occurrences into one person without occurrence-specific context or an approved safe alias.
NAME_02769,john ward,John Ward,1,John Ward,0,suggestion_only,Do not merge occurrences into one person without occurrence-specific context or an approved safe alias.
NAME_02770,john warden,John Warden,1,John Warden,0,suggestion_only,Do not merge occurrences into one person without occurrence-specific context or an approved safe alias.
NAME_02771,john watts,John Watts,1,Sir John Watts,0,suggestion_only,Do not merge occurrences into one person without occurrence-specific context or an approved safe alias.
NAME_02772,john weld,John Weld,1,John Weld,0,suggestion_only,Do not merge occurrences into one person without occurrence-specific context or an approved safe alias.
NAME_02773,john west,John West,3,Capt John West | John West,0,suggestion_only,Do not merge occurrences into one person without occurrence-specific context or an approved safe alias.
NAME_02774,john westrow,John Westrow,1,John Westrow,0,suggestion_only,Do not merge occurrences into one person without occurrence-specific context or an approved safe alias.
NAME_02775,john westrowe,John Westrowe,1,John Westrowe,0,suggestion_only,Do not merge occurrences into one person without occurrence-specific context or an approved safe alias.
NAME_02776,john whincop’s,John Whincop’s,1,John Whincop’s,0,suggestion_only,Do not merge occurrences into one person without occurrence-specific context or an approved safe alias.
NAME_02777,john white,John White,7,JoHN WHITE | John White,0,suggestion_only,Do not merge occurrences into one person without occurrence-specific context or an approved safe alias.
NAME_02778,john whittiaghaim,John Whittiaghaim,1,John Whittiaghaim,0,suggestion_only,Do not merge occurrences into one person without occurrence-specific context or an approved safe alias.
NAME_02779,john whittingham,John Whittingham,1,John Whittingham,0,suggestion_only,Do not merge occurrences into one person without occurrence-specific context or an approved safe alias.
NAME_02780,john wilkins,John Wilkins,1,John Wilkins,0,suggestion_only,Do not merge occurrences into one person without occurrence-specific context or an approved safe alias.
NAME_02781,john willet,John Willet,1,John Willet,0,suggestion_only,Do not merge occurrences into one person without occurrence-specific context or an approved safe alias.
NAME_02782,john willigins,John Willigins,1,John Willigins,0,suggestion_only,Do not merge occurrences into one person without occurrence-specific context or an approved safe alias.
NAME_02783,john witters,John Witters,1,John Witters,0,suggestion_only,Do not merge occurrences into one person without occurrence-specific context or an approved safe alias.
NAME_02784,john wol-,John Wol-,1,John Wol-,0,suggestion_only,Do not merge occurrences into one person without occurrence-specific context or an approved safe alias.
NAME_02785,john wolsten-,John Wolsten-,2,John Wolsten- | sir John Wolsten-,0,suggestion_only,Do not merge occurrences into one person without occurrence-specific context or an approved safe alias.
NAME_02788,john woodall,John Woodall,1,John Woodall,0,suggestion_only,Do not merge occurrences into one person without occurrence-specific context or an approved safe alias.
NAME_02789,john woodleef,John Woodleef,1,"Captaine
John Woodleef",0,suggestion_only,Do not merge occurrences into one person without occurrence-specific context or an approved safe alias.
NAME_02791,john woodleefe’s,John Woodleefe’s,1,Captain John Woodleefe’s,0,suggestion_only,Do not merge occurrences into one person without occurrence-specific context or an approved safe alias.
NAME_02792,john woodlife,John Woodlife,1,John Woodlife,0,suggestion_only,Do not merge occurrences into one person without occurrence-specific context or an approved safe alias.
NAME_02794,john worsuam,John Worsuam,1,John Worsuam,0,suggestion_only,Do not merge occurrences into one person without occurrence-specific context or an approved safe alias.
NAME_02796,john wright,John Wright,2,John Wright,0,suggestion_only,Do not merge occurrences into one person without occurrence-specific context or an approved safe alias.
NAME_02798,john wroth.,John Wroth.,1,Mr John Wroth,0,suggestion_only,Do not merge occurrences into one person without occurrence-specific context or an approved safe alias.
NAME_02800,john zouch,John Zouch,5,John Zouch | M'* John Zouch | m* John Zouch,0,suggestion_only,Do not merge occurrences into one person without occurrence-specific context or an approved safe alias.
NAME_02801,john. sued,John. Sued,1,"Sir John.
Sued",0,suggestion_only,Do not merge occurrences into one person without occurrence-specific context or an approved safe alias.
NAME_02802,john. suit,John. Suit,1,"Sir John.
Suit",0,suggestion_only,Do not merge occurrences into one person without occurrence-specific context or an approved safe alias.
NAME_02803,john. to,John. To,1,"Sir John.
To",0,suggestion_only,Do not merge occurrences into one person without occurrence-specific context or an approved safe alias.
NAME_02804,johnson abandoned,JOHNSON ABANDONED,1,JOHNSON ABANDONED,0,suggestion_only,Do not merge occurrences into one person without occurrence-specific context or an approved safe alias.
NAME_02805,johnson aldermafi,Johnson Aldermafi,1,Johnson Aldermafi,0,suggestion_only,Do not merge occurrences into one person without occurrence-specific context or an approved safe alias.
NAME_02806,johnson james,Johnson James,1,Johnson James,0,suggestion_only,Do not merge occurrences into one person without occurrence-specific context or an approved safe alias.
NAME_02807,johnson m',Johnson M',1,Johnson M',0,suggestion_only,Do not merge occurrences into one person without occurrence-specific context or an approved safe alias.
NAME_02808,johnson rerceecepr,Johnson Rerceecepr,1,"Johnson
Rerceecepr",0,suggestion_only,Do not merge occurrences into one person without occurrence-specific context or an approved safe alias.
NAME_02809,johnson. and,Johnson. And,1,M* Johnson. And,0,suggestion_only,Do not merge occurrences into one person without occurrence-specific context or an approved safe alias.
NAME_02810,john’ selsby,John’ Selsby,1,John’ Selsby,0,suggestion_only,Do not merge occurrences into one person without occurrence-specific context or an approved safe alias.
NAME_02811,johtt hopesecoe,Johtt Hopesecoe,1,Johtt Hopesecoe,0,suggestion_only,Do not merge occurrences into one person without occurrence-specific context or an approved safe alias.
NAME_02812,johu bargraue,Johu Bargraue,1,Johu Bargraue,0,suggestion_only,Do not merge occurrences into one person without occurrence-specific context or an approved safe alias.
NAME_02813,johu perrar’s,Johu Perrar’s,1,Johu Perrar’s,0,suggestion_only,Do not merge occurrences into one person without occurrence-specific context or an approved safe alias.
NAME_02814,joice lodge,Joice Lodge,1,Joice Lodge,0,suggestion_only,Do not merge occurrences into one person without occurrence-specific context or an approved safe alias.
NAME_02815,jokn woodlefe,Jokn Woodlefe,1,"Captaine
Jokn Woodlefe",0,suggestion_only,Do not merge occurrences into one person without occurrence-specific context or an approved safe alias.
NAME_02816,jokn woodlefe.,Jokn Woodlefe.,1,"Captaine
Jokn Woodlefe",0,suggestion_only,Do not merge occurrences into one person without occurrence-specific context or an approved safe alias.
NAME_02817,joli jolimson,Joli Jolimson,1,Joli Jolimson,0,suggestion_only,Do not merge occurrences into one person without occurrence-specific context or an approved safe alias.
NAME_02818,jolin andrewes,Jolin Andrewes,1,Jolin Andrewes,0,suggestion_only,Do not merge occurrences into one person without occurrence-specific context or an approved safe alias.
NAME_02819,jolin bingham,Jolin Bingham,1,Captain Jolin Bingham,0,suggestion_only,Do not merge occurrences into one person without occurrence-specific context or an approved safe alias.
NAME_02820,jolin burlace,Jolin Burlace,1,Sir Jolin Burlace,0,suggestion_only,Do not merge occurrences into one person without occurrence-specific context or an approved safe alias.
NAME_02821,jolin cuffe,Jolin Cuffe,1,Jolin Cuffe,0,suggestion_only,Do not merge occurrences into one person without occurrence-specific context or an approved safe alias.
NAME_02822,jolin cuile,Jolin Cuile,1,Jolin Cuile,0,suggestion_only,Do not merge occurrences into one person without occurrence-specific context or an approved safe alias.
NAME_02823,jolin dati,Jolin Dati,1,Jolin Dati,0,suggestion_only,Do not merge occurrences into one person without occurrence-specific context or an approved safe alias.
NAME_02825,jolin fletcher,Jolin Fletcher,1,Jolin Fletcher,0,suggestion_only,Do not merge occurrences into one person without occurrence-specific context or an approved safe alias.
NAME_02826,jolin francklyn,Jolin Francklyn,1,Jolin Francklyn,0,suggestion_only,Do not merge occurrences into one person without occurrence-specific context or an approved safe alias.
NAME_02827,jolin ilide,Jolin Ilide,1,Jolin Ilide,0,suggestion_only,Do not merge occurrences into one person without occurrence-specific context or an approved safe alias.
NAME_02828,jolin pratt,Jolin Pratt,1,Jolin Pratt,0,suggestion_only,Do not merge occurrences into one person without occurrence-specific context or an approved safe alias.
NAME_02829,jolin stockin,Jolin Stockin,1,Jolin Stockin,0,suggestion_only,Do not merge occurrences into one person without occurrence-specific context or an approved safe alias.
NAME_02830,joly crwe,Joly CrWe,1,Joly CrWe,0,suggestion_only,Do not merge occurrences into one person without occurrence-specific context or an approved safe alias.
NAME_02831,jonas alport,Jonas Alport,1,Jonas Alport,0,suggestion_only,Do not merge occurrences into one person without occurrence-specific context or an approved safe alias.
NAME_02832,jonathan ann,Jonathan Ann,1,Jonathan Ann,0,suggestion_only,Do not merge occurrences into one person without occurrence-specific context or an approved safe alias.
NAME_02833,jonathan smith,Jonathan Smith,1,Jonathan Smith,0,suggestion_only,Do not merge occurrences into one person without occurrence-specific context or an approved safe alias.
NAME_02834,jondon yf,Jondon Yf,1,Jondon Yf,0,suggestion_only,Do not merge occurrences into one person without occurrence-specific context or an approved safe alias.
NAME_02835,jonn barcrave,Jonn Barcrave,1,Jonn Barcrave,0,suggestion_only,Do not merge occurrences into one person without occurrence-specific context or an approved safe alias.
NAME_02836,jonn barerave,Jonn Barerave,1,Jonn Barerave,0,suggestion_only,Do not merge occurrences into one person without occurrence-specific context or an approved safe alias.
NAME_02840,jonn pountis,Jonn Pountis,1,Jonn Pountis,0,suggestion_only,Do not merge occurrences into one person without occurrence-specific context or an approved safe alias.
NAME_02841,jonn rosinson’s,Jonn Rosinson’s,1,Jonn Rosinson’s,0,suggestion_only,Do not merge occurrences into one person without occurrence-specific context or an approved safe alias.
NAME_02842,jonn rotr,Jonn Rotr,1,Jonn Rotr,0,suggestion_only,Do not merge occurrences into one person without occurrence-specific context or an approved safe alias.
NAME_02843,jonn routre,Jonn Routre,1,Jonn Routre,0,suggestion_only,Do not merge occurrences into one person without occurrence-specific context or an approved safe alias.
NAME_02844,jonn smyru,Jonn Smyru,1,Jonn Smyru,0,suggestion_only,Do not merge occurrences into one person without occurrence-specific context or an approved safe alias.
NAME_02845,jony wrighteconscuseey,Jony Wrighteconscuseey,1,Jony Wrighteconscuseey,0,suggestion_only,Do not merge occurrences into one person without occurrence-specific context or an approved safe alias.
NAME_02847,jord king,Jord King,1,Jord King,0,suggestion_only,Do not merge occurrences into one person without occurrence-specific context or an approved safe alias.
NAME_02849,jordan’s jorucy,Jordan’s Jorucy,1,Jordan’s Jorucy,0,suggestion_only,Do not merge occurrences into one person without occurrence-specific context or an approved safe alias.
NAME_02850,joseph charde,Joseph Charde,1,Joseph Charde,0,suggestion_only,Do not merge occurrences into one person without occurrence-specific context or an approved safe alias.
NAME_02851,joseph lefiinge,Joseph Lefiinge,1,Joseph Lefiinge,0,suggestion_only,Do not merge occurrences into one person without occurrence-specific context or an approved safe alias.
NAME_02852,joseph leming,Joseph Leming,1,Master Joseph Leming,0,suggestion_only,Do not merge occurrences into one person without occurrence-specific context or an approved safe alias.
NAME_02853,joseph leming.,Joseph Leming.,1,Master Joseph Leming,0,suggestion_only,Do not merge occurrences into one person without occurrence-specific context or an approved safe alias.
NAME_02854,joseph man,Joseph Man,3,M’ Joseph Man | m’ Joseph Man,0,suggestion_only,Do not merge occurrences into one person without occurrence-specific context or an approved safe alias.
NAME_02855,joseph newborne,Joseph Newborne,1,Joseph Newborne,0,suggestion_only,Do not merge occurrences into one person without occurrence-specific context or an approved safe alias.
NAME_02856,joseph newrouch,Joseph Newrouch,1,"Joseph
Newrouch",0,suggestion_only,Do not merge occurrences into one person without occurrence-specific context or an approved safe alias.
NAME_02857,joseph soan,Joseph Soan,1,Joseph Soan,0,suggestion_only,Do not merge occurrences into one person without occurrence-specific context or an approved safe alias.
NAME_02858,josepho newrough,Josepho Newrough,1,Josepho Newrough,0,suggestion_only,Do not merge occurrences into one person without occurrence-specific context or an approved safe alias.
NAME_02859,josepho soan,Josepho Soan,1,Josepho Soan,0,suggestion_only,Do not merge occurrences into one person without occurrence-specific context or an approved safe alias.
NAME_02860,joshua cone,Joshua Cone,1,Joshua Cone,0,suggestion_only,Do not merge occurrences into one person without occurrence-specific context or an approved safe alias.
NAME_02861,josiah maude,Josiah Maude,1,Josiah Maude,0,suggestion_only,Do not merge occurrences into one person without occurrence-specific context or an approved safe alias.
NAME_02862,josie iirton,Josie Iirton,1,Josie Iirton,0,suggestion_only,Do not merge occurrences into one person without occurrence-specific context or an approved safe alias.
NAME_02863,josie maude,Josie Maude,1,Josie Maude,0,suggestion_only,Do not merge occurrences into one person without occurrence-specific context or an approved safe alias.
NAME_02864,josinh kirton,Josinh Kirton,1,Josinh Kirton,0,suggestion_only,Do not merge occurrences into one person without occurrence-specific context or an approved safe alias.
NAME_02865,jotin robinson,Jotin Robinson,1,Jotin Robinson,0,suggestion_only,Do not merge occurrences into one person without occurrence-specific context or an approved safe alias.
NAME_02866,jotinsons deelaratione,Jotinsons Deelaratione,1,Jotinsons Deelaratione,0,suggestion_only,Do not merge occurrences into one person without occurrence-specific context or an approved safe alias.
NAME_02867,joun barcrave,Joun Barcrave,1,Joun Barcrave,0,suggestion_only,Do not merge occurrences into one person without occurrence-specific context or an approved safe alias.
NAME_02868,joun bargrave,Joun BARGRAVE,1,Joun BARGRAVE,0,suggestion_only,Do not merge occurrences into one person without occurrence-specific context or an approved safe alias.
NAME_02869,joun barnarp,Joun Barnarp,1,Joun Barnarp,0,suggestion_only,Do not merge occurrences into one person without occurrence-specific context or an approved safe alias.
NAME_02870,joun brewer,Joun Brewer,1,Joun Brewer,0,suggestion_only,Do not merge occurrences into one person without occurrence-specific context or an approved safe alias.
NAME_02871,joun bripces,Joun Bripces,1,Joun Bripces,0,suggestion_only,Do not merge occurrences into one person without occurrence-specific context or an approved safe alias.
NAME_02872,joun carrer,Joun Carrer,1,Joun Carrer,0,suggestion_only,Do not merge occurrences into one person without occurrence-specific context or an approved safe alias.
NAME_02874,joun dennis,Joun Dennis,1,Joun Dennis,0,suggestion_only,Do not merge occurrences into one person without occurrence-specific context or an approved safe alias.
NAME_02875,joun ferrar,Joun FErrar,1,Joun FErrar,0,suggestion_only,Do not merge occurrences into one person without occurrence-specific context or an approved safe alias.
NAME_02876,joun frerrar,Joun Frerrar,1,Joun Frerrar,0,suggestion_only,Do not merge occurrences into one person without occurrence-specific context or an approved safe alias.
NAME_02878,joun hate,Joun Hate,1,Joun Hate,0,suggestion_only,Do not merge occurrences into one person without occurrence-specific context or an approved safe alias.
NAME_02882,joun powntis,Joun Powntis,1,Joun Powntis,0,suggestion_only,Do not merge occurrences into one person without occurrence-specific context or an approved safe alias.
NAME_02883,joun smyra,Joun Smyra,1,Joun Smyra,0,suggestion_only,Do not merge occurrences into one person without occurrence-specific context or an approved safe alias.
NAME_02884,joun swyz,Joun Swyz,1,Joun Swyz,0,suggestion_only,Do not merge occurrences into one person without occurrence-specific context or an approved safe alias.
NAME_02885,joun wricut,Joun Wricut,1,Joun Wricut,0,suggestion_only,Do not merge occurrences into one person without occurrence-specific context or an approved safe alias.
NAME_02886,joun wutre,Joun Wutre,1,Joun Wutre,0,suggestion_only,Do not merge occurrences into one person without occurrence-specific context or an approved safe alias.
NAME_02888,joux loyps,Joux Loyps,1,Joux Loyps,0,suggestion_only,Do not merge occurrences into one person without occurrence-specific context or an approved safe alias.
NAME_02889,joyce trac,Joyce Trac,1,"Joyce
Trac",0,suggestion_only,Do not merge occurrences into one person without occurrence-specific context or an approved safe alias.
NAME_02890,joyce tracy,Joyce Tracy,2,Joyce Tracy,0,suggestion_only,Do not merge occurrences into one person without occurrence-specific context or an approved safe alias.
NAME_02894,julij anno,Julij Anno,2,Julij Anno,0,suggestion_only,Do not merge occurrences into one person without occurrence-specific context or an approved safe alias.
NAME_02895,julius cesar,Julius Cesar,4,"Sir Julius
Cesar | Sir Julius Cesar",0,suggestion_only,Do not merge occurrences into one person without occurrence-specific context or an approved safe alias.
NAME_02896,julius. request,Julius. Request,1,"Sir Julius.
Request",0,suggestion_only,Do not merge occurrences into one person without occurrence-specific context or an approved safe alias.
NAME_02897,junius cansar,Junius CAnsAR,1,"Sir
Junius CAnsAR",0,suggestion_only,Do not merge occurrences into one person without occurrence-specific context or an approved safe alias.
NAME_02898,jurisperitora cum,Jurisperitora Cum,1,"Jurisperitora
Cum",0,suggestion_only,Do not merge occurrences into one person without occurrence-specific context or an approved safe alias.
NAME_02899,justice jones,Justice Jones,1,M' Justice Jones,0,suggestion_only,Do not merge occurrences into one person without occurrence-specific context or an approved safe alias.
NAME_02901,katharine clarke,Katharine Clarke,1,Katharine Clarke,0,suggestion_only,Do not merge occurrences into one person without occurrence-specific context or an approved safe alias.
NAME_02902,katherine bath,Katherine Bath,1,Katherine Bath,0,suggestion_only,Do not merge occurrences into one person without occurrence-specific context or an approved safe alias.
NAME_02903,katherine binion,Katherine Binion,1,Katherine Binion,0,suggestion_only,Do not merge occurrences into one person without occurrence-specific context or an approved safe alias.
NAME_02904,katherine west,Katherine West,1,Katherine West,0,suggestion_only,Do not merge occurrences into one person without occurrence-specific context or an approved safe alias.
NAME_02905,katherne clarke,Katherne Clarke,1,Katherne Clarke,0,suggestion_only,Do not merge occurrences into one person without occurrence-specific context or an approved safe alias.
NAME_02906,kdwardo conway,Kdwardo Conway,1,Kdwardo Conway,0,suggestion_only,Do not merge occurrences into one person without occurrence-specific context or an approved safe alias.
NAME_02907,kdwin sandys,Kdwin Sandys,1,Sir Kdwin Sandys,0,suggestion_only,Do not merge occurrences into one person without occurrence-specific context or an approved safe alias.
NAME_02909,keightley. s’,Keightley. S’,1,"m’ Keightley.
S’",0,suggestion_only,Do not merge occurrences into one person without occurrence-specific context or an approved safe alias.
NAME_02910,kensain m',Kensain M',1,m' Kensain M',0,suggestion_only,Do not merge occurrences into one person without occurrence-specific context or an approved safe alias.
NAME_02911,kichard venn,Kichard Venn,1,Kichard Venn,0,suggestion_only,Do not merge occurrences into one person without occurrence-specific context or an approved safe alias.
NAME_02912,kinge james,Kinge James,3,Kinge James | lord Kinge James,0,suggestion_only,Do not merge occurrences into one person without occurrence-specific context or an approved safe alias.
NAME_02915,kinge tames,Kinge Tames,1,lord Kinge Tames,0,suggestion_only,Do not merge occurrences into one person without occurrence-specific context or an approved safe alias.
NAME_02916,kings lynne,Kings Lynne,1,Kings Lynne,0,suggestion_only,Do not merge occurrences into one person without occurrence-specific context or an approved safe alias.
NAME_02918,kirby marchantaylo,Kirby Marchantaylo,1,Kirby Marchantaylo,0,suggestion_only,Do not merge occurrences into one person without occurrence-specific context or an approved safe alias.
NAME_02922,knight lo,Knight Lo,1,Knight Lo,0,suggestion_only,Do not merge occurrences into one person without occurrence-specific context or an approved safe alias.
NAME_02925,knight thier,Knight Thier,1,Knight Thier,0,suggestion_only,Do not merge occurrences into one person without occurrence-specific context or an approved safe alias.
NAME_02926,knighte john,Knighte John,1,Knighte John,0,suggestion_only,Do not merge occurrences into one person without occurrence-specific context or an approved safe alias.
NAME_02927,krasmus snellinge,Krasmus Snellinge,1,Krasmus Snellinge,0,suggestion_only,Do not merge occurrences into one person without occurrence-specific context or an approved safe alias.
NAME_02928,kropher bourton,Kropher Bourton,1,Kropher Bourton,0,suggestion_only,Do not merge occurrences into one person without occurrence-specific context or an approved safe alias.
NAME_02929,kt governo,Kt Governo,1,Kt Governo,0,suggestion_only,Do not merge occurrences into one person without occurrence-specific context or an approved safe alias.
NAME_02930,kt governo',Kt Governo',1,Kt Governo',0,suggestion_only,Do not merge occurrences into one person without occurrence-specific context or an approved safe alias.
NAME_02931,l. avon,L. Avon,1,L. Avon,0,suggestion_only,Do not merge occurrences into one person without occurrence-specific context or an approved safe alias.
NAME_02932,l. cauendish,L. Cauendish,1,L. Cauendish,0,suggestion_only,Do not merge occurrences into one person without occurrence-specific context or an approved safe alias.
NAME_02933,l. chamberlain,L. Chamberlain,1,L. Chamberlain,0,suggestion_only,Do not merge occurrences into one person without occurrence-specific context or an approved safe alias.
NAME_02935,l. houghton.,L. Houghton.,1,L. Houghton,0,suggestion_only,Do not merge occurrences into one person without occurrence-specific context or an approved safe alias.
NAME_02936,l. lisle,L. Lisle,1,L. Lisle,0,suggestion_only,Do not merge occurrences into one person without occurrence-specific context or an approved safe alias.
NAME_02937,l. pagett,L. Pagett,1,L. Pagett,0,suggestion_only,Do not merge occurrences into one person without occurrence-specific context or an approved safe alias.
NAME_02938,l. southampton,L. Southampton,1,L. Southampton,0,suggestion_only,Do not merge occurrences into one person without occurrence-specific context or an approved safe alias.
NAME_02940,l. w,L. W,1,L. W,0,suggestion_only,Do not merge occurrences into one person without occurrence-specific context or an approved safe alias.
NAME_02943,ladie aucher,Ladie Aucher,1,Ladie Aucher,0,suggestion_only,Do not merge occurrences into one person without occurrence-specific context or an approved safe alias.
NAME_02945,ladie lawarr,Ladie Lawarr,2,Ladie Lawarr,0,suggestion_only,Do not merge occurrences into one person without occurrence-specific context or an approved safe alias.
NAME_02946,ladie wayneman,Ladie Wayneman,1,Ladie Wayneman,0,suggestion_only,Do not merge occurrences into one person without occurrence-specific context or an approved safe alias.
NAME_02947,ladie wyatt,Ladie Wyatt,2,Ladie Wyatt,0,suggestion_only,Do not merge occurrences into one person without occurrence-specific context or an approved safe alias.
NAME_02948,lan canning,Lan Canning,1,Lan Canning,0,suggestion_only,Do not merge occurrences into one person without occurrence-specific context or an approved safe alias.
NAME_02949,lana tomar,Lana TOMAR,1,Lana TOMAR,0,suggestion_only,Do not merge occurrences into one person without occurrence-specific context or an approved safe alias.
NAME_02950,lancelot dauis-,Lancelot Dauis-,1,Lancelot Dauis-,0,suggestion_only,Do not merge occurrences into one person without occurrence-specific context or an approved safe alias.
NAME_02953,lard dap,Lard Dap,1,Lard Dap,0,suggestion_only,Do not merge occurrences into one person without occurrence-specific context or an approved safe alias.
NAME_02954,launcelot davis,Launcelot Davis,1,Launcelot Davis,0,suggestion_only,Do not merge occurrences into one person without occurrence-specific context or an approved safe alias.
NAME_02955,launceloto davis,Launceloto Davis,1,Launceloto Davis,0,suggestion_only,Do not merge occurrences into one person without occurrence-specific context or an approved safe alias.
NAME_02956,laurence campe,Laurence Campe,1,Laurence Campe,0,suggestion_only,Do not merge occurrences into one person without occurrence-specific context or an approved safe alias.
NAME_02957,laurence clarke,Laurence Clarke,1,Laurence Clarke,0,suggestion_only,Do not merge occurrences into one person without occurrence-specific context or an approved safe alias.
NAME_02958,laurence dowler,Laurence Dowler,1,Laurence Dowler,0,suggestion_only,Do not merge occurrences into one person without occurrence-specific context or an approved safe alias.
NAME_02959,laurence hide,Laurence Hide,2,Sir Laurence Hide,0,suggestion_only,Do not merge occurrences into one person without occurrence-specific context or an approved safe alias.
NAME_02960,laurence maisterson,Laurence Maisterson,3,Laurence Maisterson | m' Laurence Maisterson,0,suggestion_only,Do not merge occurrences into one person without occurrence-specific context or an approved safe alias.
NAME_02961,laurence mouncks,Laurence Mouncks,1,Laurence Mouncks,0,suggestion_only,Do not merge occurrences into one person without occurrence-specific context or an approved safe alias.
NAME_02962,laurence wats,Laurence Wats,1,Laurence Wats,0,suggestion_only,Do not merge occurrences into one person without occurrence-specific context or an approved safe alias.
NAME_02963,laurencio campe,Laurencio Campe,1,Laurencio Campe,0,suggestion_only,Do not merge occurrences into one person without occurrence-specific context or an approved safe alias.
NAME_02964,laurencio greene,Laurencio Greene,1,Laurencio Greene,0,suggestion_only,Do not merge occurrences into one person without occurrence-specific context or an approved safe alias.
NAME_02965,laurencio mouncks,Laurencio Mouncks,1,Laurencio Mouncks,0,suggestion_only,Do not merge occurrences into one person without occurrence-specific context or an approved safe alias.
NAME_02966,lawarr. s',Lawarr. S',1,"Lord Lawarr.
S'",0,suggestion_only,Do not merge occurrences into one person without occurrence-specific context or an approved safe alias.
NAME_02967,lawe pdwentiwert,Lawe Pdwentiwert,1,Lawe Pdwentiwert,0,suggestion_only,Do not merge occurrences into one person without occurrence-specific context or an approved safe alias.
NAME_02970,lawne preacher,Lawne Preacher,1,Mr Lawne Preacher,0,suggestion_only,Do not merge occurrences into one person without occurrence-specific context or an approved safe alias.
NAME_02971,lawns ship,Lawns Ship,2,Captain Lawns Ship,0,suggestion_only,Do not merge occurrences into one person without occurrence-specific context or an approved safe alias.
NAME_02972,lawr ley,Lawr Ley,1,m’* Lawr Ley,0,suggestion_only,Do not merge occurrences into one person without occurrence-specific context or an approved safe alias.
NAME_02973,lawrance may,Lawrance May,1,Lawrance May,0,suggestion_only,Do not merge occurrences into one person without occurrence-specific context or an approved safe alias.
NAME_02974,lawrence bohune,Lawrence Bohune,1,Lawrence Bohune,0,suggestion_only,Do not merge occurrences into one person without occurrence-specific context or an approved safe alias.
NAME_02975,lawrence béhun,Lawrence Béhun,1,Lawrence Béhun,0,suggestion_only,Do not merge occurrences into one person without occurrence-specific context or an approved safe alias.
NAME_02976,lawrence camp-,Lawrence Camp-,1,Lawrence Camp-,0,suggestion_only,Do not merge occurrences into one person without occurrence-specific context or an approved safe alias.
NAME_02977,lawrence campe,Lawrence Campe,1,Lawrence Campe,0,suggestion_only,Do not merge occurrences into one person without occurrence-specific context or an approved safe alias.
NAME_02978,lawrence greene,Lawrence Greene,1,Lawrence Greene,0,suggestion_only,Do not merge occurrences into one person without occurrence-specific context or an approved safe alias.
NAME_02979,lawrence hide,Lawrence Hide,6,Lawrence Hide | M* Lawrence Hide,0,suggestion_only,Do not merge occurrences into one person without occurrence-specific context or an approved safe alias.
NAME_02980,lawrence hyde,Lawrence Hyde,6,Lawrence Hyde | Sir Lawrence Hyde,0,suggestion_only,Do not merge occurrences into one person without occurrence-specific context or an approved safe alias.
NAME_02981,lawrence hydes,Lawrence Hydes,1,Sir Lawrence Hydes,0,suggestion_only,Do not merge occurrences into one person without occurrence-specific context or an approved safe alias.
NAME_02982,lawrence land,Lawrence Land,1,"Lawrence
Land",0,suggestion_only,Do not merge occurrences into one person without occurrence-specific context or an approved safe alias.
NAME_02983,lawrence ley,Lawrence Ley,1,M* Lawrence Ley,0,suggestion_only,Do not merge occurrences into one person without occurrence-specific context or an approved safe alias.
NAME_02984,lawrence maisterson,Lawrence Maisterson,2,Captaine Lawrence Maisterson | Lawrence Maisterson,0,suggestion_only,Do not merge occurrences into one person without occurrence-specific context or an approved safe alias.
NAME_02985,lawrence williamson,Lawrence Williamson,1,Lawrence Williamson,0,suggestion_only,Do not merge occurrences into one person without occurrence-specific context or an approved safe alias.
NAME_02986,lay dien,Lay Dien,1,Lay Dien,0,suggestion_only,Do not merge occurrences into one person without occurrence-specific context or an approved safe alias.
NAME_02987,lazarus hanard,Lazarus Hanard,1,Lazarus Hanard,0,suggestion_only,Do not merge occurrences into one person without occurrence-specific context or an approved safe alias.
NAME_02988,lazarus hauerd,Lazarus Hauerd,1,Lazarus Hauerd,0,suggestion_only,Do not merge occurrences into one person without occurrence-specific context or an approved safe alias.
NAME_02989,ledwardus brewster,LEdwardus Brewster,1,"LEdwardus
Brewster",0,suggestion_only,Do not merge occurrences into one person without occurrence-specific context or an approved safe alias.
NAME_02990,leeke planter,Leeke Planter,1,Leeke Planter,0,suggestion_only,Do not merge occurrences into one person without occurrence-specific context or an approved safe alias.
NAME_02991,leftenant whitakers,Leftenant Whitakers,1,Leftenant Whitakers,0,suggestion_only,Do not merge occurrences into one person without occurrence-specific context or an approved safe alias.
NAME_02992,leftennant whitaker,Leftennant Whitaker,1,Leftennant Whitaker,0,suggestion_only,Do not merge occurrences into one person without occurrence-specific context or an approved safe alias.
NAME_02994,legii déor,Legii Déor,1,"Legii
Déor",0,suggestion_only,Do not merge occurrences into one person without occurrence-specific context or an approved safe alias.
NAME_02995,legii déorem,Legii Déorem,1,Legii Déorem,0,suggestion_only,Do not merge occurrences into one person without occurrence-specific context or an approved safe alias.
NAME_02996,leie neti,Leie Neti,1,Leie Neti,0,suggestion_only,Do not merge occurrences into one person without occurrence-specific context or an approved safe alias.
NAME_02997,leiftenant jo,Leiftenant Jo,1,Leiftenant Jo,0,suggestion_only,Do not merge occurrences into one person without occurrence-specific context or an approved safe alias.
NAME_02998,leiutenant crouch,Leiutenant Crouch,2,Leiutenant Crouch,0,suggestion_only,Do not merge occurrences into one person without occurrence-specific context or an approved safe alias.
NAME_02999,leo white,Leo White,2,Leo White,0,suggestion_only,Do not merge occurrences into one person without occurrence-specific context or an approved safe alias.
NAME_03000,leomiti dorsete,Leomiti Dorsete,1,Leomiti Dorsete,0,suggestion_only,Do not merge occurrences into one person without occurrence-specific context or an approved safe alias.
NAME_03001,leonard danby,Leonard Danby,1,Leonard Danby,0,suggestion_only,Do not merge occurrences into one person without occurrence-specific context or an approved safe alias.
NAME_03002,leonard harwood,Leonard Harwood,2,Leonard Harwood,0,suggestion_only,Do not merge occurrences into one person without occurrence-specific context or an approved safe alias.
NAME_03003,leonard hudson,Leonard Hudson,1,Leonard Hudson,0,suggestion_only,Do not merge occurrences into one person without occurrence-specific context or an approved safe alias.
NAME_03004,leonard towneson,Leonard Towneson,1,Leonard Towneson,0,suggestion_only,Do not merge occurrences into one person without occurrence-specific context or an approved safe alias.
NAME_03005,leonard townson,Leonard Townson,1,Leonard Townson,0,suggestion_only,Do not merge occurrences into one person without occurrence-specific context or an approved safe alias.
NAME_03006,leonard white,Leonard White,1,Leonard White,0,suggestion_only,Do not merge occurrences into one person without occurrence-specific context or an approved safe alias.
NAME_03007,leonardo harwood,Leonardo Harwood,1,Leonardo Harwood,0,suggestion_only,Do not merge occurrences into one person without occurrence-specific context or an approved safe alias.
NAME_03008,lerd grandison,Lerd Grandison,1,Lerd Grandison,0,suggestion_only,Do not merge occurrences into one person without occurrence-specific context or an approved safe alias.
NAME_03010,lett webb,Lett Webb,1,Lett Webb,0,suggestion_only,Do not merge occurrences into one person without occurrence-specific context or an approved safe alias.
NAME_03013,leueson aduent,Leueson Aduent,1,m* Leueson Aduent,0,suggestion_only,Do not merge occurrences into one person without occurrence-specific context or an approved safe alias.
NAME_03014,lewes hughes,Lewes Hughes,1,m* Lewes Hughes,0,suggestion_only,Do not merge occurrences into one person without occurrence-specific context or an approved safe alias.
NAME_03015,lewes tite,Lewes Tite,1,Lewes Tite,0,suggestion_only,Do not merge occurrences into one person without occurrence-specific context or an approved safe alias.
NAME_03016,lewis hughes,Lewis Hughes,3,"Lewis
Hughes | m* Lewis Hughes",0,suggestion_only,Do not merge occurrences into one person without occurrence-specific context or an approved safe alias.
NAME_03017,lewis taite,Lewis Taite,1,Lewis Taite,0,suggestion_only,Do not merge occurrences into one person without occurrence-specific context or an approved safe alias.
NAME_03018,lewis tresham,Lewis Tresham,1,Lewis Tresham,0,suggestion_only,Do not merge occurrences into one person without occurrence-specific context or an approved safe alias.
NAME_03019,lewis williams,Lewis Williams,1,Lewis Williams,0,suggestion_only,Do not merge occurrences into one person without occurrence-specific context or an approved safe alias.
NAME_03020,lewke lodge--,Lewke Lodge--,1,Lewke Lodge--,0,suggestion_only,Do not merge occurrences into one person without occurrence-specific context or an approved safe alias.
NAME_03021,leyton captt,Leyton Captt,1,Leyton Captt,0,suggestion_only,Do not merge occurrences into one person without occurrence-specific context or an approved safe alias.
NAME_03022,lhe days,Lhe Days,1,Lhe Days,0,suggestion_only,Do not merge occurrences into one person without occurrence-specific context or an approved safe alias.
NAME_03023,lichard turner,Lichard Turner,1,Lichard Turner,0,suggestion_only,Do not merge occurrences into one person without occurrence-specific context or an approved safe alias.
NAME_03024,lieftenant stokes,Lieftenant Stokes,1,Lieftenant Stokes,0,suggestion_only,Do not merge occurrences into one person without occurrence-specific context or an approved safe alias.
NAME_03025,lieftennant basse,Lieftennant Basse,1,Lieftennant Basse,0,suggestion_only,Do not merge occurrences into one person without occurrence-specific context or an approved safe alias.
NAME_03026,lieftennante whitaker,Lieftennante Whitaker,1,Lieftennante Whitaker,0,suggestion_only,Do not merge occurrences into one person without occurrence-specific context or an approved safe alias.
NAME_03027,lifetenant ben,Lifetenant Ben,1,Lifetenant Ben,0,suggestion_only,Do not merge occurrences into one person without occurrence-specific context or an approved safe alias.
NAME_03029,lio paslgett,Lio Paslgett,1,Lio Paslgett,0,suggestion_only,Do not merge occurrences into one person without occurrence-specific context or an approved safe alias.
NAME_03030,lionell cranfeild,Lionell Cranfeild,2,Lionell Cranfeild,0,suggestion_only,Do not merge occurrences into one person without occurrence-specific context or an approved safe alias.
NAME_03031,lionell cranfield,Lionell Cranfield,1,Sir Lionell Cranfield,0,suggestion_only,Do not merge occurrences into one person without occurrence-specific context or an approved safe alias.
NAME_03032,lisle.-.-.--..-.-- s’,Lisle.-.-.--..-.-- S’,1,"lord Lisle.-.-.--..-.--
S’",0,suggestion_only,Do not merge occurrences into one person without occurrence-specific context or an approved safe alias.
NAME_03034,liuetenant sheap-,Liuetenant Sheap-,1,Liuetenant Sheap-,0,suggestion_only,Do not merge occurrences into one person without occurrence-specific context or an approved safe alias.
NAME_03035,liuetennt peppett,Liuetennt Peppett,1,Liuetennt Peppett,0,suggestion_only,Do not merge occurrences into one person without occurrence-specific context or an approved safe alias.
NAME_03036,liuetennt whittakers,Liuetennt Whittakers,3,Liuetennt Whittakers,0,suggestion_only,Do not merge occurrences into one person without occurrence-specific context or an approved safe alias.
NAME_03037,llenrico spranger,Llenrico Spranger,1,Llenrico Spranger,0,suggestion_only,Do not merge occurrences into one person without occurrence-specific context or an approved safe alias.
NAME_03038,lms ener,LMS Ener,1,LMS Ener,0,suggestion_only,Do not merge occurrences into one person without occurrence-specific context or an approved safe alias.
NAME_03039,lo cauendish,Lo Cauendish,11,Lo Cauendish,0,suggestion_only,Do not merge occurrences into one person without occurrence-specific context or an approved safe alias.
NAME_03040,lo dauers,Lo Dauers,1,Lo Dauers,0,suggestion_only,Do not merge occurrences into one person without occurrence-specific context or an approved safe alias.
NAME_03041,lo de,Lo De,2,Lo De,0,suggestion_only,Do not merge occurrences into one person without occurrence-specific context or an approved safe alias.
NAME_03044,lo maynard,Lo Maynard,1,Lo Maynard,0,suggestion_only,Do not merge occurrences into one person without occurrence-specific context or an approved safe alias.
NAME_03046,lo padgett,Lo Padgett,4,Lo Padgett,0,suggestion_only,Do not merge occurrences into one person without occurrence-specific context or an approved safe alias.
NAME_03047,lo pagett,Lo Pagett,1,Lo Pagett,0,suggestion_only,Do not merge occurrences into one person without occurrence-specific context or an approved safe alias.
NAME_03050,lo vise,Lo Vise,1,Lo Vise,0,suggestion_only,Do not merge occurrences into one person without occurrence-specific context or an approved safe alias.
NAME_03051,lodovico orwell,Lodovico Orwell,1,Lodovico Orwell,0,suggestion_only,Do not merge occurrences into one person without occurrence-specific context or an approved safe alias.
NAME_03052,lodovico taite,Lodovico Taite,1,Lodovico Taite,0,suggestion_only,Do not merge occurrences into one person without occurrence-specific context or an approved safe alias.
NAME_03053,lohn bourehier,Lohn Bourehier,2,Sir Lohn Bourehier,0,suggestion_only,Do not merge occurrences into one person without occurrence-specific context or an approved safe alias.
NAME_03054,lohn woodliefe,Lohn Woodliefe,1,Lohn Woodliefe,0,suggestion_only,Do not merge occurrences into one person without occurrence-specific context or an approved safe alias.
NAME_03055,london marchant,London Marchant,2,London Marchant,0,suggestion_only,Do not merge occurrences into one person without occurrence-specific context or an approved safe alias.
NAME_03056,london maweliamt,London Maweliamt,1,London Maweliamt,0,suggestion_only,Do not merge occurrences into one person without occurrence-specific context or an approved safe alias.
NAME_03057,london merchant,London Merchant,3,London Merchant,0,suggestion_only,Do not merge occurrences into one person without occurrence-specific context or an approved safe alias.
NAME_03059,london witltim,London Witltim,1,London Witltim,0,suggestion_only,Do not merge occurrences into one person without occurrence-specific context or an approved safe alias.
NAME_03060,londoniae seilicet,Londoniae Seilicet,1,Londoniae Seilicet,0,suggestion_only,Do not merge occurrences into one person without occurrence-specific context or an approved safe alias.
NAME_03061,londoné reg-,Londoné Reg-,1,Londoné Reg-,0,suggestion_only,Do not merge occurrences into one person without occurrence-specific context or an approved safe alias.
NAME_03062,lorde james,Lorde James,1,Lorde James,0,suggestion_only,Do not merge occurrences into one person without occurrence-specific context or an approved safe alias.
NAME_03064,lorde pagett,Lorde Pagett,1,Lorde Pagett,0,suggestion_only,Do not merge occurrences into one person without occurrence-specific context or an approved safe alias.
NAME_03066,lords grandison,Lords Grandison,1,Lords Grandison,0,suggestion_only,Do not merge occurrences into one person without occurrence-specific context or an approved safe alias.
NAME_03067,lords knights,Lords Knights,1,Lords Knights,0,suggestion_only,Do not merge occurrences into one person without occurrence-specific context or an approved safe alias.
NAME_03069,lorn zoucus,Lorn Zoucus,1,Lorn Zoucus,0,suggestion_only,Do not merge occurrences into one person without occurrence-specific context or an approved safe alias.
NAME_03070,lorp kasper,Lorp Kasper,1,Lorp Kasper,0,suggestion_only,Do not merge occurrences into one person without occurrence-specific context or an approved safe alias.
NAME_03073,lorp zoucn,Lorp Zoucn,1,Lorp Zoucn,0,suggestion_only,Do not merge occurrences into one person without occurrence-specific context or an approved safe alias.
NAME_03074,lorps lres,Lorps Lres,1,Lorps Lres,0,suggestion_only,Do not merge occurrences into one person without occurrence-specific context or an approved safe alias.
NAME_03075,lott peere,Lott Peere,1,m’ Lott Peere,0,suggestion_only,Do not merge occurrences into one person without occurrence-specific context or an approved safe alias.
NAME_03076,lott peire,Lott Peire,2,m* Lott Peire,0,suggestion_only,Do not merge occurrences into one person without occurrence-specific context or an approved safe alias.
NAME_03081,louell. d’,Louell. D’,1,"m’ Louell.
D’",0,suggestion_only,Do not merge occurrences into one person without occurrence-specific context or an approved safe alias.
NAME_03082,louis orwell,Louis Orwell,1,Captain Louis Orwell,0,suggestion_only,Do not merge occurrences into one person without occurrence-specific context or an approved safe alias.
NAME_03084,lowe boatswaine,Lowe Boatswaine,1,Lowe Boatswaine,0,suggestion_only,Do not merge occurrences into one person without occurrence-specific context or an approved safe alias.
NAME_03085,lo’s judgem,Lo’s Judgem,1,Lo’s Judgem,0,suggestion_only,Do not merge occurrences into one person without occurrence-specific context or an approved safe alias.
NAME_03089,luke burden,Luke Burden,3,Luke Burden,0,suggestion_only,Do not merge occurrences into one person without occurrence-specific context or an approved safe alias.
NAME_03090,luke ledge,Luke Ledge,1,Luke Ledge,0,suggestion_only,Do not merge occurrences into one person without occurrence-specific context or an approved safe alias.
NAME_03091,luke lodge,Luke Lodge,2,Luke Lodge,0,suggestion_only,Do not merge occurrences into one person without occurrence-specific context or an approved safe alias.
NAME_03092,lx xvii,LX XVII,1,LX XVII,0,suggestion_only,Do not merge occurrences into one person without occurrence-specific context or an approved safe alias.
NAME_03093,lynsell batchellor,Lynsell Batchellor,1,Lynsell Batchellor,0,suggestion_only,Do not merge occurrences into one person without occurrence-specific context or an approved safe alias.
NAME_03094,lyon g.,Lyon G.,1,Lyon G,0,suggestion_only,Do not merge occurrences into one person without occurrence-specific context or an approved safe alias.
NAME_03095,lyonell cranfield,Lyonell Cranfield,2,Sir Lyonell Cranfield,0,suggestion_only,Do not merge occurrences into one person without occurrence-specific context or an approved safe alias.
NAME_03096,m' alder,M' Alder,1,M' Alder,0,suggestion_only,Do not merge occurrences into one person without occurrence-specific context or an approved safe alias.
NAME_03097,m' allin,M' Allin,1,M' Allin,0,suggestion_only,Do not merge occurrences into one person without occurrence-specific context or an approved safe alias.
NAME_03098,m' antho,M' Antho,1,M' Antho,0,suggestion_only,Do not merge occurrences into one person without occurrence-specific context or an approved safe alias.
NAME_03100,m' balmeford,M' Balmeford,2,M' Balmeford,0,suggestion_only,Do not merge occurrences into one person without occurrence-specific context or an approved safe alias.
NAME_03101,m' barbor,M' Barbor,3,M' Barbor,0,suggestion_only,Do not merge occurrences into one person without occurrence-specific context or an approved safe alias.
NAME_03102,m' barbors,M' Barbors,1,M' Barbors,0,suggestion_only,Do not merge occurrences into one person without occurrence-specific context or an approved safe alias.
NAME_03103,m' bargrave,M' Bargrave,1,M' Bargrave,0,suggestion_only,Do not merge occurrences into one person without occurrence-specific context or an approved safe alias.
NAME_03104,m' basse,M' Basse,1,M' Basse,0,suggestion_only,Do not merge occurrences into one person without occurrence-specific context or an approved safe alias.
NAME_03105,m' ben-,M' Ben-,1,M' Ben-,0,suggestion_only,Do not merge occurrences into one person without occurrence-specific context or an approved safe alias.
NAME_03106,m' bennett,M' Bennett,2,M' Bennett,0,suggestion_only,Do not merge occurrences into one person without occurrence-specific context or an approved safe alias.
NAME_03107,m' berkeley,M' Berkeley,2,M' Berkeley,0,suggestion_only,Do not merge occurrences into one person without occurrence-specific context or an approved safe alias.
NAME_03108,m' berkley,M' Berkley,3,M' Berkley,0,suggestion_only,Do not merge occurrences into one person without occurrence-specific context or an approved safe alias.
NAME_03109,m' berkly,M' Berkly,1,M' Berkly,0,suggestion_only,Do not merge occurrences into one person without occurrence-specific context or an approved safe alias.
NAME_03110,m' berklyes,M' Berklyes,1,M' Berklyes,0,suggestion_only,Do not merge occurrences into one person without occurrence-specific context or an approved safe alias.
NAME_03111,m' bland,M' Bland,2,M' Bland,0,suggestion_only,Do not merge occurrences into one person without occurrence-specific context or an approved safe alias.
NAME_03112,m' blaney,M' Blaney,2,M' Blaney,0,suggestion_only,Do not merge occurrences into one person without occurrence-specific context or an approved safe alias.
NAME_03113,m' blany,M' Blany,1,M' Blany,0,suggestion_only,Do not merge occurrences into one person without occurrence-specific context or an approved safe alias.
NAME_03114,m' cafinge,M' Cafinge,1,M' Cafinge,0,suggestion_only,Do not merge occurrences into one person without occurrence-specific context or an approved safe alias.
NAME_03115,m' calthrope,M' Calthrope,1,M' Calthrope,0,suggestion_only,Do not merge occurrences into one person without occurrence-specific context or an approved safe alias.
NAME_03116,m' caning,M' Caning,1,M' Caning,0,suggestion_only,Do not merge occurrences into one person without occurrence-specific context or an approved safe alias.
NAME_03117,m' canninge,M' Canninge,1,M' Canninge,0,suggestion_only,Do not merge occurrences into one person without occurrence-specific context or an approved safe alias.
NAME_03118,m' carter,M' Carter,6,M' Carter,0,suggestion_only,Do not merge occurrences into one person without occurrence-specific context or an approved safe alias.
NAME_03119,m' casewell,M' Casewell,2,M' Casewell,0,suggestion_only,Do not merge occurrences into one person without occurrence-specific context or an approved safe alias.
NAME_03120,m' caswell,M' Caswell,2,M' Caswell,0,suggestion_only,Do not merge occurrences into one person without occurrence-specific context or an approved safe alias.
NAME_03121,m' chambers,M' Chambers,1,M' Chambers,0,suggestion_only,Do not merge occurrences into one person without occurrence-specific context or an approved safe alias.
NAME_03122,m' chanterton,M' Chanterton,1,M' Chanterton,0,suggestion_only,Do not merge occurrences into one person without occurrence-specific context or an approved safe alias.
NAME_03123,m' charles,M' Charles,1,M' Charles,0,suggestion_only,Do not merge occurrences into one person without occurrence-specific context or an approved safe alias.
NAME_03124,m' chesterman,M' Chesterman,1,M' Chesterman,0,suggestion_only,Do not merge occurrences into one person without occurrence-specific context or an approved safe alias.
NAME_03125,m' claren-,M' Claren-,1,M' Claren-,0,suggestion_only,Do not merge occurrences into one person without occurrence-specific context or an approved safe alias.
NAME_03126,m' clarke,M' Clarke,1,M' Clarke,0,suggestion_only,Do not merge occurrences into one person without occurrence-specific context or an approved safe alias.
NAME_03127,m' copland,M' Copland,1,M' Copland,0,suggestion_only,Do not merge occurrences into one person without occurrence-specific context or an approved safe alias.
NAME_03128,m' covell,M' Covell,2,M' Covell,0,suggestion_only,Do not merge occurrences into one person without occurrence-specific context or an approved safe alias.
NAME_03129,m' cranmer,M' Cranmer,2,M' Cranmer,0,suggestion_only,Do not merge occurrences into one person without occurrence-specific context or an approved safe alias.
NAME_03130,m' deputie,M' Deputie,17,M' Deputie,0,suggestion_only,Do not merge occurrences into one person without occurrence-specific context or an approved safe alias.
NAME_03132,m' ditchfield,M' Ditchfield,1,M' Ditchfield,0,suggestion_only,Do not merge occurrences into one person without occurrence-specific context or an approved safe alias.
NAME_03134,m' edward,M' Edward,1,M' Edward,0,suggestion_only,Do not merge occurrences into one person without occurrence-specific context or an approved safe alias.
NAME_03135,m' edwardé,M' Edwardé,1,M' Edwardé,0,suggestion_only,Do not merge occurrences into one person without occurrence-specific context or an approved safe alias.
NAME_03136,m' effington,M' Effington,1,M' Effington,0,suggestion_only,Do not merge occurrences into one person without occurrence-specific context or an approved safe alias.
NAME_03137,m' eps,M' Eps,1,M' Eps,0,suggestion_only,Do not merge occurrences into one person without occurrence-specific context or an approved safe alias.
NAME_03138,m' ewens,M' Ewens,1,M' Ewens,0,suggestion_only,Do not merge occurrences into one person without occurrence-specific context or an approved safe alias.
NAME_03139,m' ffarrar,M' Ffarrar,1,M' Ffarrar,0,suggestion_only,Do not merge occurrences into one person without occurrence-specific context or an approved safe alias.
NAME_03140,m' geo,M' Geo,1,M' Geo,0,suggestion_only,Do not merge occurrences into one person without occurrence-specific context or an approved safe alias.
NAME_03141,m' gibbs,M' Gibbs,4,M' Gibbs,0,suggestion_only,Do not merge occurrences into one person without occurrence-specific context or an approved safe alias.
NAME_03142,m' godseall,M' Godseall,1,M' Godseall,0,suggestion_only,Do not merge occurrences into one person without occurrence-specific context or an approved safe alias.
NAME_03143,m' hackett,M' Hackett,2,M' Hackett,0,suggestion_only,Do not merge occurrences into one person without occurrence-specific context or an approved safe alias.
NAME_03144,m' hall,M' Hall,1,M' Hall,0,suggestion_only,Do not merge occurrences into one person without occurrence-specific context or an approved safe alias.
NAME_03145,m' harper,M' Harper,1,m' M' Harper,0,suggestion_only,Do not merge occurrences into one person without occurrence-specific context or an approved safe alias.
NAME_03146,m' howe,M' Howe,1,M' Howe,0,suggestion_only,Do not merge occurrences into one person without occurrence-specific context or an approved safe alias.
NAME_03147,m' hum,M' Hum,1,M' Hum,0,suggestion_only,Do not merge occurrences into one person without occurrence-specific context or an approved safe alias.
NAME_03148,m' iacobb,M' Iacobb,1,M' Iacobb,0,suggestion_only,Do not merge occurrences into one person without occurrence-specific context or an approved safe alias.
NAME_03149,m' iohn,M' Iohn,2,M' Iohn,0,suggestion_only,Do not merge occurrences into one person without occurrence-specific context or an approved safe alias.
NAME_03150,m' jaeobb,M' Jaeobb,2,M' Jaeobb,0,suggestion_only,Do not merge occurrences into one person without occurrence-specific context or an approved safe alias.
NAME_03151,m' jo,M' Jo,4,M' Jo,0,suggestion_only,Do not merge occurrences into one person without occurrence-specific context or an approved safe alias.
NAME_03152,m' john,M' John,4,M' John,0,suggestion_only,Do not merge occurrences into one person without occurrence-specific context or an approved safe alias.
NAME_03153,m' keightley,M' Keightley,2,M' Keightley,0,suggestion_only,Do not merge occurrences into one person without occurrence-specific context or an approved safe alias.
NAME_03154,m' keyme,M' Keyme,1,M' Keyme,0,suggestion_only,Do not merge occurrences into one person without occurrence-specific context or an approved safe alias.
NAME_03155,m' kightly,M' Kightly,1,M' Kightly,0,suggestion_only,Do not merge occurrences into one person without occurrence-specific context or an approved safe alias.
NAME_03156,m' lawns,M' Lawns,1,M' Lawns,0,suggestion_only,Do not merge occurrences into one person without occurrence-specific context or an approved safe alias.
NAME_03157,m' leat,M' Leat,1,M' Leat,0,suggestion_only,Do not merge occurrences into one person without occurrence-specific context or an approved safe alias.
NAME_03158,m' leech,M' Leech,1,"M'
Leech",0,suggestion_only,Do not merge occurrences into one person without occurrence-specific context or an approved safe alias.
NAME_03159,m' maddox,M' Maddox,1,M' Maddox,0,suggestion_only,Do not merge occurrences into one person without occurrence-specific context or an approved safe alias.
NAME_03160,m' markham,M' Markham,2,M' Markham,0,suggestion_only,Do not merge occurrences into one person without occurrence-specific context or an approved safe alias.
NAME_03161,m' mellin,M' Mellin,2,M' Mellin,0,suggestion_only,Do not merge occurrences into one person without occurrence-specific context or an approved safe alias.
NAME_03162,m' melling,M' Melling,1,M' Melling,0,suggestion_only,Do not merge occurrences into one person without occurrence-specific context or an approved safe alias.
NAME_03163,m' mellinge,M' Mellinge,1,M' Mellinge,0,suggestion_only,Do not merge occurrences into one person without occurrence-specific context or an approved safe alias.
NAME_03164,m' nicho,M' Nicho,1,M' Nicho,0,suggestion_only,Do not merge occurrences into one person without occurrence-specific context or an approved safe alias.
NAME_03165,m' nicholls,M' Nicholls,1,M' Nicholls,0,suggestion_only,Do not merge occurrences into one person without occurrence-specific context or an approved safe alias.
NAME_03166,m' nie,M' Nie,1,M' Nie,0,suggestion_only,Do not merge occurrences into one person without occurrence-specific context or an approved safe alias.
NAME_03167,m' poe,M' Poe,1,M' Poe,0,suggestion_only,Do not merge occurrences into one person without occurrence-specific context or an approved safe alias.
NAME_03168,m' pooley,M' Pooley,3,M' Pooley,0,suggestion_only,Do not merge occurrences into one person without occurrence-specific context or an approved safe alias.
NAME_03169,m' porey,M' Porey,1,M' Porey,0,suggestion_only,Do not merge occurrences into one person without occurrence-specific context or an approved safe alias.
NAME_03170,m' porter,M' Porter,1,M' Porter,0,suggestion_only,Do not merge occurrences into one person without occurrence-specific context or an approved safe alias.
NAME_03171,m' reynolds,M' Reynolds,1,M' Reynolds,0,suggestion_only,Do not merge occurrences into one person without occurrence-specific context or an approved safe alias.
NAME_03172,m' rich,M' Rich,2,M' Rich,0,suggestion_only,Do not merge occurrences into one person without occurrence-specific context or an approved safe alias.
NAME_03173,m' russell,M' Russell,1,M' Russell,0,suggestion_only,Do not merge occurrences into one person without occurrence-specific context or an approved safe alias.
NAME_03174,m' sceretarie,M' Sceretarie,2,M' Sceretarie,0,suggestion_only,Do not merge occurrences into one person without occurrence-specific context or an approved safe alias.
NAME_03175,m' scott,M' Scott,1,M' Scott,0,suggestion_only,Do not merge occurrences into one person without occurrence-specific context or an approved safe alias.
NAME_03177,m' secritaryes,M' Secritaryes,1,M' Secritaryes,0,suggestion_only,Do not merge occurrences into one person without occurrence-specific context or an approved safe alias.
NAME_03178,m' smith,M' Smith,2,M' Smith,0,suggestion_only,Do not merge occurrences into one person without occurrence-specific context or an approved safe alias.
NAME_03179,m' smyth,M' Smyth,4,M' Smyth,0,suggestion_only,Do not merge occurrences into one person without occurrence-specific context or an approved safe alias.
NAME_03180,m' smythes,M' Smythes,2,M' Smythes,0,suggestion_only,Do not merge occurrences into one person without occurrence-specific context or an approved safe alias.
NAME_03181,m' sparrowe,M' Sparrowe,1,M' Sparrowe,0,suggestion_only,Do not merge occurrences into one person without occurrence-specific context or an approved safe alias.
NAME_03182,m' spruson,M' Spruson,2,M' Spruson,0,suggestion_only,Do not merge occurrences into one person without occurrence-specific context or an approved safe alias.
NAME_03183,m' stacy,M' Stacy,1,M' Stacy,0,suggestion_only,Do not merge occurrences into one person without occurrence-specific context or an approved safe alias.
NAME_03184,m' stubbs,M' Stubbs,1,M' Stubbs,0,suggestion_only,Do not merge occurrences into one person without occurrence-specific context or an approved safe alias.
NAME_03185,m' tatam,M' Tatam,1,M' Tatam,0,suggestion_only,Do not merge occurrences into one person without occurrence-specific context or an approved safe alias.
NAME_03186,m' tfere,M' Tfere,1,M' Tfere,0,suggestion_only,Do not merge occurrences into one person without occurrence-specific context or an approved safe alias.
NAME_03187,m' thfer,M' Thfer,5,M' Thfer,0,suggestion_only,Do not merge occurrences into one person without occurrence-specific context or an approved safe alias.
NAME_03188,m' thfers,M' Thfers,1,M' Thfers,0,suggestion_only,Do not merge occurrences into one person without occurrence-specific context or an approved safe alias.
NAME_03189,m' thier,M' Thier,10,M' Thier,0,suggestion_only,Do not merge occurrences into one person without occurrence-specific context or an approved safe alias.
NAME_03190,m' thir,M' Thir,1,M' Thir,0,suggestion_only,Do not merge occurrences into one person without occurrence-specific context or an approved safe alias.
NAME_03191,m' tho,M' Tho,1,M' Tho,0,suggestion_only,Do not merge occurrences into one person without occurrence-specific context or an approved safe alias.
NAME_03192,m' thorp,M' Thorp,2,M' Thorp,0,suggestion_only,Do not merge occurrences into one person without occurrence-specific context or an approved safe alias.
NAME_03193,m' thorpe,M' Thorpe,7,M' Thorpe,0,suggestion_only,Do not merge occurrences into one person without occurrence-specific context or an approved safe alias.
NAME_03194,m' thos,M' Thos,1,M' Thos,0,suggestion_only,Do not merge occurrences into one person without occurrence-specific context or an approved safe alias.
NAME_03195,m' threasuror,M' Threasuror,1,M' Threasuror,0,suggestion_only,Do not merge occurrences into one person without occurrence-specific context or an approved safe alias.
NAME_03196,m' threa’,M' Threa’,1,M' Threa’,0,suggestion_only,Do not merge occurrences into one person without occurrence-specific context or an approved safe alias.
NAME_03197,m' thrier,M' Thrier,1,M' Thrier,0,suggestion_only,Do not merge occurrences into one person without occurrence-specific context or an approved safe alias.
NAME_03198,m' throckmorton,M' Throckmorton,1,M' Throckmorton,0,suggestion_only,Do not merge occurrences into one person without occurrence-specific context or an approved safe alias.
NAME_03199,m' throckmortons,M' Throckmortons,1,M' Throckmortons,0,suggestion_only,Do not merge occurrences into one person without occurrence-specific context or an approved safe alias.
NAME_03200,m' thréer,M' Thréer,2,M' Thréer,0,suggestion_only,Do not merge occurrences into one person without occurrence-specific context or an approved safe alias.
NAME_03201,m' tiers,M' Tiers,1,M' Tiers,0,suggestion_only,Do not merge occurrences into one person without occurrence-specific context or an approved safe alias.
NAME_03203,m' toby,M' Toby,1,M' Toby,0,suggestion_only,Do not merge occurrences into one person without occurrence-specific context or an approved safe alias.
NAME_03204,m' tomlynson,M' Tomlynson,1,M' Tomlynson,0,suggestion_only,Do not merge occurrences into one person without occurrence-specific context or an approved safe alias.
NAME_03205,m' tracy,M' Tracy,3,"M'
Tracy | M' Tracy",0,suggestion_only,Do not merge occurrences into one person without occurrence-specific context or an approved safe alias.
NAME_03206,m' tracyes,M' Tracyes,1,M' Tracyes,0,suggestion_only,Do not merge occurrences into one person without occurrence-specific context or an approved safe alias.
NAME_03208,m' tyer,M' TYer,1,M' TYer,0,suggestion_only,Do not merge occurrences into one person without occurrence-specific context or an approved safe alias.
NAME_03209,m' w,M' W,4,M' W,0,suggestion_only,Do not merge occurrences into one person without occurrence-specific context or an approved safe alias.
NAME_03210,m' waterhowse,M' Waterhowse,1,M' Waterhowse,0,suggestion_only,Do not merge occurrences into one person without occurrence-specific context or an approved safe alias.
NAME_03211,m' wentworth,M' Wentworth,1,M' Wentworth,0,suggestion_only,Do not merge occurrences into one person without occurrence-specific context or an approved safe alias.
NAME_03212,m' whitley,M' Whitley,1,M' Whitley,0,suggestion_only,Do not merge occurrences into one person without occurrence-specific context or an approved safe alias.
NAME_03213,m' whittakers,M' Whittakers,1,M' Whittakers,0,suggestion_only,Do not merge occurrences into one person without occurrence-specific context or an approved safe alias.
NAME_03214,m' willms,M' Willms,1,M' Willms,0,suggestion_only,Do not merge occurrences into one person without occurrence-specific context or an approved safe alias.
NAME_03215,m' wise-,M' Wise-,1,M' Wise-,0,suggestion_only,Do not merge occurrences into one person without occurrence-specific context or an approved safe alias.
NAME_03216,m' wiseman,M' Wiseman,1,M' Wiseman,0,suggestion_only,Do not merge occurrences into one person without occurrence-specific context or an approved safe alias.
NAME_03217,m' woode,M' Woode,1,M' Woode,0,suggestion_only,Do not merge occurrences into one person without occurrence-specific context or an approved safe alias.
NAME_03218,m' wrote,M' Wrote,10,M' Wrote,0,suggestion_only,Do not merge occurrences into one person without occurrence-specific context or an approved safe alias.
NAME_03219,m' wrotes,M' Wrotes,1,M' Wrotes,0,suggestion_only,Do not merge occurrences into one person without occurrence-specific context or an approved safe alias.
NAME_03220,m' wroth,M' Wroth,1,M' Wroth,0,suggestion_only,Do not merge occurrences into one person without occurrence-specific context or an approved safe alias.
NAME_03221,m' wrott,M' Wrott,2,M' Wrott,0,suggestion_only,Do not merge occurrences into one person without occurrence-specific context or an approved safe alias.
NAME_03222,m' wye,M' Wye,1,M' Wye,0,suggestion_only,Do not merge occurrences into one person without occurrence-specific context or an approved safe alias.
NAME_03223,m' wymarke,M' Wymarke,1,M' Wymarke,0,suggestion_only,Do not merge occurrences into one person without occurrence-specific context or an approved safe alias.
NAME_03224,m. patrick,M. Patrick,3,M. Patrick,0,suggestion_only,Do not merge occurrences into one person without occurrence-specific context or an approved safe alias.
NAME_03225,m. thomas,M. Thomas,1,M. Thomas,0,suggestion_only,Do not merge occurrences into one person without occurrence-specific context or an approved safe alias.
NAME_03226,m4 ap,M4 Ap,1,M4 Ap,0,suggestion_only,Do not merge occurrences into one person without occurrence-specific context or an approved safe alias.
NAME_03232,macocks diwidend.,Macocks Diwidend.,1,Master Macocks Diwidend,0,suggestion_only,Do not merge occurrences into one person without occurrence-specific context or an approved safe alias.
NAME_03233,maddison richard,Maddison Richard,1,"Captaine Maddison
Richard",0,suggestion_only,Do not merge occurrences into one person without occurrence-specific context or an approved safe alias.
NAME_03237,magne britanie,Magne Britanie,1,Magne Britanie,0,suggestion_only,Do not merge occurrences into one person without occurrence-specific context or an approved safe alias.
NAME_03240,maii anno,Maii Anno,1,Maii Anno,0,suggestion_only,Do not merge occurrences into one person without occurrence-specific context or an approved safe alias.
NAME_03242,mangolleffild bristoll,Mangolleffild Bristoll,1,Mangolleffild Bristoll,0,suggestion_only,Do not merge occurrences into one person without occurrence-specific context or an approved safe alias.
NAME_03243,manrice llewellin,Manrice Llewellin,1,Manrice Llewellin,0,suggestion_only,Do not merge occurrences into one person without occurrence-specific context or an approved safe alias.
NAME_03245,marchaunt gvho,Marchaunt Gvho,1,Marchaunt Gvho,0,suggestion_only,Do not merge occurrences into one person without occurrence-specific context or an approved safe alias.
NAME_03246,margaret dauies,Margaret Dauies,1,Margaret Dauies,0,suggestion_only,Do not merge occurrences into one person without occurrence-specific context or an approved safe alias.
NAME_03247,margery blewet,Margery Blewet,1,Margery Blewet,0,suggestion_only,Do not merge occurrences into one person without occurrence-specific context or an approved safe alias.
NAME_03248,margery nelme,Margery Nelme,1,Margery Nelme,0,suggestion_only,Do not merge occurrences into one person without occurrence-specific context or an approved safe alias.
NAME_03253,markham bookeeper,Markham Bookeeper,2,m’ Markham Bookeeper,0,suggestion_only,Do not merge occurrences into one person without occurrence-specific context or an approved safe alias.
NAME_03254,marmaduk reyno,Marmaduk Reyno,1,"m' Marmaduk
Reyno",0,suggestion_only,Do not merge occurrences into one person without occurrence-specific context or an approved safe alias.
NAME_03255,marmaduke dorrel,Marmaduke Dorrel,1,Sir Marmaduke Dorrel,0,suggestion_only,Do not merge occurrences into one person without occurrence-specific context or an approved safe alias.
NAME_03256,marmaduke rayner,Marmaduke Rayner,3,Marmaduke Rayner,0,suggestion_only,Do not merge occurrences into one person without occurrence-specific context or an approved safe alias.
NAME_03257,marmaduke raynor,Marmaduke Raynor,1,Marmaduke Raynor,0,suggestion_only,Do not merge occurrences into one person without occurrence-specific context or an approved safe alias.
NAME_03258,marmaduke reyner,Marmaduke Reyner,1,Marmaduke Reyner,0,suggestion_only,Do not merge occurrences into one person without occurrence-specific context or an approved safe alias.
NAME_03262,marshall tresuror,Marshall Tresuror,1,Marshall Tresuror,0,suggestion_only,Do not merge occurrences into one person without occurrence-specific context or an approved safe alias.
NAME_03263,martha paules,Martha Paules,1,Martha Paules,0,suggestion_only,Do not merge occurrences into one person without occurrence-specific context or an approved safe alias.
NAME_03268,martin armenean,Martin Armenean,1,Martin Armenean,0,suggestion_only,Do not merge occurrences into one person without occurrence-specific context or an approved safe alias.
NAME_03270,martin brandon,Martin Brandon,7,"Martin
Brandon | Martin Brandon",0,suggestion_only,Do not merge occurrences into one person without occurrence-specific context or an approved safe alias.
NAME_03271,martin brandon-capt,Martin Brandon-Capt,1,Martin Brandon-Capt,0,suggestion_only,Do not merge occurrences into one person without occurrence-specific context or an approved safe alias.
NAME_03272,martin earle,Martin Earle,2,Martin Earle,0,suggestion_only,Do not merge occurrences into one person without occurrence-specific context or an approved safe alias.
NAME_03273,martin esq,Martin Esq,1,Martin Esq,0,suggestion_only,Do not merge occurrences into one person without occurrence-specific context or an approved safe alias.
NAME_03274,martin freeman,Martin Freeman,2,Martin Freeman,0,suggestion_only,Do not merge occurrences into one person without occurrence-specific context or an approved safe alias.
NAME_03275,martin nathan,Martin Nathan,1,Martin Nathan,0,suggestion_only,Do not merge occurrences into one person without occurrence-specific context or an approved safe alias.
NAME_03276,martin prin,Martin Prin,4,Capt Martin Prin | Captaine Martin Prin | Martin Prin,0,suggestion_only,Do not merge occurrences into one person without occurrence-specific context or an approved safe alias.
NAME_03277,martin prinn,Martin Prinn,2,Martin Prinn,0,suggestion_only,Do not merge occurrences into one person without occurrence-specific context or an approved safe alias.
NAME_03278,martin stuteuill,Martin Stuteuill,1,Sir Martin Stuteuill,0,suggestion_only,Do not merge occurrences into one person without occurrence-specific context or an approved safe alias.
NAME_03279,martin stutfeild,Martin Stutfeild,1,Martin Stutfeild,0,suggestion_only,Do not merge occurrences into one person without occurrence-specific context or an approved safe alias.
NAME_03280,martin tiffe,Martin Tiffe,1,Martin Tiffe,0,suggestion_only,Do not merge occurrences into one person without occurrence-specific context or an approved safe alias.
NAME_03281,martine certificate,Martine Certificate,1,Martine Certificate,0,suggestion_only,Do not merge occurrences into one person without occurrence-specific context or an approved safe alias.
NAME_03282,martine hun-,Martine Hun-,1,Martine Hun-,0,suggestion_only,Do not merge occurrences into one person without occurrence-specific context or an approved safe alias.
NAME_03285,martines burgesses,Martines Burgesses,1,Captaine Martines Burgesses,0,suggestion_only,Do not merge occurrences into one person without occurrence-specific context or an approved safe alias.
NAME_03286,martins certificate,Martins Certificate,2,Captaine Martins Certificate | Martins Certificate,0,suggestion_only,Do not merge occurrences into one person without occurrence-specific context or an approved safe alias.
NAME_03287,martins demaund,Martins Demaund,1,Martins Demaund,0,suggestion_only,Do not merge occurrences into one person without occurrence-specific context or an approved safe alias.
NAME_03288,martins deniall,Martins Deniall,2,Captaine Martins Deniall,0,suggestion_only,Do not merge occurrences into one person without occurrence-specific context or an approved safe alias.
NAME_03290,martins plantation,Martins Plantation,2,Captaine Martins Plantation | Martins Plantation,0,suggestion_only,Do not merge occurrences into one person without occurrence-specific context or an approved safe alias.
NAME_03291,martin’s burgesses,Martin’s Burgesses,2,"Captaine
Martin’s Burgesses",0,suggestion_only,Do not merge occurrences into one person without occurrence-specific context or an approved safe alias.
NAME_03294,martin’s patent,Martin’s Patent,2,"Captain Martin’s
Patent",0,suggestion_only,Do not merge occurrences into one person without occurrence-specific context or an approved safe alias.
NAME_03295,martin’s patente,Martin’s Patente,2,"Captaine
Martin’s Patente",0,suggestion_only,Do not merge occurrences into one person without occurrence-specific context or an approved safe alias.
NAME_03296,marttin brandon,Marttin Brandon,2,Marttin Brandon,0,suggestion_only,Do not merge occurrences into one person without occurrence-specific context or an approved safe alias.
NAME_03297,martyn bond,Martyn Bond,1,Martyn Bond,0,suggestion_only,Do not merge occurrences into one person without occurrence-specific context or an approved safe alias.
NAME_03298,mary maddeson,Mary Maddeson,2,Mary Maddeson,0,suggestion_only,Do not merge occurrences into one person without occurrence-specific context or an approved safe alias.
NAME_03299,mary mapison,Mary Mapison,1,Mary Mapison,0,suggestion_only,Do not merge occurrences into one person without occurrence-specific context or an approved safe alias.
NAME_03300,mary margaret,Mary Margaret,2,Mary Margaret,0,suggestion_only,Do not merge occurrences into one person without occurrence-specific context or an approved safe alias.
NAME_03301,mary robinson,Mary Robinson,1,Mary Robinson,0,suggestion_only,Do not merge occurrences into one person without occurrence-specific context or an approved safe alias.
NAME_03302,mary robinsoné,Mary Robinsoné,1,Mary Robinsoné,0,suggestion_only,Do not merge occurrences into one person without occurrence-specific context or an approved safe alias.
NAME_03303,mary tracy,Mary Tracy,3,Mary Tracy,0,suggestion_only,Do not merge occurrences into one person without occurrence-specific context or an approved safe alias.
NAME_03304,mary tue,Mary Tue,3,Mary Tue,0,suggestion_only,Do not merge occurrences into one person without occurrence-specific context or an approved safe alias.
NAME_03305,mary tues,Mary Tues,1,Mary Tues,0,suggestion_only,Do not merge occurrences into one person without occurrence-specific context or an approved safe alias.
NAME_03306,mary younge,Mary Younge,1,Mary Younge,0,suggestion_only,Do not merge occurrences into one person without occurrence-specific context or an approved safe alias.
NAME_03308,mas ragne,Mas Ragne,1,Mas Ragne,0,suggestion_only,Do not merge occurrences into one person without occurrence-specific context or an approved safe alias.
NAME_03309,mat carew,Mat Carew,4,Mat Carew,0,suggestion_only,Do not merge occurrences into one person without occurrence-specific context or an approved safe alias.
NAME_03313,mateny gf,Mateny Gf,1,Mateny Gf,0,suggestion_only,Do not merge occurrences into one person without occurrence-specific context or an approved safe alias.
NAME_03314,matestizrs counsem,Matestizrs Counsem,1,Matestizrs Counsem,0,suggestion_only,Do not merge occurrences into one person without occurrence-specific context or an approved safe alias.
NAME_03315,matheo browuerigg,Matheo Browuerigg,1,Matheo Browuerigg,0,suggestion_only,Do not merge occurrences into one person without occurrence-specific context or an approved safe alias.
NAME_03316,matheo cooper,Matheo Cooper,1,Matheo Cooper,0,suggestion_only,Do not merge occurrences into one person without occurrence-specific context or an approved safe alias.
NAME_03317,matheo deques-,Matheo Deques-,1,Matheo Deques-,0,suggestion_only,Do not merge occurrences into one person without occurrence-specific context or an approved safe alias.
NAME_03319,matheo shepheard,Matheo Shepheard,1,Matheo Shepheard,0,suggestion_only,Do not merge occurrences into one person without occurrence-specific context or an approved safe alias.
NAME_03320,matheo springhai,Matheo Springhai,1,Matheo Springhai,0,suggestion_only,Do not merge occurrences into one person without occurrence-specific context or an approved safe alias.
NAME_03321,matheo sutcliffe,Matheo Sutcliffe,1,Matheo Sutcliffe,0,suggestion_only,Do not merge occurrences into one person without occurrence-specific context or an approved safe alias.
NAME_03322,mathew brocbanke,Mathew Brocbanke,1,Mathew Brocbanke,0,suggestion_only,Do not merge occurrences into one person without occurrence-specific context or an approved safe alias.
NAME_03323,mathew brockbanck,Mathew Brockbanck,1,Mathew Brockbanck,0,suggestion_only,Do not merge occurrences into one person without occurrence-specific context or an approved safe alias.
NAME_03324,mathew bronericke,Mathew Bronericke,1,Mathew Bronericke,0,suggestion_only,Do not merge occurrences into one person without occurrence-specific context or an approved safe alias.
NAME_03325,mathew cauell,Mathew Cauell,1,Mathew Cauell,0,suggestion_only,Do not merge occurrences into one person without occurrence-specific context or an approved safe alias.
NAME_03326,mathew cooper,Mathew Cooper,1,Mathew Cooper,0,suggestion_only,Do not merge occurrences into one person without occurrence-specific context or an approved safe alias.
NAME_03327,mathew deqne,Mathew Deqne,1,Mathew Deqne,0,suggestion_only,Do not merge occurrences into one person without occurrence-specific context or an approved safe alias.
NAME_03328,mathew seizemore,Mathew Seizemore,1,Mathew Seizemore,0,suggestion_only,Do not merge occurrences into one person without occurrence-specific context or an approved safe alias.
NAME_03329,mathew shepheard,Mathew Shepheard,2,Mathew Shepheard,0,suggestion_only,Do not merge occurrences into one person without occurrence-specific context or an approved safe alias.
NAME_03330,mathew somers,Mathew Somers,5,"Capt
Mathew Somers | Captain Mathew Somers | Captaine Mathew Somers",0,suggestion_only,Do not merge occurrences into one person without occurrence-specific context or an approved safe alias.
NAME_03331,mathew springham,Mathew Springham,2,Mathew Springham,0,suggestion_only,Do not merge occurrences into one person without occurrence-specific context or an approved safe alias.
NAME_03332,mathew suffers,Mathew Suffers,1,Mathew Suffers,0,suggestion_only,Do not merge occurrences into one person without occurrence-specific context or an approved safe alias.
NAME_03333,mathew summers,Mathew Summers,4,Captain Mathew Summers | Mathew Summers,0,suggestion_only,Do not merge occurrences into one person without occurrence-specific context or an approved safe alias.
NAME_03334,mathew sutcliffe,Mathew Sutcliffe,2,Doctor Mathew Sutcliffe,0,suggestion_only,Do not merge occurrences into one person without occurrence-specific context or an approved safe alias.
NAME_03335,mathewe de,Mathewe De,1,Mathewe De,0,suggestion_only,Do not merge occurrences into one person without occurrence-specific context or an approved safe alias.
NAME_03336,mathewe someré,Mathewe Someré,2,Captain Mathewe Someré,0,suggestion_only,Do not merge occurrences into one person without occurrence-specific context or an approved safe alias.
NAME_03337,mathewe suffers,Mathewe Suffers,1,Mathewe Suffers,0,suggestion_only,Do not merge occurrences into one person without occurrence-specific context or an approved safe alias.
NAME_03338,mathewe sumere,Mathewe Sumere,2,Captaine Mathewe Sumere,0,suggestion_only,Do not merge occurrences into one person without occurrence-specific context or an approved safe alias.
NAME_03339,mathewe sumers,Mathewe Sumers,2,m’ Mathewe Sumers,0,suggestion_only,Do not merge occurrences into one person without occurrence-specific context or an approved safe alias.
NAME_03340,mathewe sumiers,Mathewe Sumiers,2,m' Mathewe Sumiers,0,suggestion_only,Do not merge occurrences into one person without occurrence-specific context or an approved safe alias.
NAME_03341,mathewe summers,Mathewe Summers,2,Mathewe SumMers | Mathewe Summers,0,suggestion_only,Do not merge occurrences into one person without occurrence-specific context or an approved safe alias.
NAME_03342,mathewe suteliff,Mathewe Suteliff,2,Mathewe Suteliff,0,suggestion_only,Do not merge occurrences into one person without occurrence-specific context or an approved safe alias.
NAME_03343,mathewe. butt,Mathewe. Butt,1,"Captaine
Mathewe. Butt",0,suggestion_only,Do not merge occurrences into one person without occurrence-specific context or an approved safe alias.
NAME_03344,mathias caldicott,Mathias Caldicott,2,Mathias Caldicott,0,suggestion_only,Do not merge occurrences into one person without occurrence-specific context or an approved safe alias.
NAME_03345,mathias hardinge,Mathias Hardinge,2,m’ Mathias Hardinge,0,suggestion_only,Do not merge occurrences into one person without occurrence-specific context or an approved safe alias.
NAME_03348,matis kingdomes,Matis Kingdomes,1,Matis Kingdomes,0,suggestion_only,Do not merge occurrences into one person without occurrence-specific context or an approved safe alias.
NAME_03350,matthew bromrick,Matthew Bromrick,1,Matthew Bromrick,0,suggestion_only,Do not merge occurrences into one person without occurrence-specific context or an approved safe alias.
NAME_03351,matthew bromridge,Matthew Bromridge,1,Matthew Bromridge,0,suggestion_only,Do not merge occurrences into one person without occurrence-specific context or an approved safe alias.
NAME_03352,matthew cauell,Matthew Cauell,1,Matthew Cauell,0,suggestion_only,Do not merge occurrences into one person without occurrence-specific context or an approved safe alias.
NAME_03353,matthew cooper-,Matthew Cooper-,1,Matthew Cooper-,0,suggestion_only,Do not merge occurrences into one person without occurrence-specific context or an approved safe alias.
NAME_03354,matthew dequester,Matthew Dequester,1,Matthew Dequester,0,suggestion_only,Do not merge occurrences into one person without occurrence-specific context or an approved safe alias.
NAME_03356,matthew shepard,Matthew Shepard,1,Matthew Shepard,0,suggestion_only,Do not merge occurrences into one person without occurrence-specific context or an approved safe alias.
NAME_03357,matthew sutcliffe,Matthew Sutcliffe,2,Doctor Matthew Sutcliffe | Matthew Sutcliffe,0,suggestion_only,Do not merge occurrences into one person without occurrence-specific context or an approved safe alias.
NAME_03358,maurice abbott,Maurice Abbott,2,Maurice Abbott,0,suggestion_only,Do not merge occurrences into one person without occurrence-specific context or an approved safe alias.
NAME_03359,maurice barkley,Maurice Barkley,5,"Maurice Barkley | Mr. Maurice
Barkley | Sir Maurice Barkley",0,suggestion_only,Do not merge occurrences into one person without occurrence-specific context or an approved safe alias.
NAME_03360,maurice berkley,Maurice Berkley,6,"Maurice
Berkley | Maurice Berkley | m' Maurice
Berkley | m* Maurice Berkley",0,suggestion_only,Do not merge occurrences into one person without occurrence-specific context or an approved safe alias.
NAME_03361,maurice holsten,Maurice Holsten,1,Maurice Holsten,0,suggestion_only,Do not merge occurrences into one person without occurrence-specific context or an approved safe alias.
NAME_03362,maurice thompson,Maurice Thompson,1,Maurice Thompson,0,suggestion_only,Do not merge occurrences into one person without occurrence-specific context or an approved safe alias.
NAME_03363,maurice tompson,Maurice Tompson,2,Maurice Tompson,0,suggestion_only,Do not merge occurrences into one person without occurrence-specific context or an approved safe alias.
NAME_03364,mauricio llewellin,Mauricio Llewellin,1,Mauricio Llewellin,0,suggestion_only,Do not merge occurrences into one person without occurrence-specific context or an approved safe alias.
NAME_03365,mawrice abbott,Mawrice Abbott,1,m* Mawrice Abbott,0,suggestion_only,Do not merge occurrences into one person without occurrence-specific context or an approved safe alias.
NAME_03366,mawrice barkley,Mawrice Barkley,1,Sir Mawrice Barkley,0,suggestion_only,Do not merge occurrences into one person without occurrence-specific context or an approved safe alias.
NAME_03367,mawricius barkley,Mawricius Barkley,1,Mawricius Barkley,0,suggestion_only,Do not merge occurrences into one person without occurrence-specific context or an approved safe alias.
NAME_03368,maximilian russel,Maximilian Russel,1,Maximilian Russel,0,suggestion_only,Do not merge occurrences into one person without occurrence-specific context or an approved safe alias.
NAME_03370,maynard. s',Maynard. S',1,Lord Maynard. S',0,suggestion_only,Do not merge occurrences into one person without occurrence-specific context or an approved safe alias.
NAME_03371,mayne riuer,Mayne Riuer,1,Mayne Riuer,0,suggestion_only,Do not merge occurrences into one person without occurrence-specific context or an approved safe alias.
NAME_03372,mdwardus hackett,Mdwardus Hackett,1,Mdwardus Hackett,0,suggestion_only,Do not merge occurrences into one person without occurrence-specific context or an approved safe alias.
NAME_03373,mdwin sandys,Mdwin Sandys,2,Sir Mdwin Sandys,0,suggestion_only,Do not merge occurrences into one person without occurrence-specific context or an approved safe alias.
NAME_03374,meale oatemeale,Meale Oatemeale,1,Meale Oatemeale,0,suggestion_only,Do not merge occurrences into one person without occurrence-specific context or an approved safe alias.
NAME_03375,meale ono,Meale Ono,1,"Meale
Ono",0,suggestion_only,Do not merge occurrences into one person without occurrence-specific context or an approved safe alias.
NAME_03376,mee pirokialtom,Mee Pirokialtom,1,Mee Pirokialtom,0,suggestion_only,Do not merge occurrences into one person without occurrence-specific context or an approved safe alias.
NAME_03377,mellinge. s’,Mellinge. S’,1,"m'’ Mellinge.
S’",0,suggestion_only,Do not merge occurrences into one person without occurrence-specific context or an approved safe alias.
NAME_03380,mett wthall,Mett Wthall,1,Mett Wthall,0,suggestion_only,Do not merge occurrences into one person without occurrence-specific context or an approved safe alias.
NAME_03381,meuerall. d,Meuerall. D,1,"m* Meuerall.
D",0,suggestion_only,Do not merge occurrences into one person without occurrence-specific context or an approved safe alias.
NAME_03382,meuerell. s',Meuerell. S',1,"m’ Meuerell.
S'",0,suggestion_only,Do not merge occurrences into one person without occurrence-specific context or an approved safe alias.
NAME_03383,mf farrer,Mf Farrer,1,Mf Farrer,0,suggestion_only,Do not merge occurrences into one person without occurrence-specific context or an approved safe alias.
NAME_03384,mf tracy,Mf Tracy,1,Mf Tracy,0,suggestion_only,Do not merge occurrences into one person without occurrence-specific context or an approved safe alias.
NAME_03385,michael aleworth,Michael Aleworth,2,Michael Aleworth,0,suggestion_only,Do not merge occurrences into one person without occurrence-specific context or an approved safe alias.
NAME_03386,michael booker,Michael Booker,1,Michael Booker,0,suggestion_only,Do not merge occurrences into one person without occurrence-specific context or an approved safe alias.
NAME_03387,michael evered,Michael Evered,1,Captain Michael Evered,0,suggestion_only,Do not merge occurrences into one person without occurrence-specific context or an approved safe alias.
NAME_03388,michael fetiplace.,Michael Fetiplace.,1,Michael Fetiplace,0,suggestion_only,Do not merge occurrences into one person without occurrence-specific context or an approved safe alias.
NAME_03389,michael hazard,Michael Hazard,1,Michael Hazard,0,suggestion_only,Do not merge occurrences into one person without occurrence-specific context or an approved safe alias.
NAME_03390,michael lapworth,Michael Lapworth,1,Michael Lapworth,0,suggestion_only,Do not merge occurrences into one person without occurrence-specific context or an approved safe alias.
NAME_03391,michael phettiplace,Michael Phettiplace,1,Michael Phettiplace,0,suggestion_only,Do not merge occurrences into one person without occurrence-specific context or an approved safe alias.
NAME_03392,michael sandis,Michael Sandis,2,Michael Sandis | Sir Michael Sandis,0,suggestion_only,Do not merge occurrences into one person without occurrence-specific context or an approved safe alias.
NAME_03393,michael sandys,Michael Sandys,1,Sir Michael Sandys,0,suggestion_only,Do not merge occurrences into one person without occurrence-specific context or an approved safe alias.
NAME_03394,michael wilcocks,Michael Wilcocks,1,Michael Wilcocks,0,suggestion_only,Do not merge occurrences into one person without occurrence-specific context or an approved safe alias.
NAME_03395,michaeli evered,Michaeli Evered,1,Michaeli Evered,0,suggestion_only,Do not merge occurrences into one person without occurrence-specific context or an approved safe alias.
NAME_03396,michaeli phettiplace,Michaeli Phettiplace,1,Michaeli Phettiplace,0,suggestion_only,Do not merge occurrences into one person without occurrence-specific context or an approved safe alias.
NAME_03397,michaeli sandis,Michaeli Sandis,1,Michaeli Sandis,0,suggestion_only,Do not merge occurrences into one person without occurrence-specific context or an approved safe alias.
NAME_03400,mildemaye barronett,Mildemaye Barronett,1,Mildemaye Barronett,0,suggestion_only,Do not merge occurrences into one person without occurrence-specific context or an approved safe alias.
NAME_03401,mildmay esquier,Mildmay Esquier,1,Mildmay Esquier,0,suggestion_only,Do not merge occurrences into one person without occurrence-specific context or an approved safe alias.
NAME_03402,miles bankes,Miles Bankes,3,Miles Bankes,0,suggestion_only,Do not merge occurrences into one person without occurrence-specific context or an approved safe alias.
NAME_03403,miles kendall,Miles Kendall,1,Captaine Miles Kendall,0,suggestion_only,Do not merge occurrences into one person without occurrence-specific context or an approved safe alias.
NAME_03404,miles palmer,Miles Palmer,1,Miles Palmer,0,suggestion_only,Do not merge occurrences into one person without occurrence-specific context or an approved safe alias.
NAME_03405,miles prickett,Miles Prickett,1,Miles Prickett,0,suggestion_only,Do not merge occurrences into one person without occurrence-specific context or an approved safe alias.
NAME_03407,millicent ramsden,Millicent Ramsden,3,Millicent Ramsden,0,suggestion_only,Do not merge occurrences into one person without occurrence-specific context or an approved safe alias.
NAME_03408,millisent paulsden,Millisent Paulsden,1,Millisent Paulsden,0,suggestion_only,Do not merge occurrences into one person without occurrence-specific context or an approved safe alias.
NAME_03409,mines nenpary,Mines Nenpary,1,Captain Mines Nenpary,0,suggestion_only,Do not merge occurrences into one person without occurrence-specific context or an approved safe alias.
NAME_03410,mines nenpary.,Mines Nenpary.,1,Captain Mines Nenpary,0,suggestion_only,Do not merge occurrences into one person without occurrence-specific context or an approved safe alias.
NAME_03411,mintle ghat,Mintle Ghat,1,Mintle Ghat,0,suggestion_only,Do not merge occurrences into one person without occurrence-specific context or an approved safe alias.
NAME_03412,miowmse haberdadlior,Miowmse Haberdadlior,1,Miowmse Haberdadlior,0,suggestion_only,Do not merge occurrences into one person without occurrence-specific context or an approved safe alias.
NAME_03413,mistris chamberlen,Mistris Chamberlen,1,Mistris Chamberlen,0,suggestion_only,Do not merge occurrences into one person without occurrence-specific context or an approved safe alias.
NAME_03414,mistris harrison,Mistris Harrison,1,Mistris Harrison,0,suggestion_only,Do not merge occurrences into one person without occurrence-specific context or an approved safe alias.
NAME_03415,mistris kath,Mistris Kath,1,Mistris Kath,0,suggestion_only,Do not merge occurrences into one person without occurrence-specific context or an approved safe alias.
NAME_03416,mistris swinhow,Mistris Swinhow,1,Mistris Swinhow,0,suggestion_only,Do not merge occurrences into one person without occurrence-specific context or an approved safe alias.
NAME_03417,mm bee,MM Bee,1,MM Bee,0,suggestion_only,Do not merge occurrences into one person without occurrence-specific context or an approved safe alias.
NAME_03418,mm carter,MM Carter,1,MM Carter,0,suggestion_only,Do not merge occurrences into one person without occurrence-specific context or an approved safe alias.
NAME_03419,moles obiecéons,Moles Obiecéons,1,Moles Obiecéons,0,suggestion_only,Do not merge occurrences into one person without occurrence-specific context or an approved safe alias.
NAME_03421,monmoth cap,Monmoth Cap,1,Monmoth Cap,0,suggestion_only,Do not merge occurrences into one person without occurrence-specific context or an approved safe alias.
NAME_03423,moorer. s',Moorer. S',1,"m' Moorer.
S'",0,suggestion_only,Do not merge occurrences into one person without occurrence-specific context or an approved safe alias.
NAME_03424,morer. cap,Morer. Cap,1,"m’* Morer.
Cap",0,suggestion_only,Do not merge occurrences into one person without occurrence-specific context or an approved safe alias.
NAME_03425,morice abbott,Morice Abbott,1,m* Morice Abbott,0,suggestion_only,Do not merge occurrences into one person without occurrence-specific context or an approved safe alias.
NAME_03426,morice barkley,Morice Barkley,1,Sir Morice Barkley,0,suggestion_only,Do not merge occurrences into one person without occurrence-specific context or an approved safe alias.
NAME_03427,morrice abbott,Morrice Abbott,2,m' Morrice Abbott | m’ Morrice Abbott,0,suggestion_only,Do not merge occurrences into one person without occurrence-specific context or an approved safe alias.
NAME_03428,morrice abott,Morrice Abott,1,m’ Morrice Abott,0,suggestion_only,Do not merge occurrences into one person without occurrence-specific context or an approved safe alias.
NAME_03429,morrice. cap,Morrice. Cap,2,"m'’ Morrice.
Cap",0,suggestion_only,Do not merge occurrences into one person without occurrence-specific context or an approved safe alias.
NAME_03432,morrive abbott,Morrive Abbott,1,m’ Morrive Abbott,0,suggestion_only,Do not merge occurrences into one person without occurrence-specific context or an approved safe alias.
NAME_03433,mounteagle. st,Mounteagle. St,1,"Lord Mounteagle.
St",0,suggestion_only,Do not merge occurrences into one person without occurrence-specific context or an approved safe alias.
NAME_03435,moyle finch,Moyle Finch,2,Sir Moyle Finch,0,suggestion_only,Do not merge occurrences into one person without occurrence-specific context or an approved safe alias.
NAME_03436,ms ace,Ms Ace,1,Ms Ace,0,suggestion_only,Do not merge occurrences into one person without occurrence-specific context or an approved safe alias.
NAME_03437,mt g.,Mt G.,1,Mt G,0,suggestion_only,Do not merge occurrences into one person without occurrence-specific context or an approved safe alias.
NAME_03438,mt heri,Mt Heri,1,Mt Heri,0,suggestion_only,Do not merge occurrences into one person without occurrence-specific context or an approved safe alias.
NAME_03439,mt iohn,Mt Iohn,1,Mt Iohn,0,suggestion_only,Do not merge occurrences into one person without occurrence-specific context or an approved safe alias.
NAME_03440,mt jo,Mt Jo,1,Mt Jo,0,suggestion_only,Do not merge occurrences into one person without occurrence-specific context or an approved safe alias.
NAME_03441,mt john,Mt John,2,Mt John,0,suggestion_only,Do not merge occurrences into one person without occurrence-specific context or an approved safe alias.
NAME_03442,mt johnson,Mt Johnson,2,Mt Johnson,0,suggestion_only,Do not merge occurrences into one person without occurrence-specific context or an approved safe alias.
NAME_03443,mt ormerod,Mt Ormerod,1,Mt Ormerod,0,suggestion_only,Do not merge occurrences into one person without occurrence-specific context or an approved safe alias.
NAME_03444,mt threasurer,Mt Threasurer,1,Mt Threasurer,0,suggestion_only,Do not merge occurrences into one person without occurrence-specific context or an approved safe alias.
NAME_03445,mt webb,Mt Webb,1,Mt Webb,0,suggestion_only,Do not merge occurrences into one person without occurrence-specific context or an approved safe alias.
NAME_03446,mt wrott,Mt Wrott,1,Mt Wrott,0,suggestion_only,Do not merge occurrences into one person without occurrence-specific context or an approved safe alias.
NAME_03447,mu gen,MU Gen,1,MU Gen,0,suggestion_only,Do not merge occurrences into one person without occurrence-specific context or an approved safe alias.
NAME_03449,muster crakeplace,Muster Crakeplace,1,Muster Crakeplace,0,suggestion_only,Do not merge occurrences into one person without occurrence-specific context or an approved safe alias.
NAME_03450,mutlers un-,Mutlers Un-,1,Capt Mutlers Un-,0,suggestion_only,Do not merge occurrences into one person without occurrence-specific context or an approved safe alias.
NAME_03453,m’ aliano,M’ Aliano,1,M’ Aliano,0,suggestion_only,Do not merge occurrences into one person without occurrence-specific context or an approved safe alias.
NAME_03454,m’ ayskough,M’ Ayskough,1,M’ Ayskough,0,suggestion_only,Do not merge occurrences into one person without occurrence-specific context or an approved safe alias.
NAME_03455,m’ baldwin,M’ Baldwin,1,M’ Baldwin,0,suggestion_only,Do not merge occurrences into one person without occurrence-specific context or an approved safe alias.
NAME_03456,m’ bamfeild,M’ Bamfeild,1,M’ Bamfeild,0,suggestion_only,Do not merge occurrences into one person without occurrence-specific context or an approved safe alias.
NAME_03457,m’ barbo',M’ Barbo',1,M’ Barbo',0,suggestion_only,Do not merge occurrences into one person without occurrence-specific context or an approved safe alias.
NAME_03458,m’ barbor,M’ Barbor,2,M’ Barbor,0,suggestion_only,Do not merge occurrences into one person without occurrence-specific context or an approved safe alias.
NAME_03459,m’ bargrave,M’ Bargrave,2,M’ Bargrave,0,suggestion_only,Do not merge occurrences into one person without occurrence-specific context or an approved safe alias.
NAME_03460,m’ barkham,M’ Barkham,1,M’ Barkham,0,suggestion_only,Do not merge occurrences into one person without occurrence-specific context or an approved safe alias.
NAME_03461,m’ bennett,M’ Bennett,5,M’ Bennett,0,suggestion_only,Do not merge occurrences into one person without occurrence-specific context or an approved safe alias.
NAME_03462,m’ berblock,M’ Berblock,2,M’ Berblock,0,suggestion_only,Do not merge occurrences into one person without occurrence-specific context or an approved safe alias.
NAME_03463,m’ binge,M’ Binge,6,M’ Binge,0,suggestion_only,Do not merge occurrences into one person without occurrence-specific context or an approved safe alias.
NAME_03464,m’ binks,M’ Binks,1,M’ Binks,0,suggestion_only,Do not merge occurrences into one person without occurrence-specific context or an approved safe alias.
NAME_03465,m’ bland,M’ Bland,2,M’ Bland,0,suggestion_only,Do not merge occurrences into one person without occurrence-specific context or an approved safe alias.
NAME_03466,m’ bond,M’ Bond,1,M’ Bond,0,suggestion_only,Do not merge occurrences into one person without occurrence-specific context or an approved safe alias.
NAME_03467,m’ bromefeild,M’ Bromefeild,2,M’ Bromefeild,0,suggestion_only,Do not merge occurrences into one person without occurrence-specific context or an approved safe alias.
NAME_03468,m’ brooke,M’ Brooke,1,M’ Brooke,0,suggestion_only,Do not merge occurrences into one person without occurrence-specific context or an approved safe alias.
NAME_03469,m’ broomfield,M’ Broomfield,2,M’ Broomfield,0,suggestion_only,Do not merge occurrences into one person without occurrence-specific context or an approved safe alias.
NAME_03470,m’ bull,M’ Bull,1,M’ Bull,0,suggestion_only,Do not merge occurrences into one person without occurrence-specific context or an approved safe alias.
NAME_03471,m’ caninge,M’ Caninge,3,M’ Caninge,0,suggestion_only,Do not merge occurrences into one person without occurrence-specific context or an approved safe alias.
NAME_03472,m’ capps,M’ Capps,1,M’ Capps,0,suggestion_only,Do not merge occurrences into one person without occurrence-specific context or an approved safe alias.
NAME_03473,m’ carter,M’ Carter,1,M’ Carter,0,suggestion_only,Do not merge occurrences into one person without occurrence-specific context or an approved safe alias.
NAME_03474,m’ casewell,M’ Casewell,2,M’ Casewell,0,suggestion_only,Do not merge occurrences into one person without occurrence-specific context or an approved safe alias.
NAME_03475,m’ caswell,M’ Caswell,6,M’ Caswell,0,suggestion_only,Do not merge occurrences into one person without occurrence-specific context or an approved safe alias.
NAME_03476,m’ chamberlyne,M’ Chamberlyne,1,M’ Chamberlyne,0,suggestion_only,Do not merge occurrences into one person without occurrence-specific context or an approved safe alias.
NAME_03477,m’ chambers,M’ Chambers,1,M’ Chambers,0,suggestion_only,Do not merge occurrences into one person without occurrence-specific context or an approved safe alias.
NAME_03478,m’ christo,M’ Christo,1,M’ Christo,0,suggestion_only,Do not merge occurrences into one person without occurrence-specific context or an approved safe alias.
NAME_03479,m’ copland,M’ Copland,3,M’ Copland,0,suggestion_only,Do not merge occurrences into one person without occurrence-specific context or an approved safe alias.
NAME_03480,m’ covell,M’ Covell,1,M’ Covell,0,suggestion_only,Do not merge occurrences into one person without occurrence-specific context or an approved safe alias.
NAME_03481,m’ cranmer,M’ Cranmer,2,M’ Cranmer,0,suggestion_only,Do not merge occurrences into one person without occurrence-specific context or an approved safe alias.
NAME_03482,m’ crowe,M’ Crowe,1,M’ Crowe,0,suggestion_only,Do not merge occurrences into one person without occurrence-specific context or an approved safe alias.
NAME_03483,m’ darmer,M’ Darmer,1,M’ Darmer,0,suggestion_only,Do not merge occurrences into one person without occurrence-specific context or an approved safe alias.
NAME_03484,m’ deane,M’ Deane,1,M’ Deane,0,suggestion_only,Do not merge occurrences into one person without occurrence-specific context or an approved safe alias.
NAME_03485,m’ deputie,M’ Deputie,22,M’ Deputie,0,suggestion_only,Do not merge occurrences into one person without occurrence-specific context or an approved safe alias.
NAME_03487,m’ ditchfeild,M’ Ditchfeild,1,M’ Ditchfeild,0,suggestion_only,Do not merge occurrences into one person without occurrence-specific context or an approved safe alias.
NAME_03488,m’ douglas,M’ Douglas,2,M’ Douglas,0,suggestion_only,Do not merge occurrences into one person without occurrence-specific context or an approved safe alias.
NAME_03489,m’ edw,M’ Edw,2,M’ Edw,0,suggestion_only,Do not merge occurrences into one person without occurrence-specific context or an approved safe alias.
NAME_03490,m’ edward,M’ Edward,1,M’ Edward,0,suggestion_only,Do not merge occurrences into one person without occurrence-specific context or an approved safe alias.
NAME_03491,m’ eglebert,M’ Eglebert,1,M’ Eglebert,0,suggestion_only,Do not merge occurrences into one person without occurrence-specific context or an approved safe alias.
NAME_03492,m’ euers,M’ Euers,1,M’ Euers,0,suggestion_only,Do not merge occurrences into one person without occurrence-specific context or an approved safe alias.
NAME_03493,m’ ewens,M’ Ewens,1,M’ Ewens,0,suggestion_only,Do not merge occurrences into one person without occurrence-specific context or an approved safe alias.
NAME_03494,m’ farrar,M’ Farrar,1,M’ Farrar,0,suggestion_only,Do not merge occurrences into one person without occurrence-specific context or an approved safe alias.
NAME_03495,m’ ferrar,M’ Ferrar,1,M’ Ferrar,0,suggestion_only,Do not merge occurrences into one person without occurrence-specific context or an approved safe alias.
NAME_03496,m’ gibbes,M’ Gibbes,1,M’ Gibbes,0,suggestion_only,Do not merge occurrences into one person without occurrence-specific context or an approved safe alias.
NAME_03497,m’ gibbs,M’ Gibbs,1,M’ Gibbs,0,suggestion_only,Do not merge occurrences into one person without occurrence-specific context or an approved safe alias.
NAME_03498,m’ gideon,M’ Gideon,1,M’ Gideon,0,suggestion_only,Do not merge occurrences into one person without occurrence-specific context or an approved safe alias.
NAME_03499,m’ gookin,M’ Gookin,1,M’ Gookin,0,suggestion_only,Do not merge occurrences into one person without occurrence-specific context or an approved safe alias.
NAME_03500,m’ grindall,M’ Grindall,1,M’ Grindall,0,suggestion_only,Do not merge occurrences into one person without occurrence-specific context or an approved safe alias.
NAME_03501,m’ hackett,M’ Hackett,2,M’ Hackett,0,suggestion_only,Do not merge occurrences into one person without occurrence-specific context or an approved safe alias.
NAME_03502,m’ haull,M’ Haull,1,M’ Haull,0,suggestion_only,Do not merge occurrences into one person without occurrence-specific context or an approved safe alias.
NAME_03503,m’ hawes,M’ Hawes,1,M’ Hawes,0,suggestion_only,Do not merge occurrences into one person without occurrence-specific context or an approved safe alias.
NAME_03504,m’ herbert,M’ Herbert,1,M’ Herbert,0,suggestion_only,Do not merge occurrences into one person without occurrence-specific context or an approved safe alias.
NAME_03505,m’ horwood,M’ Horwood,1,M’ Horwood,0,suggestion_only,Do not merge occurrences into one person without occurrence-specific context or an approved safe alias.
NAME_03506,m’ hudlestone,M’ Hudlestone,1,M’ Hudlestone,0,suggestion_only,Do not merge occurrences into one person without occurrence-specific context or an approved safe alias.
NAME_03507,m’ hum,M’ Hum,1,M’ Hum,0,suggestion_only,Do not merge occurrences into one person without occurrence-specific context or an approved safe alias.
NAME_03508,m’ io,M’ Io,2,M’ Io,0,suggestion_only,Do not merge occurrences into one person without occurrence-specific context or an approved safe alias.
NAME_03509,m’ iohn,M’ Iohn,3,M’ Iohn,0,suggestion_only,Do not merge occurrences into one person without occurrence-specific context or an approved safe alias.
NAME_03510,m’ iohnson,M’ Iohnson,3,M’ Iohnson,0,suggestion_only,Do not merge occurrences into one person without occurrence-specific context or an approved safe alias.
NAME_03511,m’ jefferson,M’ Jefferson,2,M’ Jefferson,0,suggestion_only,Do not merge occurrences into one person without occurrence-specific context or an approved safe alias.
NAME_03512,m’ john,M’ John,1,M’ John,0,suggestion_only,Do not merge occurrences into one person without occurrence-specific context or an approved safe alias.
NAME_03513,m’ jonson,M’ Jonson,1,M’ Jonson,0,suggestion_only,Do not merge occurrences into one person without occurrence-specific context or an approved safe alias.
NAME_03514,m’ kays,M’ Kays,1,M’ Kays,0,suggestion_only,Do not merge occurrences into one person without occurrence-specific context or an approved safe alias.
NAME_03515,m’ keightley,M’ Keightley,1,M’ Keightley,0,suggestion_only,Do not merge occurrences into one person without occurrence-specific context or an approved safe alias.
NAME_03516,m’ kightley,M’ Kightley,1,M’ Kightley,0,suggestion_only,Do not merge occurrences into one person without occurrence-specific context or an approved safe alias.
NAME_03517,m’ lawne,M’ Lawne,1,M’ Lawne,0,suggestion_only,Do not merge occurrences into one person without occurrence-specific context or an approved safe alias.
NAME_03518,m’ markham,M’ Markham,2,M’ Markham,0,suggestion_only,Do not merge occurrences into one person without occurrence-specific context or an approved safe alias.
NAME_03519,m’ marriners,M’ Marriners,1,M’ Marriners,0,suggestion_only,Do not merge occurrences into one person without occurrence-specific context or an approved safe alias.
NAME_03520,m’ mease,M’ Mease,1,M’ Mease,0,suggestion_only,Do not merge occurrences into one person without occurrence-specific context or an approved safe alias.
NAME_03521,m’ mellinge,M’ Mellinge,4,M’ Mellinge,0,suggestion_only,Do not merge occurrences into one person without occurrence-specific context or an approved safe alias.
NAME_03522,m’ mole,M’ Mole,1,M’ Mole,0,suggestion_only,Do not merge occurrences into one person without occurrence-specific context or an approved safe alias.
NAME_03523,m’ moones,M’ Moones,2,M’ Moones,0,suggestion_only,Do not merge occurrences into one person without occurrence-specific context or an approved safe alias.
NAME_03524,m’ moorer,M’ Moorer,1,M’ Moorer,0,suggestion_only,Do not merge occurrences into one person without occurrence-specific context or an approved safe alias.
NAME_03525,m’ niccolls,M’ Niccolls,1,M’ Niccolls,0,suggestion_only,Do not merge occurrences into one person without occurrence-specific context or an approved safe alias.
NAME_03526,m’ nich,M’ Nich,1,M’ Nich,0,suggestion_only,Do not merge occurrences into one person without occurrence-specific context or an approved safe alias.
NAME_03527,m’ nicho,M’ Nicho,1,M’ Nicho,0,suggestion_only,Do not merge occurrences into one person without occurrence-specific context or an approved safe alias.
NAME_03528,m’ nicholas,M’ Nicholas,4,M’ Nicholas,0,suggestion_only,Do not merge occurrences into one person without occurrence-specific context or an approved safe alias.
NAME_03529,m’ oulsworth,M’ Oulsworth,1,M’ Oulsworth,0,suggestion_only,Do not merge occurrences into one person without occurrence-specific context or an approved safe alias.
NAME_03530,m’ palauicine,M’ Palauicine,1,M’ Palauicine,0,suggestion_only,Do not merge occurrences into one person without occurrence-specific context or an approved safe alias.
NAME_03531,m’ paulson,M’ Paulson,2,M’ Paulson,0,suggestion_only,Do not merge occurrences into one person without occurrence-specific context or an approved safe alias.
NAME_03532,m’ peirs,M’ Peirs,1,M’ Peirs,0,suggestion_only,Do not merge occurrences into one person without occurrence-specific context or an approved safe alias.
NAME_03533,m’ pemberton,M’ Pemberton,1,M’ Pemberton,0,suggestion_only,Do not merge occurrences into one person without occurrence-specific context or an approved safe alias.
NAME_03534,m’ pening,M’ Pening,1,M’ Pening,0,suggestion_only,Do not merge occurrences into one person without occurrence-specific context or an approved safe alias.
NAME_03535,m’ perkins,M’ Perkins,1,M’ Perkins,0,suggestion_only,Do not merge occurrences into one person without occurrence-specific context or an approved safe alias.
NAME_03536,m’ phillip,M’ Phillip,1,M’ Phillip,0,suggestion_only,Do not merge occurrences into one person without occurrence-specific context or an approved safe alias.
NAME_03537,m’ pountis,M’ Pountis,1,M’ Pountis,0,suggestion_only,Do not merge occurrences into one person without occurrence-specific context or an approved safe alias.
NAME_03538,m’ powntis,M’ Powntis,1,M’ Powntis,0,suggestion_only,Do not merge occurrences into one person without occurrence-specific context or an approved safe alias.
NAME_03539,m’ rider,M’ Rider,1,M’ Rider,0,suggestion_only,Do not merge occurrences into one person without occurrence-specific context or an approved safe alias.
NAME_03540,m’ roberts,M’ Roberts,6,M’ Roberts,0,suggestion_only,Do not merge occurrences into one person without occurrence-specific context or an approved safe alias.
NAME_03542,m’ sheppard,M’ Sheppard,1,M’ Sheppard,0,suggestion_only,Do not merge occurrences into one person without occurrence-specific context or an approved safe alias.
NAME_03543,m’ smith,M’ Smith,3,M’ Smith,1,suggestion_only,Do not merge occurrences into one person without occurrence-specific context or an approved safe alias.
NAME_03544,m’ sparrow,M’ Sparrow,1,M’ Sparrow,0,suggestion_only,Do not merge occurrences into one person without occurrence-specific context or an approved safe alias.
NAME_03545,m’ ther,M’ Ther,1,M’ Ther,0,suggestion_only,Do not merge occurrences into one person without occurrence-specific context or an approved safe alias.
NAME_03546,m’ thier,M’ Thier,10,M’ Thier,0,suggestion_only,Do not merge occurrences into one person without occurrence-specific context or an approved safe alias.
NAME_03547,m’ thirer,M’ Thirer,1,M’ Thirer,0,suggestion_only,Do not merge occurrences into one person without occurrence-specific context or an approved safe alias.
NAME_03548,m’ thorpe,M’ Thorpe,1,M’ Thorpe,0,suggestion_only,Do not merge occurrences into one person without occurrence-specific context or an approved safe alias.
NAME_03549,m’ thorpes,M’ Thorpes,1,M’ Thorpes,0,suggestion_only,Do not merge occurrences into one person without occurrence-specific context or an approved safe alias.
NAME_03550,m’ threr,M’ Threr,1,M’ Threr,0,suggestion_only,Do not merge occurrences into one person without occurrence-specific context or an approved safe alias.
NAME_03551,m’ thresurer,M’ Thresurer,1,M’ Thresurer,0,suggestion_only,Do not merge occurrences into one person without occurrence-specific context or an approved safe alias.
NAME_03552,m’ thrier,M’ Thrier,1,M’ Thrier,0,suggestion_only,Do not merge occurrences into one person without occurrence-specific context or an approved safe alias.
NAME_03553,m’ tier,M’ Tier,1,M’ Tier,0,suggestion_only,Do not merge occurrences into one person without occurrence-specific context or an approved safe alias.
NAME_03554,m’ tiers,M’ Tiers,1,M’ Tiers,0,suggestion_only,Do not merge occurrences into one person without occurrence-specific context or an approved safe alias.
NAME_03555,m’ tomlyns,M’ Tomlyns,1,M’ Tomlyns,0,suggestion_only,Do not merge occurrences into one person without occurrence-specific context or an approved safe alias.
NAME_03556,m’ tracy,M’ Tracy,1,M’ Tracy,0,suggestion_only,Do not merge occurrences into one person without occurrence-specific context or an approved safe alias.
NAME_03558,m’ tucker,M’ Tucker,3,M’ Tucker,0,suggestion_only,Do not merge occurrences into one person without occurrence-specific context or an approved safe alias.
NAME_03559,m’ tyer,M’ Tyer,1,M’ Tyer,0,suggestion_only,Do not merge occurrences into one person without occurrence-specific context or an approved safe alias.
NAME_03560,m’ viner,M’ Viner,2,M’ Viner,0,suggestion_only,Do not merge occurrences into one person without occurrence-specific context or an approved safe alias.
NAME_03561,m’ w,M’ W,1,M’ W,0,suggestion_only,Do not merge occurrences into one person without occurrence-specific context or an approved safe alias.
NAME_03562,m’ wale,M’ Wale,1,M’ Wale,0,suggestion_only,Do not merge occurrences into one person without occurrence-specific context or an approved safe alias.
NAME_03563,m’ waterhowse,M’ Waterhowse,2,M’ Waterhowse,0,suggestion_only,Do not merge occurrences into one person without occurrence-specific context or an approved safe alias.
NAME_03564,m’ webb,M’ Webb,2,M’ Webb,0,suggestion_only,Do not merge occurrences into one person without occurrence-specific context or an approved safe alias.
NAME_03565,m’ william,M’ William,2,M’ William,0,suggestion_only,Do not merge occurrences into one person without occurrence-specific context or an approved safe alias.
NAME_03566,m’ willms,M’ Willms,1,"M’
Willms",0,suggestion_only,Do not merge occurrences into one person without occurrence-specific context or an approved safe alias.
NAME_03567,m’ wilmer,M’ Wilmer,2,M’ Wilmer,0,suggestion_only,Do not merge occurrences into one person without occurrence-specific context or an approved safe alias.
NAME_03568,m’ wilmot,M’ Wilmot,1,M’ Wilmot,0,suggestion_only,Do not merge occurrences into one person without occurrence-specific context or an approved safe alias.
NAME_03569,m’ wither,M’ Wither,2,M’ Wither,0,suggestion_only,Do not merge occurrences into one person without occurrence-specific context or an approved safe alias.
NAME_03570,m’ withers,M’ Withers,2,M’ Withers,0,suggestion_only,Do not merge occurrences into one person without occurrence-specific context or an approved safe alias.
NAME_03571,m’ woodall,M’ Woodall,3,M’ Woodall,0,suggestion_only,Do not merge occurrences into one person without occurrence-specific context or an approved safe alias.
NAME_03572,m’ wrote,M’ Wrote,24,M’ Wrote,0,suggestion_only,Do not merge occurrences into one person without occurrence-specific context or an approved safe alias.
NAME_03573,m’ wroth,M’ Wroth,1,M’ Wroth,0,suggestion_only,Do not merge occurrences into one person without occurrence-specific context or an approved safe alias.
NAME_03574,m’ wrott,M’ Wrott,1,M’ Wrott,0,suggestion_only,Do not merge occurrences into one person without occurrence-specific context or an approved safe alias.
NAME_03575,m’ wyatt,M’ Wyatt,1,M’ Wyatt,0,suggestion_only,Do not merge occurrences into one person without occurrence-specific context or an approved safe alias.
NAME_03576,m’ wye,M’ Wye,1,"M’
Wye",0,suggestion_only,Do not merge occurrences into one person without occurrence-specific context or an approved safe alias.
NAME_03578,m’' rich,M’' Rich,1,M’' Rich,0,suggestion_only,Do not merge occurrences into one person without occurrence-specific context or an approved safe alias.
NAME_03579,n. farrar,N. Farrar,2,m' N. Farrar,0,suggestion_only,Do not merge occurrences into one person without occurrence-specific context or an approved safe alias.
NAME_03580,n. ferrar,N. Ferrar,2,N. Ferrar,0,suggestion_only,Do not merge occurrences into one person without occurrence-specific context or an approved safe alias.
NAME_03581,n. ferrar’s,N. Ferrar’s,1,N. Ferrar’s,0,suggestion_only,Do not merge occurrences into one person without occurrence-specific context or an approved safe alias.
NAME_03582,n. p,N. P,1,N. P,0,suggestion_only,Do not merge occurrences into one person without occurrence-specific context or an approved safe alias.
NAME_03583,n. rich,N. Rich,3,N. Rich,0,suggestion_only,Do not merge occurrences into one person without occurrence-specific context or an approved safe alias.
NAME_03585,na. butler.,Na. Butler.,1,Capt. Na. Butler,0,suggestion_only,Do not merge occurrences into one person without occurrence-specific context or an approved safe alias.
NAME_03587,naruanten ricu,Naruanten Ricu,1,Sir Naruanten Ricu,0,suggestion_only,Do not merge occurrences into one person without occurrence-specific context or an approved safe alias.
NAME_03588,naruaxren rick,Naruaxren Rick,1,Sir Naruaxren Rick,0,suggestion_only,Do not merge occurrences into one person without occurrence-specific context or an approved safe alias.
NAME_03589,naruaxren rick.,Naruaxren Rick.,1,Sir Naruaxren Rick,0,suggestion_only,Do not merge occurrences into one person without occurrence-specific context or an approved safe alias.
NAME_03590,narwanten rich,Narwanten Rich,1,Narwanten Rich,0,suggestion_only,Do not merge occurrences into one person without occurrence-specific context or an approved safe alias.
NAME_03591,nath. powell,Nath. Powell,1,"capt.
Nath. Powell",0,suggestion_only,Do not merge occurrences into one person without occurrence-specific context or an approved safe alias.
NAME_03592,nathanael earle,Nathanael Earle,1,Nathanael Earle,0,suggestion_only,Do not merge occurrences into one person without occurrence-specific context or an approved safe alias.
NAME_03593,nathanael elie,Nathanael Elie,1,Nathanael Elie,0,suggestion_only,Do not merge occurrences into one person without occurrence-specific context or an approved safe alias.
NAME_03594,nathanael leydon,Nathanael Leydon,1,Nathanael Leydon,0,suggestion_only,Do not merge occurrences into one person without occurrence-specific context or an approved safe alias.
NAME_03595,nathanael powel,Nathanael Powel,1,Captaine Nathanael Powel,0,suggestion_only,Do not merge occurrences into one person without occurrence-specific context or an approved safe alias.
NAME_03596,nathanael wests,Nathanael Wests,1,Capt. Nathanael Wests,0,suggestion_only,Do not merge occurrences into one person without occurrence-specific context or an approved safe alias.
NAME_03597,nathanicl rich,Nathanicl Rich,1,Sir Nathanicl Rich,0,suggestion_only,Do not merge occurrences into one person without occurrence-specific context or an approved safe alias.
NAME_03598,nathanicll rich,Nathanicll Rich,1,Nathanicll Rich,0,suggestion_only,Do not merge occurrences into one person without occurrence-specific context or an approved safe alias.
NAME_03599,nathaniel basse,Nathaniel Basse,2,Capt Nathaniel Basse,0,suggestion_only,Do not merge occurrences into one person without occurrence-specific context or an approved safe alias.
NAME_03601,nathaniel butler's,Nathaniel Butler's,2,Captain Nathaniel Butler's | Nathaniel Butler's,0,suggestion_only,Do not merge occurrences into one person without occurrence-specific context or an approved safe alias.
NAME_03602,nathaniel butler’s,Nathaniel Butler’s,2,Captain Nathaniel Butler’s | Nathaniel Butler’s,0,suggestion_only,Do not merge occurrences into one person without occurrence-specific context or an approved safe alias.
NAME_03603,nathaniel grosse,Nathaniel Grosse,1,Nathaniel Grosse,0,suggestion_only,Do not merge occurrences into one person without occurrence-specific context or an approved safe alias.
NAME_03605,nathaniel rich's,Nathaniel Rich's,1,Sir Nathaniel Rich's,0,suggestion_only,Do not merge occurrences into one person without occurrence-specific context or an approved safe alias.
NAME_03606,nathaniel rich.,Nathaniel Rich.,2,Sir Nathaniel Rich,0,suggestion_only,Do not merge occurrences into one person without occurrence-specific context or an approved safe alias.
NAME_03607,nathaniel riche,Nathaniel Riche,1,"Sir Nathaniel
Riche",0,suggestion_only,Do not merge occurrences into one person without occurrence-specific context or an approved safe alias.
NAME_03610,nathaniel w,Nathaniel W,1,Nathaniel W,0,suggestion_only,Do not merge occurrences into one person without occurrence-specific context or an approved safe alias.
NAME_03611,nathanieli wade,Nathanieli Wade,1,Nathanieli Wade,0,suggestion_only,Do not merge occurrences into one person without occurrence-specific context or an approved safe alias.
NAME_03612,nathaniell butler,Nathaniell Butler,1,Nathaniell Butler,0,suggestion_only,Do not merge occurrences into one person without occurrence-specific context or an approved safe alias.
NAME_03613,nathaniell cawsey,Nathaniell Cawsey,1,Nathaniell Cawsey,0,suggestion_only,Do not merge occurrences into one person without occurrence-specific context or an approved safe alias.
NAME_03614,nathaniell elthrington,Nathaniell Elthrington,1,Nathaniell Elthrington,0,suggestion_only,Do not merge occurrences into one person without occurrence-specific context or an approved safe alias.
NAME_03615,nathaniell etherington,Nathaniell Etherington,1,Nathaniell Etherington,0,suggestion_only,Do not merge occurrences into one person without occurrence-specific context or an approved safe alias.
NAME_03616,nathaniell powell,Nathaniell Powell,2,"Captaine
Nathaniell Powell",0,suggestion_only,Do not merge occurrences into one person without occurrence-specific context or an approved safe alias.
NAME_03618,nathantel ricn,NatHanteL Ricn,1,Sir NatHanteL Ricn,0,suggestion_only,Do not merge occurrences into one person without occurrence-specific context or an approved safe alias.
NAME_03619,nathanvell riel,Nathanvell Riel,1,Nathanvell Riel,0,suggestion_only,Do not merge occurrences into one person without occurrence-specific context or an approved safe alias.
NAME_03620,natiue coffiodities,Natiue Coffiodities,1,Natiue Coffiodities,0,suggestion_only,Do not merge occurrences into one person without occurrence-specific context or an approved safe alias.
NAME_03621,natiue commodities,Natiue Commodities,1,Natiue Commodities,0,suggestion_only,Do not merge occurrences into one person without occurrence-specific context or an approved safe alias.
NAME_03622,natiue cotioditics,Natiue Cotioditics,1,Natiue Cotioditics,0,suggestion_only,Do not merge occurrences into one person without occurrence-specific context or an approved safe alias.
NAME_03623,natiue infidels,Natiue Infidels,1,Natiue Infidels,0,suggestion_only,Do not merge occurrences into one person without occurrence-specific context or an approved safe alias.
NAME_03625,natnante. ricw,Natnante. Ricw,1,Sir Natnante. Ricw,0,suggestion_only,Do not merge occurrences into one person without occurrence-specific context or an approved safe alias.
NAME_03626,natuaniet ricu,Natuaniet Ricu,1,Sir Natuaniet Ricu,0,suggestion_only,Do not merge occurrences into one person without occurrence-specific context or an approved safe alias.
NAME_03627,natuaniet ricu.,Natuaniet Ricu.,1,Sir Natuaniet Ricu,0,suggestion_only,Do not merge occurrences into one person without occurrence-specific context or an approved safe alias.
NAME_03629,ndwardo wynn,Ndwardo Wynn,1,Ndwardo Wynn,0,suggestion_only,Do not merge occurrences into one person without occurrence-specific context or an approved safe alias.
NAME_03630,neeretary conway,Neeretary Conway,1,Mr Neeretary Conway,0,suggestion_only,Do not merge occurrences into one person without occurrence-specific context or an approved safe alias.
NAME_03632,nelson. francis,Nelson. Francis,1,M* Nelson. Francis,0,suggestion_only,Do not merge occurrences into one person without occurrence-specific context or an approved safe alias.
NAME_03633,nephew nicholas,Nephew Nicholas,1,Nephew Nicholas,0,suggestion_only,Do not merge occurrences into one person without occurrence-specific context or an approved safe alias.
NAME_03635,newee mum,Newee Mum,1,Newee Mum,0,suggestion_only,Do not merge occurrences into one person without occurrence-specific context or an approved safe alias.
NAME_03638,nich ferrar,Nich Ferrar,1,Nich Ferrar,0,suggestion_only,Do not merge occurrences into one person without occurrence-specific context or an approved safe alias.
NAME_03639,nich. adventure,Nich. Adventure,1,"Sir Nich.
Adventure",0,suggestion_only,Do not merge occurrences into one person without occurrence-specific context or an approved safe alias.
NAME_03640,nichas leate,Nichas Leate,1,Nichas Leate,0,suggestion_only,Do not merge occurrences into one person without occurrence-specific context or an approved safe alias.
NAME_03641,niche ferrar,Niche Ferrar,1,Mr Niche Ferrar,0,suggestion_only,Do not merge occurrences into one person without occurrence-specific context or an approved safe alias.
NAME_03642,nicholao exton,Nicholao Exton,1,Nicholao Exton,0,suggestion_only,Do not merge occurrences into one person without occurrence-specific context or an approved safe alias.
NAME_03643,nicholao isacke,Nicholao Isacke,1,Nicholao Isacke,0,suggestion_only,Do not merge occurrences into one person without occurrence-specific context or an approved safe alias.
NAME_03644,nicholao salter,Nicholao Salter,1,Nicholao Salter,0,suggestion_only,Do not merge occurrences into one person without occurrence-specific context or an approved safe alias.
NAME_03645,nicholao venson,Nicholao Venson,1,Nicholao Venson,0,suggestion_only,Do not merge occurrences into one person without occurrence-specific context or an approved safe alias.
NAME_03646,nicholas andrewes,Nicholas Andrewes,1,Nicholas Andrewes,0,suggestion_only,Do not merge occurrences into one person without occurrence-specific context or an approved safe alias.
NAME_03647,nicholas andrews,Nicholas Andrews,1,Nicholas Andrews,0,suggestion_only,Do not merge occurrences into one person without occurrence-specific context or an approved safe alias.
NAME_03648,nicholas benson,Nicholas Benson,2,Nicholas Benson,0,suggestion_only,Do not merge occurrences into one person without occurrence-specific context or an approved safe alias.
NAME_03649,nicholas buckeridge,Nicholas Buckeridge,1,Nicholas Buckeridge,0,suggestion_only,Do not merge occurrences into one person without occurrence-specific context or an approved safe alias.
NAME_03650,nicholas cambe,Nicholas Cambe,1,Nicholas Cambe,0,suggestion_only,Do not merge occurrences into one person without occurrence-specific context or an approved safe alias.
NAME_03651,nicholas came,Nicholas Came,2,Nicholas Came,0,suggestion_only,Do not merge occurrences into one person without occurrence-specific context or an approved safe alias.
NAME_03652,nicholas elford,Nicholas Elford,3,Nicholas Elford,0,suggestion_only,Do not merge occurrences into one person without occurrence-specific context or an approved safe alias.
NAME_03653,nicholas exton,Nicholas Exton,1,Nicholas Exton,0,suggestion_only,Do not merge occurrences into one person without occurrence-specific context or an approved safe alias.
NAME_03655,nicholas farrar.ig,Nicholas Farrar.ig,1,Nicholas Farrar.ig,0,suggestion_only,Do not merge occurrences into one person without occurrence-specific context or an approved safe alias.
NAME_03658,nicholas ferrar's,Nicholas Ferrar's,1,Nicholas Ferrar's,0,suggestion_only,Do not merge occurrences into one person without occurrence-specific context or an approved safe alias.
NAME_03660,nicholas fferrar,NicHOLAS FFERRAR,1,NicHOLAS FFERRAR,0,suggestion_only,Do not merge occurrences into one person without occurrence-specific context or an approved safe alias.
NAME_03661,nicholas fuller,Nicholas Fuller,2,Nicholas Fuller,0,suggestion_only,Do not merge occurrences into one person without occurrence-specific context or an approved safe alias.
NAME_03662,nicholas grice,Nicholas Grice,1,Nicholas Grice,0,suggestion_only,Do not merge occurrences into one person without occurrence-specific context or an approved safe alias.
NAME_03663,nicholas hacker,Nicholas Hacker,1,Nicholas Hacker,0,suggestion_only,Do not merge occurrences into one person without occurrence-specific context or an approved safe alias.
NAME_03664,nicholas hacrer,Nicholas Hacrer,1,Nicholas Hacrer,0,suggestion_only,Do not merge occurrences into one person without occurrence-specific context or an approved safe alias.
NAME_03665,nicholas harrer,Nicholas Harrer,2,"Nicholas
Harrer | Nicholas Harrer",0,suggestion_only,Do not merge occurrences into one person without occurrence-specific context or an approved safe alias.
NAME_03666,nicholas hide,Nicholas Hide,4,Nicholas Hide,0,suggestion_only,Do not merge occurrences into one person without occurrence-specific context or an approved safe alias.
NAME_03667,nicholas howsdon,Nicholas Howsdon,1,Nicholas Howsdon,0,suggestion_only,Do not merge occurrences into one person without occurrence-specific context or an approved safe alias.
NAME_03668,nicholas hunt,Nicholas Hunt,1,Nicholas Hunt,0,suggestion_only,Do not merge occurrences into one person without occurrence-specific context or an approved safe alias.
NAME_03669,nicholas hyde,Nicholas Hyde,2,"M’ Nicholas
Hyde | Nicholas
Hyde",0,suggestion_only,Do not merge occurrences into one person without occurrence-specific context or an approved safe alias.
NAME_03670,nicholas isacke,Nicholas Isacke,1,Nicholas Isacke,0,suggestion_only,Do not merge occurrences into one person without occurrence-specific context or an approved safe alias.
NAME_03672,nicholas lichfeild,Nicholas Lichfeild,1,Nicholas Lichfeild,0,suggestion_only,Do not merge occurrences into one person without occurrence-specific context or an approved safe alias.
NAME_03673,nicholas lichfield-,Nicholas Lichfield-,1,Nicholas Lichfield-,0,suggestion_only,Do not merge occurrences into one person without occurrence-specific context or an approved safe alias.
NAME_03675,nicholas medland,Nicholas Medland,1,Nicholas Medland,0,suggestion_only,Do not merge occurrences into one person without occurrence-specific context or an approved safe alias.
NAME_03676,nicholas moone,Nicholas Moone,1,Nicholas Moone,0,suggestion_only,Do not merge occurrences into one person without occurrence-specific context or an approved safe alias.
NAME_03677,nicholas moones,Nicholas Moones,1,Nicholas Moones,0,suggestion_only,Do not merge occurrences into one person without occurrence-specific context or an approved safe alias.
NAME_03678,nicholas norburne,Nicholas Norburne,2,"Nicholas
Norburne | Nicholas Norburne",0,suggestion_only,Do not merge occurrences into one person without occurrence-specific context or an approved safe alias.
NAME_03679,nicholas parker,Nicholas Parker,1,Nicholas Parker,0,suggestion_only,Do not merge occurrences into one person without occurrence-specific context or an approved safe alias.
NAME_03680,nicholas parrer,Nicholas Parrer,1,Nicholas Parrer,0,suggestion_only,Do not merge occurrences into one person without occurrence-specific context or an approved safe alias.
NAME_03681,nicholas rainton,Nicholas Rainton,1,Nicholas Rainton,0,suggestion_only,Do not merge occurrences into one person without occurrence-specific context or an approved safe alias.
NAME_03682,nicholas salter,Nicholas Salter,2,Nicholas Salter | Sir Nicholas Salter,0,suggestion_only,Do not merge occurrences into one person without occurrence-specific context or an approved safe alias.
NAME_03683,nicholas salter........-.-.-....----.-------------------,Nicholas Salter........-.-.-....----.-------------------,1,Sir Nicholas Salter........-.-.-....----.-------------------,0,suggestion_only,Do not merge occurrences into one person without occurrence-specific context or an approved safe alias.
NAME_03684,nicholas sexdys,Nicholas Sexdys,1,Nicholas Sexdys,0,suggestion_only,Do not merge occurrences into one person without occurrence-specific context or an approved safe alias.
NAME_03685,nicholas sherwell,Nicholas Sherwell,1,Nicholas Sherwell,0,suggestion_only,Do not merge occurrences into one person without occurrence-specific context or an approved safe alias.
NAME_03686,nicholas smith.........-,Nicholas Smith.........-,1,Nicholas Smith.........-,0,suggestion_only,Do not merge occurrences into one person without occurrence-specific context or an approved safe alias.
NAME_03687,nicholas summers,Nicholas Summers,1,Nicholas Summers,0,suggestion_only,Do not merge occurrences into one person without occurrence-specific context or an approved safe alias.
NAME_03688,nicholas tarver,Nicholas Tarver,1,Nicholas Tarver,0,suggestion_only,Do not merge occurrences into one person without occurrence-specific context or an approved safe alias.
NAME_03690,nicholas tuston,Nicholas Tuston,2,Sir Nicholas Tuston,0,suggestion_only,Do not merge occurrences into one person without occurrence-specific context or an approved safe alias.
NAME_03691,nicholas venson,Nicholas Venson,1,"Nicholas
Venson",0,suggestion_only,Do not merge occurrences into one person without occurrence-specific context or an approved safe alias.
NAME_03692,nicholas warrer,Nicholas Warrer,1,Nicholas Warrer,0,suggestion_only,Do not merge occurrences into one person without occurrence-specific context or an approved safe alias.
NAME_03693,nicholas wheeler,Nicholas Wheeler,3,Nicholas Wheeler,0,suggestion_only,Do not merge occurrences into one person without occurrence-specific context or an approved safe alias.
NAME_03694,nicholas younge,Nicholas Younge,2,Nicholas Younge,0,suggestion_only,Do not merge occurrences into one person without occurrence-specific context or an approved safe alias.
NAME_03695,nicholaus mfarrer,Nicholaus Mfarrer,1,Nicholaus Mfarrer,0,suggestion_only,Do not merge occurrences into one person without occurrence-specific context or an approved safe alias.
NAME_03696,nicholaus mlarrer,Nicholaus Mlarrer,1,Nicholaus Mlarrer,0,suggestion_only,Do not merge occurrences into one person without occurrence-specific context or an approved safe alias.
NAME_03697,nicholl. s’,Nicholl. S’,1,"m’ Nicholl.
S’",0,suggestion_only,Do not merge occurrences into one person without occurrence-specific context or an approved safe alias.
NAME_03698,nichols jasper,Nichols Jasper,1,Nichols Jasper,0,suggestion_only,Do not merge occurrences into one person without occurrence-specific context or an approved safe alias.
NAME_03699,nicholus andrewes,Nicholus Andrewes,1,Nicholus Andrewes,0,suggestion_only,Do not merge occurrences into one person without occurrence-specific context or an approved safe alias.
NAME_03700,nicnotas ferran,Nicnotas Ferran,1,Nicnotas Ferran,0,suggestion_only,Do not merge occurrences into one person without occurrence-specific context or an approved safe alias.
NAME_03701,nicnovas perrarn,Nicnovas Perrarn,1,Nicnovas Perrarn,0,suggestion_only,Do not merge occurrences into one person without occurrence-specific context or an approved safe alias.
NAME_03702,nicolas camme,Nicolas Camme,1,Nicolas Camme,0,suggestion_only,Do not merge occurrences into one person without occurrence-specific context or an approved safe alias.
NAME_03704,nicolas hyde,Nicolas Hyde,2,M* Nicolas Hyde | Nicolas Hyde,0,suggestion_only,Do not merge occurrences into one person without occurrence-specific context or an approved safe alias.
NAME_03705,nicolas hydes,Nicolas Hydes,7,"M' Nicolas Hydes | M* Nicolas
Hydes | M* Nicolas Hydes",0,suggestion_only,Do not merge occurrences into one person without occurrence-specific context or an approved safe alias.
NAME_03706,nicolas parker,Nicolas Parker,1,Sir Nicolas Parker,0,suggestion_only,Do not merge occurrences into one person without occurrence-specific context or an approved safe alias.
NAME_03707,nicolas salter,Nicolas Salter,2,Sir Nicolas Salter,0,suggestion_only,Do not merge occurrences into one person without occurrence-specific context or an approved safe alias.
NAME_03708,nicolas tufton,Nicolas Tufton,2,Nicolas Tufton,0,suggestion_only,Do not merge occurrences into one person without occurrence-specific context or an approved safe alias.
NAME_03709,nicolas tuston,Nicolas Tuston,2,Sir Nicolas Tuston,0,suggestion_only,Do not merge occurrences into one person without occurrence-specific context or an approved safe alias.
NAME_03710,nieholas warrer,Nieholas Warrer,1,Nieholas Warrer,0,suggestion_only,Do not merge occurrences into one person without occurrence-specific context or an approved safe alias.
NAME_03711,nig voogp,Nig VOOGP,1,"M*
Nig VOOGP",0,suggestion_only,Do not merge occurrences into one person without occurrence-specific context or an approved safe alias.
NAME_03712,nir john,Nir John,1,Nir John,0,suggestion_only,Do not merge occurrences into one person without occurrence-specific context or an approved safe alias.
NAME_03713,noam oe,NOAM Oe,1,NOAM Oe,0,suggestion_only,Do not merge occurrences into one person without occurrence-specific context or an approved safe alias.
NAME_03718,north....-.---------------------------------- francis,North....-.---------------------------------- Francis,1,"Lord North....-.----------------------------------
Francis",0,suggestion_only,Do not merge occurrences into one person without occurrence-specific context or an approved safe alias.
NAME_03720,northerne collony,Northerne Collony,1,Northerne Collony,0,suggestion_only,Do not merge occurrences into one person without occurrence-specific context or an approved safe alias.
NAME_03722,northerne seas,Northerne Seas,1,Northerne Seas,0,suggestion_only,Do not merge occurrences into one person without occurrence-specific context or an approved safe alias.
NAME_03723,norton the,Norton The,1,Captaine Norton The,0,suggestion_only,Do not merge occurrences into one person without occurrence-specific context or an approved safe alias.
NAME_03724,nortons invoice,Nortons Invoice,1,"Capt
Nortons Invoice",0,suggestion_only,Do not merge occurrences into one person without occurrence-specific context or an approved safe alias.
NAME_03725,norwood sur-,Norwood Sur-,1,m’ Norwood Sur-,0,suggestion_only,Do not merge occurrences into one person without occurrence-specific context or an approved safe alias.
NAME_03726,nos henricus,Nos Henricus,1,Nos Henricus,0,suggestion_only,Do not merge occurrences into one person without occurrence-specific context or an approved safe alias.
NAME_03727,nos thomam,Nos Thomam,1,Nos Thomam,0,suggestion_only,Do not merge occurrences into one person without occurrence-specific context or an approved safe alias.
NAME_03728,nos thomas,Nos Thomas,1,Nos Thomas,0,suggestion_only,Do not merge occurrences into one person without occurrence-specific context or an approved safe alias.
NAME_03730,nowe knowinge,Nowe Knowinge,1,Nowe Knowinge,0,suggestion_only,Do not merge occurrences into one person without occurrence-specific context or an approved safe alias.
NAME_03731,nuce. a,Nuce. A,1,Captain Nuce. A,0,suggestion_only,Do not merge occurrences into one person without occurrence-specific context or an approved safe alias.
NAME_03732,nuse. cap’,Nuse. Cap’,1,Captaine Nuse. Cap’,0,suggestion_only,Do not merge occurrences into one person without occurrence-specific context or an approved safe alias.
NAME_03733,nutts case,Nutts Case,1,Nutts Case,0,suggestion_only,Do not merge occurrences into one person without occurrence-specific context or an approved safe alias.
NAME_03735,obed edom,Obed Edom,1,Obed Edom,0,suggestion_only,Do not merge occurrences into one person without occurrence-specific context or an approved safe alias.
NAME_03736,octavian thorne,Octavian Thorne,1,Octavian Thorne,0,suggestion_only,Do not merge occurrences into one person without occurrence-specific context or an approved safe alias.
NAME_03737,octaviano thorne,Octaviano Thorne,1,Octaviano Thorne,0,suggestion_only,Do not merge occurrences into one person without occurrence-specific context or an approved safe alias.
NAME_03740,okely secré,Okely Secré,1,m* Okely Secré,0,suggestion_only,Do not merge occurrences into one person without occurrence-specific context or an approved safe alias.
NAME_03741,olde inhabitants,Olde Inhabitants,1,Olde Inhabitants,0,suggestion_only,Do not merge occurrences into one person without occurrence-specific context or an approved safe alias.
NAME_03742,oliue plante,Oliue Plante,1,Oliue Plante,0,suggestion_only,Do not merge occurrences into one person without occurrence-specific context or an approved safe alias.
NAME_03743,oliuer cromwell,Oliuer Cromwell,1,Sir Oliuer Cromwell,0,suggestion_only,Do not merge occurrences into one person without occurrence-specific context or an approved safe alias.
NAME_03744,oliuer cromwell....-------,Oliuer Cromwell....-------,1,Sir Oliuer Cromwell....-------,0,suggestion_only,Do not merge occurrences into one person without occurrence-specific context or an approved safe alias.
NAME_03745,oliuer morden,Oliuer Morden,1,m'’ Oliuer Morden,0,suggestion_only,Do not merge occurrences into one person without occurrence-specific context or an approved safe alias.
NAME_03746,oliuer st,Oliuer St,1,Oliuer St,0,suggestion_only,Do not merge occurrences into one person without occurrence-specific context or an approved safe alias.
NAME_03747,oliver crom-,Oliver Crom-,1,Sir Oliver Crom-,0,suggestion_only,Do not merge occurrences into one person without occurrence-specific context or an approved safe alias.
NAME_03748,oliver cromewell,Oliver Cromewell,1,"Sir
Oliver Cromewell",0,suggestion_only,Do not merge occurrences into one person without occurrence-specific context or an approved safe alias.
NAME_03749,olivero cromwell,Olivero Cromwell,1,Olivero Cromwell,0,suggestion_only,Do not merge occurrences into one person without occurrence-specific context or an approved safe alias.
NAME_03750,oliverus cromewell,Oliverus Cromewell,1,Oliverus Cromewell,0,suggestion_only,Do not merge occurrences into one person without occurrence-specific context or an approved safe alias.
NAME_03752,orme spm,Orme Spm,1,Orme Spm,0,suggestion_only,Do not merge occurrences into one person without occurrence-specific context or an approved safe alias.
NAME_03753,ormerod. mr’,Ormerod. Mr’,1,"M* Ormerod.
Mr’",0,suggestion_only,Do not merge occurrences into one person without occurrence-specific context or an approved safe alias.
NAME_03754,orovon vespiyil,Orovon Vespiyil,1,Orovon Vespiyil,0,suggestion_only,Do not merge occurrences into one person without occurrence-specific context or an approved safe alias.
NAME_03755,otho mawditt,Otho Mawditt,1,Otho Mawditt,0,suggestion_only,Do not merge occurrences into one person without occurrence-specific context or an approved safe alias.
NAME_03756,othwell smyth,Othwell Smyth,1,Othwell Smyth,0,suggestion_only,Do not merge occurrences into one person without occurrence-specific context or an approved safe alias.
NAME_03757,owen arthur,Owen Arthur,14,m* Owen Arthur | m’ Owen Arthur | m’* Owen Arthur,0,suggestion_only,Do not merge occurrences into one person without occurrence-specific context or an approved safe alias.
NAME_03758,owen iones,Owen Iones,1,Owen Iones,0,suggestion_only,Do not merge occurrences into one person without occurrence-specific context or an approved safe alias.
NAME_03759,owen macar,Owen Macar,1,Owen Macar,0,suggestion_only,Do not merge occurrences into one person without occurrence-specific context or an approved safe alias.
NAME_03760,owen macars,Owen Macars,2,Master Owen Macars,0,suggestion_only,Do not merge occurrences into one person without occurrence-specific context or an approved safe alias.
NAME_03761,owen winne,Owen Winne,2,Captaine Owen Winne,0,suggestion_only,Do not merge occurrences into one person without occurrence-specific context or an approved safe alias.
NAME_03763,p. arundle,P. Arundle,2,P. Arundle,0,suggestion_only,Do not merge occurrences into one person without occurrence-specific context or an approved safe alias.
NAME_03764,padgett lo,Padgett Lo,1,Padgett Lo,0,suggestion_only,Do not merge occurrences into one person without occurrence-specific context or an approved safe alias.
NAME_03766,pagett lorde,Pagett Lorde,1,Pagett Lorde,0,suggestion_only,Do not merge occurrences into one person without occurrence-specific context or an approved safe alias.
NAME_03767,pagett. s',Pagett. S',3,"Lord Pagett.
S' | Lord Pagett. S' | Pagett. S'",0,suggestion_only,Do not merge occurrences into one person without occurrence-specific context or an approved safe alias.
NAME_03768,pallavicine. cap,Pallavicine. Cap,1,"m’ Pallavicine.
Cap",0,suggestion_only,Do not merge occurrences into one person without occurrence-specific context or an approved safe alias.
NAME_03769,pallavicine. s',Pallavicine. S',1,"m* Pallavicine.
S'",0,suggestion_only,Do not merge occurrences into one person without occurrence-specific context or an approved safe alias.
NAME_03770,palmer. w,Palmer. W,1,m* Palmer. W,0,suggestion_only,Do not merge occurrences into one person without occurrence-specific context or an approved safe alias.
NAME_03771,pamunckey ryuer,Pamunckey Ryuer,1,Pamunckey Ryuer,0,suggestion_only,Do not merge occurrences into one person without occurrence-specific context or an approved safe alias.
NAME_03773,parrick copranp,Parrick Copranp,1,Parrick Copranp,0,suggestion_only,Do not merge occurrences into one person without occurrence-specific context or an approved safe alias.
NAME_03774,patricius copeland,Patricius Copeland,1,Patricius Copeland,0,suggestion_only,Do not merge occurrences into one person without occurrence-specific context or an approved safe alias.
NAME_03775,patrick cope,Patrick Cope,1,Patrick Cope,0,suggestion_only,Do not merge occurrences into one person without occurrence-specific context or an approved safe alias.
NAME_03776,patrick copeland,Patrick Copeland,6,Patrick Copeland,0,suggestion_only,Do not merge occurrences into one person without occurrence-specific context or an approved safe alias.
NAME_03777,patrick copland,Patrick Copland,3,M* Patrick Copland | Patrick Copland,0,suggestion_only,Do not merge occurrences into one person without occurrence-specific context or an approved safe alias.
NAME_03778,patricke copland,Patricke Copland,1,Patricke Copland,0,suggestion_only,Do not merge occurrences into one person without occurrence-specific context or an approved safe alias.
NAME_03779,patrieius copeland,Patrieius Copeland,1,Patrieius Copeland,0,suggestion_only,Do not merge occurrences into one person without occurrence-specific context or an approved safe alias.
NAME_03780,paul canning,Paul Canning,1,Paul Canning,0,suggestion_only,Do not merge occurrences into one person without occurrence-specific context or an approved safe alias.
NAME_03781,paul cannyng,Paul Cannyng,1,Paul Cannyng,0,suggestion_only,Do not merge occurrences into one person without occurrence-specific context or an approved safe alias.
NAME_03782,paul prive,Paul Prive,1,Paul Prive,0,suggestion_only,Do not merge occurrences into one person without occurrence-specific context or an approved safe alias.
NAME_03784,paulo cannyng,Paulo Cannyng,1,Paulo Cannyng,0,suggestion_only,Do not merge occurrences into one person without occurrence-specific context or an approved safe alias.
NAME_03785,paulson. s',Paulson. S',1,"m* Paulson.
S'",0,suggestion_only,Do not merge occurrences into one person without occurrence-specific context or an approved safe alias.
NAME_03786,pca srvating,Pca Srvating,1,Pca Srvating,0,suggestion_only,Do not merge occurrences into one person without occurrence-specific context or an approved safe alias.
NAME_03787,peacocke maistiues,Peacocke Maistiues,1,Peacocke Maistiues,0,suggestion_only,Do not merge occurrences into one person without occurrence-specific context or an approved safe alias.
NAME_03788,peecarecamicke peccarecamirke,Peecarecamicke Peccarecamirke,1,Peecarecamicke Peccarecamirke,0,suggestion_only,Do not merge occurrences into one person without occurrence-specific context or an approved safe alias.
NAME_03789,peeker gookin,Peeker Gookin,1,Peeker Gookin,0,suggestion_only,Do not merge occurrences into one person without occurrence-specific context or an approved safe alias.
NAME_03790,peete lotte,Peete Lotte,1,Peete Lotte,0,suggestion_only,Do not merge occurrences into one person without occurrence-specific context or an approved safe alias.
NAME_03791,peeter franke,Peeter Franke,1,Peeter Franke,0,suggestion_only,Do not merge occurrences into one person without occurrence-specific context or an approved safe alias.
NAME_03792,peirce cape,Peirce Cape,1,m’ Peirce Cape,0,suggestion_only,Do not merge occurrences into one person without occurrence-specific context or an approved safe alias.
NAME_03793,peirs account,Peirs Account,1,m’ Peirs Account,0,suggestion_only,Do not merge occurrences into one person without occurrence-specific context or an approved safe alias.
NAME_03794,pemberton virginia,Pemberton Virginia,1,Pemberton Virginia,0,suggestion_only,Do not merge occurrences into one person without occurrence-specific context or an approved safe alias.
NAME_03795,pent hie,Pent Hie,1,Pent Hie,0,suggestion_only,Do not merge occurrences into one person without occurrence-specific context or an approved safe alias.
NAME_03796,perciuall hart,Perciuall Hart,2,Sir Perciuall Hart,0,suggestion_only,Do not merge occurrences into one person without occurrence-specific context or an approved safe alias.
NAME_03797,percivall willobee,Percivall Willobee,1,Percivall Willobee,0,suggestion_only,Do not merge occurrences into one person without occurrence-specific context or an approved safe alias.
NAME_03798,percy cape,Percy Cape,1,M* Percy Cape,0,suggestion_only,Do not merge occurrences into one person without occurrence-specific context or an approved safe alias.
NAME_03799,perer arunpie,Perer Arunpie,1,Perer Arunpie,0,suggestion_only,Do not merge occurrences into one person without occurrence-specific context or an approved safe alias.
NAME_03801,perticularr plantaton,Perticularr Plantaton,1,Perticularr Plantaton,0,suggestion_only,Do not merge occurrences into one person without occurrence-specific context or an approved safe alias.
NAME_03803,pes satesstececateseststtsaat,Pes Satesstececateseststtsaat,1,Pes Satesstececateseststtsaat,0,suggestion_only,Do not merge occurrences into one person without occurrence-specific context or an approved safe alias.
NAME_03804,peter arondelle,Peter Arondelle,2,M* Peter Arondelle,0,suggestion_only,Do not merge occurrences into one person without occurrence-specific context or an approved safe alias.
NAME_03805,peter arundel,Peter Arundel,2,Peter Arundel,0,suggestion_only,Do not merge occurrences into one person without occurrence-specific context or an approved safe alias.
NAME_03806,peter arundell,Peter Arundell,4,Peter Arundell | m’ Peter Arundell,0,suggestion_only,Do not merge occurrences into one person without occurrence-specific context or an approved safe alias.
NAME_03807,peter arundles,Peter Arundles,1,Peter Arundles,0,suggestion_only,Do not merge occurrences into one person without occurrence-specific context or an approved safe alias.
NAME_03808,peter arunpev,Peter Arunpev,1,Peter Arunpev,0,suggestion_only,Do not merge occurrences into one person without occurrence-specific context or an approved safe alias.
NAME_03809,peter bartes,Peter Bartes,2,Peter Bartes,0,suggestion_only,Do not merge occurrences into one person without occurrence-specific context or an approved safe alias.
NAME_03810,peter bartle,Peter Bartle,1,Peter Bartle,0,suggestion_only,Do not merge occurrences into one person without occurrence-specific context or an approved safe alias.
NAME_03811,peter benson,Peter Benson,1,Peter Benson,0,suggestion_only,Do not merge occurrences into one person without occurrence-specific context or an approved safe alias.
NAME_03812,peter burgoney,Peter Burgoney,1,Peter Burgoney,0,suggestion_only,Do not merge occurrences into one person without occurrence-specific context or an approved safe alias.
NAME_03813,peter burgoyne,Peter Burgoyne,1,Peter Burgoyne,0,suggestion_only,Do not merge occurrences into one person without occurrence-specific context or an approved safe alias.
NAME_03814,peter franck,Peter Franck,1,Peter Franck,0,suggestion_only,Do not merge occurrences into one person without occurrence-specific context or an approved safe alias.
NAME_03815,peter frechvill,Peter Frechvill,1,Peter Frechvill,0,suggestion_only,Do not merge occurrences into one person without occurrence-specific context or an approved safe alias.
NAME_03816,peter fretchuile,Peter Fretchuile,2,Sir Peter Fretchuile,0,suggestion_only,Do not merge occurrences into one person without occurrence-specific context or an approved safe alias.
NAME_03817,peter gate,Peter Gate,1,Peter Gate,0,suggestion_only,Do not merge occurrences into one person without occurrence-specific context or an approved safe alias.
NAME_03818,peter goodale,Peter Goodale,1,Peter Goodale,0,suggestion_only,Do not merge occurrences into one person without occurrence-specific context or an approved safe alias.
NAME_03819,peter heightley,Peter Heightley,1,Peter Heightley,0,suggestion_only,Do not merge occurrences into one person without occurrence-specific context or an approved safe alias.
NAME_03820,peter highlie,Peter Highlie,1,Peter Highlie,0,suggestion_only,Do not merge occurrences into one person without occurrence-specific context or an approved safe alias.
NAME_03821,peter humble,Peter Humble,5,Peter Humble,0,suggestion_only,Do not merge occurrences into one person without occurrence-specific context or an approved safe alias.
NAME_03822,peter iacobson,Peter Iacobson,1,Peter Iacobson,0,suggestion_only,Do not merge occurrences into one person without occurrence-specific context or an approved safe alias.
NAME_03823,peter iordan,Peter Iordan,1,Peter Iordan,0,suggestion_only,Do not merge occurrences into one person without occurrence-specific context or an approved safe alias.
NAME_03824,peter jacobson,Peter Jacobson,1,Peter Jacobson,0,suggestion_only,Do not merge occurrences into one person without occurrence-specific context or an approved safe alias.
NAME_03825,peter latham,Peter Latham,3,Peter Latham,0,suggestion_only,Do not merge occurrences into one person without occurrence-specific context or an approved safe alias.
NAME_03826,peter lighborrow,Peter Lighborrow,1,Peter Lighborrow,0,suggestion_only,Do not merge occurrences into one person without occurrence-specific context or an approved safe alias.
NAME_03827,peter lighley,Peter Lighley,1,Peter Lighley,0,suggestion_only,Do not merge occurrences into one person without occurrence-specific context or an approved safe alias.
NAME_03828,peter manhood,Peter Manhood,1,Peter Manhood,0,suggestion_only,Do not merge occurrences into one person without occurrence-specific context or an approved safe alias.
NAME_03829,peter manwood,Peter Manwood,2,Sir Peter Manwood,0,suggestion_only,Do not merge occurrences into one person without occurrence-specific context or an approved safe alias.
NAME_03830,peter monsell,Peter Monsell,1,Peter Monsell,0,suggestion_only,Do not merge occurrences into one person without occurrence-specific context or an approved safe alias.
NAME_03831,peter monsell.,Peter Monsell.,1,Peter Monsell,0,suggestion_only,Do not merge occurrences into one person without occurrence-specific context or an approved safe alias.
NAME_03832,peter mounsell,Peter Mounsell,1,"Peter
Mounsell",0,suggestion_only,Do not merge occurrences into one person without occurrence-specific context or an approved safe alias.
NAME_03833,peter neinmart,Peter Neinmart,2,Peter Neinmart,0,suggestion_only,Do not merge occurrences into one person without occurrence-specific context or an approved safe alias.
NAME_03834,peter peate,Peter Peate,1,Peter Peate,0,suggestion_only,Do not merge occurrences into one person without occurrence-specific context or an approved safe alias.
NAME_03835,peter van,Peter Van,1,Peter Van,0,suggestion_only,Do not merge occurrences into one person without occurrence-specific context or an approved safe alias.
NAME_03836,peter vaulore,Peter Vaulore,1,Peter Vaulore,0,suggestion_only,Do not merge occurrences into one person without occurrence-specific context or an approved safe alias.
NAME_03837,peter wynne,Peter Wynne,1,Captain Peter Wynne,0,suggestion_only,Do not merge occurrences into one person without occurrence-specific context or an approved safe alias.
NAME_03840,petro benson,Petro Benson,1,Petro Benson,0,suggestion_only,Do not merge occurrences into one person without occurrence-specific context or an approved safe alias.
NAME_03841,petro burgoyne,Petro Burgoyne,1,Petro Burgoyne,0,suggestion_only,Do not merge occurrences into one person without occurrence-specific context or an approved safe alias.
NAME_03842,petro highley,Petro Highley,1,Petro Highley,0,suggestion_only,Do not merge occurrences into one person without occurrence-specific context or an approved safe alias.
NAME_03843,petro jacobson,Petro Jacobson,1,Petro Jacobson,0,suggestion_only,Do not merge occurrences into one person without occurrence-specific context or an approved safe alias.
NAME_03844,petro latham,Petro Latham,1,Petro Latham,0,suggestion_only,Do not merge occurrences into one person without occurrence-specific context or an approved safe alias.
NAME_03845,petro mounsell,Petro Mounsell,1,Petro Mounsell,0,suggestion_only,Do not merge occurrences into one person without occurrence-specific context or an approved safe alias.
NAME_03846,petrus manwood,Petrus Manwood,1,Petrus Manwood,0,suggestion_only,Do not merge occurrences into one person without occurrence-specific context or an approved safe alias.
NAME_03847,petter arundell,Petter Arundell,1,M’ Petter Arundell,0,suggestion_only,Do not merge occurrences into one person without occurrence-specific context or an approved safe alias.
NAME_03848,phe deputye,Phe Deputye,1,Phe Deputye,0,suggestion_only,Do not merge occurrences into one person without occurrence-specific context or an approved safe alias.
NAME_03849,philip amadas,Philip Amadas,1,Philip Amadas,0,suggestion_only,Do not merge occurrences into one person without occurrence-specific context or an approved safe alias.
NAME_03850,philip barnes,Philip Barnes,1,Philip Barnes,0,suggestion_only,Do not merge occurrences into one person without occurrence-specific context or an approved safe alias.
NAME_03851,philip iacobson,Philip Iacobson,1,Philip Iacobson,0,suggestion_only,Do not merge occurrences into one person without occurrence-specific context or an approved safe alias.
NAME_03852,philip jacobson,Philip Jacobson,2,Philip Jacobson,0,suggestion_only,Do not merge occurrences into one person without occurrence-specific context or an approved safe alias.
NAME_03853,philip mole,Philip Mole,1,Philip Mole,0,suggestion_only,Do not merge occurrences into one person without occurrence-specific context or an approved safe alias.
NAME_03854,philip shatford,Philip Shatford,1,"Capt.
Philip Shatford",0,suggestion_only,Do not merge occurrences into one person without occurrence-specific context or an approved safe alias.
NAME_03855,philip shatford.,Philip Shatford.,1,"Capt.
Philip Shatford",0,suggestion_only,Do not merge occurrences into one person without occurrence-specific context or an approved safe alias.
NAME_03856,philip worgan,Philip Worgan,1,Philip Worgan,0,suggestion_only,Do not merge occurrences into one person without occurrence-specific context or an approved safe alias.
NAME_03857,philip worth,Philip Worth,1,Philip Worth,0,suggestion_only,Do not merge occurrences into one person without occurrence-specific context or an approved safe alias.
NAME_03858,phillip carewe,Phillip Carewe,1,Phillip Carewe,0,suggestion_only,Do not merge occurrences into one person without occurrence-specific context or an approved safe alias.
NAME_03862,phillip chidley,Phillip Chidley,1,Phillip Chidley,0,suggestion_only,Do not merge occurrences into one person without occurrence-specific context or an approved safe alias.
NAME_03863,phillip iermyn,Phillip Iermyn,2,"m* Phillip Iermyn | m’ Phillip
Iermyn",0,suggestion_only,Do not merge occurrences into one person without occurrence-specific context or an approved safe alias.
NAME_03864,phillip jacobson,Phillip Jacobson,1,Phillip Jacobson,0,suggestion_only,Do not merge occurrences into one person without occurrence-specific context or an approved safe alias.
NAME_03865,phillip wood,Phillip Wood,1,Phillip Wood,0,suggestion_only,Do not merge occurrences into one person without occurrence-specific context or an approved safe alias.
NAME_03866,phillipp cary,Phillipp Cary,1,Phillipp Cary,0,suggestion_only,Do not merge occurrences into one person without occurrence-specific context or an approved safe alias.
NAME_03867,phillipp iacobson,Phillipp Iacobson,1,M’ Phillipp Iacobson,0,suggestion_only,Do not merge occurrences into one person without occurrence-specific context or an approved safe alias.
NAME_03868,phillippe carie,Phillippe Carie,1,Sir Phillippe Carie,0,suggestion_only,Do not merge occurrences into one person without occurrence-specific context or an approved safe alias.
NAME_03869,phincas pett,Phincas Pett,1,Phincas Pett,0,suggestion_only,Do not merge occurrences into one person without occurrence-specific context or an approved safe alias.
NAME_03870,pierce may,Pierce May,1,"Captain Pierce
May",0,suggestion_only,Do not merge occurrences into one person without occurrence-specific context or an approved safe alias.
NAME_03871,pifati edwardi,Pifati Edwardi,1,Pifati Edwardi,0,suggestion_only,Do not merge occurrences into one person without occurrence-specific context or an approved safe alias.
NAME_03878,plilippo jacobson,Plilippo Jacobson,1,Plilippo Jacobson,0,suggestion_only,Do not merge occurrences into one person without occurrence-specific context or an approved safe alias.
NAME_03879,pnr gb,PNR Gb,1,PNR Gb,0,suggestion_only,Do not merge occurrences into one person without occurrence-specific context or an approved safe alias.
NAME_03881,poreys comission,Poreys Comission,1,m' Poreys Comission,0,suggestion_only,Do not merge occurrences into one person without occurrence-specific context or an approved safe alias.
NAME_03882,pories panegericks,Pories Panegericks,1,M' Pories Panegericks,0,suggestion_only,Do not merge occurrences into one person without occurrence-specific context or an approved safe alias.
NAME_03884,porr jo,Porr Jo,1,Porr Jo,0,suggestion_only,Do not merge occurrences into one person without occurrence-specific context or an approved safe alias.
NAME_03885,pory seer,Pory Seer,1,Pory Seer,0,suggestion_only,Do not merge occurrences into one person without occurrence-specific context or an approved safe alias.
NAME_03886,pory warr',Pory Warr',1,M' Pory Warr',0,suggestion_only,Do not merge occurrences into one person without occurrence-specific context or an approved safe alias.
NAME_03889,pray mt,Pray Mt,1,Pray Mt,0,suggestion_only,Do not merge occurrences into one person without occurrence-specific context or an approved safe alias.
NAME_03891,prendiatun wiltimum,Prendiatun Wiltimum,1,Prendiatun Wiltimum,0,suggestion_only,Do not merge occurrences into one person without occurrence-specific context or an approved safe alias.
NAME_03893,president mandeville,President Mandeville,3,Lord President Mandeville,0,suggestion_only,Do not merge occurrences into one person without occurrence-specific context or an approved safe alias.
NAME_03899,priuie councelt,Priuie Councelt,1,Priuie Councelt,0,suggestion_only,Do not merge occurrences into one person without occurrence-specific context or an approved safe alias.
NAME_03900,priuie couneell,Priuie Couneell,1,Priuie Couneell,0,suggestion_only,Do not merge occurrences into one person without occurrence-specific context or an approved safe alias.
NAME_03908,prowse. thomas,Prowse. Thomas,1,"Master Prowse.
Thomas",0,suggestion_only,Do not merge occurrences into one person without occurrence-specific context or an approved safe alias.
NAME_03916,pusines peter,PUsines Peter,1,PUsines Peter,0,suggestion_only,Do not merge occurrences into one person without occurrence-specific context or an approved safe alias.
NAME_03917,qhl morly,Qhl MorLy,1,Qhl MorLy,0,suggestion_only,Do not merge occurrences into one person without occurrence-specific context or an approved safe alias.
NAME_03922,queene elizabeth,Queene Elizabeth,3,"Queene
Elizabeth | Queene Elizabeth",0,suggestion_only,Do not merge occurrences into one person without occurrence-specific context or an approved safe alias.
NAME_03923,queene hlizabeth,Queene Hlizabeth,1,Queene Hlizabeth,0,suggestion_only,Do not merge occurrences into one person without occurrence-specific context or an approved safe alias.
NAME_03926,r hickman,R Hickman,1,R Hickman,0,suggestion_only,Do not merge occurrences into one person without occurrence-specific context or an approved safe alias.
NAME_03927,r. g,R. G,1,R. G,0,suggestion_only,Do not merge occurrences into one person without occurrence-specific context or an approved safe alias.
NAME_03928,radulfo bisby,Radulfo Bisby,1,Radulfo Bisby,0,suggestion_only,Do not merge occurrences into one person without occurrence-specific context or an approved safe alias.
NAME_03929,radulfo ewens,Radulfo Ewens,1,Radulfo Ewens,0,suggestion_only,Do not merge occurrences into one person without occurrence-specific context or an approved safe alias.
NAME_03931,radulfo harryson,Radulfo Harryson,1,Radulfo Harryson,0,suggestion_only,Do not merge occurrences into one person without occurrence-specific context or an approved safe alias.
NAME_03932,radulfo kinge,Radulfo Kinge,1,Radulfo Kinge,0,suggestion_only,Do not merge occurrences into one person without occurrence-specific context or an approved safe alias.
NAME_03933,radulfo moreton,Radulfo Moreton,1,Radulfo Moreton,0,suggestion_only,Do not merge occurrences into one person without occurrence-specific context or an approved safe alias.
NAME_03934,ralph bisby,Ralph Bisby,1,Ralph Bisby,0,suggestion_only,Do not merge occurrences into one person without occurrence-specific context or an approved safe alias.
NAME_03935,ralph dickins,Ralph Dickins,1,Ralph Dickins,0,suggestion_only,Do not merge occurrences into one person without occurrence-specific context or an approved safe alias.
NAME_03936,ralph ewens,Ralph Ewens,1,Ralph Ewens,0,suggestion_only,Do not merge occurrences into one person without occurrence-specific context or an approved safe alias.
NAME_03937,ralph fogge,Ralph Fogge,2,M' Ralph Fogge,0,suggestion_only,Do not merge occurrences into one person without occurrence-specific context or an approved safe alias.
NAME_03940,ralph harison,Ralph Harison,1,Ralph Harison,0,suggestion_only,Do not merge occurrences into one person without occurrence-specific context or an approved safe alias.
NAME_03941,ralph harr,Ralph Harr,1,Ralph Harr,0,suggestion_only,Do not merge occurrences into one person without occurrence-specific context or an approved safe alias.
NAME_03942,ralph kinge,Ralph Kinge,1,Ralph Kinge,0,suggestion_only,Do not merge occurrences into one person without occurrence-specific context or an approved safe alias.
NAME_03943,ralph lane,Ralph Lane,1,Sir Ralph Lane,0,suggestion_only,Do not merge occurrences into one person without occurrence-specific context or an approved safe alias.
NAME_03944,ralph moreton,Ralph Moreton,1,Ralph Moreton,0,suggestion_only,Do not merge occurrences into one person without occurrence-specific context or an approved safe alias.
NAME_03946,ralph yeardley,Ralph Yeardley,1,"M*
Ralph Yeardley",0,suggestion_only,Do not merge occurrences into one person without occurrence-specific context or an approved safe alias.
NAME_03947,ralph yeardleys,Ralph Yeardleys,1,M’ Ralph Yeardleys,0,suggestion_only,Do not merge occurrences into one person without occurrence-specific context or an approved safe alias.
NAME_03948,ralphe digginson,Ralphe Digginson,1,Ralphe Digginson,0,suggestion_only,Do not merge occurrences into one person without occurrence-specific context or an approved safe alias.
NAME_03950,randall carter,Randall Carter,2,Randall Carter,0,suggestion_only,Do not merge occurrences into one person without occurrence-specific context or an approved safe alias.
NAME_03951,randolph carter,Randolph Carter,1,Randolph Carter,0,suggestion_only,Do not merge occurrences into one person without occurrence-specific context or an approved safe alias.
NAME_03953,randolph wetw,Randolph Wetw,1,Randolph Wetw,0,suggestion_only,Do not merge occurrences into one person without occurrence-specific context or an approved safe alias.
NAME_03954,ranulpho wetwood,Ranulpho Wetwood,1,Ranulpho Wetwood,0,suggestion_only,Do not merge occurrences into one person without occurrence-specific context or an approved safe alias.
NAME_03956,raph bateman,Raph Bateman,1,"Raph
Bateman",0,suggestion_only,Do not merge occurrences into one person without occurrence-specific context or an approved safe alias.
NAME_03957,raph baylie,Raph Baylie,1,Raph Baylie,0,suggestion_only,Do not merge occurrences into one person without occurrence-specific context or an approved safe alias.
NAME_03958,raph evins,Raph Evins,1,Raph Evins,0,suggestion_only,Do not merge occurrences into one person without occurrence-specific context or an approved safe alias.
NAME_03959,raph ewens,Raph Ewens,1,Raph Ewens,0,suggestion_only,Do not merge occurrences into one person without occurrence-specific context or an approved safe alias.
NAME_03960,raph fogg,Raph Fogg,1,Raph Fogg,0,suggestion_only,Do not merge occurrences into one person without occurrence-specific context or an approved safe alias.
NAME_03961,raph fogge,Raph Fogge,2,m' Raph Fogge,0,suggestion_only,Do not merge occurrences into one person without occurrence-specific context or an approved safe alias.
NAME_03962,raph freeman-,Raph Freeman-,1,Raph Freeman-,0,suggestion_only,Do not merge occurrences into one person without occurrence-specific context or an approved safe alias.
NAME_03967,raph harrison,Raph Harrison,1,Raph Harrison,0,suggestion_only,Do not merge occurrences into one person without occurrence-specific context or an approved safe alias.
NAME_03968,raph king,Raph King,1,Raph King,0,suggestion_only,Do not merge occurrences into one person without occurrence-specific context or an approved safe alias.
NAME_03969,raph morton,Raph Morton,1,Raph Morton,0,suggestion_only,Do not merge occurrences into one person without occurrence-specific context or an approved safe alias.
NAME_03970,raph shelton,Raph Shelton,1,Sir Raph Shelton,0,suggestion_only,Do not merge occurrences into one person without occurrence-specific context or an approved safe alias.
NAME_03971,raph winwood,Raph Winwood,2,Sir Raph Winwood,0,suggestion_only,Do not merge occurrences into one person without occurrence-specific context or an approved safe alias.
NAME_03972,raphe gore,Raphe Gore,1,m* Raphe Gore,0,suggestion_only,Do not merge occurrences into one person without occurrence-specific context or an approved safe alias.
NAME_03974,raphe winwood,Raphe Winwood,1,Sir Raphe Winwood,0,suggestion_only,Do not merge occurrences into one person without occurrence-specific context or an approved safe alias.
NAME_03975,raple harrison,Raple Harrison,1,Raple Harrison,0,suggestion_only,Do not merge occurrences into one person without occurrence-specific context or an approved safe alias.
NAME_03978,ratcliffe marriner,Ratcliffe Marriner,2,Ratcliffe Marriner,0,suggestion_only,Do not merge occurrences into one person without occurrence-specific context or an approved safe alias.
NAME_03981,rawlegh croshaw,Rawlegh Croshaw,1,Rawlegh Croshaw,0,suggestion_only,Do not merge occurrences into one person without occurrence-specific context or an approved safe alias.
NAME_03982,rawleigh crawshawe,Rawleigh Crawshawe,1,Rawleigh Crawshawe,0,suggestion_only,Do not merge occurrences into one person without occurrence-specific context or an approved safe alias.
NAME_03983,rawleigh croshaw,Rawleigh Croshaw,1,Rawleigh Croshaw,0,suggestion_only,Do not merge occurrences into one person without occurrence-specific context or an approved safe alias.
NAME_03984,rawleigh croshawe,Rawleigh Croshawe,2,Capt Rawleigh Croshawe,0,suggestion_only,Do not merge occurrences into one person without occurrence-specific context or an approved safe alias.
NAME_03985,rawleighe gilbert,Rawleighe Gilbert,1,Rawleighe Gilbert,0,suggestion_only,Do not merge occurrences into one person without occurrence-specific context or an approved safe alias.
NAME_03986,rdward cage,Rdward Cage,1,Rdward Cage,0,suggestion_only,Do not merge occurrences into one person without occurrence-specific context or an approved safe alias.
NAME_03987,reannilpno carter,Reannilpno Carter,1,Reannilpno Carter,0,suggestion_only,Do not merge occurrences into one person without occurrence-specific context or an approved safe alias.
NAME_03988,rebert guyar,Rebert Guyar,1,"Rebert
Guyar",0,suggestion_only,Do not merge occurrences into one person without occurrence-specific context or an approved safe alias.
NAME_03989,regi quo,Regi Quo,1,Regi Quo,0,suggestion_only,Do not merge occurrences into one person without occurrence-specific context or an approved safe alias.
NAME_03991,regis anglie,Regis Anglie,2,Regis Anglie,0,suggestion_only,Do not merge occurrences into one person without occurrence-specific context or an approved safe alias.
NAME_03992,regis moaene,Regis Moaene,1,Regis Moaene,0,suggestion_only,Do not merge occurrences into one person without occurrence-specific context or an approved safe alias.
NAME_03993,regnit anglie,Regnit Anglie,1,Regnit Anglie,0,suggestion_only,Do not merge occurrences into one person without occurrence-specific context or an approved safe alias.
NAME_03996,rephe herresen,Rephe Herresen,1,Rephe Herresen,0,suggestion_only,Do not merge occurrences into one person without occurrence-specific context or an approved safe alias.
NAME_03997,repl shelton,Repl Shelton,1,Repl Shelton,0,suggestion_only,Do not merge occurrences into one person without occurrence-specific context or an approved safe alias.
NAME_03998,restoring samuel,Restoring Samuel,1,Restoring Samuel,0,suggestion_only,Do not merge occurrences into one person without occurrence-specific context or an approved safe alias.
NAME_03999,rewleigh croshiay,Rewleigh Croshiay,1,Rewleigh Croshiay,0,suggestion_only,Do not merge occurrences into one person without occurrence-specific context or an approved safe alias.
NAME_04001,reynold brewer,Reynold Brewer,1,Reynold Brewer,0,suggestion_only,Do not merge occurrences into one person without occurrence-specific context or an approved safe alias.
NAME_04002,ri hono,Ri Hono,1,Ri Hono,0,suggestion_only,Do not merge occurrences into one person without occurrence-specific context or an approved safe alias.
NAME_04003,riaut hono,Riaut Hono,1,Riaut Hono,0,suggestion_only,Do not merge occurrences into one person without occurrence-specific context or an approved safe alias.
NAME_04004,ricardo coxe,Ricardo Coxe,1,Ricardo Coxe,0,suggestion_only,Do not merge occurrences into one person without occurrence-specific context or an approved safe alias.
NAME_04005,ricardo goddert,Ricardo Goddert,1,Ricardo Goddert,0,suggestion_only,Do not merge occurrences into one person without occurrence-specific context or an approved safe alias.
NAME_04006,ricardo hacklyut,Ricardo Hacklyut,1,Ricardo Hacklyut,0,suggestion_only,Do not merge occurrences into one person without occurrence-specific context or an approved safe alias.
NAME_04007,ricardo howle,Ricardo Howle,1,Ricardo Howle,0,suggestion_only,Do not merge occurrences into one person without occurrence-specific context or an approved safe alias.
NAME_04008,ricardo ley,Ricardo Ley,1,Ricardo Ley,0,suggestion_only,Do not merge occurrences into one person without occurrence-specific context or an approved safe alias.
NAME_04009,ricardo maplesden,Ricardo Maplesden,1,Ricardo Maplesden,0,suggestion_only,Do not merge occurrences into one person without occurrence-specific context or an approved safe alias.
NAME_04010,ricardo murreton,Ricardo Murreton,1,Ricardo Murreton,0,suggestion_only,Do not merge occurrences into one person without occurrence-specific context or an approved safe alias.
NAME_04011,ricardo poyntell,Ricardo Poyntell,1,Ricardo Poyntell,0,suggestion_only,Do not merge occurrences into one person without occurrence-specific context or an approved safe alias.
NAME_04012,ricardo reynolds,Ricardo Reynolds,1,Ricardo Reynolds,0,suggestion_only,Do not merge occurrences into one person without occurrence-specific context or an approved safe alias.
NAME_04013,ricardo rogers,Ricardo Rogers,1,Ricardo Rogers,0,suggestion_only,Do not merge occurrences into one person without occurrence-specific context or an approved safe alias.
NAME_04014,ricardo smyth,Ricardo Smyth,1,Ricardo Smyth,0,suggestion_only,Do not merge occurrences into one person without occurrence-specific context or an approved safe alias.
NAME_04015,ricardo staper,Ricardo Staper,1,Ricardo Staper,0,suggestion_only,Do not merge occurrences into one person without occurrence-specific context or an approved safe alias.
NAME_04016,ricardo turner,Ricardo Turner,1,Ricardo Turner,0,suggestion_only,Do not merge occurrences into one person without occurrence-specific context or an approved safe alias.
NAME_04017,ricardo venn,Ricardo Venn,1,Ricardo Venn,0,suggestion_only,Do not merge occurrences into one person without occurrence-specific context or an approved safe alias.
NAME_04018,ricardo wigmore,Ricardo Wigmore,1,Ricardo Wigmore,0,suggestion_only,Do not merge occurrences into one person without occurrence-specific context or an approved safe alias.
NAME_04019,ricardum caswell,Ricardum Caswell,1,Ricardum Caswell,0,suggestion_only,Do not merge occurrences into one person without occurrence-specific context or an approved safe alias.
NAME_04020,ricardum tomlyns,Ricardum Tomlyns,1,Ricardum Tomlyns,0,suggestion_only,Do not merge occurrences into one person without occurrence-specific context or an approved safe alias.
NAME_04021,ricardun bull,Ricardun Bull,1,Ricardun Bull,0,suggestion_only,Do not merge occurrences into one person without occurrence-specific context or an approved safe alias.
NAME_04022,ricardus bull,Ricardus Bull,4,Ricardus Bull,0,suggestion_only,Do not merge occurrences into one person without occurrence-specific context or an approved safe alias.
NAME_04024,ricardus hackluit,Ricardus Hackluit,1,Ricardus Hackluit,0,suggestion_only,Do not merge occurrences into one person without occurrence-specific context or an approved safe alias.
NAME_04025,ricardus hackluite,Ricardus Hackluite,1,Ricardus Hackluite,0,suggestion_only,Do not merge occurrences into one person without occurrence-specific context or an approved safe alias.
NAME_04026,ricardus tomlyns,Ricardus Tomlyns,1,Ricardus Tomlyns,0,suggestion_only,Do not merge occurrences into one person without occurrence-specific context or an approved safe alias.
NAME_04027,ricardus williamson,Ricardus Williamson,1,"Ricardus
Williamson",0,suggestion_only,Do not merge occurrences into one person without occurrence-specific context or an approved safe alias.
NAME_04028,rice aprin,Rice Aprin,1,"Rice
Aprin",0,suggestion_only,Do not merge occurrences into one person without occurrence-specific context or an approved safe alias.
NAME_04030,rice webb,Rice Webb,2,"Rice
Webb | Rice Webb",0,suggestion_only,Do not merge occurrences into one person without occurrence-specific context or an approved safe alias.
NAME_04032,rich bucke,Rich Bucke,1,m' Rich Bucke,0,suggestion_only,Do not merge occurrences into one person without occurrence-specific context or an approved safe alias.
NAME_04033,rich comodities,Rich Comodities,1,Rich Comodities,0,suggestion_only,Do not merge occurrences into one person without occurrence-specific context or an approved safe alias.
NAME_04034,rich godfry,Rich Godfry,2,Rich Godfry,0,suggestion_only,Do not merge occurrences into one person without occurrence-specific context or an approved safe alias.
NAME_04035,rich norwood,Rich Norwood,1,Rich Norwood,0,suggestion_only,Do not merge occurrences into one person without occurrence-specific context or an approved safe alias.
NAME_04036,rich smyth,Rich Smyth,1,Rich Smyth,0,suggestion_only,Do not merge occurrences into one person without occurrence-specific context or an approved safe alias.
NAME_04037,richard andrewes,Richard Andrewes,1,Richard Andrewes,0,suggestion_only,Do not merge occurrences into one person without occurrence-specific context or an approved safe alias.
NAME_04038,richard ashcrofte,Richard Ashcrofte,1,Richard Ashcrofte,0,suggestion_only,Do not merge occurrences into one person without occurrence-specific context or an approved safe alias.
NAME_04039,richard banister,Richard Banister,2,Richard Banister,0,suggestion_only,Do not merge occurrences into one person without occurrence-specific context or an approved safe alias.
NAME_04040,richard banyster,Richard Banyster,1,Richard Banyster,0,suggestion_only,Do not merge occurrences into one person without occurrence-specific context or an approved safe alias.
NAME_04041,richard barkley,Richard Barkley,1,Richard Barkley,0,suggestion_only,Do not merge occurrences into one person without occurrence-specific context or an approved safe alias.
NAME_04042,richard baynam,Richard Baynam,1,Richard Baynam,0,suggestion_only,Do not merge occurrences into one person without occurrence-specific context or an approved safe alias.
NAME_04043,richard beamond,Richard Beamond,1,Richard Beamond,0,suggestion_only,Do not merge occurrences into one person without occurrence-specific context or an approved safe alias.
NAME_04044,richard bearkley,Richard Bearkley,1,Richard Bearkley,0,suggestion_only,Do not merge occurrences into one person without occurrence-specific context or an approved safe alias.
NAME_04045,richard bennett,Richard Bennett,1,Richard Bennett,0,suggestion_only,Do not merge occurrences into one person without occurrence-specific context or an approved safe alias.
NAME_04048,richard berkjlelley,Richard Berkjlelley,1,Richard Berkjlelley,0,suggestion_only,Do not merge occurrences into one person without occurrence-specific context or an approved safe alias.
NAME_04050,richard bhunt,Richard Bhunt,1,Richard Bhunt,0,suggestion_only,Do not merge occurrences into one person without occurrence-specific context or an approved safe alias.
NAME_04051,richard biggs,Richard Biggs,2,Richard Biggs,0,suggestion_only,Do not merge occurrences into one person without occurrence-specific context or an approved safe alias.
NAME_04052,richard bingley,Richard Bingley,2,Richard Bingley,0,suggestion_only,Do not merge occurrences into one person without occurrence-specific context or an approved safe alias.
NAME_04053,richard binglie,Richard Binglie,1,Richard Binglie,0,suggestion_only,Do not merge occurrences into one person without occurrence-specific context or an approved safe alias.
NAME_04054,richard blackmore,Richard Blackmore,2,Richard Blackmore,0,suggestion_only,Do not merge occurrences into one person without occurrence-specific context or an approved safe alias.
NAME_04055,richard bolton,Richard Bolton,2,Richard Bolton,0,suggestion_only,Do not merge occurrences into one person without occurrence-specific context or an approved safe alias.
NAME_04056,richard boothbie,Richard Boothbie,1,Richard Boothbie,0,suggestion_only,Do not merge occurrences into one person without occurrence-specific context or an approved safe alias.
NAME_04057,richard boscough,Richard Boscough,1,Richard Boscough,0,suggestion_only,Do not merge occurrences into one person without occurrence-specific context or an approved safe alias.
NAME_04058,richard boulton,Richard Boulton,1,Richard Boulton,0,suggestion_only,Do not merge occurrences into one person without occurrence-specific context or an approved safe alias.
NAME_04059,richard boyle,Richard Boyle,1,M* Richard Boyle,0,suggestion_only,Do not merge occurrences into one person without occurrence-specific context or an approved safe alias.
NAME_04060,richard brewster,Richard Brewster,2,Richard Brewster,0,suggestion_only,Do not merge occurrences into one person without occurrence-specific context or an approved safe alias.
NAME_04061,richard brooke,Richard Brooke,2,Richard Brooke,0,suggestion_only,Do not merge occurrences into one person without occurrence-specific context or an approved safe alias.
NAME_04062,richard buck,Richard Buck,2,M* Richard Buck,0,suggestion_only,Do not merge occurrences into one person without occurrence-specific context or an approved safe alias.
NAME_04064,richard bulkley,Richard Bulkley,3,Richard Bulkley,0,suggestion_only,Do not merge occurrences into one person without occurrence-specific context or an approved safe alias.
NAME_04065,richard bulkleys,Richard Bulkleys,1,M’ Richard Bulkleys,0,suggestion_only,Do not merge occurrences into one person without occurrence-specific context or an approved safe alias.
NAME_04066,richard bulkly,Richard Bulkly,2,Richard Bulkly,0,suggestion_only,Do not merge occurrences into one person without occurrence-specific context or an approved safe alias.
NAME_04068,richard buttry,Richard Buttry,1,Richard Buttry,0,suggestion_only,Do not merge occurrences into one person without occurrence-specific context or an approved safe alias.
NAME_04069,richard campion,Richard Campion,1,Richard Campion,0,suggestion_only,Do not merge occurrences into one person without occurrence-specific context or an approved safe alias.
NAME_04070,richard carmarden,Richard Carmarden,1,Richard Carmarden,0,suggestion_only,Do not merge occurrences into one person without occurrence-specific context or an approved safe alias.
NAME_04073,richard caswelt,Richard Caswelt,1,M’ Richard Caswelt,0,suggestion_only,Do not merge occurrences into one person without occurrence-specific context or an approved safe alias.
NAME_04074,richard chamberlaine,Richard Chamberlaine,1,Richard Chamberlaine,0,suggestion_only,Do not merge occurrences into one person without occurrence-specific context or an approved safe alias.
NAME_04075,richard chamberlen,Richard Chamberlen,1,Richard Chamberlen,0,suggestion_only,Do not merge occurrences into one person without occurrence-specific context or an approved safe alias.
NAME_04076,richard champion,Richard Champion,2,Richard Champion,0,suggestion_only,Do not merge occurrences into one person without occurrence-specific context or an approved safe alias.
NAME_04077,richard champion.--.---,Richard Champion.--.---,1,Richard Champion.--.---,0,suggestion_only,Do not merge occurrences into one person without occurrence-specific context or an approved safe alias.
NAME_04078,richard chandler,Richard Chandler,1,Richard Chandler,0,suggestion_only,Do not merge occurrences into one person without occurrence-specific context or an approved safe alias.
NAME_04079,richard chelsey,Richard Chelsey,1,Richard Chelsey,0,suggestion_only,Do not merge occurrences into one person without occurrence-specific context or an approved safe alias.
NAME_04080,richard cheny,Richard Cheny,1,Richard Cheny,0,suggestion_only,Do not merge occurrences into one person without occurrence-specific context or an approved safe alias.
NAME_04081,richard chetle,Richard Chetle,1,Richard Chetle,0,suggestion_only,Do not merge occurrences into one person without occurrence-specific context or an approved safe alias.
NAME_04082,richard chettle,Richard Chettle,1,m’ Richard Chettle,0,suggestion_only,Do not merge occurrences into one person without occurrence-specific context or an approved safe alias.
NAME_04083,richard chettle.,Richard Chettle.,1,m’ Richard Chettle,0,suggestion_only,Do not merge occurrences into one person without occurrence-specific context or an approved safe alias.
NAME_04084,richard cholfer,Richard Cholfer,1,Richard Cholfer,0,suggestion_only,Do not merge occurrences into one person without occurrence-specific context or an approved safe alias.
NAME_04085,richard cockwell,Richard Cockwell,1,Richard Cockwell,0,suggestion_only,Do not merge occurrences into one person without occurrence-specific context or an approved safe alias.
NAME_04086,richard connock,Richard Connock,1,Richard Connock,0,suggestion_only,Do not merge occurrences into one person without occurrence-specific context or an approved safe alias.
NAME_04087,richard connocke,Richard Connocke,1,Richard Connocke,0,suggestion_only,Do not merge occurrences into one person without occurrence-specific context or an approved safe alias.
NAME_04088,richard cooper,Richard Cooper,1,Richard Cooper,0,suggestion_only,Do not merge occurrences into one person without occurrence-specific context or an approved safe alias.
NAME_04089,richard coxe,Richard Coxe,1,Richard Coxe,0,suggestion_only,Do not merge occurrences into one person without occurrence-specific context or an approved safe alias.
NAME_04090,richard cragg,Richard Cragg,1,Richard Cragg,0,suggestion_only,Do not merge occurrences into one person without occurrence-specific context or an approved safe alias.
NAME_04091,richard craven,Richard Craven,1,Richard Craven,0,suggestion_only,Do not merge occurrences into one person without occurrence-specific context or an approved safe alias.
NAME_04092,richard croue,Richard Croue,1,Richard Croue,0,suggestion_only,Do not merge occurrences into one person without occurrence-specific context or an approved safe alias.
NAME_04093,richard curtis,Richard Curtis,2,m’ Richard Curtis,0,suggestion_only,Do not merge occurrences into one person without occurrence-specific context or an approved safe alias.
NAME_04094,richard dash,Richard Dash,1,Richard Dash,0,suggestion_only,Do not merge occurrences into one person without occurrence-specific context or an approved safe alias.
NAME_04095,richard dean,Richard Dean,1,Richard Dean,0,suggestion_only,Do not merge occurrences into one person without occurrence-specific context or an approved safe alias.
NAME_04096,richard deane,Richard Deane,1,Master Richard Deane,0,suggestion_only,Do not merge occurrences into one person without occurrence-specific context or an approved safe alias.
NAME_04097,richard domelawe,Richard Domelawe,1,Richard Domelawe,0,suggestion_only,Do not merge occurrences into one person without occurrence-specific context or an approved safe alias.
NAME_04098,richard downes,Richard Downes,1,Richard Downes,0,suggestion_only,Do not merge occurrences into one person without occurrence-specific context or an approved safe alias.
NAME_04099,richard dutton,Richard Dutton,3,Richard Dutton,0,suggestion_only,Do not merge occurrences into one person without occurrence-specific context or an approved safe alias.
NAME_04100,richard edward,Richard Edward,1,Richard Edward,0,suggestion_only,Do not merge occurrences into one person without occurrence-specific context or an approved safe alias.
NAME_04101,richard edwarde,Richard Edwarde,2,M' Richard Edwarde | Richard Edwarde,0,suggestion_only,Do not merge occurrences into one person without occurrence-specific context or an approved safe alias.
NAME_04102,richard edwardes,Richard Edwardes,1,Richard Edwardes,0,suggestion_only,Do not merge occurrences into one person without occurrence-specific context or an approved safe alias.
NAME_04104,richard evans,Richard Evans,2,Richard Evans,0,suggestion_only,Do not merge occurrences into one person without occurrence-specific context or an approved safe alias.
NAME_04105,richard farington,Richard Farington,1,Richard Farington,0,suggestion_only,Do not merge occurrences into one person without occurrence-specific context or an approved safe alias.
NAME_04106,richard farrington,Richard Farrington,1,Richard Farrington,0,suggestion_only,Do not merge occurrences into one person without occurrence-specific context or an approved safe alias.
NAME_04107,richard farryngton,Richard Farryngton,1,Richard Farryngton,0,suggestion_only,Do not merge occurrences into one person without occurrence-specific context or an approved safe alias.
NAME_04108,richard fereby,Richard Fereby,1,Richard Fereby,0,suggestion_only,Do not merge occurrences into one person without occurrence-specific context or an approved safe alias.
NAME_04109,richard ferriby,Richard Ferriby,1,Richard Ferriby,0,suggestion_only,Do not merge occurrences into one person without occurrence-specific context or an approved safe alias.
NAME_04110,richard ffreethorne,Richard Ffreethorne,1,Richard Ffreethorne,0,suggestion_only,Do not merge occurrences into one person without occurrence-specific context or an approved safe alias.
NAME_04111,richard ffrethorne,Richard Ffrethorne,1,Richard Ffrethorne,0,suggestion_only,Do not merge occurrences into one person without occurrence-specific context or an approved safe alias.
NAME_04112,richard fishborne,Richard Fishborne,1,Richard Fishborne,0,suggestion_only,Do not merge occurrences into one person without occurrence-specific context or an approved safe alias.
NAME_04113,richard francke,Richard Francke,1,Richard Francke,0,suggestion_only,Do not merge occurrences into one person without occurrence-specific context or an approved safe alias.
NAME_04114,richard frethorne,Richard Frethorne,2,Richard Frethorne,0,suggestion_only,Do not merge occurrences into one person without occurrence-specific context or an approved safe alias.
NAME_04115,richard frith,Richard Frith,2,Richard Frith,0,suggestion_only,Do not merge occurrences into one person without occurrence-specific context or an approved safe alias.
NAME_04116,richard gardiner,Richard Gardiner,1,Richard Gardiner,0,suggestion_only,Do not merge occurrences into one person without occurrence-specific context or an approved safe alias.
NAME_04117,richard geo,Richard Geo,1,Richard Geo,0,suggestion_only,Do not merge occurrences into one person without occurrence-specific context or an approved safe alias.
NAME_04118,richard george,Richard George,6,"Richard
George | Richard George",0,suggestion_only,Do not merge occurrences into one person without occurrence-specific context or an approved safe alias.
NAME_04119,richard goddert,Richard Goddert,1,Richard Goddert,0,suggestion_only,Do not merge occurrences into one person without occurrence-specific context or an approved safe alias.
NAME_04120,richard godfree,Richard Godfree,1,Richard Godfree,0,suggestion_only,Do not merge occurrences into one person without occurrence-specific context or an approved safe alias.
NAME_04121,richard godfrey,Richard Godfrey,1,Richard Godfrey,0,suggestion_only,Do not merge occurrences into one person without occurrence-specific context or an approved safe alias.
NAME_04122,richard godfry,Richard Godfry,6,Richard Godfry,0,suggestion_only,Do not merge occurrences into one person without occurrence-specific context or an approved safe alias.
NAME_04123,richard greenfield,Richard Greenfield,1,Sir Richard Greenfield,0,suggestion_only,Do not merge occurrences into one person without occurrence-specific context or an approved safe alias.
NAME_04124,richard greenway,Richard Greenway,1,M’ Richard Greenway,0,suggestion_only,Do not merge occurrences into one person without occurrence-specific context or an approved safe alias.
NAME_04125,richard grobham,Richard Grobham,2,Richard Grobham | Sir Richard Grobham,0,suggestion_only,Do not merge occurrences into one person without occurrence-specific context or an approved safe alias.
NAME_04126,richard grobham.,Richard Grobham.,1,Sir Richard Grobham,0,suggestion_only,Do not merge occurrences into one person without occurrence-specific context or an approved safe alias.
NAME_04127,richard groue,Richard Groue,1,Richard Groue,0,suggestion_only,Do not merge occurrences into one person without occurrence-specific context or an approved safe alias.
NAME_04128,richard hackleuit,Richard Hackleuit,2,Master Richard Hackleuit,0,suggestion_only,Do not merge occurrences into one person without occurrence-specific context or an approved safe alias.
NAME_04129,richard hacklewt,Richard Hacklewt,1,Richard Hacklewt,0,suggestion_only,Do not merge occurrences into one person without occurrence-specific context or an approved safe alias.
NAME_04130,richard hackluit,Richard Hackluit,1,Richard Hackluit,0,suggestion_only,Do not merge occurrences into one person without occurrence-specific context or an approved safe alias.
NAME_04131,richard hackluite,Richard Hackluite,2,Richard Hackluite,0,suggestion_only,Do not merge occurrences into one person without occurrence-specific context or an approved safe alias.
NAME_04132,richard hacklvyt,Richard Hacklvyt,1,Richard Hacklvyt,0,suggestion_only,Do not merge occurrences into one person without occurrence-specific context or an approved safe alias.
NAME_04133,richard hacklyut,Richard Hacklyut,1,Richard Hacklyut,0,suggestion_only,Do not merge occurrences into one person without occurrence-specific context or an approved safe alias.
NAME_04134,richard hayward,Richard Hayward,1,Richard Hayward,0,suggestion_only,Do not merge occurrences into one person without occurrence-specific context or an approved safe alias.
NAME_04135,richard hearne,Richard Hearne,1,Richard Hearne,0,suggestion_only,Do not merge occurrences into one person without occurrence-specific context or an approved safe alias.
NAME_04136,richard heron,Richard Heron,1,Master Richard Heron,0,suggestion_only,Do not merge occurrences into one person without occurrence-specific context or an approved safe alias.
NAME_04137,richard hewtye,Richard Hewtye,1,Richard Hewtye,0,suggestion_only,Do not merge occurrences into one person without occurrence-specific context or an approved safe alias.
NAME_04138,richard hoeker,Richard Hoeker,1,Richard Hoeker,0,suggestion_only,Do not merge occurrences into one person without occurrence-specific context or an approved safe alias.
NAME_04139,richard holland,Richard Holland,3,Richard Holland,0,suggestion_only,Do not merge occurrences into one person without occurrence-specific context or an approved safe alias.
NAME_04140,richard hopkins,Richard Hopkins,3,Richard Hopkins,0,suggestion_only,Do not merge occurrences into one person without occurrence-specific context or an approved safe alias.
NAME_04141,richard how,Richard How,1,Richard How,0,suggestion_only,Do not merge occurrences into one person without occurrence-specific context or an approved safe alias.
NAME_04142,richard howell,Richard Howell,1,Richard Howell,0,suggestion_only,Do not merge occurrences into one person without occurrence-specific context or an approved safe alias.
NAME_04143,richard humble,Richard Humble,4,Richard Humble,0,suggestion_only,Do not merge occurrences into one person without occurrence-specific context or an approved safe alias.
NAME_04144,richard ironside,Richard Ironside,1,Richard Ironside,0,suggestion_only,Do not merge occurrences into one person without occurrence-specific context or an approved safe alias.
NAME_04145,richard keane,Richard Keane,2,m' Richard Keane,0,suggestion_only,Do not merge occurrences into one person without occurrence-specific context or an approved safe alias.
NAME_04146,richard kingmell,Richard Kingmell,1,Richard Kingmell,0,suggestion_only,Do not merge occurrences into one person without occurrence-specific context or an approved safe alias.
NAME_04147,richard kingsmell,Richard Kingsmell,1,Richard Kingsmell,0,suggestion_only,Do not merge occurrences into one person without occurrence-specific context or an approved safe alias.
NAME_04148,richard kirrell,Richard Kirrell,1,Richard Kirrell,0,suggestion_only,Do not merge occurrences into one person without occurrence-specific context or an approved safe alias.
NAME_04149,richard knaresborough,Richard Knaresborough,1,Richard Knaresborough,0,suggestion_only,Do not merge occurrences into one person without occurrence-specific context or an approved safe alias.
NAME_04150,richard lambe,Richard Lambe,2,m’ Richard Lambe,0,suggestion_only,Do not merge occurrences into one person without occurrence-specific context or an approved safe alias.
NAME_04151,richard lev,Richard Lev,1,Richard Lev,0,suggestion_only,Do not merge occurrences into one person without occurrence-specific context or an approved safe alias.
NAME_04152,richard lewis,Richard Lewis,1,Richard Lewis,0,suggestion_only,Do not merge occurrences into one person without occurrence-specific context or an approved safe alias.
NAME_04153,richard lindsey,Richard Lindsey,2,Capt Richard Lindsey,0,suggestion_only,Do not merge occurrences into one person without occurrence-specific context or an approved safe alias.
NAME_04154,richard linley,Richard Linley,1,Captaine Richard Linley,0,suggestion_only,Do not merge occurrences into one person without occurrence-specific context or an approved safe alias.
NAME_04155,richard louelace,Richard Louelace,1,Sir Richard Louelace,0,suggestion_only,Do not merge occurrences into one person without occurrence-specific context or an approved safe alias.
NAME_04156,richard maplesden,Richard Maplesden,1,Richard Maplesden,0,suggestion_only,Do not merge occurrences into one person without occurrence-specific context or an approved safe alias.
NAME_04157,richard martin,Richard Martin,2,Richard Martin,0,suggestion_only,Do not merge occurrences into one person without occurrence-specific context or an approved safe alias.
NAME_04158,richard middleton,Richard Middleton,1,Richard Middleton,0,suggestion_only,Do not merge occurrences into one person without occurrence-specific context or an approved safe alias.
NAME_04159,richard milton,Richard Milton,2,Richard Milton,0,suggestion_only,Do not merge occurrences into one person without occurrence-specific context or an approved safe alias.
NAME_04160,richard minter,Richard Minter,2,Richard Minter,0,suggestion_only,Do not merge occurrences into one person without occurrence-specific context or an approved safe alias.
NAME_04161,richard mitton,Richard Mitton,1,Richard Mitton,0,suggestion_only,Do not merge occurrences into one person without occurrence-specific context or an approved safe alias.
NAME_04162,richard monnington,Richard Monnington,1,Richard Monnington,0,suggestion_only,Do not merge occurrences into one person without occurrence-specific context or an approved safe alias.
NAME_04163,richard moore,Richard Moore,1,Richard Moore,0,suggestion_only,Do not merge occurrences into one person without occurrence-specific context or an approved safe alias.
NAME_04164,richard moorer,Richard Moorer,3,M' Richard Moorer | m' Richard Moorer,0,suggestion_only,Do not merge occurrences into one person without occurrence-specific context or an approved safe alias.
NAME_04165,richard mooreton,Richard Mooreton,1,Richard Mooreton,0,suggestion_only,Do not merge occurrences into one person without occurrence-specific context or an approved safe alias.
NAME_04167,richard morton.,Richard Morton.,1,Richard Morton,0,suggestion_only,Do not merge occurrences into one person without occurrence-specific context or an approved safe alias.
NAME_04168,richard mosse,Richard Mosse,1,Richard Mosse,0,suggestion_only,Do not merge occurrences into one person without occurrence-specific context or an approved safe alias.
NAME_04169,richard mumtbl,Richard Mumtbl,1,Richard Mumtbl,0,suggestion_only,Do not merge occurrences into one person without occurrence-specific context or an approved safe alias.
NAME_04170,richard murer,Richard Murer,1,Richard Murer,0,suggestion_only,Do not merge occurrences into one person without occurrence-specific context or an approved safe alias.
NAME_04171,richard murreton,Richard Murreton,1,Richard Murreton,0,suggestion_only,Do not merge occurrences into one person without occurrence-specific context or an approved safe alias.
NAME_04172,richard norwood,Richard Norwood,4,Richard Norwood | m* Richard Norwood,0,suggestion_only,Do not merge occurrences into one person without occurrence-specific context or an approved safe alias.
NAME_04173,richard owen,Richard Owen,1,Richard Owen,0,suggestion_only,Do not merge occurrences into one person without occurrence-specific context or an approved safe alias.
NAME_04174,richard owens,Richard Owens,2,Mr. Richard Owens,0,suggestion_only,Do not merge occurrences into one person without occurrence-specific context or an approved safe alias.
NAME_04176,richard partridge,Richard Partridge,3,"Richard
Partridge | Richard Partridge",0,suggestion_only,Do not merge occurrences into one person without occurrence-specific context or an approved safe alias.
NAME_04177,richard partridge.-,Richard Partridge.-,1,Richard Partridge.-,0,suggestion_only,Do not merge occurrences into one person without occurrence-specific context or an approved safe alias.
NAME_04178,richard partridges,Richard Partridges,1,Richard Partridges,0,suggestion_only,Do not merge occurrences into one person without occurrence-specific context or an approved safe alias.
NAME_04179,richard paulson,Richard Paulson,2,Richard Paulson,0,suggestion_only,Do not merge occurrences into one person without occurrence-specific context or an approved safe alias.
NAME_04180,richard peers,Richard Peers,1,Richard Peers,0,suggestion_only,Do not merge occurrences into one person without occurrence-specific context or an approved safe alias.
NAME_04181,richard peirs,Richard Peirs,1,Richard Peirs,0,suggestion_only,Do not merge occurrences into one person without occurrence-specific context or an approved safe alias.
NAME_04182,richard perciuall,Richard Perciuall,1,Richard Perciuall,0,suggestion_only,Do not merge occurrences into one person without occurrence-specific context or an approved safe alias.
NAME_04183,richard perry,Richard Perry,3,Richard Perry,0,suggestion_only,Do not merge occurrences into one person without occurrence-specific context or an approved safe alias.
NAME_04184,richard piggot.-,Richard Piggot.-,1,Richard Piggot.-,0,suggestion_only,Do not merge occurrences into one person without occurrence-specific context or an approved safe alias.
NAME_04185,richard potts,Richard Potts,1,"Richard
Potts",0,suggestion_only,Do not merge occurrences into one person without occurrence-specific context or an approved safe alias.
NAME_04186,richard poyntell,Richard Poyntell,2,Richard Poyntell,0,suggestion_only,Do not merge occurrences into one person without occurrence-specific context or an approved safe alias.
NAME_04187,richard prat,Richard Prat,1,Richard Prat,0,suggestion_only,Do not merge occurrences into one person without occurrence-specific context or an approved safe alias.
NAME_04188,richard prate,Richard Prate,1,Richard Prate,0,suggestion_only,Do not merge occurrences into one person without occurrence-specific context or an approved safe alias.
NAME_04189,richard price,Richard Price,1,Richard Price,0,suggestion_only,Do not merge occurrences into one person without occurrence-specific context or an approved safe alias.
NAME_04190,richard quaile,Richard Quaile,2,Richard Quaile,0,suggestion_only,Do not merge occurrences into one person without occurrence-specific context or an approved safe alias.
NAME_04191,richard reynolds,Richard Reynolds,1,Richard Reynolds,0,suggestion_only,Do not merge occurrences into one person without occurrence-specific context or an approved safe alias.
NAME_04192,richard robs,Richard Robs,1,Richard Robs,0,suggestion_only,Do not merge occurrences into one person without occurrence-specific context or an approved safe alias.
NAME_04193,richard rogers,Richard Rogers,3,Richard Rogers | m* Richard Rogers,0,suggestion_only,Do not merge occurrences into one person without occurrence-specific context or an approved safe alias.
NAME_04194,richard rolles,Richard Rolles,1,Richard Rolles,0,suggestion_only,Do not merge occurrences into one person without occurrence-specific context or an approved safe alias.
NAME_04195,richard rowles,Richard Rowles,3,Richard Rowles,0,suggestion_only,Do not merge occurrences into one person without occurrence-specific context or an approved safe alias.
NAME_04196,richard sackville,Richard Sackville,1,Richard Sackville,0,suggestion_only,Do not merge occurrences into one person without occurrence-specific context or an approved safe alias.
NAME_04197,richard sandys,Richard Sandys,1,Richard Sandys,0,suggestion_only,Do not merge occurrences into one person without occurrence-specific context or an approved safe alias.
NAME_04198,richard sheepheard,Richard Sheepheard,1,Richard Sheepheard,0,suggestion_only,Do not merge occurrences into one person without occurrence-specific context or an approved safe alias.
NAME_04199,richard shepard,Richard Shepard,1,Richard Shepard,0,suggestion_only,Do not merge occurrences into one person without occurrence-specific context or an approved safe alias.
NAME_04200,richard sherife,Richard Sherife,9,"Richard
Sherife | Richard Sherife",0,suggestion_only,Do not merge occurrences into one person without occurrence-specific context or an approved safe alias.
NAME_04201,richard smith,Richard Smith,1,Richard Smith,0,suggestion_only,Do not merge occurrences into one person without occurrence-specific context or an approved safe alias.
NAME_04202,richard smith-...-.--..-,Richard Smith-...-.--..-,1,Sir Richard Smith-...-.--..-,0,suggestion_only,Do not merge occurrences into one person without occurrence-specific context or an approved safe alias.
NAME_04203,richard smyth,Richard Smyth,8,"Richard
Smyth | Richard Smyth",0,suggestion_only,Do not merge occurrences into one person without occurrence-specific context or an approved safe alias.
NAME_04204,richard snarsborow,Richard Snarsborow,1,Richard Snarsborow,0,suggestion_only,Do not merge occurrences into one person without occurrence-specific context or an approved safe alias.
NAME_04205,richard soten,Richard Soten,1,Richard Soten,0,suggestion_only,Do not merge occurrences into one person without occurrence-specific context or an approved safe alias.
NAME_04206,richard spitty,Richard Spitty,1,Richard Spitty,0,suggestion_only,Do not merge occurrences into one person without occurrence-specific context or an approved safe alias.
NAME_04207,richard staper,Richard Staper,1,Richard Staper,0,suggestion_only,Do not merge occurrences into one person without occurrence-specific context or an approved safe alias.
NAME_04208,richard staples,Richard Staples,1,Richard Staples,0,suggestion_only,Do not merge occurrences into one person without occurrence-specific context or an approved safe alias.
NAME_04209,richard steephens,Richard Steephens,1,Richard Steephens,0,suggestion_only,Do not merge occurrences into one person without occurrence-specific context or an approved safe alias.
NAME_04210,richard stevens,Richard Stevens,1,Richard Stevens,0,suggestion_only,Do not merge occurrences into one person without occurrence-specific context or an approved safe alias.
NAME_04211,richard storks,Richard Storks,1,Richard Storks,0,suggestion_only,Do not merge occurrences into one person without occurrence-specific context or an approved safe alias.
NAME_04212,richard stratforde,Richard Stratforde,1,Richard Stratforde,0,suggestion_only,Do not merge occurrences into one person without occurrence-specific context or an approved safe alias.
NAME_04213,richard strongtharm.---,Richard Strongtharm.---,1,Richard Strongtharm.---,0,suggestion_only,Do not merge occurrences into one person without occurrence-specific context or an approved safe alias.
NAME_04214,richard sutton,Richard Sutton,3,Sir Richard Sutton,0,suggestion_only,Do not merge occurrences into one person without occurrence-specific context or an approved safe alias.
NAME_04215,richard tatem,Richard Tatem,1,Richard Tatem,0,suggestion_only,Do not merge occurrences into one person without occurrence-specific context or an approved safe alias.
NAME_04216,richard taylor,Richard Taylor,2,Richard Taylor,0,suggestion_only,Do not merge occurrences into one person without occurrence-specific context or an approved safe alias.
NAME_04217,richard thomas,Richard Thomas,1,Richard Thomas,0,suggestion_only,Do not merge occurrences into one person without occurrence-specific context or an approved safe alias.
NAME_04218,richard tomlins,Richard Tomlins,3,Richard Tomlins,0,suggestion_only,Do not merge occurrences into one person without occurrence-specific context or an approved safe alias.
NAME_04219,richard tomlyne,Richard Tomlyne,2,m' Richard Tomlyne,0,suggestion_only,Do not merge occurrences into one person without occurrence-specific context or an approved safe alias.
NAME_04220,richard tomlyns,Richard Tomlyns,4,"Richard
Tomlyns | Richard Tomlyns",0,suggestion_only,Do not merge occurrences into one person without occurrence-specific context or an approved safe alias.
NAME_04221,richard tomlyné,Richard Tomlyné,2,m* Richard Tomlyné,0,suggestion_only,Do not merge occurrences into one person without occurrence-specific context or an approved safe alias.
NAME_04222,richard toppinge,Richard Toppinge,2,m’ Richard Toppinge,0,suggestion_only,Do not merge occurrences into one person without occurrence-specific context or an approved safe alias.
NAME_04223,richard turner,Richard Turner,2,Richard Turner,0,suggestion_only,Do not merge occurrences into one person without occurrence-specific context or an approved safe alias.
NAME_04224,richard wainham,Richard Wainham,1,Richard Wainham,0,suggestion_only,Do not merge occurrences into one person without occurrence-specific context or an approved safe alias.
NAME_04225,richard warner,Richard Warner,2,King Richard Warner,0,suggestion_only,Do not merge occurrences into one person without occurrence-specific context or an approved safe alias.
NAME_04226,richard wes-,Richard Wes-,1,Sir Richard Wes-,0,suggestion_only,Do not merge occurrences into one person without occurrence-specific context or an approved safe alias.
NAME_04227,richard weston,Richard Weston,3,"Richard Weston | Sir
Richard Weston",0,suggestion_only,Do not merge occurrences into one person without occurrence-specific context or an approved safe alias.
NAME_04228,richard wi,Richard Wi,2,Sir Richard Wi,0,suggestion_only,Do not merge occurrences into one person without occurrence-specific context or an approved safe alias.
NAME_04229,richard widdowes,Richard Widdowes,1,Richard Widdowes,0,suggestion_only,Do not merge occurrences into one person without occurrence-specific context or an approved safe alias.
NAME_04230,richard widowes,Richard Widowes,1,Richard Widowes,0,suggestion_only,Do not merge occurrences into one person without occurrence-specific context or an approved safe alias.
NAME_04231,richard wiffin,Richard Wiffin,1,Richard Wiffin,0,suggestion_only,Do not merge occurrences into one person without occurrence-specific context or an approved safe alias.
NAME_04232,richard willaston,Richard Willaston,1,Richard Willaston,0,suggestion_only,Do not merge occurrences into one person without occurrence-specific context or an approved safe alias.
NAME_04233,richard williamson,Richard Williamson,2,Sir Richard Williamson,0,suggestion_only,Do not merge occurrences into one person without occurrence-specific context or an approved safe alias.
NAME_04234,richard willinson,Richard Willinson,1,Richard Willinson,0,suggestion_only,Do not merge occurrences into one person without occurrence-specific context or an approved safe alias.
NAME_04235,richard willisinson,Richard Willisinson,1,Sir Richard Willisinson,0,suggestion_only,Do not merge occurrences into one person without occurrence-specific context or an approved safe alias.
NAME_04237,richard wither,Richard Wither,2,m* Richard Wither | m’ Richard Wither,0,suggestion_only,Do not merge occurrences into one person without occurrence-specific context or an approved safe alias.
NAME_04238,richard wither.,Richard Wither.,1,m* Richard Wither,0,suggestion_only,Do not merge occurrences into one person without occurrence-specific context or an approved safe alias.
NAME_04239,richard woodward,Richard Woodward,1,Richard Woodward,0,suggestion_only,Do not merge occurrences into one person without occurrence-specific context or an approved safe alias.
NAME_04240,richard worsleep,Richard Worsleep,1,Richard Worsleep,0,suggestion_only,Do not merge occurrences into one person without occurrence-specific context or an approved safe alias.
NAME_04241,richard worsley,Richard Worsley,2,Richard Worsley | Sir Richard Worsley,0,suggestion_only,Do not merge occurrences into one person without occurrence-specific context or an approved safe alias.
NAME_04242,richard worsly,Richard Worsly,1,Richard Worsly,0,suggestion_only,Do not merge occurrences into one person without occurrence-specific context or an approved safe alias.
NAME_04243,richard yeaw,Richard Yeaw,1,Richard Yeaw,0,suggestion_only,Do not merge occurrences into one person without occurrence-specific context or an approved safe alias.
NAME_04244,richard. sued,Richard. Sued,1,"Sir Richard.
Sued",0,suggestion_only,Do not merge occurrences into one person without occurrence-specific context or an approved safe alias.
NAME_04245,richarde stephens,RIcHARDE STEPHENS,1,RIcHARDE STEPHENS,0,suggestion_only,Do not merge occurrences into one person without occurrence-specific context or an approved safe alias.
NAME_04246,richarde weston,Richarde Weston,2,Sir Richarde Weston,0,suggestion_only,Do not merge occurrences into one person without occurrence-specific context or an approved safe alias.
NAME_04247,richardi hewtye,Richardi Hewtye,1,Richardi Hewtye,0,suggestion_only,Do not merge occurrences into one person without occurrence-specific context or an approved safe alias.
NAME_04248,richart weston,Richart Weston,2,Sir Richart Weston,0,suggestion_only,Do not merge occurrences into one person without occurrence-specific context or an approved safe alias.
NAME_04249,richd maurisson,Richd Maurisson,1,Richd Maurisson,0,suggestion_only,Do not merge occurrences into one person without occurrence-specific context or an approved safe alias.
NAME_04250,richurd parcivalt,Richurd Parcivalt,1,Richurd Parcivalt,0,suggestion_only,Do not merge occurrences into one person without occurrence-specific context or an approved safe alias.
NAME_04251,ricnarp wiseman,Ricnarp Wiseman,1,Ricnarp Wiseman,0,suggestion_only,Do not merge occurrences into one person without occurrence-specific context or an approved safe alias.
NAME_04252,ricuarp buu,Ricuarp Buu,1,Ricuarp Buu,0,suggestion_only,Do not merge occurrences into one person without occurrence-specific context or an approved safe alias.
NAME_04253,ricut hono,Ricut Hono,1,Ricut Hono,0,suggestion_only,Do not merge occurrences into one person without occurrence-specific context or an approved safe alias.
NAME_04254,rider mr’,Rider Mr’,1,"M' Rider
Mr’",0,suggestion_only,Do not merge occurrences into one person without occurrence-specific context or an approved safe alias.
NAME_04255,riearda banys-,Riearda Banys-,1,Riearda Banys-,0,suggestion_only,Do not merge occurrences into one person without occurrence-specific context or an approved safe alias.
NAME_04256,rieardo casewell,Rieardo Casewell,1,Rieardo Casewell,0,suggestion_only,Do not merge occurrences into one person without occurrence-specific context or an approved safe alias.
NAME_04257,rieardo wirrell,Rieardo Wirrell,1,Rieardo Wirrell,0,suggestion_only,Do not merge occurrences into one person without occurrence-specific context or an approved safe alias.
NAME_04258,rieardum bull,Rieardum Bull,1,Rieardum Bull,0,suggestion_only,Do not merge occurrences into one person without occurrence-specific context or an approved safe alias.
NAME_04259,rieardum caswell,Rieardum Caswell,1,Rieardum Caswell,0,suggestion_only,Do not merge occurrences into one person without occurrence-specific context or an approved safe alias.
NAME_04260,rieardus caswell,Rieardus Caswell,2,Rieardus Caswell,0,suggestion_only,Do not merge occurrences into one person without occurrence-specific context or an approved safe alias.
NAME_04261,rieardus tomlyns,Rieardus Tomlyns,2,Rieardus Tomlyns,0,suggestion_only,Do not merge occurrences into one person without occurrence-specific context or an approved safe alias.
NAME_04262,riebard wyftine,Riebard Wyftine,1,Riebard Wyftine,0,suggestion_only,Do not merge occurrences into one person without occurrence-specific context or an approved safe alias.
NAME_04263,rieh hopkins,Rieh Hopkins,1,Rieh Hopkins,0,suggestion_only,Do not merge occurrences into one person without occurrence-specific context or an approved safe alias.
NAME_04264,riehard dichfeild,Riehard Dichfeild,1,Riehard Dichfeild,0,suggestion_only,Do not merge occurrences into one person without occurrence-specific context or an approved safe alias.
NAME_04265,riehard rogers,Riehard Rogers,1,Riehard Rogers,0,suggestion_only,Do not merge occurrences into one person without occurrence-specific context or an approved safe alias.
NAME_04266,riehard tomlyns,Riehard Tomlyns,1,Riehard Tomlyns,0,suggestion_only,Do not merge occurrences into one person without occurrence-specific context or an approved safe alias.
NAME_04267,riek del,Riek Del,1,Riek Del,0,suggestion_only,Do not merge occurrences into one person without occurrence-specific context or an approved safe alias.
NAME_04268,riek willis,Riek Willis,1,Riek Willis,0,suggestion_only,Do not merge occurrences into one person without occurrence-specific context or an approved safe alias.
NAME_04269,ries reyrell,Ries Reyrell,1,Ries Reyrell,0,suggestion_only,Do not merge occurrences into one person without occurrence-specific context or an approved safe alias.
NAME_04270,riexrdo hamble,Riexrdo Hamble,1,Riexrdo Hamble,0,suggestion_only,Do not merge occurrences into one person without occurrence-specific context or an approved safe alias.
NAME_04271,risley. do’,Risley. Do’,2,"m’* Risley.
Do’",0,suggestion_only,Do not merge occurrences into one person without occurrence-specific context or an approved safe alias.
NAME_04273,rié partridge,Rié Partridge,1,Rié Partridge,0,suggestion_only,Do not merge occurrences into one person without occurrence-specific context or an approved safe alias.
NAME_04274,rié robbins,Rié Robbins,1,Rié Robbins,0,suggestion_only,Do not merge occurrences into one person without occurrence-specific context or an approved safe alias.
NAME_04275,rié stradfort,Rié Stradfort,1,Rié Stradfort,0,suggestion_only,Do not merge occurrences into one person without occurrence-specific context or an approved safe alias.
NAME_04276,ro killigrewe,Ro Killigrewe,1,Ro Killigrewe,0,suggestion_only,Do not merge occurrences into one person without occurrence-specific context or an approved safe alias.
NAME_04277,ro killigrue,Ro Killigrue,1,Ro Killigrue,0,suggestion_only,Do not merge occurrences into one person without occurrence-specific context or an approved safe alias.
NAME_04278,ro ray,Ro Ray,1,M* Ro Ray,0,suggestion_only,Do not merge occurrences into one person without occurrence-specific context or an approved safe alias.
NAME_04279,ro smith,Ro Smith,2,m* Ro Smith | m’* Ro Smith,0,suggestion_only,Do not merge occurrences into one person without occurrence-specific context or an approved safe alias.
NAME_04280,roach allum,Roach Allum,1,Roach Allum,0,suggestion_only,Do not merge occurrences into one person without occurrence-specific context or an approved safe alias.
NAME_04281,rob bridges,Rob Bridges,1,Rob Bridges,0,suggestion_only,Do not merge occurrences into one person without occurrence-specific context or an approved safe alias.
NAME_04282,robert abden,Robert Abden,1,"m* Robert
Abden",0,suggestion_only,Do not merge occurrences into one person without occurrence-specific context or an approved safe alias.
NAME_04283,robert alden,Robert Alden,1,Robert Alden,0,suggestion_only,Do not merge occurrences into one person without occurrence-specific context or an approved safe alias.
NAME_04284,robert askwith,Robert Askwith,2,Robert Askwith | Sir Robert Askwith,0,suggestion_only,Do not merge occurrences into one person without occurrence-specific context or an approved safe alias.
NAME_04285,robert aukland,Robert Aukland,1,Robert Aukland,0,suggestion_only,Do not merge occurrences into one person without occurrence-specific context or an approved safe alias.
NAME_04286,robert baker,Robert Baker,2,Robert Baker,0,suggestion_only,Do not merge occurrences into one person without occurrence-specific context or an approved safe alias.
NAME_04287,robert barker,Robert Barker,5,Robert Barker | m'’ Robert Barker,0,suggestion_only,Do not merge occurrences into one person without occurrence-specific context or an approved safe alias.
NAME_04288,robert barker--,Robert Barker--,1,Robert Barker--,0,suggestion_only,Do not merge occurrences into one person without occurrence-specific context or an approved safe alias.
NAME_04291,robert benet,Robert Benet,3,Robert Benet,0,suggestion_only,Do not merge occurrences into one person without occurrence-specific context or an approved safe alias.
NAME_04292,robert benett,Robert Benett,1,Robert Benett,0,suggestion_only,Do not merge occurrences into one person without occurrence-specific context or an approved safe alias.
NAME_04293,robert bennet,Robert Bennet,1,Robert Bennet,0,suggestion_only,Do not merge occurrences into one person without occurrence-specific context or an approved safe alias.
NAME_04294,robert bennett,Robert Bennett,2,Robert Bennett,0,suggestion_only,Do not merge occurrences into one person without occurrence-specific context or an approved safe alias.
NAME_04295,robert berrisford,Robert Berrisford,1,Robert Berrisford,0,suggestion_only,Do not merge occurrences into one person without occurrence-specific context or an approved safe alias.
NAME_04296,robert blanchard,Robert Blanchard,1,Robert Blanchard,0,suggestion_only,Do not merge occurrences into one person without occurrence-specific context or an approved safe alias.
NAME_04297,robert bowine,Robert Bowine,1,Robert Bowine,0,suggestion_only,Do not merge occurrences into one person without occurrence-specific context or an approved safe alias.
NAME_04298,robert bowyer,Robert Bowyer,3,Robert Bowyer,0,suggestion_only,Do not merge occurrences into one person without occurrence-specific context or an approved safe alias.
NAME_04299,robert briggs,Robert Briggs,3,M* Robert Briggs | Robert Briggs,0,suggestion_only,Do not merge occurrences into one person without occurrence-specific context or an approved safe alias.
NAME_04300,robert broakbancke,Robert Broakbancke,1,Robert Broakbancke,0,suggestion_only,Do not merge occurrences into one person without occurrence-specific context or an approved safe alias.
NAME_04301,robert browne,Robert Browne,2,Robert Browne,0,suggestion_only,Do not merge occurrences into one person without occurrence-specific context or an approved safe alias.
NAME_04302,robert burgoney,Robert Burgoney,2,Robert Burgoney,0,suggestion_only,Do not merge occurrences into one person without occurrence-specific context or an approved safe alias.
NAME_04303,robert burgoyne,Robert Burgoyne,1,Robert Burgoyne,0,suggestion_only,Do not merge occurrences into one person without occurrence-specific context or an approved safe alias.
NAME_04304,robert byng,Robert Byng,1,Robert Byng,0,suggestion_only,Do not merge occurrences into one person without occurrence-specific context or an approved safe alias.
NAME_04305,robert bysaker,Robert Bysaker,1,Robert Bysaker,0,suggestion_only,Do not merge occurrences into one person without occurrence-specific context or an approved safe alias.
NAME_04306,robert béllecqeccossseue,Robert Béllecqeccossseue,1,Robert Béllecqeccossseue,0,suggestion_only,Do not merge occurrences into one person without occurrence-specific context or an approved safe alias.
NAME_04307,robert carey,Robert Carey,1,Sir Robert Carey,0,suggestion_only,Do not merge occurrences into one person without occurrence-specific context or an approved safe alias.
NAME_04308,robert carles,Robert Carles,4,m* Robert Carles | m’ Robert Carles,0,suggestion_only,Do not merge occurrences into one person without occurrence-specific context or an approved safe alias.
NAME_04309,robert chamberlaine,Robert Chamberlaine,1,Robert Chamberlaine,0,suggestion_only,Do not merge occurrences into one person without occurrence-specific context or an approved safe alias.
NAME_04310,robert chamberlin,Robert Chamberlin,1,Robert Chamberlin,0,suggestion_only,Do not merge occurrences into one person without occurrence-specific context or an approved safe alias.
NAME_04311,robert chaniberbiyue,Robert Chaniberbiyue,1,Robert Chaniberbiyue,0,suggestion_only,Do not merge occurrences into one person without occurrence-specific context or an approved safe alias.
NAME_04312,robert chetonly,Robert Chetonly,1,Robert Chetonly,0,suggestion_only,Do not merge occurrences into one person without occurrence-specific context or an approved safe alias.
NAME_04313,robert constable,Robert Constable,2,M' Robert Constable,0,suggestion_only,Do not merge occurrences into one person without occurrence-specific context or an approved safe alias.
NAME_04314,robert cookes,Robert Cookes,1,Robert Cookes,0,suggestion_only,Do not merge occurrences into one person without occurrence-specific context or an approved safe alias.
NAME_04315,robert cooper,Robert Cooper,1,Robert Cooper,0,suggestion_only,Do not merge occurrences into one person without occurrence-specific context or an approved safe alias.
NAME_04316,robert coopy,Robert Coopy,1,Robert Coopy,0,suggestion_only,Do not merge occurrences into one person without occurrence-specific context or an approved safe alias.
NAME_04317,robert coppin,Robert Coppin,1,Robert Coppin,0,suggestion_only,Do not merge occurrences into one person without occurrence-specific context or an approved safe alias.
NAME_04318,robert coppyn,Robert Coppyn,1,Robert Coppyn,0,suggestion_only,Do not merge occurrences into one person without occurrence-specific context or an approved safe alias.
NAME_04319,robert corbett,Robert Corbett,1,"Robert
Corbett",0,suggestion_only,Do not merge occurrences into one person without occurrence-specific context or an approved safe alias.
NAME_04320,robert cotten,Robert Cotten,1,Sir Robert Cotten,0,suggestion_only,Do not merge occurrences into one person without occurrence-specific context or an approved safe alias.
NAME_04321,robert cotton,Robert Cotton,1,Robert Cotton,0,suggestion_only,Do not merge occurrences into one person without occurrence-specific context or an approved safe alias.
NAME_04322,robert craile,Robert Craile,1,Robert Craile,0,suggestion_only,Do not merge occurrences into one person without occurrence-specific context or an approved safe alias.
NAME_04323,robert dauies,Robert Dauies,2,Robert Dauies,0,suggestion_only,Do not merge occurrences into one person without occurrence-specific context or an approved safe alias.
NAME_04324,robert dauis,Robert Dauis,1,Robert Dauis,0,suggestion_only,Do not merge occurrences into one person without occurrence-specific context or an approved safe alias.
NAME_04325,robert dodson,Robert Dodson,2,Robert Dodson,0,suggestion_only,Do not merge occurrences into one person without occurrence-specific context or an approved safe alias.
NAME_04326,robert drurie,Robert Drurie,1,Sir Robert Drurie,0,suggestion_only,Do not merge occurrences into one person without occurrence-specific context or an approved safe alias.
NAME_04327,robert drury,Robert Drury,1,"Sir Robert
Drury",0,suggestion_only,Do not merge occurrences into one person without occurrence-specific context or an approved safe alias.
NAME_04328,robert earle,Robert Earle,3,Robert Earle,0,suggestion_only,Do not merge occurrences into one person without occurrence-specific context or an approved safe alias.
NAME_04329,robert edolph,Robert Edolph,1,Sir Robert Edolph,0,suggestion_only,Do not merge occurrences into one person without occurrence-specific context or an approved safe alias.
NAME_04330,robert edwarde,Robert Edwarde,2,m’ Robert Edwarde,0,suggestion_only,Do not merge occurrences into one person without occurrence-specific context or an approved safe alias.
NAME_04331,robert edwards,Robert Edwards,3,Robert Edwards | m* Robert Edwards,0,suggestion_only,Do not merge occurrences into one person without occurrence-specific context or an approved safe alias.
NAME_04332,robert eldred,Robert Eldred,1,Robert Eldred,0,suggestion_only,Do not merge occurrences into one person without occurrence-specific context or an approved safe alias.
NAME_04333,robert euers,Robert Euers,1,Robert Euers,0,suggestion_only,Do not merge occurrences into one person without occurrence-specific context or an approved safe alias.
NAME_04334,robert evelyn,Robert Evelyn,1,Robert Evelyn,0,suggestion_only,Do not merge occurrences into one person without occurrence-specific context or an approved safe alias.
NAME_04335,robert evers,Robert Evers,1,Robert Evers,0,suggestion_only,Do not merge occurrences into one person without occurrence-specific context or an approved safe alias.
NAME_04336,robert gaile,Robert Gaile,1,Robert Gaile,0,suggestion_only,Do not merge occurrences into one person without occurrence-specific context or an approved safe alias.
NAME_04337,robert geyton,Robert Geyton,1,Robert Geyton,0,suggestion_only,Do not merge occurrences into one person without occurrence-specific context or an approved safe alias.
NAME_04338,robert godson,Robert Godson,1,Robert Godson,0,suggestion_only,Do not merge occurrences into one person without occurrence-specific context or an approved safe alias.
NAME_04339,robert goffe,Robert Goffe,1,Robert Goffe,0,suggestion_only,Do not merge occurrences into one person without occurrence-specific context or an approved safe alias.
NAME_04340,robert gore,Robert Gore,1,Robert Gore,0,suggestion_only,Do not merge occurrences into one person without occurrence-specific context or an approved safe alias.
NAME_04341,robert gosnold,Robert Gosnold,1,Robert Gosnold,0,suggestion_only,Do not merge occurrences into one person without occurrence-specific context or an approved safe alias.
NAME_04342,robert gray,Robert Gray,1,Robert Gray,0,suggestion_only,Do not merge occurrences into one person without occurrence-specific context or an approved safe alias.
NAME_04343,robert guyar,Robert Guyar,11,"Robert
Guyar | Robert Guyar",0,suggestion_only,Do not merge occurrences into one person without occurrence-specific context or an approved safe alias.
NAME_04344,robert gyuer,Robert Gyuer,1,Robert Gyuer,0,suggestion_only,Do not merge occurrences into one person without occurrence-specific context or an approved safe alias.
NAME_04345,robert harley,Robert Harley,3,Sir Robert Harley | m’ Robert Harley,0,suggestion_only,Do not merge occurrences into one person without occurrence-specific context or an approved safe alias.
NAME_04346,robert harley.,Robert Harley.,1,m’ Robert Harley,0,suggestion_only,Do not merge occurrences into one person without occurrence-specific context or an approved safe alias.
NAME_04347,robert hartelie,Robert Hartelie,1,Robert Hartelie,0,suggestion_only,Do not merge occurrences into one person without occurrence-specific context or an approved safe alias.
NAME_04348,robert hassell,Robert Hassell,2,"Robert
Hassell",0,suggestion_only,Do not merge occurrences into one person without occurrence-specific context or an approved safe alias.
NAME_04350,robert hill,Robert Hill,3,Robert Hill,0,suggestion_only,Do not merge occurrences into one person without occurrence-specific context or an approved safe alias.
NAME_04351,robert horner,Robert Horner,1,Robert Horner,0,suggestion_only,Do not merge occurrences into one person without occurrence-specific context or an approved safe alias.
NAME_04352,robert hutchins,Robert Hutchins,1,Robert Hutchins,0,suggestion_only,Do not merge occurrences into one person without occurrence-specific context or an approved safe alias.
NAME_04353,robert iefferies,Robert Iefferies,1,"m'
Robert Iefferies",0,suggestion_only,Do not merge occurrences into one person without occurrence-specific context or an approved safe alias.
NAME_04356,robert iordan,Robert Iordan,1,Robert Iordan,0,suggestion_only,Do not merge occurrences into one person without occurrence-specific context or an approved safe alias.
NAME_04357,robert joakly,Robert Joakly,3,Robert Joakly,0,suggestion_only,Do not merge occurrences into one person without occurrence-specific context or an approved safe alias.
NAME_04359,robert jolinson,Robert Jolinson,1,Robert Jolinson,0,suggestion_only,Do not merge occurrences into one person without occurrence-specific context or an approved safe alias.
NAME_04360,robert karle,Robert Karle,1,Robert Karle,0,suggestion_only,Do not merge occurrences into one person without occurrence-specific context or an approved safe alias.
NAME_04361,robert kay,Robert Kay,1,Robert Kay,0,suggestion_only,Do not merge occurrences into one person without occurrence-specific context or an approved safe alias.
NAME_04366,robert lawford,Robert Lawford,1,Robert Lawford,0,suggestion_only,Do not merge occurrences into one person without occurrence-specific context or an approved safe alias.
NAME_04367,robert limpanie,Robert Limpanie,1,Robert Limpanie,0,suggestion_only,Do not merge occurrences into one person without occurrence-specific context or an approved safe alias.
NAME_04368,robert lionve,Robert Lionve,1,Robert Lionve,0,suggestion_only,Do not merge occurrences into one person without occurrence-specific context or an approved safe alias.
NAME_04369,robert long,Robert Long,1,Robert Long,0,suggestion_only,Do not merge occurrences into one person without occurrence-specific context or an approved safe alias.
NAME_04370,robert longe,Robert Longe,1,Robert Longe,0,suggestion_only,Do not merge occurrences into one person without occurrence-specific context or an approved safe alias.
NAME_04371,robert mansell,Robert Mansell,4,Robert Mansell | Sir Robert Mansell,0,suggestion_only,Do not merge occurrences into one person without occurrence-specific context or an approved safe alias.
NAME_04372,robert mansfeild,Robert Mansfeild,2,Robert Mansfeild,0,suggestion_only,Do not merge occurrences into one person without occurrence-specific context or an approved safe alias.
NAME_04373,robert maruel,Robert Maruel,1,Robert Maruel,0,suggestion_only,Do not merge occurrences into one person without occurrence-specific context or an approved safe alias.
NAME_04374,robert mary,Robert Mary,1,Robert Mary,0,suggestion_only,Do not merge occurrences into one person without occurrence-specific context or an approved safe alias.
NAME_04375,robert middleton,Robert Middleton,1,Robert Middleton,0,suggestion_only,Do not merge occurrences into one person without occurrence-specific context or an approved safe alias.
NAME_04376,robert midleton,Robert Midleton,1,Robert Midleton,0,suggestion_only,Do not merge occurrences into one person without occurrence-specific context or an approved safe alias.
NAME_04377,robert mildmay,Robert Mildmay,2,Robert Mildmay,0,suggestion_only,Do not merge occurrences into one person without occurrence-specific context or an approved safe alias.
NAME_04378,robert miller,Robert Miller,2,Sir Robert Miller,0,suggestion_only,Do not merge occurrences into one person without occurrence-specific context or an approved safe alias.
NAME_04379,robert miller.,Robert Miller.,1,Robert Miller,0,suggestion_only,Do not merge occurrences into one person without occurrence-specific context or an approved safe alias.
NAME_04380,robert moore,Robert Moore,1,Robert Moore,0,suggestion_only,Do not merge occurrences into one person without occurrence-specific context or an approved safe alias.
NAME_04381,robert moston,Robert Moston,1,Master Robert Moston,0,suggestion_only,Do not merge occurrences into one person without occurrence-specific context or an approved safe alias.
NAME_04382,robert mylbourne,Robert Mylbourne,1,Robert Mylbourne,0,suggestion_only,Do not merge occurrences into one person without occurrence-specific context or an approved safe alias.
NAME_04384,robert newland,Robert Newland,2,Robert Newland,0,suggestion_only,Do not merge occurrences into one person without occurrence-specific context or an approved safe alias.
NAME_04385,robert offley,Robert Offley,1,Robert Offley,0,suggestion_only,Do not merge occurrences into one person without occurrence-specific context or an approved safe alias.
NAME_04386,robert ofley,Robert Ofley,1,m' Robert Ofley,0,suggestion_only,Do not merge occurrences into one person without occurrence-specific context or an approved safe alias.
NAME_04387,robert oldisworth,Robert Oldisworth,5,Robert Oldisworth,0,suggestion_only,Do not merge occurrences into one person without occurrence-specific context or an approved safe alias.
NAME_04388,robert olfev,Robert Olfev,1,Robert Olfev,0,suggestion_only,Do not merge occurrences into one person without occurrence-specific context or an approved safe alias.
NAME_04389,robert parckhurst,Robert Parckhurst,1,Robert Parckhurst,0,suggestion_only,Do not merge occurrences into one person without occurrence-specific context or an approved safe alias.
NAME_04390,robert parkhurst,Robert Parkhurst,4,Robert Parkhurst,0,suggestion_only,Do not merge occurrences into one person without occurrence-specific context or an approved safe alias.
NAME_04391,robert partin,Robert Partin,1,Robert Partin,0,suggestion_only,Do not merge occurrences into one person without occurrence-specific context or an approved safe alias.
NAME_04392,robert parttin,Robert Parttin,1,Robert Parttin,0,suggestion_only,Do not merge occurrences into one person without occurrence-specific context or an approved safe alias.
NAME_04393,robert paulett,Robert Paulett,1,Robert Paulett,0,suggestion_only,Do not merge occurrences into one person without occurrence-specific context or an approved safe alias.
NAME_04394,robert pawlet,Robert Pawlet,6,Robert Pawlet,0,suggestion_only,Do not merge occurrences into one person without occurrence-specific context or an approved safe alias.
NAME_04395,robert pawlett,Robert Pawlett,3,Robert Pawlett,0,suggestion_only,Do not merge occurrences into one person without occurrence-specific context or an approved safe alias.
NAME_04396,robert payne,Robert Payne,1,Sir Robert Payne,0,suggestion_only,Do not merge occurrences into one person without occurrence-specific context or an approved safe alias.
NAME_04397,robert peasly,Robert Peasly,2,Robert Peasly,0,suggestion_only,Do not merge occurrences into one person without occurrence-specific context or an approved safe alias.
NAME_04398,robert penington,Robert Penington,1,Robert Penington,0,suggestion_only,Do not merge occurrences into one person without occurrence-specific context or an approved safe alias.
NAME_04399,robert pennington,Robert Pennington,1,Robert Pennington,0,suggestion_only,Do not merge occurrences into one person without occurrence-specific context or an approved safe alias.
NAME_04400,robert phillip,Robert Phillip,1,Robert Phillip,0,suggestion_only,Do not merge occurrences into one person without occurrence-specific context or an approved safe alias.
NAME_04401,robert phillips,Robert Phillips,2,Robert Phillips,0,suggestion_only,Do not merge occurrences into one person without occurrence-specific context or an approved safe alias.
NAME_04402,robert poole,Robert Poole,5,Robert Poole,0,suggestion_only,Do not merge occurrences into one person without occurrence-specific context or an approved safe alias.
NAME_04404,robert rich.,Robert Rich.,1,Robert Rich,0,suggestion_only,Do not merge occurrences into one person without occurrence-specific context or an approved safe alias.
NAME_04405,robert ritch,Robert Ritch,1,Robert Ritch,0,suggestion_only,Do not merge occurrences into one person without occurrence-specific context or an approved safe alias.
NAME_04406,robert robinson,Robert Robinson,3,Robert Robinson,0,suggestion_only,Do not merge occurrences into one person without occurrence-specific context or an approved safe alias.
NAME_04407,robert salford,Robert Salford,2,Robert Salford,0,suggestion_only,Do not merge occurrences into one person without occurrence-specific context or an approved safe alias.
NAME_04408,robert sheninge,Robert Sheninge,1,Robert Sheninge,0,suggestion_only,Do not merge occurrences into one person without occurrence-specific context or an approved safe alias.
NAME_04409,robert shingleton,Robert Shingleton,2,Robert Shingleton,0,suggestion_only,Do not merge occurrences into one person without occurrence-specific context or an approved safe alias.
NAME_04410,robert smalley,Robert Smalley,2,Robert Smalley,0,suggestion_only,Do not merge occurrences into one person without occurrence-specific context or an approved safe alias.
NAME_04412,robert smyth,Robert Smyth,1,"Robert
Smyth",0,suggestion_only,Do not merge occurrences into one person without occurrence-specific context or an approved safe alias.
NAME_04413,robert somerseall,Robert Somerseall,2,M’ Robert Somerseall,0,suggestion_only,Do not merge occurrences into one person without occurrence-specific context or an approved safe alias.
NAME_04414,robert stacy,Robert Stacy,1,Mr. Robert Stacy,0,suggestion_only,Do not merge occurrences into one person without occurrence-specific context or an approved safe alias.
NAME_04415,robert staples,Robert Staples,1,M’ Robert Staples,0,suggestion_only,Do not merge occurrences into one person without occurrence-specific context or an approved safe alias.
NAME_04416,robert stith,Robert Stith,1,Robert Stith,0,suggestion_only,Do not merge occurrences into one person without occurrence-specific context or an approved safe alias.
NAME_04417,robert strutt,Robert Strutt,1,Robert Strutt,0,suggestion_only,Do not merge occurrences into one person without occurrence-specific context or an approved safe alias.
NAME_04418,robert sweet,Robert Sweet,1,"Robert
Sweet",0,suggestion_only,Do not merge occurrences into one person without occurrence-specific context or an approved safe alias.
NAME_04419,robert taylor,Robert Taylor,1,Robert Taylor,0,suggestion_only,Do not merge occurrences into one person without occurrence-specific context or an approved safe alias.
NAME_04420,robert thack,Robert Thack,1,Robert Thack,0,suggestion_only,Do not merge occurrences into one person without occurrence-specific context or an approved safe alias.
NAME_04421,robert thorneton,Robert Thorneton,1,Robert Thorneton,0,suggestion_only,Do not merge occurrences into one person without occurrence-specific context or an approved safe alias.
NAME_04422,robert thornton,Robert Thornton,2,Robert Thornton,0,suggestion_only,Do not merge occurrences into one person without occurrence-specific context or an approved safe alias.
NAME_04423,robert tyler,Robert Tyler,1,Robert Tyler,0,suggestion_only,Do not merge occurrences into one person without occurrence-specific context or an approved safe alias.
NAME_04424,robert wadson,Robert Wadson,2,Robert Wadson,0,suggestion_only,Do not merge occurrences into one person without occurrence-specific context or an approved safe alias.
NAME_04425,robert walden,Robert Walden,1,Robert Walden,0,suggestion_only,Do not merge occurrences into one person without occurrence-specific context or an approved safe alias.
NAME_04426,robert ward,Robert Ward,1,Robert Ward,0,suggestion_only,Do not merge occurrences into one person without occurrence-specific context or an approved safe alias.
NAME_04427,robert watson,Robert Watson,1,Robert Watson,0,suggestion_only,Do not merge occurrences into one person without occurrence-specific context or an approved safe alias.
NAME_04428,robert williams,Robert Williams,1,Robert Williams,0,suggestion_only,Do not merge occurrences into one person without occurrence-specific context or an approved safe alias.
NAME_04429,robert wroth,Robert Wroth,2,Robert Wroth | Sir Robert Wroth,0,suggestion_only,Do not merge occurrences into one person without occurrence-specific context or an approved safe alias.
NAME_04430,robert wrothe,Robert Wrothe,1,Sir Robert Wrothe,0,suggestion_only,Do not merge occurrences into one person without occurrence-specific context or an approved safe alias.
NAME_04431,robert yeoman,Robert Yeoman,1,Robert Yeoman,0,suggestion_only,Do not merge occurrences into one person without occurrence-specific context or an approved safe alias.
NAME_04432,robert. committee,Robert. Committee,1,"Sir Robert.
Committee",0,suggestion_only,Do not merge occurrences into one person without occurrence-specific context or an approved safe alias.
NAME_04433,robert. letter,Robert. Letter,1,"Sir Robert.
Letter",0,suggestion_only,Do not merge occurrences into one person without occurrence-specific context or an approved safe alias.
NAME_04434,roberte bell,Roberte Bell,1,Roberte Bell,0,suggestion_only,Do not merge occurrences into one person without occurrence-specific context or an approved safe alias.
NAME_04436,roberte killigrewe,Roberte Killigrewe,1,Sir Roberte Killigrewe,0,suggestion_only,Do not merge occurrences into one person without occurrence-specific context or an approved safe alias.
NAME_04437,roberto barker,Roberto Barker,1,Roberto Barker,0,suggestion_only,Do not merge occurrences into one person without occurrence-specific context or an approved safe alias.
NAME_04438,roberto bateman,Roberto Bateman,1,Roberto Bateman,0,suggestion_only,Do not merge occurrences into one person without occurrence-specific context or an approved safe alias.
NAME_04439,roberto berrisford,Roberto Berrisford,1,Roberto Berrisford,0,suggestion_only,Do not merge occurrences into one person without occurrence-specific context or an approved safe alias.
NAME_04440,roberto burgoyne,Roberto Burgoyne,1,Roberto Burgoyne,0,suggestion_only,Do not merge occurrences into one person without occurrence-specific context or an approved safe alias.
NAME_04441,roberto carey,Roberto Carey,1,Roberto Carey,0,suggestion_only,Do not merge occurrences into one person without occurrence-specific context or an approved safe alias.
NAME_04442,roberto chamberlayne,Roberto Chamberlayne,1,Roberto Chamberlayne,0,suggestion_only,Do not merge occurrences into one person without occurrence-specific context or an approved safe alias.
NAME_04443,roberto cookes,Roberto Cookes,1,Roberto Cookes,0,suggestion_only,Do not merge occurrences into one person without occurrence-specific context or an approved safe alias.
NAME_04444,roberto cooper,Roberto Cooper,1,Roberto Cooper,0,suggestion_only,Do not merge occurrences into one person without occurrence-specific context or an approved safe alias.
NAME_04445,roberto coppyn,Roberto Coppyn,1,Roberto Coppyn,0,suggestion_only,Do not merge occurrences into one person without occurrence-specific context or an approved safe alias.
NAME_04446,roberto druric,Roberto Druric,1,Roberto Druric,0,suggestion_only,Do not merge occurrences into one person without occurrence-specific context or an approved safe alias.
NAME_04447,roberto evelyn,Roberto Evelyn,1,Roberto Evelyn,0,suggestion_only,Do not merge occurrences into one person without occurrence-specific context or an approved safe alias.
NAME_04448,roberto hamore,Roberto Hamore,1,Roberto Hamore,0,suggestion_only,Do not merge occurrences into one person without occurrence-specific context or an approved safe alias.
NAME_04449,roberto hill,Roberto Hill,1,Roberto Hill,0,suggestion_only,Do not merge occurrences into one person without occurrence-specific context or an approved safe alias.
NAME_04450,roberto johnson,Roberto Johnson,3,"Roberto
Johnson | Roberto Johnson",0,suggestion_only,Do not merge occurrences into one person without occurrence-specific context or an approved safe alias.
NAME_04451,roberto killigrewe,Roberto Killigrewe,1,Roberto Killigrewe,0,suggestion_only,Do not merge occurrences into one person without occurrence-specific context or an approved safe alias.
NAME_04452,roberto mansell,Roberto Mansell,1,Roberto Mansell,0,suggestion_only,Do not merge occurrences into one person without occurrence-specific context or an approved safe alias.
NAME_04453,roberto middleton,Roberto Middleton,1,Roberto Middleton,0,suggestion_only,Do not merge occurrences into one person without occurrence-specific context or an approved safe alias.
NAME_04454,roberto mildmay,Roberto Mildmay,1,Roberto Mildmay,0,suggestion_only,Do not merge occurrences into one person without occurrence-specific context or an approved safe alias.
NAME_04455,roberto offley,Roberto Offley,1,Roberto Offley,0,suggestion_only,Do not merge occurrences into one person without occurrence-specific context or an approved safe alias.
NAME_04456,roberto parkhurst,Roberto Parkhurst,1,Roberto Parkhurst,0,suggestion_only,Do not merge occurrences into one person without occurrence-specific context or an approved safe alias.
NAME_04457,roberto payne,Roberto Payne,1,Roberto Payne,0,suggestion_only,Do not merge occurrences into one person without occurrence-specific context or an approved safe alias.
NAME_04458,roberto pennington,Roberto Pennington,1,Roberto Pennington,0,suggestion_only,Do not merge occurrences into one person without occurrence-specific context or an approved safe alias.
NAME_04459,roberto phillips,Roberto Phillips,1,Roberto Phillips,0,suggestion_only,Do not merge occurrences into one person without occurrence-specific context or an approved safe alias.
NAME_04460,roberto ritch,Roberto Ritch,1,Roberto Ritch,0,suggestion_only,Do not merge occurrences into one person without occurrence-specific context or an approved safe alias.
NAME_04461,roberto robinson,Roberto Robinson,1,Roberto Robinson,0,suggestion_only,Do not merge occurrences into one person without occurrence-specific context or an approved safe alias.
NAME_04462,roberto shingleton,Roberto Shingleton,1,Roberto Shingleton,0,suggestion_only,Do not merge occurrences into one person without occurrence-specific context or an approved safe alias.
NAME_04463,roberto smyth,Roberto Smyth,1,Roberto Smyth,0,suggestion_only,Do not merge occurrences into one person without occurrence-specific context or an approved safe alias.
NAME_04464,roberto thornton,Roberto Thornton,1,Roberto Thornton,0,suggestion_only,Do not merge occurrences into one person without occurrence-specific context or an approved safe alias.
NAME_04465,roberto wrothe,Roberto Wrothe,1,Roberto Wrothe,0,suggestion_only,Do not merge occurrences into one person without occurrence-specific context or an approved safe alias.
NAME_04466,roberts addition,Roberts Addition,1,m* Roberts Addition,0,suggestion_only,Do not merge occurrences into one person without occurrence-specific context or an approved safe alias.
NAME_04467,roberts hartley,Roberts Hartley,1,Roberts Hartley,0,suggestion_only,Do not merge occurrences into one person without occurrence-specific context or an approved safe alias.
NAME_04468,roberts junior,Roberts Junior,1,M' Roberts Junior,0,suggestion_only,Do not merge occurrences into one person without occurrence-specific context or an approved safe alias.
NAME_04469,robertus nilligrue,Robertus Nilligrue,1,Robertus Nilligrue,0,suggestion_only,Do not merge occurrences into one person without occurrence-specific context or an approved safe alias.
NAME_04470,roberté. s',Roberté. S',2,"m' Roberté.
S' | m'* Roberté.
S'",0,suggestion_only,Do not merge occurrences into one person without occurrence-specific context or an approved safe alias.
NAME_04471,robins m',Robins M',1,"M' Robins
M'",0,suggestion_only,Do not merge occurrences into one person without occurrence-specific context or an approved safe alias.
NAME_04472,robt alden,Robt Alden,1,M* Robt Alden,0,suggestion_only,Do not merge occurrences into one person without occurrence-specific context or an approved safe alias.
NAME_04473,robt bisaker,Robt Bisaker,3,Robt Bisaker,0,suggestion_only,Do not merge occurrences into one person without occurrence-specific context or an approved safe alias.
NAME_04474,robt browne,Robt Browne,1,Robt Browne,0,suggestion_only,Do not merge occurrences into one person without occurrence-specific context or an approved safe alias.
NAME_04475,robt bysaker,Robt Bysaker,1,Robt Bysaker,0,suggestion_only,Do not merge occurrences into one person without occurrence-specific context or an approved safe alias.
NAME_04476,robt chettenly,Robt Chettenly,1,Robt Chettenly,0,suggestion_only,Do not merge occurrences into one person without occurrence-specific context or an approved safe alias.
NAME_04477,robt drewrye,Robt Drewrye,1,Robt Drewrye,0,suggestion_only,Do not merge occurrences into one person without occurrence-specific context or an approved safe alias.
NAME_04478,robt earle,Robt Earle,2,Robt Earle,0,suggestion_only,Do not merge occurrences into one person without occurrence-specific context or an approved safe alias.
NAME_04479,robt hall,Robt Hall,1,Robt Hall,0,suggestion_only,Do not merge occurrences into one person without occurrence-specific context or an approved safe alias.
NAME_04480,robt iohnson,Robt Iohnson,1,Robt Iohnson,0,suggestion_only,Do not merge occurrences into one person without occurrence-specific context or an approved safe alias.
NAME_04481,robt jhonson,Robt JHONSON,1,Robt JHONSON,0,suggestion_only,Do not merge occurrences into one person without occurrence-specific context or an approved safe alias.
NAME_04482,robt johnson,Robt Johnson,1,Robt Johnson,0,suggestion_only,Do not merge occurrences into one person without occurrence-specific context or an approved safe alias.
NAME_04483,robt killigrewe,Robt Killigrewe,1,Robt Killigrewe,0,suggestion_only,Do not merge occurrences into one person without occurrence-specific context or an approved safe alias.
NAME_04484,robt killigrue,Robt Killigrue,1,Robt Killigrue,0,suggestion_only,Do not merge occurrences into one person without occurrence-specific context or an approved safe alias.
NAME_04485,robt lawford,Robt Lawford,1,Robt Lawford,0,suggestion_only,Do not merge occurrences into one person without occurrence-specific context or an approved safe alias.
NAME_04486,robt mansfeild,Robt Mansfeild,1,Robt Mansfeild,0,suggestion_only,Do not merge occurrences into one person without occurrence-specific context or an approved safe alias.
NAME_04487,robt maunsell,Robt Maunsell,1,Robt Maunsell,0,suggestion_only,Do not merge occurrences into one person without occurrence-specific context or an approved safe alias.
NAME_04488,robt moston,Robt Moston,1,Robt Moston,0,suggestion_only,Do not merge occurrences into one person without occurrence-specific context or an approved safe alias.
NAME_04489,robt offley,Robt Offley,2,m’ Robt Offley,0,suggestion_only,Do not merge occurrences into one person without occurrence-specific context or an approved safe alias.
NAME_04490,robt oldisworth,Robt Oldisworth,4,Robt Oldisworth,0,suggestion_only,Do not merge occurrences into one person without occurrence-specific context or an approved safe alias.
NAME_04491,robt pawlet,Robt Pawlet,2,Robt Pawlet,0,suggestion_only,Do not merge occurrences into one person without occurrence-specific context or an approved safe alias.
NAME_04492,robt richy,Robt Richy,1,Robt Richy,0,suggestion_only,Do not merge occurrences into one person without occurrence-specific context or an approved safe alias.
NAME_04494,robt smithiewcs,Robt Smithiewcs,1,Robt Smithiewcs,0,suggestion_only,Do not merge occurrences into one person without occurrence-specific context or an approved safe alias.
NAME_04495,robt smyth,Robt Smyth,1,Robt Smyth,0,suggestion_only,Do not merge occurrences into one person without occurrence-specific context or an approved safe alias.
NAME_04496,robt wayneman,Robt Wayneman,1,Robt Wayneman,0,suggestion_only,Do not merge occurrences into one person without occurrence-specific context or an approved safe alias.
NAME_04497,robt. moston,Robt. Moston,1,m’ Robt. Moston,0,suggestion_only,Do not merge occurrences into one person without occurrence-specific context or an approved safe alias.
NAME_04498,robt. offley,Robt. Offley,1,m' Robt. Offley,0,suggestion_only,Do not merge occurrences into one person without occurrence-specific context or an approved safe alias.
NAME_04499,robte oldisworth,Robte Oldisworth,1,Robte Oldisworth,0,suggestion_only,Do not merge occurrences into one person without occurrence-specific context or an approved safe alias.
NAME_04500,robte poole,Robte Poole,2,Robte Poole,0,suggestion_only,Do not merge occurrences into one person without occurrence-specific context or an approved safe alias.
NAME_04502,rob’ smith,Rob’ Smith,2,m* Rob’ Smith,0,suggestion_only,Do not merge occurrences into one person without occurrence-specific context or an approved safe alias.
NAME_04503,rocrr smitn,Rocrr Smitn,1,Rocrr Smitn,0,suggestion_only,Do not merge occurrences into one person without occurrence-specific context or an approved safe alias.
NAME_04504,roger asion,Roger Asion,1,Sir Roger Asion,0,suggestion_only,Do not merge occurrences into one person without occurrence-specific context or an approved safe alias.
NAME_04505,roger aston,Roger Aston,1,Sir Roger Aston,0,suggestion_only,Do not merge occurrences into one person without occurrence-specific context or an approved safe alias.
NAME_04506,roger castle,Roger Castle,2,m’ Roger Castle,0,suggestion_only,Do not merge occurrences into one person without occurrence-specific context or an approved safe alias.
NAME_04507,roger dauid,Roger Dauid,1,Roger Dauid,0,suggestion_only,Do not merge occurrences into one person without occurrence-specific context or an approved safe alias.
NAME_04508,roger dytecces,Roger Dytecces,1,Roger Dytecces,0,suggestion_only,Do not merge occurrences into one person without occurrence-specific context or an approved safe alias.
NAME_04509,roger fabwood,Roger Fabwood,1,Roger Fabwood,0,suggestion_only,Do not merge occurrences into one person without occurrence-specific context or an approved safe alias.
NAME_04510,roger harris,Roger Harris,1,Roger Harris,0,suggestion_only,Do not merge occurrences into one person without occurrence-specific context or an approved safe alias.
NAME_04511,roger james,Roger James,2,Roger James,0,suggestion_only,Do not merge occurrences into one person without occurrence-specific context or an approved safe alias.
NAME_04512,roger linsey,Roger Linsey,1,Roger Linsey,0,suggestion_only,Do not merge occurrences into one person without occurrence-specific context or an approved safe alias.
NAME_04513,roger linzey,Roger Linzey,1,Roger Linzey,0,suggestion_only,Do not merge occurrences into one person without occurrence-specific context or an approved safe alias.
NAME_04514,roger royal,Roger Royal,2,Roger Royal,0,suggestion_only,Do not merge occurrences into one person without occurrence-specific context or an approved safe alias.
NAME_04515,roger sarru,Roger Sarru,2,Capt Roger Sarru,0,suggestion_only,Do not merge occurrences into one person without occurrence-specific context or an approved safe alias.
NAME_04517,roger siri,RoGer Siri,2,RoGer Siri | Roger Siri,0,suggestion_only,Do not merge occurrences into one person without occurrence-specific context or an approved safe alias.
NAME_04518,roger sith,Roger Sith,1,Capt Roger Sith,0,suggestion_only,Do not merge occurrences into one person without occurrence-specific context or an approved safe alias.
NAME_04519,roger smit,Roger Smit,1,Roger Smit,0,suggestion_only,Do not merge occurrences into one person without occurrence-specific context or an approved safe alias.
NAME_04520,roger smita,Roger Smita,1,Roger Smita,0,suggestion_only,Do not merge occurrences into one person without occurrence-specific context or an approved safe alias.
NAME_04522,roger smithe,RoGER SMITHE,1,RoGER SMITHE,0,suggestion_only,Do not merge occurrences into one person without occurrence-specific context or an approved safe alias.
NAME_04523,roger smiths,Roger Smiths,1,M' Roger Smiths,0,suggestion_only,Do not merge occurrences into one person without occurrence-specific context or an approved safe alias.
NAME_04524,roger smyth,Roger Smyth,7,"Capt
Roger Smyth | Capt Roger Smyth | Roger Smyth",0,suggestion_only,Do not merge occurrences into one person without occurrence-specific context or an approved safe alias.
NAME_04525,roger surri,Roger Surri,1,Roger Surri,0,suggestion_only,Do not merge occurrences into one person without occurrence-specific context or an approved safe alias.
NAME_04526,roger twisdell,Roger Twisdell,1,Roger Twisdell,0,suggestion_only,Do not merge occurrences into one person without occurrence-specific context or an approved safe alias.
NAME_04527,roger twisden,Roger Twisden,4,Roger Twisden,0,suggestion_only,Do not merge occurrences into one person without occurrence-specific context or an approved safe alias.
NAME_04528,rogero aston,Rogero Aston,1,Rogero Aston,0,suggestion_only,Do not merge occurrences into one person without occurrence-specific context or an approved safe alias.
NAME_04529,rogers iunior,Rogers Iunior,2,m* Rogers Iunior | m’ Rogers Iunior,0,suggestion_only,Do not merge occurrences into one person without occurrence-specific context or an approved safe alias.
NAME_04530,rogert byna,Rogert Byna,1,Rogert Byna,0,suggestion_only,Do not merge occurrences into one person without occurrence-specific context or an approved safe alias.
NAME_04531,rogert pawlett,Rogert PAwLett,1,Rogert PAwLett,0,suggestion_only,Do not merge occurrences into one person without occurrence-specific context or an approved safe alias.
NAME_04532,rohert bennett,Rohert Bennett,1,Rohert Bennett,0,suggestion_only,Do not merge occurrences into one person without occurrence-specific context or an approved safe alias.
NAME_04533,rohert coastable,Rohert Coastable,1,M* Rohert Coastable,0,suggestion_only,Do not merge occurrences into one person without occurrence-specific context or an approved safe alias.
NAME_04534,rohertus mansell,Rohertus Mansell,1,Rohertus Mansell,0,suggestion_only,Do not merge occurrences into one person without occurrence-specific context or an approved safe alias.
NAME_04535,roht nudson,Roht Nudson,1,Roht Nudson,0,suggestion_only,Do not merge occurrences into one person without occurrence-specific context or an approved safe alias.
NAME_04539,ronoake powsatan,Ronoake Powsatan,1,Ronoake Powsatan,0,suggestion_only,Do not merge occurrences into one person without occurrence-specific context or an approved safe alias.
NAME_04540,ropert coopy,Ropert Coopy,1,Ropert Coopy,0,suggestion_only,Do not merge occurrences into one person without occurrence-specific context or an approved safe alias.
NAME_04541,ropert guyar,Ropert Guyar,2,Ropert Guyar,0,suggestion_only,Do not merge occurrences into one person without occurrence-specific context or an approved safe alias.
NAME_04542,ropert joakley,Ropert JoAKLEY,1,Ropert JoAKLEY,0,suggestion_only,Do not merge occurrences into one person without occurrence-specific context or an approved safe alias.
NAME_04543,ropert johnson,Ropert JOHNSON,2,Ropert JOHNSON,0,suggestion_only,Do not merge occurrences into one person without occurrence-specific context or an approved safe alias.
NAME_04544,ropert naunron,Ropert Naunron,2,Sir Ropert Naunron,0,suggestion_only,Do not merge occurrences into one person without occurrence-specific context or an approved safe alias.
NAME_04545,roserr addams,Roserr ADDAMS,1,Roserr ADDAMS,0,suggestion_only,Do not merge occurrences into one person without occurrence-specific context or an approved safe alias.
NAME_04546,roserrt newtanp,Roserrt Newtanp,1,Roserrt Newtanp,0,suggestion_only,Do not merge occurrences into one person without occurrence-specific context or an approved safe alias.
NAME_04547,rosert bennet,Rosert BENNET,1,Rosert BENNET,0,suggestion_only,Do not merge occurrences into one person without occurrence-specific context or an approved safe alias.
NAME_04548,rosert bennetr,Rosert Bennetr,1,Rosert Bennetr,0,suggestion_only,Do not merge occurrences into one person without occurrence-specific context or an approved safe alias.
NAME_04549,rosert bryne,Rosert Bryne,1,Rosert Bryne,0,suggestion_only,Do not merge occurrences into one person without occurrence-specific context or an approved safe alias.
NAME_04550,rosert guyar,Rosert Guyar,1,Rosert Guyar,0,suggestion_only,Do not merge occurrences into one person without occurrence-specific context or an approved safe alias.
NAME_04551,rospert benger,Rospert Benger,1,Rospert Benger,0,suggestion_only,Do not merge occurrences into one person without occurrence-specific context or an approved safe alias.
NAME_04552,rospert pootz,Rospert Pootz,1,Rospert Pootz,0,suggestion_only,Do not merge occurrences into one person without occurrence-specific context or an approved safe alias.
NAME_04553,rostingham. and,Rostingham. And,1,M’ Rostingham. And,0,suggestion_only,Do not merge occurrences into one person without occurrence-specific context or an approved safe alias.
NAME_04554,rotr cur,Rotr Cur,1,Rotr Cur,0,suggestion_only,Do not merge occurrences into one person without occurrence-specific context or an approved safe alias.
NAME_04555,rouen norrs,Rouen Norrs,1,Rouen Norrs,0,suggestion_only,Do not merge occurrences into one person without occurrence-specific context or an approved safe alias.
NAME_04556,rovan drarr,Rovan Drarr,1,Rovan Drarr,0,suggestion_only,Do not merge occurrences into one person without occurrence-specific context or an approved safe alias.
NAME_04557,rovcu drarr,Rovcu Drarr,1,Rovcu Drarr,0,suggestion_only,Do not merge occurrences into one person without occurrence-specific context or an approved safe alias.
NAME_04558,rove nores,Rove Nores,1,Rove Nores,0,suggestion_only,Do not merge occurrences into one person without occurrence-specific context or an approved safe alias.
NAME_04559,roveu drart,Roveu Drart,1,Roveu Drart,0,suggestion_only,Do not merge occurrences into one person without occurrence-specific context or an approved safe alias.
NAME_04560,rowland cotton,Rowland Cotton,1,"Sir Rowland
Cotton",0,suggestion_only,Do not merge occurrences into one person without occurrence-specific context or an approved safe alias.
NAME_04561,rowland trueloue,Rowland Trueloue,1,Master Rowland Trueloue,0,suggestion_only,Do not merge occurrences into one person without occurrence-specific context or an approved safe alias.
NAME_04562,rowley dawsey,Rowley Dawsey,1,Rowley Dawsey,0,suggestion_only,Do not merge occurrences into one person without occurrence-specific context or an approved safe alias.
NAME_04567,russe.u’s projeect,Russe.u’s PRoJeEcT,1,Mr. Russe.u’s PRoJeEcT,0,suggestion_only,Do not merge occurrences into one person without occurrence-specific context or an approved safe alias.
NAME_04568,s antho,S Antho,1,S Antho,0,suggestion_only,Do not merge occurrences into one person without occurrence-specific context or an approved safe alias.
NAME_04569,s e.,S E.,1,S E,0,suggestion_only,Do not merge occurrences into one person without occurrence-specific context or an approved safe alias.
NAME_04570,s ed,S Ed,1,S Ed,0,suggestion_only,Do not merge occurrences into one person without occurrence-specific context or an approved safe alias.
NAME_04571,s edmond,S Edmond,1,S Edmond,0,suggestion_only,Do not merge occurrences into one person without occurrence-specific context or an approved safe alias.
NAME_04572,s geo,S Geo,1,S Geo,0,suggestion_only,Do not merge occurrences into one person without occurrence-specific context or an approved safe alias.
NAME_04573,s henry,S Henry,1,S Henry,0,suggestion_only,Do not merge occurrences into one person without occurrence-specific context or an approved safe alias.
NAME_04574,s john,S John,2,S John,0,suggestion_only,Do not merge occurrences into one person without occurrence-specific context or an approved safe alias.
NAME_04575,s kdw,S Kdw,1,S Kdw,0,suggestion_only,Do not merge occurrences into one person without occurrence-specific context or an approved safe alias.
NAME_04576,s lawrence,S Lawrence,1,S Lawrence,0,suggestion_only,Do not merge occurrences into one person without occurrence-specific context or an approved safe alias.
NAME_04577,s sam,S Sam,1,S Sam,0,suggestion_only,Do not merge occurrences into one person without occurrence-specific context or an approved safe alias.
NAME_04578,s t.,S T.,1,S T,0,suggestion_only,Do not merge occurrences into one person without occurrence-specific context or an approved safe alias.
NAME_04579,s thomas,S Thomas,1,S Thomas,0,suggestion_only,Do not merge occurrences into one person without occurrence-specific context or an approved safe alias.
NAME_04580,s walter,S Walter,1,S Walter,0,suggestion_only,Do not merge occurrences into one person without occurrence-specific context or an approved safe alias.
NAME_04581,s wiltm,S Wiltm,1,S Wiltm,0,suggestion_only,Do not merge occurrences into one person without occurrence-specific context or an approved safe alias.
NAME_04582,s' jhon,S' Jhon,1,S' Jhon,0,suggestion_only,Do not merge occurrences into one person without occurrence-specific context or an approved safe alias.
NAME_04583,s' thomas,S' Thomas,1,m’ S' Thomas,0,suggestion_only,Do not merge occurrences into one person without occurrence-specific context or an approved safe alias.
NAME_04585,s'lawr hyde,S'Lawr Hyde,1,S'Lawr Hyde,0,suggestion_only,Do not merge occurrences into one person without occurrence-specific context or an approved safe alias.
NAME_04587,s. argoll.,S. Argoll.,1,Capt. S. Argoll,0,suggestion_only,Do not merge occurrences into one person without occurrence-specific context or an approved safe alias.
NAME_04588,s. augustine,S. Augustine,1,S. Augustine,0,suggestion_only,Do not merge occurrences into one person without occurrence-specific context or an approved safe alias.
NAME_04589,s. martin’s,S. Martin’s,1,S. Martin’s,0,suggestion_only,Do not merge occurrences into one person without occurrence-specific context or an approved safe alias.
NAME_04590,sackuile concerninge,Sackuile Concerninge,1,Sackuile Concerninge,0,suggestion_only,Do not merge occurrences into one person without occurrence-specific context or an approved safe alias.
NAME_04599,sam sandis,Sam Sandis,2,Sam Sandis,0,suggestion_only,Do not merge occurrences into one person without occurrence-specific context or an approved safe alias.
NAME_04600,sam trotman,Sam Trotman,1,Sam Trotman,0,suggestion_only,Do not merge occurrences into one person without occurrence-specific context or an approved safe alias.
NAME_04601,sam wrore,Sam Wrore,2,m' Sam Wrore,0,suggestion_only,Do not merge occurrences into one person without occurrence-specific context or an approved safe alias.
NAME_04603,sammes kn,Sammes Kn,1,Sammes Kn,0,suggestion_only,Do not merge occurrences into one person without occurrence-specific context or an approved safe alias.
NAME_04604,samson leonard,Samson Leonard,1,Sir Samson Leonard,0,suggestion_only,Do not merge occurrences into one person without occurrence-specific context or an approved safe alias.
NAME_04605,samubl sandys,SAMUBL SANDYS,1,Sir SAMUBL SANDYS,0,suggestion_only,Do not merge occurrences into one person without occurrence-specific context or an approved safe alias.
NAME_04610,samuel basse,Samuel Basse,1,Samuel Basse,0,suggestion_only,Do not merge occurrences into one person without occurrence-specific context or an approved safe alias.
NAME_04611,samuel burnand,Samuel Burnand,1,Samuel Burnand,0,suggestion_only,Do not merge occurrences into one person without occurrence-specific context or an approved safe alias.
NAME_04612,samuel burnham,Samuel Burnham,1,Samuel Burnham,0,suggestion_only,Do not merge occurrences into one person without occurrence-specific context or an approved safe alias.
NAME_04613,samuel butta-,Samuel Butta-,1,Samuel Butta-,0,suggestion_only,Do not merge occurrences into one person without occurrence-specific context or an approved safe alias.
NAME_04614,samuel goodwine,Samuel Goodwine,1,Samuel Goodwine,0,suggestion_only,Do not merge occurrences into one person without occurrence-specific context or an approved safe alias.
NAME_04615,samuel iarret,Samuel Iarret,1,Samuel Iarret,0,suggestion_only,Do not merge occurrences into one person without occurrence-specific context or an approved safe alias.
NAME_04616,samuel jordan,Samuel Jordan,2,Samuel Jordan,0,suggestion_only,Do not merge occurrences into one person without occurrence-specific context or an approved safe alias.
NAME_04617,samuel leonard,Samuel Leonard,3,Samuel Leonard | Sir Samuel Leonard,0,suggestion_only,Do not merge occurrences into one person without occurrence-specific context or an approved safe alias.
NAME_04618,samuel macock,Samuel Macock,1,Capt. Samuel Macock,0,suggestion_only,Do not merge occurrences into one person without occurrence-specific context or an approved safe alias.
NAME_04619,samuel macocke,Samuel Macocke,1,M' Samuel Macocke,0,suggestion_only,Do not merge occurrences into one person without occurrence-specific context or an approved safe alias.
NAME_04620,samuel reeue,Samuel Reeue,1,Samuel Reeue,0,suggestion_only,Do not merge occurrences into one person without occurrence-specific context or an approved safe alias.
NAME_04622,samuel sandys.......--,Samuel Sandys.......--,1,Sir Samuel Sandys.......--,0,suggestion_only,Do not merge occurrences into one person without occurrence-specific context or an approved safe alias.
NAME_04623,samuel sharp,Samuel Sharp,1,Samuel Sharp,0,suggestion_only,Do not merge occurrences into one person without occurrence-specific context or an approved safe alias.
NAME_04624,samuel sharpe,Samuel Sharpe,2,Samuel Sharpe,0,suggestion_only,Do not merge occurrences into one person without occurrence-specific context or an approved safe alias.
NAME_04625,samuel smyth,Samuel Smyth,2,Samuel Smyth,0,suggestion_only,Do not merge occurrences into one person without occurrence-specific context or an approved safe alias.
NAME_04626,samuel stringer,Samuel Stringer,1,Samuel Stringer,0,suggestion_only,Do not merge occurrences into one person without occurrence-specific context or an approved safe alias.
NAME_04628,samueli burnand,Samueli Burnand,1,Samueli Burnand,0,suggestion_only,Do not merge occurrences into one person without occurrence-specific context or an approved safe alias.
NAME_04629,samueli sandis,Samueli Sandis,1,Samueli Sandis,0,suggestion_only,Do not merge occurrences into one person without occurrence-specific context or an approved safe alias.
NAME_04630,samueli smyth,Samueli Smyth,1,Samueli Smyth,0,suggestion_only,Do not merge occurrences into one person without occurrence-specific context or an approved safe alias.
NAME_04634,samuell burneham,Samuell Burneham,1,Samuell Burneham,0,suggestion_only,Do not merge occurrences into one person without occurrence-specific context or an approved safe alias.
NAME_04635,samuell coopy,Samuell Coopy,2,Samuell Coopy,0,suggestion_only,Do not merge occurrences into one person without occurrence-specific context or an approved safe alias.
NAME_04636,samuell holliland,Samuell Holliland,1,Samuell Holliland,0,suggestion_only,Do not merge occurrences into one person without occurrence-specific context or an approved safe alias.
NAME_04637,samuell jarrett,Samuell Jarrett,1,Samuell Jarrett,0,suggestion_only,Do not merge occurrences into one person without occurrence-specific context or an approved safe alias.
NAME_04638,samuell jourdes,Samuell Jourdes,1,"Samuell
Jourdes",0,suggestion_only,Do not merge occurrences into one person without occurrence-specific context or an approved safe alias.
NAME_04639,samuell macockes,Samuell Macockes,1,M' Samuell Macockes,0,suggestion_only,Do not merge occurrences into one person without occurrence-specific context or an approved safe alias.
NAME_04640,samuell mathews,SAMUELL MaTHEws,4,"CapTaIN SAMUELL MaTHEws | Capt Samuell
Mathews | Capt Samuell Mathews",0,suggestion_only,Do not merge occurrences into one person without occurrence-specific context or an approved safe alias.
NAME_04641,samuell sandys,Samuell Sandys,2,Samuell Sandys,0,suggestion_only,Do not merge occurrences into one person without occurrence-specific context or an approved safe alias.
NAME_04642,samuell seaward,Samuell Seaward,1,M’ Samuell Seaward,0,suggestion_only,Do not merge occurrences into one person without occurrence-specific context or an approved safe alias.
NAME_04643,samuell stringer,Samuell Stringer,1,Samuell Stringer,0,suggestion_only,Do not merge occurrences into one person without occurrence-specific context or an approved safe alias.
NAME_04644,samuell tubman,Samuell Tubman,1,Samuell Tubman,0,suggestion_only,Do not merge occurrences into one person without occurrence-specific context or an approved safe alias.
NAME_04645,samuell wrore,SaMUELL Wrore,1,SaMUELL Wrore,0,suggestion_only,Do not merge occurrences into one person without occurrence-specific context or an approved safe alias.
NAME_04648,sancti benedicti,Sancti Benedicti,1,Sancti Benedicti,0,suggestion_only,Do not merge occurrences into one person without occurrence-specific context or an approved safe alias.
NAME_04649,sancti michaclis,Sancti Michaclis,1,Sancti Michaclis,0,suggestion_only,Do not merge occurrences into one person without occurrence-specific context or an approved safe alias.
NAME_04651,sandis iuf,Sandis Iuf,1,Sandis Iuf,0,suggestion_only,Do not merge occurrences into one person without occurrence-specific context or an approved safe alias.
NAME_04652,sandis kn,Sandis Kn,1,Sandis Kn,0,suggestion_only,Do not merge occurrences into one person without occurrence-specific context or an approved safe alias.
NAME_04653,sandis webb,Sandis Webb,1,Sandis Webb,0,suggestion_only,Do not merge occurrences into one person without occurrence-specific context or an approved safe alias.
NAME_04654,sandis webh,Sandis Webh,1,Sandis Webh,0,suggestion_only,Do not merge occurrences into one person without occurrence-specific context or an approved safe alias.
NAME_04655,sandys ac,Sandys Ac,1,Sandys Ac,0,suggestion_only,Do not merge occurrences into one person without occurrence-specific context or an approved safe alias.
NAME_04656,sandys kn,Sandys Kn,1,Sandys Kn,0,suggestion_only,Do not merge occurrences into one person without occurrence-specific context or an approved safe alias.
NAME_04657,sandys knight,Sandys Knight,2,Sandys Knight,0,suggestion_only,Do not merge occurrences into one person without occurrence-specific context or an approved safe alias.
NAME_04658,sandys st,Sandys St,1,Sandys St,0,suggestion_only,Do not merge occurrences into one person without occurrence-specific context or an approved safe alias.
NAME_04659,sandys thier,Sandys Thier,1,Sandys Thier,0,suggestion_only,Do not merge occurrences into one person without occurrence-specific context or an approved safe alias.
NAME_04660,saneti hillarii,Saneti Hillarii,1,Saneti Hillarii,0,suggestion_only,Do not merge occurrences into one person without occurrence-specific context or an approved safe alias.
NAME_04663,saund’s plantaéon,Saund’s Plantaéon,1,Capt Saund’s Plantaéon,0,suggestion_only,Do not merge occurrences into one person without occurrence-specific context or an approved safe alias.
NAME_04664,scefreedomofcom- molasco,SceFreedomofcom- Molasco,1,SceFreedomofcom- Molasco,0,suggestion_only,Do not merge occurrences into one person without occurrence-specific context or an approved safe alias.
NAME_04665,se bishops,Se Bishops,1,Se Bishops,0,suggestion_only,Do not merge occurrences into one person without occurrence-specific context or an approved safe alias.
NAME_04666,se edlawairet,Se Edlawairet,1,Se Edlawairet,0,suggestion_only,Do not merge occurrences into one person without occurrence-specific context or an approved safe alias.
NAME_04667,se gtlnt,Se Gtlnt,1,Se Gtlnt,0,suggestion_only,Do not merge occurrences into one person without occurrence-specific context or an approved safe alias.
NAME_04669,se thomas,Se THomas,1,Se THomas,0,suggestion_only,Do not merge occurrences into one person without occurrence-specific context or an approved safe alias.
NAME_04675,seaward s',Seaward S',1,"m* Seaward
S'",0,suggestion_only,Do not merge occurrences into one person without occurrence-specific context or an approved safe alias.
NAME_04678,secret caluert,Secret Caluert,1,"m’ Secret
Caluert",0,suggestion_only,Do not merge occurrences into one person without occurrence-specific context or an approved safe alias.
NAME_04680,secretarie caluert.,Secretarie Caluert.,1,Mr Secretarie Caluert,0,suggestion_only,Do not merge occurrences into one person without occurrence-specific context or an approved safe alias.
NAME_04682,secretarie dauison,Secretarie Dauison,1,"m* Secretarie
Dauison",0,suggestion_only,Do not merge occurrences into one person without occurrence-specific context or an approved safe alias.
NAME_04685,secretary caluerts,Secretary Caluerts,2,m* Secretary Caluerts | m’ Secretary Caluerts,0,suggestion_only,Do not merge occurrences into one person without occurrence-specific context or an approved safe alias.
NAME_04687,secretary conway,Secretary Conway,1,"M' Secretary
Conway",0,suggestion_only,Do not merge occurrences into one person without occurrence-specific context or an approved safe alias.
NAME_04688,secretary dauison,Secretary Dauison,3,m’ Secretary Dauison,0,suggestion_only,Do not merge occurrences into one person without occurrence-specific context or an approved safe alias.
NAME_04689,secretary naunton,Secretary Naunton,2,m' Secretary Naunton | m’ Secretary Naunton,0,suggestion_only,Do not merge occurrences into one person without occurrence-specific context or an approved safe alias.
NAME_04691,secré caluert.,Secré Caluert.,1,m* Secré Caluert,0,suggestion_only,Do not merge occurrences into one person without occurrence-specific context or an approved safe alias.
NAME_04692,secré dauison,Secré Dauison,3,"m* Secré
Dauison | m* Secré Dauison | m’ Secré Dauison",0,suggestion_only,Do not merge occurrences into one person without occurrence-specific context or an approved safe alias.
NAME_04693,sed verificacionem,Sed Verificacionem,1,Sed Verificacionem,0,suggestion_only,Do not merge occurrences into one person without occurrence-specific context or an approved safe alias.
NAME_04694,seow alte,Seow Alte,1,Seow Alte,0,suggestion_only,Do not merge occurrences into one person without occurrence-specific context or an approved safe alias.
NAME_04696,sere sto,Sere Sto,1,Sere Sto,0,suggestion_only,Do not merge occurrences into one person without occurrence-specific context or an approved safe alias.
NAME_04698,serieant john,Serieant John,1,Serieant John,0,suggestion_only,Do not merge occurrences into one person without occurrence-specific context or an approved safe alias.
NAME_04700,shares newporte,Shares Newporte,1,Shares Newporte,0,suggestion_only,Do not merge occurrences into one person without occurrence-specific context or an approved safe alias.
NAME_04701,sheffeild. earle,Sheffeild. Earle,1,"Lord Sheffeild.
Earle",0,suggestion_only,Do not merge occurrences into one person without occurrence-specific context or an approved safe alias.
NAME_04702,sheffeild. s’,Sheffeild. S’,1,Lord Sheffeild. S’,0,suggestion_only,Do not merge occurrences into one person without occurrence-specific context or an approved safe alias.
NAME_04703,sheffeld. the,Sheffeld. The,1,"Lord Sheffeld.
The",0,suggestion_only,Do not merge occurrences into one person without occurrence-specific context or an approved safe alias.
NAME_04704,sheiffeild. d',Sheiffeild. D',1,Sheiffeild. D',0,suggestion_only,Do not merge occurrences into one person without occurrence-specific context or an approved safe alias.
NAME_04705,shen ai,Shen Ai,1,Shen Ai,0,suggestion_only,Do not merge occurrences into one person without occurrence-specific context or an approved safe alias.
NAME_04706,sheriffe bailiffe,Sheriffe Bailiffe,1,Sheriffe Bailiffe,0,suggestion_only,Do not merge occurrences into one person without occurrence-specific context or an approved safe alias.
NAME_04708,shinhow swinhow,Shinhow Swinhow,1,Shinhow Swinhow,0,suggestion_only,Do not merge occurrences into one person without occurrence-specific context or an approved safe alias.
NAME_04712,shipton. iohn,Shipton. Iohn,1,"m' Shipton.
Iohn",0,suggestion_only,Do not merge occurrences into one person without occurrence-specific context or an approved safe alias.
NAME_04714,si mccoy,Si Mccoy,1,Si Mccoy,0,suggestion_only,Do not merge occurrences into one person without occurrence-specific context or an approved safe alias.
NAME_04715,si sandys,Si Sandys,1,Si Sandys,0,suggestion_only,Do not merge occurrences into one person without occurrence-specific context or an approved safe alias.
NAME_04716,si wet,Si Wet,1,Si Wet,0,suggestion_only,Do not merge occurrences into one person without occurrence-specific context or an approved safe alias.
NAME_04717,sic john,Sic John,1,Sic John,0,suggestion_only,Do not merge occurrences into one person without occurrence-specific context or an approved safe alias.
NAME_04718,sie dots,Sie Dots,1,Sie Dots,0,suggestion_only,Do not merge occurrences into one person without occurrence-specific context or an approved safe alias.
NAME_04719,sie howry,Sie Howry,1,Sie Howry,0,suggestion_only,Do not merge occurrences into one person without occurrence-specific context or an approved safe alias.
NAME_04720,sie thomas,Sie Thomas,1,Sie Thomas,0,suggestion_only,Do not merge occurrences into one person without occurrence-specific context or an approved safe alias.
NAME_04723,silke coddes,Silke Coddes,1,Silke Coddes,0,suggestion_only,Do not merge occurrences into one person without occurrence-specific context or an approved safe alias.
NAME_04724,silkewrasse henipe,Silkewrasse Henipe,1,Silkewrasse Henipe,0,suggestion_only,Do not merge occurrences into one person without occurrence-specific context or an approved safe alias.
NAME_04726,sim francis,Sim Francis,1,Sim Francis,0,suggestion_only,Do not merge occurrences into one person without occurrence-specific context or an approved safe alias.
NAME_04727,sim grorck,Sim Grorck,1,Sim Grorck,0,suggestion_only,Do not merge occurrences into one person without occurrence-specific context or an approved safe alias.
NAME_04728,sim narnaxten,Sim Narnaxten,1,Sim Narnaxten,0,suggestion_only,Do not merge occurrences into one person without occurrence-specific context or an approved safe alias.
NAME_04729,sim nathanrec,Sim NatHanrec,1,Sim NatHanrec,0,suggestion_only,Do not merge occurrences into one person without occurrence-specific context or an approved safe alias.
NAME_04730,simon leeke,Simon Leeke,2,Captaine Simon Leeke,0,suggestion_only,Do not merge occurrences into one person without occurrence-specific context or an approved safe alias.
NAME_04731,simon yeoman,Simon Yeoman,1,Simon Yeoman,0,suggestion_only,Do not merge occurrences into one person without occurrence-specific context or an approved safe alias.
NAME_04732,simon yeomans,Simon Yeomans,1,Simon Yeomans,0,suggestion_only,Do not merge occurrences into one person without occurrence-specific context or an approved safe alias.
NAME_04733,simon yeomons,Simon Yeomons,1,Simon Yeomons,0,suggestion_only,Do not merge occurrences into one person without occurrence-specific context or an approved safe alias.
NAME_04734,simoni yeomans,Simoni Yeomans,1,Simoni Yeomans,0,suggestion_only,Do not merge occurrences into one person without occurrence-specific context or an approved safe alias.
NAME_04735,sin walter,Sin Walter,1,"Captaine
Sin Walter",0,suggestion_only,Do not merge occurrences into one person without occurrence-specific context or an approved safe alias.
NAME_04736,sir george,Sir George,1,governor Sir George,0,suggestion_only,Do not merge occurrences into one person without occurrence-specific context or an approved safe alias.
NAME_04737,sirarthur herrisin,SirArthur Herrisin,1,SirArthur Herrisin,0,suggestion_only,Do not merge occurrences into one person without occurrence-specific context or an approved safe alias.
NAME_04738,sirk joun,Sirk Joun,1,Sirk Joun,0,suggestion_only,Do not merge occurrences into one person without occurrence-specific context or an approved safe alias.
NAME_04740,sixe shillinges,Sixe Shillinges,1,Sixe Shillinges,0,suggestion_only,Do not merge occurrences into one person without occurrence-specific context or an approved safe alias.
NAME_04741,siz francis,Siz Francis,1,Siz Francis,0,suggestion_only,Do not merge occurrences into one person without occurrence-specific context or an approved safe alias.
NAME_04743,sm georct,Sm Georct,1,Sm Georct,0,suggestion_only,Do not merge occurrences into one person without occurrence-specific context or an approved safe alias.
NAME_04744,sm thomas,Sm Thomas,1,Sm Thomas,0,suggestion_only,Do not merge occurrences into one person without occurrence-specific context or an approved safe alias.
NAME_04746,smith accompt,Smith Accompt,1,Smith Accompt,0,suggestion_only,Do not merge occurrences into one person without occurrence-specific context or an approved safe alias.
NAME_04747,smith jo,Smith Jo,1,Smith Jo,0,suggestion_only,Do not merge occurrences into one person without occurrence-specific context or an approved safe alias.
NAME_04748,smith. d',Smith. D',1,"m* Smith.
D'",0,suggestion_only,Do not merge occurrences into one person without occurrence-specific context or an approved safe alias.
NAME_04749,smiths accounpte,Smiths Accounpte,1,Smiths Accounpte,0,suggestion_only,Do not merge occurrences into one person without occurrence-specific context or an approved safe alias.
NAME_04750,smiths mocon,Smiths Mocon,1,Smiths Mocon,0,suggestion_only,Do not merge occurrences into one person without occurrence-specific context or an approved safe alias.
NAME_04751,smmythe jo,SmMyTHE Jo,1,SmMyTHE Jo,0,suggestion_only,Do not merge occurrences into one person without occurrence-specific context or an approved safe alias.
NAME_04752,smyth alderm,Smyth Alderm,1,Smyth Alderm,0,suggestion_only,Do not merge occurrences into one person without occurrence-specific context or an approved safe alias.
NAME_04753,smyth. of,Smyth. Of,1,"m* Smyth.
Of",0,suggestion_only,Do not merge occurrences into one person without occurrence-specific context or an approved safe alias.
NAME_04754,smyths hand,Smyths Hand,1,Smyths Hand,0,suggestion_only,Do not merge occurrences into one person without occurrence-specific context or an approved safe alias.
NAME_04756,sniam diffinitivam,Sniam Diffinitivam,1,Sniam Diffinitivam,0,suggestion_only,Do not merge occurrences into one person without occurrence-specific context or an approved safe alias.
NAME_04757,sniea diffine,Sniea Diffine,1,Sniea Diffine,0,suggestion_only,Do not merge occurrences into one person without occurrence-specific context or an approved safe alias.
NAME_04759,soifier tlands,Soifier Tlands,1,Soifier Tlands,0,suggestion_only,Do not merge occurrences into one person without occurrence-specific context or an approved safe alias.
NAME_04765,somerscales pattent,Somerscales Pattent,1,M' Somerscales Pattent,0,suggestion_only,Do not merge occurrences into one person without occurrence-specific context or an approved safe alias.
NAME_04766,sonn whittakers,Sonn Whittakers,1,Sonn Whittakers,0,suggestion_only,Do not merge occurrences into one person without occurrence-specific context or an approved safe alias.
NAME_04770,souecrainge charles,Souecrainge Charles,1,Souecrainge Charles,0,suggestion_only,Do not merge occurrences into one person without occurrence-specific context or an approved safe alias.
NAME_04771,soueraigne l,Soueraigne L,1,Soueraigne L,0,suggestion_only,Do not merge occurrences into one person without occurrence-specific context or an approved safe alias.
NAME_04773,southampton governour,Southampton Governour,1,Southampton Governour,0,suggestion_only,Do not merge occurrences into one person without occurrence-specific context or an approved safe alias.
NAME_04774,southampton hund,Southampton Hund,1,Southampton Hund,0,suggestion_only,Do not merge occurrences into one person without occurrence-specific context or an approved safe alias.
NAME_04775,southampton mt,Southampton Mt,1,Southampton Mt,0,suggestion_only,Do not merge occurrences into one person without occurrence-specific context or an approved safe alias.
NAME_04776,southampton thier,Southampton Thier,1,Southampton Thier,0,suggestion_only,Do not merge occurrences into one person without occurrence-specific context or an approved safe alias.
NAME_04777,southampton. s’,Southampton. S’,1,"Southampton.
S’",0,suggestion_only,Do not merge occurrences into one person without occurrence-specific context or an approved safe alias.
NAME_04778,southampton. the,Southampton. The,1,"Southampton.
The",0,suggestion_only,Do not merge occurrences into one person without occurrence-specific context or an approved safe alias.
NAME_04779,southamptons account,Southamptons Account,1,"Southamptons
Account",0,suggestion_only,Do not merge occurrences into one person without occurrence-specific context or an approved safe alias.
NAME_04784,sparrowe. s',Sparrowe. S',1,"m' Sparrowe.
S'",0,suggestion_only,Do not merge occurrences into one person without occurrence-specific context or an approved safe alias.
NAME_04786,spencer tohn,Spencer Tohn,1,"Lord Spencer
Tohn",0,suggestion_only,Do not merge occurrences into one person without occurrence-specific context or an approved safe alias.
NAME_04787,spiller said,Spiller Said,1,Spiller Said,0,suggestion_only,Do not merge occurrences into one person without occurrence-specific context or an approved safe alias.
NAME_04788,sr edwin,Sr Edwin,1,Sr Edwin,0,suggestion_only,Do not merge occurrences into one person without occurrence-specific context or an approved safe alias.
NAME_04789,sr grore,Sr Grore,1,Sr Grore,0,suggestion_only,Do not merge occurrences into one person without occurrence-specific context or an approved safe alias.
NAME_04790,sr john,Sr John,1,Sr John,0,suggestion_only,Do not merge occurrences into one person without occurrence-specific context or an approved safe alias.
NAME_04791,sr thomas,Sr Thomas,3,Sr Thomas,0,suggestion_only,Do not merge occurrences into one person without occurrence-specific context or an approved safe alias.
NAME_04792,sr tuomas,Sr Tuomas,1,Sr Tuomas,0,suggestion_only,Do not merge occurrences into one person without occurrence-specific context or an approved safe alias.
NAME_04793,sr wiltim,Sr Wiltim,1,Sr Wiltim,0,suggestion_only,Do not merge occurrences into one person without occurrence-specific context or an approved safe alias.
NAME_04794,ss sine,Ss Sine,1,Ss Sine,0,suggestion_only,Do not merge occurrences into one person without occurrence-specific context or an approved safe alias.
NAME_04796,st antho,St Antho,1,St Antho,0,suggestion_only,Do not merge occurrences into one person without occurrence-specific context or an approved safe alias.
NAME_04797,st augustine,St Augustine,1,St Augustine,0,suggestion_only,Do not merge occurrences into one person without occurrence-specific context or an approved safe alias.
NAME_04798,st bd,St Bd,1,St Bd,0,suggestion_only,Do not merge occurrences into one person without occurrence-specific context or an approved safe alias.
NAME_04799,st dudley,St Dudley,1,St Dudley,0,suggestion_only,Do not merge occurrences into one person without occurrence-specific context or an approved safe alias.
NAME_04800,st e.,St E.,3,St E,0,suggestion_only,Do not merge occurrences into one person without occurrence-specific context or an approved safe alias.
NAME_04801,st eawin,St Eawin,1,St Eawin,0,suggestion_only,Do not merge occurrences into one person without occurrence-specific context or an approved safe alias.
NAME_04802,st ed,St Ed,2,St Ed,0,suggestion_only,Do not merge occurrences into one person without occurrence-specific context or an approved safe alias.
NAME_04803,st edmund,St Edmund,1,St Edmund,0,suggestion_only,Do not merge occurrences into one person without occurrence-specific context or an approved safe alias.
NAME_04804,st edw,St Edw,4,St Edw,0,suggestion_only,Do not merge occurrences into one person without occurrence-specific context or an approved safe alias.
NAME_04805,st edward,St Edward,8,St Edward,0,suggestion_only,Do not merge occurrences into one person without occurrence-specific context or an approved safe alias.
NAME_04806,st edwin,St Edwin,7,St Edwin,0,suggestion_only,Do not merge occurrences into one person without occurrence-specific context or an approved safe alias.
NAME_04807,st edwine,St Edwine,1,St Edwine,0,suggestion_only,Do not merge occurrences into one person without occurrence-specific context or an approved safe alias.
NAME_04808,st epwin,St Epwin,1,St Epwin,0,suggestion_only,Do not merge occurrences into one person without occurrence-specific context or an approved safe alias.
NAME_04809,st ferdinando,St Ferdinando,1,St Ferdinando,0,suggestion_only,Do not merge occurrences into one person without occurrence-specific context or an approved safe alias.
NAME_04810,st francis,St Francis,5,St Francis,0,suggestion_only,Do not merge occurrences into one person without occurrence-specific context or an approved safe alias.
NAME_04811,st g.,St G.,2,St G,0,suggestion_only,Do not merge occurrences into one person without occurrence-specific context or an approved safe alias.
NAME_04812,st george,St George,10,St George,0,suggestion_only,Do not merge occurrences into one person without occurrence-specific context or an approved safe alias.
NAME_04813,st henry,St Henry,3,St Henry,0,suggestion_only,Do not merge occurrences into one person without occurrence-specific context or an approved safe alias.
NAME_04814,st iohn,St Iohn,5,St Iohn,0,suggestion_only,Do not merge occurrences into one person without occurrence-specific context or an approved safe alias.
NAME_04815,st jhon,St Jhon,1,St Jhon,0,suggestion_only,Do not merge occurrences into one person without occurrence-specific context or an approved safe alias.
NAME_04816,st jo,St Jo,1,St Jo,0,suggestion_only,Do not merge occurrences into one person without occurrence-specific context or an approved safe alias.
NAME_04817,st john,St John,12,St John,0,suggestion_only,Do not merge occurrences into one person without occurrence-specific context or an approved safe alias.
NAME_04818,st michaci,St Michaci,1,St Michaci,0,suggestion_only,Do not merge occurrences into one person without occurrence-specific context or an approved safe alias.
NAME_04819,st michaell,St Michaell,2,St Michaell,0,suggestion_only,Do not merge occurrences into one person without occurrence-specific context or an approved safe alias.
NAME_04820,st nath,St Nath,1,St Nath,0,suggestion_only,Do not merge occurrences into one person without occurrence-specific context or an approved safe alias.
NAME_04821,st phillip,St Phillip,2,St Phillip,0,suggestion_only,Do not merge occurrences into one person without occurrence-specific context or an approved safe alias.
NAME_04822,st rich,St Rich,1,St Rich,0,suggestion_only,Do not merge occurrences into one person without occurrence-specific context or an approved safe alias.
NAME_04823,st richard,St Richard,1,St Richard,0,suggestion_only,Do not merge occurrences into one person without occurrence-specific context or an approved safe alias.
NAME_04824,st robert,St Robert,2,St Robert,0,suggestion_only,Do not merge occurrences into one person without occurrence-specific context or an approved safe alias.
NAME_04825,st robt,St Robt,2,St Robt,0,suggestion_only,Do not merge occurrences into one person without occurrence-specific context or an approved safe alias.
NAME_04826,st rohit,St Rohit,1,St Rohit,0,suggestion_only,Do not merge occurrences into one person without occurrence-specific context or an approved safe alias.
NAME_04827,st sam,St Sam,1,St Sam,0,suggestion_only,Do not merge occurrences into one person without occurrence-specific context or an approved safe alias.
NAME_04828,st samuell,St Samuell,3,St Samuell,0,suggestion_only,Do not merge occurrences into one person without occurrence-specific context or an approved safe alias.
NAME_04829,st t,St T,1,St T,0,suggestion_only,Do not merge occurrences into one person without occurrence-specific context or an approved safe alias.
NAME_04830,st t.,St T.,1,St T,0,suggestion_only,Do not merge occurrences into one person without occurrence-specific context or an approved safe alias.
NAME_04831,st th,St Th,1,St Th,0,suggestion_only,Do not merge occurrences into one person without occurrence-specific context or an approved safe alias.
NAME_04832,st tho,St Tho,7,St Tho,0,suggestion_only,Do not merge occurrences into one person without occurrence-specific context or an approved safe alias.
NAME_04833,st thomas,St Thomas,26,"St
Thomas | St Thomas",0,suggestion_only,Do not merge occurrences into one person without occurrence-specific context or an approved safe alias.
NAME_04834,st w,St W,1,"St
W",0,suggestion_only,Do not merge occurrences into one person without occurrence-specific context or an approved safe alias.
NAME_04835,st w.,St W.,1,St W,0,suggestion_only,Do not merge occurrences into one person without occurrence-specific context or an approved safe alias.
NAME_04836,st willia,St Willia,1,St Willia,0,suggestion_only,Do not merge occurrences into one person without occurrence-specific context or an approved safe alias.
NAME_04837,st william,St William,3,St William,0,suggestion_only,Do not merge occurrences into one person without occurrence-specific context or an approved safe alias.
NAME_04838,st willm,St Willm,4,St Willm,0,suggestion_only,Do not merge occurrences into one person without occurrence-specific context or an approved safe alias.
NAME_04839,st wiltm,St Wiltm,2,St Wiltm,0,suggestion_only,Do not merge occurrences into one person without occurrence-specific context or an approved safe alias.
NAME_04840,st wittm,St Wittm,1,St Wittm,0,suggestion_only,Do not merge occurrences into one person without occurrence-specific context or an approved safe alias.
NAME_04841,st. augustine,St. Augustine,1,St. Augustine,0,suggestion_only,Do not merge occurrences into one person without occurrence-specific context or an approved safe alias.
NAME_04842,st. bowyer,St. Bowyer,1,St. Bowyer,0,suggestion_only,Do not merge occurrences into one person without occurrence-specific context or an approved safe alias.
NAME_04843,staples minister,Staples Minister,1,M’ Staples Minister,0,suggestion_only,Do not merge occurrences into one person without occurrence-specific context or an approved safe alias.
NAME_04846,stephano biddlesdon,Stephano Biddlesdon,1,Stephano Biddlesdon,0,suggestion_only,Do not merge occurrences into one person without occurrence-specific context or an approved safe alias.
NAME_04847,stephen biddlesdon,Stephen Biddlesdon,1,"Sir Stephen
Biddlesdon",0,suggestion_only,Do not merge occurrences into one person without occurrence-specific context or an approved safe alias.
NAME_04848,stephen collier,Stephen Collier,1,Stephen Collier,0,suggestion_only,Do not merge occurrences into one person without occurrence-specific context or an approved safe alias.
NAME_04849,stephen dowle,Stephen Dowle,1,Stephen Dowle,0,suggestion_only,Do not merge occurrences into one person without occurrence-specific context or an approved safe alias.
NAME_04850,stephen dubo,Stephen Dubo,1,Stephen Dubo,0,suggestion_only,Do not merge occurrences into one person without occurrence-specific context or an approved safe alias.
NAME_04851,stephen gingby,Stephen Gingby,1,Stephen Gingby,0,suggestion_only,Do not merge occurrences into one person without occurrence-specific context or an approved safe alias.
NAME_04852,stephen paynter,Stephen Paynter,1,Stephen Paynter,0,suggestion_only,Do not merge occurrences into one person without occurrence-specific context or an approved safe alias.
NAME_04853,stephen poole,Stephen Poole,1,Sir Stephen Poole,0,suggestion_only,Do not merge occurrences into one person without occurrence-specific context or an approved safe alias.
NAME_04854,stephen powle,Stephen Powle,1,Sir Stephen Powle,0,suggestion_only,Do not merge occurrences into one person without occurrence-specific context or an approved safe alias.
NAME_04855,stephen riddleson,Stephen Riddleson,1,Stephen Riddleson,0,suggestion_only,Do not merge occurrences into one person without occurrence-specific context or an approved safe alias.
NAME_04856,stephen somes,Stephen Somes,1,"Sir Stephen
Somes",0,suggestion_only,Do not merge occurrences into one person without occurrence-specific context or an approved safe alias.
NAME_04857,stephen sparrow,Stephen Sparrow,5,M’ Stephen Sparrow | Stephen Sparrow,0,suggestion_only,Do not merge occurrences into one person without occurrence-specific context or an approved safe alias.
NAME_04858,stephen sparrowe,Stephen Sparrowe,2,Stephen Sparrowe,0,suggestion_only,Do not merge occurrences into one person without occurrence-specific context or an approved safe alias.
NAME_04859,stephen sparrowes,Stephen Sparrowes,1,Stephen Sparrowes,0,suggestion_only,Do not merge occurrences into one person without occurrence-specific context or an approved safe alias.
NAME_04860,stephen titties,Stephen Titties,1,Stephen Titties,0,suggestion_only,Do not merge occurrences into one person without occurrence-specific context or an approved safe alias.
NAME_04861,stephen torfet,Stephen Torfet,1,Stephen Torfet,0,suggestion_only,Do not merge occurrences into one person without occurrence-specific context or an approved safe alias.
NAME_04862,stephn sparrow,Stephn Sparrow,1,Stephn Sparrow,0,suggestion_only,Do not merge occurrences into one person without occurrence-specific context or an approved safe alias.
NAME_04863,steuen goad,Steuen Goad,1,Steuen Goad,0,suggestion_only,Do not merge occurrences into one person without occurrence-specific context or an approved safe alias.
NAME_04864,steuen some,Steuen Some,2,Sir Steuen Some,0,suggestion_only,Do not merge occurrences into one person without occurrence-specific context or an approved safe alias.
NAME_04865,steven sad,Steven Sad,1,Steven Sad,0,suggestion_only,Do not merge occurrences into one person without occurrence-specific context or an approved safe alias.
NAME_04866,steward m',Steward M',1,M' Steward M',0,suggestion_only,Do not merge occurrences into one person without occurrence-specific context or an approved safe alias.
NAME_04869,str epwin,Str Epwin,2,Str Epwin,0,suggestion_only,Do not merge occurrences into one person without occurrence-specific context or an approved safe alias.
NAME_04870,str francis,Str Francis,2,Str Francis,0,suggestion_only,Do not merge occurrences into one person without occurrence-specific context or an approved safe alias.
NAME_04871,str george,Str George,1,Str George,0,suggestion_only,Do not merge occurrences into one person without occurrence-specific context or an approved safe alias.
NAME_04872,str greorce,Str Greorce,1,Str Greorce,0,suggestion_only,Do not merge occurrences into one person without occurrence-specific context or an approved safe alias.
NAME_04873,str grorcr,Str Grorcr,1,Str Grorcr,0,suggestion_only,Do not merge occurrences into one person without occurrence-specific context or an approved safe alias.
NAME_04874,str natuante,Str Natuante,1,Str Natuante,0,suggestion_only,Do not merge occurrences into one person without occurrence-specific context or an approved safe alias.
NAME_04875,str thomas,Str THomas,2,Str THomas,0,suggestion_only,Do not merge occurrences into one person without occurrence-specific context or an approved safe alias.
NAME_04876,str toomas,Str Toomas,1,Str Toomas,0,suggestion_only,Do not merge occurrences into one person without occurrence-specific context or an approved safe alias.
NAME_04877,str tuomas,Str Tuomas,1,Str Tuomas,0,suggestion_only,Do not merge occurrences into one person without occurrence-specific context or an approved safe alias.
NAME_04878,stratford bowe,Stratford Bowe,1,Stratford Bowe,0,suggestion_only,Do not merge occurrences into one person without occurrence-specific context or an approved safe alias.
NAME_04879,sue feed,Sue Feed,1,Sue Feed,0,suggestion_only,Do not merge occurrences into one person without occurrence-specific context or an approved safe alias.
NAME_04883,suger canes,Suger Canes,1,Suger Canes,0,suggestion_only,Do not merge occurrences into one person without occurrence-specific context or an approved safe alias.
NAME_04891,suo virginiae,Suo Virginiae,2,Suo Virginiae,0,suggestion_only,Do not merge occurrences into one person without occurrence-specific context or an approved safe alias.
NAME_04892,supreame counsells,Supreame Counsells,1,Supreame Counsells,0,suggestion_only,Do not merge occurrences into one person without occurrence-specific context or an approved safe alias.
NAME_04893,sur edward,Sur Edward,1,Sur Edward,0,suggestion_only,Do not merge occurrences into one person without occurrence-specific context or an approved safe alias.
NAME_04894,susan hamond,Susan Hamond,2,Susan Hamond,0,suggestion_only,Do not merge occurrences into one person without occurrence-specific context or an approved safe alias.
NAME_04895,suv willian,Suv Willian,1,Suv Willian,0,suggestion_only,Do not merge occurrences into one person without occurrence-specific context or an approved safe alias.
NAME_04896,swann m’,Swann M’,1,M’ Swann M’,0,suggestion_only,Do not merge occurrences into one person without occurrence-specific context or an approved safe alias.
NAME_04898,swinhoe. cap’,Swinhoe. Cap’,1,"m’ Swinhoe.
Cap’",0,suggestion_only,Do not merge occurrences into one person without occurrence-specific context or an approved safe alias.
NAME_04899,swinhowe. s',Swinhowe. S',2,"m* Swinhowe.
S' | m’ Swinhowe.
S'",0,suggestion_only,Do not merge occurrences into one person without occurrence-specific context or an approved safe alias.
NAME_04900,sydrac soan,Sydrac Soan,1,Sydrac Soan,0,suggestion_only,Do not merge occurrences into one person without occurrence-specific context or an approved safe alias.
NAME_04901,symon blow,Symon Blow,1,Symon Blow,0,suggestion_only,Do not merge occurrences into one person without occurrence-specific context or an approved safe alias.
NAME_04902,symon leake,Symon Leake,1,Symon Leake,0,suggestion_only,Do not merge occurrences into one person without occurrence-specific context or an approved safe alias.
NAME_04903,symon leeke,Symon Leeke,1,Capt Symon Leeke,0,suggestion_only,Do not merge occurrences into one person without occurrence-specific context or an approved safe alias.
NAME_04904,symon tutchin,Symon Tutchin,1,Symon Tutchin,0,suggestion_only,Do not merge occurrences into one person without occurrence-specific context or an approved safe alias.
NAME_04905,syruss johnson,Syruss Johnson,1,Syruss Johnson,0,suggestion_only,Do not merge occurrences into one person without occurrence-specific context or an approved safe alias.
NAME_04906,sysley jordan,Sysley Jordan,1,Sysley Jordan,0,suggestion_only,Do not merge occurrences into one person without occurrence-specific context or an approved safe alias.
NAME_04907,s’ iohn,S’ Iohn,1,S’ Iohn,0,suggestion_only,Do not merge occurrences into one person without occurrence-specific context or an approved safe alias.
NAME_04908,t. ro,T. Ro,1,T. Ro,0,suggestion_only,Do not merge occurrences into one person without occurrence-specific context or an approved safe alias.
NAME_04909,t. smith,T. Smith,2,Sir T. Smith,0,suggestion_only,Do not merge occurrences into one person without occurrence-specific context or an approved safe alias.
NAME_04912,tames berblock,Tames Berblock,1,m’ Tames Berblock,0,suggestion_only,Do not merge occurrences into one person without occurrence-specific context or an approved safe alias.
NAME_04913,tames boate,Tames Boate,1,Tames Boate,0,suggestion_only,Do not merge occurrences into one person without occurrence-specific context or an approved safe alias.
NAME_04914,tames bryerley,Tames Bryerley,1,Tames Bryerley,0,suggestion_only,Do not merge occurrences into one person without occurrence-specific context or an approved safe alias.
NAME_04915,tames cambell,Tames Cambell,1,Tames Cambell,0,suggestion_only,Do not merge occurrences into one person without occurrence-specific context or an approved safe alias.
NAME_04916,tames carter,Tames Carter,1,Tames Carter,0,suggestion_only,Do not merge occurrences into one person without occurrence-specific context or an approved safe alias.
NAME_04917,tames faulkoner,Tames Faulkoner,1,Tames Faulkoner,0,suggestion_only,Do not merge occurrences into one person without occurrence-specific context or an approved safe alias.
NAME_04918,tames meddus,Tames Meddus,2,Doctor Tames Meddus,0,suggestion_only,Do not merge occurrences into one person without occurrence-specific context or an approved safe alias.
NAME_04919,tames rex,Tames Rex,2,Tames Rex,0,suggestion_only,Do not merge occurrences into one person without occurrence-specific context or an approved safe alias.
NAME_04920,tames swift,Tames Swift,1,Tames Swift,0,suggestion_only,Do not merge occurrences into one person without occurrence-specific context or an approved safe alias.
NAME_04921,tames vpfall,Tames Vpfall,1,Tames Vpfall,0,suggestion_only,Do not merge occurrences into one person without occurrence-specific context or an approved safe alias.
NAME_04922,tames white,Tames White,1,Tames White,0,suggestion_only,Do not merge occurrences into one person without occurrence-specific context or an approved safe alias.
NAME_04923,tames woodshaw,Tames Woodshaw,1,Tames Woodshaw,0,suggestion_only,Do not merge occurrences into one person without occurrence-specific context or an approved safe alias.
NAME_04924,tane glouer,Tane Glouer,1,Tane Glouer,0,suggestion_only,Do not merge occurrences into one person without occurrence-specific context or an approved safe alias.
NAME_04925,tanx weyonaques,Tanx Weyonaques,1,Tanx Weyonaques,0,suggestion_only,Do not merge occurrences into one person without occurrence-specific context or an approved safe alias.
NAME_04926,tedder robert,Tedder Robert,1,Tedder Robert,0,suggestion_only,Do not merge occurrences into one person without occurrence-specific context or an approved safe alias.
NAME_04927,tedder roberts,Tedder Roberts,1,Tedder Roberts,0,suggestion_only,Do not merge occurrences into one person without occurrence-specific context or an approved safe alias.
NAME_04928,tees gee,Tees Gee,1,Tees Gee,0,suggestion_only,Do not merge occurrences into one person without occurrence-specific context or an approved safe alias.
NAME_04929,temperance baylie,Temperance Baylie,1,Temperance Baylie,0,suggestion_only,Do not merge occurrences into one person without occurrence-specific context or an approved safe alias.
NAME_04930,ten0 cb,Ten0 Cb,1,Ten0 Cb,0,suggestion_only,Do not merge occurrences into one person without occurrence-specific context or an approved safe alias.
NAME_04931,tenn tuns,Tenn Tuns,1,Tenn Tuns,0,suggestion_only,Do not merge occurrences into one person without occurrence-specific context or an approved safe alias.
NAME_04932,tenry viscount,Tenry Viscount,1,Tenry Viscount,0,suggestion_only,Do not merge occurrences into one person without occurrence-specific context or an approved safe alias.
NAME_04933,teonue wrens,Teonue Wrens,1,Teonue Wrens,0,suggestion_only,Do not merge occurrences into one person without occurrence-specific context or an approved safe alias.
NAME_04934,teremy lampin,Teremy Lampin,1,Teremy Lampin,0,suggestion_only,Do not merge occurrences into one person without occurrence-specific context or an approved safe alias.
NAME_04936,teste edw,Teste Edw,1,Teste Edw,0,suggestion_only,Do not merge occurrences into one person without occurrence-specific context or an approved safe alias.
NAME_04937,teste henrico,Teste Henrico,1,Teste Henrico,0,suggestion_only,Do not merge occurrences into one person without occurrence-specific context or an approved safe alias.
NAME_04938,teste wt,Teste Wt,1,Teste Wt,0,suggestion_only,Do not merge occurrences into one person without occurrence-specific context or an approved safe alias.
NAME_04939,thaier mr’,Thaier Mr’,1,M* Thaier Mr’,0,suggestion_only,Do not merge occurrences into one person without occurrence-specific context or an approved safe alias.
NAME_04946,thefrer. d,Thefrer. D,1,m’ Thefrer. D,0,suggestion_only,Do not merge occurrences into one person without occurrence-specific context or an approved safe alias.
NAME_04947,theire coneeptiones,Theire Coneeptiones,1,Theire Coneeptiones,0,suggestion_only,Do not merge occurrences into one person without occurrence-specific context or an approved safe alias.
NAME_04948,theis sheires,Theis Sheires,1,Theis Sheires,0,suggestion_only,Do not merge occurrences into one person without occurrence-specific context or an approved safe alias.
NAME_04949,theodore wadsworth,Theodore Wadsworth,4,"Theodore
Wadsworth | Theodore Wadsworth",0,suggestion_only,Do not merge occurrences into one person without occurrence-specific context or an approved safe alias.
NAME_04950,theophilus howard,Theophilus Howard,2,"Lord Theophilus
Howard | Theophilus Howard",0,suggestion_only,Do not merge occurrences into one person without occurrence-specific context or an approved safe alias.
NAME_04953,thfers com-,Thfers Com-,1,Mr. Thfers Com-,0,suggestion_only,Do not merge occurrences into one person without occurrence-specific context or an approved safe alias.
NAME_04955,thier. cap,Thier. Cap,1,m’* Thier. Cap,0,suggestion_only,Do not merge occurrences into one person without occurrence-specific context or an approved safe alias.
NAME_04956,thier. s',Thier. S',1,"m’ Thier.
S'",0,suggestion_only,Do not merge occurrences into one person without occurrence-specific context or an approved safe alias.
NAME_04958,tho collett,Tho Collett,1,Tho Collett,0,suggestion_only,Do not merge occurrences into one person without occurrence-specific context or an approved safe alias.
NAME_04960,tho gibbe,Tho Gibbe,1,m' Tho Gibbe,0,suggestion_only,Do not merge occurrences into one person without occurrence-specific context or an approved safe alias.
NAME_04961,tho gibbs,Tho Gibbs,2,m' Tho Gibbs,0,suggestion_only,Do not merge occurrences into one person without occurrence-specific context or an approved safe alias.
NAME_04962,tho gibbé,Tho Gibbé,2,m' Tho Gibbé,0,suggestion_only,Do not merge occurrences into one person without occurrence-specific context or an approved safe alias.
NAME_04963,tho harris,Tho Harris,1,Tho Harris,0,suggestion_only,Do not merge occurrences into one person without occurrence-specific context or an approved safe alias.
NAME_04964,tho keatley,Tho Keatley,2,m’ Tho Keatley,0,suggestion_only,Do not merge occurrences into one person without occurrence-specific context or an approved safe alias.
NAME_04965,tho keightley,Tho Keightley,1,m’ Tho Keightley,0,suggestion_only,Do not merge occurrences into one person without occurrence-specific context or an approved safe alias.
NAME_04966,tho norincott,Tho Norincott,1,Tho Norincott,0,suggestion_only,Do not merge occurrences into one person without occurrence-specific context or an approved safe alias.
NAME_04967,tho shippard,Tho Shippard,1,m* Tho Shippard,0,suggestion_only,Do not merge occurrences into one person without occurrence-specific context or an approved safe alias.
NAME_04968,tho waterhowse,Tho Waterhowse,2,m’ Tho Waterhowse,0,suggestion_only,Do not merge occurrences into one person without occurrence-specific context or an approved safe alias.
NAME_04969,tho wells,Tho Wells,1,Tho Wells,0,suggestion_only,Do not merge occurrences into one person without occurrence-specific context or an approved safe alias.
NAME_04970,tho wroths,Tho Wroths,1,Tho Wroths,0,suggestion_only,Do not merge occurrences into one person without occurrence-specific context or an approved safe alias.
NAME_04971,tho. fanshaw,Tho. Fanshaw,1,M* Tho. Fanshaw,0,suggestion_only,Do not merge occurrences into one person without occurrence-specific context or an approved safe alias.
NAME_04972,tho. mildmaye,Tho. Mildmaye,1,Sir Tho. Mildmaye,0,suggestion_only,Do not merge occurrences into one person without occurrence-specific context or an approved safe alias.
NAME_04973,tho. smith,Tho. Smith,1,Sir Tho. Smith,0,suggestion_only,Do not merge occurrences into one person without occurrence-specific context or an approved safe alias.
NAME_04974,thoffis wheatly,Thoffis Wheatly,1,M* Thoffis Wheatly,0,suggestion_only,Do not merge occurrences into one person without occurrence-specific context or an approved safe alias.
NAME_04975,thofiis scott,Thofiis Scott,1,Thofiis Scott,0,suggestion_only,Do not merge occurrences into one person without occurrence-specific context or an approved safe alias.
NAME_04976,thoimas mildmaye,Thoimas Mildmaye,1,"Sir Thoimas
Mildmaye",0,suggestion_only,Do not merge occurrences into one person without occurrence-specific context or an approved safe alias.
NAME_04977,thoinas cannon,Thoinas Cannon,1,Thoinas Cannon,0,suggestion_only,Do not merge occurrences into one person without occurrence-specific context or an approved safe alias.
NAME_04978,thoinas winston,Thoinas Winston,1,Thoinas Winston,0,suggestion_only,Do not merge occurrences into one person without occurrence-specific context or an approved safe alias.
NAME_04979,thoitis newton,Thoitis Newton,1,Thoitis Newton,0,suggestion_only,Do not merge occurrences into one person without occurrence-specific context or an approved safe alias.
NAME_04980,thom iones,Thom Iones,1,Thom Iones,0,suggestion_only,Do not merge occurrences into one person without occurrence-specific context or an approved safe alias.
NAME_04981,thomam coventrye,Thomam Coventrye,1,Thomam Coventrye,0,suggestion_only,Do not merge occurrences into one person without occurrence-specific context or an approved safe alias.
NAME_04982,thomam kiteley,Thomam Kiteley,1,Thomam Kiteley,0,suggestion_only,Do not merge occurrences into one person without occurrence-specific context or an approved safe alias.
NAME_04983,thomam shepheard,Thomam Shepheard,1,Thomam Shepheard,0,suggestion_only,Do not merge occurrences into one person without occurrence-specific context or an approved safe alias.
NAME_04984,thomam smyth,Thomam Smyth,1,Thomam Smyth,0,suggestion_only,Do not merge occurrences into one person without occurrence-specific context or an approved safe alias.
NAME_04985,thomam wheatley,Thomam Wheatley,1,Thomam Wheatley,0,suggestion_only,Do not merge occurrences into one person without occurrence-specific context or an approved safe alias.
NAME_04986,thomam whextley,Thomam Whextley,1,Thomam Whextley,0,suggestion_only,Do not merge occurrences into one person without occurrence-specific context or an approved safe alias.
NAME_04987,thomam winston,Thomam Winston,1,Thomam Winston,0,suggestion_only,Do not merge occurrences into one person without occurrence-specific context or an approved safe alias.
NAME_04988,thomam witeley,Thomam Witeley,1,Thomam Witeley,0,suggestion_only,Do not merge occurrences into one person without occurrence-specific context or an approved safe alias.
NAME_04989,thomas addison,Thomas Addison,1,"Thomas
Addison",0,suggestion_only,Do not merge occurrences into one person without occurrence-specific context or an approved safe alias.
NAME_04990,thomas adison,Thomas Adison,1,Thomas Adison,0,suggestion_only,Do not merge occurrences into one person without occurrence-specific context or an approved safe alias.
NAME_04991,thomas aleocke,Thomas Aleocke,1,Thomas Aleocke,0,suggestion_only,Do not merge occurrences into one person without occurrence-specific context or an approved safe alias.
NAME_04992,thomas allen,Thomas Allen,3,Thomas Allen,0,suggestion_only,Do not merge occurrences into one person without occurrence-specific context or an approved safe alias.
NAME_04993,thomas alredge,Thomas Alredge,1,Thomas Alredge,0,suggestion_only,Do not merge occurrences into one person without occurrence-specific context or an approved safe alias.
NAME_04994,thomas ap-richard,Thomas Ap-Richard,1,Thomas Ap-Richard,0,suggestion_only,Do not merge occurrences into one person without occurrence-specific context or an approved safe alias.
NAME_04995,thomas ayres,Thomas Ayres,1,Thomas Ayres,0,suggestion_only,Do not merge occurrences into one person without occurrence-specific context or an approved safe alias.
NAME_04996,thomas bacon,Thomas Bacon,1,Thomas Bacon,0,suggestion_only,Do not merge occurrences into one person without occurrence-specific context or an approved safe alias.
NAME_04997,thomas baker.,Thomas Baker.,1,Thomas Baker,0,suggestion_only,Do not merge occurrences into one person without occurrence-specific context or an approved safe alias.
NAME_04998,thomas barber,Thomas Barber,2,Thomas Barber,0,suggestion_only,Do not merge occurrences into one person without occurrence-specific context or an approved safe alias.
NAME_04999,thomas bargrauc,Thomas Bargrauc,1,Master Thomas Bargrauc,0,suggestion_only,Do not merge occurrences into one person without occurrence-specific context or an approved safe alias.
NAME_05000,thomas bates,Thomas Bates,2,"Sir
Thomas Bates | Sir Thomas Bates",0,suggestion_only,Do not merge occurrences into one person without occurrence-specific context or an approved safe alias.
NAME_05001,thomas bathurst,Thomas Bathurst,1,Thomas Bathurst,0,suggestion_only,Do not merge occurrences into one person without occurrence-specific context or an approved safe alias.
NAME_05002,thomas bats,Thomas Bats,1,Thomas Bats,0,suggestion_only,Do not merge occurrences into one person without occurrence-specific context or an approved safe alias.
NAME_05003,thomas baugh,Thomas Baugh,3,Thomas Baugh,0,suggestion_only,Do not merge occurrences into one person without occurrence-specific context or an approved safe alias.
NAME_05004,thomas baughe,Thomas Baughe,1,Thomas Baughe,0,suggestion_only,Do not merge occurrences into one person without occurrence-specific context or an approved safe alias.
NAME_05005,thomas bayly,Thomas Bayly,1,Thomas Bayly,0,suggestion_only,Do not merge occurrences into one person without occurrence-specific context or an approved safe alias.
NAME_05006,thomas baylye,Thomas Baylye,1,Thomas Baylye,0,suggestion_only,Do not merge occurrences into one person without occurrence-specific context or an approved safe alias.
NAME_05007,thomas beamont,Thomas Beamont,2,Sir Thomas Beamont | Thomas Beamont,0,suggestion_only,Do not merge occurrences into one person without occurrence-specific context or an approved safe alias.
NAME_05008,thomas binion,Thomas Binion,1,Thomas Binion,0,suggestion_only,Do not merge occurrences into one person without occurrence-specific context or an approved safe alias.
NAME_05009,thomas biteley,Thomas Biteley,1,Thomas Biteley,0,suggestion_only,Do not merge occurrences into one person without occurrence-specific context or an approved safe alias.
NAME_05010,thomas bond,Thomas Bond,1,Thomas Bond,0,suggestion_only,Do not merge occurrences into one person without occurrence-specific context or an approved safe alias.
NAME_05011,thomas bouldin,Thomas Bouldin,1,Thomas Bouldin,0,suggestion_only,Do not merge occurrences into one person without occurrence-specific context or an approved safe alias.
NAME_05012,thomas boys,Thomas Boys,1,Thomas Boys,0,suggestion_only,Do not merge occurrences into one person without occurrence-specific context or an approved safe alias.
NAME_05013,thomas brasington,Thomas Brasington,1,Thomas Brasington,0,suggestion_only,Do not merge occurrences into one person without occurrence-specific context or an approved safe alias.
NAME_05014,thomas bret,Thomas Bret,1,Thomas Bret,0,suggestion_only,Do not merge occurrences into one person without occurrence-specific context or an approved safe alias.
NAME_05015,thomas brett,Thomas Brett,1,Thomas Brett,0,suggestion_only,Do not merge occurrences into one person without occurrence-specific context or an approved safe alias.
NAME_05016,thomas brewer,Thomas Brewer,1,Thomas Brewer,0,suggestion_only,Do not merge occurrences into one person without occurrence-specific context or an approved safe alias.
NAME_05017,thomas brewood,Thomas Brewood,1,Thomas Brewood,0,suggestion_only,Do not merge occurrences into one person without occurrence-specific context or an approved safe alias.
NAME_05018,thomas brittayne,Thomas Brittayne,1,Thomas Brittayne,0,suggestion_only,Do not merge occurrences into one person without occurrence-specific context or an approved safe alias.
NAME_05019,thomas britton,Thomas Britton,2,Thomas Britton,0,suggestion_only,Do not merge occurrences into one person without occurrence-specific context or an approved safe alias.
NAME_05020,thomas brocket--,Thomas Brocket--,1,Thomas Brocket--,0,suggestion_only,Do not merge occurrences into one person without occurrence-specific context or an approved safe alias.
NAME_05021,thomas brockett,Thomas Brockett,1,Thomas Brockett,0,suggestion_only,Do not merge occurrences into one person without occurrence-specific context or an approved safe alias.
NAME_05022,thomas buckley,Thomas Buckley,2,Master Thomas Buckley,0,suggestion_only,Do not merge occurrences into one person without occurrence-specific context or an approved safe alias.
NAME_05023,thomas bulkly,Thomas Bulkly,3,Thomas Bulkly | m’ Thomas Bulkly,0,suggestion_only,Do not merge occurrences into one person without occurrence-specific context or an approved safe alias.
NAME_05024,thomas burch,Thomas Burch,1,Thomas Burch,0,suggestion_only,Do not merge occurrences into one person without occurrence-specific context or an approved safe alias.
NAME_05025,thomas burgoney,Thomas Burgoney,2,Thomas Burgoney,0,suggestion_only,Do not merge occurrences into one person without occurrence-specific context or an approved safe alias.
NAME_05026,thomas burgoyne,Thomas Burgoyne,1,Thomas Burgoyne,0,suggestion_only,Do not merge occurrences into one person without occurrence-specific context or an approved safe alias.
NAME_05027,thomas butler,Thomas Butler,1,Thomas Butler,0,suggestion_only,Do not merge occurrences into one person without occurrence-specific context or an approved safe alias.
NAME_05028,thomas button,Thomas Button,8,Sir Thomas Button | Thomas Button,0,suggestion_only,Do not merge occurrences into one person without occurrence-specific context or an approved safe alias.
NAME_05029,thomas buttone,Thomas Buttone,1,Thomas Buttone,0,suggestion_only,Do not merge occurrences into one person without occurrence-specific context or an approved safe alias.
NAME_05030,thomas c,Thomas C,1,Thomas C,0,suggestion_only,Do not merge occurrences into one person without occurrence-specific context or an approved safe alias.
NAME_05031,thomas cannon,Thomas Cannon,1,Thomas Cannon,0,suggestion_only,Do not merge occurrences into one person without occurrence-specific context or an approved safe alias.
NAME_05032,thomas carles,Thomas Carles,1,Thomas Carles,0,suggestion_only,Do not merge occurrences into one person without occurrence-specific context or an approved safe alias.
NAME_05033,thomas carpenter,Thomas Carpenter,2,Thomas Carpenter,0,suggestion_only,Do not merge occurrences into one person without occurrence-specific context or an approved safe alias.
NAME_05035,thomas cel,Thomas Cel,1,Thomas Cel,0,suggestion_only,Do not merge occurrences into one person without occurrence-specific context or an approved safe alias.
NAME_05036,thomas ch,Thomas Ch,1,Sir Thomas Ch,0,suggestion_only,Do not merge occurrences into one person without occurrence-specific context or an approved safe alias.
NAME_05037,thomas challoner,Thomas Challoner,2,Sir Thomas Challoner | Thomas Challoner,0,suggestion_only,Do not merge occurrences into one person without occurrence-specific context or an approved safe alias.
NAME_05038,thomas church,Thomas Church,1,Thomas Church,0,suggestion_only,Do not merge occurrences into one person without occurrence-specific context or an approved safe alias.
NAME_05039,thomas chureh,Thomas Chureh,1,Thomas Chureh,0,suggestion_only,Do not merge occurrences into one person without occurrence-specific context or an approved safe alias.
NAME_05040,thomas colby,Thomas Colby,1,Thomas Colby,0,suggestion_only,Do not merge occurrences into one person without occurrence-specific context or an approved safe alias.
NAME_05041,thomas colethurst,Thomas Colethurst,2,Thomas Colethurst,0,suggestion_only,Do not merge occurrences into one person without occurrence-specific context or an approved safe alias.
NAME_05042,thomas collett,Thomas Collett,26,Thomas Collett,0,suggestion_only,Do not merge occurrences into one person without occurrence-specific context or an approved safe alias.
NAME_05043,thomas colthrust,Thomas Colthrust,1,Thomas Colthrust,0,suggestion_only,Do not merge occurrences into one person without occurrence-specific context or an approved safe alias.
NAME_05044,thomas colthurst,Thomas Colthurst,1,Thomas Colthurst,0,suggestion_only,Do not merge occurrences into one person without occurrence-specific context or an approved safe alias.
NAME_05045,thomas combar,Thomas Combar,1,Thomas Combar,0,suggestion_only,Do not merge occurrences into one person without occurrence-specific context or an approved safe alias.
NAME_05046,thomas combes,Thomas Combes,1,Thomas Combes,0,suggestion_only,Do not merge occurrences into one person without occurrence-specific context or an approved safe alias.
NAME_05047,thomas conaway-,Thomas Conaway-,1,Capt Thomas Conaway-,0,suggestion_only,Do not merge occurrences into one person without occurrence-specific context or an approved safe alias.
NAME_05048,thomas conningsby,Thomas Conningsby,1,Thomas Conningsby,0,suggestion_only,Do not merge occurrences into one person without occurrence-specific context or an approved safe alias.
NAME_05049,thomas conock,Thomas Conock,1,Thomas Conock,0,suggestion_only,Do not merge occurrences into one person without occurrence-specific context or an approved safe alias.
NAME_05050,thomas conventrye,Thomas Conventrye,2,Sir Thomas Conventrye,0,suggestion_only,Do not merge occurrences into one person without occurrence-specific context or an approved safe alias.
NAME_05051,thomas conway,Thomas Conway,1,Captain Thomas Conway,0,suggestion_only,Do not merge occurrences into one person without occurrence-specific context or an approved safe alias.
NAME_05052,thomas conwey,Thomas Conwey,1,Captaine Thomas Conwey,0,suggestion_only,Do not merge occurrences into one person without occurrence-specific context or an approved safe alias.
NAME_05053,thomas cooke,Thomas Cooke,2,Thomas Cooke,0,suggestion_only,Do not merge occurrences into one person without occurrence-specific context or an approved safe alias.
NAME_05054,thomas coopy,Thomas Coopy,5,Thomas Coopy,0,suggestion_only,Do not merge occurrences into one person without occurrence-specific context or an approved safe alias.
NAME_05055,thomas coppy,Thomas Coppy,1,Thomas Coppy,0,suggestion_only,Do not merge occurrences into one person without occurrence-specific context or an approved safe alias.
NAME_05056,thomas cordell,Thomas Cordell,1,Thomas Cordell,0,suggestion_only,Do not merge occurrences into one person without occurrence-specific context or an approved safe alias.
NAME_05057,thomas couell,Thomas Couell,1,Thomas Couell,0,suggestion_only,Do not merge occurrences into one person without occurrence-specific context or an approved safe alias.
NAME_05058,thomas couill,Thomas Couill,1,Thomas Couill,0,suggestion_only,Do not merge occurrences into one person without occurrence-specific context or an approved safe alias.
NAME_05059,thomas couly,Thomas Couly,1,Thomas Couly,0,suggestion_only,Do not merge occurrences into one person without occurrence-specific context or an approved safe alias.
NAME_05060,thomas covell,Thomas Covell,1,Thomas Covell,0,suggestion_only,Do not merge occurrences into one person without occurrence-specific context or an approved safe alias.
NAME_05065,thomas coveutry,Thomas Coveutry,2,Sir Thomas Coveutry,0,suggestion_only,Do not merge occurrences into one person without occurrence-specific context or an approved safe alias.
NAME_05066,thomas coyen-,Thomas Coyen-,1,Sir Thomas Coyen-,0,suggestion_only,Do not merge occurrences into one person without occurrence-specific context or an approved safe alias.
NAME_05067,thomas culpepper,Thomas Culpepper,5,Thomas Culpepper | m’ Thomas Culpepper,0,suggestion_only,Do not merge occurrences into one person without occurrence-specific context or an approved safe alias.
NAME_05068,thomas cumber,Thomas Cumber,1,Thomas Cumber,0,suggestion_only,Do not merge occurrences into one person without occurrence-specific context or an approved safe alias.
NAME_05069,thomas cutler,Thomas Cutler,1,Thomas Cutler,0,suggestion_only,Do not merge occurrences into one person without occurrence-specific context or an approved safe alias.
NAME_05073,thomas dauks,Thomas Dauks,1,Sir Thomas Dauks,0,suggestion_only,Do not merge occurrences into one person without occurrence-specific context or an approved safe alias.
NAME_05074,thomas daunt,Thomas Daunt,2,M* Thomas Daunt,0,suggestion_only,Do not merge occurrences into one person without occurrence-specific context or an approved safe alias.
NAME_05075,thomas davis,Thomas Davis,6,"Mr. Thomas Davis | Thomas
Davis | Thomas Davis",0,suggestion_only,Do not merge occurrences into one person without occurrence-specific context or an approved safe alias.
NAME_05076,thomas dawson,THomas Dawson,1,THomas Dawson,0,suggestion_only,Do not merge occurrences into one person without occurrence-specific context or an approved safe alias.
NAME_05077,thomas deinton,Thomas Deinton,1,Thomas Deinton,0,suggestion_only,Do not merge occurrences into one person without occurrence-specific context or an approved safe alias.
NAME_05078,thomas dennis,Thomas Dennis,2,Sir Thomas Dennis | Thomas Dennis,0,suggestion_only,Do not merge occurrences into one person without occurrence-specific context or an approved safe alias.
NAME_05079,thomas dennys,Thomas Dennys,1,Sir Thomas Dennys,0,suggestion_only,Do not merge occurrences into one person without occurrence-specific context or an approved safe alias.
NAME_05080,thomas denton,Thomas Denton,3,Thomas Denton,0,suggestion_only,Do not merge occurrences into one person without occurrence-specific context or an approved safe alias.
NAME_05081,thomas denton.,Thomas Denton.,1,Sir Thomas Denton,0,suggestion_only,Do not merge occurrences into one person without occurrence-specific context or an approved safe alias.
NAME_05082,thomas douse,Thomas Douse,1,Thomas Douse,0,suggestion_only,Do not merge occurrences into one person without occurrence-specific context or an approved safe alias.
NAME_05083,thomas dows,Thomas Dows,1,Thomas Dows,0,suggestion_only,Do not merge occurrences into one person without occurrence-specific context or an approved safe alias.
NAME_05084,thomas dowse,Thomas Dowse,1,Thomas Dowse,0,suggestion_only,Do not merge occurrences into one person without occurrence-specific context or an approved safe alias.
NAME_05085,thomas draper,Thomas Draper,1,Thomas Draper,0,suggestion_only,Do not merge occurrences into one person without occurrence-specific context or an approved safe alias.
NAME_05086,thomas dutton,Thomas Dutton,1,Sir Thomas Dutton,0,suggestion_only,Do not merge occurrences into one person without occurrence-specific context or an approved safe alias.
NAME_05087,thomas dyke,Thomas Dyke,1,Thomas Dyke,0,suggestion_only,Do not merge occurrences into one person without occurrence-specific context or an approved safe alias.
NAME_05088,thomas edmonde,Thomas Edmonde,2,Sir Thomas Edmonde,0,suggestion_only,Do not merge occurrences into one person without occurrence-specific context or an approved safe alias.
NAME_05089,thomas edmondes,Thomas Edmondes,2,Sir Thomas Edmondes,0,suggestion_only,Do not merge occurrences into one person without occurrence-specific context or an approved safe alias.
NAME_05090,thomas euans,Thomas Euans,1,Thomas Euans,0,suggestion_only,Do not merge occurrences into one person without occurrence-specific context or an approved safe alias.
NAME_05091,thomas euerfield,Thomas Euerfield,2,Sir Thomas Euerfield,0,suggestion_only,Do not merge occurrences into one person without occurrence-specific context or an approved safe alias.
NAME_05092,thomas f,Thomas F,1,Sir Thomas F,0,suggestion_only,Do not merge occurrences into one person without occurrence-specific context or an approved safe alias.
NAME_05093,thomas fanshawe,Thomas Fanshawe,1,Thomas Fanshawe,0,suggestion_only,Do not merge occurrences into one person without occurrence-specific context or an approved safe alias.
NAME_05094,thomas ferris,Thomas Ferris,1,Thomas Ferris,0,suggestion_only,Do not merge occurrences into one person without occurrence-specific context or an approved safe alias.
NAME_05095,thomas flmder,Thomas Flmder,1,Sir Thomas Flmder,0,suggestion_only,Do not merge occurrences into one person without occurrence-specific context or an approved safe alias.
NAME_05096,thomas flower,Thomas Flower,1,Thomas Flower,0,suggestion_only,Do not merge occurrences into one person without occurrence-specific context or an approved safe alias.
NAME_05097,thomas forest,Thomas Forest,1,Thomas Forest,0,suggestion_only,Do not merge occurrences into one person without occurrence-specific context or an approved safe alias.
NAME_05098,thomas forrest,Thomas Forrest,1,Thomas Forrest,0,suggestion_only,Do not merge occurrences into one person without occurrence-specific context or an approved safe alias.
NAME_05099,thomas fox,Thomas Fox,2,Thomas Fox,0,suggestion_only,Do not merge occurrences into one person without occurrence-specific context or an approved safe alias.
NAME_05100,thomas foxall,Thomas Foxall,1,Thomas Foxall,0,suggestion_only,Do not merge occurrences into one person without occurrence-specific context or an approved safe alias.
NAME_05101,thomas francis,Thomas Francis,2,Thomas Francis,0,suggestion_only,Do not merge occurrences into one person without occurrence-specific context or an approved safe alias.
NAME_05102,thomas freake,Thomas Freake,2,Sir Thomas Freake | Thomas Freake,0,suggestion_only,Do not merge occurrences into one person without occurrence-specific context or an approved safe alias.
NAME_05103,thomas freeman,Thomas Freeman,1,Thomas Freeman,0,suggestion_only,Do not merge occurrences into one person without occurrence-specific context or an approved safe alias.
NAME_05104,thomas garnett,Thomas Garnett,1,Thomas Garnett,0,suggestion_only,Do not merge occurrences into one person without occurrence-specific context or an approved safe alias.
NAME_05108,thomas gay,Thomas Gay,1,Thomas Gay,0,suggestion_only,Do not merge occurrences into one person without occurrence-specific context or an approved safe alias.
NAME_05109,thomas gerrard,Thomas Gerrard,1,Thomas Gerrard,0,suggestion_only,Do not merge occurrences into one person without occurrence-specific context or an approved safe alias.
NAME_05113,thomas gills,Thomas Gills,1,"Thomas
Gills",0,suggestion_only,Do not merge occurrences into one person without occurrence-specific context or an approved safe alias.
NAME_05114,thomas good-,Thomas Good-,1,Thomas Good-,0,suggestion_only,Do not merge occurrences into one person without occurrence-specific context or an approved safe alias.
NAME_05115,thomas goodyeare,Thomas Goodyeare,1,"Thomas
Goodyeare",0,suggestion_only,Do not merge occurrences into one person without occurrence-specific context or an approved safe alias.
NAME_05116,thomas grantham,Thomas Grantham,1,Thomas Grantham,0,suggestion_only,Do not merge occurrences into one person without occurrence-specific context or an approved safe alias.
NAME_05117,thomas grave,Thomas Grave,1,Thomas Grave,0,suggestion_only,Do not merge occurrences into one person without occurrence-specific context or an approved safe alias.
NAME_05118,thomas graves,Thomas Graves,1,Captain Thomas Graves,0,suggestion_only,Do not merge occurrences into one person without occurrence-specific context or an approved safe alias.
NAME_05119,thomas griffin,Thomas Griffin,1,Thomas Griffin,0,suggestion_only,Do not merge occurrences into one person without occurrence-specific context or an approved safe alias.
NAME_05120,thomas grindal,Thomas Grindal,1,Thomas Grindal,0,suggestion_only,Do not merge occurrences into one person without occurrence-specific context or an approved safe alias.
NAME_05121,thomas hall,Thomas Hall,1,Thomas Hall,0,suggestion_only,Do not merge occurrences into one person without occurrence-specific context or an approved safe alias.
NAME_05122,thomas hamon,Thomas Hamon,2,Thomas Hamon,0,suggestion_only,Do not merge occurrences into one person without occurrence-specific context or an approved safe alias.
NAME_05123,thomas hamour,Thomas Hamour,1,Thomas Hamour,0,suggestion_only,Do not merge occurrences into one person without occurrence-specific context or an approved safe alias.
NAME_05124,thomas hamovur,THomas Hamovur,1,THomas Hamovur,0,suggestion_only,Do not merge occurrences into one person without occurrence-specific context or an approved safe alias.
NAME_05125,thomas hamp,Thomas Hamp,1,Thomas Hamp,0,suggestion_only,Do not merge occurrences into one person without occurrence-specific context or an approved safe alias.
NAME_05126,thomas hampton,Thomas Hampton,1,Thomas Hampton,0,suggestion_only,Do not merge occurrences into one person without occurrence-specific context or an approved safe alias.
NAME_05127,thomas hannam,Thomas Hannam,2,Thomas Hannam,0,suggestion_only,Do not merge occurrences into one person without occurrence-specific context or an approved safe alias.
NAME_05128,thomas harefleet,Thomas Harefleet,1,Sir Thomas Harefleet,0,suggestion_only,Do not merge occurrences into one person without occurrence-specific context or an approved safe alias.
NAME_05129,thomas harefleete,Thomas Harefleete,1,Thomas Harefleete,0,suggestion_only,Do not merge occurrences into one person without occurrence-specific context or an approved safe alias.
NAME_05131,thomas harteastles,Thomas Harteastles,2,M' Thomas Harteastles,0,suggestion_only,Do not merge occurrences into one person without occurrence-specific context or an approved safe alias.
NAME_05132,thomas harwell,Thomas Harwell,1,Thomas Harwell,0,suggestion_only,Do not merge occurrences into one person without occurrence-specific context or an approved safe alias.
NAME_05133,thomas hethersall,Thomas Hethersall,1,Thomas Hethersall,0,suggestion_only,Do not merge occurrences into one person without occurrence-specific context or an approved safe alias.
NAME_05134,thomas hewit,Thomas Hewit,1,Sir Thomas Hewit,0,suggestion_only,Do not merge occurrences into one person without occurrence-specific context or an approved safe alias.
NAME_05135,thomas hewit...,Thomas Hewit...,1,Sir Thomas Hewit,0,suggestion_only,Do not merge occurrences into one person without occurrence-specific context or an approved safe alias.
NAME_05136,thomas hobson,Thomas Hobson,3,Thomas Hobson,0,suggestion_only,Do not merge occurrences into one person without occurrence-specific context or an approved safe alias.
NAME_05137,thomas hodges,Thomas Hodges,1,Thomas Hodges,0,suggestion_only,Do not merge occurrences into one person without occurrence-specific context or an approved safe alias.
NAME_05138,thomas hogt,Thomas Hogt,1,Thomas Hogt,0,suggestion_only,Do not merge occurrences into one person without occurrence-specific context or an approved safe alias.
NAME_05139,thomas holcroft,Thomas Holcroft,1,Sir Thomas Holcroft,0,suggestion_only,Do not merge occurrences into one person without occurrence-specific context or an approved safe alias.
NAME_05140,thomas holcrofte,Thomas Holcrofte,1,Captain Thomas Holcrofte,0,suggestion_only,Do not merge occurrences into one person without occurrence-specific context or an approved safe alias.
NAME_05141,thomas holecroft,Thomas Holecroft,1,Sir Thomas Holecroft,0,suggestion_only,Do not merge occurrences into one person without occurrence-specific context or an approved safe alias.
NAME_05142,thomas holecroft.,Thomas Holecroft.,1,Sir Thomas Holecroft,0,suggestion_only,Do not merge occurrences into one person without occurrence-specific context or an approved safe alias.
NAME_05143,thomas holland,Thomas Holland,2,Thomas Holland,0,suggestion_only,Do not merge occurrences into one person without occurrence-specific context or an approved safe alias.
NAME_05144,thomas horwell,Thomas Horwell,3,Sir Thomas Horwell | Thomas Horwell,0,suggestion_only,Do not merge occurrences into one person without occurrence-specific context or an approved safe alias.
NAME_05145,thomas hutchins,Thomas Hutchins,1,Thomas Hutchins,0,suggestion_only,Do not merge occurrences into one person without occurrence-specific context or an approved safe alias.
NAME_05146,thomas iadwin,Thomas Iadwin,1,Thomas Iadwin,0,suggestion_only,Do not merge occurrences into one person without occurrence-specific context or an approved safe alias.
NAME_05147,thomas iames,Thomas Iames,1,Thomas Iames,0,suggestion_only,Do not merge occurrences into one person without occurrence-specific context or an approved safe alias.
NAME_05148,thomas iermyn,Thomas Iermyn,2,Sir Thomas Iermyn,0,suggestion_only,Do not merge occurrences into one person without occurrence-specific context or an approved safe alias.
NAME_05149,thomas iobnes-,Thomas Iobnes-,1,Thomas Iobnes-,0,suggestion_only,Do not merge occurrences into one person without occurrence-specific context or an approved safe alias.
NAME_05150,thomas iohns,Thomas Iohns,1,Thomas Iohns,0,suggestion_only,Do not merge occurrences into one person without occurrence-specific context or an approved safe alias.
NAME_05151,thomas iones,Thomas Iones,2,Captaine Thomas Iones | Thomas Iones,0,suggestion_only,Do not merge occurrences into one person without occurrence-specific context or an approved safe alias.
NAME_05153,thomas jackson,Thomas Jackson,1,Thomas Jackson,0,suggestion_only,Do not merge occurrences into one person without occurrence-specific context or an approved safe alias.
NAME_05154,thomas jedwin,Thomas Jedwin,1,Thomas Jedwin,0,suggestion_only,Do not merge occurrences into one person without occurrence-specific context or an approved safe alias.
NAME_05155,thomas jermin,Thomas Jermin,1,Thomas Jermin,0,suggestion_only,Do not merge occurrences into one person without occurrence-specific context or an approved safe alias.
NAME_05156,thomas johnson,Thomas Johnson,2,Thomas Johnson,0,suggestion_only,Do not merge occurrences into one person without occurrence-specific context or an approved safe alias.
NAME_05157,thomas jones,Thomas Jones,8,"Capt Thomas Jones | Captain Thomas Jones | Captaine
Thomas Jones | Thomas Jones",0,suggestion_only,Do not merge occurrences into one person without occurrence-specific context or an approved safe alias.
NAME_05158,thomas jonson,Thomas Jonson,1,Thomas Jonson,0,suggestion_only,Do not merge occurrences into one person without occurrence-specific context or an approved safe alias.
NAME_05159,thomas juxson,Thomas Juxson,1,Thomas Juxson,0,suggestion_only,Do not merge occurrences into one person without occurrence-specific context or an approved safe alias.
NAME_05162,thomas kemis,Thomas Kemis,4,Thomas Kemis,0,suggestion_only,Do not merge occurrences into one person without occurrence-specific context or an approved safe alias.
NAME_05163,thomas kemys,Thomas Kemys,1,Thomas Kemys,0,suggestion_only,Do not merge occurrences into one person without occurrence-specific context or an approved safe alias.
NAME_05164,thomas kerridge,Thomas Kerridge,1,Thomas Kerridge,0,suggestion_only,Do not merge occurrences into one person without occurrence-specific context or an approved safe alias.
NAME_05165,thomas kiddar,Thomas Kiddar,1,Thomas Kiddar,0,suggestion_only,Do not merge occurrences into one person without occurrence-specific context or an approved safe alias.
NAME_05166,thomas kightley,Thomas Kightley,2,Thomas Kightley | m* Thomas Kightley,0,suggestion_only,Do not merge occurrences into one person without occurrence-specific context or an approved safe alias.
NAME_05167,thomas kirridge,Thomas Kirridge,1,M* Thomas Kirridge,0,suggestion_only,Do not merge occurrences into one person without occurrence-specific context or an approved safe alias.
NAME_05168,thomas kitelev,Thomas Kitelev,1,Thomas Kitelev,0,suggestion_only,Do not merge occurrences into one person without occurrence-specific context or an approved safe alias.
NAME_05169,thomas kiteley,Thomas Kiteley,5,"Thomas
Kiteley | Thomas Kiteley",0,suggestion_only,Do not merge occurrences into one person without occurrence-specific context or an approved safe alias.
NAME_05170,thomas knowles,Thomas Knowles,1,Thomas Knowles,0,suggestion_only,Do not merge occurrences into one person without occurrence-specific context or an approved safe alias.
NAME_05171,thomas lane,Thomas Lane,1,Thomas Lane,0,suggestion_only,Do not merge occurrences into one person without occurrence-specific context or an approved safe alias.
NAME_05172,thomas langhton,Thomas Langhton,1,Thomas Langhton,0,suggestion_only,Do not merge occurrences into one person without occurrence-specific context or an approved safe alias.
NAME_05173,thomas langton,Thomas Langton,1,Thomas Langton,0,suggestion_only,Do not merge occurrences into one person without occurrence-specific context or an approved safe alias.
NAME_05174,thomas latham,Thomas Latham,1,Thomas Latham,0,suggestion_only,Do not merge occurrences into one person without occurrence-specific context or an approved safe alias.
NAME_05175,thomas lawer.,Thomas Lawer.,1,Thomas Lawer,0,suggestion_only,Do not merge occurrences into one person without occurrence-specific context or an approved safe alias.
NAME_05176,thomas lawson,Thomas Lawson,2,Thomas Lawson,0,suggestion_only,Do not merge occurrences into one person without occurrence-specific context or an approved safe alias.
NAME_05177,thomas layer,Thomas Layer,1,Thomas Layer,0,suggestion_only,Do not merge occurrences into one person without occurrence-specific context or an approved safe alias.
NAME_05178,thomas lemis,Thomas Lemis,1,Thomas Lemis,0,suggestion_only,Do not merge occurrences into one person without occurrence-specific context or an approved safe alias.
NAME_05179,thomas leuer,Thomas Leuer,2,Thomas Leuer,0,suggestion_only,Do not merge occurrences into one person without occurrence-specific context or an approved safe alias.
NAME_05180,thomas leuer-,Thomas Leuer-,1,Thomas Leuer-,0,suggestion_only,Do not merge occurrences into one person without occurrence-specific context or an approved safe alias.
NAME_05181,thomas leueson,Thomas Leueson,1,Master Thomas Leueson,0,suggestion_only,Do not merge occurrences into one person without occurrence-specific context or an approved safe alias.
NAME_05182,thomas leueson.,Thomas Leueson.,1,Master Thomas Leueson,0,suggestion_only,Do not merge occurrences into one person without occurrence-specific context or an approved safe alias.
NAME_05183,thomas lever,Thomas Lever,1,Thomas Lever,0,suggestion_only,Do not merge occurrences into one person without occurrence-specific context or an approved safe alias.
NAME_05184,thomas levers,Thomas Levers,1,Thomas Levers,0,suggestion_only,Do not merge occurrences into one person without occurrence-specific context or an approved safe alias.
NAME_05185,thomas leyre,Thomas Leyre,1,Thomas Leyre,0,suggestion_only,Do not merge occurrences into one person without occurrence-specific context or an approved safe alias.
NAME_05186,thomas maddocks,Thomas Maddocks,1,Thomas Maddocks,0,suggestion_only,Do not merge occurrences into one person without occurrence-specific context or an approved safe alias.
NAME_05187,thomas maddox,Thomas Maddox,2,Thomas Maddox,0,suggestion_only,Do not merge occurrences into one person without occurrence-specific context or an approved safe alias.
NAME_05188,thomas maisterson,Thomas Maisterson,1,m’ Thomas Maisterson,0,suggestion_only,Do not merge occurrences into one person without occurrence-specific context or an approved safe alias.
NAME_05189,thomas male,Thomas Male,1,Thomas Male,0,suggestion_only,Do not merge occurrences into one person without occurrence-specific context or an approved safe alias.
NAME_05190,thomas mansel,Thomas Mansel,1,Sir Thomas Mansel,0,suggestion_only,Do not merge occurrences into one person without occurrence-specific context or an approved safe alias.
NAME_05191,thomas manwaringe,Thomas Manwaringe,2,m’ Thomas Manwaringe,0,suggestion_only,Do not merge occurrences into one person without occurrence-specific context or an approved safe alias.
NAME_05192,thomas marson,Thomas Marson,1,Thomas Marson,0,suggestion_only,Do not merge occurrences into one person without occurrence-specific context or an approved safe alias.
NAME_05193,thomas martin,Thomas Martin,2,Thomas Martin,0,suggestion_only,Do not merge occurrences into one person without occurrence-specific context or an approved safe alias.
NAME_05194,thomas mayall,Thomas Mayall,1,Thomas Mayall,0,suggestion_only,Do not merge occurrences into one person without occurrence-specific context or an approved safe alias.
NAME_05195,thomas maynwaringe,Thomas Maynwaringe,2,Thomas Maynwaringe | m* Thomas Maynwaringe,0,suggestion_only,Do not merge occurrences into one person without occurrence-specific context or an approved safe alias.
NAME_05196,thomas meiling,Thomas Meiling,1,Thomas Meiling,0,suggestion_only,Do not merge occurrences into one person without occurrence-specific context or an approved safe alias.
NAME_05197,thomas mel-,Thomas Mel-,1,m’ Thomas Mel-,0,suggestion_only,Do not merge occurrences into one person without occurrence-specific context or an approved safe alias.
NAME_05199,thomas merrie,Thomas Merrie,2,Thomas Merrie,0,suggestion_only,Do not merge occurrences into one person without occurrence-specific context or an approved safe alias.
NAME_05200,thomas merry,Thomas Merry,2,Sir Thomas Merry,0,suggestion_only,Do not merge occurrences into one person without occurrence-specific context or an approved safe alias.
NAME_05201,thomas middleton,Thomas Middleton,1,"Sir Thomas
Middleton",0,suggestion_only,Do not merge occurrences into one person without occurrence-specific context or an approved safe alias.
NAME_05203,thomas mildmaye,Thomas Mildmaye,1,Sir Thomas Mildmaye,0,suggestion_only,Do not merge occurrences into one person without occurrence-specific context or an approved safe alias.
NAME_05204,thomas mitpmareg,THomas MitpMareg,1,Sir THomas MitpMareg,0,suggestion_only,Do not merge occurrences into one person without occurrence-specific context or an approved safe alias.
NAME_05205,thomas molton,Thomas Molton,2,Thomas Molton,0,suggestion_only,Do not merge occurrences into one person without occurrence-specific context or an approved safe alias.
NAME_05206,thomas moore,Thomas Moore,1,m’ Thomas Moore,0,suggestion_only,Do not merge occurrences into one person without occurrence-specific context or an approved safe alias.
NAME_05207,thomas more,Thomas More,1,m’ Thomas More,0,suggestion_only,Do not merge occurrences into one person without occurrence-specific context or an approved safe alias.
NAME_05208,thomas moreman,Thomas Moreman,1,Thomas Moreman,0,suggestion_only,Do not merge occurrences into one person without occurrence-specific context or an approved safe alias.
NAME_05209,thomas morgan,Thomas Morgan,1,Thomas Morgan,0,suggestion_only,Do not merge occurrences into one person without occurrence-specific context or an approved safe alias.
NAME_05210,thomas morrice,Thomas Morrice,1,Thomas Morrice,0,suggestion_only,Do not merge occurrences into one person without occurrence-specific context or an approved safe alias.
NAME_05211,thomas morris,Thomas Morris,9,Thomas Morris,0,suggestion_only,Do not merge occurrences into one person without occurrence-specific context or an approved safe alias.
NAME_05212,thomas morrys,Thomas Morrys,1,Thomas Morrys,0,suggestion_only,Do not merge occurrences into one person without occurrence-specific context or an approved safe alias.
NAME_05213,thomas mounfird,Thomas Mounfird,1,Thomas Mounfird,0,suggestion_only,Do not merge occurrences into one person without occurrence-specific context or an approved safe alias.
NAME_05214,thomas mounson,Thomas Mounson,1,Sir Thomas Mounson,0,suggestion_only,Do not merge occurrences into one person without occurrence-specific context or an approved safe alias.
NAME_05215,thomas mumford,Thomas Mumford,1,Thomas Mumford,0,suggestion_only,Do not merge occurrences into one person without occurrence-specific context or an approved safe alias.
NAME_05217,thomas newton,Thomas Newton,5,M' Thomas Newton | Thomas Newton,0,suggestion_only,Do not merge occurrences into one person without occurrence-specific context or an approved safe alias.
NAME_05218,thomas nicholls,Thomas Nicholls,1,Thomas Nicholls,0,suggestion_only,Do not merge occurrences into one person without occurrence-specific context or an approved safe alias.
NAME_05219,thomas nicols,Thomas Nicols,1,Thomas Nicols,0,suggestion_only,Do not merge occurrences into one person without occurrence-specific context or an approved safe alias.
NAME_05220,thomas niteley,Thomas Niteley,1,Thomas Niteley,0,suggestion_only,Do not merge occurrences into one person without occurrence-specific context or an approved safe alias.
NAME_05221,thomas normcoit,Thomas Normcoit,1,Thomas Normcoit,0,suggestion_only,Do not merge occurrences into one person without occurrence-specific context or an approved safe alias.
NAME_05222,thomas norton,Thomas Norton,2,Thomas Norton,0,suggestion_only,Do not merge occurrences into one person without occurrence-specific context or an approved safe alias.
NAME_05224,thomas nufon,Thomas Nufon,1,Thomas Nufon,0,suggestion_only,Do not merge occurrences into one person without occurrence-specific context or an approved safe alias.
NAME_05225,thomas oayne,Thomas Oayne,1,Thomas Oayne,0,suggestion_only,Do not merge occurrences into one person without occurrence-specific context or an approved safe alias.
NAME_05226,thomas paine,Thomas Paine,1,Thomas Paine,0,suggestion_only,Do not merge occurrences into one person without occurrence-specific context or an approved safe alias.
NAME_05227,thomas panton,Thomas Panton,1,"Sir
Thomas Panton",0,suggestion_only,Do not merge occurrences into one person without occurrence-specific context or an approved safe alias.
NAME_05228,thomas parker,THomas Parker,1,THomas Parker,0,suggestion_only,Do not merge occurrences into one person without occurrence-specific context or an approved safe alias.
NAME_05229,thomas parsmore,Thomas Parsmore,2,Thomas Parsmore,0,suggestion_only,Do not merge occurrences into one person without occurrence-specific context or an approved safe alias.
NAME_05230,thomas partridg,Thomas Partridg,1,Thomas Partridg,0,suggestion_only,Do not merge occurrences into one person without occurrence-specific context or an approved safe alias.
NAME_05231,thomas partridge,Thomas Partridge,1,Thomas Partridge,0,suggestion_only,Do not merge occurrences into one person without occurrence-specific context or an approved safe alias.
NAME_05232,thomas pasmore,Thomas Pasmore,1,Thomas Pasmore,0,suggestion_only,Do not merge occurrences into one person without occurrence-specific context or an approved safe alias.
NAME_05233,thomas pearse,Thomas Pearse,1,Thomas Pearse,0,suggestion_only,Do not merge occurrences into one person without occurrence-specific context or an approved safe alias.
NAME_05234,thomas peirce,Thomas Peirce,2,Mr. Thomas Peirce,0,suggestion_only,Do not merge occurrences into one person without occurrence-specific context or an approved safe alias.
NAME_05235,thomas peirs,Thomas Peirs,1,Thomas Peirs,0,suggestion_only,Do not merge occurrences into one person without occurrence-specific context or an approved safe alias.
NAME_05236,thomas peirse,Thomas Peirse,3,Thomas Peirse,0,suggestion_only,Do not merge occurrences into one person without occurrence-specific context or an approved safe alias.
NAME_05237,thomas pelham,Thomas Pelham,1,Thomas Pelham,0,suggestion_only,Do not merge occurrences into one person without occurrence-specific context or an approved safe alias.
NAME_05238,thomas pemble,Thomas Pemble,1,"Thomas
Pemble",0,suggestion_only,Do not merge occurrences into one person without occurrence-specific context or an approved safe alias.
NAME_05239,thomas perkin,Thomas Perkin,1,Thomas Perkin,0,suggestion_only,Do not merge occurrences into one person without occurrence-specific context or an approved safe alias.
NAME_05240,thomas philips,Thomas Philips,1,Thomas Philips,0,suggestion_only,Do not merge occurrences into one person without occurrence-specific context or an approved safe alias.
NAME_05241,thomas pierse,Thomas Pierse,1,Thomas Pierse,0,suggestion_only,Do not merge occurrences into one person without occurrence-specific context or an approved safe alias.
NAME_05242,thomas pleydull,Thomas Pleydull,1,Thomas Pleydull,0,suggestion_only,Do not merge occurrences into one person without occurrence-specific context or an approved safe alias.
NAME_05243,thomas plomer,Thomas Plomer,1,Thomas Plomer,0,suggestion_only,Do not merge occurrences into one person without occurrence-specific context or an approved safe alias.
NAME_05244,thomas poole,Thomas Poole,2,Thomas Poole,0,suggestion_only,Do not merge occurrences into one person without occurrence-specific context or an approved safe alias.
NAME_05245,thomas prosser,Thomas Prosser,2,Thomas Prosser,0,suggestion_only,Do not merge occurrences into one person without occurrence-specific context or an approved safe alias.
NAME_05246,thomas rateliffe,Thomas Rateliffe,1,Thomas Rateliffe,0,suggestion_only,Do not merge occurrences into one person without occurrence-specific context or an approved safe alias.
NAME_05247,thomas read,Thomas Read,2,Thomas Read,0,suggestion_only,Do not merge occurrences into one person without occurrence-specific context or an approved safe alias.
NAME_05248,thomas reads,Thomas Reads,1,Thomas Reads,0,suggestion_only,Do not merge occurrences into one person without occurrence-specific context or an approved safe alias.
NAME_05249,thomas richards,Thomas Richards,1,Thomas Richards,0,suggestion_only,Do not merge occurrences into one person without occurrence-specific context or an approved safe alias.
NAME_05250,thomas ridgeway,Thomas Ridgeway,1,Sir Thomas Ridgeway,0,suggestion_only,Do not merge occurrences into one person without occurrence-specific context or an approved safe alias.
NAME_05251,thomas riseley,Thomas Riseley,1,m’ Thomas Riseley,0,suggestion_only,Do not merge occurrences into one person without occurrence-specific context or an approved safe alias.
NAME_05256,thomas samson,Thomas Samson,1,Thomas Samson,0,suggestion_only,Do not merge occurrences into one person without occurrence-specific context or an approved safe alias.
NAME_05257,thomas sandford,Thomas Sandford,2,Thomas Sandford,0,suggestion_only,Do not merge occurrences into one person without occurrence-specific context or an approved safe alias.
NAME_05258,thomas sandys,Thomas Sandys,3,Thomas Sandys,0,suggestion_only,Do not merge occurrences into one person without occurrence-specific context or an approved safe alias.
NAME_05259,thomas scott,Thomas Scott,2,Thomas Scott,0,suggestion_only,Do not merge occurrences into one person without occurrence-specific context or an approved safe alias.
NAME_05260,thomas selsby,Thomas Selsby,1,Thomas Selsby,0,suggestion_only,Do not merge occurrences into one person without occurrence-specific context or an approved safe alias.
NAME_05261,thomas sheapheard,Thomas Sheapheard,2,Thomas Sheapheard,0,suggestion_only,Do not merge occurrences into one person without occurrence-specific context or an approved safe alias.
NAME_05262,thomas sheepy,Thomas Sheepy,1,Thomas Sheepy,0,suggestion_only,Do not merge occurrences into one person without occurrence-specific context or an approved safe alias.
NAME_05263,thomas sheffeilds,Thomas Sheffeilds,1,Master Thomas Sheffeilds,0,suggestion_only,Do not merge occurrences into one person without occurrence-specific context or an approved safe alias.
NAME_05264,thomas sheifeild,Thomas Sheifeild,1,Thomas Sheifeild,0,suggestion_only,Do not merge occurrences into one person without occurrence-specific context or an approved safe alias.
NAME_05265,thomas shepheard,Thomas Shepheard,5,Thomas Shepheard,0,suggestion_only,Do not merge occurrences into one person without occurrence-specific context or an approved safe alias.
NAME_05266,thomas shepherd,Thomas Shepherd,1,Thomas Shepherd,0,suggestion_only,Do not merge occurrences into one person without occurrence-specific context or an approved safe alias.
NAME_05267,thomas sheppard,Thomas Sheppard,2,Thomas Sheppard | m* Thomas Sheppard,0,suggestion_only,Do not merge occurrences into one person without occurrence-specific context or an approved safe alias.
NAME_05268,thomas shepy,Thomas Shepy,2,Thomas Shepy,0,suggestion_only,Do not merge occurrences into one person without occurrence-specific context or an approved safe alias.
NAME_05269,thomas sherwell,Thomas Sherwell,1,Thomas Sherwell,0,suggestion_only,Do not merge occurrences into one person without occurrence-specific context or an approved safe alias.
NAME_05270,thomas shiers,Thomas Shiers,1,m’ Thomas Shiers,0,suggestion_only,Do not merge occurrences into one person without occurrence-specific context or an approved safe alias.
NAME_05272,thomas shiptou,Thomas Shiptou,1,Thomas Shiptou,0,suggestion_only,Do not merge occurrences into one person without occurrence-specific context or an approved safe alias.
NAME_05273,thomas shipway,Thomas Shipway,1,Thomas Shipway,0,suggestion_only,Do not merge occurrences into one person without occurrence-specific context or an approved safe alias.
NAME_05274,thomas simonds,Thomas Simonds,1,mr. Thomas Simonds,0,suggestion_only,Do not merge occurrences into one person without occurrence-specific context or an approved safe alias.
NAME_05275,thomas sinith,Thomas Sinith,1,Thomas Sinith,0,suggestion_only,Do not merge occurrences into one person without occurrence-specific context or an approved safe alias.
NAME_05290,thomas spilman,Thomas Spilman,1,Thomas Spilman,0,suggestion_only,Do not merge occurrences into one person without occurrence-specific context or an approved safe alias.
NAME_05291,thomas stacey,Thomas Stacey,1,Thomas Stacey,0,suggestion_only,Do not merge occurrences into one person without occurrence-specific context or an approved safe alias.
NAME_05292,thomas stephens,Thomas Stephens,2,Thomas Stephens,0,suggestion_only,Do not merge occurrences into one person without occurrence-specific context or an approved safe alias.
NAME_05293,thomas steuens,Thomas Steuens,1,Thomas Steuens,0,suggestion_only,Do not merge occurrences into one person without occurrence-specific context or an approved safe alias.
NAME_05294,thomas stevens,Thomas Stevens,1,Thomas Stevens,0,suggestion_only,Do not merge occurrences into one person without occurrence-specific context or an approved safe alias.
NAME_05295,thomas stiles,Thomas Stiles,1,m' Thomas Stiles,0,suggestion_only,Do not merge occurrences into one person without occurrence-specific context or an approved safe alias.
NAME_05296,thomas stiles.,Thomas Stiles.,1,m' Thomas Stiles,0,suggestion_only,Do not merge occurrences into one person without occurrence-specific context or an approved safe alias.
NAME_05297,thomas stokes,Thomas Stokes,1,Thomas Stokes,0,suggestion_only,Do not merge occurrences into one person without occurrence-specific context or an approved safe alias.
NAME_05298,thomas stubbins,Thomas Stubbins,2,m'’ Thomas Stubbins,0,suggestion_only,Do not merge occurrences into one person without occurrence-specific context or an approved safe alias.
NAME_05300,thomas suodham,Thomas Suodham,1,Thomas Suodham,0,suggestion_only,Do not merge occurrences into one person without occurrence-specific context or an approved safe alias.
NAME_05301,thomas swaine,Thomas Swaine,1,Thomas Swaine,0,suggestion_only,Do not merge occurrences into one person without occurrence-specific context or an approved safe alias.
NAME_05302,thomas swayne,Thomas Swayne,1,M* Thomas Swayne,0,suggestion_only,Do not merge occurrences into one person without occurrence-specific context or an approved safe alias.
NAME_05303,thomas swinhow,Thomas Swinhow,1,Thomas Swinhow,0,suggestion_only,Do not merge occurrences into one person without occurrence-specific context or an approved safe alias.
NAME_05304,thomas taylor,Thomas Taylor,1,Thomas Taylor,0,suggestion_only,Do not merge occurrences into one person without occurrence-specific context or an approved safe alias.
NAME_05305,thomas thorpe,Thomas Thorpe,4,Thomas Thorpe,0,suggestion_only,Do not merge occurrences into one person without occurrence-specific context or an approved safe alias.
NAME_05306,thomas thuntt,Thomas THuntt,1,Thomas THuntt,0,suggestion_only,Do not merge occurrences into one person without occurrence-specific context or an approved safe alias.
NAME_05307,thomas tolling,Thomas Tolling,1,Thomas Tolling,0,suggestion_only,Do not merge occurrences into one person without occurrence-specific context or an approved safe alias.
NAME_05308,thomas tones,Thomas Tones,1,Thomas Tones,0,suggestion_only,Do not merge occurrences into one person without occurrence-specific context or an approved safe alias.
NAME_05309,thomas touneyinan,Thomas Touneyinan,1,Thomas Touneyinan,0,suggestion_only,Do not merge occurrences into one person without occurrence-specific context or an approved safe alias.
NAME_05310,thomas tracey,Thomas Tracey,1,Thomas Tracey,0,suggestion_only,Do not merge occurrences into one person without occurrence-specific context or an approved safe alias.
NAME_05311,thomas tracy,Thomas Tracy,5,Sir Thomas Tracy | Thomas Tracy,0,suggestion_only,Do not merge occurrences into one person without occurrence-specific context or an approved safe alias.
NAME_05312,thomas vind,Thomas Vind,1,Sir Thomas Vind,0,suggestion_only,Do not merge occurrences into one person without occurrence-specific context or an approved safe alias.
NAME_05313,thomas viner,Thomas Viner,1,"Thomas
Viner",0,suggestion_only,Do not merge occurrences into one person without occurrence-specific context or an approved safe alias.
NAME_05314,thomas vyner,Thomas Vyner,1,m’ Thomas Vyner,0,suggestion_only,Do not merge occurrences into one person without occurrence-specific context or an approved safe alias.
NAME_05315,thomas wale,Thomas Wale,4,Thomas Wale,0,suggestion_only,Do not merge occurrences into one person without occurrence-specific context or an approved safe alias.
NAME_05316,thomas walker,Thomas Walker,1,Thomas Walker,0,suggestion_only,Do not merge occurrences into one person without occurrence-specific context or an approved safe alias.
NAME_05317,thomas walsingham,Thomas Walsingham,1,Sir Thomas Walsingham,0,suggestion_only,Do not merge occurrences into one person without occurrence-specific context or an approved safe alias.
NAME_05318,thomas ware,Thomas Ware,1,Thomas Ware,0,suggestion_only,Do not merge occurrences into one person without occurrence-specific context or an approved safe alias.
NAME_05319,thomas warr,Thomas Warr,1,Thomas Warr,0,suggestion_only,Do not merge occurrences into one person without occurrence-specific context or an approved safe alias.
NAME_05320,thomas waterhowse,Thomas Waterhowse,1,M' Thomas Waterhowse,0,suggestion_only,Do not merge occurrences into one person without occurrence-specific context or an approved safe alias.
NAME_05321,thomas watson,Thomas Watson,2,Sir Thomas Watson | Thomas Watson,0,suggestion_only,Do not merge occurrences into one person without occurrence-specific context or an approved safe alias.
NAME_05322,thomas wayneman,Thomas Wayneman,1,Thomas Wayneman,0,suggestion_only,Do not merge occurrences into one person without occurrence-specific context or an approved safe alias.
NAME_05323,thomas waynwright,Thomas Waynwright,1,Thomas Waynwright,0,suggestion_only,Do not merge occurrences into one person without occurrence-specific context or an approved safe alias.
NAME_05324,thomas webb,Thomas Webb,3,Thomas Webb,0,suggestion_only,Do not merge occurrences into one person without occurrence-specific context or an approved safe alias.
NAME_05325,thomas weed,Thomas Weed,1,Thomas Weed,0,suggestion_only,Do not merge occurrences into one person without occurrence-specific context or an approved safe alias.
NAME_05326,thomas welles,Thomas Welles,1,Thomas Welles,0,suggestion_only,Do not merge occurrences into one person without occurrence-specific context or an approved safe alias.
NAME_05328,thomas westrowe,Thomas Westrowe,2,"m*
Thomas Westrowe",0,suggestion_only,Do not merge occurrences into one person without occurrence-specific context or an approved safe alias.
NAME_05329,thomas wetherell,Thomas Wetherell,2,m’ Thomas Wetherell,0,suggestion_only,Do not merge occurrences into one person without occurrence-specific context or an approved safe alias.
NAME_05330,thomas wheatelye,Thomas Wheatelye,2,Thomas Wheatelye,0,suggestion_only,Do not merge occurrences into one person without occurrence-specific context or an approved safe alias.
NAME_05331,thomas wheatley,Thomas Wheatley,9,Thomas Wheatley | mr. Thomas Wheatley,0,suggestion_only,Do not merge occurrences into one person without occurrence-specific context or an approved safe alias.
NAME_05332,thomas wheeler,Thomas Wheeler,2,Thomas Wheeler,0,suggestion_only,Do not merge occurrences into one person without occurrence-specific context or an approved safe alias.
NAME_05333,thomas white,Thomas White,8,"Thomas
White | Thomas White | m' Thomas White",0,suggestion_only,Do not merge occurrences into one person without occurrence-specific context or an approved safe alias.
NAME_05334,thomas whitley,Thomas Whitley,1,Thomas Whitley,0,suggestion_only,Do not merge occurrences into one person without occurrence-specific context or an approved safe alias.
NAME_05335,thomas wilforde,Thomas Wilforde,1,Thomas Wilforde,0,suggestion_only,Do not merge occurrences into one person without occurrence-specific context or an approved safe alias.
NAME_05336,thomas willoby,Thomas Willoby,1,Thomas Willoby,0,suggestion_only,Do not merge occurrences into one person without occurrence-specific context or an approved safe alias.
NAME_05337,thomas willowby,Thomas Willowby,2,Thomas Willowby,0,suggestion_only,Do not merge occurrences into one person without occurrence-specific context or an approved safe alias.
NAME_05338,thomas willson,Thomas Willson,1,Thomas Willson,0,suggestion_only,Do not merge occurrences into one person without occurrence-specific context or an approved safe alias.
NAME_05339,thomas wilsford,Thomas Wilsford,1,Sir Thomas Wilsford,0,suggestion_only,Do not merge occurrences into one person without occurrence-specific context or an approved safe alias.
NAME_05340,thomas wilson,Thomas Wilson,1,Sir Thomas Wilson,0,suggestion_only,Do not merge occurrences into one person without occurrence-specific context or an approved safe alias.
NAME_05341,thomas winne,Thomas Winne,2,Captaine Thomas Winne,0,suggestion_only,Do not merge occurrences into one person without occurrence-specific context or an approved safe alias.
NAME_05342,thomas winston,Thomas Winston,7,Doctor Thomas Winston | Thomas Winston,0,suggestion_only,Do not merge occurrences into one person without occurrence-specific context or an approved safe alias.
NAME_05343,thomas winstone,Thomas Winstone,1,Thomas Winstone,0,suggestion_only,Do not merge occurrences into one person without occurrence-specific context or an approved safe alias.
NAME_05344,thomas wiseman,Thomas Wiseman,1,Thomas Wiseman,0,suggestion_only,Do not merge occurrences into one person without occurrence-specific context or an approved safe alias.
NAME_05345,thomas wittingham,Thomas Wittingham,1,Thomas Wittingham,0,suggestion_only,Do not merge occurrences into one person without occurrence-specific context or an approved safe alias.
NAME_05346,thomas wood,Thomas Wood,4,Thomas Wood,0,suggestion_only,Do not merge occurrences into one person without occurrence-specific context or an approved safe alias.
NAME_05347,thomas woode,Thomas Woode,1,Thomas Woode,0,suggestion_only,Do not merge occurrences into one person without occurrence-specific context or an approved safe alias.
NAME_05348,thomas woodliffe,Thomas Woodliffe,1,Thomas Woodliffe,0,suggestion_only,Do not merge occurrences into one person without occurrence-specific context or an approved safe alias.
NAME_05349,thomas woolcher,Thomas Woolcher,1,Thomas Woolcher,0,suggestion_only,Do not merge occurrences into one person without occurrence-specific context or an approved safe alias.
NAME_05350,thomas woolman,Thomas Woolman,1,Thomas Woolman,0,suggestion_only,Do not merge occurrences into one person without occurrence-specific context or an approved safe alias.
NAME_05353,thomas wyatt,Thomas Wyatt,1,Captain Thomas Wyatt,0,suggestion_only,Do not merge occurrences into one person without occurrence-specific context or an approved safe alias.
NAME_05354,thomas wylicocke,Thomas Wylicocke,1,Thomas Wylicocke,0,suggestion_only,Do not merge occurrences into one person without occurrence-specific context or an approved safe alias.
NAME_05355,thomas wynston,Thomas Wynston,1,Doctor Thomas Wynston,0,suggestion_only,Do not merge occurrences into one person without occurrence-specific context or an approved safe alias.
NAME_05356,thomas xerles,Thomas Xerles,1,Thomas Xerles,0,suggestion_only,Do not merge occurrences into one person without occurrence-specific context or an approved safe alias.
NAME_05357,thomas. accounts,Thomas. Accounts,1,"Sir Thomas.
Accounts",0,suggestion_only,Do not merge occurrences into one person without occurrence-specific context or an approved safe alias.
NAME_05358,thomas. augers.,Thomas. Augers.,1,"Sir Thomas.
Augers",0,suggestion_only,Do not merge occurrences into one person without occurrence-specific context or an approved safe alias.
NAME_05359,thomas. land,Thomas. Land,1,"Sir Thomas.
Land",0,suggestion_only,Do not merge occurrences into one person without occurrence-specific context or an approved safe alias.
NAME_05360,thomasin woopshawk,THomasin WoopsHawk,1,THomasin WoopsHawk,0,suggestion_only,Do not merge occurrences into one person without occurrence-specific context or an approved safe alias.
NAME_05361,thome alcocke,Thome Alcocke,1,Thome Alcocke,0,suggestion_only,Do not merge occurrences into one person without occurrence-specific context or an approved safe alias.
NAME_05362,thome allen,Thome Allen,1,Thome Allen,0,suggestion_only,Do not merge occurrences into one person without occurrence-specific context or an approved safe alias.
NAME_05363,thome barber,Thome Barber,1,Thome Barber,0,suggestion_only,Do not merge occurrences into one person without occurrence-specific context or an approved safe alias.
NAME_05364,thome bates,Thome Bates,2,Thome Bates,0,suggestion_only,Do not merge occurrences into one person without occurrence-specific context or an approved safe alias.
NAME_05365,thome brittayne,Thome Brittayne,1,Thome Brittayne,0,suggestion_only,Do not merge occurrences into one person without occurrence-specific context or an approved safe alias.
NAME_05366,thome brockett,Thome Brockett,1,Thome Brockett,0,suggestion_only,Do not merge occurrences into one person without occurrence-specific context or an approved safe alias.
NAME_05367,thome burgoyne,Thome Burgoyne,1,Thome Burgoyne,0,suggestion_only,Do not merge occurrences into one person without occurrence-specific context or an approved safe alias.
NAME_05368,thome buylve,Thome Buylve,1,Thome Buylve,0,suggestion_only,Do not merge occurrences into one person without occurrence-specific context or an approved safe alias.
NAME_05369,thome cannon,Thome Cannon,1,Thome Cannon,0,suggestion_only,Do not merge occurrences into one person without occurrence-specific context or an approved safe alias.
NAME_05370,thome carles,Thome Carles,1,Thome Carles,0,suggestion_only,Do not merge occurrences into one person without occurrence-specific context or an approved safe alias.
NAME_05371,thome carpenter,Thome Carpenter,1,Thome Carpenter,0,suggestion_only,Do not merge occurrences into one person without occurrence-specific context or an approved safe alias.
NAME_05372,thome cee,Thome Cee,1,Thome Cee,0,suggestion_only,Do not merge occurrences into one person without occurrence-specific context or an approved safe alias.
NAME_05373,thome challoner,Thome Challoner,1,Thome Challoner,0,suggestion_only,Do not merge occurrences into one person without occurrence-specific context or an approved safe alias.
NAME_05374,thome colthrust,Thome Colthrust,1,Thome Colthrust,0,suggestion_only,Do not merge occurrences into one person without occurrence-specific context or an approved safe alias.
NAME_05375,thome conway,Thome Conway,1,Thome Conway,0,suggestion_only,Do not merge occurrences into one person without occurrence-specific context or an approved safe alias.
NAME_05376,thome coventrye,Thome Coventrye,3,Thome Coventrye,0,suggestion_only,Do not merge occurrences into one person without occurrence-specific context or an approved safe alias.
NAME_05377,thome culpepper,Thome Culpepper,1,Thome Culpepper,0,suggestion_only,Do not merge occurrences into one person without occurrence-specific context or an approved safe alias.
NAME_05378,thome cutler,Thome Cutler,1,Thome Cutler,0,suggestion_only,Do not merge occurrences into one person without occurrence-specific context or an approved safe alias.
NAME_05379,thome dauks,Thome Dauks,1,Thome Dauks,0,suggestion_only,Do not merge occurrences into one person without occurrence-specific context or an approved safe alias.
NAME_05380,thome dennys,Thome Dennys,1,Thome Dennys,0,suggestion_only,Do not merge occurrences into one person without occurrence-specific context or an approved safe alias.
NAME_05381,thome dutton,Thome Dutton,1,Thome Dutton,0,suggestion_only,Do not merge occurrences into one person without occurrence-specific context or an approved safe alias.
NAME_05382,thome elmder,Thome Elmder,1,Thome Elmder,0,suggestion_only,Do not merge occurrences into one person without occurrence-specific context or an approved safe alias.
NAME_05383,thome gerrard,Thome Gerrard,1,Thome Gerrard,0,suggestion_only,Do not merge occurrences into one person without occurrence-specific context or an approved safe alias.
NAME_05384,thome grave,Thome Grave,1,Thome Grave,0,suggestion_only,Do not merge occurrences into one person without occurrence-specific context or an approved safe alias.
NAME_05385,thome harris,Thome Harris,1,Thome Harris,0,suggestion_only,Do not merge occurrences into one person without occurrence-specific context or an approved safe alias.
NAME_05386,thome holeroft,Thome Holeroft,1,Thome Holeroft,0,suggestion_only,Do not merge occurrences into one person without occurrence-specific context or an approved safe alias.
NAME_05387,thome honneyman,Thome Honneyman,1,Thome Honneyman,0,suggestion_only,Do not merge occurrences into one person without occurrence-specific context or an approved safe alias.
NAME_05388,thome horwell,Thome Horwell,1,Thome Horwell,0,suggestion_only,Do not merge occurrences into one person without occurrence-specific context or an approved safe alias.
NAME_05389,thome huntt,Thome Huntt,1,Thome Huntt,0,suggestion_only,Do not merge occurrences into one person without occurrence-specific context or an approved safe alias.
NAME_05390,thome jackson,Thome Jackson,1,Thome Jackson,0,suggestion_only,Do not merge occurrences into one person without occurrence-specific context or an approved safe alias.
NAME_05391,thome jedwin,Thome Jedwin,1,Thome Jedwin,0,suggestion_only,Do not merge occurrences into one person without occurrence-specific context or an approved safe alias.
NAME_05392,thome johnson,Thome Johnson,2,Thome Johnson,0,suggestion_only,Do not merge occurrences into one person without occurrence-specific context or an approved safe alias.
NAME_05393,thome keitley,Thome Keitley,1,Thome Keitley,0,suggestion_only,Do not merge occurrences into one person without occurrence-specific context or an approved safe alias.
NAME_05394,thome knowles,Thome Knowles,1,Thome Knowles,0,suggestion_only,Do not merge occurrences into one person without occurrence-specific context or an approved safe alias.
NAME_05395,thome langten,Thome Langten,1,Thome Langten,0,suggestion_only,Do not merge occurrences into one person without occurrence-specific context or an approved safe alias.
NAME_05396,thome lawson,Thome Lawson,1,Thome Lawson,0,suggestion_only,Do not merge occurrences into one person without occurrence-specific context or an approved safe alias.
NAME_05397,thome leyre,Thome Leyre,1,Thome Leyre,0,suggestion_only,Do not merge occurrences into one person without occurrence-specific context or an approved safe alias.
NAME_05398,thome male,Thome Male,1,Thome Male,0,suggestion_only,Do not merge occurrences into one person without occurrence-specific context or an approved safe alias.
NAME_05399,thome mewtis,Thome Mewtis,1,Thome Mewtis,0,suggestion_only,Do not merge occurrences into one person without occurrence-specific context or an approved safe alias.
NAME_05400,thome middleton,Thome Middleton,1,Thome Middleton,0,suggestion_only,Do not merge occurrences into one person without occurrence-specific context or an approved safe alias.
NAME_05401,thome mounfird,Thome Mounfird,1,Thome Mounfird,0,suggestion_only,Do not merge occurrences into one person without occurrence-specific context or an approved safe alias.
NAME_05402,thome mounson,Thome Mounson,1,Thome Mounson,0,suggestion_only,Do not merge occurrences into one person without occurrence-specific context or an approved safe alias.
NAME_05403,thome nicholls,Thome Nicholls,1,Thome Nicholls,0,suggestion_only,Do not merge occurrences into one person without occurrence-specific context or an approved safe alias.
NAME_05404,thome norineott,Thome Norineott,1,Thome Norineott,0,suggestion_only,Do not merge occurrences into one person without occurrence-specific context or an approved safe alias.
NAME_05405,thome panton,Thome Panton,1,Thome Panton,0,suggestion_only,Do not merge occurrences into one person without occurrence-specific context or an approved safe alias.
NAME_05406,thome perkin,Thome Perkin,1,Thome Perkin,0,suggestion_only,Do not merge occurrences into one person without occurrence-specific context or an approved safe alias.
NAME_05407,thome pleydall,Thome Pleydall,1,Thome Pleydall,0,suggestion_only,Do not merge occurrences into one person without occurrence-specific context or an approved safe alias.
NAME_05408,thome plomer,Thome Plomer,1,Thome Plomer,0,suggestion_only,Do not merge occurrences into one person without occurrence-specific context or an approved safe alias.
NAME_05409,thome richards,Thome Richards,1,Thome Richards,0,suggestion_only,Do not merge occurrences into one person without occurrence-specific context or an approved safe alias.
NAME_05410,thome ridgeway,Thome Ridgeway,1,Thome Ridgeway,0,suggestion_only,Do not merge occurrences into one person without occurrence-specific context or an approved safe alias.
NAME_05412,thome saudis,Thome Saudis,1,"Thome
Saudis",0,suggestion_only,Do not merge occurrences into one person without occurrence-specific context or an approved safe alias.
NAME_05413,thome scott,Thome Scott,1,Thome Scott,0,suggestion_only,Do not merge occurrences into one person without occurrence-specific context or an approved safe alias.
NAME_05414,thome shipton,Thome Shipton,2,Thome Shipton,0,suggestion_only,Do not merge occurrences into one person without occurrence-specific context or an approved safe alias.
NAME_05415,thome smith,Thome Smith,1,Thome Smith,0,suggestion_only,Do not merge occurrences into one person without occurrence-specific context or an approved safe alias.
NAME_05416,thome smyth,Thome Smyth,1,Thome Smyth,0,suggestion_only,Do not merge occurrences into one person without occurrence-specific context or an approved safe alias.
NAME_05417,thome walker,Thome Walker,1,Thome Walker,0,suggestion_only,Do not merge occurrences into one person without occurrence-specific context or an approved safe alias.
NAME_05418,thome watson,Thome Watson,1,Thome Watson,0,suggestion_only,Do not merge occurrences into one person without occurrence-specific context or an approved safe alias.
NAME_05419,thome webb,Thome Webb,1,Thome Webb,0,suggestion_only,Do not merge occurrences into one person without occurrence-specific context or an approved safe alias.
NAME_05420,thome wells,Thome Wells,1,Thome Wells,0,suggestion_only,Do not merge occurrences into one person without occurrence-specific context or an approved safe alias.
NAME_05421,thome wenman,Thome Wenman,1,Thome Wenman,0,suggestion_only,Do not merge occurrences into one person without occurrence-specific context or an approved safe alias.
NAME_05422,thome wheeler,Thome Wheeler,1,Thome Wheeler,0,suggestion_only,Do not merge occurrences into one person without occurrence-specific context or an approved safe alias.
NAME_05423,thome white,Thome White,1,Thome White,0,suggestion_only,Do not merge occurrences into one person without occurrence-specific context or an approved safe alias.
NAME_05424,thome whitley,Thome Whitley,1,Thome Whitley,0,suggestion_only,Do not merge occurrences into one person without occurrence-specific context or an approved safe alias.
NAME_05425,thome willson,Thome Willson,1,Thome Willson,0,suggestion_only,Do not merge occurrences into one person without occurrence-specific context or an approved safe alias.
NAME_05426,thome wood,Thome Wood,3,Thome Wood,0,suggestion_only,Do not merge occurrences into one person without occurrence-specific context or an approved safe alias.
NAME_05427,thome wyatt,Thome Wyatt,1,Thome Wyatt,0,suggestion_only,Do not merge occurrences into one person without occurrence-specific context or an approved safe alias.
NAME_05428,thome wynne,Thome Wynne,1,Thome Wynne,0,suggestion_only,Do not merge occurrences into one person without occurrence-specific context or an approved safe alias.
NAME_05429,thomis fyneh,Thomis Fyneh,1,Thomis Fyneh,0,suggestion_only,Do not merge occurrences into one person without occurrence-specific context or an approved safe alias.
NAME_05430,thoms brigg,Thoms Brigg,1,Thoms Brigg,0,suggestion_only,Do not merge occurrences into one person without occurrence-specific context or an approved safe alias.
NAME_05431,thoms harwell,Thoms Harwell,1,Sir Thoms Harwell,0,suggestion_only,Do not merge occurrences into one person without occurrence-specific context or an approved safe alias.
NAME_05432,thoms shipton,Thoms Shipton,1,Thoms Shipton,0,suggestion_only,Do not merge occurrences into one person without occurrence-specific context or an approved safe alias.
NAME_05434,thon farrar,Thon Farrar,1,m’ Thon Farrar,0,suggestion_only,Do not merge occurrences into one person without occurrence-specific context or an approved safe alias.
NAME_05435,thon graves,Thon Graves,1,"Sir Thon
Graves",0,suggestion_only,Do not merge occurrences into one person without occurrence-specific context or an approved safe alias.
NAME_05436,thon smith,Thon Smith,1,Thon Smith,0,suggestion_only,Do not merge occurrences into one person without occurrence-specific context or an approved safe alias.
NAME_05438,thon wroth,Thon Wroth,2,m* Thon Wroth,0,suggestion_only,Do not merge occurrences into one person without occurrence-specific context or an approved safe alias.
NAME_05439,thonias mewtis,Thonias Mewtis,1,Captain Thonias Mewtis,0,suggestion_only,Do not merge occurrences into one person without occurrence-specific context or an approved safe alias.
NAME_05440,thonias wynne,Thonias Wynne,1,Captain Thonias Wynne,0,suggestion_only,Do not merge occurrences into one person without occurrence-specific context or an approved safe alias.
NAME_05441,thonins wheatley,Thonins Wheatley,1,Thonins Wheatley,0,suggestion_only,Do not merge occurrences into one person without occurrence-specific context or an approved safe alias.
NAME_05442,thorias bocket,Thorias Bocket,1,Thorias Bocket,0,suggestion_only,Do not merge occurrences into one person without occurrence-specific context or an approved safe alias.
NAME_05443,thorias woddwseq,Thorias Woddwseq,1,Thorias Woddwseq,0,suggestion_only,Do not merge occurrences into one person without occurrence-specific context or an approved safe alias.
NAME_05444,thormas smyth,Thormas Smyth,1,Thormas Smyth,0,suggestion_only,Do not merge occurrences into one person without occurrence-specific context or an approved safe alias.
NAME_05445,thorp deputy,Thorp Deputy,1,m* Thorp Deputy,0,suggestion_only,Do not merge occurrences into one person without occurrence-specific context or an approved safe alias.
NAME_05446,thorpe captainc,Thorpe Captainc,1,M' Thorpe Captainc,0,suggestion_only,Do not merge occurrences into one person without occurrence-specific context or an approved safe alias.
NAME_05447,thorpe c’,Thorpe C’,1,Mr Thorpe C’,0,suggestion_only,Do not merge occurrences into one person without occurrence-specific context or an approved safe alias.
NAME_05448,thorpe. of,Thorpe. Of,1,"m' Thorpe.
Of",0,suggestion_only,Do not merge occurrences into one person without occurrence-specific context or an approved safe alias.
NAME_05449,thoruas weanin,Thoruas Weanin,1,Sir Thoruas Weanin,0,suggestion_only,Do not merge occurrences into one person without occurrence-specific context or an approved safe alias.
NAME_05450,thos. smith’s,Thos. Smith’s,1,Sir Thos. Smith’s,0,suggestion_only,Do not merge occurrences into one person without occurrence-specific context or an approved safe alias.
NAME_05451,thotiae denn,Thotiae Denn,1,Thotiae Denn,0,suggestion_only,Do not merge occurrences into one person without occurrence-specific context or an approved safe alias.
NAME_05452,thotnas wells,Thotnas Wells,1,Thotnas Wells,0,suggestion_only,Do not merge occurrences into one person without occurrence-specific context or an approved safe alias.
NAME_05453,thotnas wood,Thotnas Wood,1,Captain Thotnas Wood,0,suggestion_only,Do not merge occurrences into one person without occurrence-specific context or an approved safe alias.
NAME_05454,thre se,Thre Se,1,Thre Se,0,suggestion_only,Do not merge occurrences into one person without occurrence-specific context or an approved safe alias.
NAME_05456,threre deecla-,Threre Deecla-,1,M' Threre Deecla-,0,suggestion_only,Do not merge occurrences into one person without occurrence-specific context or an approved safe alias.
NAME_05457,throckm9ton richard,Throckm9ton Richard,1,Throckm9ton Richard,0,suggestion_only,Do not merge occurrences into one person without occurrence-specific context or an approved safe alias.
NAME_05458,throkm9ton rich,Throkm9ton Rich,1,Throkm9ton Rich,0,suggestion_only,Do not merge occurrences into one person without occurrence-specific context or an approved safe alias.
NAME_05459,throporn gulston,THroporn GuLston,1,THroporn GuLston,0,suggestion_only,Do not merge occurrences into one person without occurrence-specific context or an approved safe alias.
NAME_05462,tillman henton,Tillman Henton,1,Tillman Henton,0,suggestion_only,Do not merge occurrences into one person without occurrence-specific context or an approved safe alias.
NAME_05463,tilman henton,Tilman Henton,1,Tilman Henton,0,suggestion_only,Do not merge occurrences into one person without occurrence-specific context or an approved safe alias.
NAME_05464,tilmani henton,Tilmani Henton,1,Tilmani Henton,0,suggestion_only,Do not merge occurrences into one person without occurrence-specific context or an approved safe alias.
NAME_05465,tim anyseeds,Tim Anyseeds,1,Tim Anyseeds,0,suggestion_only,Do not merge occurrences into one person without occurrence-specific context or an approved safe alias.
NAME_05466,tim gate,Tim GATE,1,Tim GATE,0,suggestion_only,Do not merge occurrences into one person without occurrence-specific context or an approved safe alias.
NAME_05467,tim gd,Tim Gd,1,Tim Gd,0,suggestion_only,Do not merge occurrences into one person without occurrence-specific context or an approved safe alias.
NAME_05468,timotheo bathurst,Timotheo Bathurst,1,Timotheo Bathurst,0,suggestion_only,Do not merge occurrences into one person without occurrence-specific context or an approved safe alias.
NAME_05469,timothy batburst,Timothy Batburst,1,Timothy Batburst,0,suggestion_only,Do not merge occurrences into one person without occurrence-specific context or an approved safe alias.
NAME_05470,timothy bathurst,Timothy Bathurst,1,Timothy Bathurst,0,suggestion_only,Do not merge occurrences into one person without occurrence-specific context or an approved safe alias.
NAME_05471,timothy moise,Timothy Moise,1,Timothy Moise,0,suggestion_only,Do not merge occurrences into one person without occurrence-specific context or an approved safe alias.
NAME_05472,timothy thornehill,Timothy Thornehill,1,Timothy Thornehill,0,suggestion_only,Do not merge occurrences into one person without occurrence-specific context or an approved safe alias.
NAME_05473,timothy. land,Timothy. Land,1,"Sir Timothy.
Land",0,suggestion_only,Do not merge occurrences into one person without occurrence-specific context or an approved safe alias.
NAME_05474,timotuy garr,Timotuy Garr,1,Timotuy Garr,0,suggestion_only,Do not merge occurrences into one person without occurrence-specific context or an approved safe alias.
NAME_05475,tiohn bland,TIohn Bland,1,TIohn Bland,0,suggestion_only,Do not merge occurrences into one person without occurrence-specific context or an approved safe alias.
NAME_05476,tiohn smyth,TIohn Smyth,1,TIohn Smyth,0,suggestion_only,Do not merge occurrences into one person without occurrence-specific context or an approved safe alias.
NAME_05483,toane blancher,Toane Blancher,1,Toane Blancher,0,suggestion_only,Do not merge occurrences into one person without occurrence-specific context or an approved safe alias.
NAME_05484,toane coopy,Toane Coopy,1,Toane Coopy,0,suggestion_only,Do not merge occurrences into one person without occurrence-specific context or an approved safe alias.
NAME_05485,toane greene,Toane Greene,1,Toane Greene,0,suggestion_only,Do not merge occurrences into one person without occurrence-specific context or an approved safe alias.
NAME_05486,tobias cooper,Tobias Cooper,2,Tobias Cooper,0,suggestion_only,Do not merge occurrences into one person without occurrence-specific context or an approved safe alias.
NAME_05487,tobias felgate,Tobias Felgate,1,Tobias Felgate,0,suggestion_only,Do not merge occurrences into one person without occurrence-specific context or an approved safe alias.
NAME_05488,tobias hanson,Tobias Hanson,1,Tobias Hanson,0,suggestion_only,Do not merge occurrences into one person without occurrence-specific context or an approved safe alias.
NAME_05489,tobias iohnson,Tobias Iohnson,1,Tobias Iohnson,0,suggestion_only,Do not merge occurrences into one person without occurrence-specific context or an approved safe alias.
NAME_05490,tobias parice,Tobias Parice,1,Tobias Parice,0,suggestion_only,Do not merge occurrences into one person without occurrence-specific context or an approved safe alias.
NAME_05491,tobias sneede,Tobias Sneede,1,Tobias Sneede,0,suggestion_only,Do not merge occurrences into one person without occurrence-specific context or an approved safe alias.
NAME_05492,tobie hanson,Tobie Hanson,1,Tobie Hanson,0,suggestion_only,Do not merge occurrences into one person without occurrence-specific context or an approved safe alias.
NAME_05493,tobie sneede,Tobie Sneede,1,Tobie Sneede,0,suggestion_only,Do not merge occurrences into one person without occurrence-specific context or an approved safe alias.
NAME_05494,tobn farmer,Tobn Farmer,1,Tobn Farmer,0,suggestion_only,Do not merge occurrences into one person without occurrence-specific context or an approved safe alias.
NAME_05495,toby palavicine,Toby Palavicine,1,m' Toby Palavicine,0,suggestion_only,Do not merge occurrences into one person without occurrence-specific context or an approved safe alias.
NAME_05496,tobye palavicine,Tobye Palavicine,1,m' Tobye Palavicine,0,suggestion_only,Do not merge occurrences into one person without occurrence-specific context or an approved safe alias.
NAME_05499,tohn andrews,Tohn Andrews,1,Tohn Andrews,0,suggestion_only,Do not merge occurrences into one person without occurrence-specific context or an approved safe alias.
NAME_05500,tohn baker,Tohn Baker,1,Tohn Baker,0,suggestion_only,Do not merge occurrences into one person without occurrence-specific context or an approved safe alias.
NAME_05501,tohn bancks,Tohn Bancks,1,Tohn Bancks,0,suggestion_only,Do not merge occurrences into one person without occurrence-specific context or an approved safe alias.
NAME_05502,tohn bel,Tohn Bel,1,Tohn Bel,0,suggestion_only,Do not merge occurrences into one person without occurrence-specific context or an approved safe alias.
NAME_05503,tohn blewet,Tohn Blewet,1,Tohn Blewet,0,suggestion_only,Do not merge occurrences into one person without occurrence-specific context or an approved safe alias.
NAME_05504,tohn braford,Tohn Braford,1,Tohn Braford,0,suggestion_only,Do not merge occurrences into one person without occurrence-specific context or an approved safe alias.
NAME_05505,tohn bullock,Tohn Bullock,1,Tohn Bullock,0,suggestion_only,Do not merge occurrences into one person without occurrence-specific context or an approved safe alias.
NAME_05506,tohn burton,Tohn Burton,1,Tohn Burton,0,suggestion_only,Do not merge occurrences into one person without occurrence-specific context or an approved safe alias.
NAME_05507,tohn butler,Tohn Butler,1,Tohn Butler,0,suggestion_only,Do not merge occurrences into one person without occurrence-specific context or an approved safe alias.
NAME_05508,tohn cage,Tohn Cage,1,Tohn Cage,0,suggestion_only,Do not merge occurrences into one person without occurrence-specific context or an approved safe alias.
NAME_05509,tohn cole,Tohn Cole,1,Tohn Cole,0,suggestion_only,Do not merge occurrences into one person without occurrence-specific context or an approved safe alias.
NAME_05510,tohn corderoy,Tohn Corderoy,1,Tohn Corderoy,0,suggestion_only,Do not merge occurrences into one person without occurrence-specific context or an approved safe alias.
NAME_05511,tohn daniel,Tohn Daniel,1,Tohn Daniel,0,suggestion_only,Do not merge occurrences into one person without occurrence-specific context or an approved safe alias.
NAME_05513,tohn dauies,Tohn Dauies,2,Tohn Dauies,0,suggestion_only,Do not merge occurrences into one person without occurrence-specific context or an approved safe alias.
NAME_05514,tohn doule,Tohn Doule,1,Tohn Doule,0,suggestion_only,Do not merge occurrences into one person without occurrence-specific context or an approved safe alias.
NAME_05515,tohn dowler,Tohn Dowler,1,Tohn Dowler,0,suggestion_only,Do not merge occurrences into one person without occurrence-specific context or an approved safe alias.
NAME_05516,tohn downes,Tohn Downes,1,Tohn Downes,0,suggestion_only,Do not merge occurrences into one person without occurrence-specific context or an approved safe alias.
NAME_05517,tohn dring,Tohn Dring,1,Tohn Dring,0,suggestion_only,Do not merge occurrences into one person without occurrence-specific context or an approved safe alias.
NAME_05518,tohn ellen,Tohn Ellen,1,Tohn Ellen,0,suggestion_only,Do not merge occurrences into one person without occurrence-specific context or an approved safe alias.
NAME_05519,tohn fletcher,Tohn Fletcher,1,Tohn Fletcher,0,suggestion_only,Do not merge occurrences into one person without occurrence-specific context or an approved safe alias.
NAME_05520,tohn flores,Tohn Flores,1,Tohn Flores,0,suggestion_only,Do not merge occurrences into one person without occurrence-specific context or an approved safe alias.
NAME_05521,tohn fowler,Tohn Fowler,1,Tohn Fowler,0,suggestion_only,Do not merge occurrences into one person without occurrence-specific context or an approved safe alias.
NAME_05522,tohn francklin,Tohn Francklin,1,Tohn Francklin,0,suggestion_only,Do not merge occurrences into one person without occurrence-specific context or an approved safe alias.
NAME_05523,tohn gibbes,Tohn Gibbes,2,Tohn Gibbes,0,suggestion_only,Do not merge occurrences into one person without occurrence-specific context or an approved safe alias.
NAME_05524,tohn griffin,Tohn Griffin,1,Tohn Griffin,0,suggestion_only,Do not merge occurrences into one person without occurrence-specific context or an approved safe alias.
NAME_05525,tohn grocer,Tohn Grocer,1,Tohn Grocer,0,suggestion_only,Do not merge occurrences into one person without occurrence-specific context or an approved safe alias.
NAME_05526,tohn hanham,Tohn Hanham,4,Sir Tohn Hanham,0,suggestion_only,Do not merge occurrences into one person without occurrence-specific context or an approved safe alias.
NAME_05527,tohn harper,Tohn Harper,1,Tohn Harper,0,suggestion_only,Do not merge occurrences into one person without occurrence-specific context or an approved safe alias.
NAME_05528,tohn hodgis,Tohn Hodgis,1,Tohn Hodgis,0,suggestion_only,Do not merge occurrences into one person without occurrence-specific context or an approved safe alias.
NAME_05529,tohn hodsale,Tohn Hodsale,1,Tohn Hodsale,0,suggestion_only,Do not merge occurrences into one person without occurrence-specific context or an approved safe alias.
NAME_05530,tohn hogsell,Tohn Hogsell,1,Tohn Hogsell,0,suggestion_only,Do not merge occurrences into one person without occurrence-specific context or an approved safe alias.
NAME_05531,tohn holmeden,Tohn Holmeden,1,Tohn Holmeden,0,suggestion_only,Do not merge occurrences into one person without occurrence-specific context or an approved safe alias.
NAME_05532,tohn hopkins,Tohn Hopkins,1,Tohn Hopkins,0,suggestion_only,Do not merge occurrences into one person without occurrence-specific context or an approved safe alias.
NAME_05533,tohn howlet,Tohn Howlet,1,Tohn Howlet,0,suggestion_only,Do not merge occurrences into one person without occurrence-specific context or an approved safe alias.
NAME_05534,tohn howlett,Tohn Howlett,1,Tohn Howlett,0,suggestion_only,Do not merge occurrences into one person without occurrence-specific context or an approved safe alias.
NAME_05535,tohn hunt,Tohn Hunt,1,Tohn Hunt,0,suggestion_only,Do not merge occurrences into one person without occurrence-specific context or an approved safe alias.
NAME_05536,tohn huntley,Tohn Huntley,1,Tohn Huntley,0,suggestion_only,Do not merge occurrences into one person without occurrence-specific context or an approved safe alias.
NAME_05537,tohn kettleby,Tohn Kettleby,1,Tohn Kettleby,0,suggestion_only,Do not merge occurrences into one person without occurrence-specific context or an approved safe alias.
NAME_05538,tohn larkin,Tohn Larkin,1,Tohn Larkin,0,suggestion_only,Do not merge occurrences into one person without occurrence-specific context or an approved safe alias.
NAME_05539,tohn leman,Tohn Leman,1,Tohn Leman,0,suggestion_only,Do not merge occurrences into one person without occurrence-specific context or an approved safe alias.
NAME_05540,tohn lewson,Tohn Lewson,1,Sir Tohn Lewson,0,suggestion_only,Do not merge occurrences into one person without occurrence-specific context or an approved safe alias.
NAME_05541,tohn linsey,Tohn Linsey,1,Tohn Linsey,0,suggestion_only,Do not merge occurrences into one person without occurrence-specific context or an approved safe alias.
NAME_05542,tohn linzey,Tohn Linzey,1,Tohn Linzey,0,suggestion_only,Do not merge occurrences into one person without occurrence-specific context or an approved safe alias.
NAME_05544,tohn mason,Tohn Mason,1,Tohn Mason,0,suggestion_only,Do not merge occurrences into one person without occurrence-specific context or an approved safe alias.
NAME_05545,tohn may.,Tohn May.,1,Tohn May,0,suggestion_only,Do not merge occurrences into one person without occurrence-specific context or an approved safe alias.
NAME_05546,tohn paly,Tohn Paly,1,Tohn Paly,0,suggestion_only,Do not merge occurrences into one person without occurrence-specific context or an approved safe alias.
NAME_05547,tohn pawlet,Tohn Pawlet,1,Tohn Pawlet,0,suggestion_only,Do not merge occurrences into one person without occurrence-specific context or an approved safe alias.
NAME_05548,tohn pearson,Tohn Pearson,1,Tohn Pearson,0,suggestion_only,Do not merge occurrences into one person without occurrence-specific context or an approved safe alias.
NAME_05549,tohn prat,Tohn Prat,1,Tohn Prat,0,suggestion_only,Do not merge occurrences into one person without occurrence-specific context or an approved safe alias.
NAME_05550,tohn reeue,Tohn Reeue,1,Tohn Reeue,0,suggestion_only,Do not merge occurrences into one person without occurrence-specific context or an approved safe alias.
NAME_05551,tohn reignolds,Tohn Reignolds,1,Tohn Reignolds,0,suggestion_only,Do not merge occurrences into one person without occurrence-specific context or an approved safe alias.
NAME_05553,tohn samon,Tohn Samon,1,Tohn Samon,0,suggestion_only,Do not merge occurrences into one person without occurrence-specific context or an approved safe alias.
NAME_05554,tohn siluer,Tohn Siluer,1,Tohn Siluer,0,suggestion_only,Do not merge occurrences into one person without occurrence-specific context or an approved safe alias.
NAME_05555,tohn singer,Tohn Singer,1,Tohn Singer,0,suggestion_only,Do not merge occurrences into one person without occurrence-specific context or an approved safe alias.
NAME_05556,tohn slaughter,Tohn Slaughter,1,Tohn Slaughter,0,suggestion_only,Do not merge occurrences into one person without occurrence-specific context or an approved safe alias.
NAME_05557,tohn smyth,Tohn Smyth,1,Tohn Smyth,0,suggestion_only,Do not merge occurrences into one person without occurrence-specific context or an approved safe alias.
NAME_05558,tohn stockley,Tohn Stockley,1,Tohn Stockley,0,suggestion_only,Do not merge occurrences into one person without occurrence-specific context or an approved safe alias.
NAME_05559,tohn stradling,Tohn Stradling,1,Sir Tohn Stradling,0,suggestion_only,Do not merge occurrences into one person without occurrence-specific context or an approved safe alias.
NAME_05560,tohn stradling..-----,Tohn Stradling..-----,1,Sir Tohn Stradling..-----,0,suggestion_only,Do not merge occurrences into one person without occurrence-specific context or an approved safe alias.
NAME_05561,tohn stratford,Tohn Stratford,2,M* Tohn Stratford,0,suggestion_only,Do not merge occurrences into one person without occurrence-specific context or an approved safe alias.
NAME_05562,tohn tauerner,Tohn Tauerner,1,Tohn Tauerner,0,suggestion_only,Do not merge occurrences into one person without occurrence-specific context or an approved safe alias.
NAME_05563,tohn taylor,Tohn Taylor,3,Tohn Taylor,0,suggestion_only,Do not merge occurrences into one person without occurrence-specific context or an approved safe alias.
NAME_05564,tohn walter,Tohn Walter,1,Tohn Walter,0,suggestion_only,Do not merge occurrences into one person without occurrence-specific context or an approved safe alias.
NAME_05565,tohn water,Tohn Water,1,Tohn Water,0,suggestion_only,Do not merge occurrences into one person without occurrence-specific context or an approved safe alias.
NAME_05566,tohn watts,Tohn Watts,2,Sir Tohn Watts,0,suggestion_only,Do not merge occurrences into one person without occurrence-specific context or an approved safe alias.
NAME_05567,tohn whittingham,Tohn Whittingham,1,Tohn Whittingham,0,suggestion_only,Do not merge occurrences into one person without occurrence-specific context or an approved safe alias.
NAME_05568,tohn wilcocke,Tohn Wilcocke,1,Tohn Wilcocke,0,suggestion_only,Do not merge occurrences into one person without occurrence-specific context or an approved safe alias.
NAME_05569,tohn willet,Tohn Willet,1,Tohn Willet,0,suggestion_only,Do not merge occurrences into one person without occurrence-specific context or an approved safe alias.
NAME_05570,tohn wooller,Tohn Wooller,1,Tohn Wooller,0,suggestion_only,Do not merge occurrences into one person without occurrence-specific context or an approved safe alias.
NAME_05571,tohn wright,Tohn Wright,1,Tohn Wright,0,suggestion_only,Do not merge occurrences into one person without occurrence-specific context or an approved safe alias.
NAME_05572,tohn wroth,Tohn Wroth,1,Tohn Wroth,0,suggestion_only,Do not merge occurrences into one person without occurrence-specific context or an approved safe alias.
NAME_05573,tohne w,Tohne W,1,Tohne W,0,suggestion_only,Do not merge occurrences into one person without occurrence-specific context or an approved safe alias.
NAME_05574,toice tracy,Toice Tracy,1,Toice Tracy,0,suggestion_only,Do not merge occurrences into one person without occurrence-specific context or an approved safe alias.
NAME_05575,tol weld,Tol Weld,2,Sir Tol Weld,0,suggestion_only,Do not merge occurrences into one person without occurrence-specific context or an approved safe alias.
NAME_05576,tom gy,Tom Gy,1,Tom Gy,0,suggestion_only,Do not merge occurrences into one person without occurrence-specific context or an approved safe alias.
NAME_05577,tomathen sith,Tomathen Sith,1,Tomathen Sith,0,suggestion_only,Do not merge occurrences into one person without occurrence-specific context or an approved safe alias.
NAME_05578,tonathan nuttall,Tonathan Nuttall,1,Tonathan Nuttall,0,suggestion_only,Do not merge occurrences into one person without occurrence-specific context or an approved safe alias.
NAME_05579,tonorkd henry,Tonorkd Henry,1,Tonorkd Henry,0,suggestion_only,Do not merge occurrences into one person without occurrence-specific context or an approved safe alias.
NAME_05580,torasun henry,Torasun Henry,1,Torasun Henry,0,suggestion_only,Do not merge occurrences into one person without occurrence-specific context or an approved safe alias.
NAME_05581,tord compton,Tord Compton,1,Tord Compton,0,suggestion_only,Do not merge occurrences into one person without occurrence-specific context or an approved safe alias.
NAME_05582,toremyy heidon,Toremyy Heidon,1,Toremyy Heidon,0,suggestion_only,Do not merge occurrences into one person without occurrence-specific context or an approved safe alias.
NAME_05583,toseph bowry---.----,Toseph Bowry---.----,1,Toseph Bowry---.----,0,suggestion_only,Do not merge occurrences into one person without occurrence-specific context or an approved safe alias.
NAME_05584,toseph fitch,Toseph Fitch,1,Toseph Fitch,0,suggestion_only,Do not merge occurrences into one person without occurrence-specific context or an approved safe alias.
NAME_05585,toseph newberow,Toseph Newberow,1,Toseph Newberow,0,suggestion_only,Do not merge occurrences into one person without occurrence-specific context or an approved safe alias.
NAME_05586,toseph some,Toseph Some,1,Toseph Some,0,suggestion_only,Do not merge occurrences into one person without occurrence-specific context or an approved safe alias.
NAME_05589,toun smytu,Toun SmyTu,1,Toun SmyTu,0,suggestion_only,Do not merge occurrences into one person without occurrence-specific context or an approved safe alias.
NAME_05590,tracy esqs,Tracy Esqs,1,Tracy Esqs,0,suggestion_only,Do not merge occurrences into one person without occurrence-specific context or an approved safe alias.
NAME_05591,tracy. june,Tracy. June,1,m' Tracy. June,0,suggestion_only,Do not merge occurrences into one person without occurrence-specific context or an approved safe alias.
NAME_05592,tracy. robert,Tracy. Robert,1,Tracy. Robert,0,suggestion_only,Do not merge occurrences into one person without occurrence-specific context or an approved safe alias.
NAME_05593,tracyes tre,Tracyes Tre,2,m' Tracyes Tre,0,suggestion_only,Do not merge occurrences into one person without occurrence-specific context or an approved safe alias.
NAME_05594,tracy’s departure,Tracy’s DEPARTURE,1,"Tracy’s
DEPARTURE",0,suggestion_only,Do not merge occurrences into one person without occurrence-specific context or an approved safe alias.
NAME_05597,treasurer middlesex,Treasurer Middlesex,3,Lord Treasurer Middlesex,0,suggestion_only,Do not merge occurrences into one person without occurrence-specific context or an approved safe alias.
NAME_05599,treasuror caswell,Treasuror Caswell,2,m* Treasuror Caswell,0,suggestion_only,Do not merge occurrences into one person without occurrence-specific context or an approved safe alias.
NAME_05607,trer tt,Trer Tt,1,Trer Tt,0,suggestion_only,Do not merge occurrences into one person without occurrence-specific context or an approved safe alias.
NAME_05611,trorp prrirton,Trorp Prrirton,1,Trorp Prrirton,0,suggestion_only,Do not merge occurrences into one person without occurrence-specific context or an approved safe alias.
NAME_05612,trucke maister,Trucke Maister,1,Trucke Maister,0,suggestion_only,Do not merge occurrences into one person without occurrence-specific context or an approved safe alias.
NAME_05614,tsacke chaplin,Tsacke Chaplin,1,Tsacke Chaplin,0,suggestion_only,Do not merge occurrences into one person without occurrence-specific context or an approved safe alias.
NAME_05615,tucker. cap,Tucker. Cap,1,"m’ Tucker.
Cap",0,suggestion_only,Do not merge occurrences into one person without occurrence-specific context or an approved safe alias.
NAME_05616,tuckers accompt,Tuckers Accompt,1,Captaine Tuckers Accompt,0,suggestion_only,Do not merge occurrences into one person without occurrence-specific context or an approved safe alias.
NAME_05617,tuer lo,Tuer Lo,1,Tuer Lo,0,suggestion_only,Do not merge occurrences into one person without occurrence-specific context or an approved safe alias.
NAME_05618,tumfry westwood,Tumfry Westwood,1,Tumfry Westwood,0,suggestion_only,Do not merge occurrences into one person without occurrence-specific context or an approved safe alias.
NAME_05619,tuomas coventrye,Tuomas CovENTRYE,1,Tuomas CovENTRYE,0,suggestion_only,Do not merge occurrences into one person without occurrence-specific context or an approved safe alias.
NAME_05620,tuomas gisps,Tuomas Gisps,2,Tuomas Gisps,0,suggestion_only,Do not merge occurrences into one person without occurrence-specific context or an approved safe alias.
NAME_05621,tuomas harris,Tuomas Harris,1,Tuomas Harris,0,suggestion_only,Do not merge occurrences into one person without occurrence-specific context or an approved safe alias.
NAME_05622,tuomas harwoop,Tuomas Harwoop,1,Tuomas Harwoop,0,suggestion_only,Do not merge occurrences into one person without occurrence-specific context or an approved safe alias.
NAME_05623,tuomas marvarr,Tuomas Marvarr,1,Tuomas Marvarr,0,suggestion_only,Do not merge occurrences into one person without occurrence-specific context or an approved safe alias.
NAME_05624,tuomas merry,Tuomas Merry,2,Sir Tuomas Merry,0,suggestion_only,Do not merge occurrences into one person without occurrence-specific context or an approved safe alias.
NAME_05625,tuomas minpmaye,Tuomas MinpMaye,2,Sir Tuomas MinpMaye,0,suggestion_only,Do not merge occurrences into one person without occurrence-specific context or an approved safe alias.
NAME_05626,tuomas parker,Tuomas ParKER,1,Tuomas ParKER,0,suggestion_only,Do not merge occurrences into one person without occurrence-specific context or an approved safe alias.
NAME_05627,tuomas passmore,Tuomas Passmore,1,Tuomas Passmore,0,suggestion_only,Do not merge occurrences into one person without occurrence-specific context or an approved safe alias.
NAME_05628,tuomas rusell,Tuomas RuseLL,1,Tuomas RuseLL,0,suggestion_only,Do not merge occurrences into one person without occurrence-specific context or an approved safe alias.
NAME_05629,tuomas wynsron,Tuomas Wynsron,1,Tuomas Wynsron,0,suggestion_only,Do not merge occurrences into one person without occurrence-specific context or an approved safe alias.
NAME_05633,turkie barbarie,Turkie Barbarie,1,Turkie Barbarie,0,suggestion_only,Do not merge occurrences into one person without occurrence-specific context or an approved safe alias.
NAME_05634,tus kina,Tus Kina,1,Tus Kina,0,suggestion_only,Do not merge occurrences into one person without occurrence-specific context or an approved safe alias.
NAME_05636,ty hite,Ty Hite,1,Ty Hite,0,suggestion_only,Do not merge occurrences into one person without occurrence-specific context or an approved safe alias.
NAME_05638,ue tur,Ue Tur,1,Ue Tur,0,suggestion_only,Do not merge occurrences into one person without occurrence-specific context or an approved safe alias.
NAME_05639,ughtt wattar,Ughtt Wattar,1,Ughtt Wattar,0,suggestion_only,Do not merge occurrences into one person without occurrence-specific context or an approved safe alias.
NAME_05640,uilwin ss,Uilwin Ss,2,sir Uilwin Ss,0,suggestion_only,Do not merge occurrences into one person without occurrence-specific context or an approved safe alias.
NAME_05641,unarman harrison,Unarman Harrison,1,Unarman Harrison,0,suggestion_only,Do not merge occurrences into one person without occurrence-specific context or an approved safe alias.
NAME_05643,vadeeie las,Vadeeie Las,1,Vadeeie Las,0,suggestion_only,Do not merge occurrences into one person without occurrence-specific context or an approved safe alias.
NAME_05644,valentine bookkeeper,Valentine Bookkeeper,1,"Valentine
Bookkeeper",0,suggestion_only,Do not merge occurrences into one person without occurrence-specific context or an approved safe alias.
NAME_05645,valentine knienley,Valentine Knienley,2,Sir Valentine Knienley,0,suggestion_only,Do not merge occurrences into one person without occurrence-specific context or an approved safe alias.
NAME_05646,valentine markham,Valentine Markham,1,Valentine Markham,0,suggestion_only,Do not merge occurrences into one person without occurrence-specific context or an approved safe alias.
NAME_05647,valentine oaserby,Valentine Oaserby,1,Valentine Oaserby,0,suggestion_only,Do not merge occurrences into one person without occurrence-specific context or an approved safe alias.
NAME_05648,valentine osserby,Valentine Osserby,1,Valentine Osserby,0,suggestion_only,Do not merge occurrences into one person without occurrence-specific context or an approved safe alias.
NAME_05649,vhli6 glecos-cewsesesoe,VHli6 Glecos-cewsesesoe,1,VHli6 Glecos-cewsesesoe,0,suggestion_only,Do not merge occurrences into one person without occurrence-specific context or an approved safe alias.
NAME_05650,vhotnas smith,Vhotnas Smith,1,Vhotnas Smith,0,suggestion_only,Do not merge occurrences into one person without occurrence-specific context or an approved safe alias.
NAME_05651,vicont doncaster,Vicont Doncaster,1,Vicont Doncaster,0,suggestion_only,Do not merge occurrences into one person without occurrence-specific context or an approved safe alias.
NAME_05652,vide c.,Vide C.,1,Vide C,0,suggestion_only,Do not merge occurrences into one person without occurrence-specific context or an approved safe alias.
NAME_05653,vieutcuaut picree,Vieutcuaut Picree,1,Vieutcuaut Picree,0,suggestion_only,Do not merge occurrences into one person without occurrence-specific context or an approved safe alias.
NAME_05654,vieyhn tas,Vieyhn TAS,1,Vieyhn TAS,0,suggestion_only,Do not merge occurrences into one person without occurrence-specific context or an approved safe alias.
NAME_05655,vincent lowe,Vincent Lowe,1,Vincent Lowe,0,suggestion_only,Do not merge occurrences into one person without occurrence-specific context or an approved safe alias.
NAME_05656,vineent lowe,Vineent Lowe,1,Vineent Lowe,0,suggestion_only,Do not merge occurrences into one person without occurrence-specific context or an approved safe alias.
NAME_05657,vireinta counci,Vireinta Counci,1,Vireinta Counci,0,suggestion_only,Do not merge occurrences into one person without occurrence-specific context or an approved safe alias.
NAME_05658,vireinta councin,Vireinta Councin,1,Vireinta Councin,0,suggestion_only,Do not merge occurrences into one person without occurrence-specific context or an approved safe alias.
NAME_05659,virernta counciz,Virernta Counciz,1,Virernta Counciz,0,suggestion_only,Do not merge occurrences into one person without occurrence-specific context or an approved safe alias.
NAME_05660,virgi d1,Virgi D1,1,Virgi D1,0,suggestion_only,Do not merge occurrences into one person without occurrence-specific context or an approved safe alias.
NAME_05689,viscdnt doncaster,Viscdnt Doncaster,1,Viscdnt Doncaster,0,suggestion_only,Do not merge occurrences into one person without occurrence-specific context or an approved safe alias.
NAME_05690,viscont doncaster.,Viscont Doncaster.,1,Lord Viscont Doncaster,0,suggestion_only,Do not merge occurrences into one person without occurrence-specific context or an approved safe alias.
NAME_05691,viscount mandeville,Viscount Mandeville,1,Viscount Mandeville,0,suggestion_only,Do not merge occurrences into one person without occurrence-specific context or an approved safe alias.
NAME_05692,viscount miandevill,Viscount Miandevill,1,Viscount Miandevill,0,suggestion_only,Do not merge occurrences into one person without occurrence-specific context or an approved safe alias.
NAME_05693,viseount mandevilte,Viseount Mandevilte,1,Viseount Mandevilte,0,suggestion_only,Do not merge occurrences into one person without occurrence-specific context or an approved safe alias.
NAME_05694,vitra saromatas,Vitra Saromatas,1,Vitra Saromatas,0,suggestion_only,Do not merge occurrences into one person without occurrence-specific context or an approved safe alias.
NAME_05695,viua voce,Viua Voce,2,Viua Voce,0,suggestion_only,Do not merge occurrences into one person without occurrence-specific context or an approved safe alias.
NAME_05696,vivgerecin bai,Vivgerecin Bai,1,Vivgerecin Bai,0,suggestion_only,Do not merge occurrences into one person without occurrence-specific context or an approved safe alias.
NAME_05697,vnele hugh,Vnele Hugh,1,Vnele Hugh,0,suggestion_only,Do not merge occurrences into one person without occurrence-specific context or an approved safe alias.
NAME_05699,vo tobias,Vo Tobias,1,Vo Tobias,0,suggestion_only,Do not merge occurrences into one person without occurrence-specific context or an approved safe alias.
NAME_05702,vppod quesn,Vppod Quesn,1,Vppod Quesn,0,suggestion_only,Do not merge occurrences into one person without occurrence-specific context or an approved safe alias.
NAME_05704,vrion spencer,Vrion Spencer,1,Vrion Spencer,0,suggestion_only,Do not merge occurrences into one person without occurrence-specific context or an approved safe alias.
NAME_05705,vrip rauuleigh,Vrip RAuULEIGH,1,"Vrip
RAuULEIGH",0,suggestion_only,Do not merge occurrences into one person without occurrence-specific context or an approved safe alias.
NAME_05706,vriremnta councin,Vriremnta Councin,1,Vriremnta Councin,0,suggestion_only,Do not merge occurrences into one person without occurrence-specific context or an approved safe alias.
NAME_05707,vrsinaes cathechisme,Vrsinaes Cathechisme,1,Vrsinaes Cathechisme,0,suggestion_only,Do not merge occurrences into one person without occurrence-specific context or an approved safe alias.
NAME_05708,vsir nathaniel,VSir Nathaniel,1,VSir Nathaniel,0,suggestion_only,Do not merge occurrences into one person without occurrence-specific context or an approved safe alias.
NAME_05709,vwats0 meenas,VWatS0 Meenas,1,VWatS0 Meenas,0,suggestion_only,Do not merge occurrences into one person without occurrence-specific context or an approved safe alias.
NAME_05710,vyscount doncaster,Vyscount Doncaster,1,Vyscount Doncaster,0,suggestion_only,Do not merge occurrences into one person without occurrence-specific context or an approved safe alias.
NAME_05711,w powell,W Powell,1,W Powell,0,suggestion_only,Do not merge occurrences into one person without occurrence-specific context or an approved safe alias.
NAME_05712,w. cauendish,W. Cauendish,1,W. Cauendish,0,suggestion_only,Do not merge occurrences into one person without occurrence-specific context or an approved safe alias.
NAME_05713,w. cuarpourns,W. Cuarpourns,1,W. Cuarpourns,0,suggestion_only,Do not merge occurrences into one person without occurrence-specific context or an approved safe alias.
NAME_05714,w. e,W. E,1,W. E,0,suggestion_only,Do not merge occurrences into one person without occurrence-specific context or an approved safe alias.
NAME_05715,w. kay,W. Kay,1,M* W. Kay,0,suggestion_only,Do not merge occurrences into one person without occurrence-specific context or an approved safe alias.
NAME_05716,w. n,W. N,1,W. N,0,suggestion_only,Do not merge occurrences into one person without occurrence-specific context or an approved safe alias.
NAME_05717,w. w,W. W,1,W. W,0,suggestion_only,Do not merge occurrences into one person without occurrence-specific context or an approved safe alias.
NAME_05718,w. w.,W. W.,1,W. W,0,suggestion_only,Do not merge occurrences into one person without occurrence-specific context or an approved safe alias.
NAME_05719,wale william,Wale William,1,Wale William,0,suggestion_only,Do not merge occurrences into one person without occurrence-specific context or an approved safe alias.
NAME_05720,wallin sto,Wallin Sto,1,Wallin Sto,0,suggestion_only,Do not merge occurrences into one person without occurrence-specific context or an approved safe alias.
NAME_05721,wallis wg,Wallis WG,1,Wallis WG,0,suggestion_only,Do not merge occurrences into one person without occurrence-specific context or an approved safe alias.
NAME_05722,walter burre,Walter Burre,1,Walter Burre,0,suggestion_only,Do not merge occurrences into one person without occurrence-specific context or an approved safe alias.
NAME_05724,walter covert,Walter Covert,1,Walter Covert,0,suggestion_only,Do not merge occurrences into one person without occurrence-specific context or an approved safe alias.
NAME_05725,walter cowman,Walter Cowman,1,Walter Cowman,0,suggestion_only,Do not merge occurrences into one person without occurrence-specific context or an approved safe alias.
NAME_05726,walter dauies,Walter Dauies,2,Walter Dauies,0,suggestion_only,Do not merge occurrences into one person without occurrence-specific context or an approved safe alias.
NAME_05728,walter eldred,Walter Eldred,2,Walter Eldred,0,suggestion_only,Do not merge occurrences into one person without occurrence-specific context or an approved safe alias.
NAME_05729,walter hampton,Walter Hampton,3,Walter Hampton,0,suggestion_only,Do not merge occurrences into one person without occurrence-specific context or an approved safe alias.
NAME_05730,walter iobson,Walter Iobson,1,Walter Iobson,0,suggestion_only,Do not merge occurrences into one person without occurrence-specific context or an approved safe alias.
NAME_05731,walter kirkham,Walter Kirkham,1,Walter Kirkham,0,suggestion_only,Do not merge occurrences into one person without occurrence-specific context or an approved safe alias.
NAME_05732,walter pros,Walter Pros,1,Walter Pros,0,suggestion_only,Do not merge occurrences into one person without occurrence-specific context or an approved safe alias.
NAME_05733,walter prosser,Walter Prosser,2,Walter Prosser,0,suggestion_only,Do not merge occurrences into one person without occurrence-specific context or an approved safe alias.
NAME_05734,walter raleigh,Walter Raleigh,1,Sir Walter Raleigh,0,suggestion_only,Do not merge occurrences into one person without occurrence-specific context or an approved safe alias.
NAME_05735,walter rawleigh,Walter Rawleigh,2,Sir Walter Rawleigh | Walter Rawleigh,0,suggestion_only,Do not merge occurrences into one person without occurrence-specific context or an approved safe alias.
NAME_05736,walter rawleighes,Walter Rawleighes,2,Walter Rawleighes,0,suggestion_only,Do not merge occurrences into one person without occurrence-specific context or an approved safe alias.
NAME_05737,walter rawlighes,Walter Rawlighes,1,Walter Rawlighes,0,suggestion_only,Do not merge occurrences into one person without occurrence-specific context or an approved safe alias.
NAME_05738,walter shawe,Walter Shawe,1,Walter Shawe,0,suggestion_only,Do not merge occurrences into one person without occurrence-specific context or an approved safe alias.
NAME_05739,walter shelley,Walter Shelley,3,Mr. Walter Shelley | Walter Shelley,0,suggestion_only,Do not merge occurrences into one person without occurrence-specific context or an approved safe alias.
NAME_05740,walteri cowman,Walteri Cowman,1,Walteri Cowman,0,suggestion_only,Do not merge occurrences into one person without occurrence-specific context or an approved safe alias.
NAME_05742,ward pag,Ward Pag,1,Ward Pag,0,suggestion_only,Do not merge occurrences into one person without occurrence-specific context or an approved safe alias.
NAME_05744,ward’s voiage,Ward’s Voiage,1,Captain Ward’s Voiage,0,suggestion_only,Do not merge occurrences into one person without occurrence-specific context or an approved safe alias.
NAME_05746,warre governor,Warre Governor,1,Warre Governor,0,suggestion_only,Do not merge occurrences into one person without occurrence-specific context or an approved safe alias.
NAME_05747,warwick hea,Warwick Hea,1,Sir Warwick Hea,0,suggestion_only,Do not merge occurrences into one person without occurrence-specific context or an approved safe alias.
NAME_05748,warwick lo,Warwick Lo,1,"Warwick
Lo",0,suggestion_only,Do not merge occurrences into one person without occurrence-specific context or an approved safe alias.
NAME_05749,warwicke heale,Warwicke Heale,1,Warwicke Heale,0,suggestion_only,Do not merge occurrences into one person without occurrence-specific context or an approved safe alias.
NAME_05750,warwicke hebe,Warwicke Hebe,1,Warwicke Hebe,0,suggestion_only,Do not merge occurrences into one person without occurrence-specific context or an approved safe alias.
NAME_05751,warwieke hebe,Warwieke Hebe,1,Sir Warwieke Hebe,0,suggestion_only,Do not merge occurrences into one person without occurrence-specific context or an approved safe alias.
NAME_05752,waterhous account,Waterhous Account,1,m’ Waterhous Account,0,suggestion_only,Do not merge occurrences into one person without occurrence-specific context or an approved safe alias.
NAME_05753,waterhouse petiéon,Waterhouse Petiéon,1,M’ Waterhouse Petiéon,0,suggestion_only,Do not merge occurrences into one person without occurrence-specific context or an approved safe alias.
NAME_05754,waternouse secref,Waternouse Secref,1,Waternouse Secref,0,suggestion_only,Do not merge occurrences into one person without occurrence-specific context or an approved safe alias.
NAME_05755,webb husband,Webb Husband,1,m’ Webb Husband,0,suggestion_only,Do not merge occurrences into one person without occurrence-specific context or an approved safe alias.
NAME_05756,webbe john,Webbe John,1,Webbe John,0,suggestion_only,Do not merge occurrences into one person without occurrence-specific context or an approved safe alias.
NAME_05757,webbe. lo,Webbe. Lo,1,"m* Webbe.
Lo",0,suggestion_only,Do not merge occurrences into one person without occurrence-specific context or an approved safe alias.
NAME_05761,weldens tobacco,Weldens Tobacco,1,Weldens Tobacco,0,suggestion_only,Do not merge occurrences into one person without occurrence-specific context or an approved safe alias.
NAME_05762,welder ube,Welder Ube,1,Welder Ube,0,suggestion_only,Do not merge occurrences into one person without occurrence-specific context or an approved safe alias.
NAME_05763,welheloved wiltm,Welheloved Wiltm,1,Welheloved Wiltm,0,suggestion_only,Do not merge occurrences into one person without occurrence-specific context or an approved safe alias.
NAME_05764,wen otic,Wen Otic,1,Wen Otic,0,suggestion_only,Do not merge occurrences into one person without occurrence-specific context or an approved safe alias.
NAME_05765,west carr,WEST Carr,1,WEST Carr,0,suggestion_only,Do not merge occurrences into one person without occurrence-specific context or an approved safe alias.
NAME_05766,wh wileocks,Wh Wileocks,1,"Captaine
Wh Wileocks",0,suggestion_only,Do not merge occurrences into one person without occurrence-specific context or an approved safe alias.
NAME_05773,whitney esquire,Whitney Esquire,1,Whitney Esquire,0,suggestion_only,Do not merge occurrences into one person without occurrence-specific context or an approved safe alias.
NAME_05774,whitson alder,Whitson Alder,1,m’ Whitson Alder,0,suggestion_only,Do not merge occurrences into one person without occurrence-specific context or an approved safe alias.
NAME_05775,whitson alderm,Whitson Alderm,1,m’ Whitson Alderm,0,suggestion_only,Do not merge occurrences into one person without occurrence-specific context or an approved safe alias.
NAME_05776,whitson aldfan,Whitson Aldfan,1,M’ Whitson Aldfan,0,suggestion_only,Do not merge occurrences into one person without occurrence-specific context or an approved safe alias.
NAME_05777,widdowe smalley,Widdowe Smalley,5,Widdowe Smalley,0,suggestion_only,Do not merge occurrences into one person without occurrence-specific context or an approved safe alias.
NAME_05778,widow smalley,Widow Smalley,1,Widow Smalley,0,suggestion_only,Do not merge occurrences into one person without occurrence-specific context or an approved safe alias.
NAME_05780,wii baylie,Wii Baylie,1,Wii Baylie,0,suggestion_only,Do not merge occurrences into one person without occurrence-specific context or an approved safe alias.
NAME_05782,wikiam clandy,Wikiam Clandy,1,Wikiam Clandy,0,suggestion_only,Do not merge occurrences into one person without occurrence-specific context or an approved safe alias.
NAME_05784,wilelmo phettiplace,Wilelmo Phettiplace,1,Wilelmo Phettiplace,0,suggestion_only,Do not merge occurrences into one person without occurrence-specific context or an approved safe alias.
NAME_05785,wilfm tracy,Wilfm Tracy,2,Wilfm Tracy,0,suggestion_only,Do not merge occurrences into one person without occurrence-specific context or an approved safe alias.
NAME_05788,wilham stallenge,Wilham Stallenge,1,Wilham Stallenge,0,suggestion_only,Do not merge occurrences into one person without occurrence-specific context or an approved safe alias.
NAME_05789,wilhum quick,Wilhum Quick,1,Wilhum Quick,0,suggestion_only,Do not merge occurrences into one person without occurrence-specific context or an approved safe alias.
NAME_05790,wiliam bg,Wiliam Bg,1,Wiliam Bg,0,suggestion_only,Do not merge occurrences into one person without occurrence-specific context or an approved safe alias.
NAME_05791,wiliam conran,Wiliam Conran,1,Wiliam Conran,0,suggestion_only,Do not merge occurrences into one person without occurrence-specific context or an approved safe alias.
NAME_05792,wiliam deercbloc,Wiliam Deercbloc,1,Wiliam Deercbloc,0,suggestion_only,Do not merge occurrences into one person without occurrence-specific context or an approved safe alias.
NAME_05793,wiliam st.,Wiliam St.,1,Sir Wiliam St,0,suggestion_only,Do not merge occurrences into one person without occurrence-specific context or an approved safe alias.
NAME_05794,wiliam tracy,Wiliam Tracy,1,Master Wiliam Tracy,0,suggestion_only,Do not merge occurrences into one person without occurrence-specific context or an approved safe alias.
NAME_05795,wiliam wye,Wiliam Wye,1,"Wiliam
Wye",0,suggestion_only,Do not merge occurrences into one person without occurrence-specific context or an approved safe alias.
NAME_05796,wilim leveson,Wilim Leveson,1,Wilim Leveson,0,suggestion_only,Do not merge occurrences into one person without occurrence-specific context or an approved safe alias.
NAME_05797,wilim pierce,Wilim Pierce,1,Capt Wilim Pierce,0,suggestion_only,Do not merge occurrences into one person without occurrence-specific context or an approved safe alias.
NAME_05798,wilim tracy,Wilim Tracy,2,Wilim Tracy,0,suggestion_only,Do not merge occurrences into one person without occurrence-specific context or an approved safe alias.
NAME_05799,wilin webster,Wilin Webster,1,Wilin Webster,0,suggestion_only,Do not merge occurrences into one person without occurrence-specific context or an approved safe alias.
NAME_05800,will rumney,Will Rumney,1,Will Rumney,0,suggestion_only,Do not merge occurrences into one person without occurrence-specific context or an approved safe alias.
NAME_05801,will wilby,Will Wilby,1,"Will
Wilby",0,suggestion_only,Do not merge occurrences into one person without occurrence-specific context or an approved safe alias.
NAME_05802,willam king,Willam King,1,Willam King,0,suggestion_only,Do not merge occurrences into one person without occurrence-specific context or an approved safe alias.
NAME_05803,willclmo cantrell,Willclmo Cantrell,1,Willclmo Cantrell,0,suggestion_only,Do not merge occurrences into one person without occurrence-specific context or an approved safe alias.
NAME_05804,willclno oxenbridge,Willclno Oxenbridge,1,Willclno Oxenbridge,0,suggestion_only,Do not merge occurrences into one person without occurrence-specific context or an approved safe alias.
NAME_05805,willebno haneocke,Willebno Haneocke,1,"Willebno
Haneocke",0,suggestion_only,Do not merge occurrences into one person without occurrence-specific context or an approved safe alias.
NAME_05806,willehmo atkinson,Willehmo Atkinson,1,Willehmo Atkinson,0,suggestion_only,Do not merge occurrences into one person without occurrence-specific context or an approved safe alias.
NAME_05807,willehmo godolphin,Willehmo Godolphin,1,Willehmo Godolphin,0,suggestion_only,Do not merge occurrences into one person without occurrence-specific context or an approved safe alias.
NAME_05808,willehmo kinge,Willehmo Kinge,1,Willehmo Kinge,0,suggestion_only,Do not merge occurrences into one person without occurrence-specific context or an approved safe alias.
NAME_05809,willehmus browne,Willehmus Browne,1,Willehmus Browne,0,suggestion_only,Do not merge occurrences into one person without occurrence-specific context or an approved safe alias.
NAME_05810,willehnum ewens,Willehnum Ewens,1,Willehnum Ewens,0,suggestion_only,Do not merge occurrences into one person without occurrence-specific context or an approved safe alias.
NAME_05811,willehoo webster,Willehoo Webster,1,Willehoo Webster,0,suggestion_only,Do not merge occurrences into one person without occurrence-specific context or an approved safe alias.
NAME_05812,willeimus ewens,Willeimus Ewens,1,Willeimus Ewens,0,suggestion_only,Do not merge occurrences into one person without occurrence-specific context or an approved safe alias.
NAME_05813,willeling lvansa,Willeling Lvansa,1,Willeling Lvansa,0,suggestion_only,Do not merge occurrences into one person without occurrence-specific context or an approved safe alias.
NAME_05814,willelino moore,Willelino Moore,1,Willelino Moore,0,suggestion_only,Do not merge occurrences into one person without occurrence-specific context or an approved safe alias.
NAME_05815,willelme dobson,Willelme Dobson,1,Willelme Dobson,0,suggestion_only,Do not merge occurrences into one person without occurrence-specific context or an approved safe alias.
NAME_05816,willelmi brewster,Willelmi Brewster,1,Willelmi Brewster,0,suggestion_only,Do not merge occurrences into one person without occurrence-specific context or an approved safe alias.
NAME_05817,willelmo bennett,Willelmo Bennett,1,Willelmo Bennett,0,suggestion_only,Do not merge occurrences into one person without occurrence-specific context or an approved safe alias.
NAME_05818,willelmo bonham,Willelmo Bonham,1,Willelmo Bonham,0,suggestion_only,Do not merge occurrences into one person without occurrence-specific context or an approved safe alias.
NAME_05819,willelmo brewster,Willelmo Brewster,1,Willelmo Brewster,0,suggestion_only,Do not merge occurrences into one person without occurrence-specific context or an approved safe alias.
NAME_05820,willelmo carpenter,Willelmo Carpenter,2,Willelmo Carpenter,0,suggestion_only,Do not merge occurrences into one person without occurrence-specific context or an approved safe alias.
NAME_05821,willelmo cooke,Willelmo Cooke,1,Willelmo Cooke,0,suggestion_only,Do not merge occurrences into one person without occurrence-specific context or an approved safe alias.
NAME_05822,willelmo coyse,Willelmo Coyse,1,Willelmo Coyse,0,suggestion_only,Do not merge occurrences into one person without occurrence-specific context or an approved safe alias.
NAME_05823,willelmo hamlson,Willelmo Hamlson,1,Willelmo Hamlson,0,suggestion_only,Do not merge occurrences into one person without occurrence-specific context or an approved safe alias.
NAME_05824,willelmo russell,Willelmo Russell,1,Willelmo Russell,0,suggestion_only,Do not merge occurrences into one person without occurrence-specific context or an approved safe alias.
NAME_05825,willelmo sebright,Willelmo Sebright,1,Willelmo Sebright,0,suggestion_only,Do not merge occurrences into one person without occurrence-specific context or an approved safe alias.
NAME_05826,willelmo shekeley,Willelmo Shekeley,1,Willelmo Shekeley,0,suggestion_only,Do not merge occurrences into one person without occurrence-specific context or an approved safe alias.
NAME_05827,willelmo stannard,Willelmo Stannard,1,Willelmo Stannard,0,suggestion_only,Do not merge occurrences into one person without occurrence-specific context or an approved safe alias.
NAME_05828,willelmo tayler,Willelmo Tayler,1,Willelmo Tayler,0,suggestion_only,Do not merge occurrences into one person without occurrence-specific context or an approved safe alias.
NAME_05829,willelmo wade,Willelmo Wade,1,Willelmo Wade,0,suggestion_only,Do not merge occurrences into one person without occurrence-specific context or an approved safe alias.
NAME_05830,willelmto courtney,Willelmto Courtney,1,Willelmto Courtney,0,suggestion_only,Do not merge occurrences into one person without occurrence-specific context or an approved safe alias.
NAME_05831,willelmui nicholls,Willelmui Nicholls,1,"Willelmui
Nicholls",0,suggestion_only,Do not merge occurrences into one person without occurrence-specific context or an approved safe alias.
NAME_05832,willelmum deereblocke,Willelmum Deereblocke,1,Willelmum Deereblocke,0,suggestion_only,Do not merge occurrences into one person without occurrence-specific context or an approved safe alias.
NAME_05833,willelmus decreblocke,Willelmus Decreblocke,1,Willelmus Decreblocke,0,suggestion_only,Do not merge occurrences into one person without occurrence-specific context or an approved safe alias.
NAME_05834,willelmus deereblock,Willelmus Deereblock,1,Willelmus Deereblock,0,suggestion_only,Do not merge occurrences into one person without occurrence-specific context or an approved safe alias.
NAME_05836,willelmus godolphin,Willelmus Godolphin,1,Willelmus Godolphin,0,suggestion_only,Do not merge occurrences into one person without occurrence-specific context or an approved safe alias.
NAME_05837,willelmus nicholls,Willelmus Nicholls,3,Willelmus Nicholls,0,suggestion_only,Do not merge occurrences into one person without occurrence-specific context or an approved safe alias.
NAME_05838,willelmus wade,Willelmus Wade,1,Willelmus Wade,0,suggestion_only,Do not merge occurrences into one person without occurrence-specific context or an approved safe alias.
NAME_05839,willelmus webb,Willelmus Webb,2,"Willelmus
Webb | Willelmus Webb",0,suggestion_only,Do not merge occurrences into one person without occurrence-specific context or an approved safe alias.
NAME_05840,willelnio wilby,Willelnio Wilby,1,Willelnio Wilby,0,suggestion_only,Do not merge occurrences into one person without occurrence-specific context or an approved safe alias.
NAME_05841,willet customer,Willet Customer,2,m* Willet Customer,0,suggestion_only,Do not merge occurrences into one person without occurrence-specific context or an approved safe alias.
NAME_05842,william aliffe,William Aliffe,2,Sir William Aliffe,0,suggestion_only,Do not merge occurrences into one person without occurrence-specific context or an approved safe alias.
NAME_05843,william arthard,William Arthard,1,William Arthard,0,suggestion_only,Do not merge occurrences into one person without occurrence-specific context or an approved safe alias.
NAME_05844,william ashly,William Ashly,1,William Ashly,0,suggestion_only,Do not merge occurrences into one person without occurrence-specific context or an approved safe alias.
NAME_05845,william atkinson,William Atkinson,3,William Atkinson,0,suggestion_only,Do not merge occurrences into one person without occurrence-specific context or an approved safe alias.
NAME_05846,william aylifie,William Aylifie,1,William Aylifie,0,suggestion_only,Do not merge occurrences into one person without occurrence-specific context or an approved safe alias.
NAME_05847,william baily,William Baily,1,William Baily,0,suggestion_only,Do not merge occurrences into one person without occurrence-specific context or an approved safe alias.
NAME_05848,william baly,William Baly,1,William Baly,0,suggestion_only,Do not merge occurrences into one person without occurrence-specific context or an approved safe alias.
NAME_05849,william bardwell,William Bardwell,1,William Bardwell,0,suggestion_only,Do not merge occurrences into one person without occurrence-specific context or an approved safe alias.
NAME_05850,william barkley,William Barkley,1,William Barkley,0,suggestion_only,Do not merge occurrences into one person without occurrence-specific context or an approved safe alias.
NAME_05851,william barklie,William Barklie,1,William Barklie,0,suggestion_only,Do not merge occurrences into one person without occurrence-specific context or an approved safe alias.
NAME_05852,william barnar,William Barnar,1,William Barnar,0,suggestion_only,Do not merge occurrences into one person without occurrence-specific context or an approved safe alias.
NAME_05853,william barners,William Barners,1,William Barners,0,suggestion_only,Do not merge occurrences into one person without occurrence-specific context or an approved safe alias.
NAME_05854,william barnes,William Barnes,1,William Barnes,0,suggestion_only,Do not merge occurrences into one person without occurrence-specific context or an approved safe alias.
NAME_05856,william basset,William Basset,1,William Basset,0,suggestion_only,Do not merge occurrences into one person without occurrence-specific context or an approved safe alias.
NAME_05857,william beck...-,William Beck...-,1,William Beck...-,0,suggestion_only,Do not merge occurrences into one person without occurrence-specific context or an approved safe alias.
NAME_05858,william benham-,William Benham-,1,William Benham-,0,suggestion_only,Do not merge occurrences into one person without occurrence-specific context or an approved safe alias.
NAME_05859,william bennett,William Bennett,1,William Bennett,0,suggestion_only,Do not merge occurrences into one person without occurrence-specific context or an approved safe alias.
NAME_05860,william best,William Best,1,William Best,0,suggestion_only,Do not merge occurrences into one person without occurrence-specific context or an approved safe alias.
NAME_05861,william bikars,William Bikars,2,Mr. William Bikars,0,suggestion_only,Do not merge occurrences into one person without occurrence-specific context or an approved safe alias.
NAME_05862,william bishop-,William Bishop-,1,William Bishop-,0,suggestion_only,Do not merge occurrences into one person without occurrence-specific context or an approved safe alias.
NAME_05863,william blyth,William Blyth,1,William Blyth,0,suggestion_only,Do not merge occurrences into one person without occurrence-specific context or an approved safe alias.
NAME_05864,william bonham,William Bonham,2,William Bonham,0,suggestion_only,Do not merge occurrences into one person without occurrence-specific context or an approved safe alias.
NAME_05865,william boulestrod,William Boulestrod,1,William Boulestrod,0,suggestion_only,Do not merge occurrences into one person without occurrence-specific context or an approved safe alias.
NAME_05866,william braklev,William Braklev,1,William Braklev,0,suggestion_only,Do not merge occurrences into one person without occurrence-specific context or an approved safe alias.
NAME_05868,william browne,William Browne,7,"Sir
William Browne | William Browne",0,suggestion_only,Do not merge occurrences into one person without occurrence-specific context or an approved safe alias.
NAME_05869,william bruster,William Bruster,1,William Bruster,0,suggestion_only,Do not merge occurrences into one person without occurrence-specific context or an approved safe alias.
NAME_05870,william burrell---,William Burrell---,1,William Burrell---,0,suggestion_only,Do not merge occurrences into one person without occurrence-specific context or an approved safe alias.
NAME_05871,william burrouse,William Burrouse,1,William Burrouse,0,suggestion_only,Do not merge occurrences into one person without occurrence-specific context or an approved safe alias.
NAME_05872,william bykar,William Bykar,1,William Bykar,0,suggestion_only,Do not merge occurrences into one person without occurrence-specific context or an approved safe alias.
NAME_05873,william byrd,William Byrd,1,William Byrd,0,suggestion_only,Do not merge occurrences into one person without occurrence-specific context or an approved safe alias.
NAME_05874,william cafinge,William Cafinge,1,William Cafinge,0,suggestion_only,Do not merge occurrences into one person without occurrence-specific context or an approved safe alias.
NAME_05875,william caney,William Caney,1,William Caney,0,suggestion_only,Do not merge occurrences into one person without occurrence-specific context or an approved safe alias.
NAME_05876,william caninge,William Caninge,2,William Caninge,0,suggestion_only,Do not merge occurrences into one person without occurrence-specific context or an approved safe alias.
NAME_05877,william canninge,William Canninge,2,William Canninge,0,suggestion_only,Do not merge occurrences into one person without occurrence-specific context or an approved safe alias.
NAME_05878,william cannyn,William Cannyn,2,William Cannyn,0,suggestion_only,Do not merge occurrences into one person without occurrence-specific context or an approved safe alias.
NAME_05879,william cantrell,William Cantrell,2,William Cantrell,0,suggestion_only,Do not merge occurrences into one person without occurrence-specific context or an approved safe alias.
NAME_05880,william cap,William Cap,1,William Cap,0,suggestion_only,Do not merge occurrences into one person without occurrence-specific context or an approved safe alias.
NAME_05881,william capp,William Capp,1,William Capp,0,suggestion_only,Do not merge occurrences into one person without occurrence-specific context or an approved safe alias.
NAME_05883,william caps,William Caps,1,William Caps,0,suggestion_only,Do not merge occurrences into one person without occurrence-specific context or an approved safe alias.
NAME_05884,william carpenter,William Carpenter,2,William Carpenter,0,suggestion_only,Do not merge occurrences into one person without occurrence-specific context or an approved safe alias.
NAME_05885,william catpettter,William Catpettter,1,William Catpettter,0,suggestion_only,Do not merge occurrences into one person without occurrence-specific context or an approved safe alias.
NAME_05886,william cauendish,William Cauendish,1,Sir William Cauendish,0,suggestion_only,Do not merge occurrences into one person without occurrence-specific context or an approved safe alias.
NAME_05887,william chandler,William Chandler,1,William Chandler,0,suggestion_only,Do not merge occurrences into one person without occurrence-specific context or an approved safe alias.
NAME_05888,william charte,William Charte,1,William Charte,0,suggestion_only,Do not merge occurrences into one person without occurrence-specific context or an approved safe alias.
NAME_05889,william chester,William Chester,2,William Chester,0,suggestion_only,Do not merge occurrences into one person without occurrence-specific context or an approved safe alias.
NAME_05890,william claibourne,William Claibourne,1,William Claibourne,0,suggestion_only,Do not merge occurrences into one person without occurrence-specific context or an approved safe alias.
NAME_05891,william clayborne,William Clayborne,2,William Clayborne,0,suggestion_only,Do not merge occurrences into one person without occurrence-specific context or an approved safe alias.
NAME_05892,william claybourne,William Claybourne,1,Captaine William Claybourne,0,suggestion_only,Do not merge occurrences into one person without occurrence-specific context or an approved safe alias.
NAME_05893,william cleyburne,William Cleyburne,2,m* William Cleyburne,0,suggestion_only,Do not merge occurrences into one person without occurrence-specific context or an approved safe alias.
NAME_05894,william cockaine,William Cockaine,1,William Cockaine,0,suggestion_only,Do not merge occurrences into one person without occurrence-specific context or an approved safe alias.
NAME_05895,william compton,William Compton,2,William Compton,0,suggestion_only,Do not merge occurrences into one person without occurrence-specific context or an approved safe alias.
NAME_05896,william constable,William Constable,1,William Constable,0,suggestion_only,Do not merge occurrences into one person without occurrence-specific context or an approved safe alias.
NAME_05897,william corne-,William Corne-,1,William Corne-,0,suggestion_only,Do not merge occurrences into one person without occurrence-specific context or an approved safe alias.
NAME_05898,william courtney,William Courtney,1,Captain William Courtney,0,suggestion_only,Do not merge occurrences into one person without occurrence-specific context or an approved safe alias.
NAME_05899,william coyse,William Coyse,2,William Coyse,0,suggestion_only,Do not merge occurrences into one person without occurrence-specific context or an approved safe alias.
NAME_05900,william craddock,William Craddock,2,William Craddock,0,suggestion_only,Do not merge occurrences into one person without occurrence-specific context or an approved safe alias.
NAME_05902,william crakeplace,William Crakeplace,1,William Crakeplace,0,suggestion_only,Do not merge occurrences into one person without occurrence-specific context or an approved safe alias.
NAME_05903,william cranmer,William Cranmer,3,William Cranmer | m* William Cranmer,0,suggestion_only,Do not merge occurrences into one person without occurrence-specific context or an approved safe alias.
NAME_05904,william crashaw-,William Crashaw-,1,Master William Crashaw-,0,suggestion_only,Do not merge occurrences into one person without occurrence-specific context or an approved safe alias.
NAME_05905,william crashawe,William Crashawe,2,William Crashawe,0,suggestion_only,Do not merge occurrences into one person without occurrence-specific context or an approved safe alias.
NAME_05906,william crauen,William Crauen,2,Sir William Crauen,0,suggestion_only,Do not merge occurrences into one person without occurrence-specific context or an approved safe alias.
NAME_05907,william craven,William Craven,1,William Craven,0,suggestion_only,Do not merge occurrences into one person without occurrence-specific context or an approved safe alias.
NAME_05908,william crosley,William Crosley,2,William Crosley,0,suggestion_only,Do not merge occurrences into one person without occurrence-specific context or an approved safe alias.
NAME_05909,william crowe,William Crowe,1,William Crowe,0,suggestion_only,Do not merge occurrences into one person without occurrence-specific context or an approved safe alias.
NAME_05910,william d,William D,1,William D,0,suggestion_only,Do not merge occurrences into one person without occurrence-specific context or an approved safe alias.
NAME_05911,william danby,William Danby,1,William Danby,0,suggestion_only,Do not merge occurrences into one person without occurrence-specific context or an approved safe alias.
NAME_05912,william dansey,William Dansey,1,William Dansey,0,suggestion_only,Do not merge occurrences into one person without occurrence-specific context or an approved safe alias.
NAME_05913,william decre-,William Decre-,1,William Decre-,0,suggestion_only,Do not merge occurrences into one person without occurrence-specific context or an approved safe alias.
NAME_05914,william deere-,William Deere-,1,William Deere-,0,suggestion_only,Do not merge occurrences into one person without occurrence-specific context or an approved safe alias.
NAME_05915,william deereblocke,William Deereblocke,1,William Deereblocke,0,suggestion_only,Do not merge occurrences into one person without occurrence-specific context or an approved safe alias.
NAME_05916,william dobson,William Dobson,2,William Dobson,0,suggestion_only,Do not merge occurrences into one person without occurrence-specific context or an approved safe alias.
NAME_05917,william douglas,William Douglas,5,"M' William Douglas | M*
William Douglas | William Douglas",0,suggestion_only,Do not merge occurrences into one person without occurrence-specific context or an approved safe alias.
NAME_05918,william dun,William Dun,1,William Dun,0,suggestion_only,Do not merge occurrences into one person without occurrence-specific context or an approved safe alias.
NAME_05919,william dunne-,William Dunne-,1,William Dunne-,0,suggestion_only,Do not merge occurrences into one person without occurrence-specific context or an approved safe alias.
NAME_05920,william earle,William Earle,2,William Earle,0,suggestion_only,Do not merge occurrences into one person without occurrence-specific context or an approved safe alias.
NAME_05921,william epps,William Epps,2,William Epps,0,suggestion_only,Do not merge occurrences into one person without occurrence-specific context or an approved safe alias.
NAME_05922,william evans,William Evans,2,William Evans,0,suggestion_only,Do not merge occurrences into one person without occurrence-specific context or an approved safe alias.
NAME_05924,william farrars,William Farrars,2,Mr. William Farrars,0,suggestion_only,Do not merge occurrences into one person without occurrence-specific context or an approved safe alias.
NAME_05925,william feilile,William Feilile,1,William Feilile,0,suggestion_only,Do not merge occurrences into one person without occurrence-specific context or an approved safe alias.
NAME_05926,william felgate,William Felgate,1,William Felgate,0,suggestion_only,Do not merge occurrences into one person without occurrence-specific context or an approved safe alias.
NAME_05927,william ferrers,William Ferrers,1,William Ferrers,0,suggestion_only,Do not merge occurrences into one person without occurrence-specific context or an approved safe alias.
NAME_05928,william ferres,William Ferres,1,William Ferres,0,suggestion_only,Do not merge occurrences into one person without occurrence-specific context or an approved safe alias.
NAME_05929,william fierfax,William Fierfax,1,William Fierfax,0,suggestion_only,Do not merge occurrences into one person without occurrence-specific context or an approved safe alias.
NAME_05930,william filder....-,William Filder....-,1,William Filder....-,0,suggestion_only,Do not merge occurrences into one person without occurrence-specific context or an approved safe alias.
NAME_05931,william finche,William Finche,1,William Finche,0,suggestion_only,Do not merge occurrences into one person without occurrence-specific context or an approved safe alias.
NAME_05932,william fleet,William Fleet,2,William Fleet,0,suggestion_only,Do not merge occurrences into one person without occurrence-specific context or an approved safe alias.
NAME_05933,william fleete,William Fleete,1,William Fleete,0,suggestion_only,Do not merge occurrences into one person without occurrence-specific context or an approved safe alias.
NAME_05934,william fleetwood,William Fleetwood,4,Sir William Fleetwood | William Fleetwood,0,suggestion_only,Do not merge occurrences into one person without occurrence-specific context or an approved safe alias.
NAME_05935,william ganey,William Ganey,1,"William
Ganey",0,suggestion_only,Do not merge occurrences into one person without occurrence-specific context or an approved safe alias.
NAME_05936,william garaway,William Garaway,1,Sir William Garaway,0,suggestion_only,Do not merge occurrences into one person without occurrence-specific context or an approved safe alias.
NAME_05937,william garaway.-.-,William Garaway.-.-,1,Sir William Garaway.-.-,0,suggestion_only,Do not merge occurrences into one person without occurrence-specific context or an approved safe alias.
NAME_05938,william garaway.-.-....------..---------,William Garaway.-.-....------..---------,1,Sir William Garaway.-.-....------..---------,0,suggestion_only,Do not merge occurrences into one person without occurrence-specific context or an approved safe alias.
NAME_05939,william gay,William Gay,1,William Gay,0,suggestion_only,Do not merge occurrences into one person without occurrence-specific context or an approved safe alias.
NAME_05940,william gibbs,William Gibbs,1,William Gibbs,0,suggestion_only,Do not merge occurrences into one person without occurrence-specific context or an approved safe alias.
NAME_05941,william godolphin,William Godolphin,2,Sir William Godolphin,0,suggestion_only,Do not merge occurrences into one person without occurrence-specific context or an approved safe alias.
NAME_05942,william green,William Green,2,William Green,0,suggestion_only,Do not merge occurrences into one person without occurrence-specific context or an approved safe alias.
NAME_05943,william greenwell,William Greenwell,1,William Greenwell,0,suggestion_only,Do not merge occurrences into one person without occurrence-specific context or an approved safe alias.
NAME_05944,william grosan,William Grosan,1,William Grosan,0,suggestion_only,Do not merge occurrences into one person without occurrence-specific context or an approved safe alias.
NAME_05945,william hackwell,William Hackwell,1,William Hackwell,0,suggestion_only,Do not merge occurrences into one person without occurrence-specific context or an approved safe alias.
NAME_05947,william hamson,William Hamson,1,William Hamson,0,suggestion_only,Do not merge occurrences into one person without occurrence-specific context or an approved safe alias.
NAME_05948,william hancock,William Hancock,1,William Hancock,0,suggestion_only,Do not merge occurrences into one person without occurrence-specific context or an approved safe alias.
NAME_05949,william hancocke-,William Hancocke-,1,William Hancocke-,0,suggestion_only,Do not merge occurrences into one person without occurrence-specific context or an approved safe alias.
NAME_05950,william haneocke,William Haneocke,1,William Haneocke,0,suggestion_only,Do not merge occurrences into one person without occurrence-specific context or an approved safe alias.
NAME_05951,william harris,William Harris,1,Sir William Harris,0,suggestion_only,Do not merge occurrences into one person without occurrence-specific context or an approved safe alias.
NAME_05952,william harrisy,William Harrisy,1,William Harrisy,0,suggestion_only,Do not merge occurrences into one person without occurrence-specific context or an approved safe alias.
NAME_05953,william haselden,William Haselden,2,William Haselden,0,suggestion_only,Do not merge occurrences into one person without occurrence-specific context or an approved safe alias.
NAME_05954,william head,William Head,1,William Head,0,suggestion_only,Do not merge occurrences into one person without occurrence-specific context or an approved safe alias.
NAME_05955,william herick,William Herick,1,Sir William Herick,0,suggestion_only,Do not merge occurrences into one person without occurrence-specific context or an approved safe alias.
NAME_05956,william herrick,William Herrick,1,Sir William Herrick,0,suggestion_only,Do not merge occurrences into one person without occurrence-specific context or an approved safe alias.
NAME_05957,william herricke,William Herricke,1,William Herricke,0,suggestion_only,Do not merge occurrences into one person without occurrence-specific context or an approved safe alias.
NAME_05958,william hicks,William Hicks,1,William Hicks,0,suggestion_only,Do not merge occurrences into one person without occurrence-specific context or an approved safe alias.
NAME_05959,william hiek,William Hiek,1,William Hiek,0,suggestion_only,Do not merge occurrences into one person without occurrence-specific context or an approved safe alias.
NAME_05960,william hodgis,William Hodgis,1,William Hodgis,0,suggestion_only,Do not merge occurrences into one person without occurrence-specific context or an approved safe alias.
NAME_05961,william holiland,William Holiland,1,William Holiland,0,suggestion_only,Do not merge occurrences into one person without occurrence-specific context or an approved safe alias.
NAME_05962,william holland,William Holland,1,William Holland,0,suggestion_only,Do not merge occurrences into one person without occurrence-specific context or an approved safe alias.
NAME_05963,william houlden,William Houlden,1,William Houlden,0,suggestion_only,Do not merge occurrences into one person without occurrence-specific context or an approved safe alias.
NAME_05964,william iwens,William Iwens,1,William Iwens,0,suggestion_only,Do not merge occurrences into one person without occurrence-specific context or an approved safe alias.
NAME_05965,william j-anson,William J-anson,1,William J-anson,0,suggestion_only,Do not merge occurrences into one person without occurrence-specific context or an approved safe alias.
NAME_05966,william jansen,William Jansen,1,William Jansen,0,suggestion_only,Do not merge occurrences into one person without occurrence-specific context or an approved safe alias.
NAME_05967,william janson,William Janson,1,William Janson,0,suggestion_only,Do not merge occurrences into one person without occurrence-specific context or an approved safe alias.
NAME_05968,william jarrett,William Jarrett,1,William Jarrett,0,suggestion_only,Do not merge occurrences into one person without occurrence-specific context or an approved safe alias.
NAME_05969,william jones,William Jones,8,"Sir WILLIAM JONES | Sir William
Jones | Sir William Jones",0,suggestion_only,Do not merge occurrences into one person without occurrence-specific context or an approved safe alias.
NAME_05970,william kemp,William Kemp,2,William Kemp,0,suggestion_only,Do not merge occurrences into one person without occurrence-specific context or an approved safe alias.
NAME_05971,william kempe,William Kempe,1,William Kempe,0,suggestion_only,Do not merge occurrences into one person without occurrence-specific context or an approved safe alias.
NAME_05972,william larkum,William Larkum,1,William Larkum,0,suggestion_only,Do not merge occurrences into one person without occurrence-specific context or an approved safe alias.
NAME_05973,william laurence,William Laurence,2,William Laurence,0,suggestion_only,Do not merge occurrences into one person without occurrence-specific context or an approved safe alias.
NAME_05975,william litton,William Litton,4,Sir William Litton | m’ William Litton,0,suggestion_only,Do not merge occurrences into one person without occurrence-specific context or an approved safe alias.
NAME_05976,william lo,William Lo,1,William Lo,0,suggestion_only,Do not merge occurrences into one person without occurrence-specific context or an approved safe alias.
NAME_05977,william lovelace,William Lovelace,1,"Captain William
Lovelace",0,suggestion_only,Do not merge occurrences into one person without occurrence-specific context or an approved safe alias.
NAME_05978,william maynard,William Maynard,3,Sir William Maynard,0,suggestion_only,Do not merge occurrences into one person without occurrence-specific context or an approved safe alias.
NAME_05979,william meakins,William Meakins,1,William Meakins,0,suggestion_only,Do not merge occurrences into one person without occurrence-specific context or an approved safe alias.
NAME_05980,william mease,William Mease,2,William Mease,0,suggestion_only,Do not merge occurrences into one person without occurrence-specific context or an approved safe alias.
NAME_05981,william millet,William Millet,1,William Millet,0,suggestion_only,Do not merge occurrences into one person without occurrence-specific context or an approved safe alias.
NAME_05982,william moore,William Moore,1,William Moore,0,suggestion_only,Do not merge occurrences into one person without occurrence-specific context or an approved safe alias.
NAME_05983,william mounson,William Mounson,3,William Mounson,0,suggestion_only,Do not merge occurrences into one person without occurrence-specific context or an approved safe alias.
NAME_05984,william mounsons,William Mounsons,1,William Mounsons,0,suggestion_only,Do not merge occurrences into one person without occurrence-specific context or an approved safe alias.
NAME_05985,william mountfort,William Mountfort,1,William Mountfort,0,suggestion_only,Do not merge occurrences into one person without occurrence-specific context or an approved safe alias.
NAME_05986,william mousley,William Mousley,1,William Mousley,0,suggestion_only,Do not merge occurrences into one person without occurrence-specific context or an approved safe alias.
NAME_05987,william mynard,William Mynard,1,William Mynard,0,suggestion_only,Do not merge occurrences into one person without occurrence-specific context or an approved safe alias.
NAME_05990,william nichole,William Nichole,1,William Nichole,0,suggestion_only,Do not merge occurrences into one person without occurrence-specific context or an approved safe alias.
NAME_05991,william nicholls,William Nicholls,3,"William
Nicholls | William Nicholls",0,suggestion_only,Do not merge occurrences into one person without occurrence-specific context or an approved safe alias.
NAME_05992,william norton,William Norton,1,William Norton,0,suggestion_only,Do not merge occurrences into one person without occurrence-specific context or an approved safe alias.
NAME_05995,william oxenbridge,William Oxenbridge,1,William Oxenbridge,0,suggestion_only,Do not merge occurrences into one person without occurrence-specific context or an approved safe alias.
NAME_05996,william oxentridge,William Oxentridge,1,William Oxentridge,0,suggestion_only,Do not merge occurrences into one person without occurrence-specific context or an approved safe alias.
NAME_05998,william parker,William Parker,2,William Parker,0,suggestion_only,Do not merge occurrences into one person without occurrence-specific context or an approved safe alias.
NAME_05999,william pawmet,William Pawmet,1,William Pawmet,0,suggestion_only,Do not merge occurrences into one person without occurrence-specific context or an approved safe alias.
NAME_06000,william payne,William Payne,3,"William
Payne | William Payne",0,suggestion_only,Do not merge occurrences into one person without occurrence-specific context or an approved safe alias.
NAME_06001,william peirce,William Peirce,2,"Capt William
Peirce | William Peirce",0,suggestion_only,Do not merge occurrences into one person without occurrence-specific context or an approved safe alias.
NAME_06002,william peree,William Peree,1,"William
Peree",0,suggestion_only,Do not merge occurrences into one person without occurrence-specific context or an approved safe alias.
NAME_06003,william perigo,William Perigo,1,William Perigo,0,suggestion_only,Do not merge occurrences into one person without occurrence-specific context or an approved safe alias.
NAME_06004,william perry,William Perry,2,William Perry,0,suggestion_only,Do not merge occurrences into one person without occurrence-specific context or an approved safe alias.
NAME_06005,william phettiplare,William Phettiplare,1,William Phettiplare,0,suggestion_only,Do not merge occurrences into one person without occurrence-specific context or an approved safe alias.
NAME_06006,william pierce,William Pierce,1,William Pierce,0,suggestion_only,Do not merge occurrences into one person without occurrence-specific context or an approved safe alias.
NAME_06007,william pierec,William Pierec,1,Captain William Pierec,0,suggestion_only,Do not merge occurrences into one person without occurrence-specific context or an approved safe alias.
NAME_06008,william pieree,William Pieree,1,Captain William Pieree,0,suggestion_only,Do not merge occurrences into one person without occurrence-specific context or an approved safe alias.
NAME_06009,william pitt,William Pitt,3,"Sir
William Pitt | Sir William Pitt",0,suggestion_only,Do not merge occurrences into one person without occurrence-specific context or an approved safe alias.
NAME_06010,william poole,William Poole,3,Sir William Poole | William Poole,0,suggestion_only,Do not merge occurrences into one person without occurrence-specific context or an approved safe alias.
NAME_06011,william potterton,William Potterton,1,William Potterton,0,suggestion_only,Do not merge occurrences into one person without occurrence-specific context or an approved safe alias.
NAME_06013,william proude,William Proude,1,Captaine William Proude,0,suggestion_only,Do not merge occurrences into one person without occurrence-specific context or an approved safe alias.
NAME_06014,william prowde,William Prowde,1,Captain William Prowde,0,suggestion_only,Do not merge occurrences into one person without occurrence-specific context or an approved safe alias.
NAME_06015,william pusset,William Pusset,1,William Pusset,0,suggestion_only,Do not merge occurrences into one person without occurrence-specific context or an approved safe alias.
NAME_06016,william reeue,William Reeue,1,William Reeue,0,suggestion_only,Do not merge occurrences into one person without occurrence-specific context or an approved safe alias.
NAME_06017,william richmond,William Richmond,1,William Richmond,0,suggestion_only,Do not merge occurrences into one person without occurrence-specific context or an approved safe alias.
NAME_06018,william romney,William Romney,1,Sir William Romney,0,suggestion_only,Do not merge occurrences into one person without occurrence-specific context or an approved safe alias.
NAME_06019,william rosearrock,William Rosearrock,1,William Rosearrock,0,suggestion_only,Do not merge occurrences into one person without occurrence-specific context or an approved safe alias.
NAME_06020,william russell,William Russell,2,William Russell,0,suggestion_only,Do not merge occurrences into one person without occurrence-specific context or an approved safe alias.
NAME_06021,william saint-iohn.,William Saint-Iohn.,2,Sir William Saint-Iohn,0,suggestion_only,Do not merge occurrences into one person without occurrence-specific context or an approved safe alias.
NAME_06022,william sandbatch,William Sandbatch,1,William Sandbatch,0,suggestion_only,Do not merge occurrences into one person without occurrence-specific context or an approved safe alias.
NAME_06023,william seabright,William Seabright,1,William Seabright,0,suggestion_only,Do not merge occurrences into one person without occurrence-specific context or an approved safe alias.
NAME_06024,william sebright,William Sebright,1,William Sebright,0,suggestion_only,Do not merge occurrences into one person without occurrence-specific context or an approved safe alias.
NAME_06025,william seymore,William Seymore,1,William Seymore,0,suggestion_only,Do not merge occurrences into one person without occurrence-specific context or an approved safe alias.
NAME_06026,william shackley,William Shackley,1,William Shackley,0,suggestion_only,Do not merge occurrences into one person without occurrence-specific context or an approved safe alias.
NAME_06028,william shawe,William Shawe,1,William Shawe,0,suggestion_only,Do not merge occurrences into one person without occurrence-specific context or an approved safe alias.
NAME_06029,william sheekley,William Sheekley,1,William Sheekley,0,suggestion_only,Do not merge occurrences into one person without occurrence-specific context or an approved safe alias.
NAME_06030,william shekelev,William Shekelev,1,William Shekelev,0,suggestion_only,Do not merge occurrences into one person without occurrence-specific context or an approved safe alias.
NAME_06031,william smith,William Smith,2,Sir William Smith,0,suggestion_only,Do not merge occurrences into one person without occurrence-specific context or an approved safe alias.
NAME_06032,william southerne,William Southerne,1,William Southerne,0,suggestion_only,Do not merge occurrences into one person without occurrence-specific context or an approved safe alias.
NAME_06033,william spence,William Spence,1,M* William Spence,0,suggestion_only,Do not merge occurrences into one person without occurrence-specific context or an approved safe alias.
NAME_06034,william stannard,William Stannard,1,William Stannard,0,suggestion_only,Do not merge occurrences into one person without occurrence-specific context or an approved safe alias.
NAME_06035,william stoke,William Stoke,1,William Stoke,0,suggestion_only,Do not merge occurrences into one person without occurrence-specific context or an approved safe alias.
NAME_06036,william stonnard,William Stonnard,1,William Stonnard,0,suggestion_only,Do not merge occurrences into one person without occurrence-specific context or an approved safe alias.
NAME_06039,william swandal,William Swandal,1,William Swandal,0,suggestion_only,Do not merge occurrences into one person without occurrence-specific context or an approved safe alias.
NAME_06040,william tayler,William Tayler,1,William Tayler,0,suggestion_only,Do not merge occurrences into one person without occurrence-specific context or an approved safe alias.
NAME_06041,william throck-,William Throck-,2,Sir William Throck-,0,suggestion_only,Do not merge occurrences into one person without occurrence-specific context or an approved safe alias.
NAME_06042,william throckm,William Throckm,1,William Throckm,0,suggestion_only,Do not merge occurrences into one person without occurrence-specific context or an approved safe alias.
NAME_06044,william throgmorton,William Throgmorton,1,William Throgmorton,0,suggestion_only,Do not merge occurrences into one person without occurrence-specific context or an approved safe alias.
NAME_06045,william throk-,William Throk-,1,William Throk-,0,suggestion_only,Do not merge occurrences into one person without occurrence-specific context or an approved safe alias.
NAME_06046,william throkmortun,William Throkmortun,1,William Throkmortun,0,suggestion_only,Do not merge occurrences into one person without occurrence-specific context or an approved safe alias.
NAME_06047,william tones,William Tones,1,William Tones,0,suggestion_only,Do not merge occurrences into one person without occurrence-specific context or an approved safe alias.
NAME_06048,william tordan,William Tordan,1,William Tordan,0,suggestion_only,Do not merge occurrences into one person without occurrence-specific context or an approved safe alias.
NAME_06050,william tracy's,William Tracy's,1,William Tracy's,0,suggestion_only,Do not merge occurrences into one person without occurrence-specific context or an approved safe alias.
NAME_06051,william tracye,William Tracye,1,William Tracye,0,suggestion_only,Do not merge occurrences into one person without occurrence-specific context or an approved safe alias.
NAME_06052,william traeye,William Traeye,2,m’ William Traeye,0,suggestion_only,Do not merge occurrences into one person without occurrence-specific context or an approved safe alias.
NAME_06055,william turner,William Turner,2,Doctor William Turner,0,suggestion_only,Do not merge occurrences into one person without occurrence-specific context or an approved safe alias.
NAME_06056,william tyler,William Tyler,2,William Tyler,0,suggestion_only,Do not merge occurrences into one person without occurrence-specific context or an approved safe alias.
NAME_06057,william vesie,William Vesie,2,m’ William Vesie,0,suggestion_only,Do not merge occurrences into one person without occurrence-specific context or an approved safe alias.
NAME_06058,william waad,William Waad,2,Sir William Waad,0,suggestion_only,Do not merge occurrences into one person without occurrence-specific context or an approved safe alias.
NAME_06059,william wade,William Wade,2,Sir William Wade,0,suggestion_only,Do not merge occurrences into one person without occurrence-specific context or an approved safe alias.
NAME_06060,william walker,William Walker,2,William Walker,0,suggestion_only,Do not merge occurrences into one person without occurrence-specific context or an approved safe alias.
NAME_06061,william waller,William Waller,3,William Waller,0,suggestion_only,Do not merge occurrences into one person without occurrence-specific context or an approved safe alias.
NAME_06062,william wat-,William Wat-,1,M' William Wat-,0,suggestion_only,Do not merge occurrences into one person without occurrence-specific context or an approved safe alias.
NAME_06063,william wattey,William Wattey,1,William Wattey,0,suggestion_only,Do not merge occurrences into one person without occurrence-specific context or an approved safe alias.
NAME_06065,william webster,William Webster,1,William Webster,0,suggestion_only,Do not merge occurrences into one person without occurrence-specific context or an approved safe alias.
NAME_06066,william welbyis,William Welbyis,1,William Welbyis,0,suggestion_only,Do not merge occurrences into one person without occurrence-specific context or an approved safe alias.
NAME_06067,william weldens,William Weldens,2,"Captaine
William Weldens",0,suggestion_only,Do not merge occurrences into one person without occurrence-specific context or an approved safe alias.
NAME_06068,william weldon,William Weldon,1,William Weldon,0,suggestion_only,Do not merge occurrences into one person without occurrence-specific context or an approved safe alias.
NAME_06069,william wellis,William Wellis,2,"William
Wellis | William Wellis",0,suggestion_only,Do not merge occurrences into one person without occurrence-specific context or an approved safe alias.
NAME_06070,william wildon,William Wildon,2,Captaine William Wildon,0,suggestion_only,Do not merge occurrences into one person without occurrence-specific context or an approved safe alias.
NAME_06071,william wilie,William Wilie,1,William Wilie,0,suggestion_only,Do not merge occurrences into one person without occurrence-specific context or an approved safe alias.
NAME_06072,william willeston,William Willeston,2,William Willeston,0,suggestion_only,Do not merge occurrences into one person without occurrence-specific context or an approved safe alias.
NAME_06073,william williamson,William Williamson,1,William Williamson,0,suggestion_only,Do not merge occurrences into one person without occurrence-specific context or an approved safe alias.
NAME_06074,william willis,William Willis,1,William Willis,0,suggestion_only,Do not merge occurrences into one person without occurrence-specific context or an approved safe alias.
NAME_06075,william wilston,William Wilston,1,William Wilston,0,suggestion_only,Do not merge occurrences into one person without occurrence-specific context or an approved safe alias.
NAME_06076,william winter,William Winter,1,Captain William Winter,0,suggestion_only,Do not merge occurrences into one person without occurrence-specific context or an approved safe alias.
NAME_06078,william wyk,WILLIAM Wyk,1,WILLIAM Wyk,0,suggestion_only,Do not merge occurrences into one person without occurrence-specific context or an approved safe alias.
NAME_06079,william yeomans,William Yeomans,1,William Yeomans,0,suggestion_only,Do not merge occurrences into one person without occurrence-specific context or an approved safe alias.
NAME_06080,william yong,William Yong,1,William Yong,0,suggestion_only,Do not merge occurrences into one person without occurrence-specific context or an approved safe alias.
NAME_06081,william younge,William Younge,1,William Younge,0,suggestion_only,Do not merge occurrences into one person without occurrence-specific context or an approved safe alias.
NAME_06082,william. indebted,William. Indebted,1,"Sir William.
Indebted",0,suggestion_only,Do not merge occurrences into one person without occurrence-specific context or an approved safe alias.
NAME_06083,william. letter,William. Letter,1,"Lord William.
Letter",0,suggestion_only,Do not merge occurrences into one person without occurrence-specific context or an approved safe alias.
NAME_06084,william. patent,William. Patent,1,"Sir William.
Patent",0,suggestion_only,Do not merge occurrences into one person without occurrence-specific context or an approved safe alias.
NAME_06085,william. petitioner,William. Petitioner,1,"Sir William.
Petitioner",0,suggestion_only,Do not merge occurrences into one person without occurrence-specific context or an approved safe alias.
NAME_06086,willian crakeplace,Willian Crakeplace,1,Willian Crakeplace,0,suggestion_only,Do not merge occurrences into one person without occurrence-specific context or an approved safe alias.
NAME_06087,willian throckmorton,Willian Throckmorton,1,Sir Willian Throckmorton,0,suggestion_only,Do not merge occurrences into one person without occurrence-specific context or an approved safe alias.
NAME_06088,williara capps,Williara Capps,1,Williara Capps,0,suggestion_only,Do not merge occurrences into one person without occurrence-specific context or an approved safe alias.
NAME_06089,williem tayler,Williem Tayler,1,Williem Tayler,0,suggestion_only,Do not merge occurrences into one person without occurrence-specific context or an approved safe alias.
NAME_06090,williemt bields,Williemt Bields,1,Williemt Bields,0,suggestion_only,Do not merge occurrences into one person without occurrence-specific context or an approved safe alias.
NAME_06091,willig potterton,Willig Potterton,1,Willig Potterton,0,suggestion_only,Do not merge occurrences into one person without occurrence-specific context or an approved safe alias.
NAME_06092,willimi wye,Willimi Wye,2,Willimi Wye,0,suggestion_only,Do not merge occurrences into one person without occurrence-specific context or an approved safe alias.
NAME_06093,willin capps,Willin Capps,1,Willin Capps,0,suggestion_only,Do not merge occurrences into one person without occurrence-specific context or an approved safe alias.
NAME_06094,willin pierce,Willin Pierce,1,Willin Pierce,0,suggestion_only,Do not merge occurrences into one person without occurrence-specific context or an approved safe alias.
NAME_06095,willinm browne,Willinm Browne,1,Willinm Browne,0,suggestion_only,Do not merge occurrences into one person without occurrence-specific context or an approved safe alias.
NAME_06096,willinm nicholls,Willinm Nicholls,1,Willinm Nicholls,0,suggestion_only,Do not merge occurrences into one person without occurrence-specific context or an approved safe alias.
NAME_06097,willit perry,Willit Perry,1,Willit Perry,0,suggestion_only,Do not merge occurrences into one person without occurrence-specific context or an approved safe alias.
NAME_06098,willié tracy,Willié Tracy,1,Willié Tracy,0,suggestion_only,Do not merge occurrences into one person without occurrence-specific context or an approved safe alias.
NAME_06099,willm chester,Willm Chester,1,Willm Chester,0,suggestion_only,Do not merge occurrences into one person without occurrence-specific context or an approved safe alias.
NAME_06100,willm eps,Willm Eps,1,Capt Willm Eps,0,suggestion_only,Do not merge occurrences into one person without occurrence-specific context or an approved safe alias.
NAME_06101,willm mounson,Willm Mounson,1,Willm Mounson,0,suggestion_only,Do not merge occurrences into one person without occurrence-specific context or an approved safe alias.
NAME_06103,willm parker,Willm Parker,1,Willm Parker,0,suggestion_only,Do not merge occurrences into one person without occurrence-specific context or an approved safe alias.
NAME_06104,willm powell,Willm Powell,1,"Capt. Willm
Powell",0,suggestion_only,Do not merge occurrences into one person without occurrence-specific context or an approved safe alias.
NAME_06105,willm proud,Willm Proud,1,Capt Willm Proud,0,suggestion_only,Do not merge occurrences into one person without occurrence-specific context or an approved safe alias.
NAME_06106,willm rowsse,Willm Rowsse,1,m* Willm Rowsse,0,suggestion_only,Do not merge occurrences into one person without occurrence-specific context or an approved safe alias.
NAME_06107,willm stone,Willm Stone,1,"Willm
Stone",0,suggestion_only,Do not merge occurrences into one person without occurrence-specific context or an approved safe alias.
NAME_06110,willm webbe,Willm Webbe,1,Willm Webbe,0,suggestion_only,Do not merge occurrences into one person without occurrence-specific context or an approved safe alias.
NAME_06111,willmum wye,Willmum Wye,1,Willmum Wye,0,suggestion_only,Do not merge occurrences into one person without occurrence-specific context or an approved safe alias.
NAME_06113,willyam ewen,Willyam Ewen,1,Willyam Ewen,0,suggestion_only,Do not merge occurrences into one person without occurrence-specific context or an approved safe alias.
NAME_06114,wilthm pieree,Wilthm Pieree,2,Capt Wilthm Pieree,0,suggestion_only,Do not merge occurrences into one person without occurrence-specific context or an approved safe alias.
NAME_06115,wiltimi wye,Wiltimi Wye,1,Wiltimi Wye,0,suggestion_only,Do not merge occurrences into one person without occurrence-specific context or an approved safe alias.
NAME_06116,wiltm benet,Wiltm Benet,3,Wiltm Benet | m* Wiltm Benet,0,suggestion_only,Do not merge occurrences into one person without occurrence-specific context or an approved safe alias.
NAME_06117,wiltm caswell,Wiltm Caswell,1,Wiltm Caswell,0,suggestion_only,Do not merge occurrences into one person without occurrence-specific context or an approved safe alias.
NAME_06118,wiltm clement,Wiltm Clement,2,Wiltm Clement,0,suggestion_only,Do not merge occurrences into one person without occurrence-specific context or an approved safe alias.
NAME_06119,wiltm cole,Wiltm Cole,1,Wiltm Cole,0,suggestion_only,Do not merge occurrences into one person without occurrence-specific context or an approved safe alias.
NAME_06120,wiltm cranmer,Wiltm Cranmer,1,m’ Wiltm Cranmer,0,suggestion_only,Do not merge occurrences into one person without occurrence-specific context or an approved safe alias.
NAME_06121,wiltm eden,Wiltm Eden,2,Wiltm Eden,0,suggestion_only,Do not merge occurrences into one person without occurrence-specific context or an approved safe alias.
NAME_06122,wiltm howlet,Wiltm Howlet,1,Wiltm Howlet,0,suggestion_only,Do not merge occurrences into one person without occurrence-specific context or an approved safe alias.
NAME_06123,wiltm leate,Wiltm Leate,1,Wiltm Leate,0,suggestion_only,Do not merge occurrences into one person without occurrence-specific context or an approved safe alias.
NAME_06124,wiltm lewis,Wiltm Lewis,1,Wiltm Lewis,0,suggestion_only,Do not merge occurrences into one person without occurrence-specific context or an approved safe alias.
NAME_06127,wiltm parker,Wiltm Parker,1,Wiltm Parker,0,suggestion_only,Do not merge occurrences into one person without occurrence-specific context or an approved safe alias.
NAME_06128,wiltm peirce,Wiltm Peirce,2,Capt Wiltm Peirce | Wiltm Peirce,0,suggestion_only,Do not merge occurrences into one person without occurrence-specific context or an approved safe alias.
NAME_06129,wiltm peirse,Wiltm Peirse,1,Wiltm Peirse,0,suggestion_only,Do not merge occurrences into one person without occurrence-specific context or an approved safe alias.
NAME_06130,wiltm pierce,Wiltm Pierce,2,Capt Wiltm Pierce | Captaine Wiltm Pierce,0,suggestion_only,Do not merge occurrences into one person without occurrence-specific context or an approved safe alias.
NAME_06131,wiltm richard,Wiltm Richard,2,Wiltm Richard,0,suggestion_only,Do not merge occurrences into one person without occurrence-specific context or an approved safe alias.
NAME_06132,wiltm riehard,Wiltm Riehard,1,Wiltm Riehard,0,suggestion_only,Do not merge occurrences into one person without occurrence-specific context or an approved safe alias.
NAME_06133,wiltm row,Wiltm Row,1,Wiltm Row,0,suggestion_only,Do not merge occurrences into one person without occurrence-specific context or an approved safe alias.
NAME_06134,wiltm stannerd,Wiltm Stannerd,1,Wiltm Stannerd,0,suggestion_only,Do not merge occurrences into one person without occurrence-specific context or an approved safe alias.
NAME_06135,wiltm throkititon,Wiltm Throkititon,1,Wiltm Throkititon,0,suggestion_only,Do not merge occurrences into one person without occurrence-specific context or an approved safe alias.
NAME_06136,wiltm throkm,Wiltm Throkm,2,Wiltm Throkm,0,suggestion_only,Do not merge occurrences into one person without occurrence-specific context or an approved safe alias.
NAME_06137,wiltm throkm9ton,Wiltm Throkm9ton,1,Wiltm Throkm9ton,0,suggestion_only,Do not merge occurrences into one person without occurrence-specific context or an approved safe alias.
NAME_06138,wiltm throkmorton,Wiltm Throkmorton,1,Wiltm Throkmorton,0,suggestion_only,Do not merge occurrences into one person without occurrence-specific context or an approved safe alias.
NAME_06140,wiltm traey,Wiltm Traey,1,Wiltm Traey,0,suggestion_only,Do not merge occurrences into one person without occurrence-specific context or an approved safe alias.
NAME_06144,wiltm turner,Wiltm Turner,1,Wiltm Turner,0,suggestion_only,Do not merge occurrences into one person without occurrence-specific context or an approved safe alias.
NAME_06146,win douglas,Win Douglas,1,M* Win Douglas,0,suggestion_only,Do not merge occurrences into one person without occurrence-specific context or an approved safe alias.
NAME_06148,winitiam throckmmorton,Winitiam THrockmMorton,1,Sir Winitiam THrockmMorton,0,suggestion_only,Do not merge occurrences into one person without occurrence-specific context or an approved safe alias.
NAME_06149,winniam carrs,Winniam Carrs,1,Winniam Carrs,0,suggestion_only,Do not merge occurrences into one person without occurrence-specific context or an approved safe alias.
NAME_06150,wintiam poweitt,Wintiam Poweitt,1,Wintiam Poweitt,0,suggestion_only,Do not merge occurrences into one person without occurrence-specific context or an approved safe alias.
NAME_06151,winttam tracy,Winttam Tracy,2,Mr. Winttam Tracy,0,suggestion_only,Do not merge occurrences into one person without occurrence-specific context or an approved safe alias.
NAME_06152,winuiam tracy,Winuiam Tracy,2,Winuiam Tracy,0,suggestion_only,Do not merge occurrences into one person without occurrence-specific context or an approved safe alias.
NAME_06154,wiseman. s',Wiseman. S',1,"m’ Wiseman.
S'",0,suggestion_only,Do not merge occurrences into one person without occurrence-specific context or an approved safe alias.
NAME_06155,wit powe,Wit Powe,1,Wit Powe,0,suggestion_only,Do not merge occurrences into one person without occurrence-specific context or an approved safe alias.
NAME_06156,withers. s',Withers. S',1,"m’ Withers.
S'",0,suggestion_only,Do not merge occurrences into one person without occurrence-specific context or an approved safe alias.
NAME_06158,witiiam capps,Witiiam Capps,1,Witiiam Capps,0,suggestion_only,Do not merge occurrences into one person without occurrence-specific context or an approved safe alias.
NAME_06159,witiiam torockmorton,Witiiam Torockmorton,1,Witiiam Torockmorton,0,suggestion_only,Do not merge occurrences into one person without occurrence-specific context or an approved safe alias.
NAME_06161,witiram ganey,Witiram Ganey,1,Witiram Ganey,0,suggestion_only,Do not merge occurrences into one person without occurrence-specific context or an approved safe alias.
NAME_06162,witiram tracy,Witiram Tracy,1,Witiram Tracy,0,suggestion_only,Do not merge occurrences into one person without occurrence-specific context or an approved safe alias.
NAME_06163,wititm eden,Wititm Eden,1,Wititm Eden,0,suggestion_only,Do not merge occurrences into one person without occurrence-specific context or an approved safe alias.
NAME_06164,witlm clement,Witlm Clement,1,Witlm Clement,0,suggestion_only,Do not merge occurrences into one person without occurrence-specific context or an approved safe alias.
NAME_06165,witlm richard,Witlm Richard,1,Witlm Richard,0,suggestion_only,Do not merge occurrences into one person without occurrence-specific context or an approved safe alias.
NAME_06166,witt tracy,Witt Tracy,1,Witt Tracy,0,suggestion_only,Do not merge occurrences into one person without occurrence-specific context or an approved safe alias.
NAME_06167,wittiam tracy,Wittiam Tracy,2,Wittiam Tracy,0,suggestion_only,Do not merge occurrences into one person without occurrence-specific context or an approved safe alias.
NAME_06169,wittm caninge,Wittm Caninge,2,Mr. Wittm Caninge,0,suggestion_only,Do not merge occurrences into one person without occurrence-specific context or an approved safe alias.
NAME_06170,wittm eps,Wittm Eps,2,Capt Wittm Eps,0,suggestion_only,Do not merge occurrences into one person without occurrence-specific context or an approved safe alias.
NAME_06172,wittm parker,Wittm Parker,1,Wittm Parker,0,suggestion_only,Do not merge occurrences into one person without occurrence-specific context or an approved safe alias.
NAME_06173,wittm peirce,Wittm Peirce,2,Capt Wittm Peirce,0,suggestion_only,Do not merge occurrences into one person without occurrence-specific context or an approved safe alias.
NAME_06176,wittm wye,Wittm Wye,1,Wittm Wye,0,suggestion_only,Do not merge occurrences into one person without occurrence-specific context or an approved safe alias.
NAME_06177,wittram crakepiace,Wittram Crakepiace,1,Wittram Crakepiace,0,suggestion_only,Do not merge occurrences into one person without occurrence-specific context or an approved safe alias.
NAME_06178,witttam leveson,Witttam Leveson,1,Witttam Leveson,0,suggestion_only,Do not merge occurrences into one person without occurrence-specific context or an approved safe alias.
NAME_06180,witui tracy,Witui Tracy,1,Witui Tracy,0,suggestion_only,Do not merge occurrences into one person without occurrence-specific context or an approved safe alias.
NAME_06181,wituiam ewens,Wituiam Ewens,1,Wituiam Ewens,0,suggestion_only,Do not merge occurrences into one person without occurrence-specific context or an approved safe alias.
NAME_06182,wituiam tracy,Wituiam Tracy,1,Wituiam Tracy,0,suggestion_only,Do not merge occurrences into one person without occurrence-specific context or an approved safe alias.
NAME_06183,witur tracy,Witur Tracy,1,Witur Tracy,0,suggestion_only,Do not merge occurrences into one person without occurrence-specific context or an approved safe alias.
NAME_06184,wituram tracy,Wituram Tracy,1,Wituram Tracy,0,suggestion_only,Do not merge occurrences into one person without occurrence-specific context or an approved safe alias.
NAME_06185,witutam tracy,Witutam Tracy,1,Witutam Tracy,0,suggestion_only,Do not merge occurrences into one person without occurrence-specific context or an approved safe alias.
NAME_06186,wiuiram hauy,Wiuiram Hauy,1,Wiuiram Hauy,0,suggestion_only,Do not merge occurrences into one person without occurrence-specific context or an approved safe alias.
NAME_06187,wiuuiam arthard,Wiuuiam ArTHARD,1,Wiuuiam ArTHARD,0,suggestion_only,Do not merge occurrences into one person without occurrence-specific context or an approved safe alias.
NAME_06189,wm. norton,Wm. Norton,1,Capt Wm. Norton,0,suggestion_only,Do not merge occurrences into one person without occurrence-specific context or an approved safe alias.
NAME_06190,wm.1am tracy,Wm.1am Tracy,1,Wm.1am Tracy,0,suggestion_only,Do not merge occurrences into one person without occurrence-specific context or an approved safe alias.
NAME_06192,wood vppon,Wood Vppon,1,Wood Vppon,0,suggestion_only,Do not merge occurrences into one person without occurrence-specific context or an approved safe alias.
NAME_06193,woodall. s',Woodall. S',1,"m’ Woodall.
S'",0,suggestion_only,Do not merge occurrences into one person without occurrence-specific context or an approved safe alias.
NAME_06194,woodalls cattle,Woodalls Cattle,1,"M* Woodalls
Cattle",0,suggestion_only,Do not merge occurrences into one person without occurrence-specific context or an approved safe alias.
NAME_06196,worke soe,Worke Soe,1,Worke Soe,0,suggestion_only,Do not merge occurrences into one person without occurrence-specific context or an approved safe alias.
NAME_06199,wrart. cosmiusstons,Wrart. Cosmiusstons,1,Governor Wrart. Cosmiusstons,0,suggestion_only,Do not merge occurrences into one person without occurrence-specific context or an approved safe alias.
NAME_06200,wrete binge,Wrete Binge,1,Wrete Binge,0,suggestion_only,Do not merge occurrences into one person without occurrence-specific context or an approved safe alias.
NAME_06202,writiiaam throckmorton,WritiiaAM THROCKMORTON,1,Sir WritiiaAM THROCKMORTON,0,suggestion_only,Do not merge occurrences into one person without occurrence-specific context or an approved safe alias.
NAME_06203,wrors. notes,Wrors. Notes,1,Mr. Wrors. Notes,0,suggestion_only,Do not merge occurrences into one person without occurrence-specific context or an approved safe alias.
NAME_06204,wrote c,Wrote C,1,m’ Wrote C,0,suggestion_only,Do not merge occurrences into one person without occurrence-specific context or an approved safe alias.
NAME_06205,wrote departed,Wrote Departed,1,m* Wrote Departed,0,suggestion_only,Do not merge occurrences into one person without occurrence-specific context or an approved safe alias.
NAME_06206,wrote gagend,Wrote Gagend,1,"m* Wrote
Gagend",0,suggestion_only,Do not merge occurrences into one person without occurrence-specific context or an approved safe alias.
NAME_06207,wrote. doctor,Wrote. Doctor,1,m’* Wrote. Doctor,0,suggestion_only,Do not merge occurrences into one person without occurrence-specific context or an approved safe alias.
NAME_06208,wrote. s',Wrote. S',1,"m'’ Wrote.
S'",0,suggestion_only,Do not merge occurrences into one person without occurrence-specific context or an approved safe alias.
NAME_06209,wrotes accuser,Wrotes Accuser,1,m* Wrotes Accuser,0,suggestion_only,Do not merge occurrences into one person without occurrence-specific context or an approved safe alias.
NAME_06210,wrotes allegaéon,Wrotes Allegaéon,2,m’ Wrotes Allegaéon,0,suggestion_only,Do not merge occurrences into one person without occurrence-specific context or an approved safe alias.
NAME_06211,wrotes answeare,Wrotes Answeare,1,m’ Wrotes Answeare,0,suggestion_only,Do not merge occurrences into one person without occurrence-specific context or an approved safe alias.
NAME_06212,wrotes desire,Wrotes Desire,1,m' Wrotes Desire,0,suggestion_only,Do not merge occurrences into one person without occurrence-specific context or an approved safe alias.
NAME_06213,wrotes obiecéon,Wrotes Obiecéon,1,m’ Wrotes Obiecéon,0,suggestion_only,Do not merge occurrences into one person without occurrence-specific context or an approved safe alias.
NAME_06214,wrotes proiect,Wrotes Proiect,3,"m'’ Wrotes
Proiect | m* Wrotes Proiect | m’ Wrotes Proiect",0,suggestion_only,Do not merge occurrences into one person without occurrence-specific context or an approved safe alias.
NAME_06215,wroth. cap’,Wroth. Cap’,1,Wroth. Cap’,0,suggestion_only,Do not merge occurrences into one person without occurrence-specific context or an approved safe alias.
NAME_06216,wroth. d,Wroth. D,1,m* Wroth. D,0,suggestion_only,Do not merge occurrences into one person without occurrence-specific context or an approved safe alias.
NAME_06218,wyarr april,Wyarr APRIL,1,"Governor Wyarr
APRIL",0,suggestion_only,Do not merge occurrences into one person without occurrence-specific context or an approved safe alias.
NAME_06219,wyatr octozer,Wyatr OctozER,1,"GovERNoR Wyatr
OctozER",0,suggestion_only,Do not merge occurrences into one person without occurrence-specific context or an approved safe alias.
NAME_06220,wyatt and,Wyatt AND,1,Governor Wyatt AND,0,suggestion_only,Do not merge occurrences into one person without occurrence-specific context or an approved safe alias.
NAME_06221,wyatt between,Wyatt BETWEEN,1,"GovERNoR Wyatt
BETWEEN",0,suggestion_only,Do not merge occurrences into one person without occurrence-specific context or an approved safe alias.
NAME_06222,wyatt by,Wyatt By,1,Governor Wyatt By,0,suggestion_only,Do not merge occurrences into one person without occurrence-specific context or an approved safe alias.
NAME_06223,wyatt january,WYATT JANUARY,1,"Governor WYATT
JANUARY",0,suggestion_only,Do not merge occurrences into one person without occurrence-specific context or an approved safe alias.
NAME_06224,wyatt kt,Wyatt Kt,1,Wyatt Kt,0,suggestion_only,Do not merge occurrences into one person without occurrence-specific context or an approved safe alias.
NAME_06225,wyatt ocrtober,Wyatt OcrtoBER,1,"GoveRNor Wyatt
OcrtoBER",0,suggestion_only,Do not merge occurrences into one person without occurrence-specific context or an approved safe alias.
NAME_06226,wyatt rog,Wyatt Rog,1,Wyatt Rog,0,suggestion_only,Do not merge occurrences into one person without occurrence-specific context or an approved safe alias.
NAME_06227,wyatt tooke,Wyatt Tooke,1,Lady Wyatt Tooke,0,suggestion_only,Do not merge occurrences into one person without occurrence-specific context or an approved safe alias.
NAME_06228,wye lecta,Wye Lecta,1,Wye Lecta,0,suggestion_only,Do not merge occurrences into one person without occurrence-specific context or an approved safe alias.
NAME_06229,wye milburie,Wye Milburie,1,Wye Milburie,0,suggestion_only,Do not merge occurrences into one person without occurrence-specific context or an approved safe alias.
NAME_06231,wyratr between,Wyratr BETWEEN,1,"Governor Wyratr
BETWEEN",0,suggestion_only,Do not merge occurrences into one person without occurrence-specific context or an approved safe alias.
NAME_06232,wytim hobart,Wytim Hobart,1,Wytim Hobart,0,suggestion_only,Do not merge occurrences into one person without occurrence-specific context or an approved safe alias.
NAME_06233,wytte naughtworth,Wytte Naughtworth,1,Wytte Naughtworth,0,suggestion_only,Do not merge occurrences into one person without occurrence-specific context or an approved safe alias.
NAME_06234,wyttm capps,Wyttm Capps,1,Wyttm Capps,0,suggestion_only,Do not merge occurrences into one person without occurrence-specific context or an approved safe alias.
NAME_06238,xfopher nelme,Xfopher Nelme,1,Xfopher Nelme,0,suggestion_only,Do not merge occurrences into one person without occurrence-specific context or an approved safe alias.
NAME_06240,xiopher burton,Xiopher Burton,1,Xiopher Burton,0,suggestion_only,Do not merge occurrences into one person without occurrence-specific context or an approved safe alias.
NAME_06243,xofer cletheroe,Xofer Cletheroe,1,m' Xofer Cletheroe,0,suggestion_only,Do not merge occurrences into one person without occurrence-specific context or an approved safe alias.
NAME_06244,xofer lawne,Xofer Lawne,1,Xofer Lawne,0,suggestion_only,Do not merge occurrences into one person without occurrence-specific context or an approved safe alias.
NAME_06245,xofer martin,Xofer Martin,1,m* Xofer Martin,0,suggestion_only,Do not merge occurrences into one person without occurrence-specific context or an approved safe alias.
NAME_06246,xper baron,Xper Baron,1,Xper Baron,0,suggestion_only,Do not merge occurrences into one person without occurrence-specific context or an approved safe alias.
NAME_06248,xrépher nelme,Xrépher Nelme,1,Xrépher Nelme,0,suggestion_only,Do not merge occurrences into one person without occurrence-specific context or an approved safe alias.
NAME_06249,xtopher nelme,Xtopher Nelme,1,Xtopher Nelme,0,suggestion_only,Do not merge occurrences into one person without occurrence-specific context or an approved safe alias.
NAME_06250,yardley georcr,YARDLEY Georcr,1,"YARDLEY
Georcr",0,suggestion_only,Do not merge occurrences into one person without occurrence-specific context or an approved safe alias.
NAME_06251,yeardley io,Yeardley Io,1,Yeardley Io,0,suggestion_only,Do not merge occurrences into one person without occurrence-specific context or an approved safe alias.
NAME_06252,yeardleys tre,Yeardleys Tre,1,Yeardleys Tre,0,suggestion_only,Do not merge occurrences into one person without occurrence-specific context or an approved safe alias.
NAME_06253,yeere wheras,Yeere Wheras,1,Yeere Wheras,0,suggestion_only,Do not merge occurrences into one person without occurrence-specific context or an approved safe alias.
NAME_06254,yerra lemnia,Yerra Lemnia,1,Yerra Lemnia,0,suggestion_only,Do not merge occurrences into one person without occurrence-specific context or an approved safe alias.
NAME_06255,yf st,Yf St,1,Yf St,0,suggestion_only,Do not merge occurrences into one person without occurrence-specific context or an approved safe alias.
NAME_06263,zacharie jones,Zacharie Jones,2,Zacharie Jones,0,suggestion_only,Do not merge occurrences into one person without occurrence-specific context or an approved safe alias.
NAME_06264,zachary jones,Zachary Jones,1,Zachary Jones,0,suggestion_only,Do not merge occurrences into one person without occurrence-specific context or an approved safe alias.
NAME_06266,zouche sainctmaure,Zouche Sainctmaure,1,Lord Zouche Sainctmaure,0,suggestion_only,Do not merge occurrences into one person without occurrence-specific context or an approved safe alias.
