review_decision,manual_place_name,review_note,place_id,preferred_name,matched_alias,person_occurrence_id,observed_span,name_string,label,mention_kind,page_id,section_id,source_id,span_start,span_end,sentence_text,place_match_scope,matching_policy
,,,OW-039,The Downs,Downes,V01-P0260-M01256-01265,m' Downes,Downes,PERSON_REF,title_surname,V01-P0260,V01-PRIMARY,V01-OCR-78,1256,1265,"m' Peire 2 shares The Court vpon like request passed these other ||shares|| following viz‘.
to m' Barbor. 9 & : e 3
mt Downes -3: 2: Shares from m* Lott Peire to m‘* Barbo'.

shares to m' lohn 3° shares from m' Downes to m‘ Iohn Smith
Smith.

",observed_span_or_name_string,ambiguous_contextual
,,,OW-016,Ireland,Ireland,V01-P0305-M02108-02119,"m'

Ireland",Ireland,PERSON_REF,title_surname,V01-P0305,V01-PRIMARY,V01-OCR-123,2108,2119,"Martin

mn Tho: Iadwint
mnvcon thought
Very reasunable

M’ Deputy signified of a letter hee had receaved from m‘ Gookin of 4 tre: from m'

Ireland who desyred y‘ a Clause in the Contract between him and the
Company touchinge Cattle w hee had vndertaken to transport to
Virginia after the rate of eleven pounds the Heiffer and Shee Goate

Gookin,
",observed_span_or_name_string,contextual_alias
,,,OW-031,Amsterdam,Amsterdam,V01-P0330-M01279-01288,Amsterdam,Amsterdam,PERSON_REF,surname_only,V01-P0330,V01-PRIMARY,V01-OCR-148,1279,1288,"A Compt: madeto M' Deputy signified y* the occasion of ecallinge this Courte was to
erg At ‘ac, aequainte them that aceordinge to a message receaved from the LL:
vpatrade at Am- of the Counsell some of the Virginia Company had appeared before
aaa their Lo”: the 12"" of this present monneth, vnto whome the LL’:
declared y' itt was complayned vnto that Boord y*‘ this Company had
sett vpp a trade att Amsterdam and brought thither all their Comodi-
ties from Virginia, they therfore now required to know the Com-
panies answere wheither or noe they would bringe all their Comodities
into this Kingdom or continue their Trade there att Amsterdam.

",observed_span_or_name_string,contextual_alias
,,,OW-008,Southampton,Southampton,V02-P0171-M01728-01739,Southampton,Southampton,PERSON_REF,surname_only,V02-P0171,V02-PRIMARY,V02-OCR-170,1728,1739,"[land¢ Court all thinge
must be againe repeated to the Virginia Court afterward, for w™ the
day would searce suffice: wherevpon it was ordered that the Sumer
lands Co should be suspended for a while but to be continued so
longe after 6, of y® Clocke as occasion should require and the Ea: of
Southampton was desired to take the Chaire and to begin a Virginia
Court w™ accordingly his Ip: did.",observed_span_or_name_string,ambiguous_contextual
,,,OW-039,The Downs,Downes,V02-P0305-M00493-00502,m’ Downes,Downes,PERSON_REF,title_surname,V02-P0305,V02-PRIMARY,V02-OCR-304,493,502,"m’ Downes.
",observed_span_or_name_string,ambiguous_contextual
,,,OW-039,The Downs,Downes,V02-P0382-M00544-00553,m* Downes,Downes,PERSON_REF,title_surname,V02-P0382,V02-PRIMARY,V02-OCR-381,544,553,"m* Downes.
",observed_span_or_name_string,ambiguous_contextual
,,,OW-039,The Downs,Downes,V02-P0385-M00603-00612,m* Downes,Downes,PERSON_REF,title_surname,V02-P0385,V02-PRIMARY,V02-OCR-384,603,612,m* Downes.,observed_span_or_name_string,ambiguous_contextual
,,,OW-018,Holland,Holland,V02-P0410-M00885-00904,Captaine of Holland,of Holland,PERSON_REF,title_surname,V02-P0410,V02-PRIMARY,V02-OCR-409,885,904,"As for the Allegaton that divers of the Antient Adventurers and Planters
conceive them selvs to have been iniured abused & oppressed itt cannott be
shewne that the lustice w™ was in the power of the Court€ to give, hath been
denyed to any man much less by pryvate dyrectons and vnderhand tres have
the goods of some particuler psonns in y* Plantatons been taken vyolently
from them contrary to course of Lawe & consigned into the possession of
their Potent adversaries, As hath lately happened in the case of Cap‘ Miles
Kendall who was spoyled by Cap‘ Butler of 14 Negroes graunted to him by a
Captaine of Holland havinge Comission from the Prince of Orange vnder a
bare and false pretence y‘ they belonged toa Ship called the Treasuror sett
out from Virginia by S*",observed_span_or_name_string,ambiguous_contextual
,,,OW-039,The Downs,Downes,V02-P0465-M00106-00115,m’ Downes,Downes,PERSON_REF,title_surname,V02-P0465,V02-PRIMARY,V02-OCR-464,106,115,"m’ Downes.
",observed_span_or_name_string,ambiguous_contextual
,,,OW-039,The Downs,Downes,V02-P0479-M01091-01100,m’ Downes,Downes,PERSON_REF,title_surname,V02-P0479,V02-PRIMARY,V02-OCR-478,1091,1100,"Moorewood.

m’ Downes.

",observed_span_or_name_string,ambiguous_contextual
,,,OW-011,England,England,V02-P0516-M00986-01011,"Lord the Kinge
of England","Lord the Kinge
of England",PERSON_NAME,explicit_name,V02-P0516,V02-PRIMARY,V02-OCR-515,986,1011,"And in the years of the raigne of our Soveraigne Lord the Kinge
of England ffraunce and Ireland the one and Twentieth, and of Seot-
land the seven & ffiftieth.

W"" beinge read the Court approved and by a generall erection of
hands (one onely dissentinge) ordered itt to be sealed.

M’*",observed_span_or_name_string,ambiguous_contextual
,,,OW-011,England,England,V02-P0539-M00274-00289,king of England,of England,PERSON_REF,title_surname,V02-P0539,V02-PRIMARY,V02-OCR-538,274,289,"And in the years of the raigne of our Soueraigne Lord Iames by the
grace of God king of England, Scotland, ffraunce and Ireland Defender of the
fayth C* (vizt) of England.",observed_span_or_name_string,ambiguous_contextual
,,,OW-007,Plymouth,Plymouth,V02-P0561-M01452-01477,m* lames Bagg of Plymouth,lames Bagg of Plymouth,PERSON_REF,title_surname,V02-P0561,V02-PRIMARY,V02-OCR-560,1452,1477,"The Graunt of fiue shares vnto m* lames Bagg of Plymouth beinge
ordered by the last Court to be drawen vpp was now presented and
read and beinge approved was ordered to be sealled.

",observed_span_or_name_string,ambiguous_contextual
,,,OW-039,The Downs,Downes,V02-P0588-M00295-00301,Downes,Downes,PERSON_REF,surname_only,V02-P0588,V02-PRIMARY,V02-OCR-587,295,301,"Downes, Edward.
",observed_span_or_name_string,ambiguous_contextual
,,,OW-044,Ipswich,Ipswich,V02-P0596-M01376-01383,Ipswich,Ipswich,PERSON_REF,surname_only,V02-P0596,V02-PRIMARY,V02-OCR-595,1376,1383,"Ipswich, town of.
",observed_span_or_name_string,contextual_alias
,,,NW-002,Jamestown,Jamestown,V02-P0597-M00078-00087,Jamestown,Jamestown,PERSON_REF,surname_only,V02-P0597,V02-PRIMARY,V02-OCR-596,78,87,"Jamestown, II, 400.
",observed_span_or_name_string,high_confidence_alias
,,,NW-069,Newfoundland,Newfoundland,V02-P0605-M01508-01520,Newfoundland,Newfoundland,PERSON_REF,surname_only,V02-P0605,V02-PRIMARY,V02-OCR-604,1508,1520,"Newfoundland, I, 257, 575.
",observed_span_or_name_string,contextual_alias
,,,NW-001,Virginia,Virginia,V02-P0609-M01520-01540,governor of Virginia,of Virginia,PERSON_REF,title_surname,V02-P0609,V02-PRIMARY,V02-OCR-608,1520,1540,"To the governor of Virginia, I, 160, 163, 169,
171,
To Kine:
Against company, I, 375, 387.
",observed_span_or_name_string,ambiguous_contextual
,,,NW-001,Virginia,Virginia,V02-P0609-M02005-02037,governor and council in Virginia,and council in Virginia,PERSON_REF,title_surname,V02-P0609,V02-PRIMARY,V02-OCR-608,2005,2037,"By the governor and council in Virginia,
I, 195, 196; Il, 298, 308.
",observed_span_or_name_string,ambiguous_contextual
,,,OW-007,Plymouth,Plymouth,V02-P0611-M01746-01754,Plymouth,Plymouth,PERSON_REF,surname_only,V02-P0611,V02-PRIMARY,V02-OCR-610,1746,1754,"Plymouth, Mayor of, I, 153, 335.
",observed_span_or_name_string,ambiguous_contextual
,,,NW-001,Virginia,Virginia,V02-P0612-M01424-01456,governor and council in Virginia,and council in Virginia,PERSON_REF,title_surname,V02-P0612,V02-PRIMARY,V02-OCR-611,1424,1456,"To governor and council in Virginia, I,

172, 182, 184.

",observed_span_or_name_string,ambiguous_contextual
,,,OW-001,London,London,V02-P0619-M01214-01230,George of London,George of London,PERSON_NAME,explicit_name,V02-P0619,V02-PRIMARY,V02-OCR-618,1214,1230,"George of London, I, 229, 575.
",observed_span_or_name_string,ambiguous_contextual
,,,OW-001,London,London,V02-P0619-M01456-01471,James of London,James of London,PERSON_NAME,explicit_name,V02-P0619,V02-PRIMARY,V02-OCR-618,1456,1471,"James of London, II, 98.
",observed_span_or_name_string,ambiguous_contextual
,,,NW-001,Virginia,Virginia,V03-P0012-M01277-01297,governor of Virginia,of Virginia,PERSON_REF,title_surname,V03-P0012,V03-PRIMARY,V03-OCR-38,1277,1297,"A contemporary copy
Document in Bodleian Library, Oxford University
List of Records No. 10

Instrucéons orders and constituéons by way of advise sett downe declared
and ppounded to 8' Thomas Gates knight Governo’ of Virginia and
of the Colony there planted, and to be planted, and of all the inhabi-
tants thereof, by vs his maiesties Counsell for the Directon of the
affaires of that Countrey for his better disposinge and peeedinge in
the government thereof §accordinge§ to the authority and power giuen
vuto vs by by virtue of his Ma""'*s lies Patents:

1 Hauinge considered the greate sufficiency and zealous affecéon w you
S Thomas Gates haue many waies manifested vnto vs, and hauinge
therefore by our Commission vnder ot handé and seales constituted and
ordayned you to be the governor of Virginia, wee his Ma'* Counsell for
that plantaéon, haue consulted and advised vppon diuers instrucéons for
yo"" safer and more delibate p’ceedinge, therein, And therefore doe requier
and charge §you§ accordinge to the Comission in that behalf Directed vnto
you, presently with all convenient speede to take the charge and of our
fleete Consistinge of eight good shippes and one Pinnace and of sixe
hundred land men to be transported vnder yo™ Comaund, and with the
first winde to sett sayle for virginia.",observed_span_or_name_string,ambiguous_contextual
,,,OW-011,England,England,V03-P0091-M01698-01713,King of England,of England,PERSON_REF,title_surname,V03-P0091,V03-PRIMARY,V03-OCR-117,1698,1713,"Sithence in all places of Warrs
and Garrison Towns it is most Expedient and necessary to have an honest
and Carefull provost Marshall to whose charge and Safe Custody all
Delinquents and prisoners of what Nature or Quallity soever their Offences
be are to be coffiytted Now Know ye that for the Honesty Sufficiency
and Carefulness in the Execution and Dischardge of the Said Office—
which I conceyve of William Cradock I do by these presents néiate Con-
stitute Ordain & appoint the Said William Cradock to be provost Marshall
of the Bermuda City and of all the Hundred thereto belonging Giving
and granting unto the said William Cradock All power and Authority to
Execute all Such Offices Duties and Comands belonging to the Said place
of provost Marshall with all priviledgs rite and prehemynences thereunto
belonging And in all Cases w% require his Speedy Execution of his Said
Office by virtue of these presents he shall require all Captains Officers
Soldiers or any other Member of this Colony to be [93] aiding and assisting
to him to appease all Mutinies factious Rebellions and all other Discords
contrary to the quiet and peaceable Government of this Comon-Weale as
they will Answer the Contrary at their further Perils

Given at Bermuda City this 20! of ffebraury in the 15"" year of the Reign
of Our Soveraigne Lord J&mes by the Grace of God King of England &e
and of Seotland the 51",observed_span_or_name_string,ambiguous_contextual
,,,NW-001,Virginia,Virginia,V03-P0103-M01474-01494,Governor of Virginia,of Virginia,PERSON_REF,title_surname,V03-P0103,V03-PRIMARY,V03-OCR-129,1474,1494,"NOVEMBER 18, 1618 99

form of Government by Majestracy and just Laws for the happy guiding
and governing of the people there inhabiting like as we have already donc
for the well ordering of our Courts here and of our Officers and accions for
the behoof of that plantation And because our intent is to Ease all the
Inhabitants of Virginia forever of all taxes and publie burthens as much as
may be and to take away all occasion of oppression and corruption we have
thought fit to begin (according to the laudable Example of the most famous
Common Wealthes both past and present) to alot and lay out A Convenient
portion of public lands for the maintenance and support as well of Magis-
tracy and officers as of other public charges both here and there from time
to time arising We therefore the said treasurer and Company upon a
solemn treaty and resolution and with the advice consent and assent of
his Majesties Council here of Virginia being Assembled in A great and
general Court of the Council and Company of Adventurers for Virginia
require you the said Governor and Council of Estate to put in Execution
with all convenient Speed a former order of Our Courts (which had been
commended also to Captain Argal at his making Deputy Governor) for
the laying and seting out by bounds and metes of three thousand Acres
of land in the best and most convenient place of the territory of James
town in Virginia and next adjoining to the said town to be the seat and land
of the Governor of Virginia for the time being and his Successors and to be
called by the name of the Governors Land which Governors Land shall
be of the freed grounds by the common labor of the people sent thither at
the Companies Charges And of the Lands formerly conquer’d or purchased
of the Paspeheies and of other grounds next adjoining In like sort we
require you to set and lay out by bounds and Metes other three thousand
Aeres of good land within the territory of James town which shall be con-
venient and in such place or places as in your discretions you shall find
meet which latter three thousand Acres shall be and so called the Com-
panies Land",observed_span_or_name_string,ambiguous_contextual
,,,NW-001,Virginia,Virginia,V03-P0110-M02425-02445,Governor of Virginia,of Virginia,PERSON_REF,title_surname,V03-P0110,V03-PRIMARY,V03-OCR-136,2425,2445,"And to the
End aforesaid we will and ordain that all our grants in writing under our
seal made in our great and general Quarter Courts be Entered into your
records to be kept there in Virginia Yet directly forbiding that a Charter
of Land granted to Captain Samuel Argal and his Associates bearing date
the twentieth of March 1616 be entered in your Records or otherwise at
all respected forasmuch as the same was obtained by slight and cunning
And afterwards upon suffering him to go Governor of Virginia was by his
own voluntary act left in our Custody to be cancelled upon Grant of a new

i Blank spaces.
",observed_span_or_name_string,ambiguous_contextual
,,,NW-001,Virginia,Virginia,V03-P0134-M00933-00968,governor of Virginia knight Richard,of Virginia knight Richard,PERSON_REF,title_surname,V03-P0134,V03-PRIMARY,V03-OCR-160,933,968,"8 Wittm Throkm9ton of Clowerwall in the County of Gloué knight
and baronet, S' George Yardley nowe governor of Virginia knight Richard
Berkeley of Stoke George Thorpe of Wanswell and John Smyth of North-
nibley in the said county of Gloué Esquiers free of the said company of
Virginia and who have seu%ally adventured for their seu%all shares here-
after menéoned and for cu9y of the said shares, either they or those whose
estates they nowe have or shall have, have payd or are to pay within one
yeare after the date hereof—xij''",observed_span_or_name_string,ambiguous_contextual
,,,NW-012,Elizabeth City,Kiecowtan,V03-P0165-M00861-00870,Kiecowtan,Kiecowtan,PERSON_REF,surname_only,V03-P0165,V03-PRIMARY,V03-OCR-191,861,870,"The fifte Petition is to beseeche the Treasurer, Counse'l and Company that,
towards the erecting of the University and Colledge, they will sende, when
they shall thinke it most convenient, workmen of al! sortes, fitt for that
purpose,

The sixte and laste is, they wilbe pleased to change the savage name of
Kiecowtan, and to give that Incorporation a new name.

",observed_span_or_name_string,high_confidence_alias
,,,NW-001,Virginia,Virginia,V03-P0194-M00261-00286,"governor of
Virginia.

St","governor of
Virginia.

St",PERSON_NAME,explicit_name,V03-P0194,V03-PRIMARY,V03-OCR-220,261,286,"[78} To my honorable frend S' George Yardley knight governor of
Virginia.

",observed_span_or_name_string,ambiguous_contextual
,,,NW-001,Virginia,Virginia,V03-P0200-M00079-00099,governor of Virginia,of Virginia,PERSON_REF,title_surname,V03-P0200,V03-PRIMARY,V03-OCR-226,79,99,"That you procure a Certifieat from the governor of Virginia, or other
officer theirvnto assigned, of the names and number of our men, there
landinge for plantaéon.

",observed_span_or_name_string,ambiguous_contextual
,,,NW-001,Virginia,Virginia,V03-P0204-M01768-01788,governor of Virginia,of Virginia,PERSON_REF,title_surname,V03-P0204,V03-PRIMARY,V03-OCR-230,1768,1788,"Nowe knowe yee That wee the said 8 Willm Throkm9ton Richard
Berkeley George Thorpe and Iohn Smyth by vertue and force of the
authority and power given vnto vs in and by one Indenture bearinge date
the third day of ffebruary last past before the date hereof made to vs and
S' George Yardley knight nowe governor of Virginia, by the Treasorer
and company of adventurers and planters of the City of London for the
first Collony in Virginia with the advise and consent of the counsell of
the same, Have nomynated and appoynted And",observed_span_or_name_string,ambiguous_contextual
,,,OW-011,England,England,V03-P0205-M00723-00750,"lord kinge
Tames of England","lord kinge
Tames of England",PERSON_NAME,explicit_name,V03-P0205,V03-PRIMARY,V03-OCR-231,723,750,"in the xvij* yeare of the raigne of our sou2aigne lord kinge
Tames of England ffrance and Ireland and of Scotland the liij"".

LXXIV.",observed_span_or_name_string,ambiguous_contextual
,,,NW-001,Virginia,Virginia,V03-P0210-M00417-00437,governor of Virginia,of Virginia,PERSON_REF,title_surname,V03-P0210,V03-PRIMARY,V03-OCR-236,417,437,"George
Thorpe and John Smyth have heretofore agreed at equall charges amongst
themselves to buy and provide all things t# touchinge their said plantaéons,
aswell past, nowe plsent and to come, And wheras S"" George Yardley
knight nowe governor of Virginia, beinge named a Joynt patentee in the
said Indenture hath heretofore by his tre dated the fourth of December
last, written to the said 8"" Wittm, vndertaken to furnish and lade backe
the pte of his adventure out of such goods and comodyties to be sent
from Virginia vpon returne of this ship as might countervaile his fift pte
Desiringe that his said pte of charge might bee layd out and disbursed
for him in the meane tyme.",observed_span_or_name_string,ambiguous_contextual
,,,OW-011,England,England,V03-P0214-M01749-01776,lord kinge Iames of England,kinge Iames of England,PERSON_REF,title_surname,V03-P0214,V03-PRIMARY,V03-OCR-240,1749,1776,"in the xvij*®
yeare of the raigne of our sou2aigne lord kinge Iames of England &c.
Betwene S$ Wiltm Throkm%ton knight and baronet Richard Berkley
Esq, George Thorpe Esq, and Iohn Smyth gent on the one pte And
Robert Coopy of Northnibly in the county of Glouc Husbandman on
th’other pte.",observed_span_or_name_string,ambiguous_contextual
,,,NW-001,Virginia,Virginia,V03-P0216-M00310-00339,"governor of Virginia.

Hof St","governor of Virginia.

Hof St",PERSON_NAME,explicit_name,V03-P0216,V03-PRIMARY,V03-OCR-242,310,339,"Str Witt1am THrocKMORTON AND HIS THREE ASSOCIATES
Letter To Str GeorGE YEARDLEY

SEPTEMBER 9, 1619

Smyth of Nibley Papers, Smyth, 3 (11), Page 77
Document in the New York Public Library
List of Records No. 128
[77] To our honorable frend S"" George Yardley knight governor of Virginia.

",observed_span_or_name_string,ambiguous_contextual
,,,OW-013,Spain,Spaine,V03-P0223-M01557-01571,king of Spaine,of Spaine,PERSON_REF,title_surname,V03-P0223,V03-PRIMARY,V03-OCR-249,1557,1571,"This ship the Treas-
urer wente out of England in Aprill was tweluemoneth, about a moneth,
I thinke, before any peace was concluded between the king of Spaine & that
prince.",observed_span_or_name_string,ambiguous_contextual
,,,OW-011,England,England,V03-P0279-M01381-01407,lord king James of England,king James of England,PERSON_REF,title_surname,V03-P0279,V03-PRIMARY,V03-OCR-305,1381,1407,"in the xviij"" yeare
of the raigne of our sou%aigne lord king James of England ffrance and Ireland
and of Scotland the liij* Betwene S* Willm Throkm9ton of Clowerwall in
the County of Gloué knight and baronet of the one pte And Willm Tracy
",observed_span_or_name_string,ambiguous_contextual
,,,OW-011,England,England,V03-P0279-M01386-01407,king James of England,James of England,PERSON_REF,title_surname,V03-P0279,V03-PRIMARY,V03-OCR-305,1386,1407,"in the xviij"" yeare
of the raigne of our sou%aigne lord king James of England ffrance and Ireland
and of Scotland the liij* Betwene S* Willm Throkm9ton of Clowerwall in
the County of Gloué knight and baronet of the one pte And Willm Tracy
",observed_span_or_name_string,ambiguous_contextual
,,,OW-011,England,England,V03-P0288-M01993-02008,King of England,of England,PERSON_REF,title_surname,V03-P0288,V03-PRIMARY,V03-OCR-314,1993,2008,"and in the yeere of the
Raigne of our Soueraigne Lord Lames, by the grace of God, King of England,
Seotland, France, and Ireland, Defender of the Faith, &e. viz.",observed_span_or_name_string,ambiguous_contextual
,,,OW-001,London,London,V03-P0306-M00050-00066,Mr of the London,of the London,PERSON_REF,title_surname,V03-P0306,V03-PRIMARY,V03-OCR-332,50,66,"Shaw Mr of the London, Marchant 5 hoghsheads and 5 barells of
pease and 12 barells of ottmealle with 1000' weyght of biskett, w I find
to be allso very nessisary, my bills of Exchange I have made bould to
charge vpon your selfe in the behalfe of the Company, who I hope will
not take it ill that I have So Charged thé for this pvision of victuall, being
it is soe that I find this varyety of victuall to be much to the content
and health of the people.",observed_span_or_name_string,ambiguous_contextual
,,,NW-001,Virginia,virginia,V03-P0388-M02662-02682,governor of virginia,of virginia,PERSON_REF,title_surname,V03-P0388,V03-PRIMARY,V03-OCR-414,2662,2682,"Rich Berkeley George Thorpe
& Iohn Smyth and to S' George Yardley knight nowe governor of virginia
",observed_span_or_name_string,ambiguous_contextual
,,,OW-005,Bristol,Bristol,V03-P0417-M02220-02227,Bristol,Bristol,PERSON_REF,surname_only,V03-P0417,V03-PRIMARY,V03-OCR-443,2220,2227,"To my worthie good cosyn m"" Willié Tracy att Bristol these.
",observed_span_or_name_string,high_confidence_alias
,,,OW-011,England,England,V03-P0441-M00883-00898,King of England,of England,PERSON_REF,title_surname,V03-P0441,V03-PRIMARY,V03-OCR-467,883,898,"Whereas in the Session of Parliament houlden in the fowrth yeare of the
Raigne of o' Soveraigne Lord James by the grace of God King of England
ffraunce, and Ireland, Defendor of the faith &¢. and of his Highnes Raigne
of Scotland the fourtieth.",observed_span_or_name_string,ambiguous_contextual
,,,NW-001,Virginia,Virginia,V03-P0455-M00809-00829,governor of Virginia,of Virginia,PERSON_REF,title_surname,V03-P0455,V03-PRIMARY,V03-OCR-481,809,829,"I am bold to
p’sume one more to put you in mind of a letter directed to you from
S George Yardly y° governor of Virginia & ye Counsell, who wrot in
my behalf in intreat your hondble favor to be a meanes for ye peuring
of certayn monies due to me from ye Company of Virginia as more at
larg appeareth in their letters wh if you have gotten I humble Intreat yt
it may be conveyed to me, or els some servants at ye Companies charg to
ye value of ye sayd mony.

",observed_span_or_name_string,ambiguous_contextual
,,,OW-001,London,London,V03-P0477-M00550-00570,the Cittie of London,the Cittie of London,PERSON_NAME,explicit_name,V03-P0477,V03-PRIMARY,V03-OCR-503,550,570,"[784] To all to whome these present€ shall come greetinge IKnowe yee
that I W™ Ewens Mr of the good Ship the George of 150 tufi burden nowe
resident in the Riuer of Thames for and in consideraéon of the Suitie of
4801 of good and lawfull money of England to mee in hand paide and
deliuered by the Treasuror and Companie of Aduenturors and Planters of
the Cittie of London for the first Colonie in Virginia before the insealinge
and deliuery hereof and for and in consideraéon of certaine couenant¢
between them and mee agreed I the said W™ Ewens do promise and
couenant in manner and forme followinge Imprimis that the good Shipp
the George before her departure out of the Riuer of Thames shalbe stronge
and staunch and in all thinge well fitted and prouided aswell with furniture
belonging to a Shippe as also Marriners and Sea men fitt and sufficient for
the safe and good pformance of the voyage now intended and couenanted

[79] Item I doe couenant and promise with the first oppertunity of wynde
and weather to sett sayle wt the first Shippe for the Porte of the Cowes
neare the Ile of Wight and there to receaue and take into the said",observed_span_or_name_string,ambiguous_contextual
,,,NW-001,Virginia,Virginia,V03-P0495-M00986-00996,Virginia M,Virginia M,PERSON_NAME,explicit_name,V03-P0495,V03-PRIMARY,V03-OCR-521,986,996,"JULY 2h, 1681 483

of all inconvenyencies groweing frd tyme to tyme, As also for the aduancing
of Encrease strength stabillitie and prosperytie of the said Colony

Wee therfore the said Treasuror Counsell and Company, by authoritie
directed to vs from his Ma** vnder his great seale vpon mature deliberacon
doe hereby order & declare, That from hence forward ther bee towe
Supreame Counsells in Virginia for the better gou%ment of the said Colony
as aforesaid, The one of we Counsells to bee called the Counsell of State
and whose office shall Cheiflie bee assisting wth ther Care advise &
circomspection to the said Gouernor shall be Chosen nominated placed
and displaced from tyme to tyme by vs the said Treasurer Counsell &
Company and o' successors, w** Counsell of State shall Consiste for the
present onlie of those persons whose names are here inserted vizt S' Francis
Wyatt gouernor of Virginia Captaine Francis West S* George Yeardly
knight S* William Newce knight Marshall of Virginia M* George Sandys
Tresuror Mt George Thorpe deputy of the Colledge Captaine Thomas
Newce deputy for the Company M"" Christopher Dauison secretarie,
Doctor Potts phesition to the Company M"" Paulet Mt Leech Captaine
Nathaniell Powell Mt Roger Smith Mt John Berkley M"" John Rolfe
M: Ralfe Hamer M* John Pountus M?",observed_span_or_name_string,ambiguous_contextual
,,,OW-011,England,England,V03-P0548-M01123-01138,King of England,of England,PERSON_REF,title_surname,V03-P0548,V03-PRIMARY,V03-OCR-574,1123,1138,"Given
vnder my hand & the great seale the three & twentith day of December,
In the nyneteenth yeare of the raigne of oT Soueraigne Lord James by the
grace of God King of England ffrance & Ireland defendor of the faith &c.
and of Scotland the fiue & fiftith & y° fifteenth yeare of this Plantaéon
Anno 1621.

CCVIII.",observed_span_or_name_string,ambiguous_contextual
,,,NW-001,Virginia,Vircinta,V03-P0555-M01297-01305,Vircinta,Vircinta,PERSON_REF,surname_only,V03-P0555,V03-PRIMARY,V03-OCR-581,1297,1305,"The Countrey called Vircinta (so named by the late Virgin-Quceene Hliza-
beth of blessed memory) being the rightfull inheritance of his Maiesty, as
being first discouered at the costs and charges of that most prudent Prince
of famous memory, King Henry the Seauenth, his Maiesties great Grand-
father; The Patent whereof still extant to be seene, was granted to John
Cabot and diuers other of his subiects, who went thither with sixe Saile
of Ships, and discouered as farre as from Cape Florida to New-found-land,
all along the Coast, and tooke possession thereof to the Kings vse, about
that time when Ferdinando and Isabella discouered the Westerne Indies:
(by which title of first discouery the King of Portugal and Spaine hold
and enioy their ample and rich Kingdomes in their Jndies Kast & West:)
",observed_span_or_name_string,ambiguous_contextual
,,,NW-074,Peru,Peru,V03-P0570-M00863-00875,king of Peru,of Peru,PERSON_REF,title_surname,V03-P0570,V03-PRIMARY,V03-OCR-596,863,875,"After the death of Guainacapa king of Peru, his sonnes
Attabalippa and Gascar falling to war about the kingdom, & each of thé
striuing to make the Spaniard to his friend, Francis Pizzarro managing
those their diuisions onely to his owne ends, easily stripped them both of
that rich Kingdome, and became Master of Peru.",observed_span_or_name_string,contextual_alias
,,,OW-001,London,London,V03-P0607-M00531-00551,the George of London,the George of London,PERSON_NAME,explicit_name,V03-P0607,V03-PRIMARY,V03-OCR-633,531,551,"Whereas wee the Treasuro* Counsell and Companie for the better advance-

ment and supporte of that Plantaton haue furnished out one good Shippehane ginen leaue
called the George of London of the burden of 100 Tuite or thereaboute te 4.",observed_span_or_name_string,ambiguous_contextual
,,,NW-001,Virginia,Virginia,V03-P0675-M01719-01744,Capt Generall of Virginia,Generall of Virginia,PERSON_REF,title_surname,V03-P0675,V03-PRIMARY,V03-OCR-701,1719,1744,"Francis Wyatt
iil

A Proclamation against takeing boates w'out Leave & stealing of Oares

Throught the Iniurie y' is often done to y® owneres of boates by such as
take boates w""out leaue & for y® stealing of Oar€ yt is ordred by me 5°
Francis Wyatt knight Gou9nor & Capt Generall of Virginia & y°® rest of
y® Counsell.",observed_span_or_name_string,ambiguous_contextual
,,,NW-001,Virginia,Vircinta,V03-P0712-M00311-00319,Vircinta,Vircinta,PERSON_REF,surname_only,V03-P0712,V03-PRIMARY,V03-OCR-738,311,319,Governor or Vircinta.,observed_span_or_name_string,ambiguous_contextual
,,,NW-001,Virginia,Virginia,V03-P0729-M00163-00194,"Governor of Virginia.

Argall’s","Governor of Virginia.

Argall’s",PERSON_NAME,explicit_name,V03-P0729,V03-PRIMARY,V03-OCR-755,163,194,"See also under Governor of Virginia.

",observed_span_or_name_string,ambiguous_contextual
,,,OW-005,Bristol,Bristol,V03-P0736-M00268-00291,Mr. Williams of Bristol,Williams of Bristol,PERSON_REF,title_surname,V03-P0736,V03-PRIMARY,V03-OCR-762,268,291,"With Mr. Williams of Bristol, 193-195.
",observed_span_or_name_string,high_confidence_alias
,,,NW-001,Virginia,Virginia,V03-P0739-M01010-01042,"governor and council
in Virginia","governor and council
in Virginia",PERSON_NAME,explicit_name,V03-P0739,V03-PRIMARY,V03-OCR-765,1010,1042,"Instructions to governor and council
in Virginia, 98-109, 340-365, 468-
482, 482-484.

",observed_span_or_name_string,ambiguous_contextual
,,,NW-001,Virginia,Virginia,V03-P0740-M00200-00220,"Governor
of Virginia",of Virginia,PERSON_REF,title_surname,V03-P0740,V03-PRIMARY,V03-OCR-766,200,220,"See also Plantation, condition of; govern-
ment; officers; Laws of Colony; Governor
of Virginia; Accounts.

",observed_span_or_name_string,ambiguous_contextual
,,,NW-001,Virginia,Virginia,V03-P0742-M02490-02510,Governor of Virginia,of Virginia,PERSON_REF,title_surname,V03-P0742,V03-PRIMARY,V03-OCR-768,2490,2510,"Successor to Thomas, Governor of Virginia,
249,

De Lawar, Thomas, Lord, Governor of Virginia,
29, 32, 76, 89, 159, 164, 231, 232, 248, 328, 420,
421, 422, 521.

Accounts, 97.
",observed_span_or_name_string,ambiguous_contextual
,,,NW-001,Virginia,Virginia,V03-P0742-M02536-02562,"Lord, Governor of Virginia",Governor of Virginia,PERSON_REF,title_surname,V03-P0742,V03-PRIMARY,V03-OCR-768,2536,2562,"Successor to Thomas, Governor of Virginia,
249,

De Lawar, Thomas, Lord, Governor of Virginia,
29, 32, 76, 89, 159, 164, 231, 232, 248, 328, 420,
421, 422, 521.

Accounts, 97.
",observed_span_or_name_string,ambiguous_contextual
,,,OW-039,The Downs,Downes,V03-P0743-M02590-02596,Downes,Downes,PERSON_REF,surname_only,V03-P0743,V03-PRIMARY,V03-OCR-769,2590,2596,"Downes, John, 82, 323, 568.
Downes, Nicholas, 66.

",observed_span_or_name_string,ambiguous_contextual
,,,OW-011,England,England,V03-P0745-M00424-00450,Lord Chancellor of England,Chancellor of England,PERSON_REF,title_surname,V03-P0745,V03-PRIMARY,V03-OCR-771,424,450,"Lord Chancellor of England, 34, 49.
",observed_span_or_name_string,ambiguous_contextual
,,,OW-006,Exeter,Exeter,V03-P0745-M01426-01432,Exeter,Exeter,PERSON_REF,surname_only,V03-P0745,V03-PRIMARY,V03-OCR-771,1426,1432,"Exeter, Dean of (Matthew Sutcliffe), 333.

",observed_span_or_name_string,high_confidence_alias
,,,OW-006,Exeter,Exeter,V03-P0745-M01469-01475,Exeter,Exeter,PERSON_REF,surname_only,V03-P0745,V03-PRIMARY,V03-OCR-771,1469,1475,"Exeter, Thomas, Earl of, 83, 323.

",observed_span_or_name_string,high_confidence_alias
,,,OW-013,Spain,Spain,V03-P0745-M02571-02584,King of Spain,of Spain,PERSON_REF,title_surname,V03-P0745,V03-PRIMARY,V03-OCR-771,2571,2584,"Ferdinand, King of Spain, 543.

",observed_span_or_name_string,ambiguous_contextual
,,,NW-001,Virginia,Virginia,V03-P0748-M01468-01488,Governor of Virginia,of Virginia,PERSON_REF,title_surname,V03-P0748,V03-PRIMARY,V03-OCR-774,1468,1488,"To Sir Thomas West, Lord LaWarr,
Governor of Virginia, 24-29.
",observed_span_or_name_string,ambiguous_contextual
,,,NW-001,Virginia,Virginia,V03-P0748-M01859-01879,Governor of Virginia,of Virginia,PERSON_REF,title_surname,V03-P0748,V03-PRIMARY,V03-OCR-774,1859,1879,"Governor of Virginia.
ment; officers.
",observed_span_or_name_string,ambiguous_contextual
,,,NW-001,Virginia,Virginia,V03-P0752-M02565-02585,Governor of Virginia,of Virginia,PERSON_REF,title_surname,V03-P0752,V03-PRIMARY,V03-OCR-778,2565,2585,"Instrucéons orders and constitutons to Sir Thomas
Gates knight, Governor of Virginia, 12-24.
",observed_span_or_name_string,ambiguous_contextual
,,,NW-002,Jamestown,Jamestown,V03-P0756-M00792-00801,Jamestown,Jamestown,PERSON_REF,surname_only,V03-P0756,V03-PRIMARY,V03-OCR-782,792,801,"Hayles, 266, 289-290, 291, 367-368.
Jamestown, 29-31, 70-73, 73-74, 76, 79,
92, 152-168, 219-222, 248-249, 249-
253, 254, 297-300, 300-306, 436-438,
443, 445, 446-448, 448-449, 449-450,
450-451, 452-453, 454, 460-461, 462,
462-464, 581-588, 611-615.
London, 31-32, 38, 67-68, 136-137,
146-148, 190, 259, 274, 485-491, 492—
498, 502-508, 526-528, 530-534, 646—
652, 653-654, 661-664, 666-673, 683-
690.
Newport, 660-661.

",observed_span_or_name_string,high_confidence_alias
,,,NW-002,Jamestown,Jamestown,V03-P0756-M01607-01616,Jamestown,Jamestown,PERSON_REF,surname_only,V03-P0756,V03-PRIMARY,V03-OCR-782,1607,1616,"Jamestown, 76.

",observed_span_or_name_string,high_confidence_alias
,,,NW-001,Virginia,Virginia,V03-P0762-M00838-00858,governor in Virginia,in Virginia,PERSON_REF,title_surname,V03-P0762,V03-PRIMARY,V03-OCR-788,838,858,"By governor in Virginia, 90.
",observed_span_or_name_string,ambiguous_contextual
,,,NW-001,Virginia,Virginia,V03-P0762-M02334-02354,governor in Virginia,in Virginia,PERSON_REF,title_surname,V03-P0762,V03-PRIMARY,V03-OCR-788,2334,2354,"Pardons, by governor in Virginia, 74.
",observed_span_or_name_string,ambiguous_contextual
,,,NW-001,Virginia,Virginia,V03-P0764-M01215-01247,governor and council in Virginia,and council in Virginia,PERSON_REF,title_surname,V03-P0764,V03-PRIMARY,V03-OCR-790,1215,1247,"To governor and council in Virginia—
",observed_span_or_name_string,ambiguous_contextual
,,,NW-001,Virginia,Virginia,V03-P0764-M01450-01479,governor in Virginia on death,in Virginia on death,PERSON_REF,title_surname,V03-P0764,V03-PRIMARY,V03-OCR-790,1450,1479,"For new governor in Virginia on death of
Lord De La Warr, 231-232.
",observed_span_or_name_string,ambiguous_contextual
,,,NW-001,Virginia,Virginia,V03-P0765-M01876-01906,"Governor of Virginia.

Laws of","Governor of Virginia.

Laws of",PERSON_NAME,explicit_name,V03-P0765,V03-PRIMARY,V03-OCR-791,1876,1906,"See under
Governor of Virginia.

Laws of, 311.",observed_span_or_name_string,ambiguous_contextual
,,,NW-001,Virginia,Virginia,V04-P0003-M01262-01295,"Captaine
Generall of Virginia

Tn","Captaine
Generall of Virginia

Tn",PERSON_NAME,explicit_name,V04-P0003,V04-PRIMARY,V04-OCR-29,1262,1295,"To GovERNoR Wyatt
BETWEEN JANUARY AND APRIL, 1622/3

Manuscript Records Virginia Company, III, pt. ii, p. 58a
Document in Library of Congress, Washington, D.C.
List of Records No. 397

To the right Worshippfull 8"" Franeis Wyatt Knight Gouernor and Captaine
Generall of Virginia

Tn all humblenes of dutie sheweth, yo"" poore petioner, that whereas John
Robinson father of yo"" petioner Comeing out of England, and bound for
this Cuntrie, brought with him in puision, & other goods & valueable
Comodyties to the some of 200 pounde besides servant¢, hee dyed at
sea, & being by some of his frend@ counselled & wished to make his will will,
answered I will make none, for if I dye my sonne & heire is here aboord
wtt me, vnto whome I leaue my whole estate.",observed_span_or_name_string,ambiguous_contextual
,,,OW-013,Spain,Spayne,V04-P0025-M00682-00700,King of Spayne the,of Spayne the,PERSON_REF,title_surname,V04-P0025,V04-PRIMARY,V04-OCR-51,682,700,"Guste vsage Sas the French King hath
the Gabell of Salt in Ffrance & the King of Spayne the sele merchan-
dize both of pepper and euen of this pticular comodity of Tobacco Sin
Spaine§ so his Mats would be contented to take§§ haue the sole preemption
of all the Tobaceo from the 34 Plantations allowing the Aduenturers and
Planters 2° 6! 2",observed_span_or_name_string,ambiguous_contextual
,,,NW-001,Virginia,Virginia,V04-P0141-M00196-00212,|lin Virginia|]|,|lin Virginia|]|,PERSON_NAME,explicit_name,V04-P0141,V04-PRIMARY,V04-OCR-167,196,212,"For it is an vndeniable truth
that they haue stated Certeyne offices |lin Virginia|]| wth great nombers of
Tefints namely Gou%ne™ the Treasuro™ the Secretaries the Phisitians
Viee Admiralls A Deputie for the Companiells||, and another Deputie for
| the|| Colledge Tefnte: and by oF Computaéon there want¢ to theis officers
aboue 120 Men of the p theire promised and Contraeted for nombers,
wh in cquitye and Justice are to be made good vnto them and the very
sendinge soe manie psons over, reasonablie furnished will Coste the Com-
pavie at their owne rates 2400"" the first penny and if anie of theis Newe men
should dye the first yeare the Company must supply them againe w'h will
enerease the Charge. Beside@",observed_span_or_name_string,ambiguous_contextual
,,,OW-013,Spain,Spayne,V04-P0223-M00232-00238,Spayne,Spayne,PERSON_REF,surname_only,V04-P0223,V04-PRIMARY,V04-OCR-249,232,238,"For the yeare
beinge soe fare spente I knowe that fysh will yealde more her thene in
Spayne and I knowe her frayght hom wilbe a great mater more, soc |
hope I shall not incore your displesures doinge as I hope all thinges to the
best for your profet.",observed_span_or_name_string,ambiguous_contextual
,,,NW-001,Virginia,VIRGINIA,V04-P0283-M00070-00101,"GovERNOR IN
VIRGINIA

SEPTEMBER","GovERNOR IN
VIRGINIA

SEPTEMBER",PERSON_NAME,explicit_name,V04-P0283,V04-PRIMARY,V04-OCR-309,70,101,"PETITION TO GovERNOR IN
VIRGINIA

SEPTEMBER oR OcToBER, 1623

Manuscript Records Virginia Company, III, pt.",observed_span_or_name_string,ambiguous_contextual
,,,NW-001,Virginia,VIRGINIA,V04-P0294-M00947-00976,"GOVERNOR OF
VIRGINIA

OctoBER","GOVERNOR OF
VIRGINIA

OctoBER",PERSON_NAME,explicit_name,V04-P0294,V04-PRIMARY,V04-OCR-320,947,976,"To GOVERNOR OF
VIRGINIA

OctoBER, 1623

Manuscript Records Virginia Company, III, pt. ii, p. 60
Document in Library of Congress, Washington, D. C.
List of Records No. 566

",observed_span_or_name_string,ambiguous_contextual
,,,OW-041,Cambridge,Cambridge,V04-P0315-M00539-00551,de Cambridge,de Cambridge,PERSON_NAME,explicit_name,V04-P0315,V04-PRIMARY,V04-OCR-341,539,551,"NOVEMBER 4, 1623, TO MAY 24, 1624 307

Laurencio Campe, draper, Adamo Perkins, grocer, Ricardo Sheepheard,
preacher, Willelmo Shekeley, haberdasher, Willelmo Tayler, haberdasher,
Edwardo Lukyn, generoso, Johanni ffrancklyn, haberdasher, Johanni
Southicke, Petro Peate, Georgio Isham, Ironmonger, Georgio Yardley,
generoso, Henrico Shelley, Johanni Pratt, Thome Church, draper, Willelmo
Powell, generoso, Ricardo ffrith, generoso, Thome Wheeler, draper,
ffrancisco Hasellrigg, generoso, Hugoni Shipley, generoso, Johanni An-
drews, seniori de Cambridge, ffrancisco Whister, generoso, Johanni Vassell,
generoso, Ricardo Howle, Edwardo Barkley, generoso, Ricardo Knaris-
brough, generoso, Nicholao Exton, draper, Willelmo Bennett, ffyshmonger,
Jacobo Haywood, mercatori, Nicholao Isacke, mercatori, Willelmo Gibbs,
mercatori, 1 Bushop, Barnard Michell, Isack Mighell, Johanni Streate,
Edwardo Gale, Johanni Martine, generoso, Thome ffox, Luke Lodge,
Johanni Woodlife, generoso, Riceo Webb, Vincent Lowe, Samueli Burnand,
Edmundo Pears, haberdasher, Josue Gouge, Johanni St. John, Edwardo
Vaughan, Willelmo Dun, Thome Alcocke, Johanni Andrewes, juniori de
Cambridge, Samueli Smyth, Samueli Smyth [szc], Thome Gerrard, Thome
Whittingham, Willehno Canninge, Paulo Cannyng, Georgio Chandler,
Henrico Vincent, Thome Keitley, Jacobo Skelton, Jacobo Mawtam, Georgio
Webb, generoso, Josepho Newrough Smyth, Josie Maude, Radulfo Hamor,
juniori, Edwardo Brewster filio Willelmi Brewster, Leonardo Harwood,
mereer, Philippo Dreverdent, Willelmo Carpenter, Roberto Cookes, grocer,
Laurencio Greene, grocer, Danieli Wynch, grocer, Humfrido Stike, grocer,
Avery Dransfeild grocer, Johanni Hodges, grocer, Edwardo Beale, grocer,
Thome Cutler, grocer, Radulfo Bisby, grocer, Johanni Whittingham,
grocer, Johanni Hide, grocer, Matheo Shepheard, grocer, Thome Allen,
grocer, Ricardo Hocker, grocer, Laurencio Mouncks, grocer, Johanni Tan-
ner, grocer, Petro Gate, grocer, Johanni Blunt, grocer, Roberto Phillips,
grocer, Roberto Berrisford, grocer, Thome Wells, generoso, Johanni Ellis,
grocer, Henrico Colthurst, grocer, Johanni Crannedge, grocer, Thome
Jenings, grocer, Edmundo Peshall, grocer, Timotheo Bathurst, grocer,
Egidio Parslowe, grocer, Roberto Mildmay, grocer, Roberto Johnson,
grocer, Willelmo Jansen, vintner, Ezechieli Smyth, Ricardo Murreton,
Willelmo Sharpe, Roberto Ritch, Willelmo Stannard, inholder, Johanni
Stockin, Willelmo Strachy, generoso, Georgio ffarmer, generoso, Thome

1 Blank in MS.
",observed_span_or_name_string,contextual_alias
,,,OW-041,Cambridge,Cambridge,V04-P0315-M01141-01161,"juniori de
Cambridge","juniori de
Cambridge",PERSON_NAME,explicit_name,V04-P0315,V04-PRIMARY,V04-OCR-341,1141,1161,"NOVEMBER 4, 1623, TO MAY 24, 1624 307

Laurencio Campe, draper, Adamo Perkins, grocer, Ricardo Sheepheard,
preacher, Willelmo Shekeley, haberdasher, Willelmo Tayler, haberdasher,
Edwardo Lukyn, generoso, Johanni ffrancklyn, haberdasher, Johanni
Southicke, Petro Peate, Georgio Isham, Ironmonger, Georgio Yardley,
generoso, Henrico Shelley, Johanni Pratt, Thome Church, draper, Willelmo
Powell, generoso, Ricardo ffrith, generoso, Thome Wheeler, draper,
ffrancisco Hasellrigg, generoso, Hugoni Shipley, generoso, Johanni An-
drews, seniori de Cambridge, ffrancisco Whister, generoso, Johanni Vassell,
generoso, Ricardo Howle, Edwardo Barkley, generoso, Ricardo Knaris-
brough, generoso, Nicholao Exton, draper, Willelmo Bennett, ffyshmonger,
Jacobo Haywood, mercatori, Nicholao Isacke, mercatori, Willelmo Gibbs,
mercatori, 1 Bushop, Barnard Michell, Isack Mighell, Johanni Streate,
Edwardo Gale, Johanni Martine, generoso, Thome ffox, Luke Lodge,
Johanni Woodlife, generoso, Riceo Webb, Vincent Lowe, Samueli Burnand,
Edmundo Pears, haberdasher, Josue Gouge, Johanni St. John, Edwardo
Vaughan, Willelmo Dun, Thome Alcocke, Johanni Andrewes, juniori de
Cambridge, Samueli Smyth, Samueli Smyth [szc], Thome Gerrard, Thome
Whittingham, Willehno Canninge, Paulo Cannyng, Georgio Chandler,
Henrico Vincent, Thome Keitley, Jacobo Skelton, Jacobo Mawtam, Georgio
Webb, generoso, Josepho Newrough Smyth, Josie Maude, Radulfo Hamor,
juniori, Edwardo Brewster filio Willelmi Brewster, Leonardo Harwood,
mereer, Philippo Dreverdent, Willelmo Carpenter, Roberto Cookes, grocer,
Laurencio Greene, grocer, Danieli Wynch, grocer, Humfrido Stike, grocer,
Avery Dransfeild grocer, Johanni Hodges, grocer, Edwardo Beale, grocer,
Thome Cutler, grocer, Radulfo Bisby, grocer, Johanni Whittingham,
grocer, Johanni Hide, grocer, Matheo Shepheard, grocer, Thome Allen,
grocer, Ricardo Hocker, grocer, Laurencio Mouncks, grocer, Johanni Tan-
ner, grocer, Petro Gate, grocer, Johanni Blunt, grocer, Roberto Phillips,
grocer, Roberto Berrisford, grocer, Thome Wells, generoso, Johanni Ellis,
grocer, Henrico Colthurst, grocer, Johanni Crannedge, grocer, Thome
Jenings, grocer, Edmundo Peshall, grocer, Timotheo Bathurst, grocer,
Egidio Parslowe, grocer, Roberto Mildmay, grocer, Roberto Johnson,
grocer, Willelmo Jansen, vintner, Ezechieli Smyth, Ricardo Murreton,
Willelmo Sharpe, Roberto Ritch, Willelmo Stannard, inholder, Johanni
Stockin, Willelmo Strachy, generoso, Georgio ffarmer, generoso, Thome

1 Blank in MS.
",observed_span_or_name_string,contextual_alias
,,,OW-005,Bristol,Bristoll,V04-P0316-M01186-01208,Aldermanno de Bristoll,Aldermanno de Bristoll,PERSON_NAME,explicit_name,V04-P0316,V04-PRIMARY,V04-OCR-342,1186,1208,"Thome Norineott, clothworker, Ricardo Venn, haberdiasher,
Thome Scott, generose, Thome Jackson, merchant tayler, Georgio Hankyn-
son, Thome Leyre, generoso, Matheo Cooper, Georgio Butler, generoso,
Thome Lawson, generoso, Edwardo Smyth, haberdasher, Stephano Spar-
rowe, Johann Jones, merchant, Reynold Brewer, Thome Plomer, merehant,
Jacobo Duppa, brewer, Rowland Coytmore, Willelmo southerne, Georgio
Wlitmore, haberdasher, Anthonio Gosnold, juniori, Johanni Allen, ffish-
mouger, Simoni Yeomans, flishmonger, Launceloto Davis, gencreso,
Johanni Topkins, Aldermanno de Bristoll, Jahanni Keatleby, gencroso,
Rieardo Cheny, goldsmith, Georgio Hooker, gencroso, et Roberto Shen-
inge, yeoman et allis in eixdem litteris patentibus nominatis et talibus et
tot, quales et quot ipsi tune imposterum admittent coniungi eis sub mode
in cisdem litterix potentibus expresso utrum illf migrarent in) personis
sus esxe plantateres ibidem in plantaecione predieta vel non migrarent sed
periclitarentur pecunias, bona vel catall sua quod ipsi essent unum corpus
vel commmunitas perpetua et haberent perpetuam suecessionem et unum
connnune sigillum deseryiendam eident corporl vel communitatt et quod
Ipsi et sneessores sul cognoxcercniur, voearentur et incorporatt easent per
nomen thesuurani et socictatis periclitaturum et plantatorum civitatis
Londonie pro prima colonia in Virginia et quod ipsi ct suecesxores sui extune
in perpetutim essent habiles eapere, aequirere et perquirere, Anglice,
purchase, per predictumm nomen (ieeneia adinde ab eodem: domino Rege,
heredibus et suceessoribus suis prius habita et obtenta) qualiacunque
ferras, tenementa ef hereditaimenta, bona et catalla infra regnum ipsius
domint Regis Auglic ot dominium",observed_span_or_name_string,high_confidence_alias
,,,NW-001,Virginia,Virginia,V04-P0319-M01403-01429,predietam oram de Virginia,predietam oram de Virginia,PERSON_NAME,explicit_name,V04-P0319,V04-PRIMARY,V04-OCR-345,1403,1429,"Et quod ipsi potuis-
sent incipere eorum primam plantacionem et locum prime commoracionis et
inhabitacionis suarum in aliquo loco super predietam oram de Virginia vel
America ubi existimarent idoneum et conveniens inter predictos triginta
quatuor et quadraginta unum gradus predicte latitudinis.",observed_span_or_name_string,ambiguous_contextual
,,,NW-001,Virginia,Virginia,V04-P0331-M00929-00945,oris de Virginia,oris de Virginia,PERSON_NAME,explicit_name,V04-P0331,V04-PRIMARY,V04-OCR-357,929,945,"NOVEMBER 4, 1623, TO MAY 24, 1624 323

Comforte per oras maritimas versus boream per ducenta milliaria ct ub codem
promontorio de Cape Comforte per oram inaritimam versus meridiem per
ducenta milliaria et totum illud spatium et circuitum terre jacentis al ora
maritima precinctus predicti altius in patriam trans, Anglice, Uirouyhout,
a mari ad mare per occidentem, boream zephyrum, Angliee, Northirest,
acetiam ommes insulas jacentes intra centum milliaria per orany mariti-
mam utriusque maris precinctus predieti eum diversis aliis concessionibus,
libertatibus, ffranchesiis, preeminenciis, privilegiis, proficuis, beneficiis
et commoditatibus concessis in et per predictas littcras patentes eiusdem
domini Regis prefato Thesaurario et Societati et eorum Suecessoribus
imperpetuum tune idem Dominus Rex pro eo quod datum fuit celsitudini
suo intelligi quod in predietis maribus, Anglice, 7m those Seas, adtacentibus
predictis oris de Virginia et extra predictum spatium predictorum ducentor-
um milliariorum per ipsum dominum Regem sic, ut prefertur, concessum
prefatis Thesaurario et Societati et tamen non procul distantes a predicta
colonia in Virginia fuerunt vel esse potuerunt diverse Insule incenies
desolate et minime inhabitate quarum alique tune fuerunt cognite et
investigate, Anglice, discovered, per industriam laborem, Anglice, fraveile,
et expenciam precicte societatis et alie Insule imaginantur esse et remancre
eo usque incognite et minime patefaete, Anglice, undiscovercd, omnes et
singule quarum expediens esse posset, Anglice, 7f might imporle, prediete
colonie et in tutamine et in politia, commertit, Anglice, both in safety and
policy of trade, cum populo frequentare, Anglice, te populate, et plantare
quo respectu tum pro evitacione periculi quam pro meliore eommoditate
et prosperitate predicte colonie ipsi humiliter supplicassent eundem
dominum Regem quod idem Dominus Rex dignaretur concedere eis ane-
tionem, Anglice, an enlargment, predictarum litterarum patentium cius-
dem domini Regis tam pro magis ampla extencione limitum et  terri-
torioruml in maria adjacentia ad et super oram de Virginia quam pro
quibusdam aliis materiis et articulis concernentibus melius regimen precdicte
Societatis et colonie in quo predicte littere patentes ciusdem domini Regis
non in tantum se extendebant prout per tempus et experientiam compertum
fuit fore necessarium et conyeniens idem Dominus Rex ideirco suscipiens
curam boni et felicis suecessus predicte plantacionis tam intuitu, Anglice
in regard, generalis boni humane Societatis quam intuitu status clusdem
domini Regis ct regnorum suorum et volens sublevare onmia bona media
que augerent beneficium eiusdem Societatis et que securarent et tutos
",observed_span_or_name_string,ambiguous_contextual
,,,NW-001,Virginia,Virginia,V04-P0344-M01502-01513,de Virginia,de Virginia,PERSON_NAME,explicit_name,V04-P0344,V04-PRIMARY,V04-OCR-370,1502,1513,"Suecessoribus suis per easdem litteras patentes dedit et eoncessit
prefato Phesaurario et Societati et eormn Successoribus et talibus Guber-
natoribus, offieiariis et munistris quales per dictum consilium dicti domini
Regis constifirerentur et appunctuarentur iuxta naturas ct lonites suorun
ofliciorum et locorum respective quod ipsi de tempore in temps extune
ineperpetuum infra cosdem precinetus de Virginia vel in via per maria
illue et abinde liaberent plenas et absolutas potestutem et authoritatem
corrigere, punire, remittere, Anglice, pardon, gubernure et regere omnes
tules subditos etusdem domini Regis, heredum et Suceessorum suorum
quales de tetupore in tempus periclitarentur sese, Anglice, should adventure
Hhomeclees, In alique viagio llue vel qui ad aliquod telmpus extune impos-
teriun inhabiturent in precinetis et territoriis predicte colonie, ut  pre-
fertur, duxta tales ordines, ordinaciones, constituciones, direetiones ct
Instucciones quales per consilium: ipsius domini Regis stabilirentur et in
defeetu inde in ensu necessitatis luxta bonain diseretionem predictorum
Gubernatoria: et olfielarioruiu respective tam in easubus eapitalibus et
criminulibus quam civilibus tam maritimis, Anglice, varie, quam aliis,
Tia tammen quod cadet statuta, ordinaciones et processus tam prope quam
converenter fier potuisset essent congrucutes legibus, statutis, guber-
nacionibus et politicis predieti regni dict domini Regis Angle.

",observed_span_or_name_string,ambiguous_contextual
,,,NW-001,Virginia,Virginia,V04-P0347-M00336-00369,predietam patriam de Virginia vel,predietam patriam de Virginia vel,PERSON_NAME,explicit_name,V04-P0347,V04-PRIMARY,V04-OCR-373,336,369,"NOVEMBER 4, 1623, TO MAY 24, 1624 339

domini Regis in Virginia a tempore confeecionis predictarum litterarum
patentium ipsius domini Regis gerentium datum predicto vicesime tereia
die Maii anno septimo supradicto usque diem exhibicionis Informuteionis
predicte super aliquibus bonis vel imereandizis per tempus predictui
importatis in predietam patriam de Virginia vel exportatis illine in reenuin
dicti domini Regis Anglie vel in aliqua alia dominia ipsius domini Reis
exceptis tantummodo quinque hbris per centum debitis pro eustuma super
omnibus talibus bonis et mercancdizis que adveeta vel importata fuerant in
regnum dict?",observed_span_or_name_string,ambiguous_contextual
,,,OW-004,Westminster,Westminster,V04-P0369-M02602-02630,lord the King at Westminster,the King at Westminster,PERSON_REF,title_surname,V04-P0369,V04-PRIMARY,V04-OCR-395,2602,2630,"And now, to wit, on Friday next after the quindeme of St. Martin in that same term,
there came before our lord the King at Westminster the aforesaid Nicholas ffarrar,
Sir John Danvers, John ffarrar, Thomas Wheatley, Richard Caswell, Thomas a
heard, Jolin Cuffe, Gabriel Barber, Anthony Withers, George Seott, John Kirvell
Thomas Morris, William Webb, Richard Bull, William: Nicholls, Patrick Cope dand,
George Smyth, Richard Tomlyns, Edward Brewster, William Ewens, George Swine
howe, Edward, Ryder, Gilbert Morewood, and Edmund Morgan, te ee men und
adventurers and planters, of the city of London for the first colony in Virginia, and
other free men being adventurers and planters of the city of London for the first
colony in Virginia, by Edward Offley their attorney, and they seek the heariny of the
information aforesaid and it is read to them, ete., which having heen re ad and heard
the same Nicholas ffarrer",observed_span_or_name_string,contextual_alias
,,,OW-006,Exeter,Exeter,V04-P0370-M03276-03282,Exeter,Exeter,PERSON_REF,surname_only,V04-P0370,V04-PRIMARY,V04-OCR-396,3276,3282,"362 RECORDS OF THE VIRGINIA COMPANY

men”, etc., ‘and other free men”, etc.], because, as to baving and claiming the
following liberties, privileges, and franchises, namely, that the same free men and
adventurers and planters of the afuresaid city of London for the first colony in Vir-
ginia be incorporated by the name of Treasurer and Society of Adventurers and
Planters of the City of London for the First Colony in Virginia, and by that name
plead and be impleaded in all courts and places whatsoever and before whatsovver
judges, justices, or other persons whatsoever, both in all and singular actions, suits,
and pleas and in all and singular other causes, businesses, matters, und demands
whatsoever of whatsoever kind, nature, or species they may be, and, by the same
name, be persons able and in law capable of acquiring, holding, reeciving, taking,
and possessing to themselves and their successors, both from our said lord the King
and from any other persons or bodies corporate any demesnes, manors, lands, tene-
ments, rents, reversions, reventions, services, possessions, hereditaments, goods and
chattels, licences, liberties, franchises, profits, commodities whatsoever to them by
the aforesaid name, or to other persons, or to any other person for their use given,
made, held, granted or confirmed, and, by the said name, give, grant, demise, let,
dispose, assign and alienate their goods, chattels, Jands, tenements, and heredita-
micnts whatsoever to any person or persons whatsoever at their will, the same Nicholas
ffarrer fet al—the same 24 names, “free men’’, etc., ‘and other free men”, etc.],
say that before the aforesaid (ime specified in the aforesaid information, to wit, the
twenty-third day of Muay in the seventh vear of the reign of our said lord the King
who now is of England, ete., our same lord the King who now is, by his letters patent
in due manner completed, sealed under his great seal of England and produced in
the court of our said lord the King who now is, bearing date at Westminster on the
same twenty-third day of May in the seventh year of his reign of England, ete.,
aforesaid, reciting by the same letters patent that since, at the humble supplication
and petition of divers beloved and well affected subjects of ou lord the King himsetf
intending to found a colony and to make a habitation and plantation of divers of
the people of our sume lord the King in that part of America commonly called Vir-
ginia and in other parts and territories in America, either pertaining to our same
lord the King or which had not been possessed by any Christian prince or people,
within certain metes and regions, our same Jord the King by bis former letters patent
bearing date the tenth day of April in the fourth year of his reign of England, Franee,
and Ireland, and the thirty-ninth of Scotland, had granted io Sir Thomas Bates,
Sir George Summers, and others, for the quicker aecomplishment of the aforesaid
plantation and habitation, that they themselves should divide themselves into
two colonies, once of them consisting of divers knights, gentlemen, merchants, and
others of our lord the King’s city of London, called the first colony, and the other
of them of divers knights, gentlemen, and others of the cities of Bristol and Exeter
and the vill of Plymouth and other places, called the second colony, and had given
and granted very many and divers privileges and liberties to each colony for their
quiet settling and good ruling in the same, as by the same former letters patent then
more fully appeared, for that divers beloved subjects of our said lord the King,
adventurers and planters of the aforesaid first colony, who before the time of the
completion of the same letters patent of the aforesaid date of the twenty-third day
of May in the seventh year of the reign of our same lord the King had engaged them-
selves, in moving the business of the same plantation and with the help of God had
intended further to prosecute that business to a happy issue, then lately had humbly
prayed our same lord the King that, in respeet of their great expenses and of the
risk and danger of the lives of very meny of them which they had exposed to dangers
and risks in the investigation and plantation of the country aforesaid, our same

",observed_span_or_name_string,high_confidence_alias
,,,OW-006,Exeter,Exeter,V04-P0371-M01193-01207,carl of Exeter,carl of Exeter,PERSON_NAME,explicit_name,V04-P0371,V04-PRIMARY,V04-OCR-397,1193,1207,"NOVEMBER 4, 1623, TO MAY 24, 1624 363

lord the King would deign to grant to them a further enlargement and explanntion of
the aforesaid grant of privileges and hberties, and that such councillors and other
officers should be appointed among them to order and direct their businesses as were
repared and willing to adventure with them and also whose dwellings were not so
har distant from the city of Lendon that they would not at convenient times be
ready and prepared to afford counsel and help as occasions required, our same lord
the King, cordially desiring the effective prosecution and happy success of the afore-p. 6.
said plantation, and thinking worthy of praise their desires in the same business io
progress more eagerly in the accomplistiment of a work so excellent and pleasing to
God and useful to the realm of our lord the King, of his special grace, certain knowl-
edge, and mere motion, did for himself, his heirs and suecessors by his same letters
patent give and grant and confirm to his faithful and beloved subjects Robert, earl
of Salisbury, Thomas, earl of Suffolk, Henry, earl of Southampton, Wilham, earl of
Pembroke, Henry, earl of Lincoln, Searl of Dorset, Thomas, carl of Exeter,
Philip, earl of Monigomery, Robert, lord viscount Lisle, Theophilus, lord Howard
de Walden, James Mountague, bishop of Bath and Wells, Edward, lord Zouche,
Thomas, lord Laware, William, lord Monteagle, Ralph, lord Eure, Edmund, lord
Sheffield, Grey lord Chandois, ‘Tord Compton, John, lord Peter, John, lord
Stanhope, George, lord Carew, Sir Humfrey Welde, lord mayor of the city of London,
George Pearcey, esquire, Sir Edward Cecil, Sir George Wharton, Francis West,
esquire, Sir William Wade, Sir Henry Nevill, Sir Thomas Smith, Sir Oliver Crom-
well, Sir Peter Manwood, Sir Drue Drurye, Sir John Scott, Sir Thomas Ch: ilioner,
Sir Robert Drurie, Sir Anthony Cope, Sir ‘Horatio Vere, Sir Edward Conw ay, Sir
William Browne, Sir Maurice Barkley, Sir Robert Mansell, Sir Amias Preston, Sir
Thomas Bates, Sir Anthony Ashley, Sir Michael Sandys, Sir Henry Carey, Sir Stephen
Somes, Sir Calisothenes Brooke, Sir Edward Michélborne, Sir John Ratcliffe, Sir
Chacles Wilmott, Sir Georve Muore, Sir Hagh Wirrall, Sir Thomas Dennys, Sir John
Hollis, Sir William Godolphin, Sir Thomas Mounson, Sir Thomas Ridgeway, Sir
John Brooke, Sir Robert Killigrewe, Sir Henry Peyton, Sir Richard Willisinson,
Sir Ferdinand Waynman, Sir Wiliam St. John, Sir Thomas Holcroft, Sir John
Mallory, Sir Roger Asion, Sir Walter Cope, Sir Richard Wi femore, Sir W ilame Cooke,
Sir Herbert Crofte, Sir Henry Fanshawe, Sir John Smyth, Sir Francis Wolley, Sir
Edward Waterhouse, Sir Henry Sokeforde, on Edwin Sandys, Sir Thoruas Weanin,
Sir John Trevor, Sir Warwieke Hebe, Sir Robert Wrothe, Sic John Townsende, Sir
Christopher Perkins, Sir Danicl Donne, Henry Hul rberte, sir Francis Bac on,
Sir Henry Mountague, Sir George Coppin, Sir Samuel Sandys, Sir Thomas Rowe,
Sir George Sandys, Sir Thomas Freake, Sir Thoms Harwell, Sir Charles Kewe, sit
Baptist Hicks, Sir John W atts, Sir Robert Carey, Sir William Romney, Sir Thomas
Middleton, Sir Hatton Cheeke, Sir dohn Ogle, Sir Cavaller Meacocke, Sir Stephen
Biddlesdon, Sir Thomas Flmder, Sir a Awcher, Sir Robert ""Johnson, Sir
Thomas Panton, Sir Charles Morgan, Sir Stephen Powle, Sir Jolin Burlace, Sir
Christopher Cleave, Sir George Hayw ard, Sir Thomas Dauks, Sir Thomas Dutton,
Sir Anthony Forest, Sir Robert Payne, Sir John Digby, Sir Dudley Digwes, Sir Rowland
Cotton, doctor, Doctor Mathew Sutcliffe, Doctor Medowes, Doctor Turner, Captain
Poe, Captain Pagman, Captain Geoffrey Holerofte, Captain Raine, Captain Henry
Sprye, Captain Shelpton, Captain Sparke, Captain Thomas Wyatt, Captain Brins-
ley, Captain William Courtney, Captain Harberis, Captain Clerke, Captain Dew-
hurste, Captain John Blundell, Captain Fryer, Captain Louis Orwell, Captain
Edward Floyde, Captain Shusby, Captain Huntley, Captain Orme, Captain Wood-
house, Captain Mason, Captain Thomas Holcrofte, Captain John Cooke, Captain

1 Blank in Ms.

",observed_span_or_name_string,high_confidence_alias
,,,OW-011,England,England,V04-P0374-M03700-03724,lord the King of England,the King of England,PERSON_REF,title_surname,V04-P0374,V04-PRIMARY,V04-OCR-400,3700,3724,"James Duppa, brewer, ""Rowland Coytmore,
William Southerne, George Whitmore, haberdasher, Anthony Gosnold, jumior, John
Allen, fishmonger, Simon Yeomans, fishmonger, Launcelot Davis, gentleman, John
Hopkins, alderman of Bristol, John Keatleby, gentleman, Richard Cheny, gold-
smith, George [looker, gentleman, and Robert Sheninge, yeoman, and others named
in the same letters patent and as many as they themselves then in the future shall
adimit to be joined with them in the manner expressed in the same letters patent,
whether they migrate in their own persons to be planters there in the plantation
aforesaid or do not migrate but adventure their money, goods or chattels, that they
themselves should be one body or perpetual community and have perpetual succession
and one common seal to serve the same body or community, and that they them-
selves and their snecessors should be known, called and incorporated by the name of
the Treasurer and Company of Adventurers and Planters of the Ciiy of London for
the First Colony in Virginia, and that they themselyes and their successors hence-
forth for ever should be able to take, acquire, and purchase, by the aforesaid name
(licence for this having been first had and obtained from our same lord the King, his
heirs and suceessors) any lands, tenements, and hereditaments, goods and chattels
whatsoever within the realm of our said lord the King of England and the dominion
of Wales, and that they themselves and their successors should likewise be able by
the aforesaid name to plead and be impleaded before any judges or justices of our
said lord the King in any courts of our said lord the King and in any actions or suits
whatsoever, as by the same letters patent among other things is fully clear and appar-
ent, By pretext of which premises the same Nicholas ffarrer ‘let al_—the same 24 names,

",observed_span_or_name_string,ambiguous_contextual
,,,OW-006,Exeter,Exeter,V04-P0376-M00920-00926,Exeter,Exeter,PERSON_REF,surname_only,V04-P0376,V04-PRIMARY,V04-OCR-402,920,926,"368 RECORDS OF THE VIRGINIA COMPANY

thereto adjacent or within a hundred miles of the coast thereof, and to that end and
for the swilter accomplishment of the aforesaid proposed plantation and dweling-
place there they themselves desired to divide thenselyes inte two colonies and caim-
panies, one of them consisting of certain knights, gentlemen, merchants, and other
adventurers of our lord the King himself of his city of London and elsewhere, who
then were or from time to time should be joined with them, who desired to begin
their plantations and dwelling places in seme suitable and convenient place between
the thirty-fourth and forty-tirst degrees of the aforesaid latitude all along the coast
of Virginia and the coast of America aforesaid, and the other of the same colonies
consisting of divers knights, gentlemen, merchunis, and other adventurers of the
cities of our lord the King himself of Bristol and Exeter aud his vill of Plymouth
and other plices, who join themselves to the same colony, whu desired to begin their
plantations und divelling places in some suitable und convenient plice between
thirty-eight and forty-five degrees of the aforesaid latitude, along the aforsaid const of
Virginia and America according as that coast lies, our same lord the King, much
praising ami graciously aceepting their petitions to the furtherance of so noble a
wark, whieh by the providence of Almighty God would redound to the glory of His
Divine Majesty in the propagation of the Christian religion to such people as then
lived in darkness and wretched ignorance of the true knowledge and worship of God
and would be able in time to lead the infidels and needy barbarians dwelling in those
parts to human civilisation and to quiet and peaceful government, our same lord the
King by his same letters patent graciously received and gave his consent to their
humble and well proposed desires and, therefore, for himself, his heirs and successors,
granted and agreed that the aforesaid Sir Thomas Gates, Sir George Summers,
Richard Hackluit and Edward Maria Winckfeild, adventurers of the aforesaid city
of London, and all such others as then were or should be joined with them respecting
the same colony should be called the first colony and that they could begin their first
plantation wid the place of their first sojonming and dwelling in any plice along the
aforesaid coast of Virginia or America where they thought it suitable and conven-
ient, between the aforesaid thirty-four and forty-one degrees of the aforesaid Jatitude;
And further our same lord the King by his same letters patent ordained, established,
and agreed for himself, his heirs aad successors, that each of the same colonies should
have a couneil, each of which councils should cousist of thirteen persons and should
have a separate seal for all matters which touch the same separate councils, on both
of which seals the arnis and insignia of our same lord the King should be engraved
on the one side thereof and the portraiture of our same Jord the King on the other
side thereof, and that round about the seal for the council of the aforesaid first colony
should be engraved on the one side of the same these words, “Sigillum Regis Magnae
Britaniae, Franciae, et Hiberniae’’, xud on the other side of the same this inseription,
“Pro Consilio Primae Coloniae Virginiae.”",observed_span_or_name_string,high_confidence_alias
,,,NW-001,Virginia,Virginia,V04-P0376-M03598-03624,lord the King for Virginia,the King for Virginia,PERSON_REF,title_surname,V04-P0376,V04-PRIMARY,V04-OCR-402,3598,3624,"And also that a council should be estab-
lished here in Mnglind which should consist likewise of thirteen persons for this
purpose to be appointed by our lord the King himself, his heirs or successors, which
should be called the council of our lord the King for Virginia; which council likewise
should hare a seal for matters concerning the same council with like insignia and
portrait, as is shown, with this inscription engraved round about on the one side of
the same, “‘Sigillum Regis Magnae Britanniae, Franciae, et Hiberniae’’, and round
about on the other side thereof, ‘Pro Consilio Suo Virginiae”’, as more fully appears
by the exemplification of the enrolment of the said letters patent which Nicholas
flarrer [ef al.—the same 24 names, “Tree men”, ete., “and other free men”, ete.]",observed_span_or_name_string,ambiguous_contextual
,,,OW-011,England,England,V04-P0376-M04209-04233,lord the King of England,the King of England,PERSON_REF,title_surname,V04-P0376,V04-PRIMARY,V04-OCR-402,4209,4233,"pro-
tluce here in court sealed by the great seal of our said lord the King of England who
now is, according io the form of the statute im such case lately published and pro-

",observed_span_or_name_string,ambiguous_contextual
,,,NW-001,Virginia,Virginia,V04-P0382-M00592-00621,lord the King called Virginia,the King called Virginia,PERSON_REF,title_surname,V04-P0382,V04-PRIMARY,V04-OCR-408,592,621,"And as to the following liberties, privileges, and franchises, namely, that the same
Nicholas ffarrer fet a/.] have to themselves and their suecessors all those lands,
countries, and territories of our said lord the King called Virginia, and those lands,
countries, and territories at their own proper pleasure assign, give, sell, alienate, and
dispose to any person or persons whatsoever they shall please, and have the rule and
sole governance of all the lands, countries, and territories aforesaid, the same Nicholas
ffarrer",observed_span_or_name_string,ambiguous_contextual
,,,OW-011,England,England,V04-P0382-M00957-00972,King of England,of England,PERSON_REF,title_surname,V04-P0382,V04-PRIMARY,V04-OCR-408,957,972,"[ef a/.] say that our lord James who now is King of England was seised of those
muny lands, countries, and territories of our said lord the King culled Virsinia specitied,
in the information aforesaid, in his demesne as of fee, and our lord the King himself
being thus seised of them, our same lord the Ning, hefore the aforesaid Une speeified
in the aforesaid information, to wit, on the aforesaid twenty-third day of Mav in the
aforesaid seventh year of the reign of our said lord the King who now is of England,
etc., by his aforesaid letters patent bearing date at Westminster on the aforesaid
twenty-third day of May in the aforesaid seventh vear of his reign, of his special grace,
certain knowledge and mere motion, gave, granted, and confirmed to the aforesaid
Treasurer and Company and their successors, under the reservations, limitations, and
declarations in the same letters patent hereafter specified, all those lands, countries,
and territories situated, lying, and being in that part of America called Virsinia from
the point of land called Cape or Point Comforte along the sea coast towards the north
for two hundred miles and from the same point of Innd called Cape Comforte along
the sea coast towards the south for two hundred miles, and al! that space and cireum-
ference of land lying from the coast of the aforesaid boundary further inland through-
out, from sea to sea towards the west and northwest, and also all the islands lyvi
within a hundred miles along the sea coast of each sea from the boundary afore:
together with all that soil, land, harbors, mines, both royal mines of gold and silver
and other minerals, gems and precious stones, quarries, woods, rivers, waters, fish-
eries, commodities, jurisdictions, regalities, privileges, franchises, and pre-eminences
within the same territories and precincts of the same, and either in any way belonging
or pertaining to the same or being about them either by sea or by land, which our
same lord the King by his letters patent could grant and in as ample a manner and
form as our same lord the King by his letters patent could grant and in as ample a
manner and form as our same lord the King or any of his progenitors previously had
granted to any Society, body politic or corporate, or to any adventurer or any adven-
turers taking upon himself or themselves any discoveries, plantations, or commerce
of, into or [sie, for ‘or into”’] any lands remote or foreien whatsoever, mn as large and
ample a manner as if the same had been particularly mentioned and expressed, to
have and to hold, to possess and enjoy all and singular the aforesaid lands, countries,
and territories with all and singular other premises above by the same letters patent
granted or mentioned to be granted, to the same aforesaid Treasurer and Company,
their successors and assigns for ever, for the sole and proper use of the same Treasurer
and Company, their successors and assigns, to hold of our same lord the King, his
heirs and successors, as of his manor of Eastgreenewich, in free and common socage
and not in chief, returning and paying for the same to our aforesaid Jord the King,
his heirs and successors, only a filth part of all the ore.",observed_span_or_name_string,ambiguous_contextual
,,,NW-001,Virginia,Virsinia,V04-P0382-M01044-01073,lord the King culled Virsinia,the King culled Virsinia,PERSON_REF,title_surname,V04-P0382,V04-PRIMARY,V04-OCR-408,1044,1073,"[ef a/.] say that our lord James who now is King of England was seised of those
muny lands, countries, and territories of our said lord the King culled Virsinia specitied,
in the information aforesaid, in his demesne as of fee, and our lord the King himself
being thus seised of them, our same lord the Ning, hefore the aforesaid Une speeified
in the aforesaid information, to wit, on the aforesaid twenty-third day of Mav in the
aforesaid seventh year of the reign of our said lord the King who now is of England,
etc., by his aforesaid letters patent bearing date at Westminster on the aforesaid
twenty-third day of May in the aforesaid seventh vear of his reign, of his special grace,
certain knowledge and mere motion, gave, granted, and confirmed to the aforesaid
Treasurer and Company and their successors, under the reservations, limitations, and
declarations in the same letters patent hereafter specified, all those lands, countries,
and territories situated, lying, and being in that part of America called Virsinia from
the point of land called Cape or Point Comforte along the sea coast towards the north
for two hundred miles and from the same point of Innd called Cape Comforte along
the sea coast towards the south for two hundred miles, and al! that space and cireum-
ference of land lying from the coast of the aforesaid boundary further inland through-
out, from sea to sea towards the west and northwest, and also all the islands lyvi
within a hundred miles along the sea coast of each sea from the boundary afore:
together with all that soil, land, harbors, mines, both royal mines of gold and silver
and other minerals, gems and precious stones, quarries, woods, rivers, waters, fish-
eries, commodities, jurisdictions, regalities, privileges, franchises, and pre-eminences
within the same territories and precincts of the same, and either in any way belonging
or pertaining to the same or being about them either by sea or by land, which our
same lord the King by his letters patent could grant and in as ample a manner and
form as our same lord the King by his letters patent could grant and in as ample a
manner and form as our same lord the King or any of his progenitors previously had
granted to any Society, body politic or corporate, or to any adventurer or any adven-
turers taking upon himself or themselves any discoveries, plantations, or commerce
of, into or [sie, for ‘or into”’] any lands remote or foreien whatsoever, mn as large and
ample a manner as if the same had been particularly mentioned and expressed, to
have and to hold, to possess and enjoy all and singular the aforesaid lands, countries,
and territories with all and singular other premises above by the same letters patent
granted or mentioned to be granted, to the same aforesaid Treasurer and Company,
their successors and assigns for ever, for the sole and proper use of the same Treasurer
and Company, their successors and assigns, to hold of our same lord the King, his
heirs and successors, as of his manor of Eastgreenewich, in free and common socage
and not in chief, returning and paying for the same to our aforesaid Jord the King,
his heirs and successors, only a filth part of all the ore.",observed_span_or_name_string,ambiguous_contextual
,,,NW-001,Virginia,Virginia,V04-P0386-M00383-00412,lord the King called Virginia,the King called Virginia,PERSON_REF,title_surname,V04-P0386,V04-PRIMARY,V04-OCR-412,383,412,"pee

o

378 RECORDS OF THE VIRGINIA COMPANY

was actually seised of the islands, ands, and territories aforesaid specified in the
same letters patent last mentioned, in his demesne as of fee, and that the islands,
lunds, countries, and territories in the aforesaid several letters patent mentioned
to be about to be granted are the same lands, countries, and territories of our said
lord the King called Virginia, specilied in the aforesaid information above and not
other or diverse.",observed_span_or_name_string,ambiguous_contextual
,,,NW-001,Virginia,Virginia,V04-P0386-M00645-00674,lord the King called Virginia,the King called Virginia,PERSON_REF,title_surname,V04-P0386,V04-PRIMARY,V04-OCR-412,645,674,"[et al.] claim to
have to themselves and their successors all these lands, countries, and territories
of our said lord the King called Virginia, granted to them by the several letters
patent aforesaid, as mentioned, and these lands, countries, and territories at their
own proper pleasure to assign, give, sell, alienate, and dispose to whatsoever person
snd persons it shall please them, and to have the rule and sole governance of all the
lands, countries, and territories aforesaid.",observed_span_or_name_string,ambiguous_contextual
,,,NW-001,Virginia,Virginia,V04-P0386-M01191-01220,lord the King called Virginia,the King called Virginia,PERSON_REF,title_surname,V04-P0386,V04-PRIMARY,V04-OCR-412,1191,1220,"And as to having and claiming all
other lands, countries, and territories of our said Jord the King called Virginia except
the lands, ‘countries, and territories of our said lord the King called Virginia
granted, as mentioned, by the aforesaid several letters patent, the same Nicholas
ffarrer [et a?.] entirely disclaim and disavow.

",observed_span_or_name_string,ambiguous_contextual
,,,OW-011,England,Eneland,V04-P0389-M01316-01340,lord the King of Eneland,the King of Eneland,PERSON_REF,title_surname,V04-P0389,V04-PRIMARY,V04-OCR-415,1316,1340,"NOVEMBER 4, 1623, TO MAY 24, 1624 381

plantation, as, the manner of governing from time to time to be used, the order and
disposition and possession and setfling and establishment of commerce there or of
such like, there should be held and had every year on the last Wednesday of the terms
of Saint Hilary, Easter, Holy Trinity, and Saint Michael for ever a greal veneral
and solemn assembly, which four several assemblies shall be styled and called the
our great and general courts of the council and Company of Adventures for Virginia,
in all and singular of which aforesaid great general courts thus assembled the mind
and will of our lord the King himself were, and our same lord the King for himeelf,
his heirs and Jhis successors for ever, gave und granted to the aforesaid Treasurer aud
Company and their suecessors for ever by the same letters patent that the ‘Treasurer
and Company themselves or the majority of them so assembled should have full
ower and authority from time to time and for all times then for ever to ordain and
make such laws and ordinances for the good and welfare of the aforesaid plantation
as from time to time should be considered by them to be necessary and suitable,
provided that these laws and ordinances should not be contrary to the laws and
statutes of the realm of our said lord the King of Eneland, as by the aforesaid letters
patent among other things is fully made clear and apparent.",observed_span_or_name_string,ambiguous_contextual
,,,NW-001,Virginia,Virginia,V04-P0390-M03293-03322,lord the King called Virginia,the King called Virginia,PERSON_REF,title_surname,V04-P0390,V04-PRIMARY,V04-OCR-416,3293,3322,"And as to the following liberties, privileges, and franchises, namely, that the same
Nicholas ffarrer [eé ad,] at their own proper pleasure export and transport outside this
realm of England into the parts across the sea aforesaid whatsoever persons it shall
please them, both being subjects of our said lord the King and any other persons
whatsoever, and rule and govern them at their own proper pleasure, both in their
voyage on the sea and in the parts across the sea aforesaid, and also that they have the
liberty, power, and authority contrary to the laws and statutes of this realm of Eng-
land to transport outside this realm of England into the parts across the sea aforesaid
all and all kinds of merehandize, goods, and other things whatsoever forbidden to be
transported by the Jaws and statutes of this realm of England, and also to transport
outside this realm of England into the parts across the sea aforesaid all kinds of arms,
armaments, instruments of war, gunpowder, victuals, cattle, horses, mares, and all
other merchandize and things whatsoever, without rendering or payment of subsidy,
eustom, imposition, or other taxation whatsoever to our said lord the King or for the
use of our same lord the King, and that they have to themselves and their successors
the ruing and sole government of all persons inhabiting, dwelling, and residing in all
those lands, countries, and territories of our said lord the King called Virginia, or
coming into those parts or trading, and that they rule and govern the same persons
according to the ordinances and constitutions of that Company, and that they have
power and authority, both within the parts across the sea aforesaid and on the high
sea, to use and exercise military law whensoever it shall please them, the same Nicholas
fiarrer [et ad.]",observed_span_or_name_string,ambiguous_contextual
,,,OW-011,England,England,V04-P0390-M03884-03903,the King of England,the King of England,PERSON_NAME,explicit_name,V04-P0390,V04-PRIMARY,V04-OCR-416,3884,3903,"say that our same lord the King before the aforesaid time specified in
the aforesaid information, to wit, on the aforesaid twenty-third day of May in the
{ id seventh year of the reign of our same lerd the King of England, ete., by his
aforosnid letters patent bearing date at Westminster on the same twenty-third day
of May in the aforesaid seventh year of his reign, of his own special grace, certain
knowledge, and mere motion, for himself, his heirs and successors, by the same letters
patent cave and granted full power and authority to the aforesaid couned of our lord

",observed_span_or_name_string,ambiguous_contextual
,,,OW-011,England,England,V04-P0390-M03888-03903,King of England,of England,PERSON_REF,title_surname,V04-P0390,V04-PRIMARY,V04-OCR-416,3888,3903,"say that our same lord the King before the aforesaid time specified in
the aforesaid information, to wit, on the aforesaid twenty-third day of May in the
{ id seventh year of the reign of our same lerd the King of England, ete., by his
aforosnid letters patent bearing date at Westminster on the same twenty-third day
of May in the aforesaid seventh year of his reign, of his own special grace, certain
knowledge, and mere motion, for himself, his heirs and successors, by the same letters
patent cave and granted full power and authority to the aforesaid couned of our lord

",observed_span_or_name_string,ambiguous_contextual
,,,OW-011,England,England,V04-P0391-M01648-01672,lord the King of England,the King of England,PERSON_REF,title_surname,V04-P0391,V04-PRIMARY,V04-OCR-417,1648,1672,"And further our same lord ihe hing, of his
special grace, certain knowledge and mere motion, for himself, his heirs and his sue-
cessors, granted by the same letters patent to the aforesaid Treasurer aud Company
and their successors that it should be lawful and free to them aud their assigns for all
and any time and times thenceforth in the future to export and conduct outside the
realm of our lord the King of England himself und ouiside all other dominions of our
Jord the King himself in that voyage and for and towards the aforesaid plantation
and transportation towards these parts and dwelling and habitation there in the
aforesaid colony and plantation all such and so many of the beloved subjects of our
ford the King or any others, strangers, who should wish to become beloved subjects
of our same lord the King and should wish to live under the allegiance of our same lord
the Iking, as should willingly associate with then in the same voyage and plantation
with sulheient shipping, arms, weapons, ordnance, munitions, powder and shot,
victuals and such merchandize or goods, as would be esleemed by the rude and fierce
people in thuse parts, clothing, iuplements, furniture, cattle, horses and mares and
all other things necessary for the aforesaid plantation and their use and defence and
commerce with the people there and in the crossing to that country and from the same
country, without rendering and payment of subsidy, custom, imposition, or any other
taxution or duty, tv our same lord the Ising, his leirs and successors, for the space of
seven years from the date of the same letters patent, provided that none of the same
persons be such as henceforth in the future should be restricted by special name by
our said lord the King, his heirs or successors.

",observed_span_or_name_string,ambiguous_contextual
,,,OW-011,England,England,V04-P0391-M03663-03687,lord the King of England,the King of England,PERSON_REF,title_surname,V04-P0391,V04-PRIMARY,V04-OCR-417,3663,3687,"And for their further encouragement, our same lord the King, of his special grace and
favour, by the same letters patent, for himself his heirs and suceessors, gave and
granted to the aforesaid ‘Treasurer and Company and their successors and any of
them, their factors and assigns, that they themselves and any of them should be free
and quit of all subsidies and customs in Virginia for the space of twenty-one years,
and of all other taxations and impositions for ever on any goods or merchandise at
any time or times thenceforth in the future, er upon the importation thither or theP-
exportation thence into the kingdom of our lord the King of England or into any
other dominious of our lord the King himself, by the aforesaid Treusurer and Company
and their successors, their deputies, factors, and assigns or any of them (except only
five pounds per cent due for custom upon all such goods and merchundize as should
be conveyed to or imported into the realm of our lord the King of Kngland or any
other dominions of our same lord the King bordering on the same kingdom of England
according to the ancient use of merchants).
",observed_span_or_name_string,ambiguous_contextual
,,,OW-011,England,England,V04-P0392-M01935-01959,lord the King of England,the King of England,PERSON_REF,title_surname,V04-P0392,V04-PRIMARY,V04-OCR-418,1935,1959,"dy

384 RECORDS OF THE VIRGINIA COMPANY

And becuse if would be necessary for all such beloved subjects of our lord the King
himself as should dwell within the aforesaid precinct of Virginia to stand and live
together im the fear and true worship of our Almighty God, of Christian peace and
civil concord among themselves, by which things each of them might with greater
security, pleasure, and profit enjoy those things which they acquire with great labor
and diner, our saiae lord the Kings, for himself, his heirs and successors, hay the same
letters patent gave and granted to the aforesaid Treasurer and Company and their
suceessors, and io such governors, officers, and ministers as should be constituted
and appointed by the said council of our said lord the King according to the natures
and limits of their offices and places respectively, that they themselves should have
from time te time thenceforth for ever, within the same precincts of Virginia or on
the way by sea thither and thence, full ‘and absolute power and authority to correct,
punish, pardon, govern, and rule all such subjects of our same lord the King, his heirs
and successors, as should {rom time to time adventure themselves in any voyage
thither or who at any time thenceforward in the future should dwell in the precincts
and territories of the aforesaid colony, as mentioned, according to such orders, or-
dinances, constitutions, directions, and instructions as should be established by the
council of our Jord the King himself, and in default of these in case of uccessity ac-
cording to the good diseretion of the aforesaid governors and officers respectively,
both in capital and criminal cases and civil, both marine and others, provided however
that the same statutes, ordinances, and processes, as nearly as could conveniently
be done, should be consistent with the laws, statutes, governments, and policies of the
aforesaid kingdom of our said lord the King of England.

",observed_span_or_name_string,ambiguous_contextual
,,,OW-011,England,England,V04-P0393-M03523-03547,lord the King of England,the King of England,PERSON_REF,title_surname,V04-P0393,V04-PRIMARY,V04-OCR-419,3523,3547,"And by that
warrant the same Nicholas Harrer [et @f.], for the time aforesitid, apecilied above in the
information aforesaid, claim and have used and are using the liberty, power, and au-
thority at their pleasure tu export and transport outside this realm of England to the
aforesaid parts across the sea as many and sueh subjects of our lord the King hiniself
or strangers who wish to live under the allegiance of our same lord the King as have
willingly joined them in the same voyage and plantation and such as were not re-
stricted nor anv of them restricted by spceinl name by our said lord the Kine and wot p30
otherwise nor in any other manner: and alse they claim and have used and are using
the liberties, privilezes, and franchises to rule and govern the s:une persons both in
their voyage upon the sea and in the parts across the sea aforesaid, according to such
orders, ordinances, constitutions, directions, and instructions as by the aforesaid
council of our lord the King himself were established and not otherwise nor in any
other manner; and also they elaim and were used and are used, from the time of the
completion of the several letters patent aforesaid up to the day of the exhibition of
the information aforesaid, by virtue of the same letters patent uforesnid respectively,
to have liberty, power, and authority to transport outside this realm of England to
these parts across the sea for their businesses sufficient shipping, all kinds of armor,
armaments, instruments of war, powder, victuals, cattle, horses, mares, and other
merchandise and things necessary for the aforesaid plantation, and for their use and
defence and commerce with the people there, without rendering or payment of sub-
sidy, custom, imposition, or other taxations whatsoever to our said lord the King or
for the use of the same King for the several times of the several seven years in the
aforesaid several letters patent mentioned, and without rendering or payment o
subsidy, custom, imposition, or taxation whatsoever to our said lord the King, or for
tho use of our lord the King himself in Virginia, from the tine of ihe completion of the
aforesaid letters patent of our lord the King himself bearing date on the aforesaid
twenty-third day of May in the aforesaid seventh year to the day of the exhibition of
the information aforesaid, upon any goods or merchandise during the time aforesai
imported into the aforesaid country of Virginia or exported thence to the realm
of our said lord the King of England or to any other dominions of our lord the King
himself, excepting only five pounds per cent.",observed_span_or_name_string,ambiguous_contextual
,,,OW-011,England,England,V04-P0393-M03755-03779,"lord the
King of England","lord the
King of England",PERSON_NAME,explicit_name,V04-P0393,V04-PRIMARY,V04-OCR-419,3755,3779,"due for custom upon all such goods and
merchandise which have been brought or imported into the realm of our said lord the
King of England or any other dominions of our same lord the King, according to the
ancient use of merchants and not otherwise nor in any other manner.",observed_span_or_name_string,ambiguous_contextual
,,,NW-001,Virginia,Virginia,V04-P0393-M04243-04272,lord the King called Virginia,the King called Virginia,PERSON_REF,title_surname,V04-P0393,V04-PRIMARY,V04-OCR-419,4243,4272,"[et af] claim and were used for the time speci-
fied in the aforesaid information and are used to have to themselves and their successors
the ruling and sole governance of all persons inhabiting, dwelling, and resilees in al
those lands, countries, and territories of our said lord the King called Virginia,
granted by the afvresaid several letters patent to the Company of Adveaturers and

",observed_span_or_name_string,ambiguous_contextual
,,,OW-011,England,England,V04-P0394-M02578-02602,lord the King of England,the King of England,PERSON_REF,title_surname,V04-P0394,V04-PRIMARY,V04-OCR-420,2578,2602,"exact of all persons both subjects of our said jord the King and
others trading, in these parts across the sen both not being of their Company aforesaid
and others, divers sums of money at their own pleasure and imprison all who refuse
or negieet to pay the said exactions, and also tax and impose fines and amercements
at their pleasure upon any persons trading with any merchandise or other things
whatsvever in those parts neross the sea and imprison the same persons without bail
or surety at their own pleasure, and also impose whatsoever impositions they please
upon merchandise and other things by any person or any persons, not being of their
Company aforesaid, transported or to be transported into the aforesaid parts across
the sea outside (his reulm of England or brought or to be brought from the aforesaid
parts across the sea mto this realm of England, and take, seize, and retain irrepleviable
the ships and merehundise and other things aforesaid until they themselves are
satisfied of the impositions thus imposed by themselves upon that merchandise and
these other things, the sume Nicholas ffarrer (et af] say that our same lord the King
who now is, before the aforesaid time in the aforesaid information, specified above,
to wit, on the aforesaid twenty-third day of May im the aforesaid seventh year of
the reign of aur same lord the King of England, by his aforesaid letters patent bearing
date at Westminster on the same twenty-third day of May in the aforesaid seventh
year of his reign of England, granted to the aforesiad Treasurer and Company and
their successors that it should be lawful for the same Treasurer and Company and
their suceessors and any of them from time to time and for all times thereafter in the
future and that they themselves should have full power and authority, by all ways
and means whatsoever, to take and reduce under their power all and every person or
persons whatsoever, with their ships, goods, and other furniture, traflicking in any
harbor, creck, or plaee within the limits and precincts of the aforesnid colony and
plantation, not bein allowed by the aforesaid Company te be adventurers or planters
of the aforesaid colony, until those being of any of the realms er dominons under
the obedience of our lord the King himself should pay or agree to pay to the hands of
the treasurer or anv other officer deputed by the yovernors in Virginia, bevond and
above suelt subsidy and custom as the aforesaid Company then or theneeforth in the
future ought te pay, five pounds per cent.",observed_span_or_name_string,ambiguous_contextual
,,,NW-001,Virginia,Virginia,V04-P0395-M02309-02329,governor in Virginia,in Virginia,PERSON_REF,title_surname,V04-P0395,V04-PRIMARY,V04-OCR-421,2309,2329,"upon all goods and mer-
chandise by a person or persons of this kind, being foreign and not under the obedience
of our lord the King himself, imported or exported to that country or from that
country, bevond such subsidy and custom as the aforesaid Treasurer and Company
then ought to pay, and not otherwise nor in any other manner nor of any persons of
the Company aforesaid, and also they claim to have power and authority for the
time aforesaid specified in the information aforesaict to imprison all persons of this
kind thus trading there (not being of the aforesaid Company nor so allowed, as is
shown) who respectively should refuse to pay or neglect or not agree to pay the afore-
said sums of money to the hands of the treasurer or any other olfieer deputed by the
governor in Virginia, and to take, seize, and retain the ships and merchandise and
other things aforesaid until they should he satistied of the aforesaid severn!",observed_span_or_name_string,ambiguous_contextual
,,,OW-004,Westminster,Westminster,V04-P0397-M00172-00200,lord the King at Westminster,the King at Westminster,PERSON_REF,title_surname,V04-P0397,V04-PRIMARY,V04-OCR-423,172,200,"At which octaves of Saint Hilary before our lord the King at Westminster
there came both the aforesaid Sir Thomas Coventrye, attorney general ef our said
lord the King who sues, ete., and the aforesaid Nicholas flarrer {et @f.| by their attormmey
aforesaid.

",observed_span_or_name_string,contextual_alias
,,,NW-001,Virginia,Virginia,V04-P0398-M02651-02680,lord the King calied Virginia,the King calied Virginia,PERSON_REF,title_surname,V04-P0398,V04-PRIMARY,V04-OCR-424,2651,2680,"And the sume attorney general, who sues, ete., for

our same Jord the King further

siys thet the plea aforesaid pleaded above in the form aforesaid as to the liberties,
privileges, and franchises aforesaid above mentioned and here after recited, namely,
that the same Nicholas ffarrer [et a/.] have to themselves and their successors all
those lands, countries, and territories of our said lord the King calied Virginia, and
at their own proper “pleasure assign, give, sell, alienate, and dispose those lands,
countries, and territorics to whatsoever person and persons it shall please them, and
also have the ruling and sole governing of all the lands, countries, and territories
aforesaid, and the matter in the same plea contained, are insufficient in law to pre-
elide our lord the King himself from his aforesaid information as to these liberties,
privileges, and franchises, Whereupon, for default of sufficient response of the same
Nicholas ffarrer",observed_span_or_name_string,ambiguous_contextual
,,,NW-001,Virginia,Virginia,V04-P0404-M00624-00653,"lord the King
called Virginia","lord the King
called Virginia",PERSON_NAME,explicit_name,V04-P0404,V04-PRIMARY,V04-OCR-430,624,653,"396 RECORDS OF THE VIRGINIA COMPANY

to transport outside this realm of England into the parts across the sea aforesaid all
kinds of arms, armaments, instruments of war, gunpowder, victuals, cattle, horses,
mares, and all other merehandize and things whatsoever without rendering or pay-
ment of subsidy, custom, imposition, or other taxations whatsnever to our said lord
the King or to the use of our same lord the King, and that they have to themselves
and their successors the ruling and sole government of all persens inhabiting, dwelling,
and residing in all those lands, countries, and territories of our said lord the King
called Virginia or coming into these parts or trading there, and that they rule and
govern the same persons “necording to the orders and cons tutions of that ‘Company,
and that they have power and authority to use and exercise, both within the parts
across the sea aforesaid and on the high sea, military law whensoever it shall please
them, and the matter in the same plea contained, are good and suflicient in law to
preclude our lord the King himself from baying his information aforesaid asto these
liberties, privileges, and franchises against themselves; Which plea, and the matter
in the same contained, the same Nic holas fMarrer {et al.]",observed_span_or_name_string,ambiguous_contextual
,,,OW-004,Westminster,Westminster,V04-P0405-M01410-01438,lord the King at Westminster,the King at Westminster,PERSON_REF,title_surname,V04-P0405,V04-PRIMARY,V04-OCR-431,1410,1438,"And because the court of our lord the King here is not vet advised concerning the
rendering of his judgment of and upon the preniises, a day thereon was given both
to the aforesaid Thomas Coventrye, attorney general, who sues, etc., and to the
aforesaid Nicholas ffarrer {ef a/.], before our lord the ‘ing to the fifteenth day from
the day of Easter, wheresocver, etc., for hearing his judgment thereon, ete., on which
fifteenth day of Easter there came before our lord the King at Westminster both the
aforesaid Thomas Coventrye, who sues, ete., and the aforesaid Nicholas flarrer [eé a.],
by their attorney aforesaid.

",observed_span_or_name_string,contextual_alias
,,,NW-069,Newfoundland,Newfoundland,V04-P0463-M01491-01503,Newfoundland,Newfoundland,PERSON_REF,surname_only,V04-P0463,V04-PRIMARY,V04-OCR-489,1491,1503,"The Humble Petition of Wm Ganey

[21] Most humblie sheweth, y* whereas for the space of these tow yeres I
haue been Employed by Cap' Thomas Nuce late deceased, as well for
Newfoundland as fer other trading voyages, himselfe alloweing yo"" pe-
",observed_span_or_name_string,contextual_alias
,,,OW-008,Southampton,Southampton,V04-P0479-M00450-00461,Southampton,Southampton,PERSON_REF,surname_only,V04-P0479,V04-PRIMARY,V04-OCR-505,450,461,"Whereas after yo"" peticioner bad this morning aboard his shipp the
Southampton published his Comission for the admyrallty of New England,
that part of the shipps Company that adheareth te Guyver & White, did
mutiny more then before, and being Comaunded to ther worke, refused,
takeing away the boate in dexpite of the boateswame, Cuming tumeul-
tuously ashoure, and vureuently disubeving the Gouernor himselfe, when
hee willed them to returne aboard, yo"" peticioner hath Just Cause to
doubt least they should make a bubvarke of his shipp against yo"" authority,
& against the saficty of his person & estate.

",observed_span_or_name_string,ambiguous_contextual
,,,OW-013,Spain,Spayne,V04-P0491-M00109-00115,Spayne,Spayne,PERSON_REF,surname_only,V04-P0491,V04-PRIMARY,V04-OCR-517,109,115,"MAY 1624 479

It is generally knowen, that the West Indies, are at this day almoast
the onely Fountayne, and Spayne as it were the Cesterne, from whence
Silver is deriued into all parts of Christendom.

",observed_span_or_name_string,ambiguous_contextual
,,,NW-001,Virginia,Virginia,V04-P0505-M00302-00322,"Countrie of
Virginia","Countrie of
Virginia",PERSON_NAME,explicit_name,V04-P0505,V04-PRIMARY,V04-OCR-531,302,322,"JULY 15, 1624 493

having still a Watehfull and careful eye to the same and finding the courses
taken for the setling thereof had not taken that good effeete which Wee
intended and soe much desired did by our Comission lately graunted to
étaine psons of quality and truste cause the state of the saide Countrie of
Virginia to be examyned howe yt stood aswell in pointe of livelyhood as
govermente and howe and in What manner the greate Somes of money
collected and intended for the good thereof had beene expended and dis-
bursed to the end yf good Cause were Wee might by our royall hande
supplye what shoulde be founde defective And whereas our Comiissioners
after much care labour and paynes expended in execuéon of our saide
Comissions did étifye vs that our subiect€ and people sent to inhabite
there and to plante themselues in that Countrye Were most of them by
God@ visitaton sicknes of bodye famyne and by massacres of them by the
native Savages of the lande dead and deceased and those that Were living of
them lived in [miserable and lamentable necessitye and Wante but the
ecountrie (for any thing appered to the saide Coffilssioners to the contrary)
they conceived to be fruitfull and healthfull after our people had heene some
tyme there and that yf industrie Were vsed yt",observed_span_or_name_string,ambiguous_contextual
,,,OW-016,Ireland,Ireland,V04-P0513-M00478-00485,Ireland,Ireland,PERSON_REF,surname_only,V04-P0513,V04-PRIMARY,V04-OCR-539,478,485,"No. 2
Document in Publie Record Office, London
List of Records No, 720

James by the grace of God King of England Scotland ffrance and Ireland Dr Com? sia?
",observed_span_or_name_string,contextual_alias
,,,NW-003,James City,James Citty,V04-P0567-M00838-00855,"James Citty

Jobn","James Citty

Jobn",PERSON_NAME,explicit_name,V04-P0567,V04-PRIMARY,V04-OCR-593,838,855,"Aercs, extending from Tanke Weyonoke downe to
y° mouth of Chicahominy River

The Corporaéon of James Citty

Adioyning to y* mouth Chicahominy Riv: their are 3000 Acres of Land
laid out for the Company: 3000: Acres laid out for y° place of y* gouerner
planted, in w are Some Smale parcells graunted by Sir Thomas Dale &
Sir Samuell Argall planted

M’ Richard Bucke 750 Acres pla’d:
The Glebe Land 100

In y* Hand of James Citty, are many pareells of land graunted, by patent
and order of Courte.

by pattent

The Teritory of Tappahanna ou? against James Citty

Jobn Dodds 150 Acres

John Burrows 150 planted

Richard Pace 200 planted Dygneteeue
flrancis Chapman 100

[73a]",observed_span_or_name_string,high_confidence_alias
,,,NW-020,Bermuda / Somers Islands,Bermuda,V04-P0602-M01079-01086,Bermuda,Bermuda,PERSON_REF,surname_only,V04-P0602,V04-PRIMARY,V04-OCR-628,1079,1086,"Bermuda Company, 498.
Bermuda, election day, $1,
Bermudas, 63, 64, 477.
",observed_span_or_name_string,contextual_alias
,,,NW-001,Virginia,Virginia,V04-P0607-M01355-01372,"Governor
Virginia",Virginia,PERSON_REF,title_surname,V04-P0607,V04-PRIMARY,V04-OCR-633,1355,1372,"Letter from Governor
Virginia, 567-570.

",observed_span_or_name_string,ambiguous_contextual
,,,NW-020,Bermuda / Somers Islands,Bermuda,V04-P0611-M00073-00080,Bermuda,Bermuda,PERSON_REF,surname_only,V04-P0611,V04-PRIMARY,V04-OCR-637,73,80,"Contract to import from Bermuda and
Somers Islands, 63.
",observed_span_or_name_string,contextual_alias
,,,NW-001,Virginia,Virginia,V04-P0613-M00422-00454,governor and council in Virginia,and council in Virginia,PERSON_REF,title_surname,V04-P0613,V04-PRIMARY,V04-OCR-639,422,454,"Letters to governor and council in Virginia,
162-164, 262-271.
",observed_span_or_name_string,ambiguous_contextual
,,,OW-006,Exeter,Exeter,V04-P0618-M01437-01443,Exeter,Exeter,PERSON_REF,surname_only,V04-P0618,V04-PRIMARY,V04-OCR-644,1437,1443,"Exeter, 362, 368, 491, 501.
",observed_span_or_name_string,high_confidence_alias
,,,OW-006,Exeter,Exeter,V04-P0618-M01465-01471,Exeter,Exeter,PERSON_REF,surname_only,V04-P0618,V04-PRIMARY,V04-OCR-644,1465,1471,"Exeter, Dean of.",observed_span_or_name_string,high_confidence_alias
,,,OW-006,Exeter,Exeter,V04-P0618-M01496-01502,Exeter,Exeter,PERSON_REF,surname_only,V04-P0618,V04-PRIMARY,V04-OCR-644,1496,1502,"Exeter, Thomas, Earl of, 363, 369.
",observed_span_or_name_string,high_confidence_alias
,,,NW-001,Virginia,Virginia,V04-P0628-M00716-00747,governor of Virginia and Somers,of Virginia and Somers,PERSON_REF,title_surname,V04-P0628,V04-PRIMARY,V04-OCR-654,716,747,"Names of those present at Fxtraordinary
Court of Company, 290-291,

Of adventurers to be made, 107.

Patents (72) granted to persens named,
210 204,

Per ft te he ilepuaty
governor of Virginia and Somers Islands
Sompanies, 90-91.

",observed_span_or_name_string,ambiguous_contextual
,,,NW-001,Virginia,Virginia,V04-P0628-M01544-01576,governor and council in Virginia,and council in Virginia,PERSON_REF,title_surname,V04-P0628,V04-PRIMARY,V04-OCR-654,1544,1576,"Lowe, Vineent, 365,
Loyde, John.
Petition to governor and council in Virginia,
128-129.
",observed_span_or_name_string,ambiguous_contextual
,,,NW-001,Virginia,Virginia,V04-P0630-M01981-02010,"Sir Charles.

Commi

Virginia","Sir Charles.

Commi

Virginia",PERSON_NAME,explicit_name,V04-P0630,V04-PRIMARY,V04-OCR-656,1981,2010,"Mounson, Sir Thomas, 363.
Mounson, Sir William, 210,
Mountague, Sir Charles.

",observed_span_or_name_string,ambiguous_contextual
