review_decision,preferred_name,place_type,world_region,matching_policy,merge_into_place_id,aliases_to_add,review_note,confidence,suggested_merge_place_id,candidate_key,display_form,observed_forms,occurrence_count,page_count,volumes,sources,pattern_kinds,in_authority_place_id,person_name_conflict,surname_conflict,common_word,first_occurrence,sample_contexts
,,,,,,,,high,,martins hundred,Martins Hundred,Martins Hundred|Martins hundred|Martin’s Hundred|Martin’s hundred|Martin's Hundred,75,61,"1,2,3,4",pattern:75,hundred,,,,,V01-P0031:890,"M’' George Chambers in the behalfe of Martins Hundred desired the Company to make cxaminacon of some abuses offred to their Cor- poraéon by the M*‘ and Marriners of the Ship, as also to rectify some wrong done vnto them by the Capemerchant: || M’' George Chambers in the behalfe of Martins Hundred desired the Company to make cxaminacon of some abuses offred to their Cor- poraéon by the M*‘ and Marriners of the Ship, as also to rectify some wrong done vnto them by the Capemerchant: || To w purpose, the Court haue now appointed ffower of the Counsell, 2 of Smiths Hundred and 2 of Martins Hundred, viz"" of the Counsell S' Tho: Gates, m’ Iohn Wroth, m’ Deputy fferrar and Capt Argoll;"
,,,,,,,,high,NW-020,sumer iland,Sumer Iland,Sumer Iland|SuMER ILAND,28,26,"1,2",pattern:28,iland,,,,,V01-P0121:923,"And wheras m!‘ fferrar Deputy sent out the Garland to y* service of y° Company w” 45 men of his and his Associates to be left in Vir- ginia for the preparinge and makinge reddy of buisines against the Springe intendinge together w"" his Asso || name to the Counsell and m’ Iacob, w m' Iacobb hath pmised to psecute itt, and preferr a bill against him in the Star Chamb’ and so for every informaéon iustly preferred and w™ shall be within 5 milles of London and proveth true they hold i || M’ Treasuror declared that att the last Quarter Court for the Sumer Iland¢ betweene the time of giveinge vp of the Gouerno™ place and the new choyce of a Gouernor, makinge offere to present some matter to the consideraéon of that Courte con"
,,,,,,,,high,,cape marchant,Cape Marchant,Cape Marchant,15,14,"1,3,4",pattern:10|spacy_GPE+pattern:5,cape,,,,,V01-P0129:418,"And likewise wheras a Complainte is made of the Cape Marchant by the Planters of double and treble rates sett vppon the goods con- trarie to the Adventurers order that therfore the Gouerno' and Coun- sell be authorized to make him produce h || The Gouerna’ to authorised to examine y* Cape Marchant€ writ- ings & Invoyces. || Butt forasmuch although the George was entertayned by the Com- pany yett shee was employd and deteyned there by the Magazine and what benefitt shee there reaped +h by Passengers ffraught ffishinge, and otherwise was putt into the hands of A"
,,,,,,,,high,,smiths hundred,Smiths hundred,Smiths hundred|Smiths Hundred,15,12,"1,2,3",pattern:15,hundred,,,,,V01-P0033:679,"To w purpose, the Court haue now appointed ffower of the Counsell, 2 of Smiths Hundred and 2 of Martins Hundred, viz"" of the Counsell S' Tho: Gates, m’ Iohn Wroth, m’ Deputy fferrar and Capt Argoll; || ffor Smiths Hundred, m' Thomas Gibbs and m’ Robt Smith; || there onely rest- eth for the Court to decide, that if they will allowe of sundry trans- portaéons of men, by former orders in the said Jooke not menconed, that then there wilbe One hundreth pounde lesse for the Company to receaue: But it g"
,,,,,,,,high,,smythes hundred,Smythes Hundred,Smythes Hundred|Smythe’s Hundred|Smythe’s hundred|Smythes hundred|Smythe's Hundred,15,15,3,pattern:15,hundred,,,,,V03-P0098:393,"At a Geurt of §meeting of the§ Comittees heulden for Smythe’s Hundred in Virg: the . || [Indorsed:] 8 May 1618 At a Court §meeting§ of §the§ Comittees khewden for Smythes Hundred || (28] I find that we * * * Smyths Hundred are alltogether destitute of Cowes therefore I sho[ul]d be glad you would take order we may be furnished with those, and more I hope you have, pvided that we may buy of thé that are coming in the Shi"
,,,,,,,,high,NW-020,somer island,Somer Island,Somer Island,14,8,"3,4",pattern:14,island,,,,,V03-P0290:1052,"Item That the tenor of the said letter soe directed vnto the said S George Yardly was of the tenor of the second sehedule herevnto annexed (quam quidem schedulam pro hic lect et insert * * * vult et petit pars ista pponens quitus facit pro  || Item That the said Willm Wye did accept of the Comission and * * * seven vnto hym by or from the said Treasurer and Company aforesaid, and did vndertake the said voyage for the Somer Island? and Virginia aforesaid, and in the yeere and mone || Item That the said Willm Wye did accept of the Comission and * * * seven vnto hym by or from the said Treasurer and Company aforesaid, and did vndertake the said voyage for the Somer Island? and Virginia aforesaid, and in the yeere and mone"
,,,,,,,,high,,berkley hundred,Berkley Hundred,Berkley Hundred,13,9,"2,3,4",pattern:11|spacy_GPE+pattern:2,hundred,,,,,V02-P0573:1450,"Berkley Hundred. || Berkley Hundred, 291. || Security granted by adventurers for Berkley Hundred, 195."
,,,,,,,,high,NW-003,iames citty,Iames Citty,Iames Citty|Iames citty,11,7,"2,3",pattern:11,citty,,,,,V02-P0034:576,"Touchinge the King¢ fforrest so named in the petiton, it is a name happily knowne to Capt: Martin and his Associat€ but not to the Company and in the circuit of that Territory w™ they are pleased to call the fforrest are placed both Iames C || the Importaton of Tobacco into England have offered vnto vs the Petiton herew“all sent desyringe vs to be a means soe to comend itt vnto yo"" as that itt may be plsented to his Ma""*: and his gratious answere thervnto obteyned, w their desire || I found not the least peec of ffortificaton: Three peeces of Ordinance onely mounted att Iames Citty and one att flowerdue hundred butt never a one of them serviceable;"
,,,,,,,,high,OW-009,ile of wight,Ile of Wight,Ile of Wight,11,10,"1,3",pattern:11,ile,,,,,V01-P0256:611,"W"" proposiéons the Court thought very reasonable and therfore rec- omended it to the Quarter Court, and w'""all enioyned the said m' Ewens, to haue his Shipp in a readines by the first of Iuly next, either at the Ile of Wight, or where the C || M': Deputy having informed the Court of m’ Newlandé good affecéon to the Plantacon and of his extraordinary paines and care he had taken about the Shipping of the psonns transported in y° Abigaile taken in at the Ile of Wight: In consideraé || taking care of Shipping their people in the Abigaile at the Ile of Wight being now put to y® question was confirmed vpon condiéon that he sell them not awaye."
,,,,,,,,high,,cape bona,Cape Bona,Cape Bona,8,7,"1,2,3",pattern:8,cape,,,,,V01-P0336:1391,"M' Deputy acquainted the Courte that one m’ Copeland a Mynister lately returned from the Kast Indies out of an earnest desire to give some furtherance vnto the Plantaéon in Virginia had been pleased as well by his owne good example as by ps || M’ Deputy further declared that albeit the Companies Stocke beinge well nighe exhausted was able to doe but litle this present yeare for sendinge of people to Virginia, yet it pleased God to stirr vp so many worthie minde for the aduancem‘  || Cape Bona Speranza, I, 532."
,,,,,,,,high,NW-020,summer island,Summer Island,Summer Island,8,8,"2,4",pattern:8,island,,,,,V02-P0050:2320,"Hee hath forbidden all trade and commerce w™ the Indians but trades amongs|t} them w” the Summer Island Frigott and our men to his owne benifitt. || Wheras there was a Coffiittee appoynted the 14"" of Ianuary last to ioyne & Conferr with a Summer Island¢ Comittee about settlinge some course for better ventinge of Tobacc’ of both the Plantaéons; || Because those of the Summer Island€ Companie that are to beare the burthen of this charge are very few and no meanes to mantaine the publique charge of those Island€ but out of their purses weh every yeare cost€ them manie thousand pounde@ "
,,,,,,,,high,,charles hundred,Charles Hundred,Charles Hundred|Charles hundred,7,7,"2,3,4",pattern:7,hundred,,,,,V02-P0071:1563,"The said Mary Tue likewise assigned 100: acres of land w™ lies in Diggs his Hundred to Samuell Jordan of Charles Hundred gentleman. || seaven peeces and att Charles hundred two, and in other places, besides ffowlers || Charles Hundred, II, 74."
,,,,,,,,high,NW-020,somer iland,Somer Iland,Somer Iland,7,7,"1,2,4",pattern:7,iland,,,,,V01-P0064:1165,"And wheras the Company of the Somer Iland¢ doth allwaies reporte of the gracious favour his Ma® extendeth to Virginia, that therfore the next Quarter Courte for the said Hands the Company therof be intreated to Ioyne for the Transporte of s || They further Complaine of m"" Iacobb that wheras the Somer Iland@ are yett free for two years and an halfe vnexpired of very Custome and Subsedie, m‘ Iacobb who standinge by his Officers at Plymouth hath caused 12° the pound to be exacted fo || Wheras accordinge to the aboue written order munday afternoone last was apoynted for an extraordinary Courte, m’ Thier signified that when the same was warned hee hard that att the same time therwas a Courte for the Somer Iland¢, therefore "
,,,,,,,,high,NW-011,charles cittie,Charles Cittie,Charles Cittie,6,6,"1,3,4",pattern:6,cittie,,,,,V01-P0149:1004,"called Elizabeth Cittie 400 Acres att Charles Cittie, 100: att Henrico, || 400 Tennte to the Companies Land to make them vp full five “hundred wherof 200: to be placed att Elizabeth Cittie with the Deputy 100 att Henrico 100: att Charles Cittie, and att Iames Cittie there are all redie 100: || These are to authorise Capt Roger Smith to haue absolute power and The Signett af- Comiand in all matters of warr over all the people in Charles Cittie, and 4"
,,,,,,,,high,NW-009,cape comforte,Cape Comforte,Cape Comforte,5,5,"3,4",pattern:3|spacy_LOC+pattern:2,cape,,,,,V03-P0018:625,"it for fortes haue no other vse but that a fewe men may defend and dispute their footinge with them against a greater nomb and to winne time wh if you ean do a stranger cannot longe abide where he must bringe all his releis with him, and he || septimo supridieio per predicias litteras suas pateutes gerentes datum apud Westmonasteriunt predieto vicesimo tercio die Mail anno regni sui septimo supradicto de spectali gratia, cerla scientia et mero motu suis dedit, con- vessit et conf || Comforte per oras maritimas versus boream per ducenta milliaria ct ub codem promontorio de Cape Comforte per oram inaritimam versus meridiem per ducenta milliaria et totum illud spatium et circuitum terre jacentis al ora maritima precinctus"
,,,,,,,,high,,hudson river,Hudson River,Hudson River,5,5,"2,3,4",spacy_LOC+pattern:5,river,,,,,V02-P0596:738,"Hudson River, I, 504. || Hudson, Robert, 59, Hudson River. || epleration for source of Hudson River, 16."
,,,,,,,,high,,martine hundred,Martine Hundred,Martine Hundred,5,5,"1,4",pattern:5,hundred,,,,,V01-P0107:796,"Butt forasmuch as divers hundreds and pticularr PlantaGons are all- redie there settled and the Indians well acquainted w""” them, as namely, Smithe Hundred, Martine Hundred, Bartlett¢ Eiurediret & the like that therfore they receave and tak || The Collony beinge thus weake and the Treasury §vtterly§ exhaust, Itt pleased divers Lords Knights, gentlemen and Cittizens (greived to see this great Action fall to nothinge) to take the matter a new in hand and at their pryvate charges (i || m' Peirce movinge the Courte would please to assigne him the place ™ Peirce moéon wher hee desires his land might be sett outt, some of Martine Hundred ()."
,,,,,,,,high,,riuer of thames,Riuer of Thames,Riuer of Thames,5,4,3,pattern:5,riuer,,,,,V03-P0477:355,[784] To all to whome these present€ shall come greetinge IKnowe yee that I W™ Ewens Mr of the good Ship the George of 150 tufi burden nowe resident in the Riuer of Thames for and in consideraéon of the Suitie of 4801 of good and lawfull mo || [784] To all to whome these present€ shall come greetinge IKnowe yee that I W™ Ewens Mr of the good Ship the George of 150 tufi burden nowe resident in the Riuer of Thames for and in consideraéon of the Suitie of 4801 of good and lawfull mo || Kmnowe yee that I W= Ewens Owner of the good Shippe the Charles of 80 tufi burden now residing in the Riuer of Thames for and in consideraéon of [blank] good and lawfull money of England to mee in hand paide and deliuered by the Treasuro™ a
,,,,,,,,high,,smyths hundred,Smyths Hundred,Smyths Hundred|Smyths hundred,5,4,3,pattern:4|spacy_FAC+pattern:1,hundred,,,,,V03-P0124:1624,"(28] I find that we * * * Smyths Hundred are alltogether destitute of Cowes therefore I sho[ul]d be glad you would take order we may be furnished with those, and more I hope you have, pvided that we may buy of thé that are coming in the Shi || Mareshalls, and in his stead I have entreated [25] Capt Graves and Antient officer of this Colmpajny to take Charge of the people and workes my selfe as occassion will pmitt making a step thether, I am sory for Capt Epps in Regard he is a p || the Publike buisines doth much hinder me and keepe me fré looking after that of Smyths Hundred, where I wish to be pilsent oftner then my ocea- tions will suffer me."
,,,,,,,,high,,sufier iland,Sufier Iland,Sufier Iland,5,5,2,pattern:5,iland,,,,,V02-P0044:2139,"And they saye further y‘ true it is, y‘ the said 3 men left behinde in y° said Handé€ as aforesaid hapned to finde one Blocke of Ambergreece of a verie great value, The right wherevnto was graunted to the said Companie for the Sumer Iland¢€ || At the great and generall Quarter Court accordinge to the vsuall manner was first read the preceedent quarter Court held in Inuly last and nex next the Preparatiue Co™ held on ffriday the 22"" of this present Moneth after this was first read || The Virginia Court beinge ended and the Lord Cauendish takinge againe the Chaire proposed vnto the Sufier Iland€ Companie whither they did concurr in opinion with the Companie of Virginia touchinge"
,,,,,,,,high,NW-020,summer iland,Summer Iland,Summer Iland,5,5,"1,2,4",pattern:5,iland,,,,,V01-P0121:462,"And wheras m!‘ fferrar Deputy sent out the Garland to y* service of y° Company w” 45 men of his and his Associates to be left in Vir- ginia for the preparinge and makinge reddy of buisines against the Springe intendinge together w"" his Asso || Wheras itt was conceived that ther was a mistake in setting downe an order of the Summer Iland@ Company att the laste Courte by incertinge a Prouiso to exclude such from haveinge 100 Acres p Share as shall not pay in their monny ratably acc || Howsoeuer itt is vntrue y‘ the Courts were att all soe long putt of for all- though by the orders of the Companies in the long vacations there may be a cessation of meetings except vppon extraordinary and pressinge occasionns, yett y* yeare"
,,,,,,,,high,,berkeley hundred,Berkeley Hundred,Berkeley Hundred,4,4,"2,3",pattern:4,hundred,,,,,V02-P0580:1341,"Governor of Berkeley Hundred, I, 135. || To Berkeley Hundred, I, 135 To George Yeardley, I, 130 See also Plantations Iotan, II, 483. || Minister for Berkeley Hundred, I, 143."
,,,,,,,,high,,blunt point,Blunt point,Blunt point|Blunt Point,4,4,"3,4",pattern:4,point,,,,,V03-P0663:2000,"Wee haue much and very carefully labored in the matter of Fortification, wh yo"" so much presse, but haueinge fruitlesly attempted diu™ waies, Capt Each maister of the Abigaile made offer vppon the assurance of 60000 waight of Tobacco homwar || every Shipp being a Bullwark: and because by the same meanes, they that meane yo"" harme can only offend yo"", we thought it necessarie aboue all thinge, to secure the River from suddaine Invasion by Shipping: To w®™ purpose haveing fruitlesl || belowe Blunt point"
,,,,,,,,high,,county of glou,County of Glou,County of Glou,4,3,3,pattern:4,county,,,,,V03-P0134:874,"That is to say, in the yeare of his raigne of England ffrance and Ireland the sixteenth and of Scotland the hij Betwene the Treasorer and company of Adven- turers and planters of the City of London for the first colony in Virginia with the  || in the xviij"" yeare of the raigne of our sou%aigne lord king James of England ffrance and Ireland and of Scotland the liij* Betwene S* Willm Throkm9ton of Clowerwall in the County of Gloué knight and baronet of the one pte And Willm Tracy || This Indenture made the Thirtieth day of September in the yeares of the Raigne of our Sou%aigne Lord James by the grace of God of England Seotland ffrance and Ireland king defender of the ffayth & That is to say of England ffraunce and Irel"
,,,,,,,,high,,henrico and charles citty,Henrico and Charles Citty,Henrico and Charles Citty,4,3,2,pattern:4,citty,,,,,V02-P0390:2663,I found y°® Antient Plantatons of Henrico and Charles Citty wholly quitted and lefte to y° spoyle of the Indians who not onely burned the houses said to be || I Iames Carter M* of y® Trueloue doe affirme all the answers within written butt y* I haue not seen the Ordnance att Henrico and Charles Citty butt all the rest I have. || I Gregory Pearle hauinge been Maistersmate and lived in Virginia 16 monneths doe affirme all the answers win written save that I have not seen the Ordi- nance att Henrico and Charles Citty
,,,,,,,,high,,hogg island,Hogg Island,Hogg Island,4,4,"2,4",spacy_GPE+pattern:4,island,,,,,V02-P0596:95,"Hogg Island, I, 308. || [74] Warrasquoake plantacon Cont: downe wards from Hogg Island xiiij""* miles, by y* River Side in w*"" are these Pattent following Vizt: || Claim to Hogg Island, 482-483."
,,,,,,,,high,NW-004,james riuer,James Riuer,James Riuer,4,4,3,pattern:3|spacy_FAC+pattern:1,riuer,,,,,V03-P0477:1627,"[79] Item I doe couenant and promise with the first oppertunity of wynde and weather to sett sayle wt the first Shippe for the Porte of the Cowes neare the Ile of Wight and there to receaue and take into the said Shippe such Passeng™ and go || best skill and knowledge vnto the said Plantaéon in Virginia, und there to land and sett on shore all the said psons good€ and prouisions soe shipped and deliuer them at James [708] Cittie in James Riuer in the Kingedome of Virginia vnto th || and prouisions so shipped and to deliuer them in James Cittie in James Riuer in the Kingdome of Virginia accordinge to such direcéons as shalbe the said A."
,,,,,,,,high,NW-022,sherley hundred,Sherley hundred,Sherley hundred,4,4,"3,4",pattern:4,hundred,,,,,V03-P0253:378,"We yf he doe, yo"" may vpon mine affirmation boldly reply that Mt"" West is misinformed, and that y* lande I have made choyse of for yo"", lyes above that w°"" he had appointed for my lord, more toward@ West and Sherley hundred, and towardes Ch || your Comaundg, as farr as the necessetie of our pute affayrs will pmitt, But since our last by the George dated in Januarie 1621 k itt hath pleased God for ou’ manyfo[/d] sinns to laye a most lamentable Afflictione vppon this Plantacon, by  || The like (mutatis mutandis) was graunted to m’ Grivell Pooley for Moure- dieu Hundred, Chaplaines Choise, Jordans Jorney, and Sherley hundred, saue only it was not expressly limited to 1500 “ beeause he confidently affirmed it would come to"
,,,,,,,,high,,smithe hundred,Smithe Hundred,Smithe Hundred|Smithe hundred,4,2,1,pattern:4,hundred,,,,,V01-P0107:780,"Butt forasmuch as divers hundreds and pticularr PlantaGons are all- redie there settled and the Indians well acquainted w""” them, as namely, Smithe Hundred, Martine Hundred, Bartlett¢ Eiurediret & the like that therfore they receave and tak || [SO] Whervppon S' Thomas Roe promised that Bartley Hundred should take two or three for w™ theire well bringinge vpp hee and m’ Smith pmised to be respondents to the Company, and because every Hundred may the better consider hereof they wer || Smithe hundred content to giue 100"" to be dis- charged from y° charge of y* Infi- dles Children."
,,,,,,,,high,,suffer iland,Suffer Iland,Suffer Iland,4,4,2,pattern:4,iland,,,,,V02-P0182:1340,"After this m’ Wrote willed S* Edwin Sandys to keepe his owne lawes lw"" he had made|| and therevpon cited a lawe, where to avoide the drawinge the Companie into debt it is ordered that no perticuler man make or propound any newe Proiect of c || But before m’ ||Deputy|| begun the Lo: Cauendish tooke the Chaire and acquaintinge the Sufer Iland¢ Companie that he had purposely caused a Suffer Iland¢ Court to be this day warned to the intent that they might likewise vnderstand and cons || Wherevpon after mature deliberaZon and debate, it was at length put to the question, whither vpon the cominge home of any Tobacco from Virginia or the Suffer Iland¢, the Companie did not thinke it fitt, that after the Comittees haue conside"
,,,,,,,,high,,bermuda city,Bermuda City,Bermuda City,3,2,3,spacy_GPE+pattern:2|pattern:1,city,,,,,V03-P0091:1585,"Given at Bermuda City this 20! of ffebraury in the 15"" year of the Reign of Our Soveraigne Lord J&mes by the Grace of God King of England &e and of Seotland the 51 And in 11” Year of this plantation Afio Dini 1617 Extract & recordat per Jo. || Sithence in all places of Warrs and Garrison Towns it is most Expedient and necessary to have an honest and Carefull provost Marshall to whose charge and Safe Custody all Delinquents and prisoners of what Nature or Quallity soever their Off || Bermuda City, 93."
,,,,,,,,high,,county of buckingham esq,County of Buckingham Esq,County of Buckingham Esq,3,3,3,pattern:3,county,,,,,V03-P0204:1292,"And wheras also for the better orderinge and governement as well of eur our said people and men nowe ready to bee shipped and of those that shall hereafter bee sent in augmentaéon of their number, and fower others already there, as also of  || Covenants and agreements had and made by and betwene §* Wilf™ Throkm?ton of Clowerwall in the county of Gloué knight and baronet on the first pte, Richard Berk|le||ley of Stoke Gifford in the said County Esq, on the second pte, George Thorp || and John Smyth of Northnibly in the said county gent doe send greetinge Wheras we the said St Wiltm Throkm%ton Richard Berkeley George Thorpe and John Smyth by our tres of Comission vnder our seu%all hands and seales bearinge date the iiij "
,,,,,,,,high,NW-012,elizabeth cittie,Elizabeth Cittie,Elizabeth Cittie,3,3,1,pattern:3,cittie,,,,,V01-P0136:1272,"Wheras itt was agreed that two worthie and sufficient men should be sent as Deputies from the Compa: to take eare of 2 part€ of the pub- lique Land vizd of the Colledge and Companies for the first itt is allredy divulged, who is gone and of || called Elizabeth Cittie 400 Acres att Charles Cittie, 100: att Henrico, || 400 Tennte to the Companies Land to make them vp full five “hundred wherof 200: to be placed att Elizabeth Cittie with the Deputy 100 att Henrico 100: att Charles Cittie, and att Iames Cittie there are all redie 100:"
,,,,,,,,high,NW-021,flowerdieu hundred,Flowerdieu Hundred,Flowerdieu Hundred|Flowerdieu hundred,3,3,"3,4",pattern:3,hundred,,,,,V03-P0158:458,"For Flowerdieu hundred Ensigne Roffingham, || Flowerdieu Hundred. || Flowerdieu Hundred, 292, 400, 402, 462, 463, 515, 516."
,,,,,,,,high,NW-002,iames towne,Iames Towne,Iames Towne,3,3,"1,2",pattern:3,towne,,,,,V01-P0278:1730,"Captain Iohn Smith in his peti¢on sheweth that for somuch as he hath not onely adventured money for the good of the Plantaéon and twise built Iames Towne and fower other perticuler Plantaéons as he alledgeth but for that he discouered the C || And therefore it is verie strange to vs to see you so change and differ from yo’ selfe w™ by yo"" word¢ and deed¢ beinge the testimony of yo"" minde wee do sensibly see and feele, As in perticuler yo"" intimate first vnto vs that you hold yo""  || comendinge very much the healthines of Iames Towne, & that it was y° fittest and convenientest place for vnladinge, being in y° middest of y° PlantaGons, and there being a Bridge to Land good¢ at all tymes."
,,,,,,,,high,,martyns hundred,Martyns Hundred,Martyns Hundred,3,3,4,pattern:3,hundred,,,,,V04-P0058:1883,"a ai Martyns Hundred. || |double that mumber viz! one fo 8! Samuell Argall, one to Martyns Hundred, one to Capteyne Martyn and one to Capteyne Lawne whoe all proceeded effectually to plant the land graunted vnto them etfeetunts: seeordinge to the purpose of theire  || alleadging the consent of Southampton & Martyns Hundred@ and other Aduenturers at home present at the Court not knowing that Martyns Hundred and Wariscoyacque are inforeed (w'hout itt) to draw in old Planters, or els were in no sort to mayn"
,,,,,,,,high,,mulberry island,Mulberry Island,Mulberry Island,3,3,"3,4",spacy_GPE+pattern:3,island,,,,,V03-P0265:165,"Copy of a Letter from Mulberry Island, Virginia. || Mulberry Island, 570. || Mulberry Island, 546."
,,,,,,,,high,NW-009,point comforte,Point Comforte,Point Comforte,3,3,"3,4",pattern:2|spacy_FAC+pattern:1,point,,,,,V03-P0259:1590,"or that shalbe sent over for a farther addition, but apply it wholly to y® buildinge and mayntaininge a fort at Point Comforte: and lastly that he tooke that petty rente of Martins Hundred people, to make them acknowledge by y® same act of  || , by his aforesaid letters patent bearing date at Westminster on the aforesaid twenty-third day of May in the aforesaid seventh vear of his reign, of his special grace, certain knowledge and mere motion, gave, granted, and confirmed to the  || , reciting that when, at the humble petition of divers of his several beloved subjects, both adventurers anc planters of the first colony in Virginia, both for the propagation of the Christian religion and for leading a rude people fo civil"
,,,,,,,,high,,queens creek,Queens Creek,Queens Creek,3,1,3,pattern:3,creek,,,,,V03-P0107:451,ginia and in reward thereof as also in regard of two single shares in money paid into our treasury granted unto you the said Captain Yeardley all that parcel of Marsh ground called Weynock and also one other peice and parcel of Land adjoini || ginia and in reward thereof as also in regard of two single shares in money paid into our treasury granted unto you the said Captain Yeardley all that parcel of Marsh ground called Weynock and also one other peice and parcel of Land adjoini || ginia and in reward thereof as also in regard of two single shares in money paid into our treasury granted unto you the said Captain Yeardley all that parcel of Marsh ground called Weynock and also one other peice and parcel of Land adjoini
,,,,,,,,high,,blunts point,Blunts Point,Blunts Point|Blunt's Point,2,2,"2,3",pattern:2,point,,,,,V02-P0574:896,"CoMMITTEES: Blunts Point, IT, 10, 381. || Blunt's Point, 647, 685."
,,,,,,,,high,,bowiers bay,Bowiers Bay,Bowiers Bay|Bowiers bay,2,1,4,spacy_LOC+pattern:1|pattern:1,bay,,,,,V04-P0524:1223,"the said Shipp being extresin leaky by reason of the great hurt shee tooke in roninge one ground at Bowiers Bay and he the said Stainge tooke all the rest of dhe Marin® and Company te row him and some others yp the river where in his way pu || but saith that at his avivall to be Governo’ of Virginia he found ridinge at Anchot in this River A shipp weh the said Defendt was given to vnderstand belonged to 8"" Ferdinando Gorge night the said stallinge being Capt thereof wih said Ship"
,,,,,,,,high,,cape of california,Cape of California,Cape of California,2,2,3,pattern:2,cape,,,,,V03-P0585:2524,"Leagues in the same Sea, doth extend it selfe very neere as farre towards the west as the Cape of California, || One demonstration of the crafty falshood of these vsuall Maps is this, that Cape Mendocino is set in them West Northwest, distant from the South Cape of California, about seuenteene hundred Leagues, whereas Francis Gaule that was imployed i"
,,,,,,,,high,,choapooks creek,Choapooks Creek,Choapooks Creek,2,2,"1,2",pattern:2,creek,,,,,V01-P0104:1527,"The Peticon of Cap! Powell and m‘ Iohn Smith beinge presented by their brother Prouest Marshall of Middlesex to have graunt of the Company 400 Acres of Land for fiftie pounds Adventure betwixt them vizd, One hundreth lyinge in one peell bet || Choapooks Creek, I, 308."
,,,,,,,,high,,christian plantation,Christian Plantation,Christian Plantation,2,2,3,pattern:2,plantation,,,,,V03-P0068:1056,"And that there wants nothing for the setling of that Christian Plantation, but more hands to gather and returne those commodities which may bring profit to the Adventurers, and encouragement to others: And whereas thereupon the Company hath || Were you not one of them knowen wise, and best affected in the Action, I wold not discover vnto you the danger wee are in, for I will allwayes doe what I may to hide our deffects and encourage any to the furtherance of this Christian Planta"
,,,,,,,,high,,city of bristoll,City of Bristoll,City of Bristoll,2,2,3,pattern:2,city,,,,,V03-P0197:499,"and of Scotland the luj'* Betwene Edward Williams of the City of Bristoll marchant owner of the good ship called the Margaret of Bristoll of the burthen of . || Itm wheras—xxxiij' by the month is agreed to bee payd to Edward Williams of the City of Bristoll marchant for hire of the said ship, And—"
,,,,,,,,high,,dauncing point,Dauncing Point,Dauncing Point,2,2,3,pattern:2,point,,,,,V03-P0250:2136,"Smythes Hundred people are seated [are seated] at Dauncing Point, the most convenyent place wthin their lymitt€. || Dauncing Point, 246, Daunt, Thomas."
,,,,,,,,high,,delaware river,Delaware River,Delaware River,2,2,"2,3",spacy_LOC+pattern:2,river,,,,,V02-P0586:1545,"Delaware River, I, 509. || Delaware River."
,,,,,,,,high,,falling creeke,Falling Creeke,Falling Creeke,2,1,3,pattern:2,creeke,,,,,V03-P0577:274,"At Captaine Berckleys Plantation seated at the Falling Creeke, some 66. || [36] At Master Thomas Sheffeilds Plantation, some three miles from the Falling Creeke."
,,,,,,,,high,,henrico charles citty,Henrico & Charles Citty,Henrico & Charles Citty,2,2,2,pattern:2,citty,,,,,V02-P0401:1163,sene the Ordinance att Henrico & Charles Citty nor haue been in Henrico. || of Devastaton of Two Plantacons called Henrico & Charles Citty by the late
,,,,,,,,high,,hudsons bay,Hudsons Bay,Hudsons Bay|Hudsons bay,2,2,"3,4",spacy_FAC+pattern:1|pattern:1,bay,,,,,V03-P0586:2021,"degrees, they were crossed by a strong Currant running sometimes Eastward, sometimes Westward: So that if wee finde either Hudsons Bay, or any Sea more neere vnto the West, wee may assure our selues that from thence wee may with great ease  || about M' Barbors ship gooing to Hudsons bay w‘t Comission to take the Hollanders"
,,,,,,,,high,NW-003,iames cittie,Iames Cittie,Iames Cittie,2,2,1,pattern:2,cittie,,,,,V01-P0149:1052,"att 100: att Iames Cittie, And for the menaginge of this Land, have || 400 Tennte to the Companies Land to make them vp full five “hundred wherof 200: to be placed att Elizabeth Cittie with the Deputy 100 att Henrico 100: att Charles Cittie, and att Iames Cittie there are all redie 100:"
,,,,,,,,high,,isle of ely,Isle of Ely,Isle of Ely,2,2,4,pattern:2,isle,,,,,V04-P0070:1911,"|Addressed:] To the right worl my especiall good Brother s* Myles Sandys Knt and Baronet at Wiberton in the Isle of Ely. || Wibertou, Isle of Ely, 70-72."
,,,,,,,,high,,kings river,Kings river,Kings river|Kings River,2,2,3,pattern:2,river,,,,,V03-P0016:1644,"Kings river || Kings River, 13, 16, 204, 208."
,,,,,,,,high,NW-022,lawnes hundred,Lawnes’ hundred,Lawnes’ hundred|Lawnes Hundred,2,2,3,pattern:2,hundred,,,,,V03-P0172:156,"And for incouragement of particular hundreds, as Smythe’s hundred, Martin’s hundred, Lawnes’ hundred, and the like, it is agreed that what comodoties are reaped upon anie of these General Colonies, it shalbe lawefull for them to returne the || Lawnes Hundred, 168."
,,,,,,,,high,,northern plantation,Northern Plantation,Northern Plantation,2,2,"1,4",pattern:2,plantation,,,,,V01-P0319:1981,"1The settlement in the Northern Plantation was at Plymouth. || Northern Plantation, 410."
,,,,,,,,high,,pamunkey river,Pamunkey River,Pamunkey River,2,2,"3,4",spacy_LOC+pattern:2,river,,,,,V03-P0762:2267,"Pamunkey River, 16, 228, 244, 554, 678, 679, 708, 710. || To Captain William Tucker for voyage up Pamunkey River, 190."
,,,,,,,,high,,patomack riuer,Patomack Riuer,Patomack Riuer,2,1,3,spacy_LOC+pattern:2,riuer,,,,,V03-P0713:360,"And I do further authorise the said Cptaine Raph Hamor w*"" the first oportunitie of wind and weather to sett Saile w"" the said Shipp and Comp® into Patomack Riuer there to procure Corne, or any other Comodities either by trade, or by force  || And also if there shall not be sufficient Corne to be procured in Patomack Riuer, tho the full lading of the Shipp, then it shall and may be lawfull for the said Capt Raph Hamor, to saile into any other Riuer or riu™, or to the Eastern Shor"
,,,,,,,,high,NW-003,tames citty,Tames Citty,Tames Citty,2,2,"1,2",pattern:2,citty,,,,,V01-P0353:944,"and that the number of 12 Tenant€ be placed therevpon for the cultiuatinge thereof and did also thinke fitt that this land should be laid out neare Tames Citty as fittest for the Vice admirall€ residence in reguard of the first arriuall of  || M’ Peirs the Capemarchant takinge notice of Captaine Martins Deniall of protectinge any within his Territories from arest for debt affirmed that havinge deliuered divers Warrant€ to the Prouost Marshall of Tames Citty in Virginia, to be ser"
,,,,,,,,high,,alias martins hundred,Alias Martin’s Hundred,Alias Martin’s Hundred,1,1,3,pattern:1,hundred,,,,,V03-P0763:122,"Alias Martin’s Hundred people, 175."
,,,,,,,,high,NW-019,apomattucke river,Apomattucke River,Apomattucke River,1,1,3,pattern:1,river,,,,,V03-P0728:1931,"Apomattucke River, 566."
,,,,,,,,high,,argall town,Argall Town,Argall Town,1,1,3,pattern:1,town,,,,,V03-P0729:207,"Argall Town, 247."
,,,,,,,,high,,argall towne,Argall Towne,Argall Towne,1,1,3,pattern:1,towne,,,,,V03-P0251:53,Martynes Hundred men seated at Argall Towne wth good & convenyent + houses haue done best of all New-Comers.
,,,,,,,,high,,argalls towne,Argall’s towne,Argall’s towne,1,1,3,pattern:1,towne,,,,,V03-P0179:1623,"This day also did the Inhabitants of Paspaheigh, alias Argall’s towne, present a petition to the general assembly to give them an absolute dis- charge from certain bondes wherein they stand bound to Captain Samuell Argall for the payment of"
,,,,,,,,high,,argals towne,Argal’s towne,Argal’s towne,1,1,3,pattern:1,towne,,,,,V03-P0179:1987,"To Captaine Argall for 15 skore acres of wooddy ground, called by the name of Argal’s towne or Paspaheigh;"
,,,,,,,,high,,as martins hundred,As Martins hundred,As Martins hundred,1,1,1,pattern:1,hundred,,,,,V01-P0042:1978,"As Martins hundred hath beene at great charges, so Shaue§ divers other hundreds, so haue also beene many perticuler persons, Captaine Bargraue alone hath bought and sett out diuers shipps;"
,,,,,,,,high,,bartlett hundred,Bartlett Hundred,Bartlett Hundred,1,1,2,pattern:1,hundred,,,,,V02-P0572:267,"Bartlett Hundred, I, 311, 318, 535."
,,,,,,,,high,,bartley hundred,Bartley Hundred,Bartley Hundred,1,1,1,pattern:1,hundred,,,,,V01-P0107:1744,"[SO] Whervppon S' Thomas Roe promised that Bartley Hundred should take two or three for w™ theire well bringinge vpp hee and m’ Smith pmised to be respondents to the Company, and because every Hundred may the better consider hereof they wer"
,,,,,,,,high,NW-005,bay of chesapeack,Bay of Chesapeack,Bay of Chesapeack,1,1,4,pattern:1,bay,,,,,V04-P0284:349,"inconveniences, incident to such private trade, hath ordered and decreed and by these plsent@ doth straightly charge and Comand, that no pson or psons vin this Colony) of what condi@on or qualitie soever, shall dare to go to trade or truck "
,,,,,,,,high,,bay of chesepiock,Bay of Chesepiock,Bay of Chesepiock,1,1,3,pattern:1,bay,,,,,V03-P0585:1220,"For the Sea wherein Master Hudson did winter, which was first discouered by him, and is therefore now called Mretum Hudson, doth stretch so farre towards the west, that it lieth as farre westward as the Cape of Florida: So that from the Fal"
,,,,,,,,high,,bay of chesipiack,Bay of Chesipiack,Bay of Chesipiack,1,1,3,pattern:1,bay,,,,,V03-P0694:2154,"to go for the Riuer of Pamunke, and any other Ruier w'tin the Bay of Chesipiack, and elsewhere, as he shall thinke fitt, wtin any part of the limite graunted by his Ma? to the Company of Virginia, to make warr, kill, spoile, and take by for"
,,,,,,,,high,,beinge the sumer iland,BEINGE THE SuMER ILAND,BEINGE THE SuMER ILAND,1,1,2,pattern:1,iland,,,,,V02-P0157:410,AN EXTRAORDINARY COURT HELD FOR VIRGINIA ON WEDENSDAY IN THE AFTERNOONE THE 27™ or NOUEMBER i622 BEINGE THE SuMER ILAND€ QUARTER CouURT
,,,,,,,,high,,berkleys hundred,Berkleys Hundred,Berkleys Hundred,1,1,1,pattern:1,hundred,,,,,V01-P0339:872,"ton Hundred, Martins Hundred Berkleys Hundred, and all other"
,,,,,,,,high,,berkleys plantation,Berkley’s Plantation,Berkley’s Plantation,1,1,3,pattern:1,plantation,,,,,V03-P0731:1788,"Officers, 209-210, Berkley’s Plantation."
,,,,,,,,high,NW-023,bermuda hund,Bermuda hund,Bermuda hund,1,1,3,pattern:1,hund,,,,,V03-P0092:364,(50] 10 Mat 1617 The Gov’ tells ye Comp* in what a ruinous condiéon he found y® Colony by y* carelessness of y® people & lawless living and how he has improued almost euery thing That the Citizens of Bermuda hund? claims y* privileges grant
,,,,,,,,high,,bewne city,Bewne City,Bewne City,1,1,3,spacy_GPE+pattern:1,city,,,,,V03-P0234:542,"arryved in this port of Iames Bewne City for plantaton here in Virginia at the charges of 8* Willm Throkm9ton knight and Baronet Richard Berkley George Thorpe and Iohn Smyth Esquiers vnder the conduct of Iohn Woodleefe Esq, theis thirty and"
,,,,,,,,high,,bolus river,Bolus River,Bolus River,1,1,3,spacy_LOC+pattern:1,river,,,,,V03-P0732:2157,"Bolus River, 20."
,,,,,,,,high,,but martins hundred,But Martins Hundred,But Martins Hundred,1,1,1,pattern:1,hundred,,,,,V01-P0391:1100,But Martins Hundred desired to be excused by reason their PlantaGon was sorely weakened and as then in much confusion: Whereypon it being pressed that Southampton Hundred should vndertake the whole they also consideringe together with the w
,,,,,,,,high,,called hoge island,Called Hoge Island,Called Hoge Island,1,1,4,pattern:1,island,,,,,V04-P0494:890,"(80) Wheras yo"" petioner as well for monies aduentured in y* generall stocke of v"" comp"", as for transporting diuers seruant of bis owne Charge, is to take vp a great quantity of land in Virginia, as also had a pticular patent fro’ y* Comp*"
,,,,,,,,high,,cape florida,Cape Florida,Cape Florida,1,1,3,spacy_LOC+pattern:1,cape,,,,,V03-P0555:1759,"The Patent whereof still extant to be seene, was granted to John Cabot and diuers other of his subiects, who went thither with sixe Saile of Ships, and discouered as farre as from Cape Florida to New-found-land, all along the Coast, and too"
,,,,,,,,high,,cape mar,Cape Mar,Cape Mar,1,1,3,pattern:1,cape,,,,,V03-P0172:1138,"Provided first, that the Cape Mar- chant do aceepte of the Tobacco of all and everie the Planters here in Virginia, either for Goods or upon billes of Exchange at three shillings the pounde the beste, and 18d the second sorte."
,,,,,,,,high,,cape mendocino,Cape Mendocino,Cape Mendocino,1,1,3,pattern:1,cape,,,,,V03-P0586:1142,"One demonstration of the crafty falshood of these vsuall Maps is this, that Cape Mendocino is set in them West Northwest, distant from the South Cape of California, about seuenteene hundred Leagues, whereas Francis Gaule that was imployed i"
,,,,,,,,high,,cape mercht,Cape Mercht,Cape Mercht,1,1,3,spacy_LOC+pattern:1,cape,,,,,V03-P0079:317,"56 Gov""? Ler to the Council for virg* without date Earnestly desires to give up his place He is glad he is freed from y® Magazine business Lets em know they have affronted him by joining y° Cape Mercht with him in equal trust No such thing "
,,,,,,,,high,,cape of bona speranza,Cape of Bona Speranza,Cape of Bona Speranza,1,1,3,pattern:1,cape,,,,,V03-P0589:138,"The Gentlemen and Mariners that came lately home from the Hust Indies, in the two Ships called the Hart and Roe-Bueke, being at the Cape of Bona Speranza, homeward bound, gaue towards tho building of the aforesaid Free-Schoole in VIRGINIA t"
,,,,,,,,high,,cape of florida,Cape of Florida,Cape of Florida,1,1,3,pattern:1,cape,,,,,V03-P0585:973,"For the Sea wherein Master Hudson did winter, which was first discouered by him, and is therefore now called Mretum Hudson, doth stretch so farre towards the west, that it lieth as farre westward as the Cape of Florida: So that from the Fal"
,,,,,,,,high,,cape of good hope,Cape of Good Hope,Cape of Good Hope,1,1,3,pattern:1,cape,,,,,V03-P0734:2223,"Witness, 226, Cape of Good Hope."
,,,,,,,,high,,capt saunds plantaéon,Capt Saund’s Plantaéon,Capt Saund’s Plantaéon,1,1,4,pattern:1,plantaéon,,,,,V04-P0528:1100,"he also saith that he doth nott know of any thinge that brought thene’ sauce some poulterie from the roust at one Taylo's howse a dweller there, together wth a Sow wh he the said Defend! enue vito the MP? of his said Shipp vppon his request"
,,,,,,,,high,,captain john martins plantation,Captain John Martin’s plantation,Captain John Martin’s plantation,1,1,3,pattern:1,plantation,,,,,V03-P0758:1946,"Captain John Martin’s plantation, 154, 444."
,,,,,,,,high,,captain lawnes plantation,Captain Lawne’s plantation,Captain Lawne’s plantation,1,1,3,pattern:1,plantation,,,,,V03-P0158:518,"For Captain Lawne’s plantation Captain Christopher Lawne, Ensigne Washer."
,,,,,,,,high,,captaine berckleys plantation,Captaine Berckleys Plantation,Captaine Berckleys Plantation,1,1,3,pattern:1,plantation,,,,,V03-P0577:230,"At Captaine Berckleys Plantation seated at the Falling Creeke, some 66."
,,,,,,,,high,,captaine martins plantation,Captaine Martins Plantation,Captaine Martins Plantation,1,1,2,pattern:1,plantation,,,,,V02-P0035:313,"M’ Peirs the Capemarchant takinge notice of Captaine Martins Deniall of protectinge any within his Territories from arest for debt affirmed that havinge deliuered divers Warrant€ to the Prouost Marshall of Tames Citty in Virginia, to be ser"
,,,,,,,,high,,captaine wardes plantation,Captaine Warde’s plantation,Captaine Warde’s plantation,1,1,3,pattern:1,plantation,,,,,V03-P0158:593,"For Captaine Warde’s plantation Captaine Warde, Lieutenant Gibbes."
,,,,,,,,high,,cerning the plantation,CERNING THE PLANTATION,CERNING THE PLANTATION,1,1,3,pattern:1,plantation,,,,,V03-P0142:234,"A Lerrer to Joun SMYTH, CoN- CERNING THE PLANTATION IN VIRGINIA"
,,,,,,,,high,,chapoks creek,Chapoks Creek,Chapoks Creek,1,1,4,pattern:1,creek,,,,,V04-P0604:2839,"Chapoks Creek, 535."
,,,,,,,,high,,chapoks creeke,Chapoks creeke,Chapoks creeke,1,1,4,pattern:1,creeke,,,,,V04-P0567:40,"Vppon y° East®ly Side of Chapoks creeke is appointed 500 Acres, belonging to y® place of Treasure."
,,,,,,,,high,,chesepiacke bay,Chesepiacke Bay,Chesepiacke Bay,1,1,3,spacy_FAC+pattern:1,bay,,,,,V03-P0638:1038,"Whereas the present necessitie of this Colony requireth help and relief by way of trade for Corn into the River that fall into Chesepiacke Bay, Know yee that I do by these plsent@ authorise Captaine Raph Hamor to go Capt of the good Shipp c"
,,,,,,,,high,,chicahominy river,Chicahominy River,Chicahominy River,1,1,4,pattern:1,river,,,,,V04-P0567:349,"On y® Northerly Side is y® land belonging to Southampton Hundred, contayning 100,000: Aercs, extending from Tanke Weyonoke downe to y° mouth of Chicahominy River"
,,,,,,,,high,,chickahomini river,Chickahomini River,Chickahomini River,1,1,3,spacy_LOC+pattern:1,river,,,,,V03-P0736:740,"Chickahomini River, 16, 227, 589."
,,,,,,,,high,,chickahominie river,Chickahominie river,Chickahominie river,1,1,3,pattern:1,river,,,,,V03-P0231:1698,Lieftenant whitakers Nouember 16 went wt his remainder to seat himselfe vpon the Companies land some fower milles from James Citty westward toward¢ the mouthe of the Chickahominie river:
,,,,,,,,high,,chieahomini river,Chieahomini River,Chieahomini River,1,1,4,pattern:1,river,,,,,V04-P0605:908,"Chieahomini River, 250, 555, Chichester, 251."
,,,,,,,,high,,choanocki river,Choanocki River,Choanocki River,1,1,3,pattern:1,river,,,,,V03-P0736:894,"Choanocki River, 17."
,,,,,,,,high,,christian plantacon,Christian Plantacon,Christian Plantacon,1,1,2,pattern:1,plantacon,,,,,V02-P0549:1185,It pleased God to affect the myndes of many worthily disposed Noblemen and Gentlemen and others to vnderstand itt a matter of great Religion and honour to endeavour the propa- gatinge of Christianytie amongst those Barbarous People and gain
,,,,,,,,high,,christian plantaéon,Christian Plantaéon,Christian Plantaéon,1,1,3,pattern:1,plantaéon,,,,,V03-P0252:117,"may be desyrous to vnderstand or weh may further yo” for the advauncem' of this Christian Plantaéon I take my leave, and will ever rest At yo® service and commaund in all faithfull dutyes Jo: Rotr."
,,,,,,,,high,,cittie of bristoll,Cittie of Bristoll,Cittie of Bristoll,1,1,4,pattern:1,cittie,,,,,V04-P0513:1613,the one consisting of divers knight@ gentlemen Marechanté€ and others of our Cittie of Lendon called the first Colonie And the other of sundry knight¢ gentlemen and others of the Cittie of Bristoll and Exeter the towne
,,,,,,,,high,,cittie of lendon,Cittie of Lendon,Cittie of Lendon,1,1,4,pattern:1,cittie,,,,,V04-P0513:1511,the one consisting of divers knight@ gentlemen Marechanté€ and others of our Cittie of Lendon called the first Colonie And the other of sundry knight¢ gentlemen and others of the Cittie of Bristoll and Exeter the towne
,,,,,,,,high,,cittie of lon,Cittie of Lon,Cittie of Lon,1,1,2,pattern:1,cittie,,,,,V02-P0441:747,The Treasuror and Company of Adventurers and Planters of y* Cittie of Lon- don for the first Colony in Virginia To all to whome these plsent¢ shall com greetinge: Wheras Iohn fferrar of London Marchant late Deputy of the said Company hath b
,,,,,,,,high,,cittie of london mercer,Cittie of London Mercer,Cittie of London Mercer,1,1,3,pattern:1,cittie,,,,,V03-P0050:1260,"And therevpon amongst other psons of good sort ranke and degree weh were accordinglie appointed Receyvo™ of the said Lottrye monye, and vnto whome such Lottrie bookes as aforesaid for the purpose aforesaid were deliu?ed William Leveson of t"
,,,,,,,,high,,cittie of loudon,Cittie of Loudon,Cittie of Loudon,1,1,3,pattern:1,cittie,,,,,V03-P0511:1899,panie of Aduenturo™ and Planters of the Cittie of Loudon for the first
,,,,,,,,high,,citty of god,Citty of God,Citty of God,1,1,1,pattern:1,citty,,,,,V01-P0221:991,"After the Act@ of the former Courte were read a straunger stept in A Mapp presented presentinge a Mapp of S' Walter Rawlighes conteyninge a Descrip- ~ -- | awe — éon of Guiana, and w"" the same fower great books as the guifte of — one vnto t"
,,,,,,,,high,,citty of london marchant,Citty of London Marchant,Citty of London Marchant,1,1,3,pattern:1,citty,,,,,V03-P0294:736,"Inprimis that in the yeere & monethes libellat and before John ffarrer of the Citty of London Marchant was and at this prsent is deputy of the company of the adventurers and planters of the Citty of London for the first Colony in Virginia, "
,,,,,,,,high,,city of chichester,City of Chichester,City of Chichester,1,1,3,pattern:1,city,,,,,V03-P0329:205,"City of Chichester______--__- Robert Chamberlaine, Esquire."
,,,,,,,,high,,city of god,City of God,City of God,1,1,2,pattern:1,city,,,,,V02-P0616:2187,"Augustine, City of God, I, 421."
,,,,,,,,high,OW-001,city of londou,City of Londou,City of Londou,1,1,4,pattern:1,city,,,,,V04-P0383:2760,", reciting that when, at the humble petition of divers of his several beloved subjects, both adventurers anc planters of the first colony in Virginia, both for the propagation of the Christian religion and for leading a rude people fo civil"
,,,,,,,,high,OW-001,city of loudon,City of Loudon,City of Loudon,1,1,4,pattern:1,city,,,,,V04-P0375:676,"], for the time aforesaid specified in the information aforesaid, were and are and elaim to bea body ineorporated by the name of the Treasurer and Conipany of Adventurers and Planters of the aforesaid City of Loudon for the First Colony in "
,,,,,,,,high,,city of salisbury,City of Salisbury,City of Salisbury,1,1,3,pattern:1,city,,,,,V03-P0067:678,"We by virtue of said grant do earnestly pray and desire you M* Mayor, Mr Recorder, and the Aldermen of the City your brethren to be assistants to our deputies Gabriel Barber and Lott Peere being also members of our Company, to whom, for the"
,,,,,,,,high,,citye towne,Citye Towne,Citye Towne,1,1,4,pattern:1,towne,,,,,V04-P0025:1501,Ffor Incouragem* of these Mehante: they may haue §sole$ power ef Sto licence the§ retaylime$ers§ Sof§ this Comoditye: td the better anid there- fore to agree in euery Citye Towne and pish wh shalbe thought fitt Sto sell Tobaeeo§$ wth a cerf
,,,,,,,,high,,committee for smythes hundred,COMMITTEE For SmyTHES HUNDRED,COMMITTEE For SmyTHES HUNDRED,1,1,3,pattern:1,hundred,,,,,V03-P0098:104,MEETING OF A COMMITTEE For SmyTHES HUNDRED
,,,,,,,,high,,countie of kent,Countie of Kent,Countie of Kent,1,1,2,pattern:1,countie,,,,,V02-P0512:1081,And S* Edwin Sandys of Norbourne in the Countie of Kent knight on the other part.
,,,,,,,,high,,countie of midde,Countie of Midde,Countie of Midde,1,1,3,pattern:1,countie,,,,,V03-P0691:507,"That your petiéoner was at the last Sessions of Gaole deliuery holden for the Cittie of London and Countie of Midde, Indicted and Convicted for stealinge of a horse: But because it appeared doubtfull vpon the Evidence, whether the horse was"
,,,,,,,,high,,countie of middlesex,Countie of Middlesex,Countie of Middlesex,1,1,2,pattern:1,countie,,,,,V02-P0009:1101,"ffrauncis Carter passeth ouer one share of land vnto ||m'‘|| Thomas Addison of Lincolnes Inn in the Countie of Middlesex, esquire beinge parcell of the later forty shares assigned vnto him by the right Hono” the Lady Lawarr."
,,,,,,,,high,,countie of middlesex esquire,Countie of Middlesex Esquire,Countie of Middlesex Esquire,1,1,2,pattern:1,countie,,,,,V02-P0017:1255,ffrauncis Carter passed ouer one share of land vnto m’ Tho: Addison of Lincolnes Inn in the Countie of Middlesex Esquire beinge parcell of the later 40 shares assigned vnto him by the right Hono” the Lady Lawarr.
,,,,,,,,high,,countie of norfolke,Countie of Norfolke,Countie of Norfolke,1,1,1,pattern:1,countie,,,,,V01-P0325:599,ered in the Countie of Norfolke towards y® buildinge [261] of a Col-
,,,,,,,,high,,countie of southton,Countie of Southton,Countie of Southton,1,1,3,pattern:1,countie,,,,,V03-P0645:803,"in Virginin w'"" the advise and consent of the Counsell for the same on the one pte and S* Bowyer Worsly of Ashey *in the Countie of Southton on the other parte Wittnesseth that whereas the said S' Bowyer Worsly and sundrie his Assocint@ hau"
,,,,,,,,high,,countie of suffolke,Countie of Suffolke,Countie of Suffolke,1,1,1,pattern:1,countie,,,,,V01-P0434:1615,"With like approbaéon Abrose Wood of Tattingstone in the Countie of Suffolke gentleman by his Assignement vnder his hand and Seale bearinge date the 31 daye of Ianuary last past, passed ouer two shares of land in Virginia vnto Nathaniell Eth"
,,,,,,,,high,,county of anglesy,County of Anglesy,County of Anglesy,1,1,1,pattern:1,county,,,,,V01-P0236:2102,"y* Comp: the County of Anglesy, desired to be a member of this Company, for w having payde in his 25"": praide he might haue his bills of Adven- ture vnder the Companies Seale w™ the Court ordered should be granted vnto him."
,,,,,,,,high,,county of anglice,County of Anglice,County of Anglice,1,1,1,pattern:1,county,,,,,V01-P0402:549,"A request was also made that whereas 8S"" Richard Bulkly late of Bewmarris in the County of Anglice deceased paid to the right Hono"" Ea: of Southampton in Ianuary last i620, the Sume of 25"" for his Aduenture towarde the Plantaéon in Virginia"
,,,,,,,,high,,county of breck,County of Breck,County of Breck,1,1,1,pattern:1,county,,,,,V01-P0428:1311,"Edmund Brudenell of Stoakemandauill in y® County of Breck: esquire by his Assignem' vnder his hand and Seale bearinge Date the 28"" day of Aprill in the 12"" yeare of the Kings Raigne of England C' passed ouer to ffrauncis Brudenell his sonn "
,,,,,,,,high,,county of buck,County of Buck,County of Buck,1,1,3,pattern:1,county,,,,,V03-P0421:690,And of like part poréon and quantity of all the pfitt gayne and benifit thereof or that shall any way arise come or growe in vppon or out of the sayd p'misses to all or any of the sayd pties their executors administrato™ and assignes And wh
,,,,,,,,high,,county of bucke,County of Bucke,County of Bucke,1,1,1,pattern:1,county,,,,,V01-P0408:1295,ffrauncis Carter passed ouer two shares of land in Virginia vnto 8° ffrauncis Goodwin of Oburne in the County of Bucke knight peell of the 40 shares assigned vnto him by the right Hono’” the Lady Lawarr.
,,,,,,,,high,,county of devon,County of Devon,County of Devon,1,1,1,pattern:1,county,,,,,V01-P0377:1683,Also one Share of land more vnto m’ Rich: Delbridge of Barnstable in the County of Devon marchant.
,,,,,,,,high,,county of dorsett,County of Dorsett,County of Dorsett,1,1,2,pattern:1,county,,,,,V02-P0133:434,A Patent to Christo: Leuett of Sherburne in the County of Dorsett gent.
,,,,,,,,high,,county of glocester,County of Glocester,County of Glocester,1,1,3,pattern:1,county,,,,,V03-P0560:893,"John Berkley, sometimes of Beuerstone Castle in the County of Glocester, (a Gentleman of an honorable Familie) likewise certifie, that a more fit place for Iron-workes (whereof he was made Master & ouer-seer) then in VIRGINIA, both for wood"
,,,,,,,,high,,county of kent,County of Kent,County of Kent,1,1,1,pattern:1,county,,,,,V01-P0429:554,1 To Rich: Markham of ‘in y® County of Kent esqr.
,,,,,,,,high,,county of midd,County of Midd,County of Midd,1,1,2,pattern:1,county,,,,,V02-P0133:534,A Patent to W™ Dilke of Clemente Inn in the County of Midd gent.
,,,,,,,,high,,county of middlesex,County of Middlesex,County of Middlesex,1,1,4,pattern:1,county,,,,,V04-P0097:704,"Moste humblie sheweth that whereas Mathew Brocbanke of Wapping in12 y° County of Middlesex, whoe Dyed at sca Coming ou? into this Cuntry, & made M' William Douglas M* of y° Magaret & John his ou9seer, the said Mathew Brockbanck bringing ou?"
,,,,,,,,high,,county of norff,County of Norff,County of Norff,1,1,1,pattern:1,county,,,,,V01-P0382:1272,M’ Wrote signified that he was to make a request vnto the said Aduen- turers of Martins Hundred in the behalfe of a frend of his a gentle- man of good worth and Sufficiency namely m’ George Mordan of North walsam in the County of Norff esqr
,,,,,,,,high,,county of nottingham,County of Nottingham,County of Nottingham,1,1,1,pattern:1,county,,,,,V01-P0366:534,To S* Charles North of Wakringham in the County of Nottingham for 100:
,,,,,,,,high,,county of suff,County of Suff,County of Suff,1,1,1,pattern:1,county,,,,,V01-P0408:1465,Also one share of land in Virginia vnto m'’ Oliuer Morden of in the County of Suff gent.
,,,,,,,,high,,county of sussex,County of Sussex,County of Sussex,1,1,1,pattern:1,county,,,,,V01-P0302:146,"County of Sussex gent is the next heir vnto Cap' Thomas Woode deceased (beinge his onely brother) w* Thomas Wood adventured the some of 50"" towards the PlantaGéon in Virginia Ann°: 1609 as by his bills of Adventure may appeare;"
,,,,,,,,high,,county of washford,County of Washford,County of Washford,1,1,1,pattern:1,county,,,,,V01-P0366:68,To Iohn Crowe of Newton in the County of Washford in Ireland esquire an Aduenturer who vndertak¢ to transport 100 psons.
,,,,,,,,high,,dancinge point,Dancinge Point,Dancinge Point,1,1,4,pattern:1,point,,,,,V04-P0524:1394,the said Shipp being extresin leaky by reason of the great hurt shee tooke in roninge one ground at Bowiers Bay and he the said Stainge tooke all the rest of dhe Marin® and Company te row him and some others yp the river where in his way pu
,,,,,,,,high,,daneing point,Daneing Point,Daneing Point,1,1,4,pattern:1,point,,,,,V04-P0616:1490,"Daneing Point, 512."
,,,,,,,,high,,day fort,Day fort,Day fort,1,1,3,pattern:1,fort,,,,,V03-P0279:484,"I trust y*"" have taken order wt M* Barbor, to be here by this Day fort- night at farthest: that so all o"" Accounts may be made clere & perfect."
,,,,,,,,high,,de la ware river,De La Ware River,De La Ware River,1,1,3,pattern:1,river,,,,,V03-P0500:2110,"The hopes youe haue putt the Company in of a trade of ffurrs to be had in Hudsdons and De La Ware River, haue made many private Adventurers of great worth and well affected to the Plantation, to sett out a Shipp to that pticuler end, to w* "
,,,,,,,,high,,delawarr riuer,Delawarr Riuer,Delawarr Riuer,1,1,1,pattern:1,riuer,,,,,V01-P0308:1392,"A Second by Ensigne Sauadge in the great Bay wherin is a relaéon of a great Trade of Furrs by Frenchmen: A Third m’ Dirmers Discou- eries from Cape Charles to Cape Codd vp Delawarr Riuer, and Hud- sons Riuer beinge butt 20: or 30 Leagues fr"
,,,,,,,,high,,diggs hundred,Diggs Hundred,Diggs Hundred,1,1,2,pattern:1,hundred,,,,,V02-P0086:1389,Also 100 acres lyinge in Diggs Hundred w™ Shee passed ouer to Sam: Iordan was confirmed.
,,,,,,,,high,,dyers towne,Dyers Towne,Dyers Towne,1,1,3,pattern:1,towne,,,,,V03-P0330:1369,fS)UaL {Econ sey: cial Bs] (2 eee eae ven ee Domipstiyy Of Diep OS xcs eee re eee eee Company of Dyers Towne of Douer___.
,,,,,,,,high,,eauerie sheire,Eauerie Sheire,Eauerie Sheire,1,1,3,pattern:1,sheire,,,,,V03-P0724:1489,Eauerie Sheire in England to make Choise of some worthie gentleman that his Mate may thinke fitt and the Companie allowe of to be a Deputie Leiftennant to gouerne these people in their seuerall Sheires.
,,,,,,,,high,,edward bennets plantation,Edward Bennets Plantation,Edward Bennets Plantation,1,1,3,pattern:1,plantation,,,,,V03-P0583:16,"Edward Bennets Plantation,"
,,,,,,,,high,NW-012,ehzabeth city,Ehzabeth City,Ehzabeth City,1,1,4,spacy_GPE+pattern:1,city,,,,,V04-P0236:2164,"Idem to his father in Jaw M* Richard Boyle in blackfryars: dat’ from Ehzabeth City vt supra] For my part I care not for any proffitt, indeed it is as much as we can doc to saue of Hues A hogshead of Meale is here Priee of vietnellgé ¢i7!i C"
,,,,,,,,high,,elisabeth island,Elisabeth Island,Elisabeth Island,1,1,2,pattern:1,island,,,,,V02-P0589:220,"Elisabeth Island, I, 485."
,,,,,,,,high,,elizabeth island,Elizabeth Island,Elizabeth Island,1,1,2,spacy_GPE+pattern:1,island,,,,,V02-P0576:592,"Elizabeth Island, I, 485."
,,,,,,,,high,,elizabeth riuer,Elizabeth Riuer,Elizabeth Riuer,1,1,1,pattern:1,riuer,,,,,V01-P0202:920,"regard hee is resolved to inhabite in Virginia, to graunt him 8 Shares — in Elizabeth Riuer, for 8 Shares of Land formerly graunted vnto him, because theron is Timber fittinge for his [151] turne, and water sufficient to Launch such Ships a"
,,,,,,,,high,,elizabeth river,Elizabeth River,Elizabeth River,1,1,2,pattern:1,river,,,,,V02-P0589:246,"Elizabeth River, I, 402."
,,,,,,,,high,NW-012,elsabeth citty,Elsabeth Citty,Elsabeth Citty,1,1,4,pattern:1,citty,,,,,V04-P0415:1222,"Whereas ther was a warrent granted for the leveing of tenn pounds of Tobaeco ouer cu%ie thousand plants an one Barrell of Corne of cu%ic Barrell growing at Elza: citty and the payment therof hath bin neglected by diuers persons, These are t"
,,,,,,,,high,NW-012,elzabeth citty,Elzabeth Citty,Elzabeth Citty,1,1,4,spacy_FAC+pattern:1,citty,,,,,V04-P0415:1311,"Whereas ther was a warrent granted for the leveing of tenn pounds of Tobaeco ouer cu%ie thousand plants an one Barrell of Corne of cu%ic Barrell growing at Elza: citty and the payment therof hath bin neglected by diuers persons, These are t"
,,,,,,,,high,,euerie sheire,Euerie Sheire,Euerie Sheire,1,1,3,pattern:1,sheire,,,,,V03-P0724:1844,"Euerie Sheire to take notise yt they send so many men as may furnish a Blomarie for the makeinge of Iron, Tanners for the tannyng of leather Shippuright€ and weauers the rest husbandmen and all other trades they can fitt, for in all the Cou"
,,,,,,,,high,,expenses for virginia plantation,EXPENSES FoR VIRGINIA PLANTATION,EXPENSES FoR VIRGINIA PLANTATION,1,1,3,pattern:1,plantation,,,,,V03-P0416:67,Account or EXPENSES FoR VIRGINIA PLANTATION Sent to Mr.
,,,,,,,,high,,falling creek,Falling Creek,Falling Creek,1,1,3,pattern:1,creek,,,,,V03-P0745:1771,"Falling Creek, 548, 565."
,,,,,,,,high,,ferrars plantation,Ferrar's Plantation,Ferrar's Plantation,1,1,3,pattern:1,plantation,,,,,V03-P0746:1329,"Ferrar's Plantation, 226."
,,,,,,,,high,,ffor martyns hundred,Ffor Martyns Hundred,Ffor Martyns Hundred,1,1,4,pattern:1,hundred,,,,,V04-P0075:1553,"[2] St I haue here taken some paynes for yo"" Instruction, w'h if yo! will receaue may breed much health: for of force this must be granted that either its a plague from heauen, or els the plague from those great Shipps so pestered wth men: "
,,,,,,,,high,,flourdieu hundred,Flourdieu Hundred,Flourdieu Hundred,1,1,4,pattern:1,hundred,,,,,V04-P0528:1381,"he also saith that he doth nott know of any thinge that brought thene’ sauce some poulterie from the roust at one Taylo's howse a dweller there, together wth a Sow wh he the said Defend! enue vito the MP? of his said Shipp vppon his request"
,,,,,,,,high,,flouredieu hundred,Flouredieu hundred,Flouredieu hundred,1,1,4,pattern:1,hundred,,,,,V04-P0408:1128,"These are therefore to giue full power and authoritie to 1 to levy and distreyne (in all the Plantations aboue Flouredieu hundred) for the said LO"" of Tobaeeo and one gallon of Corne, as also for the said 44 of Tobacco."
,,,,,,,,high,NW-021,flowerdei hundred,Flowerdei hundred,Flowerdei hundred,1,1,3,pattern:1,hundred,,,,,V03-P0628:1300,"your Comaundg, as farr as the necessetie of our pute affayrs will pmitt, But since our last by the George dated in Januarie 1621 k itt hath pleased God for ou’ manyfo[/d] sinns to laye a most lamentable Afflictione vppon this Plantacon, by "
,,,,,,,,high,NW-021,flowerdien hundred,Flowerdien Hundred,Flowerdien Hundred,1,1,4,pattern:1,hundred,,,,,V04-P0300:953,"Know ye therefore that I St Francis Wyatt knight Governo"" and Capt generall of Virginia, gine full power and authoritie ynto Capt Isaek Madi- son, and do hereby will and require him, to leavy Gv"" as mueh equalitie and indiferencie as he may"
,,,,,,,,high,,forte in,Forte In,Forte In,1,1,4,pattern:1,forte,,,,,V04-P0152:1019,(23] erectinge of one Forte In the Meanc tyme Wee Wish they could giue a good Accompt of vpholding then: that Were made in St Tho: Smiths tyme Weh Wee feare are all or the most.
,,,,,,,,high,,givenat james citty,Givenat James Citty,Givenat James Citty,1,1,3,pattern:1,citty,,,,,V03-P0627:962,Givenat James Citty the 20 day of Aprill 7622.
,,,,,,,,high,,gorges point,Gorges Point,Gorges Point,1,1,4,pattern:1,point,,,,,V04-P0620:2247,"Gorges Point, 121."
,,,,,,,,high,,government of the plantation,GOVERNMENT OF THE PLANTATION,GOVERNMENT OF THE PLANTATION,1,1,3,pattern:1,plantation,,,,,V03-P0405:1859,A ComMISsIon to GrorGE THORPE FOR THE GOVERNMENT OF THE PLANTATION
,,,,,,,,high,,governors of the plantation,GOVERNORS OF THE PLANTATION,GOVERNORS OF THE PLANTATION,1,1,3,pattern:1,plantation,,,,,V03-P0387:1364,Commission To Grorce THORPE AND WILLIAM Tracy as GOVERNORS OF THE PLANTATION IN VIRGINIA
,,,,,,,,high,,grants one hundred,Grants One hundred,Grants One hundred,1,1,3,pattern:1,hundred,,,,,V03-P0110:910,said Treasurer and Company yet without any grant in Writing made in our said General Quarter Courts as is requisite We will and ordain that the said Adventurers or Planters shall within two year after the arrival of them or their Company in
,,,,,,,,high,,henrico city,Henrico City,Henrico City,1,1,3,spacy_GPE+pattern:1,city,,,,,V03-P0585:1018,"For the Sea wherein Master Hudson did winter, which was first discouered by him, and is therefore now called Mretum Hudson, doth stretch so farre towards the west, that it lieth as farre westward as the Cape of Florida: So that from the Fal"
,,,,,,,,high,,hogg iland,Hogg Iland,Hogg Iland,1,1,4,pattern:1,iland,,,,,V04-P0568:96,Hogg Iland
,,,,,,,,high,,honourable city,Honourable City,Honourable City,1,1,3,pattern:1,city,,,,,V03-P0571:1834,"Neyther must wee omit the Honourable City of London, who to shew their zeale at this time (as they haue alwayes done vpon all Honourable occasions to their endlesse praise) are now setting forth one hundred persons, at their owne charges, f"
,,,,,,,,high,,hudsen river,Hudsen River,Hudsen River,1,1,4,spacy_LOC+pattern:1,river,,,,,V04-P0623:1833,"To be driven from Hudsen River, 166, 167."
,,,,,,,,high,,hudson bay,Hudson Bay,Hudson Bay,1,1,3,spacy_LOC+pattern:1,bay,,,,,V03-P0751:2228,"Hudson Bay, 573, 74."
,,,,,,,,high,,iames riuer,Iames Riuer,Iames Riuer,1,1,2,spacy_LOC+pattern:1,riuer,,,,,V02-P0002:2228,M' Deputy signified further that one Samuell Each Captaine of the Abigall havinge at his beinge in Virginia made Tryall of those Bancke that lye out in Iames Riuer neare Blunts-pointe and found that a Blockehowse or fforte might be erected 
,,,,,,,,high,,iland of great britayne,Iland of Great Britayne,Iland of Great Britayne,1,1,3,pattern:1,iland,,,,,V03-P0570:2119,"And by these factions and differ- ences of petty Princes, the Romans tooke their greatest aduantage to ouercome this Iland of Great Britayne, of which Tacitus sayes, Ita dum singuli pugnant vniuerst vincuntur."
,,,,,,,,high,,index plantation,INDEX Plantation,INDEX Plantation,1,1,2,pattern:1,plantation,,,,,V02-P0610:0,INDEX Plantation—Continned.
,,,,,,,,high,,island of assorees,Island of Assorees,Island of Assorees,1,1,3,pattern:1,island,,,,,V03-P0010:322,11 Itm that the said Havercombe and Company of the said shipp the guifte of god after their depture forom Sakadahoe aforesaid toward England were in great §for§ need and distresse of victualls and were for want thereof by the appointement o
,,,,,,,,high,,island of the asseraes,Island of the Asseraes,Island of the Asseraes,1,1,3,pattern:1,island,,,,,V03-P0009:1910,10 Iim that the said President and Counsaile did appoint one Capt Elliott Capt of the said shipp the guifte of god in her returne toward¢ England and did give Comaundment and directions vnto him and to the said Havercombe and Company to dep
,,,,,,,,high,OW-009,isle of waight,Isle of Waight,Isle of Waight,1,1,4,pattern:1,isle,,,,,V04-P0166:850,"From the Isle of Waight this 4"" of May 1623"
,,,,,,,,high,,isle of wight plantation,Isle of Wight Plantation,Isle of Wight Plantation,1,1,2,pattern:1,isle,,,,,V02-P0596:1540,"Isle of Wight Plantation, I, 414 Italians, I, 493, 512, 566."
,,,,,,,,high,NW-003,jaines cittie,Jaines Cittie,Jaines Cittie,1,1,4,pattern:1,cittie,,,,,V04-P0409:1131,Given at Jaines Cittie November the 20% 1623 Francis Wyatr
,,,,,,,,high,,jains cittie,Jains Cittie,Jains Cittie,1,1,4,pattern:1,cittie,,,,,V04-P0239:644,"alleadging the consent of Southampton & Martyns Hundred@ and other Aduenturers at home present at the Court not knowing that Martyns Hundred and Wariscoyacque are inforeed (w'hout itt) to draw in old Planters, or els were in no sort to mayn"
,,,,,,,,high,,james fort,James Fort,James Fort,1,1,3,pattern:1,fort,,,,,V03-P0753:1172,"James Fort, 17."
,,,,,,,,high,,james forte,James forte,James forte,1,1,3,pattern:1,forte,,,,,V03-P0017:310,"it self into three braunches and falleth into the sea of Rawnocke in thirtie ae fiue degrees this place if you seeke by Indian guides from James forte to Winocke Winocke by water, from thence to Manqueocke, some twenty miles from Le thence "
,,,,,,,,high,NW-003,janes cittie,Janes Cittie,Janes Cittie,1,1,4,pattern:1,cittie,,,,,V04-P0211:920,"Know yee that [ S* Francis Wyatt Knight Governo’ and Cap* generall of Virginia, out of the true aecknowledgm' that I haue of the diseretion, valo’, and cireumspec- tion, and of the vertue and sufficiencie, of my trusty & welbeloued frend Wi"
,,,,,,,,high,NW-003,janes city,Janes City,Janes City,1,1,3,pattern:1,city,,,,,V03-P0313:2382,Janes City Janey? * * + S & & * G He F
,,,,,,,,high,NW-002,janes town,Janes Town,Janes Town,1,1,4,pattern:1,town,,,,,V04-P0625:496,"See also Janes Town, Tames City Island, 555, James River, 629, 451, 558, James Town, 59, 60, 89, 94, 230,"
,,,,,,,,high,,john martins plantation,John Martin’s Plantation,John Martin’s Plantation,1,1,3,pattern:1,plantation,,,,,V03-P0158:224,John Martin’s Plantation Mr.
,,,,,,,,high,,king james river,King James River,King James River,1,1,3,pattern:1,river,,,,,V03-P0753:1227,"King James River, 595."
,,,,,,,,high,,kinges riuer,Kinges Riuer,Kinges Riuer,1,1,3,pattern:1,riuer,,,,,V03-P0016:1601,The falles of the 14 Aboue the ouer falles of the Kinges Riuer it is likely you shall finde
,,,,,,,,high,,kings city,King’s city,King’s city,1,1,4,pattern:1,city,,,,,V04-P0370:3136,", aforesaid, reciting by the same letters patent that since, at the humble supplication and petition of divers beloved and well affected subjects of ou lord the King himsetf intending to found a colony and to make a habitation and plantatio"
,,,,,,,,high,,kings kings river,Kings Kings river,Kings Kings river,1,1,3,pattern:1,river,,,,,V03-P0013:321,"2 When it shall please god that you shall haue safely attayned the Kings Kings river River, and our Porte and seate of James Towne in Virginia, wee advise mon Tose you to call §by§ proclamaéon into some publique place, all the governors, pr"
,,,,,,,,high,,last point,Last point,Last point,1,1,2,pattern:1,point,,,,,V02-P0387:391,"But for the §Two§ first point€ to signifie vnto them, that y° Contract is dis- solued, and that there must be a free Importaéon, they conceaue that the Last point wilbe the most discomfortable newes vnto y® Colonies, that possibly cann be;"
,,,,,,,,high,,lawarr and hudsons riuer,Lawarr and Hudsons Riuer,Lawarr and Hudsons Riuer,1,1,1,pattern:1,riuer,,,,,V01-P0319:397,"The ffowerth was for the settinge out of a Voyadge to trade with the Indians in Virginia for Furrs, It beinge certainely enformed by m™ Chamberlyn & others and now of late from the Gouerno’ and Counsell of State in Virginia of the great tra"
,,,,,,,,high,,lend one hundred,Lend One hundred,Lend One hundred,1,1,2,pattern:1,hundred,,,,,V02-P0403:507,"And to this end the Earle of Warwick offered to Lend One hundred poundé, 8’ Nathaniell Rich One hundred pounde;"
,,,,,,,,high,NW-012,llzabeth citty,Llzabeth citty,Llzabeth citty,1,1,3,pattern:1,citty,,,,,V03-P0680:1911,"Know yee that I s"" ffrancis Wyatt knight & Cap' generall of Virginia, out of y° true knowledge of the discretion and sufficiency of Capt William Tucker in all martiall discipline & other afficiences of y* like nature do giue and grant vnto "
,,,,,,,,high,,maine river,Maine River,Maine River,1,1,4,spacy_LOC+pattern:1,river,,,,,V04-P0570:849,[75] On y* Southerly Side of y° Maine River against Eliz: Citty
,,,,,,,,high,,mapcock creek,Mapcock Creek,Mapcock Creek,1,1,3,spacy_GPE+pattern:1,creek,,,,,V03-P0758:1327,"Mapcock Creek, 103."
,,,,,,,,high,,martins plantation,Martins Plantation,Martins Plantation,1,1,2,pattern:1,plantation,,,,,V02-P0035:582,W™ Capps and one Grindon also affirmed that it was comonly reported that Capt: Martins Plantation was a place of refuge for such as were indebted whither they coffionly fled and were protected.
,,,,,,,,high,,martynes hundred,Martynes Hundred,Martynes Hundred,1,1,3,pattern:1,hundred,,,,,V03-P0251:22,Martynes Hundred men seated at Argall Towne wth good & convenyent + houses haue done best of all New-Comers.
,,,,,,,,high,,master hudsons bay,Master Hudsons Bay,Master Hudsons Bay,1,1,3,pattern:1,bay,,,,,V03-P0585:2407,"Besides that Bay, it is not vnlikely that the Westerne Sea in some other Creeke or Riuer commeth much neerer then that place: For the place where Sir Thomas Button did winter, lying more Westerly then Master Hudsons Bay by 190."
,,,,,,,,high,,master iohn wests plantation,Master Iohn Wests Plantation,Master Iohn Wests Plantation,1,1,3,pattern:1,plantation,,,,,V03-P0579:397,At Master Iohn Wests Plantation.
,,,,,,,,high,,master thomas sheffeilds plantation,Master Thomas Sheffeilds Plantation,Master Thomas Sheffeilds Plantation,1,1,3,pattern:1,plantation,,,,,V03-P0577:788,"[36] At Master Thomas Sheffeilds Plantation, some three miles from the Falling Creeke."
,,,,,,,,high,,matepany river,Matepany River,Matepany River,1,1,4,spacy_LOC+pattern:1,river,,,,,V04-P0520:73,"The Gouernor had peeeded further to Matepany River, wherby he had hassarded the Starvinge of all those nationes, In this expeditione sixteene of the English were hurte, the firste and seconde daye wherby nye of the best shott were made vnse"
,,,,,,,,high,,maydes towne,Maydes Towne,Maydes Towne,1,1,2,pattern:1,towne,,,,,V02-P0018:1092,"The Aduenturors for the Maides sent the last Sofier, hauinge moued for a ratable proporéon of land to their Aduenture to be laid out together, where they intend to build a Towne w™ they desire may be called by the name of Maydes Towne."
,,,,,,,,high,,mayds towne,Mayds Towne,Mayds Towne,1,1,2,pattern:1,towne,,,,,V02-P0007:1573,"M' Gibbs Treasuror for the mayde sent this last Sufier to Virginia havinge had his Accounte€ audited did nowe present them to the veiwe of the Court, w™ gaue the Companie great contentment: Wherevpon a moéon was made that the Aduenturers in"
,,,,,,,,high,,mayne riuer,Mayne Riuer,Mayne Riuer,1,1,2,pattern:1,riuer,,,,,V02-P0396:1624,"2 I founde y* shores and sides of those part€ of y° Mayne Riuer wher ou’ Plantatons are setled euery wher soe shallow as noe Boates can approach y° shores soe y* besides y° difficulty daunger and spoile of goods in y® Landinge of them, y° p"
,,,,,,,,high,,moyomps river,Moyomps River,Moyomps River,1,1,3,spacy_LOC+pattern:1,river,,,,,V03-P0760:1978,"Moyomps River, 19, 20."
,,,,,,,,high,,nathaniell rich one hundred,Nathaniell Rich One hundred,Nathaniell Rich One hundred,1,1,2,pattern:1,hundred,,,,,V02-P0403:535,"And to this end the Earle of Warwick offered to Lend One hundred poundé, 8’ Nathaniell Rich One hundred pounde;"
,,,,,,,,high,,nere mulbery iland,Nere Mulbery Iland,Nere Mulbery Iland,1,1,4,pattern:1,iland,,,,,V04-P0568:666,Nere Mulbery Iland
,,,,,,,,high,,noble plantation,Noble plantation,Noble plantation,1,1,3,pattern:1,plantation,,,,,V03-P0465:1836,"For other matters it wil be needless for me to writt vnto you by these, being you shall vnderstand of all thinges at full by the generall dispatch, w I hope wil give you some satisfaction of most thinges, for this tyme there fore I shall ce"
,,,,,,,,high,,northerne plantation,Northerne plantation,Northerne plantation,1,1,3,pattern:1,plantation,,,,,V03-P0472:877,"Lastly that the Patent of the Northerne plantation shalbe renewed, according to the premises, And those of the Southerne plantation to haue a sight thereof before it be ingrossed, And the former Patent to be delivered into the hands of the "
,,,,,,,,high,,okanahone riuer,Okanahone Riuer,Okanahone Riuer,1,1,3,pattern:1,riuer,,,,,V03-P0726:507,"The seacond at Okanahone Riuer, where would be fitter to be a plantaéon for many reasons I can alledge, then on the Easterne shore as they nowe are planted."
,,,,,,,,high,,okanahone river,Okanahone River,Okanahone River,1,1,3,spacy_LOC+pattern:1,river,,,,,V03-P0761:2798,"Okanahone River, 710."
,,,,,,,,high,,on blunts point,On Blunt’s Point,On Blunt’s Point,1,1,3,pattern:1,point,,,,,V03-P0732:888,"On Blunt’s Point, 647, 685, Booker, Michael, 567."
,,,,,,,,high,,opichankanos island,Opichankanos Island,Opichankanos Island,1,1,3,spacy_LOC+pattern:1,island,,,,,V03-P0726:400,"First to have appointed him by his Ma**s Counsell and Companie two seates the first in Opichankanos Island in Pamaunkey river, beinge in the parte of the most of the 32 Sheires."
,,,,,,,,high,,pacomunky river,Pacomunky River,Pacomunky River,1,1,3,spacy_GPE+pattern:1,river,,,,,V03-P0762:1762,"Pacomunky River, 595."
,,,,,,,,high,,pamaouke river,Pamaouke river,Pamaouke river,1,1,3,pattern:1,river,,,,,V03-P0016:2246,Pamaouke river into the sea by the Riuer of Pamaouke:
,,,,,,,,high,,pamaunkey river,Pamaunkey river,Pamaunkey river,1,1,3,pattern:1,river,,,,,V03-P0726:423,"First to have appointed him by his Ma**s Counsell and Companie two seates the first in Opichankanos Island in Pamaunkey river, beinge in the parte of the most of the 32 Sheires."
,,,,,,,,high,,pamounkey riuer,Pamounkey Riuer,Pamounkey Riuer,1,1,3,pattern:1,riuer,,,,,V03-P0566:541,"Yet it pleased God to vse some of them as instru- ments to saue many of their liues, whose soules they had formerly saued, as at Iames-Citie, and other places, and the Pinnace trading in Pamounkey Riuer, all whose liues were saued by a conu"
,,,,,,,,high,,patawamack river,Patawamack River,Patawamack River,1,1,3,spacy_LOC+pattern:1,river,,,,,V03-P0763:190,"Patawamack River, 73."
,,,,,,,,high,,patomeck riuer,Patomeck Riuer,Patomeck Riuer,1,1,4,spacy_GPE+pattern:1,riuer,,,,,V04-P0456:1393,Given aboard the Willm and John in Patomeck Riuer this xix of January.
,,,,,,,,high,,patomeck river,Patomeck River,Patomeck River,1,1,4,spacy_LOC+pattern:1,river,,,,,V04-P0456:350,"iamor Fsquire Counsello® of State, for the managing of an employment of such consequence, and w may much eonduce to the benefitt of y* Plantation do by these Plsent@ constitute and appoint the said Cap* Raph Haimor to be Captaine and princi"
,,,,,,,,high,,peirces plantation,Peirce’s Plantation,Peirce’s Plantation,1,1,3,pattern:1,plantation,,,,,V03-P0764:5,"Peirce’s Plantation, massacre at, 566."
,,,,,,,,high,NW-025,perseys hundred,Perseys hundred,Perseys hundred,1,1,4,pattern:1,hundred,,,,,V04-P0566:733,Perseys hundred 1000: acres planted [73] Tanke Wayonoke ouer against Perseys hu: 2000 Acres
,,,,,,,,high,,pomaunkey river,Pomaunkey River,Pomaunkey River,1,1,4,pattern:1,river,,,,,V04-P0570:648,Pomaunkey River
,,,,,,,,high,,pomonkey ryver,Pomonkey ryver,Pomonkey ryver,1,1,3,pattern:1,ryver,,,,,V03-P0248:2418,"The Gou9no™ being iealous of them (the rath? because wee hadd many straggling Plantatons, much weakened by the greate mortality, Poole lykewise proving very dishonest) requested Captaine William Powell and myself (for Opachan- kano pfesseth"
,,,,,,,,high,,potomack river,Potomack River,Potomack River,1,1,4,spacy_LOC+pattern:1,river,,,,,V04-P0101:1467,"The desire wee haue to send you of the fayrest sorte of silkegrass, w™ ys towards the Suthwarde, (whyther we could not yett sende, by reasone of the Troubles of y* last yelere)] hath enforced us to respitt it vntill the next shippinge, at w"
,,,,,,,,high,,potomacke ryver,Potomacke Ryver,Potomacke Ryver,1,1,4,pattern:1,ryver,,,,,V04-P0223:1862,"The 22 of Maye Captin Tucker was sente with 12 men in to Potomacke Ryver to feche som of our Engleshe which the Indianes de- tayned, and withall in culler to conclude a pease with the great Kinge Apochanzion;"
,,,,,,,,high,,private plantation,Private PLANTATION,Private PLANTATION,1,1,3,pattern:1,plantation,,,,,V03-P0650:79,A GRANT FoR A Private PLANTATION to Joun BouNnaLL
,,,,,,,,high,,pryvate plantaéon,Pryvate Plantaéon,Pryvate Plantaéon,1,1,1,pattern:1,plantaéon,,,,,V01-P0150:1355,"Butt as the Pryvate Plantaéon began this to encrease so contrary wise the estate of the Publique for the settinge vp wherof about 75000"" had been spent grew into vtter eexfesier ||[consumption||."
,,,,,,,,high,,queenes riuer,Queenes Riuer,Queenes Riuer,1,1,3,pattern:1,riuer,,,,,V03-P0611:142,toward¢ Newport¢ Newes all alonge the great Riuer called | Kinge|| James Riuer and Northward to the Riuer called the Queenes Riuer alias Paco- munky together with the one halfe of the Riuer or Riuers that is to saye to the middest thereof a
,,,,,,,,high,,reaven hundred,Reaven hundred,Reaven hundred,1,1,4,pattern:1,hundred,,,,,V04-P0536:679,"For howsa- ever vo"" Lor haue beene enformed, the verv truth wh wee shall allwayes make good, is, that there was not receaved from the Lottaries in the tyne of this latter Governem', aay more then Twenty one thousand Reaven hundred Sixty six"
,,,,,,,,high,,renamed elizabeth city,Renamed Elizabeth City,Renamed Elizabeth City,1,1,3,pattern:1,city,,,,,V03-P0754:1401,"Renamed Elizabeth City, 161, 276."
,,,,,,,,high,,riuer of choanocki,Riuer of Choanocki,Riuer of Choanocki,1,1,3,pattern:1,riuer,,,,,V03-P0017:136,"15 Foure dayes Journey from yo"" forte Southewards is a towne called Ohonahoen, chiet Ghonehorn Ohonahorn seated where the Riuer of Choanocki devideth***® ;"
,,,,,,,,high,,riuer of moyompo,Riuer of Moyompo,Riuer of Moyompo,1,1,3,pattern:1,riuer,,,,,V03-P0019:2139,"Monocon to the east and head of our Riuer, Powhatons enemy and the Monecon Manahockes to y* Northeast to the head of the Riuer of Moyompo in the — «reer necke of the land to the west betweene our bay and the sea."
,,,,,,,,high,,riuer of pamaouke,Riuer of Pamaouke,Riuer of Pamaouke,1,1,3,pattern:1,riuer,,,,,V03-P0016:2281,Pamaouke river into the sea by the Riuer of Pamaouke:
,,,,,,,,high,,riuer of pamunke,Riuer of Pamunke,Riuer of Pamunke,1,1,3,pattern:1,riuer,,,,,V03-P0694:2106,"to go for the Riuer of Pamunke, and any other Ruier w'tin the Bay of Chesipiack, and elsewhere, as he shall thinke fitt, wtin any part of the limite graunted by his Ma? to the Company of Virginia, to make warr, kill, spoile, and take by for"
,,,,,,,,high,,riuer of patomack,Riuer of Patomack,Riuer of Patomack,1,1,3,pattern:1,riuer,,,,,V03-P0559:1626,"Furthermore, they write that in a Voyage made by Lieutenant Marmaduke Parkinson, and other English Gentlemen, vp the Riuer of Patomack they saw a China Boxe at one of the Kings houses where they were: Being demanded where he had it, made an"
,,,,,,,,high,,riuer of potomack,Riuer of Potomack,Riuer of Potomack,1,1,3,pattern:1,riuer,,,,,V03-P0670:1733,"Wyatt kt: Governo’ and Cap‘ generall of Virginia for diu™ speciall causes very necessary and behoofull for this Plantation, haue by these plsent¢ given full power and absolute authoritie vnto Captaine Isack Madeson, w'* the first wind and o"
,,,,,,,,high,,riuers creeke,Riuers Creeke,Riuers Creeke,1,1,3,pattern:1,creeke,,,,,V03-P0716:1000,"yee that I S"" Francis Wyatt kt Governo’ and Capt generall of Virginia: haveing at all times sought and endevored, to relieue this plsent necessitie of this our Colony wt Corne, do now vppon the said consideration, graunt and by these presen"
,,,,,,,,high,,river of potomak,River of Potomak,River of Potomak,1,1,4,pattern:1,river,,,,,V04-P0458:1335,"Notwthstandinge y* Gou'nor as soone as our Corne was ripe, sett forwarde to the River of Potomak to settle the trade wth out freends, and to revenge the trecherie of y"" Pascoticons and theire assocyates, beinge the greatest people in those "
,,,,,,,,high,,river of rapahanock,River of Rapahanock,River of Rapahanock,1,1,4,pattern:1,river,,,,,V04-P0007:1723,"George yardley vppon ¥° Wyanokes aud in a seconde expeditione vppon the nancemunds, Warescovke & Pawininkie y? Chiefe seate of Sansapen & apochankeno, Capt John West vppom the Tanx Pow- hatans, and Capt? William Powell vppon the Chocohominy"
,,,,,,,,high,,roran plantation,Roran PLANTATION,Roran PLANTATION,1,1,3,pattern:1,plantation,,,,,V03-P0723:1242,How Vinainta MAY BE MADE A Roran PLANTATION
,,,,,,,,high,,royall plantation,Royall plantation,Royall plantation,1,1,3,pattern:1,plantation,,,,,V03-P0723:1489,"The manner howe Virginia if his Mat’? and his Counsell & Company agree may be made a Royall plantation for gods glory his Ma‘: and Royall progenyes euer happines and the Companies exceedinge good, «& all this land shall receiue dalye profit"
,,,,,,,,high,,ruinated plantaéon,Ruinated Plantaéon,Ruinated Plantaéon,1,1,4,pattern:1,plantaéon,,,,,V04-P0451:1217,"After our hartie Comendaéons, Wheras Captaine John Marttin Esquire, being a Planter in Virginia, hath bene Detayned a good space here, by reason of Div™ Controverses, w haue Risen concerning the PluntuGou of Virginia, wherin (as wee Conc¢ea"
,,,,,,,,high,,seauenteen hundred,Seauenteen hundred,Seauenteen hundred,1,1,2,pattern:1,hundred,,,,,V02-P0369:800,"Lastly wheras they fortifie their Clamo""™ w™ the greatnes of the Salary (vizt) 2500"" p Anni that is vatrue for to all the Officers chosenn by the Companies ther was onely allotted Seauenteen hundred pounds p Anni The other 800"" was layd by "
,,,,,,,,high,,seaventeene hundred,Seaventeene hundred,Seaventeene hundred,1,1,4,pattern:1,hundred,,,,,V04-P0032:948,"And lastly it is an error and misinformacion, to suy that the Salaries amount unto five and twenty hundred poundes: whereas they come but to Seaventeene hundred poundes."
,,,,,,,,high,,shefferlds plantation,Shefferlds Plantation,Shefferlds Plantation,1,1,3,pattern:1,plantation,,,,,V03-P0577:1108,At Henrico Hand about two miles from Shefferlds Plantation.
,,,,,,,,high,,sir george yeardleys plantation,Sir George Yeardleys Plantation,Sir George Yeardleys Plantation,1,1,3,pattern:1,plantation,,,,,V03-P0580:242,At Flowerdieu-Hundred Sir George Yeardleys Plantation.
,,,,,,,,high,,smiths iland,Smiths Iland,Smiths Iland,1,1,3,spacy_GPE+pattern:1,iland,,,,,V03-P0287:2336,"fit persons to be imployed in Salt workes, which are to be renewed in Smiths Iland, where they were before;"
,,,,,,,,high,,smyth hundred,Smyth hundred,Smyth hundred,1,1,3,pattern:1,hundred,,,,,V03-P0156:1655,"yf Smyths hundred Company beleeving Argalls §report§ w% is ffallse, that it is within the Teritorys of Smyth hundred shout desire to [14] by any meanes to haue it taken frd me and added to that hundred, then my trust is in your selfe princi"
,,,,,,,,high,,smythe hundred,Smythe hundred,Smythe hundred,1,1,3,pattern:1,hundred,,,,,V03-P0253:867,"ffor wyninge wth yo"" presently in Adventure, though I give yo"" many thankes for yo"" favor, in admittinge me one of yo"" society, and would as gladly partake wt yo"" as w* any sowell in y° Company, yet such nowe is partly my publique employmen"
,,,,,,,,high,,smyths iland,Smyths Iland,Smyths Iland,1,1,3,spacy_LOC+pattern:1,iland,,,,,V03-P0312:1421,"whereas I will vndertake in one day to make as much salt by y* heate of y® sunne, after y° manner vsed in ffrance, Spaine, and Italy, as can be made in a yeare by that toylesome and erroneous way of boyling sea water into salt in kettles as"
,,,,,,,,high,,sniyths hundred,Sniyths hundred,Sniyths hundred,1,1,3,pattern:1,hundred,,,,,V03-P0309:334,"By y° three former ships, and in answer to y° tres of y* Counsell and of Sniyths hundred soeyety both y* Governo' and Counsell ioyntly, and y° Governo’ also aparte have wrytten."
,,,,,,,,high,,sofier iland,Sofier Iland,Sofier Iland,1,1,2,pattern:1,iland,,,,,V02-P0170:592,"ture both for the forme and the pticuler pointé in it, appeared to be more fitt and necessarie the more it was Disputed and Debated of, but whereas some seemed to make a newe scruple that by the said ||third|| Article their good¢ here at ho"
,,,,,,,,high,,sofier island,Sofier Island,Sofier Island,1,1,3,pattern:1,island,,,,,V03-P0637:1261,"Item that one fferdinando Sheppard was facto"" and agent or was appoynted to take the charge of the good¢ and passingers put on borde the sayd ship the garland the sayd voyage (Captaine Whitney beinge dead) for the sayd ffarrar and Sheppard "
,,,,,,,,high,NW-020,soier island,Soier Island,Soier Island,1,1,3,pattern:1,island,,,,,V03-P0637:705,"Item that one fferdinando Sheppard was facto"" and agent or was appoynted to take the charge of the good¢ and passingers put on borde the sayd ship the garland the sayd voyage (Captaine Whitney beinge dead) for the sayd ffarrar and Sheppard "
,,,,,,,,high,,soiier island,Soiier Island,Soiier Island,1,1,3,pattern:1,island,,,,,V03-P0636:732,Inprimis viz' that after the Maine Maste of the shippe called the Garland was loste at the Soiier Island@ in the storme menGoed in the Allegacon given on the behalfe of the said Wye in this Cause he the said Wye nor any other M' of any othe
,,,,,,,,high,,soiner island,Soiner Island,Soiner Island,1,1,3,pattern:1,island,,,,,V03-P0637:1365,"Item that one fferdinando Sheppard was facto"" and agent or was appoynted to take the charge of the good¢ and passingers put on borde the sayd ship the garland the sayd voyage (Captaine Whitney beinge dead) for the sayd ffarrar and Sheppard "
,,,,,,,,high,,somersett sheire,Somersett sheire,Somersett sheire,1,1,1,pattern:1,sheire,,,,,V01-P0388:1189,A Patent to Henry Southey of 100 Somersett sheire a Planter for.
,,,,,,,,high,,somiersett sheire,Somiersett sheire,Somiersett sheire,1,1,1,pattern:1,sheire,,,,,V01-P0383:1035,A sixt to Henry Southey of Rimpton in Somiersett sheire 100
,,,,,,,,high,NW-020,sommer iland,Sommer Iland,Sommer Iland,1,1,1,pattern:1,iland,,,,,V01-P0119:688,the Sommer Iland¢@ where now hee remayneth sent his peti@onary fre Virginia reeom-
,,,,,,,,high,NW-020,sommer island,Sommer Island,Sommer Island,1,1,3,pattern:1,island,,,,,V03-P0660:1155,"Now because the Councell of Virginia haue not had by the last order power to Call before them and examie vpon oath all such parties accused, witnesses, shopp bookes, bookes of accounptes, and orders Concealed, together wth such as haue paid"
,,,,,,,,high,,sonier island,Sonier Island,Sonier Island,1,1,3,pattern:1,island,,,,,V03-P0636:1469,Inprimis viz' that after the Maine Maste of the shippe called the Garland was loste at the Soiier Island@ in the storme menGoed in the Allegacon given on the behalfe of the said Wye in this Cause he the said Wye nor any other M' of any othe
,,,,,,,,high,,sotherne plantacon,Sotherne Plantacon,Sotherne Plantacon,1,1,1,pattern:1,plantacon,,,,,V01-P0319:466,"The ffowerth was for the settinge out of a Voyadge to trade with the Indians in Virginia for Furrs, It beinge certainely enformed by m™ Chamberlyn & others and now of late from the Gouerno’ and Counsell of State in Virginia of the great tra"
,,,,,,,,high,,southampton and martins hundred,Southampton and Martins Hundred,Southampton and Martins Hundred,1,1,2,pattern:1,hundred,,,,,V02-P0326:957,"Nowe to the third branch of this Proposition that the Companies and Collonies should be cofiaunded to bringe in all their Tobacco, as like- wise all other Comodities, ffirst into this Realme, from hence to be after vented by trade to other "
,,,,,,,,high,,southampton martins hundred,Southampton & Martins Hundred,Southampton & Martins Hundred,1,1,3,pattern:1,hundred,,,,,V03-P0707:812,"Though my house $have§ beein full in a manner all this last week, w® my Ladie Wyatt & hir train, & other frends going to Virginia: yet have I not neglected, (as far as the manners & regards of hospitalitie would permitt me,) to perform my D"
,,,,,,,,high,,southampton martyns hundred,Southampton & Martyns Hundred,Southampton & Martyns Hundred,1,1,4,pattern:1,hundred,,,,,V04-P0239:45,"alleadging the consent of Southampton & Martyns Hundred@ and other Aduenturers at home present at the Court not knowing that Martyns Hundred and Wariscoyacque are inforeed (w'hout itt) to draw in old Planters, or els were in no sort to mayn"
,,,,,,,,high,,southerne plantation,Southerne plantation,Southerne plantation,1,1,3,pattern:1,plantation,,,,,V03-P0472:958,"Lastly that the Patent of the Northerne plantation shalbe renewed, according to the premises, And those of the Southerne plantation to haue a sight thereof before it be ingrossed, And the former Patent to be delivered into the hands of the "
,,,,,,,,high,NW-032,southton hundred,Southton Hundred,Southton Hundred,1,1,4,pattern:1,hundred,,,,,V04-P0146:2131,In the salt worke wth they speake of there hath beene soe little done that the Collonie by buyes all theire salt for theire necessurye vse weh worke the old Gou2ne™ had brought louge since to good perfecéon In deed there was un itenéon to h
,,,,,,,,high,,southward riuer,Southward Riuer,Southward Riuer,1,1,3,pattern:1,riuer,,,,,V03-P0723:995,"Two Storehowses or Granaries to be erected and placed for this purpose 469- fittest for salftie, and then for Conventence w® I will leaue to demonstrate to yo"" [honor] vntill yo"" Come to the Mapp of the Countrie As alsoe a neare passage to "
,,,,,,,,high,NW-032,sowthampton hundred,Sowthampton hundred,Sowthampton hundred,1,1,3,pattern:1,hundred,,,,,V03-P0475:1829,I shall not neede to certifye you of any pticulars at this tyme since I have writt at Large both to the generall company and to the Sotiety of Sowthampton hundred as well now by the Margarett and John as formerly by the other Shyps w** I ho
,,,,,,,,high,,sufer iland,Sufer Iland,Sufer Iland,1,1,2,pattern:1,iland,,,,,V02-P0291:1826,But before m’ ||Deputy|| begun the Lo: Cauendish tooke the Chaire and acquaintinge the Sufer Iland¢ Companie that he had purposely caused a Suffer Iland¢ Court to be this day warned to the intent that they might likewise vnderstand and cons
,,,,,,,,high,,sufier ilands plantation,Sufier Ilands Plantation,Sufier Ilands Plantation,1,1,2,pattern:1,plantation,,,,,V02-P0282:134,"But forasmuch as it is conceaued that neither of those Proiect¢ can be in all pointe fittinge for those of the Sufier Ilands Plantation w™ stands vpon mayne Different Termes from that in Virginia It is humbly desired that, y° Premises (so f"
,,,,,,,,high,,suiier iland,Suiier Iland,Suiier Iland,1,1,2,pattern:1,iland,,,,,V02-P0281:881,Aunsweare was made that the last of these point€ were formerly aunswered: As for the other the case of Virginia was held to be as hard this yeare as the Suiier Iland¢ could be and therefore the bur- then must be equall.
,,,,,,,,high,NW-020,sumer island,Sumer Island,Sumer Island,1,1,4,pattern:1,island,,,,,V04-P0587:843,James by the grace of god kinge of England Seotland ffranee and [reland defender of the faith ete To our trustie and welbeloved Sir William Jones knight one of our Justices of our Courte of Comen Pleas Sir Nicholas fforteseue knight Sir ffr
,,,,,,,,high,NW-032,suthamptone hundred,Suthamptone hundred,Suthamptone hundred,1,1,4,pattern:1,hundred,,,,,V04-P0577:610,"The accoumpt of Suthamptone hundred, we refer to Sr: George Yardley who Is now retorninge for England who alleageth y' it was a dwtie belong- inge vnto mit Pountis, vnto whom he resigned all the estate and accoumpts of y' Plantatione, when "
,,,,,,,,high,NW-003,tames city,Tames City,Tames City,1,1,4,pattern:1,city,,,,,V04-P0625:508,"See also Janes Town, Tames City Island, 555, James River, 629, 451, 558, James Town, 59, 60, 89, 94, 230,"
,,,,,,,,high,NW-002,tames towne,Tames Towne,Tames Towne,1,1,1,pattern:1,towne,,,,,V01-P0439:387,"The Aunsweare of Captaine Iohn Martin to a former order of Court graunted vpon the petiton of the widdowe read beinge nowe pre- sented and read, forsomuch as the said Aunsweare seemed to con- tradict a former Letter w he had sent vnto the s"
,,,,,,,,high,,thirteen hundred,Thirteen hundred,Thirteen hundred,1,1,1,pattern:1,hundred,,,,,V01-P0069:2401,"of goods in the said Ship 100"" more, in all Thirteen hundred pound"
,,,,,,,,high,,tobacco point,Tobacco point,Tobacco point,1,1,3,pattern:1,point,,,,,V03-P0107:703,ginia and in reward thereof as also in regard of two single shares in money paid into our treasury granted unto you the said Captain Yeardley all that parcel of Marsh ground called Weynock and also one other peice and parcel of Land adjoini
,,,,,,,,high,,two thousand seaven hundred,Two Thousand Seaven hundred,Two Thousand Seaven hundred,1,1,3,pattern:1,hundred,,,,,V03-P0054:564,And also withe those somes of money the said defendant hathe paid into the said Lotterrie house vnto diverse personns beinge diverse great somes of money as they the said Complaynante by theire Bill of Complaynt doe Confesse And this defend
,,,,,,,,high,,uppon apamatucke river,Uppon Apamatucke River,Uppon Apamatucke River,1,1,4,pattern:1,river,,,,,V04-P0566:160,Att Westower 500: Acres Claymed by Captaine ffrancis West Uppon Apamatucke River
,,,,,,,,high,,virginia and sumer iland,Virginia and Sumer Iland,Virginia and Sumer Iland,1,1,2,pattern:1,iland,,,,,V02-P0294:1531,"This pointe ||being|| related thus by m’ Deputy diuers of the Com- panie spake in approbaéon of the course prescribed, but no man mak- inge any obiecéon against it, onely diuers required that if it were possible the Warehowses and Storehows"
,,,,,,,,high,,wareskoyack bay,Wareskoyack Bay,Wareskoyack Bay,1,1,3,spacy_LOC+pattern:1,bay,,,,,V03-P0250:1763,"as he Called it ang ie “ - Capt Lawne at his arriuall seated himself in Wareskoyack Bay wth his the Indians Company, but by his owne syeknes and his peoples (wherein there was on one the improvideney) he quytted his Plantaton, went vpp to C"
,,,,,,,,high,,wariscoyake martins hundred,Wariscoyake Martins Hundred,Wariscoyake Martins Hundred,1,1,2,pattern:1,hundred,,,,,V02-P0396:1218,"As for Boggs wee knowe of none in all y° Country and for the rest of the Plantatons as Newports News, Blunt poynt Wariscoyake Martins Hundred, Paspahey and all the Plantacons right ouer against Iames Citty, and all the Plantacons aboue thes"
,,,,,,,,high,,warrasquoake plantacon,Warrasquoake plantacon,Warrasquoake plantacon,1,1,4,pattern:1,plantacon,,,,,V04-P0568:793,"[74] Warrasquoake plantacon Cont: downe wards from Hogg Island xiiij""* miles, by y* River Side in w*"" are these Pattent following Vizt:"
,,,,,,,,high,,wests plantation,Wests Plantation,Wests Plantation,1,1,3,pattern:1,plantation,,,,,V03-P0579:345,"At Westouer, about a mile from Berkley-Hundred: And first, at Cap, Fr: Wests Plantation."
,,,,,,,,high,,wight plantation,Wight Plantation,Wight Plantation,1,1,2,pattern:1,plantation,,,,,V02-P0596:1548,"Isle of Wight Plantation, I, 414 Italians, I, 493, 512, 566."
,,,,,,,,high,,wight plantaéon,Wight Plantaéon,Wight Plantaéon,1,1,1,pattern:1,plantaéon,,,,,V01-P0214:830,"wight Plantae: 1 edges therin conteyned, and that the said Plantaéon shall from hence forth be called the lle of Wight Plantaéon, Provided that the heirs [161] of the said Christopher Lawne be no way pliudiced therby;"
,,,,,,,,high,,with martins hundred,With Martin’s Hundred,With Martin’s Hundred,1,1,2,pattern:1,hundred,,,,,V02-P0602:1302,"With Martin’s Hundred, Il, 132."
,,,,,,,,high,,with smiths hundred,With Smith’s Hundred,With Smith’s Hundred,1,1,2,pattern:1,hundred,,,,,V02-P0602:1334,"With Smith’s Hundred, I, 245, 287."
,,,,,,,,high,,wocter shire,Wocter shire,Wocter shire,1,1,4,pattern:1,shire,,,,,V04-P0073:1391,"[Addressed:] To the right wor"" my much honored Brother S* Samuell Sandys Kn‘ at Omberslie in Wocter shire giue theis."
,,,,,,,,high,,wolster holmes towne,Wolster-Holmes Towne,Wolster-Holmes Towne,1,1,3,pattern:1,towne,,,,,V03-P0518:941,"the succouringe, and cherishinge of them and theire proceeding, we in effectuall man’ recomend vnto you, desiringe youe to be by all possible favo"" aidinge and asistinge vnto them: and in pticuler if the Inhabitant€ of Wolster-Holmes Towne,"
,,,,,,,,medium,,washington,Washington,Washington,128,118,"3,4",spacy_GPE:128,,,,,,V03-P0480:832,"Manuscript Records, Virginia Company, III, Part ii, Pages 11-14 Document in Library of Congress, Washington, D. || Manuscript Records, Virginia Company, III, Part i, Pages 9a-10 Document in Library of Congress, Washington, D. || Manuscript Records, Virginia Company, III, Part ii, Pages 15, 16 Document in Library of Congress, Washington, D."
,,,,,,,,medium,,ireland,Ireland,Ireland,108,84,"1,2,3,4",spacy_GPE:108,,,,,,V01-P0220:1520,"Wheras vppon a former treatie had w” m' Wood in the behalfe of M’ Gookin for transportaéon of Cattle outt of Ireland into Virginia an offer was made vnto him after the rate of x"": a Cowe vppon cer- tificate of their saffe landinge, Provided || Whereas Captaine William Newce out of a generous disposiéon and desire to advance the generall Plantaton in Virginia (being induced herevuto by reason of a good successe he had in Ireland vpon the like worthy Action) hath freely offered vnt || And further aswell in consideraéon of the Chargeableness, of the enterprise he vndertakes, as also for his better encouragem* there- vnto, he desireth the Company would ||please|| graunt him the place of Marshall in Virginia, which office h"
,,,,,,,,medium,,captaine,Captaine,Captaine,78,69,"1,2,3,4",spacy_GPE:78,,,,,,V01-P0006:473,"This Court was acquaynted, that the Lord of Salisbury desired the admittance of Captaine ’ Brett into this ffellowshipp, and to that end his Ld? hath giuen him Two of his shares in Virginia, requesting that he might be suffered to sitt in t || Captaine Brewster hauing formerly by way of appeale delivered vuto the Court a certaine writing touching the proceedings of Captaine Samuell Argoll against him at the arriual of the Neptune in Virginia, and the manner of his tryall, and bei || Captaine Brewster hauing deliuered Articles obiected against Captaine Samuell Argoll touching his governement in Virginia, to m’ Treasuror and m’ Deputy, as the Last Court required, the same was now pre- sented: Vnto w™ order is giuen that "
,,,,,,,,medium,,cambridge,Cambridge,Cambridge,69,66,"2,3,4",spacy_GPE:69,,,,,,V02-P0137:710,"M’ Deputy ||further|| acquainted the Company that m* George Ruggle lately fellowe of Clare hall in Cambridge beinge a Brother of the Company and newly deceased (w™ he said he could not without great greife menéon) had by his will bequeathed || M’ Deputy ||further|| acquainted the Company that m™ George Ruggle lately fellowe of Clare hall in Cambridge beinge a Brother of the Company and newly deceased (w™ he said he could not without great greife menéon) had by his will bequeathed || 1A copy of this order by Thomas Collett (?) is among the Ferrar Papers, Magdalene College, Cambridge."
,,,,,,,,medium,OW-005,bristoll,Bristoll,Bristoll,48,38,"2,3,4",spacy_GPE:48,,,,,,V02-P0012:226,m’ Whitson Alderm: of Bristoll. || of Bristoll. || M’ Whitson Aldfan of Bristoll_
,,,,,,,,medium,,colonies,Colonies,Colonies,45,35,"2,3,4",spacy_GPE:41|spacy_LOC:4,,,,,,V02-P0325:843,"Touchinge the second branch of 8‘ Iohn Wolstenhomes Proposition as it was made at the Counsell bourd (for in other places he had made it otherwise) that the Companies and Colonies should paye to the vse of his Ma“ or the ffarmors of his Cus || for w™ they will for themselues here vndertake to bring in all their Tobacco, and doe their best to persuade the Colonies to agree therevnto, in reguard of y® benefitt of Sole Importaéon, and if the Colony shall not consent therevnto, then  || that although they doe not knowe of any diuision or distraction in the Colonies, yet in obedience to his Lo” comaund they"
,,,,,,,,medium,,boothby,Boothby,Boothby,34,33,"1,2,3",spacy_GPE:34,,,,,,V01-P0016:1063,mm’ Boothby. || m' Boothby. || m' Boothby.
,,,,,,,,medium,,dominus rex,Dominus Rex,Dominus Rex,33,20,4,spacy_FAC:28|spacy_LOC:5,,,,,,V04-P0319:296,"se eidem colonie qui desiderabant incipere corum plantaciones et habita- ciones in aliquo idoneo et convenienti loco inter triginta octo et quadraginta quinque gradus predicte latitudinis per predictam oram de Virginia et America prout ora  || se eidem colonie qui desiderabant incipere corum plantaciones et habita- ciones in aliquo idoneo et convenienti loco inter triginta octo et quadraginta quinque gradus predicte latitudinis per predictam oram de Virginia et America prout ora  || Et ulterius idem Dominus Rex per easdem litteras patentes suas ordinavit, stabilivit et agreavit pro se, heredibus et successoribus suis quod utraque earundem coloniarum haberet consilium utrumque quorum quidem ecousiliorum con- staret de t"
,,,,,,,,medium,,tobacco,Tobacco,Tobacco,32,29,"1,2,3,4",spacy_GPE:32,,,,,,V01-P0202:2372,"atraint of Tobacco. || m'’ Wrote further signified that wheras the reputacon of this Hono!: Company hath by many sinister courses and iniurious Calumnies been blemished, (was a memb’ of this Company hee could not but resent) yett the greatest obliquie that hath b || They have begunn a Trade from Ireland to Virginia wherby the Colony is supplyed w™ Cattle and other necessaries from thence and have passed their Contracté, to repay them in Tobacco, w™ if they shalbe compelled to bring hither, the Trade is"
,,,,,,,,medium,,kingdome,Kingdome,Kingdome,29,29,"1,2,3,4",spacy_GPE:29,,,,,,V01-P0012:482,"It was also by m' Téer propounded to the Co"" as a thing most worthy to be taken into consideraGon both for the glory of God, and hono of the Company, that forasmuch as the King in his most gracious fauo' hath graunted his Lres to the seuera || the Kingdome with the generall and comon Subiect, may be gathered by the little Pamphlette or declaraéons lately printed: And besides fewe suceeedinge yeares would soone consume the lives of many whose livinge memories yet retayned much and || ffor the rest they humbly beseech Yo"" Lo”: to beleive that they affect no for- raigne Trades with any neighbour nation more then in case of necessitie and for the better susteyninge and advancement of the Coloney: Butt shall always endeavo"""
,,,,,,,,medium,,america,America,America,26,21,"1,2,3,4",spacy_GPE:26,,,,,,V01-P0252:141,"wherewith to recompence their paines and merrite, affirming also, that the best now planted part@ of America, vnd' the Spanish gover- ment nor their Annales or histories of those times, in their like ages of ours nowe 12 yeares old Virginia || Att this time through (Gods blessinge) notw™standinge the great mortalities w in some of these fower latter years, haue generally seized vppon all those pts of America and besides the last ||late|| Massacre of aboute three hundred and ffift || Complayning shewen vnto your Lo’? your dailie Orators the Treasurer and Companie of Adventurers and Planters of the Citty of London for the first Colonie in Virginia That whereas Diuers of his Ma"" loving Subiect¢ in the tyme of the late Que"
,,,,,,,,medium,,garland,Garland,Garland,23,15,"1,2,3",spacy_GPE:23,,,,,,V01-P0121:63,"And wheras m!‘ fferrar Deputy sent out the Garland to y* service of y° Company w” 45 men of his and his Associates to be left in Vir- ginia for the preparinge and makinge reddy of buisines against the Springe intendinge together w"" his Asso || The Garland sett Haat boy i ia anid his Assouiare || Wheras the last Courte made choyce of m’ Sam Wrote to ioyne w™ m' Berblock to prosecute law against m’ Wye m’ of the Garland they now acquainted them of the Custome of the Admiralty, that every one was to give securitie to that Courte for d"
,,,,,,,,medium,,d c,D.C,D.C,20,19,"3,4",spacy_GPE:20,,,,,,V03-P0627:206,"Manuscript Records Virginia Company, III, Part ii, Page 37 Document in Library of Congress, Washington, D.C. List of Records No. || Manuscript Records Virginia Company, III, Part ii, Pages 22, 23 Document in Library of Congress, Washington, D.C. List of Records No. || 58a Document in Library of Congress, Washington, D.C. List of Records No."
,,,,,,,,medium,,hobbs,Hobbs,Hobbs,19,19,"2,4",spacy_GPE:19,,,,,,V02-P0170:2175,m’ Hobbs. || m’ Hobbs. || m’ Hobbs.
,,,,,,,,medium,,husband,Husband,Husband,18,18,"1,2,3,4",spacy_GPE:18,,,,,,V01-P0120:115,The Husband to deliuer out no good but by cer- lifeate from y* Deputy. || Huehand & Bea- M’ Webb was chosen Husband and m!’ Carter Beadle. || Elizabeth Smale Widdowe in her peticon desyred that the Company would please to take into their hands the dividend allotted vnto her Husband in Virginia in consideraéon of his Kleaven years service thervnto the Company that they would besto
,,,,,,,,medium,,new england,New England,New England|New-England|New england,18,15,"1,2,3,4",spacy_LOC:14|spacy_GPE:4,,,,,,V01-P0242:589,"And beeause the Northerne Colony-Adventurors, had to their Terri- tories given the name of New-England, he thought fitt that theirs did still retaine the ould name of Virginia. || M’ Deputie acquainted the Court with two thing, first with the good newes that was come from Virginia by the Shipps lately returned from New-England (where a Pynnace from Virginia arriued before they came away,)and brought diuers perticuler || and those his Mati® Subiectes or others w now are planted or inhabiting or w herafter shall plant or inhabite in the said ptes of the Newfound- land Virginia or New-England or in anie other foreigne places or Cuntries beyond the Sea in or u"
,,,,,,,,medium,,plantatons,Plantatons,Plantatons,18,17,"1,2,3,4",spacy_LOC:12|spacy_GPE:6,,,,,,V01-P0206:636,"be so small as not possible to be divided amongst such a multitude of people w™ any shaddow of Content, and consideringe that the Somer Ilands haveinge no meanes tosubsiste butt meerly by the vent of their Tobacco will stand in need of all  || Hee also moued for order for drawinge vp two seuerall Patent¢ for perticuler Plantatons in Virginia, the one desired by m‘ Robert Mos- ton esqr vndertakinge to transport and plant 100 psons and the other by Capt Dan: Tucker a Brother of thi || Many Coffiodities do nowe begin and are like to arise in Virginia w™ by rea- son of the charge of fraight, by the greatnes of distance will not be vindible in England at any savinge price as namely ffish Caueary, Pipestaues, Quanti- ties of"
,,,,,,,,medium,,burroughs,Burroughs,Burroughs,17,12,"1,3",spacy_GPE:17,,,,,,V01-P0110:813,Vppon good consideraGon of the searcetie of the Mynisters that is this day remayninge in Virginia haveinge eleaven Burroughs and not aboue five Mynisters: M’ Thier now comended to be considered by y° Courte the sendinge of one sufficient De || Vppon good consideraGon of the searcetie of the Mynisters that is this day remayninge in Virginia haveinge eleaven Burroughs and not aboue five Mynisters: M’ Thier now comended to be considered by y° Courte the sendinge of one sufficient De || Hee further acquainted them of 2 things more to be pformed for the publique the one a Charter to be sent to S' George Yeardley to be published throughout the seu9all Burroughs and Hundreds that they apply not themselvs wholly to Tobacco w w
,,,,,,,,medium,,comissioners,Comissioners,Comissioners,16,15,"2,4",spacy_FAC:16,,,,,,V02-P0439:544,"And in reguard the present Deputy, Audito™: Committees & other offi- cers were best acquainted with the buisines of the Company, espe- cially [309] w™ the late passages in Courte and w™ matter of Accompts wherin they cann best sattisfie the || Itt was allsoe further moved y* the Comissioners might §be§ very ernestly desyred togeather wth the examinaéon of the said informaéon to take into their serious consideraéon the Declaration fisented by the Counsell one Wednesday last touchi || Deliuered into the Court by the Counsell on Wednesday the 7 of May might be directed w request vnto the Comissioners that they would"
,,,,,,,,medium,,mati,Mati,Mati|Mati*|Mati®,15,14,"3,4",spacy_LOC:14|spacy_GPE:1,,,,,,V03-P0013:529,"2 When it shall please god that you shall haue safely attayned the Kings Kings river River, and our Porte and seate of James Towne in Virginia, wee advise mon Tose you to call §by§ proclamaéon into some publique place, all the governors, pr || religion as for the Honour of his Mat & the profitt and comoditie of this his highncs kingdome, it pleased his Mati* by sundrye his letters patent€ out of his singuler grace & favour and for the good of the said plantaéon to grant vnto yo""  || by order from the Lorde of his Mati privy Counsell * * * left wth or delivered vnto the governot of the said place * * * delivered vnto the said Willm Wye, and ecoinitted * * * Wye was made acquainted of the banishment of * * *"
,,,,,,,,medium,,chaire,Chaire,Chaire,13,13,2,spacy_GPE:13,,,,,,V02-P0030:1435,"After this the Virginia Court beinge dissolued into a Sufier Dande Court and the Lo: Cauendish Gouernor of the said Companie takinge the Chaire, choise was made of six for that ||y*|| Company vizt || after that the Sumer Nande Court had passed all the perticuler buissinesses that were to be considered of and come to the great matter, the Con- tract with his [91] Ma‘* they thinkinge it most convenient to receaue the informaéon of what th || after that the Sumer Nlande Court had passed all the perticuler buissinesses that were to be considered of and come to the great matter, the Con- tract with his [91] Ma‘* they thinkinge it most convenient to receaue the informaéon of what t"
,,,,,,,,medium,,knole park,Knole Park,Knole Park,13,13,"3,4",spacy_FAC:12|spacy_GPE:1,,,,,,V03-P0119:289,"(2) Document in Collection of Lord Sackville, Knole Park, Kent. || 6190 Document at Knole Park, Kent || 6167 Document at Knole Park, Kent"
,,,,,,,,medium,,thesaurarius,Thesaurarius,Thesaurarius,13,10,"3,4",spacy_GPE:13,,,,,,V03-P0294:225,Thesaurarius et societas de virginia cofi| Tertia sessione Ter™ Trin- Wye Milburie Willmson itate 1620. || Thesaurarius et societas de virginia contra {| Ultima sessione Ter*! Tri- Wye Milburie Williamson nitatis 1620 || Thesaurarius et societas Virginie cofi Willmum Wye Ireland Williamson
,,,,,,,,medium,,aprill,Aprill,Aprill|ApRILL,12,11,"2,3,4",spacy_LOC:10|spacy_GPE:2,,,,,,V02-P0382:104,"At a CouRT HELD FOR VIRGINIA AND Y* Sumer ILANDES oN ffRIpAy IN Y"" AFTERNOONE y® 18™ or ApRILL. || Att a QuartTeR CouRT HELDE FOR VIRGINIA ON WEDNESDAY IN THE ffoRENOONE THE 28: or ApRILL — 1624 || Upon the 10th of Aprill wee departed from Plymouth, and the next daie lost sight of the Lyzard, having the Treasurer in o' Company, weh kept wth us about 3 weeks: at what tyme we lost her in foggy weather w™ contynued after 20."
,,,,,,,,medium,,nicholle,Nicholle,Nicholle,12,12,2,spacy_GPE:12,,,,,,V02-P0054:681,m’ Nicholle. || m’‘ Nicholle. || m* Nicholle.
,,,,,,,,medium,,canada,Canada,Canada,11,11,"3,4",spacy_GPE:11,,,,,,V03-P0309:532,"This in their absence I thought expedyent to adde by y* Duty nowe bound to trade and fish in Canada, where wee hope they will finde some men of Plymouth, to y° ende that as yo” had wrytten by every one, so wee might ymitate yo"" example. || [Address by John Pory:] Mine to Sir Edwin Sandys by the Duty in her voiage to Canada. || And this hope that the South Sea may easily from VIRGINIA be diseouered ouer Land, is much confirmed by the constant report of the Sauages, not onely of VIRGINIA, but also of Florida and Canada;"
,,,,,,,,medium,,georgio,Georgio,Georgio,11,5,4,spacy_GPE:11,,,,,,V04-P0311:203,"lelmo domino Monteagle, Radulpho, domino Eure, Edmundo domino Sheffeild, Grey domino Chandois, ? domino Compton, Johanni, domi- no Peter, Johanni, domino Stanhop, Georgio, domino Carewe, Humfrido Welde, militi, domino maiore civitatis Londo || John, militi, Thome Holeroft, militi, Johanni Mallory, militi, Rogero Aston, militi, Waltero Cope, militi, Ricardo Wigmore, militi, Willelmo Cooke, militi, Herberto Crofte, militi, Henrico ffanshawe, militi, Johanni Smyth, militi, ffrancisc || John, militi, Thome Holeroft, militi, Johanni Mallory, militi, Rogero Aston, militi, Waltero Cope, militi, Ricardo Wigmore, militi, Willelmo Cooke, militi, Herberto Crofte, militi, Henrico ffanshawe, militi, Johanni Smyth, militi, ffrancisc"
,,,,,,,,medium,,jadwin,Jadwin,Jadwin,11,11,"1,2,3",spacy_GPE:11,,,,,,V01-P0025:794,m' Jadwin. || m’ Jadwin. || m’ Jadwin.
,,,,,,,,medium,,vines,Vines,Vines,11,11,"1,2,3,4",spacy_GPE:11,,,,,,V01-P0432:359,"Herevpon a moéon beinge made that forsomuch as priuate Planters receaued equall benifitt by the ffrenchmens skill and instructinge of others in the Arte of plantinge and settinge of Vines and in the mis- tery of makinge Wyne that they also  || com- manding the present setting up of Silke-works, and planting of Vines in Virginia. || Vor Wines, it is alfo ordered, that men skilfull be procured in the planting and drefling of Vines, out of France and from the Rhene: and from thence alfo and other parts to procure Plants of the beft kindes."
,,,,,,,,medium,,whervppon,Whervppon,Whervppon,11,11,"1,2",spacy_FAC:10|spacy_LOC:1,,,,,,V01-P0082:1613,"Mr Thomas Keightley beinge formerly amongst others chosen an Au- dito’ for the Magazine Accomp"", now reported that although y° Court tooke some distaste att m' Essington touchinge the same, yett hee and the rest appoynted w” him haveinge Au || inge, Whervppon in his hs behalfe itt was said itt was impossible to || Whervppon the"
,,,,,,,,medium,,anglia,Anglia,Anglia,10,9,4,spacy_GPE:10,,,,,,V04-P0319:2430,"Et ulterius idem Dominus Rex per easdem litteras patentes suas ordinavit, stabilivit et agreavit pro se, heredibus et successoribus suis quod utraque earundem coloniarum haberet consilium utrumque quorum quidem ecousiliorum con- staret de t || septimo supradicto secum reputans bonwn et felicem successum predicte planta- cionis predicte prime colonie in Virginia preeipue pendere proxime sub benediccione det et sulievamine regie sue authoritatis super provida et bona directione tot || 12 patentes dedit et concessit plenas potestatem ct authoritatem predicto consilio ciusdemn domini Regis residenti in Anglia tam ad idem presens tempus quain tune impostertm de tempore in tempus nominare, facere, constituere, ordinare et eo"
,,,,,,,,medium,,baynam,Baynam,Baynam,10,10,"1,2,3",spacy_GPE:10,,,,,,V01-P0187:1271,"m’ Bull, m’ Scott, m’ Abdy, m’ Cranmer, m’ Shepheard, m’ Rugele, m’ Foxton, m'’ Ed: Palavieine m™ Nicholas Ferrar, m’ Berblovk m‘ Edwards m‘ Casewell, m' Cartwright, m’ Challoner, m™ Widdowes, m’ Whitley, m’ Georg Smith, m’ Baynam, m' Morew || m* Baynam. || m’ Baynam."
,,,,,,,,medium,,cattle,Cattle,Cattle,10,10,"1,2,4",spacy_GPE:7|spacy_LOC:3,,,,,,V01-P0093:937,"Next hee acquainted the Courte that the Comittees have agreed for Two Ships (if itt stand w™ the likinge of this Courte) for y° transpor- taéon of Cattle to Virginia for the Company, and those others w™ will ioyne w™ the Company in the Char || Moreover that every of the same Children last mené@oned w™ shall have thus served their Apprentiships and be placed and provided for as aforesaid shalbe Tyed to be Tefints or flarmers in manner & forme afore said for the space of Seaven yea || And to this effect m’ Deputy signified y' they had drawne a letter in the name of the Counsell and Company vnto m' Gookin declaringe that their intent and meaninge was itt should be lawfull and ffree for him and his ffacto™ to Trade barter "
,,,,,,,,medium,,elkington,Elkington,Elkington,10,10,"1,2",spacy_GPE:10,,,,,,V01-P0388:323,m' Elkington. || m’ Elkington. || m’ Elkington.
,,,,,,,,medium,,etheridge,Etheridge,Etheridge,10,10,"2,3",spacy_GPE:10,,,,,,V02-P0191:423,m’ Etheridge. || mn’ Etheridge. || m’ Etheridge.
,,,,,,,,medium,,howbeit,Howbeit,Howbeit,10,9,"2,3,4",spacy_GPE:10,,,,,,V02-P0042:36,"Howbeit y* said Counsell & Companie will with y* next oppertunity (accord- inge to their custome in causes of like nature) transmitt the said comp"" to y° Gouernor & Counsell resiant in Virginia y‘ if any Trueth may appeare in any part there || Howbeit it beinge afterward made euident vnto them and therevpon much vrged that the bringinge in of Spanish Tobacco for a certaine time was of that importance as might not be omitted. || concerninge the bringinge in of §60000: wt of§ Spanish Tobacco or otherwise to pmitt 40000 waight to be brought in by some other: W® Proposiéon for somuch as it seemed to repugne the mayne endes of their first intenéon they opposed it with "
,,,,,,,,medium,,hugh,Hugh,Hugh,10,9,"2,3,4",spacy_GPE:10,,,,,,V02-P0584:1378,"Crouch, Hugh, If, 74, 457. || Evans, Hugh. || Broker, Hugh, 80."
,,,,,,,,medium,,island,Island,Island,10,5,"3,4",spacy_GPE:9|spacy_LOC:1,,,,,,V03-P0628:1501,"your Comaundg, as farr as the necessetie of our pute affayrs will pmitt, But since our last by the George dated in Januarie 1621 k itt hath pleased God for ou’ manyfo[/d] sinns to laye a most lamentable Afflictione vppon this Plantacon, by  || Inprimis viz' that after the Maine Maste of the shippe called the Garland was loste at the Soiier Island@ in the storme menGoed in the Allegacon given on the behalfe of the said Wye in this Cause he the said Wye nor any other M' of any othe || Inprimis viz' that after the Maine Maste of the shippe called the Garland was loste at the Soiier Island@ in the storme menGoed in the Allegacon given on the behalfe of the said Wye in this Cause he the said Wye nor any other M' of any othe"
,,,,,,,,medium,,swine,Swine,Swine,10,10,"2,3,4",spacy_GPE:10,,,,,,V02-P0033:248,"In w™ fforrest of yo’ Ma” there is of Deare and wild Swine a verie great number that beinge preserued with care and iudgement from the continual] hauocke and spoile that is and wilbe made of them and their brood, By w” preservaéon yo"" Ma“ C || Att this time through (Gods blessinge) notw™standinge the great mortalities w in some of these fower latter years, haue generally seized vppon all those pts of America and besides the last ||late|| Massacre of aboute three hundred and ffift || most true it is Noble 8‘, that there they bee most plentifully to bee returned home, if soe bee it the meanes & skilfull workemen together wth fitt pvisions for those Labourers (vntill the Colour may quitt some of theis Charges, by planting"
,,,,,,,,medium,,canterbury,Canterbury,Canterbury,9,8,"1,2,3,4",spacy_GPE:9,,,,,,V01-P0299:974,"The Courte desyred y*‘ itt would please my Lord of South- ampton to ioyne with my Lords grace of Canterbury to solicite those Bishops by Eres for bringinge in of the same. || Archbishop of Canterbury. || George, Lord Archbishop of Canterbury —_—---."
,,,,,,,,medium,,collony,Collony,Collony,9,9,"1,2,3",spacy_GPE:9,,,,,,V01-P0160:937,"The Threasuror, Counsell, and Company of Aduenturers, & Planters of the Cittie of London for the ffirst Collony in Virginia, To all vnto whome these presents shall com to be seene or heard Greetinge, Wheras Captaine Edward Brewster hath hea || Itt was allso agreed that accordinge to amoéon made a Pattent should be graunted to m’ Pelham and his Associates for Transporting & plantinge of a Collony in Virginia. || Wherfore wee desyre that hee may be receaved of yo"" w™ that respect and love §as§ our earnest recomendagons doe require and his antient and continued endeavours both of pson and purse to the Plantaton doe deserve, and in pticu- ler y‘ the l"
,,,,,,,,medium,,comand,Comand,Comand,9,9,"3,4",spacy_GPE:9,,,,,,V03-P0273:282,"w J hope you will not deny vnles some other order be taken to furnish the Company w thing€ necessary And thus not havinge further to inlarge humbly Comittinge yo"" wo” & all yo"" indevours to god¢€ mercifull protection & direction I rest Yo™  || Giueing and graunting vnto the said 8"" George Yeardley full power and authoritie, to Comand, Gouern, and direct, and if need require to punish and corect whatsoeu? offending partie, as he in his diserescion, shall thinke fitt, his authority || Lastly I do straightly charge and Comand eu%y pticuler pson in this Vioage & employmt, not to trucke or trade w"" any Indian whatsoeu9, for Corne or any other thing, wout the speciall leaue of the said Capt Raph Hamor, but readily and willin"
,,,,,,,,medium,,east india,East India,East India,9,8,"2,4",spacy_LOC:9,,,,,,V02-P0070:897,"The Court thought fitt likewise to make m‘’ Thomas Kerridge, (the Comiaunder of the East India ffleet that last came home) a freeman and to giue him two shares of land in the same reguard. || M* Thomas Kirridge Comaunder of the East India ffleet that came last home who had also two shares of land giuen him. || Due East India school, LI, 496-497."
,,,,,,,,medium,,south,South,South|South-,9,9,"1,3,4",spacy_LOC:9,,,,,,V01-P0125:557,"Concerninge the difference of ffishinge betweene the South, and N°: Collony itt pleased m' Thier to signifie that although hee was very vnwillinge by reason of the multitude of other buisinesses, yett hee and the Comittee had intended the L || My lo: of Southampton signified vnto this Court that for somuch as the My !o: of South- time of S‘ George Yeardleys Comission of Gouernorshipp would ere 27 Pton moves longe be expired, beinge to continue but till November next: It was s: Ge || and South."
,,,,,,,,medium,,couneil,Couneil,Couneil,8,7,"3,4",spacy_GPE:8,,,,,,V03-P0741:7,"Couneil in Virginia— Continued. || Couneil for Virginia, 528. || Couneil for Virginia, 29."
,,,,,,,,medium,,courtes,Courtes,Courtes,8,7,"1,2,4",spacy_GPE:8,,,,,,V01-P0058:455,"The Courtes being read, m’ Treasuror putt the Court in remembrance of his former Proposiéons propounded in the Co” iij° Die Nouembris hauing before that propounded them to the Counsell, and lastly to [43] the Preparatiue Court, and desired  || Then hee Comended to the ConsideraGon and approbaéon of them three Things of mayne consequence—1: wheras fower shippsare lately dispeeded and another w*"" wilbe readie to goe by the last of this moneth w™ Pasengers & Provisions as itt was de || S' Edwin Sandys signified vuto this Courte that hee had a Proiect of S| Fdwin Sandys speciall importance w™ hee much desyred before the Acts of y* former > a Courtes were read to imparte vnto them, for that itt maynely con- y aiiaires in Vi"
,,,,,,,,medium,,parlyament,Parlyament,Parlyament,8,7,"1,2",spacy_GPE:8,,,,,,V01-P0229:392,"’ — _— fittinge to be moved att this next Parlyament. || men might be appoynted to drawe a bill to that purpose ageinst the next Parlyament that the poore may hereafter be sent to Virginia att the vharge of the parish where they live w™ hee wished the Company to consider of against the next Court || M’ Deputy acquainted the Court that the Counsell of Virginia vppon y° Companies earnest and importunate sollycitatéons had drawne vpp a Petiton to be presented to the Parlyament, w™ beinge read was as followeth."
,,,,,,,,medium,,poland,Poland,Poland,8,7,"1,2,3",spacy_GPE:8,,,,,,V01-P0220:931,"A Certaine writinge was exhibited to the Courte by one Gabriell Wisher a man well knowne to some of this Company, who vnder- standinge that divers Staple Comodities are intended to be sett vpp in Virginia maks offer to this Company to procu || Touchinge Gabriell Wishers former offer att the last Court to procure out of Sweadland, and Poland men skillfull in makinge Pitch, & Tarr, Pottashes, and Sopeashes, Dressers of Hemp and Flax, Clapbord and Pipestaues and for makinge Salt Pet || Gabriell Wisher haveinge presented himselfe vnto the Courte with offer of his service for procuringe of men skillfull in divers Comodi- ties out of Sweadland and Poland att an easie charge soe hee might have his Ma"": tres to the Kinge of Sw"
,,,,,,,,medium,,sallaries,Sallaries,Sallaries,8,8,"2,4",spacy_LOC:5|spacy_GPE:3,,,,,,V02-P0161:1857,"Wherevpon his lp: seeinge them satisfied in these thing€ said he would proceed and declare vnto them what Sallaries and reward¢ were || tions, m* Wrote excepted against the whole Court, sayinge he spake not those word¢ neither in manner nor forme as they were sett downe, and therefore moued that seinge the Court was eight weeke in settinge downe he might haue leaue sometime || therefore wished no Sallaries at all as yet or if Salaries then after a better waye then is nowe piscribed vnto w™ he said he would giue these Stepps."
,,,,,,,,medium,,shipps,Shipps,Shipps,8,5,"1,2,4",spacy_FAC:5|spacy_LOC:3,,,,,,V01-P0409:977,"M’ Deputy acquainted the Companie that worde was brought him #ke that the Marmaduke was returned from Virginia and was nowe in Ireland, and that although the Letters shee brought were not as yet come to his hand¢, yet he had receaued good n || M’ Deputy brought vnto this Court in writinge the opinions of the Coffittee touchinge the registringe of Passengers names that goe to Virginia in Shipps sett out by priuate men and not by the Companie the Coppie whereof is entred in the nex || Thirdly it is a thinge of marveylous great satisfacton to all men whose frends goe to Virginia to vnderstand when and howe they went: and the contrary is of exceedinge discontent and greife diuers psons cominge daylie from the far- thest pa"
,,,,,,,,medium,,societati,Societati,Societati,8,7,4,spacy_GPE:8,,,,,,V04-P0326:836,"nono supradicto per ipsum dominum Regem prefato Thesaurario et Societati periclitatorum et plantatorum predicte Civitatis Londonie pro predicta colonia in Virginia concessas pro meliori regimine predicte Societatis et colonie ordinavit et c || que maris de precinctu predicto simuleum toto illo solo, fundo, portubus, mineris tam regalibus mineris auri et argenti quam allis imineralibus, gemmis et preciosis lapidibus, quarreis, boscis, fuinibus, aquis, piscariis, commoditatibus, ju || redderent predictos dilectos subditus eiusdem domini Regis plantatos in predieta colonia sua sub favere et proteccione dei omnipotentis et regalis potestatis et authoritatis ex eiusdem domini Regis speciali gratia, certa seienfia ¢t mere mo"
,,,,,,,,medium,,sumerscale,Sumerscale,Sumerscale,8,6,2,spacy_GPE:8,,,,,,V02-P0578:788,"Sumerscale’s plan, I, 365. || Sumerscale’s patent, I, 398. || Sumerscale’s patent, I, 398."
,,,,,,,,medium,,tower,Tower,Tower,8,8,"1,2,3,4",spacy_FAC:7|spacy_GPE:1,,,,,,V01-P0027:1333,"Stephen Sparrowes request for the personall adventures of Tower servants w'"" he sent to Virginia is referred to the Auditors vpon Munday morning. || sett ouer vnto her, her Husbands Executorshippe vnles shee sett her hand and Seale to that writinge, the matter whereof shee said shee did not well vnderstand, contrariwise shee iustified her former complainte made to the Kinge against Capt || Contrariwise shee iustified her former complaint made to the Kinge against Captaine Argall, protestinge shee was by noe other meanes moued therevnto but by the wrong¢ he had donn her and that the petiéon was drawne by a freind of hers at he"
,,,,,,,,medium,,vireinta,Vireinta,Vireinta,8,8,"3,4",spacy_GPE:8,,,,,,V03-P0150:1476,"Treasurer and Councin For Vireinta. || Governor anp Councitu mv Vireinta. || From whence ariseth an assurance [4] that (by the assistance and skill of industry) those rich Furres, Cordage, and other Commodities, which with difficulty and danger are now drawn from Russia, will be had in Vireinta and the parts adioyni"
,,,,,,,,medium,,west indies,West Indies,West Indies,8,8,"2,3,4",spacy_GPE:7|spacy_LOC:1,,,,,,V02-P0051:1486,"After w 8’ Edwin Sandys appealed to the iudgement of the Court whither these charges against Captaine Argall had their originall from him or from other who are nowe reputed to be his best freinde: True it twas that one thinge fell out in hi || After w 8’ Edwin Sandys appealed to the iudgement of the Court whither these charges against Captaine Argall had their originall from him or from other who are nowe reputed to be his best freinde: True it twas that one thinge fell out in hi || Howbeit they thought that as by the rigor of the former Contracto’ the Planters had bin driven to seeke forraigne part€ for their mar- chandize, so nowe by the good vsage w™ they might receaue vpon this graunt of sole Importaéon and sole se"
,,,,,,,,medium,,willia,Willia,Willia,8,5,"1,3",spacy_GPE:8,,,,,,V01-P0147:2070,Willia Barret gent assigned to S' Henry Croft€ 1 Share of Land salemeneiara eal || -- 12 Robert Barker--_------ 25 'Samuell Burneham 12 | Edward Barkley__---~_--- 12 Willia Bennet_. || - -- 25 Benjamin Bland 12 Willia Burrell___--.
,,,,,,,,medium,,wittnesse,Wittnesse,Wittnesse,8,8,3,spacy_GPE:8,,,,,,V03-P0377:1041,"But if he shalbe Chased or encountred by any man of warr or other saile whatsoeu? That shall goe about to hinder his peeedinge or to doe him any violence In such cases accordinge to the power graunted to vs by his Mati? We will and comaund  || In Wittnesse whereof the said Freasure™ and Companie wee haue herevnto caused the comfion Seale of the Company to be anexed. || In Wittnesse whereof wee haue caused the Coiyion Seale of the Companie to be herevnto affixed Dated this 24"" August in the yeare of our Lord God 1621 And in the Nineteenth yeare of the King@ Ma* raigne of England firance and Ireland and of "
,,,,,,,,medium,,northborn,Northborn,Northborn,7,7,"3,4",spacy_GPE:7,,,,,,V03-P0195:814,"But at my coming to Northborn on Wendsday the 11% of this present, I found the Ship gone the day before. || Sandys, Northborn to John Farrar Sept 20 1619. || Northborn."
,,,,,,,,medium,,oxen,Oxen,Oxen,7,6,"1,2,3,4",spacy_GPE:7,,,,,,V01-P0437:1815,"Vpon the humble petiéon of Elizabeth Smalley widdowe it is ordered that shee shall haue the porton of land that is due vnto her and touchinge her clayme of twoe yoake of Oxen and other Cattle remayn - inge in Virginia that Shee desires to s || At the same time was presented the peti¢on of Widdowe Smalley con- cerninge fower Oxen in the Colony wherevnto she pretended right by Graunt from Capt: Argall, The same Oxen hauinge formerly bin her Husbands, vpon occasion of w™ petiéon rep || At the same time was presented the peti¢on of Widdowe Smalley con- cerninge fower Oxen in the Colony wherevnto she pretended right by Graunt from Capt: Argall, The same Oxen hauinge formerly bin her Husbands, vpon occasion of w™ petiéon rep"
,,,,,,,,medium,,seldon,Seldon,Seldon,7,7,"1,2",spacy_GPE:7,,,,,,V01-P0209:387,m' Seldon. || m’ Brooke m’ Seldon || m’ Seldon.
,,,,,,,,medium,,southerton,Southerton,Southerton,7,7,"2,4",spacy_GPE:7,,,,,,V02-P0285:888,m’ Southerton. || m’ Southerton. || m’ Southerton.
,,,,,,,,medium,,stubbs,Stubbs,Stubbs,7,7,"1,2",spacy_GPE:7,,,,,,V01-P0218:2088,"eer“ One bill of 25"" from Thomas Maddox gent to m’ Stubbs. || m’ Stubbs. || mn’ Stubbs."
,,,,,,,,medium,,accompts,Accompts,Accompts,6,6,"1,2",spacy_GPE:6,,,,,,V01-P0188:803,"The late distracéons of the Company by partiallities and facéons are first to be removed and that by takinge away the causes of them which are two: 1: matte™ of Accompts. || 3 oppression of the Collony w"" wrongs to pticuler psonns Lett each parte be commended to two choyce men who may make them fitt for hearinge against Alhalloutide next, So that the next Quarter Courte passinge a fynall sentence in the buisine || isin i ** after a fortnights lawefull warninge given him bring in his Accompts to the Courte to be audited, and in defect of a Courte to the Deputy and generall Comittees."
,,,,,,,,medium,,aduenturer,Aduenturer,Aduenturer,6,6,2,spacy_GPE:6,,,,,,V02-P0141:2117,"Capt: Martin moued the Court that for somuch as they would not graunt him that proporéon of land w™ he pretended to be due vnto him (w™ he said ought to be 500 acres for a share) they would rede- liuer vnto him his old Patent, The Court bla || Capt: Martin moued the Court that for somuch as they would not graunt him that proporéon of land w™ he pretended to be due vnto him (w™ he said ought to be 500 acres for a share) they would rede- liuer vnto him his old Patent, The Court bla || 3 That the charge of imposiéons be made certaine vpon the pound, be the quantitie more or lesse that comes in, that both the Planter and Aduenturer may knowe the vttermost of his charge."
,,,,,,,,medium,,captayne,Captayne,Captayne,6,5,3,spacy_GPE:6,,,,,,V03-P0204:2114,Nowe knowe yee That wee the said 8 Willm Throkm9ton Richard Berkeley George Thorpe and Iohn Smyth by vertue and force of the authority and power given vnto vs in and by one Indenture bearinge date the third day of ffebruary last past before || Nowe knowe yee That wee the said 8 Willm Throkm9ton Richard Berkeley George Thorpe and Iohn Smyth by vertue and force of the authority and power given vnto vs in and by one Indenture bearinge date the third day of ffebruary last past before || Tim wheras the said John Woodleefe hath at his owne charges about Aprill last transported fower men into Virginia beinge in his family nowe there abydinge with his wife and children who are by severall agreemente by severall Indentures to s
,,,,,,,,medium,,china,China,China,6,6,3,spacy_GPE:6,,,,,,V03-P0520:600,"270 Right wo™!: it may please yo” to vnderstande, that haueinge (according to yo"" request) enquired of the East Indya shipp the James Ryale) I doe find hir ladinge to be most peper, haueinge in hir of that Cofioditie about 900 C° Tonns, som || Furthermore, they write that in a Voyage made by Lieutenant Marmaduke Parkinson, and other English Gentlemen, vp the Riuer of Patomack they saw a China Boxe at one of the Kings houses where they were: Being demanded where he had it, made an || the Discouery whereof will bring forth a most rich trade to Cathay, China, Iapan, and those other of the Hast Indies, to the inestimable benefit of this Kingdome."
,,,,,,,,medium,,cittizen,Cittizen,Cittizen,6,5,"1,2,3",spacy_GPE:6,,,,,,V01-P0246:628,"S' Edwyn Sandys moved that in regard m’ Edward Bennett a Cittizen had so well deserved of this Company by a treatise w™ he made touching the inconvenience that the importaéon of Tobacco out of Spaine had brought into this land: and by his o || Also he assigneth six shares of land in Virginia vnto m’ Thomas Mel- linge Cittizen and Ironmonger of London formerly belonginge to Capt Raph Hamer. || The younge Lo: Lawarre and the Lady Lawarre his mother, she as Executrix of the last will and testament of the Lord Lawarre deceased assigneth ouer fiue shares of land in Virginia of the personal] Shares vuto m*‘ Iohn Parkhurst Cittizen and"
,,,,,,,,medium,,country,Country,Country,6,6,"2,3",spacy_GPE:6,,,,,,V02-P0048:2843,"Wee cannott iffagine why you should giue vs warninge y* Opachankano and the Natiues haue giuen their Country to m™ Rolf¢ Child and that they will reserue it from all others till he comes of yeares except as wee suppose as some || They leaue it to his Lps: graue consideraton whither the forbiddinge to plant Tobacco in England: and the coffaundinge thereof to be brought in from a forraigne Country, beinge conceaued to haue bin a chiefe cause of the want of money in th || And whereas allso his grations Ma by other his Lres-patent¢ vnder the greate Seale of ugland bearing date at Westm? the twelveth day of March in the nynth yeare of his Raigne of England ffraunce and Ireland and of Scotland the fyve and fort"
,,,,,,,,medium,,countrye,Countrye,Countrye,6,5,"3,4",spacy_GPE:6,,,,,,V03-P0031:1464,Sir Having addressed latelye of L® to the Coronells and oth’ cheife Cofiiaunders of the Englishe in those Netherland partes for the advauncing of the woorféJhie enterprise of planting Coloneyes of o' Natyon in the fruitfull and rich Country || this Countrye. || lost lesse than 500 by sicknes Qvith a generall weaknes of the rest) welt! _ i taken out of so small a number (farre short of yor Conicctures) 1 belieue the men tec haue not left behind them so manie able men in the Countrye.
,,,,,,,,medium,,crowne,Crowne,Crowne,6,6,"1,3,4",spacy_GPE:6,,,,,,V01-P0129:240,"intollerable, & therefore held it convenyent that hee should have no fees att all butt that the Comp*: would allowe him certaine Land and Tennte, and so to live vppon that butt for his Clarke to allow him 6° or 4"" in the Crowne ther sett do || And here I wilbe bould to putt the Councell in mynde of one princi- |@wes to hold y pall parte of their dutie and Oath to have eare by wise and pollitique me yee constituéons to hold the Collony in assurednes of firme and ppetuall loyalltie || Crowne."
,,,,,,,,medium,,dominus,Dominus,Dominus,6,5,4,spacy_GPE:6,,,,,,V04-P0320:2374,"Et ulterius idem Dominus Rex per easdem litteras patentes suas stabi- livit et ordinavit quod Henricus, Comes Southamptonie, Willelmus, comes Pembroke, Henricus, comes Lineolnie, Thomas, comes Exonie, Robertus, Dominus vicount Lisle, Dominu || Et ulterius idem Dominus Rex per easdem litteras patentes suas stabi- livit et ordinavit quod Henricus, Comes Southamptonie, Willelmus, comes Pembroke, Henricus, comes Lineolnie, Thomas, comes Exonie, Robertus, Dominus vicount Lisle, Dominu || Edmundus, Dominus Sheffeild, Gray, Dominus Chandois, Johannes, Dominus Stanhope, Ceorgius Dominus Carewe, Tumfridus Weld, Dominus maior de Londonia, Edwardus Cecill, miles, Willelmus Wade, miles, Henricus Nevill, miles, Thormas Smyth, miles"
,,,,,,,,medium,,florida,Florida,Florida,6,4,"2,3",spacy_GPE:6,,,,,,V02-P0628:1106,"By the description of the main land of Florida, her next neighbor: oe Written by a Portugall gentlemen of Elnas, emploied in al) action, and translated out of the Portuguese by Richard Hacklvyt. || The coasts of Florida to the West, being not so har- borous; || For the Sea wherein Master Hudson did winter, which was first discouered by him, and is therefore now called Mretum Hudson, doth stretch so farre towards the west, that it lieth as farre westward as the Cape of Florida: So that from the Fal"
,,,,,,,,medium,,goates,Goates,Goates,6,6,"1,2,3",spacy_GPE:6,,,,,,V01-P0059:1766,"The latter, S"" Tho: Dale building vpon those foundaéons w™ great & constant seuerity, reclaymed almost miraculously those idle and disordered people and reduced them to labour and an honest fashion of life, and proceeding w"" great zeale to  || either the land aforesaid or Any Tennant, Servant, Rent, or Trybute Corne Cowe, or Saltworke and butt six Goates onely w""outt one penny yeilded to the Company for their so great losse in way of Accompt or restituGon to this very day. || 8 I found y*® Antient Plantations of Henrico, & Charles Citty wholly quitted and lefte to y° spoile of y® Indians who not onely burned y® houses saide to be once y° best of all others, but fell Vppon y° Poultry, Hoggs, Cowes, Goates, and Ho"
,,,,,,,,medium,,infidells,Infidells,Infidells,6,6,"2,3",spacy_LOC:6,,,,,,V02-P0138:39,"perished by the Infidells that the prosecutinge and followinge of that moéon might be recomended to the Hono” Lord¢ whose presence was in the Afternoone expected w™ was thought verie seasexe’” necessarie and ordered. || perished by the Infidells that the prosecutinge and followinge of that moéon might be recomended to the Hono” Lord¢ whose presence was in the Afternoone expected w™ was thought verie seasexe’” necessarie and ordered. || Amongst the many memorable works of yo"" Ma“: gratious Raigne those of the Plantaéons of Virginia and the Soffer Ilands are not the least, The begininge of w™ enterprize beinge the first fforraigne Colony planted by our nation accompanyed w™"
,,,,,,,,medium,,italy,Italy,Italy,6,5,"1,2,3",spacy_GPE:6,,,,,,V01-P0231:1974,"M’ Deputy signified that hee had receaved good store of Silkworme Silk wormes seed both out of Fraunce, Italy, and Spaine, and doubted not of much — i” * more verie shortlie, soe that their greatest want wasof menskillfullin = the orderinge || M’ Deputy signified that itt was thought fitt a Pinace should be pro- vided to be redy against September next for carryinge the Silkworme seed for w™ my Lord had write into Italy, Fraunce, and Spayne, w® is pmised to be here by that time. || Italy, I, 431, 483."
,,,,,,,,medium,,ivne,Ivne,Ivne|IvNE,6,6,"1,2",spacy_GPE:6,,,,,,V01-P0151:1937,"The Garland of 250—Tunn sent in Ivne 1619 w* 45 Personns who are yett deteyned in the Summer Islands. || The passage of 2 Wheras by a former order of Courte in Ivne last vppon the humble || m™’ Thomas Iadwin moved that wheras Thomas Woodliffe stands indebted vnto him (§as§ by bond dated the 8: of Iuly may appeare) in the some of 20"" for Comodities lent him then att his goinge ouer to Virginia w™ should have been paid in Ivne f"
,,,,,,,,medium,,januarie,Januarie,Januarie,6,5,3,spacy_GPE:6,,,,,,V03-P0047:278,"men might be provided and sent in Januarie. || To the setting up whereof, we have this yeare alredy sent three Fifties of persons: One in Januarie wt"" S' G. || My Desire is to make those Fifties up so manie Hundreds, to be sent away in the end of Januarie next."
,,,,,,,,medium,,negroes,Negroes,Negroes,6,6,"2,3,4",spacy_GPE:6,,,,,,V02-P0352:348,"fall to so vnvaluable a rate as not to defray the verie custome and other neces- sarie charges: Secondly it being true w™ was deliuered before yo"" ll*""* that meaner sorte of Tobacco in Spaynel|=-§may be bought at this day for the value of 6 || Butt findinge Cap* Argall the setter of [291] her out, Depted from thence, shee w“drew herselfe instantlie from the new Gou- erno™ power and went to y° Somer Ilands then discharginge her booty, In w were a certaine nomber of Negroes; || and the Earle of Warwick referringe his Claime to the Iudgment of the Courte, itt was ordered that Nyne of the same Negroes should be deliuered to Cap‘ Kendall, and the rest to be consigned to y° Companies vse w™ the new Gouerno™ Cap‘ Berna"
,,,,,,,,medium,,newfoundland,Newfoundland,Newfoundland,6,6,"1,3,4",spacy_GPE:6,,,,,,V01-P0049:874,"Then he spoke of the way of transporting these persons, w’ by reason of the intollerable charge the Company is at by sending ships, that that course should be left of and rather send by those that trade to Newfoundland at Six poundeé a man, || His next Proposiéon was, for the manno' of transporting these per- sons thus to make vp ffiue hundreth for the Publiq, Land, wherein he advised, that they should not as heretofore hire Shipping for this purpose, whereof euery Shipp at his r || M’ Deputy acquainted the Court that one m‘ Leat a Minister beinge heretofore in Newfoundland and preacher there whome m'‘ Slany the marchant comended for his ciuill and good carriage the said m‘ Leat hauinge upon conference wth some of Virg"
,,,,,,,,medium,,philip,Philip,Philip,6,6,"3,4",spacy_GPE:6,,,,,,V03-P0730:1843,"Barnes, Philip, 565. || Jacobson, Philip, 64, 85, 327, || Mutes, Philip, 330."
,,,,,,,,medium,,privy councin,Privy Councin,Privy Councin,6,6,"3,4",spacy_GPE:6,,,,,,V03-P0004:123,"Kane anp Privy Councin. || Perrrion to Privy Councin June (?), 1622 || Privy Councin, OrbrER AND Lerriers"
,,,,,,,,medium,,sugar,Sugar,Sugar,6,6,"2,3,4",spacy_GPE:6,,,,,,V02-P0086:403,"3 m* Robert Carles who had liued 20 yeares in the West Indies and i6 yeares in the East Indies beinge but newly arrived out of his good affecton to the Plantation havinge in writinge sett downe the order- inge curinge and plantinge of Rice, || The planting of Vines and Mulberry-trees neere to their houses, Figg-trees, Pomgranats, Potatoes, and Cotton-wooll seedes,‘ Pocoon, Indico, Sugar-Canes, Madder, Woade, Hempe, Flaxe, and Silke-grasse; || Vines of all sorts, Orange and Leman trees, Sugar canes, Cassado roots (that make bread) Pines, Plantans, Potatoes, and sundry other Indian fruites and plants, not formerly seene in Virginia, which begin to prosper very well."
,,,,,,,,medium,,woods,Woods,Woods,6,5,3,spacy_GPE:6,,,,,,V03-P0316:2604,"The Iren, which hath so wasted our English Woods, that it selfe in short time must decay together with them, is to be had in Virginia, (where wasting of Woods is a benefit) || We omit here a multitude of other naturall Commodities, dispersed vp and downe the diuers parts of the world: of Woods, Rootes, and Berries, for excellent Dyes: of Plants and other Drugges, for Physicall scruice: of sweet Woods, Oyles, and  || This spatious and fruitful Country of Viren, is (as is generally knowne to all) naturally rich, and exceedingly well watered, very temperate, and healthfull to the Inhabitants, abounding with as many naturall blessings, and replenished with"
,,,,,,,,medium,,bromfeilde,Bromfeilde,Bromfeilde,5,5,"1,2",spacy_GPE:5,,,,,,V01-P0097:646,m' Bromfeilde. || m' Bromfeilde. || m'’ Bromfeilde.
,,,,,,,,medium,,buckingham,Buckingham,Buckingham,5,3,"2,3",spacy_GPE:5,,,,,,V02-P0617:1962,"To Marquis of Buckingham, I, 140. || Buckingham. || Buckingham, 193."
,,,,,,,,medium,,comittees,Comittees,Comittees,5,5,"1,2",spacy_GPE:5,,,,,,V01-P0209:927,"to keep Courte, yett hee doubted not butt those Comittees that hadd || orderginen tosend the Counsell and Comittees haveinge mett aboute itt have given order || ions either for the approbaéon or otherwise of what he should nowe propound vnto them, w™ he said himselfe the Counsell and Comittees had taken into their consideraGons not with intent to conclude any- thinge nor to preiudice the Court¢, bu"
,,,,,,,,medium,,d lawne,D’Lawne,D’Lawne,5,5,2,spacy_GPE:5,,,,,,V02-P0014:528,m’ D’Lawne. || m’ D’Lawne. || m’ D’Lawne.
,,,,,,,,medium,,docto,Docto,Docto,5,4,"1,4",spacy_GPE:5,,,,,,V01-P0237:1436,"[183] Docto’ Gulston. || Docto"": Winstone. || Docto"": Anthony."
,,,,,,,,medium,,east,East,East,5,5,"3,4",spacy_LOC:5,,,,,,V03-P0107:388,"ginia and in reward thereof as also in regard of two single shares in money paid into our treasury granted unto you the said Captain Yeardley all that parcel of Marsh ground called Weynock and also one other peice and parcel of Land adjoini || to George Harrison of Charles Cittee gentleman a newe planter (who hath aboade here three yeares, and hath defrayed the Chardge of his owne passage att his Coffiing hither) and to his heires and assignes for euer, for his first genera lt di || and of New England to the East, somewhat more out of the way, amongst so many [47] Flats and small [lands not so safe."
,,,,,,,,medium,,easter,Easter,Easter,5,5,"3,4",spacy_LOC:5,,,,,,V03-P0276:1554,"S* Edwin Sandes cannott be Continued tfrer by the act of the company vpon his former elec@on, for that is against the Lawe of the company that all officers shall cease at the quarter courte Day in Easter terme yearely; || Mean tyme, I pray y* keep Wendsday Coort: though for no other busines, yet to revive the three Committees set on foot before Easter. || An answere to a Declaraéon of the present state of Virginia which was presented to his Mat’ in Easter weeke laste by parte of the Companie for Virginia vsurpinge the name of the whole Companic when in truth ad parte of the whole Conipanie w"
,,,,,,,,medium,,edmund,Edmund,Edmund,5,4,3,spacy_GPE:5,,,,,,V03-P0728:1346,"Allen, Edmund, 80, 317. || Gibbes, Edmund, 60. || Hun, Edmund, 65."
,,,,,,,,medium,,englishe,Englishe,Englishe,5,5,"3,4",spacy_GPE:5,,,,,,V03-P0031:1319,"Sir Having addressed latelye of L® to the Coronells and oth’ cheife Cofiiaunders of the Englishe in those Netherland partes for the advauncing of the woorféJhie enterprise of planting Coloneyes of o' Natyon in the fruitfull and rich Country || That no man doe sell or give any of the greatter howes to the Indians, or any English dog of quality, as a mastive, greyhound, bloodhounde, lande or water spaniel, or any other dog or bitche whatsoever, of the Englishe race, upon paine of f || Tim wheras the said John Woodleefe hath at his owne charges about Aprill last transported fower men into Virginia beinge in his family nowe there abydinge with his wife and children who are by severall agreemente by severall Indentures to s"
,,,,,,,,medium,,europe,Europe,Europe,5,4,"2,3",spacy_LOC:5,,,,,,V02-P0415:326,"I protest vnto you by y° faith of an honest man, the more I range the Country, the more I admire it, [288] I haue seene the best Countries in Europe, I protest vnto you before the Liuinge God, put them altogether, this Country wilbe equival || W"" report m* Iohn Smith affirmed to agree w™ what he had heard from his owne mouth deliuered to diuers worthy persons here in England, protesting from his heart vnfaignedly, that in his iudgm* out of ffoure of the best Kingdomes in Europe,  || And how that in December last they had planted and cultiuated in VIRGINIA Vines of all sorts, (as well those naturally growing, as those other Plants sent them from these parts of Europe) Orenge and Lemon-trees, Figge-trees, Sugar-Canes, Co"
,,,,,,,,medium,,hayles,Hayles,Hayles,5,5,3,spacy_GPE:5,,,,,,V03-P0280:40,"of Hayles in the said county Esq of the other pte. || And furthermore we the said St W™ Throkm9ton Rich: Berke- ley George Thorpe and John Smyth doe hereby ordayne lymit appoynt instruct & direct that whatsoever the said John Woodleefe shall hereafter doe or attempt to doe by or vnder color of || men & weomen from the ptes of Hayles to Bristoll, and the hire of some horses dyet & lodginge at the horshooe and at m™* Lewis house and lodginge of many servant¢ as by seuerall bills appeareth over & besides what m™ Smyth thought indiffere"
,,,,,,,,medium,,ianuary,Ianuary,Ianuary,5,5,1,spacy_GPE:5,,,,,,V01-P0047:1069,"ffirst in Ianuary last there went ffifty men w' S' George Yeardley to be Tenante of the Gouernors land, whereof there failed by the way two or three, and six were now remayning to him of Capt Argolls guarde. || of which—1000 for the Colledge for the conuersion of Infi- dells: The next care was for the placing Tenants vpon these Lande: In Ianuary last there went w™ S' Geo. || monneys due by him and others in Ianuary next for the sattisfiinge y° monny w be"
,,,,,,,,medium,,indico,Indico,Indico,5,5,"2,3",spacy_GPE:5,,,,,,V02-P0071:149,"East Indies beinge likewise verie skillfull in orderinge curinge and plantinge of Rice Cotten-woole Sugar-Canes, Indico, Cassado, Roote, &c, of some whereof he had written a Treatise and beside was in part determined to goe himselfe to Virg || 3 m* Robert Carles who had liued 20 yeares in the West Indies and i6 yeares in the East Indies beinge but newly arrived out of his good affecton to the Plantation havinge in writinge sett downe the order- inge curinge and plantinge of Rice, || marchats bring fré thence eochinilo, Indico, wines, fruites, oyle, gold & silver."
,,,,,,,,medium,,johannes,Johannes,Johannes,5,5,4,spacy_GPE:5,,,,,,V04-P0304:295,"curia dicti domini Regis coram ipso Rege apud Westmonasterium die Martis proxima post crastinum animarum isto eodem termino et pro eodem domino Rege dat curie hic intelligi et infurmari quod Nicholaus ffarrer, Edwinus Sandis, miles, Johanne || marinis illis in hoc regnum Anglie necnon fines et amerciamenta ad libitum suum taxare et imponere super quibuslibet personis negotiantibus, Angliee, tradinge, cun aliquibus mereandizis vel aliis rebus quibuscunque in partibus transmarinis  || qua lecta ct audita iidem Nicholaus ffarrer, Thomas Wheatley, Rieardus Caswell, Johannes Culfe, Gabricl Barber, Gcorgius Scott, Johannes Kirrell [et al."
,,,,,,,,medium,,lake,Lake,Lake,5,5,2,spacy_LOC:5,,,,,,V02-P0157:881,m’ Lake. || m’ Lake. || m’ Lake.
,,,,,,,,medium,,lottery,Lottery,Lottery,5,5,"1,3",spacy_GPE:4|spacy_FAC:1,,,,,,V01-P0015:928,"That m* Thier moue the Quarter Court to take order for the paying of prizes in the Lottery. || §"" Edwin Sandys made 2 requests one that wheras att returne of the ee Certificate from the Ships ther wilbe due to pay 2150"": for which me ai os himselfe and m™ Deputy are engaged that for their securyty such stands ingagea Lottery monny as || Wheras itt is agreed that a Ship shall presentlie be sent w 120: Per- sons and that a warftnt should be made to the Officer of the Lottery for paym' of 2000"": to the Comittee for their better securitie for w™ they are to accompt for the war"
,,,,,,,,medium,,new york,New York,New York,5,5,3,spacy_GPE:5,,,,,,V03-P0387:1487,"Smyth of Nibley Papers, Smyth, 3 (24), Pages 125-126 Document in New York Publie Library. || Document in New York Publie Library || Smyth of Nibley Papers, Smyth, 3 (26), Pages 129-131 Document in New York Publie Library List of Records No."
,,,,,,,,medium,,peru,Peru,Peru,5,3,3,spacy_GPE:5,,,,,,V03-P0570:754,"So the Spaniard made great vse for his owne turne of the quarrels and enmities that were amongst the Indians, as throughly vnderstanding and following that Maxime of the Politician, Diude & impera, Make diuisions and take Kingdomes: For thu || After the death of Guainacapa king of Peru, his sonnes Attabalippa and Gascar falling to war about the kingdom, & each of thé striuing to make the Spaniard to his friend, Francis Pizzarro managing those their diuisions onely to his owne end || After the death of Guainacapa king of Peru, his sonnes Attabalippa and Gascar falling to war about the kingdom, & each of thé striuing to make the Spaniard to his friend, Francis Pizzarro managing those their diuisions onely to his owne end"
,,,,,,,,medium,,powhatan,Powhatan,Powhatan,5,5,"2,3",spacy_GPE:5,,,,,,V02-P0032:1784,"Humbly sheweth to yo"" most excellent Ma“* that whereas in time of S' Tho: Dale Gouernor for yo"" Ma“ in Virginia there was a great quantitie of Woodland Marish and other grounds beinge in cireum- ference by estimaéon fower score Miles or the || The sayde Counsell and Companie for aunsweare therevnto saye that they acknowledge no Kinge of Virginia but Kinge Iames, of and vnder whome they hold and not from |king|| Powhatan so named by the Petitioners. || Brother had by Powhatan’s Daughter w™ Child is yet lyvinge and in his eustodie) It was ordered [63] that the Gouernor and Counsell of Virginia should cause enquirie be made what Landé and goodes the said Iohn Rolfe died seized of;"
,,,,,,,,medium,,revenues,Revenues,Revenues,5,5,"1,2,3",spacy_FAC:5,,,,,,V01-P0354:1646,"Whereas the Comittee appointed to treat with m’ Copland about the buildinge of the East India Church or Schoole, in Virginia towards w a Contribuéon of 70"" was freely ginen by some of the East Indy Company that came home in the Royall Iames || These reasons beinge generally approued and confirmed by many in the Court m’ Rider said he had somewhat to add to that w was spoken by S' Edwin Sandys vizt that the Plantations in the West Indies were founded by the Kinge of Spayne out of  || ury and Revenues wm’ Balmford."
,,,,,,,,medium,,salisbury,Salisbury,Salisbury,5,5,"2,3",spacy_GPE:5,,,,,,V02-P0617:424,"Salisbury, Lord. || of Salisbury passed to Capt Brett__. || We by virtue of said grant do earnestly pray and desire you M* Mayor, Mr Recorder, and the Aldermen of the City your brethren to be assistants to our deputies Gabriel Barber and Lott Peere being also members of our Company, to whom, for the"
,,,,,,,,medium,,sampson,Sampson,Sampson,5,4,"2,3",spacy_GPE:5,,,,,,V02-P0619:1903,"Sampson, II, 529. || JXnowe yee that I S* Francis Wyatt kt Governot & Cap’ generall of Virginia, out of the confidence that I haue in the discretion and valo’of my trustie & welbeloued frend Willm Eden alias Sampson Maister of the good Shipp the Furtherance, no || Grauntinge vnto the said Wititm Eden alias Sampson full power and authoritie, that if he be chased or encountred in this his vioage by any man of warr or other, that to his vttmost power he repell and resist them, and himself, his Shipp, an"
,,,,,,,,medium,,savages,Savages,Savages,5,5,"3,4",spacy_LOC:5,,,,,,V03-P0018:877,"Besides it is not safe to lett any of the Savages dwell betwene you and the Sea— least. || regard that no arte or trade tendinge to armes in any wise as Smythey Carpentry of or such like be taught the Savages or vsed in their Presence as they may learne therein: || 5 Item that the best meanes bee used to draw the better disposed of the Natiues to Converse w™ o° people and labor amongst them wt Convenient reward, that therby they may growe to a likeing and loue of Ciuillty, and finallie bee brought to "
,,,,,,,,medium,,schoolem,Schoolem,Schoolem,5,4,"1,3",spacy_GPE:5,,,,,,V01-P0344:1256,"That for the better mayntenance of the Scholem’ and Vsher intended there to be placed it was thought fitt that it should be moued at the next Quarter Co™ that 1000 acres of land should be allotted vnto the said Seolle, and that 5 psons besi || It is ikewise thought fitt that a good Schoolem' be prouided forthwith to be sent vnto this Scoole. || Whereas the Comittee appointed to treat with m’ Copland about the buildinge of the East India Church or Schoole, in Virginia towards w a Contribuéon of 70"" was freely ginen by some of the East Indy Company that came home in the Royall Iames"
,,,,,,,,medium,,seotland,Seotland,Seotland,5,5,3,spacy_GPE:5,,,,,,V03-P0091:1724,"Given at Bermuda City this 20! of ffebraury in the 15"" year of the Reign of Our Soveraigne Lord J&mes by the Grace of God King of England &e and of Seotland the 51 And in 11” Year of this plantation Afio Dini 1617 Extract & recordat per Jo. || did peure from the Treasorer and company of Adventurers and planters of the city of London for the first Collony in Virginia by the advise and consent of the Counsell of the same One Indenture of Covenants and grants sealed w® their Comon s || and in the yeere of the Raigne of our Soueraigne Lord Lames, by the grace of God, King of England, Seotland, France, and Ireland, Defender of the Faith, &e."
,,,,,,,,medium,,shipping,Shipping,Shipping,5,5,"2,3,4",spacy_GPE:5,,,,,,V02-P0360:481,"The Court being moued for a Pattent for m* Roper & m’ ffitzieffories: vndertaking to transport One hundred persons, & being to goe ouer themselues this next Shipping to Virginia, ordered a Pattent to be drawne vp for them against the Quarte || Nowe for the further encrease of Shipping and incouragem' of the owne™ of shipps the Adventurers by sea in such fishing voyages the mariners and Sea men usually imploied therein and all others theron depending to Continue and goe forwarde i || 27 Item whereas wee haue many times found losse & interuption in ot buissines throught want of frequent relacon fro Virginia wee therfore requier you att least to make a quarterly dispatch vnto vs, the duplicate wherof to bee duely sentt by"
,,,,,,,,medium,,societate,Societate,Societate,5,3,4,spacy_FAC:5,,,,,,V04-P0305:894,"persone vel quibuscunque personis ad eorum libitum, acetiam habere diversa communa sigilla pro omnibus et singulis causis et negotiis suis agendis et illa ad libitum suum frangere, mutare et de novo facere acetiam habere potestatem et autho || persone vel quibuscunque personis ad eorum libitum, acetiam habere diversa communa sigilla pro omnibus et singulis causis et negotiis suis agendis et illa ad libitum suum frangere, mutare et de novo facere acetiam habere potestatem et autho || persone vel quibuscunque personis ad eorum libitum, acetiam habere diversa communa sigilla pro omnibus et singulis causis et negotiis suis agendis et illa ad libitum suum frangere, mutare et de novo facere acetiam habere potestatem et autho"
,,,,,,,,medium,,treasorer,Treasorer,Treasorer,5,5,"3,4",spacy_GPE:5,,,,,,V03-P0044:1351,"All advantage of exception to the vneertentie and insufficiencie of the said bill of Complaint to this defendt being now and at all tymes hereafter saved, he this said defend for answere vnto such and so many of the matters in the said bill || Nowe knowe yee That wee the said 8 Willm Throkm9ton Richard Berkeley George Thorpe and Iohn Smyth by vertue and force of the authority and power given vnto vs in and by one Indenture bearinge date the third day of ffebruary last past before || {Addressed by self:] To the Honored and my much respected frend S* Edwyn Sandys Kt, Treasorer for the Virginia Company these."
,,,,,,,,medium,,virg,Virg,Virg,5,4,"3,4",spacy_GPE:5,,,,,,V03-P0098:1422,"It was next supposed and thought meet that every man to be sent for this Devision of Land should plate himselfe well apparrelled, before the Treat and them to whom its ordered that ten shillinges a persn shall be allowed and given to every  || Ang See He sent a great many & those of the best hee eould gett & some such a#hese whose Lusbund sinee hath ben knighted & made Gouerno® of Virg. || sec the lists of men in the veare March 1619 for all the men catle and provision w' were in Virg."
,,,,,,,,medium,,abigall,Abigall,Abigall,4,4,"1,2,4",spacy_GPE:4,,,,,,V01-P0216:276,"My Lo: of South- ton and wm"" Dep- uty to Seale y* Charter parte for the Abigall. || It was also ordered that a Coppie of Leiutenant W™ Peirs his Bond should be sent vnto m* Geo: Sandys who is required to leavy of the said W™ Peirs the 500"" of Tobacco appearinge due to the Companie by the said Bond and to send it home in th || {Indorsed:| Lre from M* Christo: Dauison To M* John Ferrar from James Citty Aprill 14“ 1623: by ye Abigall"
,,,,,,,,medium,,amsterdam,Amsterdam,Amsterdam,4,4,"1,2,3",spacy_GPE:4,,,,,,V01-P0330:1314,"y' they nen9 send ffor Amsterdam answere was made that they never sent any Comod- anie Comedies ities thither: Butt for such Tobacco as came from Virginia this year carryenchTobacco they had carryed itt to Middlebrough beinge restrayned by  || Amsterdam, I, 504, 526. || After o' very hartie Comendacons, Wee writt vnto you very lately by the Discouerie, whereof Capt Thomas Jones went Maister: we haue since received certaine advice, that there are newly gon from Amsterdam for the same trade of ffurrs and the"
,,,,,,,,medium,,apprentices,Apprentices,Apprentices,4,4,"1,3",spacy_GPE:4,,,,,,V01-P0060:2358,"And because care both hath beene, and shalbe taken that divers stayed persons and of good condiGons haue beene and shalbe sent amongst them, His second ProposiGon was, that for their ease and comodiousnes, there might be 100 young persons s || That for the better mayntenance of the Scholem’ and Vsher intended there to be placed it was thought fitt that it should be moued at the next Quarter Co™ that 1000 acres of land should be allotted vnto the said Seolle, and that 5 psons besi || buildinge either of an East Indy Church or Schoole in Virginia at the Choise of the Virginia Companie: Wherevpon it heinge referred to a Comittee and by them taken into consideracon they did nowe certifie that many important reasons had mou"
,,,,,,,,medium,,bohun,Bohun,Bohun,4,4,"1,2,3",spacy_GPE:4,,,,,,V01-P0057:600,"D* Law: Bohun. || Ann Minter petigoninge for the discharge of Richard Minter her Husband, whome shee saith was turned ouer by Do’ Bohune as Tenant to the Phisitions place, contrarie to his promise: The Court not know- inge of any such priuate agreement betwe || Bohun, Mrs."
,,,,,,,,medium,,boords,Boords,Boords,4,3,3,spacy_GPE:4,,,,,,V03-P0284:1049,"Of which houses, to be raised in due and whole- some places, each shall be sixteene foot broad within, and nine score foot long, (vnlesse it seeme good to diuide that length into two houses:) And in each of them shall be set vp all along on || The Fourth commodity recommended, is Timpsr of all sorts, with Masts, Plancks, and Boords, for prouisions of shipping, and sundry other Materials of much vse and benefit. || And to the ease and encrease of diuers of those works, prouision is now sent, for the erecting of Sawing- Milles, which may fill the whole Colony also with Plancks and Boords, to their great ease and helpe in setting vp their Buildings."
,,,,,,,,medium,,bromfield,Bromfield,Bromfield,4,4,"2,3",spacy_LOC:2|spacy_GPE:2,,,,,,V02-P0406:238,"m’ Bromfield. || m’ Bromfield. || Bromfield, Arthur, I, 393;"
,,,,,,,,medium,,brothers,Brothers,Brothers,4,4,"2,4",spacy_GPE:4,,,,,,V02-P0137:1559,"spent and exercised in Virginia buissinesses, hauinge (besid€ continually assist - inge his Brothers and himselfe with Counsell and all manner of helpe in their places) written sundrie treatises, for the benifitt of the Plan- tation and in  || spent and exercised in Virginia buissinesses, hauinge (besid€ continually assist - inge his Brothers and himselfe with Counsell and all manner of helpe in their places) written sundrie treatises, for the benifitt of the Plan- tation and in  || After this the Ea: of Southampton takinge againe the chaire read the next Article w™ is as followeth And in case that part of the Contract be punctually obserued, that all the Tobacco be sold in Bancke, it wilbe necessary to drawe a Preambl"
,,,,,,,,medium,,cofiission,Cofiission,Cofiission,4,3,"2,3,4",spacy_FAC:4,,,,,,V02-P0167:1450,"M' Iohn ffarrar desired a Cofiission might be graunted for the Bona Noua, w™ he and his Partners were settinge forth aswell for trans- portinge of some psons to Virginia as also for fishinge in part for the Colony w™ was accordingly graunte || M' Iohn ffarrar desired a Cofiission might be graunted for the Bona Noua, w™ he and his Partners were settinge forth aswell for trans- portinge of some psons to Virginia as also for fishinge in part for the Colony w™ was accordingly graunte || The oecasion of this ships coming hither was an aceidental consortship in the West Indies w‘ the Tresurer an English man of warre also, licensed by a Cofiission from the Duke of Sauoye to take Spaniards as Jawfull prize."
,,,,,,,,medium,,columbus,Columbus,Columbus,4,4,3,spacy_GPE:4,,,,,,V03-P0572:646,"Columbus vpon his returne from the West Indies into Spaine, hauing left his people with the Indian in peace, and promise of fayre vsage towards them, yet [28] at his comming backe againe, hee found no one man aliue of them, but all by the N || Columbus, to whom they were beholding for all, with his brothers, were sent home from the West Indies into Spaine bound with chaines: and some other great Commanders killed and murthered one another. || degrees, they were crossed by a strong Currant running sometimes Eastward, sometimes Westward: So that if wee finde either Hudsons Bay, or any Sea more neere vnto the West, wee may assure our selues that from thence wee may with great ease "
,,,,,,,,medium,,criticized,Criticized,Criticized,4,4,4,spacy_GPE:4,,,,,,V04-P0599:1156,"Investment in Virginia, 186-137, Criticized, 410, Magazine questioneil, 2, 264-205. || Criticized, 110-111, 161. || Criticized, 181, 182."
,,,,,,,,medium,OW-011,eneland,Eneland,Eneland,4,4,"3,4",spacy_GPE:3|spacy_LOC:1,,,,,,V03-P0008:1297,"6 Itm that shortly after the ylmises vizt about the ninth’ of October the mary and John (wherew' this xxxdext) §said Havercombe§ and the guift of god was Consorted did depte from ¥s teward¢ Eneland in the harbor the sd Havercombe out of the || , our same lord the King, by his aforesaid letters patent bearing date at Westminster on the same twelfth day of March in the aforesatd ninth year of his reign of Eneland, ordained and granted io the aforesaid Treasurer and Company that the || all who should refuse or neglect to pay the said exactions, and also tax and impose fines and amercements at their pleasure upon any persons trading with any merehan- dise or other things whatsoever in those parts across the sea and impriso"
,,,,,,,,medium,,frenchmen,Frenchmen,Frenchmen,4,4,"1,2,3",spacy_GPE:4,,,,,,V01-P0308:1842,"A Second by Ensigne Sauadge in the great Bay wherin is a relaéon of a great Trade of Furrs by Frenchmen: A Third m’ Dirmers Discou- eries from Cape Charles to Cape Codd vp Delawarr Riuer, and Hud- sons Riuer beinge butt 20: or 30 Leagues fr || Frenchmen, I, 504, 515. || Since the Conclusion of o' Letters, we haue received from his Ma‘ a Petition exhibited vnto him by certain Frenchmen and Walloones desirous"
,,,,,,,,medium,,germany,Germany,Germany,4,4,"3,4",spacy_GPE:4,,,,,,V03-P0316:2387,"The Masts, Planckes, and Boords, the Pitch and Tarre, the Pot-ashes and Sope-ashes, the Hempe and Flaxe, (being the materials of Linnen,) which now we fetch from Norway, Denmarke, Poland, and Germany, are there to be had in abundance and gr || And the Masts, Plancks, and Boards, the Pitch and Tarre, the Pot-ashes and Sope-ashes, the Hempe and Flaxe, which now are fetched from Nerway, Denmarke, Poland, and Germany, will there be had in abundance. || Germany, 308, 544."
,,,,,,,,medium,,iune,Iune,Iune,4,4,"1,2",spacy_LOC:4,,,,,,V01-P0210:2493,"Whervppon S' Edwin Sandys did intimate vnto the Courte yt hee was informed y' S' Ferdinando Gorges had peured vnto himselfe and others a new Patent (now passed his Ma*: great Seale,) wherin cer- tuine words were conveyed that did not onely  || The Court beinge informed that the Comittee for the distributinge of Shares vppon merritt haveing mett the ii” of Iune last and taken into their consideragons the peticon of Cap*: Maddison, and fyndinge that hee hadd deserved well of the Co || Vpon readinge of the former Quarter Court holden for Virginia the i38™ of Iune last, some thinge beinge obserued to hane been commended to the care of seuerall Committees who could not well meet because the buissinesses were appointed in th"
,,,,,,,,medium,,juris,Juris,Juris,4,4,3,spacy_GPE:4,,,,,,V03-P0007:641,"Quo die Williamson ndie procurio filius naturalis et Ttimus ae Dna| et vt procurator ttimus dé@i Johis Anna Popham vid relicf et ex-| Havereome ad omnem juris ecutrici ndiat in Testt* sive vitima| efféum exinde quovismodo sequi voluntate ho || pnsa Causa et citra revocatoem * * * in hac Causa pro eodem exercent@ ad omnem quemcuq, Juris effectum exinde quovismodo sequi valefi dicit allegat et in hiis seripte in Jure proponit articulatim prout sequit* || 22 Item qd dia et singula p'missa fuerunt et sunt vera notaria publica manifesta piter et famosa atq, de et sup eisdem laborarunt et in finti laborant publica vox et fama vnde * * * et parti sue in p'miss et ea concernefi fieri et cum efftu"
,,,,,,,,medium,,kiccowtan,Kiccowtan,Kiccowtan,4,4,3,spacy_GPE:4,,,,,,V03-P0104:1967,"as Tennants on the said Companies Lands And we will and ordain that all the said Tennants on the Governors and Companies Lands shall occupy the same to the half part of the profits of the said Lands so as the one half to be and belong to th || For Kiccowtan Captaine William Tucker, William Capp. || No man whatsoever, coming by water from above, as from Henrico, Charles citty, or any place from the westwarde of James citty, and being bound for Kiccowtan, or any other parte on this side, the same shall pre- sume to pass by, either by da"
,,,,,,,,medium,,massam,Massam,Massam,4,3,"3,4",spacy_GPE:4,,,,,,V03-P0550:611,"Massam - - - - -- Edward Hewet___-- Henry Jenings. || , 541-579, See Planters, masssere, Massam, William, 538. || Massam"
,,,,,,,,medium,OW-011,mngland,Mngland,Mngland,4,4,4,spacy_GPE:4,,,,,,V04-P0436:681,"Thease 3 magistrates having soe good alloweances as the plantacion will afforde them, they shall settle their estates in Mngland and have noe estates in Virginea, everie one haveing certayne men allowed them for their guard by the collonie, || We haveing thus not provided you a meanes to plant estates in Mngland but put you into the waye how it shall bee donne, our busienesse will bee soe to order the scateing, fortieficing and the manner of the spreadeing of your collonies, that || each Garrison bringing wth il a Certaine Revenew to the Crowne, it shall tie Virginia as fast to Mngland as if it were one Terra firma w'h it."
,,,,,,,,medium,,persia,Persia,Persia,4,4,3,spacy_GPE:4,,,,,,V03-P0311:1564,"many mulbery trees as in Persia, or in any other parte of y* world besides. || 21 Item That the said John Marten testis pnsus vtcunq in hac Cia product fuit et est natus §in§ Persia seu Armenia * * * the Lords prayer §neither knoweth what the meaninge of an oath is§ and is the servaunt of the foresaid Captayne Argoll, || The Wines, Fruits, and Salt of France and Spaine: the Silkes of Persia and Italy, will be had also in Virarnr4, in no kinde of worth inferiour, where are whole Woods of many miles together of Mulberry trees of the best kindes, the proper fo"
,,,,,,,,medium,,privy couneil,Privy Couneil,Privy Couneil,4,4,"3,4",spacy_GPE:3|spacy_LOC:1,,,,,,V03-P0764:1512,"To Privy Couneil— By John Bargrave, 608-609, 644-645. || [The order of the Privy Couneil respecting relief of famine, July 4, 1623, is printed in Acts of the Privy Council, Colonial, I, pp. || [The order of the Privy Couneil appointing Lords Grandison, Carew, and Chichester to frame a new government for Virginia, July 22, 1623, is printed in Aets of the Privy Council, Colonial, I, p."
,,,,,,,,medium,,propositions,Propositions,Propositions,4,4,"1,2",spacy_FAC:4,,,,,,V01-P0364:199,"M' Waterhowse beinge formerly chosen and appointed to collect the moneyes from such as are indebted to the Company vpon subscriptions, hauinge nowe presented his Propositions and agreem™ made with the appointed Comittee who thought fitt to  || It was also signified that this buissines was againe propounded and debated in the Preeparatiue Court, and after all reasons fully heard and discussed each of the former Propositions was againe seuerally put to the question and by a general || All exceptions beinge thus cleared the Propositions were againe read all ouer, and the alteraéons also that had bin made therevpon w™ beinge donne, the Ea: of Southampton praid the Companie duely to consider of them and not to spare in so w"
,,,,,,,,medium,,regem,Regem,Regem,4,3,4,spacy_GPE:4,,,,,,V04-P0331:1877,Comforte per oras maritimas versus boream per ducenta milliaria ct ub codem promontorio de Cape Comforte per oram inaritimam versus meridiem per ducenta milliaria et totum illud spatium et circuitum terre jacentis al ora maritima precinctus || ] dieunt quod predicte Insule specificate in predictis litteris patentibus ultime mencionatis et per easdem litteras patentes ultime mencionatas prefato Thesaurario et Societati per predietum Dominum Regem mune concedi mencionate aut coneed || ] dieunt quod predicte Insule specificate in predictis litteris patentibus ultime mencionatis et per easdem litteras patentes ultime mencionatas prefato Thesaurario et Societati per predietum Dominum Regem mune concedi mencionate aut coneed
,,,,,,,,medium,,richmond,Richmond,Richmond,4,4,"2,3,4",spacy_GPE:4,,,,,,V02-P0615:1657,"Richmond, Virginia. || ) (2) Manuscript Collection Virginia Historical Society, John Randolph Manuscripts, III, 91 Document in (1) Library of Congress, (2) Virginia Historical Society, Richmond, Va. || 46-150 Document in (1) Library of Congress, (2) Virginia Historical Society, Richmond, Va."
,,,,,,,,medium,,rolls,Rolls,Rolls,4,4,"1,3",spacy_FAC:2|spacy_LOC:2,,,,,,V01-P0372:167,"to become Aduenturers and subscribed vnto some of the said Rolls But for somuch as it was nowe growne late: It was moued that the Rolls might be presented at euery Court between this and the next Quarter Court, to the end that such as were  || The Rolls for sendinge of Mayde and for the trad of ffurrs & for the Boatwright€ & howse Carpenters did nowe lye open in Court for Aduenturers that pleased to vnderwrite. || Patent transferred, 599, Request to Master of the Rolls concerning Patent, 702-703."
,,,,,,,,medium,,saint hilary,Saint Hilary,Saint Hilary,4,3,4,spacy_GPE:3|spacy_LOC:1,,,,,,V04-P0387:2123,"as in any way should touch the conmmonwealth and general good of the aforesaid Company and plantation, as the manner of governing from time to time to be used, the order and disposition of land and possessions, and the position and establis || plantation, as, the manner of governing from time to time to be used, the order and disposition and possession and setfling and establishment of commerce there or of such like, there should be held and had every year on the last Wednesday o || of lesser consequence and weight, which from time to ime should arise touching nd concerning the aforesaid plantation both in England and in parts across the sea in Virginia, and that the same free men and adventurers and planters aforesaid"
,,,,,,,,medium,,silk,Silk,Silk,4,4,"2,3,4",spacy_LOC:4,,,,,,V02-P0599:198,"ishing, and ordering of Silk wormes, and for Provisioning of passengers, IT, 440. || Aboue all have in remembrance the matter of Silk woorm seed, that it may be sent by D. || His Mate aboue all thing¢ requires from vs a proofe of Silk;"
,,,,,,,,medium,,springe,Springe,Springe,4,4,"1,3",spacy_GPE:4,,,,,,V01-P0062:2059,"And forasmuch as wee have now resolved to send this next Springe very large supplies for the strength and encreasinge of the Collony, styled by the name of the London Collony, And finde that the sendinge of those Children to be apprentises  || And wheras allso itt is intended and fully resolved that this next Springe the nomber of one hundreth Children more whose names are likewise herafter menéoned, shalbe sent and Transported by y° said Virginia Company out of the Cittie of Lon || vse this next Springe, ffor w™ cause hee wished that a Comittee of"
,,,,,,,,medium,,suecessoribus,Suecessoribus,Suecessoribus,4,4,4,spacy_GPE:4,,,,,,V04-P0330:2557,"Dominus Rex ulterius dedisset, conces- vet ot confirniasset per casdem litteras patentes prefato Thesaurario et Societatl et eoruin Suecessoribus imperpetuum omnes illas terras, patrias vel territoria seituata, tacentia et existendia in ill || Comforte per oras maritimas versus boream per ducenta milliaria ct ub codem promontorio de Cape Comforte per oram inaritimam versus meridiem per ducenta milliaria et totum illud spatium et circuitum terre jacentis al ora maritima precinctus || et idem Dominus Rex pro seipso, heredibus et Successoribus suis imperpetuum dedit et concessit prefato Thesaurario et Socictati ct corum Suecessoribus imperpetuum per easdem litteras patentes quod ipsi Thesaurarius et Socictas vel maior num"
,,,,,,,,medium,,sumerscales,Sumerscales,Sumerscales,4,4,"1,2",spacy_GPE:4,,,,,,V01-P0011:1500,"The Last Court wherein m‘ Thier was desired to repaire to m’ Atturny Generall to learne the Contents of a Pattent w"" should be graunted [7] to one Sumerscales about Tobacco. || Counsell shalbe assembled to take such further course therein as shall seeme requisite m’ W™ Palmer was desired to write to m‘’ Sumerscales to meete them at that hower at m’ Atturnies. || Courte have entreated a Comittee to treate w"" the said Sumerscales"
,,,,,,,,medium,,tobaco,Tobaco,Tobaco,4,4,"3,4",spacy_GPE:4,,,,,,V03-P0261:1255,"- ‘ - Spoyles Tobaco slarke naught. || but I could not as yett receaue that poore quantitye of Tobaco, due to me from my 5 tenants @which are all T haue remayning aliue) nor one grayne of corn, to help us, in this tyme of searcitye; || & for your land at Sumerset is fulley peopulld for your land in Smithes Trybe those V Share that Middleten? and Fumferyes are on are sufficyentley supplyed if ye send them 4 Boyes apese they haue had ill sueses wt® those they brought & for "
,,,,,,,,medium,,treas,Treas,Treas,4,3,3,spacy_GPE:4,,,,,,V03-P0144:1751,That y° Treas. || In regard y° lotteryes are determyned and so y* Cash like to be little The reward of y® Cashier to be referred to y° Qua last q? Court §which§ vpon y° debyuerie Spassing§ +p of y° Treas. || Is to be directed in his office by y° Treas.
,,,,,,,,medium,,valentia,Valentia,Valentia,4,3,"1,2,3",spacy_GPE:4,,,,,,V01-P0314:726,"The Court haveinge made request vnto m’ Chamberlyne to peure them some good quantitie of Silkworm seed from beyonnd sea, hee signified that hee had heard the Seed of Valentia to be held generally the verie beste for that those wormes would  || The Court haveinge made request vnto m’ Chamberlyne to peure them some good quantitie of Silkworm seed from beyonnd sea, hee signified that hee had heard the Seed of Valentia to be held generally the verie beste for that those wormes would  || Valentia, I, 510."
,,,,,,,,medium,NW-001,vircinia,Vircinia,Vircinia,4,4,"3,4",spacy_GPE:4,,,,,,V03-P0625:586,Governor in Vircinia. || Governor In Vircinia. || Vircinia anp Somers IsLanps CoMPANIES.
,,,,,,,,medium,NW-001,vireinia,Vireinia,Vireinia,4,4,"1,4",spacy_GPE:4,,,,,,V01-P0349:1774,"You shall receaue here enclosed 0° for a sermon to be preached before the Vir- ginia Companie this Michalmas Terme and before the Quarter Court day: The place I leaue to y* Companies appointement, Also I desire that m* Damport may preach th || CCLAXX, Counc in Vireinia. || Governor rn Vireinia."
,,,,,,,,medium,NW-001,virginta,Virginta,Virginta,4,3,"3,4",spacy_GPE:4,,,,,,V03-P0122:593,"The foresaid twelue hundred sixty one persons being arriued, will make the number of the English in Virginta to amount to about foure and twenty hundred Soules: and the Cattell, to about fiue hundred: with some Horses and Goates; || The Counse?l shall haue an especiall regard, by pious constitutions, and by other good politique Lawes and Orders, to hold the people there, in the true religion and seruice of God: and in assured allegeance to his Maiestie and the Crowne o || Officers in Virginta, shall proceede from the Counseil, and vnder their hands and Seale;"
,,,,,,,,medium,,wales,Wales,Wales,4,4,"1,3,4",spacy_GPE:4,,,,,,V01-P0192:400,"400 Goat€ from Wales. || Be it declared and enacted by the Kinges most Ixcellent Ma""* The L*s spirituall and temporall and the Comons in this pint plyam' assembled and by authoritie of the same That it shall and may be lawfull to and for all and everie the subiecte || and are further put in an assured hope to obtaine the number of 400 young men, well furnished out of England and Wales at 20' a person, to repaire wt advantage the number that is lost, to sett vpp the publiq revenues of the Companie, and"
,,,,,,,,medium,,washington d c,"Washington, D.C","Washington, D.C",4,4,"3,4",spacy_GPE:4,,,,,,V03-P0626:219,"Manuscript Records Virginia Company, III, Part ii, Page 37 Document in Library of Congress, Washington, D.C, List of Records No. || 40 Document in Library of Congress, Washington, D.C, List of Records No. || 51a Document in Library of Congress, Washington, D.C,"
,,,,,,,,medium,,xxvii,XXVII,XXVII|XXVIi,4,4,"3,4",spacy_GPE:4,,,,,,V03-P0352:428,"XXVII. || 6163 of Lord Sackyille’s manuscripts at Knole Park, and is printed, under the heading ‘Argument against the Contract,” in the American Historical Review, XXVII, pp. || From the text printed in the American Hisiorical Review, XXVII, p, 510."
,,,,,,,,medium,,abigaile,Abigaile,Abigaile,3,2,"1,3",spacy_LOC:3,,,,,,V01-P0274:81,"taking care of Shipping their people in the Abigaile at the Ile of Wight being now put to y® question was confirmed vpon condiéon that he sell them not awaye. || Other waies and meanes are so vneertaine, as wee [24] cannot wish yo"" to rely vppon any thing, but yo’selues, yet shall there not be left any mean|s] vnatempted on o' part¢ in this kind, and for other necessaries to supplie yo"", hoping that || The pticu- larities of the pformance, we must reserue till the Shipp it self come, only now we thought necessarie to let yo"" vnd'stand that the Company, hath covenanted vppon the effecting of the bussines to make the fraight of the Shipp ho"
,,,,,,,,medium,,allmyghty,Allmyghty,Allmyghty,3,3,3,spacy_GPE:3,,,,,,V03-P0128:53,"prayse vnio the Allmyghty for the same, that therefore being I am assured you tender most deerly the welfare of this plantation you would be pleased my tyme of 3 yeares being expired in the Goverment, to comend vnto the good regard of the C || Your letters by this ship the Bona Nova I have received the contents wherof I will not fayle to follow with my best endevors, desiring nothing more when I have done all I can doe but the good acceptance of the Com- pany whd I have served al || T beseech the Allmyghty to give me the grace that I may in all thinges doe the same to you, and that this gentelman together with your ryght worthy brother may safely arive here, in dew tyme I shall dayly pray to you, and shall be alwayes r"
,,,,,,,,medium,,antwerp,Antwerp,Antwerp,3,3,4,spacy_GPE:3,,,,,,V04-P0374:1834,"Samuel Smyth {sie}, Thomas Gerrard, T homas Whittingham, William Canninge, Paul Cannyng, George Chandler, Henry Vincent, Thomas | Keitley, Janes Skelton, James Mawtam, George Webb, gentleman, Joseph Newrouch Smyth, Josiah Maude, Ralph Hamor || Antwerp, 366. || Jacobson, Peter, of Antwerp, 366."
,,,,,,,,medium,,assemblie,Assemblie,Assemblie,3,3,"3,4",spacy_GPE:3,,,,,,V03-P0597:1042,"Wee Receaued you’ Letter bearinge date at London the 11 of September 1622! by the Warwick arived heere at James Cyttie the 19th day of December, wherin you haue manifested so greate Ca[re] of us, and the whole Colony, as we cannott but w'®  || To the sixth the Defendent saith that the said ComplaYant was sent for to James Cittie by the Generall Assemblie who writt him a very curteotus letter to that effect the Copie whereof the said defeudt hath to shew theire desier to comune wt || in takeing away by violence’ from them a certain quantitie of Corne at wh aet it semed to the assemblie the said Complaynant! conive,! and Complaint bing! thereof made to the said Defend' by Opachankan, whoe also was Complayned vnto by the "
,,,,,,,,medium,,bedle,Bedle,Bedle,3,3,3,spacy_GPE:3,,,,,,V03-P0143:1250,"The Treasuror, the Deputie, the Counsell, the Coffiittees the Auditors, the Secretarye, the Booke Keeper for Accompts, the Husband, and the Bedle. || And the Secretary shall keepe a booke of the proceedings of the Courts: who with the Booke-keeper, Husband, and Bedle, shall at alt Courts giue diligent attendance. || and lastly the Secretarte, Booke-keeper, Husband, and Bedle."
,,,,,,,,medium,,blyth,Blyth,Blyth,3,3,"2,3,4",spacy_GPE:3,,,,,,V02-P0443:1875,"Patent to m’ In°: Blyth. || Blyth, William, 568. || Blyth, Jo:, 211."
,,,,,,,,medium,,bookkeeper,Bookkeeper,Bookkeeper,3,3,2,spacy_GPE:3,,,,,,V02-P0569:508,"Bookkeeper, II, 26. || Bookkeeper, II, 26. || Bookkeeper, HH, 155."
,,,,,,,,medium,,buckingham esq,Buckingham Esq,Buckingham Esq,3,3,3,spacy_FAC:3,,,,,,V03-P0204:1302,"And wheras also for the better orderinge and governement as well of eur our said people and men nowe ready to bee shipped and of those that shall hereafter bee sent in augmentaéon of their number, and fower others already there, as also of  || Covenants and agreements had and made by and betwene §* Wilf™ Throkm?ton of Clowerwall in the county of Gloué knight and baronet on the first pte, Richard Berk|le||ley of Stoke Gifford in the said County Esq, on the second pte, George Thorp || and John Smyth of Northnibly in the said county gent doe send greetinge Wheras we the said St Wiltm Throkm%ton Richard Berkeley George Thorpe and John Smyth by our tres of Comission vnder our seu%all hands and seales bearinge date the iiij "
,,,,,,,,medium,,cape bona speranza,Cape Bona Speranza,Cape Bona Speranza|Cape Bona-Speranza,3,3,"1,3",spacy_FAC:2|spacy_LOC:1,,,,,,V01-P0342:619,"M’ Deputy further declared that albeit the Companies Stocke beinge well nighe exhausted was able to doe but litle this present yeare for sendinge of people to Virginia, yet it pleased God to stirr vp so many worthie minde for the aduancem‘  || The Gentlemen and Mariners that came in the Royall-[ames from the Hast Indies, beeing at Cape Bona-Speranza, homeward bound, gaue towards the building of a Free Schoole in VIRGINIA, to be called the Hast Indie Schoole, || The Gentlemen and Mariners that came in the Royall James from] ,, ,, the East Indies (being at Cape Bona Speranza homeward bound) gauel 79, 8, 6."
,,,,,,,,medium,,clitherowe,Clitherowe,Clitherowe,3,3,1,spacy_GPE:3,,,,,,V01-P0039:465,"m* Clitherowe. || M’ Alderman Iohnson reported, that according to the trust reposed by the last Court vnto himselfe and some others they had performed, by being w"" the Lord@ Commissioners about the cleering of the Tobacco now come home agreable to the Patten || m‘ Clitherowe."
,,,,,,,,medium,,counseil,Counseil,Counseil,3,3,3,spacy_GPE:3,,,,,,V03-P0318:1046,"The Gouernour is so restrained to a Counseil ioyned with him, that hee can doe wrong to no man, who may not haue speedy remedy. || And this is to be done vpon the Certificates hereafter returned from the Gouernour and Counseil in Virginia: And from the Heads and Bodies of particular Plantations, according to the || or to spread false rumors, vpon sinister intent, to the wrong of the Counseil, Companie, or Colonie: The offender shall be disfranchized."
,,,,,,,,medium,,courts,Courts,Courts,3,3,"3,4",spacy_GPE:2|spacy_LOC:1,,,,,,V03-P0349:301,"[57] Pvblique businesse shall haue the precedence in the Courts before priuate, vnlesse there be extraordinary important cause to the contrary. || That M: Wrott a most worthy Gentlm appealing to the king * * * proceded against by both Companys might be restored and sett in Courts and offer the busines: all w°® the Commission said they would take in to there Consideration and one fryda || In the meane time, to affright men, both from cominge to, & much more from speakinge in Courts, mens words were there carped at & complayned of;"
,,,,,,,,medium,,crewe,Crewe,Crewe,3,3,4,spacy_GPE:3,,,,,,V04-P0313:312,"Othoni Mawditt, Ricardo Staper, mereatori, Johanni Wikyn, mercatori, Willelmo Coyse, Thome Perkin, cooper, Humfrido Rainett, cooper, Hen- rico Jackson, Roberto Shingleton, Christofero Nicholls, Johanni Tarper, Abrahamo Chamberline, Thome Sh || Crewe, George Holman, Robert Hill, Cleephas Smyth, Ralph Harr. || Crewe, Anthony, 364."
,,,,,,,,medium,,cropp,Cropp,Cropp,3,3,4,spacy_GPE:3,,,,,,V04-P0012:1094,"The maine Cause why retournes were not made for y° last yeers magazine, wus beeause before the arivall of the warwick, most of the Tobacco in y? Jande was solde and made Away to other shippinge that formerly arived, ‘To whom you required ou || Hauinge receved instructiones from you for y® sendinge homie of sassafras, it was ordered by us that thre should be gathered, 66"" a head for euery laboringe man through out y® collfonie] (to w® purpose) Proclamations haue gone out longe sin || The Craver- nor, therefore (wt the advice of the Counsell of State) hath ordered and appointed, and appointed, and by these fisent¢€ doth strughtly charg and Comand, that no pson whatsoever here in Virginia (that stand indebted) shall any w"
,,,,,,,,medium,,dade,Dade,Dade,3,3,"3,4",spacy_GPE:3,,,,,,V03-P0078:1422,"conferr w‘* y® bearer m’ Dade who has had a y™ experience & can satisfie you in all points. || Dade, —, 78. || Dade, John, 553."
,,,,,,,,medium,,debts,Debts,Debts,3,3,"1,2,4",spacy_GPE:3,,,,,,V01-P0295:778,"M™ Katherine Binion shewed in her petiéon that wheras one Iohn o_o ail Martin late of London esqre was bound to the Petiéone” ffather m’ — , Thomas Binion lately deceased for payment of 205"" att certaine daies, shee therfore moved that §in  || Whereas itt appeareth by the testimony of the Audito™ and Comittes of y° Com- pany for Virginia vnder their hand writinge bearinge date the twelfth of May 1623 that Iohn fferrar hath payd into the hand¢ of y° Right Hono’: Henry Earle of Sou || Debts, 563."
,,,,,,,,medium,,drunckenesse,Drunckenesse,Drunckenesse,3,1,3,spacy_GPE:3,,,,,,V03-P0441:676,"{2] An Act for repressinge the odious and loathsome sinne of Drunckenesse, and for the restrainte of the excessiue Prices of Beere and Ale. || An Act was made for the repressinge of the odious and loathsome sinne of Drunckenesse being the roote and foundaton of many other enormous sinnes, as bloudshed, stabbinge, murther, swear- inge, fornicaéon, adultery, and such like, to the gr || And where notwithstandinge the same Acte, that sinne of Drunckenesse is little abated but still continued, and an excessiue quantity of Corne thereby inordinately consumed: And the Drincke being made of that strength causes the said abuse a"
,,,,,,,,medium,,east greenwich,East Greenwich,East Greenwich,3,3,"3,4",spacy_GPE:3,,,,,,V03-P0651:1694,"To haue and to hold all and singular the Land@ soe to be sett out as afore- said w"" their and euery of their appurtenances w* all Mines aswell royall Mines of gold and siluer as other Mines and Minnerall¢ wood ffishinge ffowlinge hunting@ w || Eastern Shore, 656, East Greenwich, 596, 626. || East Greenwich, 274, 377."
,,,,,,,,medium,,england scotland,England Scotland,England Scotland,3,3,"2,3",spacy_LOC:3,,,,,,V02-P0474:24,"of England Scotland ffraunce and Ireland defendour of y* fayth C’ vizt of England ffraunce and Ireland the one and Twentieth and of Scotland the six and ffiftieth. || This Indenture made the Nineteenth day of Novemb™ Ann° 1623, and in y° years of the Raigne of our Soveraigne Lord Iames by the grace of God kinge of England Scotland ffraunce and Ireland defendour of the flayth C* (vizt) of England ffraunce || a further Charge, Gyuen vnder the Counsell seale the fower and twentith day of Julie 1621 And in the yeare of the raigne of o soueraigne Lord James by the grace of god of England Scotland ffrance and Ireland defendor of the faith &¢ That is"
,,,,,,,,medium,,esquire,Esquire,Esquire,3,3,3,spacy_LOC:3,,,,,,V03-P0331:339,"William Dobson, Esquire . || William Oxenbridge, Esquire. || Francis Smalman, Esquire 12, Gregory Sprint, Esquire."
,,,,,,,,medium,,finch,Finch,Finch,3,2,"2,3",spacy_GPE:3,,,,,,V02-P0591:656,"Finch, Heneag. || Finch, Henage, 65. || Finch, Margaret, 426."
,,,,,,,,medium,,furrs,Furrs,Furrs,3,3,"1,3",spacy_GPE:3,,,,,,V01-P0319:195,"The ffowerth was for the settinge out of a Voyadge to trade with the Indians in Virginia for Furrs, It beinge certainely enformed by m™ Chamberlyn & others and now of late from the Gouerno’ and Counsell of State in Virginia of the great tra || but vndoubtedlie produce many great matters, highly to the benefitt and advancement of the Plantation: for what may yo"" not expect that a iust and faire pformance of thing¢ will bring to passe, when the expectation only and confidence there || And hecause through the late revolt and failinge off, of o"" Neighbouringe Salvages, we are vneertaine of frendshipp w' any of these Natiues, These are to giue yo"" leaue, and absolute power, either to make peace or warr w' any of them, as it"
,,,,,,,,medium,,greece,Greece,Greece,3,3,3,spacy_GPE:3,,,,,,V03-P0260:1853,"And because Canary wine is y° most durable in all voyages and Climates of anie, and so Consequently y° most salable and proffitable: yt would doe passinge well, yf wee could get store of plant¢ from thence, * * * yt would one day acquite y* || Sure I am I haue tasted some grapes here as good as in Greece or Italy: But S* I must tell yo” by y® way, that Mt Chanterton smells too much of Roome (in y° terri- tory whereof he served y°® Colonnessi) as he attempts to worke myracles w* h || Greice, Nicholas (Greece), 83, 325."
,,,,,,,,medium,,haughton,Haughton,Haughton,3,2,"2,3",spacy_GPE:3,,,,,,V02-P0595:396,"Haughton, Lord, II, 26, 31. || Haughton, Lord, 325, 338. || See Haughton."
,,,,,,,,medium,NW-010,henerico,Henerico,Henerico,3,3,3,spacy_GPE:3,,,,,,V03-P0507:100,"plant himself in neare to the best inhabited towne, either in Charles Citty or Henerico, but by no meanes lower then James Cittie, nor remote from people; || These are to authorise Capt Roger Smyth to haue absolute power and The Signett Comand in all matters of warr, over all the people both in Henerico Tleand and Coxendale, and to charg & comand all the said people, both in Henerico Ileand and  || The relinquishing of Charles Cittie, Henerico, the Iron Works, the Colledg lande and Martins hundred, are thinge, not only of discontent, but of evill fame, although we doubt not, vndeserved;"
,,,,,,,,medium,,innocencie,Innocencie,Innocencie,3,3,4,spacy_GPE:3,,,,,,V04-P0062:1756,"But now [ thanke God, | haue recovered my health, and a litle cured ny thought@ with the bale of my Innocencie resolying to strive against theis Torrente of difficultyes til I passe them over, or bee swallowed vp by them: rather in that [ w || Nowe in as much as some of yo"" Petitioners thus pub- liquelie traduced were absent, and so not able to answeare for themselues, and others notwithstanding this straunge kind of provocation, and not heard of but onelie in those Court¢, and n || We although by the continuall encrease of further suffringes, their Pattent being called in question, receaved a sore check: yet notw''standing their owne Innocencie giving them courage & hope that they should overcome all w honour & thanke"
,,,,,,,,medium,,invoice,Invoice,Invoice,3,3,"1,3",spacy_GPE:3,,,,,,V01-P0308:2242,"This beinge done m‘ Deputy further signified that the Bona Noua 4as jnowe|| returned from Virginia, staied onely for direcéon from hence to what Porte shee shall repayre, shee beinge laden w™ some 40: or 50000 waight of Tobacco (as hee hear || and that a straight charge be given for the preseruing of vines and Mulbery Trees, w°® we vnd'stand are w'® others promiscuously de- frayed: and because the skill of handling them, is only derived from the ffrench men, we canot but here rec || Wee haue by this Shipp and the Discouerie sent you diu™ sort€ of seed¢, and fruit trees, as also Pidgeons, Connies, Peacocke Maistiues, and Bechiues, as you shall by the Invoice pceiue;"
,,,,,,,,medium,,ipswich,Ipswich,Ipswich,3,3,"1,3",spacy_GPE:3,,,,,,V01-P0218:1192,"A patent graunted M' Deputie signified that the Towne of Ipswich desyred that a Pattent — fIP* might be graunted ynto them for a Perticularr Plantaton, And that wheras they were indebted to the Company 200"" they had now payd in one hundred  || _- gabriell Jaques Walter Jobson__~ The Towne of Ipswich. || Ipswich, Town of, 85."
,,,,,,,,medium,,item,Item,Item,3,3,3,spacy_FAC:3,,,,,,V03-P0430:148,"11 Item That the foresaid lord de la Warre Governor and Captaine * * * wt wood and water whereof she then stood in need And se * * * the foresaid ship the * * * sente voluntarilie * * * of w% the * * * had formerlie * * * || 11 Item wee pray you likewise wt Convenient speed to reveive the Commissiones formerlie dyrected §to§ S* George Yeardly then Governor and to the Counsell of State ther beareing date the 18 of Nouemb* 1618 conteyning the lawes & orders for d || 41 Item wee pray you likewise to take into yo"" care y° ptexcion of y° people, that they suffer no wrong by y° Engrossing Com° & forestalling the Marketts, Butt preserue them open for all men freely or Indifferently to buy or sell"
,,,,,,,,medium,,iuly,Iuly,Iuly|Iuly__,3,3,"1,2,3",spacy_LOC:2|spacy_GPE:1,,,,,,V01-P0255:774,"And as touching the Gouerno’: shortly to be sent: It was thought fitt The (ou9no"" to be to haue all necessaries in such readines as to have him shipped and be ©"" ° '""™ gon the Voyadge by the prime of Iuly and the men to be taken in, at || After this narraéon two other Court€ were read the one of the fift of Tune, the other of the first of Iuly followinge beinge the Preeparatiue Court, both w™ contained a full declaraéon of the proceedinge of the Comittees chosen out of the V || Tun: in Iuly__."
,,,,,,,,medium,,kempe,Kempe,Kempe,3,3,2,spacy_GPE:3,,,,,,V02-P0035:1379,"Also an Attestaton of greivances in Virginia exhibited by one W™ Kempe, vnto both w” 8S’ Christo: Perkins in his Ma“ name required the Companies Answeare: || By me W™ Kempe. || Kempe, William."
,,,,,,,,medium,,kicotan,Kicotan,Kicotan,3,2,4,spacy_GPE:3,,,,,,V04-P0109:231,"I have beene at Kicotan to order your affaires in that place. || He is now at Kicotan, drawne thether by Captaine Nuce a little before his death. || Kicotan (Kieoughtan, Keyeotan), 285, 499, 512."
,,,,,,,,medium,,kiquotan,Kiquotan,Kiquotan,3,3,"1,2,3",spacy_GPE:3,,,,,,V01-P0149:951,"of Land sett out belonginge to that Office, 600 att Kiquotan, now || Kiquotan, I, 349; || Kiceowtan (Kecketan, Kequoughtan, Keyeotan, Kiquotan), 100, 101, 114, 173, 227, 612, 623, 664."
,,,,,,,,medium,,kssington,Kssington,Kssington,3,3,1,spacy_GPE:3,,,,,,V01-P0025:822,m’ W™ Kssington. || m’ Kssington. || m' Kssington.
,,,,,,,,medium,,legall seale,Legall Seale,Legall Seale,3,3,"1,2",spacy_FAC:3,,,,,,V01-P0163:2067,And att the humble request of the said Captaine Brewster itt was ordered by the said Courte that this Acte of the said Court should be exemplyfied vnder their Legall Seale. || In wittness wherof the said Thresuror and Company haue hereto caused their Legall Seale to be affixed. || caused their Legall Seale to be affixed Given in a great and generall Quarter Court of the said Treasuror and Company held the fourth day of flebruary 1623.
,,,,,,,,medium,,limitts,Limitts,Limitts,3,3,"2,3,4",spacy_GPE:3,,,,,,V02-P0506:468,"also §of§ Cheseack, And that if a Pale were sett to rui between, it would gaine the whole fforest and make it inaccessable to the Sau- adges, And they aduise that the Comanders be agreed with, for a yearely rent by the Pole: They desire lik || 1620 ordered by the Board, whereby it was thought fitt, that the said Colonies should fish att Sea win the Limitts and bounds of each other reciprocally, wt this Limita- tion that it bee onely for the sustentation of the people of the Colon || Wee desire to know yo"" pleasures (since it is not mentioned at all in you"" Instructions, haveinge bee[n] doupted by divers, and leaue not graunted by any late Comissiones, whether wee shall make prize of such dutch, & french, as wee shall f"
,,,,,,,,medium,,mexico,Mexico,Mexico,3,2,3,spacy_GPE:3,,,,,,V03-P0570:768,"So the Spaniard made great vse for his owne turne of the quarrels and enmities that were amongst the Indians, as throughly vnderstanding and following that Maxime of the Politician, Diude & impera, Make diuisions and take Kingdomes: For thu || And so likwise Ferdz- nando Cortez vanquished King Motezuma, and gained the Kingdome of Mexico from him, by the aid and furtherance of the neighboring people of the Prouince of T'ascala, being deadly enemies to the Mexicans; || Mexico, 558."
,,,,,,,,medium,,michaelis,Michaelis,Michaelis,3,3,4,spacy_GPE:3,,,,,,V04-P0326:1453,"nono supradicto per ipsum dominum Regem prefato Thesaurario et Societati periclitatorum et plantatorum predicte Civitatis Londonie pro predicta colonia in Virginia concessas pro meliori regimine predicte Societatis et colonie ordinavit et c || esset sufficiens curia predicte Socictatis pro tractacione, ordinacione, et expedicione omnium talium casualium ct particularium oecurentium ct materiarum contingentitm, Anglice, accidentall matters, minoris sequele ct momenti, Anglice, of  || ] dicunt quod ipsi sepe per tempus predictum in Informacione pre- dicta superius speeificatum virtute litterarum patentium predictarum ultimo mencionatarum tenuerunt et habucrunt curiam et congregacionem pro melioribus ordinacione et regimi"
,,,,,,,,medium,,mynes,Mynes,Mynes,3,2,3,spacy_GPE:3,,,,,,V03-P0030:110,"nothing better furnished wth any matter of valew, either for discovery of Mynes, or ought els worth your Knowledge, yet when I consider yo"" many and noble favours towards me (wth when I forgett to acknowledge, let me for ever be putt out of || To haue and to hold all and singular the land@ soe to be sett out as aforesaid, with their and euery of their appurtenances with all Mynes aswell royall Mynes of gold and siluer, as other Mynes and Minnerall¢€ woode, fishinge, fowlinge, hun || To haue and to hold all and singular the land@ soe to be sett out as aforesaid, with their and euery of their appurtenances with all Mynes aswell royall Mynes of gold and siluer, as other Mynes and Minnerall¢€ woode, fishinge, fowlinge, hun"
,,,,,,,,medium,,northampton,Northampton,Northampton,3,3,3,spacy_GPE:3,,,,,,V03-P0031:1559,"Markham, of Northampton, || Markham, of Northampton. || Northampton, Earl of, 320."
,,,,,,,,medium,,nouember,Nouember,Nouember,3,3,"1,3",spacy_GPE:3,,,,,,V01-P0292:1960,"Itt was likewise signified that care had been taken to make some addiéon vnto the Counsell of State in Virginia of men of worth and quallytie namely St William Newce knight Marshall of Virginia and m' George Sandys Treasuror of the same, An || day of Nouember, 1616. || The last May there came Letters from Sir Francis Wiat Gouernor in VIRGINIA, which did aduertise that when in Nouember last he ariued in VIRGINIA, and entred vpon his Gouernment, he found the Country setled in a peace (as all men there thoug"
,,,,,,,,medium,,pallavicine,Pallavicine,Pallavicine,3,3,2,spacy_GPE:3,,,,,,V02-P0437:369,m’ Pallavicine. || wn’ Pallavicine. || m’ Pallavicine.
,,,,,,,,medium,,pasche,Pasche,Pasche,3,3,4,spacy_GPE:3,,,,,,V04-P0326:1417,"nono supradicto per ipsum dominum Regem prefato Thesaurario et Societati periclitatorum et plantatorum predicte Civitatis Londonie pro predicta colonia in Virginia concessas pro meliori regimine predicte Societatis et colonie ordinavit et c || penultimo die Mercurii Terminorum Sancti Hillarii, Pasche, Trinitatis ct, Sancti Michaclis imperpetuum una magna generalis ct solennis congregatio que quidem separales congregaciones nuncuparentur, Angliee, shal be stiled, et vocarentur qua || ] dicunt quod ipsi sepe per tempus predictum in Informacione pre- dicta superius speeificatum virtute litterarum patentium predictarum ultimo mencionatarum tenuerunt et habucrunt curiam et congregacionem pro melioribus ordinacione et regimi"
,,,,,,,,medium,,patente,Patente,Patente,3,2,3,spacy_GPE:3,,,,,,V03-P0160:758,"This being done, the Governor himselfe alledged that before we proceeded any further it behooved us to examine whither it were fitt, that Captaine Martin’s Burgesses shoulde have any place in the Assembly, forasmuche as he hath a clause in  || At what time, if upon their motion, if he would be contente to quitte and give over that parte of his Patente, || he pleaded lardgely for himself to them both and indevoured to answere some other thinges that were objected against his Patente."
,,,,,,,,medium,,petigoners,Petigoners,Petigoners,3,3,"1,2",spacy_FAC:3,,,,,,V01-P0404:1251,"Anthony Bullocke and W™ Browne in their peticon complained that one m'’ Robert Barker a member of this Companie hauinge bought of S' Amias Preston deceased the one halfe of his Aduenture beinge 50"" doth doth nowe suppresse and deteyne these || The Brothers and Sisters of Captaine Nath: Powell peticoninge for order that their said Brothers estate might be enquired out and certi- fied, and the Proceed thereof returned vnto the Companie here for their vse and benifitt, It was ordere || Hee desired them farther likewise to take into their consideraéon howe the multitude of Petiéons daylie encreased, So that the Courte had not time nor leasure to order them wherevpon himselfe was con - tinually troubled with the importunity"
,,,,,,,,medium,,plancks,Plancks,Plancks,3,2,3,spacy_GPE:3,,,,,,V03-P0287:247,"The Fourth commodity recommended, is Timpsr of all sorts, with Masts, Plancks, and Boords, for prouisions of shipping, and sundry other Materials of much vse and benefit. || And to the ease and encrease of diuers of those works, prouision is now sent, for the erecting of Sawing- Milles, which may fill the whole Colony also with Plancks and Boords, to their great ease and helpe in setting vp their Buildings. || And the Masts, Plancks, and Boards, the Pitch and Tarre, the Pot-ashes and Sope-ashes, the Hempe and Flaxe, which now are fetched from Nerway, Denmarke, Poland, and Germany, will there be had in abundance."
,,,,,,,,medium,,plate,Plate,Plate,3,3,1,spacy_GPE:3,,,,,,V01-P0274:1315,"But the soddaine suppressing of Lotteries have caused that money [220] came not in as they expected: And for so much as the Com- panies Stock lyeth now altogeather in Plate and therfore was not so presently able to be turned into money w“ou || But touch- ing the present State of the Cashe his Lo? said he could give them as yet no Account: because the State was now already in Plate w™ required some longer time to be converted into money. || M’ Deputy signified the reasons why hee presented not y® Accompt of the last years Disbursment¢ vnto this Courte, was in regarde ther was not yett monneys sufficient com in to discharge all the Debte for goods bought by him and the Comittee"
,,,,,,,,medium,,raphe,Raphe,Raphe,3,3,"3,4",spacy_GPE:3,,,,,,V03-P0730:231,"Charges against the former govern- Bateman, Raphe, 65. || King, Raphe, 85, 328. || | Frederick, Prince Palatine, 212, Freeman, Martin, 30-4, | Freeman, Raphe, alderman, Commissioner for settling government of Virginia, 491, 494, 497."
,,,,,,,,medium,,rochester,Rochester,Rochester,3,3,"1,3",spacy_GPE:3,,,,,,V01-P0364:1335,"Intelligence was giuen that my Lord Bp: of Rochester beinge solicited for the moneys remayninge in his hand€ vnto the Companie vpon Collecéon made in his 1” Diocesse hath paid in the Some of 20"" to he imployed toward¢ the buildinge of the C || [Indorsed by self:] 5"" Edw: Sandys, Rochester to John Ferrar, 5. || Rochester, 371-372."
,,,,,,,,medium,,rome,Rome,Rome,3,3,"3,4",spacy_GPE:3,,,,,,V03-P0572:349,"What growing State was there euer in the world which had not the like? Rome grew by opposition, and rose vpon the backe of her enemies. || in Rome after Neroes death, and the Romans (when their estate was most populer) never punishinge their governors more for anie fault, then the neglect of discipline; || This fault therefore that is not unjustly laid up- pon arristocracies that they are two longe a determyneinge the busy- nes of the common wealthe, whereby the monarchall forme is farre preferred before it, will by this meanes be taken awaye"
,,,,,,,,medium,,south sea,South Sea,South Sea,3,3,"2,3",spacy_LOC:3,,,,,,V02-P0622:1078,"South Sea, I, 504. || For the opening & finding out of Silver or gold wee have now probable Intelligence to bee brought vnto: for wch Cause our Lord Governour hath gathered together most of his Choysest men & intendeth a voyadge forthw'h vp vnto a famous fall or || A Treatise of the Northwest Passage to the South Sea, through the Continent of Vir- ginia, 572-575."
,,,,,,,,medium,,states,States,States,3,2,"1,4",spacy_GPE:3,,,,,,V01-P0206:1593,"The Courte beinge resolved as aforesaid to forbeare the bringinge into England any Tobacco from Virginia this yeare butt to send the same to fflushinge, Middlebrough or any other parts to be vented there did appoynt these Comittees here vnd || I make no doubt but the States and the Companies End€ meeting in one and the same thing, they will imbrace it, and the buisines will goe well forward. || and decaying in their Estat¢, by whose industrie the States turne may be serued, and their falling houses releived."
,,,,,,,,medium,,stephen,Stephen,Stephen,3,3,"2,3",spacy_GPE:3,,,,,,V02-P0593:1940,"Gringby, Stephen, I, 181. || Collier, Stephen, 451. || Dubo, Stephen, 567."
,,,,,,,,medium,,sweadland,Sweadland,Sweadland,3,3,1,spacy_GPE:3,,,,,,V01-P0220:943,"A Certaine writinge was exhibited to the Courte by one Gabriell Wisher a man well knowne to some of this Company, who vnder- standinge that divers Staple Comodities are intended to be sett vpp in Virginia maks offer to this Company to procu || Touchinge Gabriell Wishers former offer att the last Court to procure out of Sweadland, and Poland men skillfull in makinge Pitch, & Tarr, Pottashes, and Sopeashes, Dressers of Hemp and Flax, Clapbord and Pipestaues and for makinge Salt Pet || Gabriell Wisher haveinge presented himselfe vnto the Courte with offer of his service for procuringe of men skillfull in divers Comodi- ties out of Sweadland and Poland att an easie charge soe hee might have his Ma"": tres to the Kinge of Sw"
,,,,,,,,medium,,topsom,Topsom,Topsom,3,2,2,spacy_GPE:3,,,,,,V02-P0273:625,"The like to m’ Richard Curtis m‘ of the Mary Margaret of Topsom first for transportaéon of Passengers and after to goe a fishinge. || Abraham of Topsom, II, 262. || Mary Margaret of Topsom, I, 262."
,,,,,,,,medium,,truelove,Truelove,Truelove,3,3,"2,4",spacy_GPE:3,,,,,,V02-P0619:2192,"Truelove of London, II, 93, 449, 496. || Truelove, Rowland. || Carter, James, master of Truelove, 245."
,,,,,,,,medium,,vineyards,Vineyards,Vineyards,3,3,"2,3,4",spacy_GPE:2|spacy_LOC:1,,,,,,V02-P0099:198,"direct his graceous Letters vnto m* Treasuror and Company for Vir- ginia to comaund a speedie course be taken for the settinge vpp of Silkworks and plantinge of Vineyards throughout the whole Colony in Virginia (for the orderinge whereof on || to the planting of Vineyards; || Vineyards, 522."
,,,,,,,,medium,,warwicke,Warwicke,Warwicke,3,3,"1,2,3",spacy_GPE:3,,,,,,V01-P0100:340,"om be '™ Pattent w resoluéon was w"" generall demonstracon of ioy embraced by the Courte, and therfore desyred to choose a Comittee for that purpose to wh end was nominated the Right Hono*: the Earle of A Comittee to sett Warwicke, The Lord  || Ka of Warwicke. || out of the Magazine w™ comes now along in the Warwicke large and abundante in all vsefull and necessarie Comodities: for as for vanities and supfluities, although we find they yeeld most profitt in Virginia;"
,,,,,,,,medium,,west indyes,West Indyes,West Indyes,3,3,3,spacy_GPE:3,,,,,,V03-P0247:1472,"He hadd a lardge and ample Cofiiyssion from his Excellency to range and to take purchase in the West Indyes. || a sia sayd) from some Spanyard¢ in y° West Indyes. || Such a passage wee hope M: Elford Pylot of y* Swan hath found by y° Course of y® Soifier Tlands, , those other passages by y* West Indyes, and by y* North beinge y* two nc ee extreames of that golden Medyum w* I hope will by proffitable vse"
,,,,,,,,medium,,white hall,White hall,White hall|White Hall 14°|White Hall,3,3,"2,4",spacy_FAC:3,,,,,,V02-P0491:631,"M' Deputie acquainted the Court that by Cofiaund of the Lorde of the Counsell himselfe w™ some fewe others of the Companie had attended their Lo” at White hall on Wedensday last where their Lo™ first Demaunded of him an Accompt whither the  || And so I rest White Hall 14° Maij 1623 || White Hall, 192."
,,,,,,,,medium,,willelmo,Willelmo,Willelmo,3,3,4,spacy_GPE:2|spacy_LOC:1,,,,,,V04-P0310:2439,"Gomis quod ipsi dividerent seipsos in duas eolonias una earum consistens de diversis miliiibus, generosis, mereatoribus et aliis de Civitate domini Regis Londonie voeata prima colonia et altera earum de diversis militibus, generosis et alii || Tobie Sneede, Georgio Barkley, Arthuro Pott, Thome Carles, Willelmo Barkley, Thome Johnson, Alexandro Bentts, duci, Willehmo Kinge, Georgio Sands, generoso, Jacobo White, generoso, Ndwardo Wynn, Charolo Towler, Ricardo Reynolds, Edwardo Web || Thome Norineott, clothworker, Ricardo Venn, haberdiasher, Thome Scott, generose, Thome Jackson, merchant tayler, Georgio Hankyn- son, Thome Leyre, generoso, Matheo Cooper, Georgio Butler, generoso, Thome Lawson, generoso, Edwardo Smyth, hab"
,,,,,,,,medium,,acton,Acton,Acton,2,2,"1,3",spacy_GPE:2,,,,,,V01-P0062:523,"Next he acquaynted that at the Court of elec@on, there was choice made of Sixteene Comittees, one third part of them being vnsworne, who since that time haue seldome or neuer mett, or afforded their presence therefore desired that in their  || That whereas his Ma‘’* hath been pleased to graunt vnto the Tret & Com- pany of Virginia diuers tres Pattents, togeather wth many gratious pviledges & loueing instrucéons as well for the good gou9m' of the said Company as for the advancemt "
,,,,,,,,medium,,almightie,Almightie,Almightie,2,2,"3,4",spacy_GPE:2,,,,,,V03-P0689:1538,"Many other matters we haue to write if time would giue leaue for want whereof, we must reserue them till the departure of the Abigaile: And now comitting yo"" and all yor affaires, to the good guidance and protecéon of the Almightie. || Out of all which by the blessing of Almightie god his Mat wisdom may extract such Maximes and conclusions as whearby that Collony in a fewe yeares may bee brought to the flourishing estate of a kingdome, and may yeeld bothe honnor, and Reue"
,,,,,,,,medium,,ambergreece,Ambergreece,Ambergreece,2,2,2,spacy_GPE:2,,,,,,V02-P0042:2066,"The Virginia Companie vnderstandinge of this Discouery did challenge it as their right beinge 100 leagues at the least without distance of their Graunt: the said Companie sent a Gouernor with men to take that possession from yo"" Ma and find || wherevnto the Company had also giuen their Answeare to 8"" Christo: Perkins (vnto whome his Ma‘ had referred these petizons) as like- wise had answeared two other petiéons in the name of one Dixon and W™ Kempe: Also another Petiton was exhib"
,,,,,,,,medium,,armor,Armor,Armor,2,2,"3,4",spacy_GPE:2,,,,,,V03-P0214:695,"9 I for the more decent and comley gouerment and ordering of our famyly wee substitute and appoynt, fferdinando yeat to be ancient, and Rowland Paynter Se'geant of the company, And John Blanchard to be steward of the houshold and clarke of  || Armor, 279, 280, 281."
,,,,,,,,medium,,articles,Articles,Articles,2,2,"1,3",spacy_LOC:1|spacy_GPE:1,,,,,,V01-P0133:469,"w” itt is referred to the Articles by the Company preferred against || St: As I was setting pen to paper to answer yo' letter, & to deliver my opinion of the writings enclosed, there came to me M’ Bargrave, w a supersedens from * * * venting my meditations upon his Articles."
,,,,,,,,medium,,audito,Audito,Audito,2,2,1,spacy_GPE:2,,,,,,V01-P0200:126,m! Peirce his peti- Gon referd to y* Audito™ || Audito™ to certefie therof.
,,,,,,,,medium,,author,Author,Author,2,2,"2,4",spacy_GPE:2,,,,,,V02-P0281:1495,"Right Hono?” for avoydinge of troublesome or offensiue speach to this Hono™* Court, and the multiplicaton of many words and exceptions against the Salaries as they nowe stand propounded, or against the parties intended for managinge the sal || notwithstanding it begat a desire to pro- ceede: but heare my owne Author."
,,,,,,,,medium,,barnarde,Barnarde,Barnarde,2,2,1,spacy_GPE:2,,,,,,V01-P0307:373,m‘ Barnarde. || m’ Barnarde.
,,,,,,,,medium,,belfast,Belfast,Belfast,2,2,4,spacy_GPE:2,,,,,,V04-P0502:1026,"loved Cosen and Couneellor Henry Viseount Mandevilte lorde Presidente of our Couneell and to our righte trusty and Welheloved Wiltm lorde Pagett and to our right trusty and Welbeloved Councellors Arthur lord Chichester Baron of Belfast Sir  || Belfast, Baron of."
,,,,,,,,medium,,bickely,Bickely,Bickely,2,2,2,spacy_GPE:2,,,,,,V02-P0342:1155,"ffrauncis Bickely and Robert Alden who had one share a peece assigned vnto them by Tho: Viner. || Bickely, Francis."
,,,,,,,,medium,,bille of aduenture,Bille of Aduenture,Bille of Aduenture,2,2,1,spacy_FAC:2,,,,,,V01-P0358:1318,"It was therefore moued this Court would please to confirme the said two shares of §land§ vnto m‘ > Clapham being his next heire, But in respect no Bille of Aduenture could be showen to proue the deceased Clapham to be that lo Clapham menéon || Intelligence was also giuen that one m'’ Tho: Leuison (beinge the gentleman that thath newe taken a Patent for a pticuler PlantaGon) did make it appeare by his seuerall Bille of Aduenture vnder the Companies Seale that there was Due vuto m'"
,,,,,,,,medium,,biscay,Biscay,Biscay,2,2,4,spacy_GPE:2,,,,,,V04-P0469:588,"And now Considering yt not only Robert Guyar & John white, but also the rest of the shipps Company at the first vndertooke, & were hired to Come first hither, hence to Canada, fro’ thence either to Portucall, Biscay or France & so home agai || Biscay, 461."
,,,,,,,,medium,,black box,Black Box,Black Box,2,2,4,spacy_LOC:1|spacy_GPE:1,,,,,,V04-P0228:376,"First that all our letters and Books be brought in that the sd Black Box was Concealed w*"" wuld discover much the Lamentable state of the Country || Records in Black Box, 225, 226."
,,,,,,,,medium,,boroughs,Boroughs,Boroughs,2,2,3,spacy_GPE:2,,,,,,V03-P0505:1315,and that against the next yeare you will haue erected in the foure severall Boroughs as many Guest houses capable to receiue those great numbers. || Boroughs.
,,,,,,,,medium,,boundaries,Boundaries,Boundaries,2,2,3,spacy_GPE:2,,,,,,V03-P0735:2523,"Ancient borough of, 100, Boundaries set, 103. || Boundaries and management of private, 204-206."
,,,,,,,,medium,,brewood,Brewood,Brewood,2,2,"3,4",spacy_GPE:2,,,,,,V03-P0733:556,"Brewood, Thomas. || Brewood, Thomas, 558."
,,,,,,,,medium,,burland,Burland,Burland,2,2,4,spacy_GPE:2,,,,,,V04-P0106:1273,"I vnderstand, that Capt? Whitakers charges cight of the Companies Tenants vpon my accompt, which because it may at first view be vnder- stood, as if I had had the benefitt of them, you shall know, that two of them being Sawyers and parcell  || Burland, —, 104."
,,,,,,,,medium,,california,California,California,2,2,3,spacy_GPE:2,,,,,,V03-P0586:1219,"One demonstration of the crafty falshood of these vsuall Maps is this, that Cape Mendocino is set in them West Northwest, distant from the South Cape of California, about seuenteene hundred Leagues, whereas Francis Gaule that was imployed i || California, an island, 573-574."
,,,,,,,,medium,,calumny,Calumny,Calumny,2,2,4,spacy_GPE:2,,,,,,V04-P0064:1178,"If God spare me life I will write a particuler discourse of this Countrie, the hindrances to the Plantaéon and wales to aduance it, with an answeare ynto Calumny meane while I referre you to others for other particulers, and will now addres || [4] The Colony grewe into an opinion, that they were the happiest people in y® world: W% meeting here at home w® y* experience of most Noble demeano' on y® Companies part, agaynst wth Envy itselfe could not finde any shadowe of Calumny or o"
,,,,,,,,medium,,cambaya,Cambaya,Cambaya,2,2,3,spacy_LOC:2,,,,,,V03-P0559:777,"and met with a great deale of Silk-grasse there growing, which monethly may be cut, of which kindes, and Mt Heri! in hin Cotton-wooll, all the Cambaya and Bengala stuffes are made in the Kast- ae a Indies: and of which kindes of Silke-grass || The Silkgrasse sent home by m* Pory, whose paines and discouties we much esteeme, is avouched vnto vs, by them that haue long lived in the East Indies to be the same of w* the Cambaya stufes are made, we pray yo"" therefore and him in pticul"
,,,,,,,,medium,,capacitie,Capacitie,Capacitie,2,2,"3,4",spacy_GPE:2,,,,,,V03-P0144:201,"The Treasuror in regard of his Office we conceaue to be of a double Capacitie, 1 as Gouernour, 2!’ as Treasuror. || he is forward in whatsocuer Concernes the Genall and of a good vunderstandinge, Neither is Leifte:ant Peirce (uow Gotinour of James Towne) inferiour to anie, expert in the Countrie, who refuses no labour, nor stick@ at anie expences, that a"
,,,,,,,,medium,,cattell,Cattell,Cattell,2,2,3,spacy_GPE:2,,,,,,V03-P0068:906,"plentie and inerease of Corne, Cattell, Goates, Swine, and such other provisions, necessary for the life and sustenance of man; || there hath beene prouided and sent for VIRGINIA forty two Saile of ships, three thousand fiue hundred and seauenty men and women for Plantation, with requisite prouisions, besides store of Cattell, and in those ships haue beene aboue twelue"
,,,,,,,,medium,,christendome,Christendome,Christendome,2,2,3,spacy_GPE:2,,,,,,V03-P0225:194,"greattest labour we haue yet bestowed upon English wheate, hath bene, upon newe broken up groundes, one ploughing onely & one harrowing, far shorte of the Tilthe used in Christendome, w** when we shall haue ability enough to performe we sha || At my first coming hither the solitary vncouthnes of this place, compared w‘* those partes of Christendome or Turky where I had bene;"
,,,,,,,,medium,,christianitie,Christianitie,Christianitie,2,2,"2,3",spacy_GPE:2,,,,,,V02-P0555:1635,"There was brought to the Court an Indian Boy by one William Perry lately come ouer from Virginia, for whome a moéon was made for some Contribuéon toward¢ his mayntenance, wherby to bring him vp in Christianitie and some good course to live  || The old planters (as they thought now come to reape the benefit of their long trauels) placed with wonderfull content vpon their priuate diuidents, and the planting [13] of particular Hundreds and Colonies pursued with an hopefull alacrity,"
,,,,,,,,medium,,clerke,Clerke,Clerke,2,1,4,spacy_LOC:2,,,,,,V04-P0510:851,"Order is now given that all the Charters, Book@ and other writing€ men- coned in the Comission be forthw® brought to this place, and lefte there in the Custodie of the Clerke for the Commission?s & Conimittee to vse at ther pleasure. || The Seales of the Company to be likewise delivered in, forthw** to the handé of the Clerke."
,,,,,,,,medium,,climates,Climates,Climates,2,2,3,spacy_GPE:2,,,,,,V03-P0260:1626,"And because Canary wine is y° most durable in all voyages and Climates of anie, and so Consequently y° most salable and proffitable: yt would doe passinge well, yf wee could get store of plant¢ from thence, * * * yt would one day acquite y* || For Salt, order is giuen for the making of it in abundance, and after the manner of thofe hotter Climates, which may prooue a great helpe to increafe the Plantation."
,,,,,,,,medium,,clowerwall,Clowerwall,Clowerwall,2,2,3,spacy_GPE:2,,,,,,V03-P0134:856,"That is to say, in the yeare of his raigne of England ffrance and Ireland the sixteenth and of Scotland the hij Betwene the Treasorer and company of Adven- turers and planters of the City of London for the first colony in Virginia with the  || Covenants and agreements had and made by and betwene §* Wilf™ Throkm?ton of Clowerwall in the county of Gloué knight and baronet on the first pte, Richard Berk|le||ley of Stoke Gifford in the said County Esq, on the second pte, George Thorp"
,,,,,,,,medium,,coffiand,Coffiand,Coffiand,2,2,"3,4",spacy_GPE:2,,,,,,V03-P0540:1298,"Forasmuch as notw""standinge the manifold advise and warninge hereto- fore given to the peopell of this Cuntrie, they do yett still continue theire disorderly goeing abfedd of Shippe vnto the great abuse of themselues and scandall of their n || And if the other partie will doe the like against S' Edwyn Sandys, or any others of the Companie, the buisines wilbe by this meanes fully Censured, so prayeing for yo"" Lo’®? increase of honot I rest Your Lor®® to Coffiand JoHN BarGRAvE"
,,,,,,,,medium,,comahum,Comahum,Comahum,2,2,4,spacy_FAC:1|spacy_GPE:1,,,,,,V04-P0100:1174,"May it please you to understande, yt since our laste Tre, there cam two Indians to mlartins] Hunndred, who accordinge to order were sent vp to James Cyttie, one of which Called (Chauco) who had lived much amost the English, and by revealing || Comahum, 98."
,,,,,,,,medium,,comaundinge,Comaundinge,Comaundinge,2,2,3,spacy_GPE:2,,,,,,V03-P0262:171,"vnexpercienced in this Country, and therefore not fit to take so greate a chardg vpon them at y* first, as y° Comaundinge and y® directing and orderinge of fifty men a piece. || his best skill and knowledge vnto the said plantaGon in Virginia and there to land and put on shore all the said psons and good@ soe shipped of what kind soeu9, Straightley chargeinge and Comaundinge the said William Tracy to sett saile fro"
,,,,,,,,medium,,companys,Companys,Companys,2,2,"1,4",spacy_GPE:2,,,,,,V01-P0219:657,My Lo: of Southampton did putt the Audito™ in mynde to examine m'‘: Markhams deserts in the Companys service and therof to make reporte. || That M: Wrott a most worthy Gentlm appealing to the king * * * proceded against by both Companys might be restored and sett in Courts and offer the busines: all w°® the Commission said they would take in to there Consideration and one fryda
,,,,,,,,medium,,consumed,Consumed,Consumed,2,2,"1,3",spacy_GPE:2,,,,,,V01-P0150:2220,"ffor wheras the Deputy Gouernor att his Arivall to that place w” was in or aboute may 1617 hath left and delivered to him by his Predisessor a poréon of publique Land called the Companies Garden which yeilded to them in one year about 300""  || are thereby inordinately Consumed."
,,,,,,,,medium,,continucd,Continucd,Continucd,2,2,"3,4",spacy_GPE:2,,,,,,V03-P0737:1494,Commodities—Continucd. || | Commodities—Continucd.
,,,,,,,,medium,,coort,Coort,Coort,2,2,"2,3",spacy_GPE:2,,,,,,V02-P0518:1576,"M* Deputy moved the Coort would now peeed to a new Choyce: w™ buisines beinge taken into consideraéon, Itt was att length for many important reasons thought fitt and ordered by a generall erecéon of hands (two onely dissentinge) that all th || to be entered in the Coort booke."
,,,,,,,,medium,,counc,Counc,Counc,2,2,"3,4",spacy_GPE:2,,,,,,V03-P0149:40,"Treasurer anp Counc, ror Virainra. || CCLAXX, Counc in Vireinia."
,,,,,,,,medium,,countesse,Countesse,Countesse,2,2,3,spacy_GPE:2,,,,,,V03-P0087:1779,"___--------- L Sheffeild_-- -- L Stanhope __- Ly SPOON COP erecesereers remain a Countesse of Shrewsbury - -- || __--- Mary, Countesse of Shrewsbury Edmund, Lord Sl@ifeld _."
,,,,,,,,medium,,county,County,County,2,1,3,spacy_GPE:2,,,,,,V03-P0204:83,"Richard Berkeley of Stoke Gifford in the said County, Esq, George Thorpe of Waneswell in the said County, Esq, and Iohn Smyth of Northnibly in the said county gent doe send greetinge. || Richard Berkeley of Stoke Gifford in the said County, Esq, George Thorpe of Waneswell in the said County, Esq, and Iohn Smyth of Northnibly in the said county gent doe send greetinge."
,,,,,,,,medium,,county esq,County Esq,County Esq,2,2,3,spacy_FAC:2,,,,,,V03-P0205:1330,"Covenants and agreements had and made by and betwene §* Wilf™ Throkm?ton of Clowerwall in the county of Gloué knight and baronet on the first pte, Richard Berk|le||ley of Stoke Gifford in the said County Esq, on the second pte, George Thorp || on the first pte, Geo'ge Thorpe Jate of Waneswell in the said County Esq;"
,,,,,,,,medium,,croftes,Croftes,Croftes,2,2,"2,3",spacy_GPE:2,,,,,,V02-P0584:1319,"Croftes, Sir Henry, I, 347. || Croftes, Sir Henry, 61."
,,,,,,,,medium,,croydon,Croydon,Croydon,2,2,3,spacy_GPE:2,,,,,,V03-P0225:2062,"Nowe that yo"" lo may knowe, we are not the veriest beggers in the worlde, our Cowe-keeper here of Iames citty on Sundayes goes acowterd all in freshe flaming silkes and a wife of one that in England had professed the black arte not of a sch || Croydon, 221."
,,,,,,,,medium,,darlington,Darlington,Darlington,2,2,4,spacy_GPE:2,,,,,,V04-P0168:1518,"Of all thinges Concerning Virginia you may fullie videfristand by a booke Jatelie set forth in 1622 the last Edition weh you muy procure at Darlington, if not send to Yorke for yt. || Darlington, 166."
,,,,,,,,medium,,deeree,Deeree,Deeree,2,2,3,spacy_GPE:2,,,,,,V03-P0735:2201,"Chancery, Deeree in. || Deeree in faver of John Bargrave, 604."
,,,,,,,,medium,,denmarke,Denmarke,Denmarke,2,2,3,spacy_GPE:2,,,,,,V03-P0316:2365,"The Masts, Planckes, and Boords, the Pitch and Tarre, the Pot-ashes and Sope-ashes, the Hempe and Flaxe, (being the materials of Linnen,) which now we fetch from Norway, Denmarke, Poland, and Germany, are there to be had in abundance and gr || And the Masts, Plancks, and Boards, the Pitch and Tarre, the Pot-ashes and Sope-ashes, the Hempe and Flaxe, which now are fetched from Nerway, Denmarke, Poland, and Germany, will there be had in abundance."
,,,,,,,,medium,,dominiorum,Dominiorum,Dominiorum,2,2,4,spacy_GPE:2,,,,,,V04-P0348:2055,"| dieunt quod idem Dominus Rex nune ante predietum tempus in Informacione predicta superius specificatum scilicet predieto vicesimo tercio die Maii anno regni ciusdein domini Regis Anglie septimo supradicto per predictas littcras suas paten || ] clamant halere potestatem et authoritatem per tempus predictum in Informacione predieta specifi- catum exigere de omnibus personis tam subditis dieti domint Regis quam aliis negotiantibus in aliquo portu, Anglice, harbour, sinu, Anglice, "
,,,,,,,,medium,,drunkenesse,Drunkenesse,Drunkenesse,2,2,3,spacy_GPE:2,,,,,,V03-P0439:733,"against Drunkenesse and that notw'hstandinge the same Act, Drunk- Tbe Recitall enesse is little abated, but still continewed & greate quantities of Corne || An Act (Bill) for the repressinge of the odious sinne of Drunkenesse, and for preventinge the onordinate Consuminge of Corne, 427-432."
,,,,,,,,medium,,dyana,Dyana,Dyana,2,1,3,spacy_GPE:2,,,,,,V03-P0309:1604,"The inconvenyence of vnsound bodyes amonge sound es and healthfull, and of arryvinge in y* springe, wee found in o° voyadge by y° Dyana both at sea, and after wee come on shore. || John Damyron notw'standinge he made a kinde of a vowe vpon o* vn- toward northerly passage in y° Dyana that he would never stand y* hke Course for Virginia againe preferred nowe abedyence before sacrafice, und followed y® comnanyes direc¢on"
,,,,,,,,medium,,earles,Earles,Earles,2,2,"1,2",spacy_GPE:2,,,,,,V01-P0057:1292,"Before the reading of the Co™ there was presented by m’ Ter a list of all the Counsello™ names of Virginia, being of Earles, Barons, Knights, Gentlemen and Citizens about 100 in all, w” this Caution || W"" order att the saide Earles request was so farr forth dispensed w™ as that his Lordshipp notw“standinge might take out his owne pt (intendinge so much as should belonge vnto him by his right of ptnership) vppon pmise to deliuer the rest i"
,,,,,,,,medium,,east india schoole,East India Schoole,East India Schoole,2,2,3,spacy_LOC:2,,,,,,V03-P0658:1991,"towards the building of a Free Schoole in Virginia, to be called the East India Schoole, the summe of || Wee send yo"" a Copie of o° Letters by the Furtherance w™ wee doubt not but is safely long ere this arived wt yo"" the suplies therein sent of Ship- wrighte, and East India Schoole, wee cannot but againe most effectually and earnestly recomen"
,,,,,,,,medium,,east indies,East Indies,East Indies,2,2,"2,4",spacy_LOC:1|spacy_GPE:1,,,,,,V02-P0086:223,"3 m* Robert Carles who had liued 20 yeares in the West Indies and i6 yeares in the East Indies beinge but newly arrived out of his good affecton to the Plantation havinge in writinge sett downe the order- inge curinge and plantinge of Rice, || Legacies to the furtherance thereof: and even from the East Indies by way of Contribuéon, hath bin sent by the Factors and poore Marriners aboue 10008 SeerkeS so farr was the reputaéon of this Action spread, by the prosperinge thereof vnder"
,,,,,,,,medium,,english woods,English Woods,English Woods,2,2,3,spacy_LOC:2,,,,,,V03-P0316:2486,"The Iren, which hath so wasted our English Woods, that it selfe in short time must decay together with them, is to be had in Virginia, (where wasting of Woods is a benefit) || The Iron, which hath so wasted our English Woods, (that it selfe in short time must decay together with them) is to be had in Virarnta (where wasting of Woods is an ease and benefit to the Planter) for all good conditions answerable to the "
,,,,,,,,medium,,essington,Essington,Essington,2,2,"2,3",spacy_GPE:2,,,,,,V02-P0589:412,"Essington, William, I, 213, 228, 220, 241, 286, $12, 316, 535, 634. || Essington, William, et al."
,,,,,,,,medium,,field,Field,Field,2,2,"3,4",spacy_GPE:2,,,,,,V03-P0746:1485,"Field, William, 324. || Field, William, 365."
,,,,,,,,medium,,flushinge,Flushinge,Flushinge,2,1,1,spacy_GPE:2,,,,,,V01-P0286:1325,herte Flushinge. || to Damiron m‘ of the Ship to send her to Flushinge and had allso
,,,,,,,,medium,,garlik,Garlik,Garlik,2,2,3,spacy_GPE:2,,,,,,V03-P0418:1546,"nesesiti Causeth me to leaue good wife Copi at whom y° rather becaues yo left her out of y* list yet haue we 10 at lest to mani I put of Pife, Wilkins, Garlik, Richard perse willi perse Rik hobkines & neds must put of Richard smith & his Co || See under Ships, Garlik, —, 410."
,,,,,,,,medium,,gilford,Gilford,Gilford,2,2,"3,4",spacy_GPE:2,,,,,,V03-P0747:2527,"Gilford, —, 291, 368. || Nate to Sir Kdwin Sandys, 224-226, Gibbs, William, 365, Gillin, Thomas, 60, Gilford, Francis, 557."
,,,,,,,,medium,,gloué esq,Gloué Esq,Gloué Esq,2,2,3,spacy_GPE:1|spacy_FAC:1,,,,,,V03-P0382:1251,"[124] To all Xiian people to whome theis plsenté shall come we S* Willm Throkm?ten of Clowerwal! in the county of Gloué knight and baronet Richard Berkeley of Stoke in the said county of Gloué Esq,; || Covenanté and agreement¢ had and made by & betwene Richard Berkeley of Stoke in the county of Gloué Esq;"
,,,,,,,,medium,,gunsmith,Gunsmith,Gunsmith,2,2,4,spacy_GPE:2,,,,,,V04-P0058:1157,"If you send you must direct yo"" letters to Goodman Jackson, at James Towne a Gunsmith. || Jackson, —, Gunsmith, 59, 60."
,,,,,,,,medium,,hambrough,Hambrough,Hambrough,2,2,"3,4",spacy_GPE:2,,,,,,V03-P0244:1582,"Foure Dutch-men from Hambrough, to erect Sawing-Mills, and all prouisions neces- sary therevnto. || With great care & cost there were procured men skilfull in Sawing- Milles from Hambrough."
,,,,,,,,medium,,hamburg,Hamburg,Hamburg,2,2,"3,4",spacy_GPE:2,,,,,,V03-P0749:1486,"Hamburg, Dutch (German), workmen for colony || Hamburg, 522, Hamersley, —, Alderman, 90, 91."
,,,,,,,,medium,,hbitum,Hbitum,Hbitum,2,2,4,spacy_GPE:2,,,,,,V04-P0354:979,"et Gubernatorem, Thesaurarium, Deputatun et alios officiarios et ministros illos ad Hbitum suum proprium exonerare, amovere, alterare ct muture inaterinque in codem placito contenta minus sufficientia in Jewe existunt ad ipsunt dominun: Reg || convocaciones de quatapluribus et diversis hominibus eiusdem Societatis tot ct taltbus quot et qualilus eis placuerit ve in cisdein euriis, congreeseio- nibus et eonvocacionibus ad Hbitum suimin proprium diversa statuia, lew et constitucion"
,,,,,,,,medium,,hening,Hening,Hening,2,2,"2,4",spacy_GPE:2,,,,,,V02-P0595:1021,"Hening, W. || At that time somewhat more of the document now in the Library of Congress was legible than can now be read, some of its margins having since been worn away, The words and parts of words here printed in square brackets are supplied from Heni"
,,,,,,,,medium,,heury,Heury,Heury,2,2,"3,4",spacy_GPE:2,,,,,,V03-P0747:1551,"Gayny, Heury. || Jobn, Heury, 306."
,,,,,,,,medium,,hickford,Hickford,Hickford,2,2,2,spacy_GPE:2,,,,,,V02-P0014:985,"m’ Hickford. || Hickford, Henry."
,,,,,,,,medium,,highte,Highte,Highte,2,2,"1,4",spacy_GPE:2,,,,,,V01-P0038:704,"All such Bills of Exchange as were now sent from Abraham Persey the Capemerchant concerning the Magazine amounting to Highte hundreth poundé specified in his Letters, is by the Adventurers thereof this present day accepted to be paid from t || For considering the courts in the vaca- cious are often times very thinne, and the Somer Tandes Court by the Letters Pattents may consiste of Highte persons onely: these Under- takers may easily attayne to be the greater parte of the Courts"
,,,,,,,,medium,,iand,Iand,Iand,2,2,"2,4",spacy_GPE:2,,,,,,V02-P0042:1476,"Humbly sheweth unto your moast Excellent Ma‘' that whereas S™ Geo: Suffers Knight beinge one of the first and cheife of the Plantation of Vir- ginia as appeareth by your Ma™ Letters Pattent€ aduentured therein 1000 and odd poundé and beinge || There were many divisions of Iand made: but true it is the Colony was not so scattered as since, And for the Seale then that wh was then vsed was the Seale made for the Counsell of Virg by his Ma'* own appointm'"
,,,,,,,,medium,,iermyne,Iermyne,Iermyne,2,2,1,spacy_GPE:2,,,,,,V01-P0237:1504,"m* Iermyne. || Vppon moéon of the Somer Iland€ Company that they might have a Pattent of the proporéon of Land given them in Virginia by this Company beinge a thousand Acres the Court referred itt to the Audi- to"" to prepare itt against the next Quarter C"
,,,,,,,,medium,,imposte,Imposte,Imposte,2,2,1,spacy_GPE:2,,,,,,V01-P0086:1115,"thought Bt to hath beene sould att Twenty Shillings p pound of w 12°: vj*: was to be paid to the ffarmers of the Imposte and vj* to the ffarmers of the Custome. || Att y® rate of ij’ vj"" the pound to pay 12° in hand for y* defrayinge of fraught Custome, and Imposte, and to pay the resydue the 25"" of March 1621"
,,,,,,,,medium,,incorporation,Incorporation,Incorporation,2,2,3,spacy_GPE:2,,,,,,V03-P0165:889,"The sixte and laste is, they wilbe pleased to change the savage name of Kiecowtan, and to give that Incorporation a new name. || That no man may go above twenty miles from his dwelling-place, nor upon any voiage whatsoever shalbe absent from thence for the space of seven dayes together without first having made the Governor or comaunder of the same place acquainted t"
,,,,,,,,medium,,indentures,Indentures,Indentures,2,2,"1,3",spacy_LOC:2,,,,,,V01-P0092:1490,"3 seudall paire of M* Deputy informed the Courte that three seuerall paire of Indentures — * ‘and toy Land was demaunded of the Company, one by Robert Heath esquire Reeorder of this Citty: The Second by William Tracy of Glocestersheire esqr || And the Secretary shall haue the engross- ing of all such Indentures."
,,,,,,,,medium,,irland,Irland,Irland,2,2,3,spacy_GPE:2,,,,,,V03-P0445:2303,"Giuen att Southampton hundred the sixt day of Marche, in the yeares of the raigne of o' soueraigne Lord James by the grace of god of England, Scotland, France and Irland king, Defendour of the faith ect: vizt of England ect. || We haue sent b¥ a Shipp of Cattell from Irland, whereof we desire that Cap‘ Newe be first served w* his pmised number"
,,,,,,,,medium,,islund,Islund,Islund,2,2,4,spacy_GPE:2,,,,,,V04-P0211:1194,"And also I do hereby giue full power, and authority to him, to comand rule and govern, both my guard & Company, and the said Citty, Islund, Blockhouses, and people, according to his best discretion, in all causes wth shall appteine to his p || (80) Wheras yo"" petioner as well for monies aduentured in y* generall stocke of v"" comp"", as for transporting diuers seruant of bis owne Charge, is to take vp a great quantity of land in Virginia, as also had a pticular patent fro’ y* Comp*"
,,,,,,,,medium,,italie,Italie,Italie,2,2,3,spacy_GPE:2,,,,,,V03-P0317:155,"The Silkes of Persia and Italie, will be found also in Virginia, and in no kinde of worth inferiour. || Sure they thought themselues in Italie, Spayne, or flraunce: Countries plentifull and populous: wher are thousands of women and children and such ydle people to be hyred for }"" or ij2a day."
,,,,,,,,medium,,itps,Itps,Itps,2,2,"2,3",spacy_GPE:2,,,,,,V02-P0317:1664,"But the third pointe ||he said|| required matter of exact consideraéon vizt their Ttps coMaund to bringe in all their Tobacco and other good¢ to w™ Proposition of their Tip’ it hauinge bin made vnto the Com- panies about a yeare and halfe a || It being a busines of greate latitude, having reference to many yeares execuéon, witnesses and recorde past in this Courte & per- formed in the Plantaéon: ffor the doing whereof wee finde our selues, neither qualified nor authorised by the "
,,,,,,,,medium,,jefferies,Jefferies,Jefferies,2,2,"2,3",spacy_GPE:2,,,,,,V02-P0597:132,"Jefferies, Robert. || Jefferies, Robert, 64."
,,,,,,,,medium,,jege,Jege,Jege,2,2,4,spacy_GPE:2,,,,,,V04-P0357:1936,"super mereandizis et aliis rebus per aliquam personam vel aliquas personas non existentes de socictate sua predicta in partes transmarinas prediclas extra hoe regnum Anglie transportatis vel transportandis vel a partibus trans- marinis pred || Anglice, tradinge, cum aliquibus mereandizis vel aliis rebus quibuscunque in partibus transtarinis illis et easdem: personas absque ballio vel manu- eapcione ad libitum suum unprisonare, acetiam quascunque imposiciones eis placuerint super "
,,,,,,,,medium,,johannem,Johannem,Johannem,2,1,4,spacy_GPE:2,,,,,,V04-P0303:1071,"Adhue de termino Sancti Michaelis: Rex: memorandum: quod Thomas Coventrye, miles, attornatus domini Regis nune generalis, qui pro eodem domino Rege in hae parte sequitur, in propria persona sua venit hic in curia dicti domint Regis coram ip || Adhue de termino Sancti Michaelis: Rex: memorandum: quod Thomas Coventrye, miles, attornatus domini Regis nune generalis, qui pro eodem domino Rege in hae parte sequitur, in propria persona sua venit hic in curia dicti domint Regis coram ip"
,,,,,,,,medium,,kerridge,Kerridge,Kerridge,2,2,"2,3",spacy_GPE:2,,,,,,V02-P0598:1339,"Kerridge, Thomas, II, 73. || Kerridge, Thomas, 65."
,,,,,,,,medium,,keyeotan,Keyeotan,Keyeotan,2,2,"3,4",spacy_GPE:2,,,,,,V03-P0754:1247,"Kiceowtan (Kecketan, Kequoughtan, Keyeotan, Kiquotan), 100, 101, 114, 173, 227, 612, 623, 664. || Kicotan (Kieoughtan, Keyeotan), 285, 499, 512."
,,,,,,,,medium,NW-012,kicoughtan,Kicoughtan,Kicoughtan,2,2,"3,4",spacy_LOC:2,,,,,,V03-P0639:1033,"for Kicoughtan, and others for other places. || S' Francis Wyatt Knight Governo’ and Capt generall of Virginia, to Capt Willm Tuckar Commander of Kicoughtan sendeth greeting."
,,,,,,,,medium,,kiecowtan,Kiecowtan,Kiecowtan,2,2,3,spacy_GPE:2,,,,,,V03-P0734:2323,"Representative of Kiecowtan, 154. || See also Kiecowtan,"
,,,,,,,,medium,,kingston,Kingston,Kingston,2,2,"1,2",spacy_GPE:2,,,,,,V01-P0416:742,m’ Kingston. || m‘ Kingston.
,,,,,,,,medium,,league,League,League,2,2,3,spacy_GPE:2,,,,,,V03-P0553:511,"With a Relation of the Barbarous Massacre in the time of peace and League, treacherously executed by the Natiue Infidels vpon the Iinglish, the 22 of March last. || With a Relation of the barbarous Massacre in the time of peace and League, treacherously executed vpon the English by the natiue Infidels, 22 March last."
,,,,,,,,medium,,lichfield,Lichfield,Lichfield,2,2,"2,3",spacy_GPE:2,,,,,,V02-P0601:2317,"Lichfield, Bishop of, I, 220. || Lichfield, Nicholas, 85, 329."
,,,,,,,,medium,,littleton,Littleton,Littleton,2,2,3,spacy_GPE:2,,,,,,V03-P0190:747,"Messengers wages to Coventry, Mangolleffild Bristoll and Stoke w'"" tres and thrise to Littleton about wheat at Set 9 all Py MOS wane cree epee nnn ei oe || Littleton, 186."
,,,,,,,,medium,,londen,Londen,Londen,2,2,4,spacy_GPE:2,,,,,,V04-P0065:2507,"To his most wor thie frend Same uell Wrote Eee, at Londen be theis || I paid for y* horse hier of y® s? Richard Groue fro’ Londen to porchinouth, & since his landing here Thane found hin meat & drinke apparrell & lodging & both at sen & sinee his landing here hee hath been cut reputed & approued my seruaut, b"
,,,,,,,,medium,,lopps,Lopps,Lopps,2,2,4,spacy_GPE:2,,,,,,V04-P0583:1123,"We must ever acknowledge it a singuler favor from his mat, That he hath been pleased to remitt the ympositione vppon Tobacco in Consideratione of supplyinge of the Colony and we humbly desire y* your Lopps wilhe pleased to take order, that  || George Yardley hath given your Lopps full informatione of all things necessarie, And that nothinge be wantinge ane our ptes, by the next shipps we will give your Lopps more full advertisement¢ wt courses we conecive most proper and assured "
,,,,,,,,medium,,maide,Maide,Maide,2,1,3,spacy_GPE:2,,,,,,V03-P0582:323,A Maide. || A Maide.
,,,,,,,,medium,,maiestye,Maiestye,Maiestye,2,2,"3,4",spacy_GPE:2,,,,,,V03-P0450:929,"The greate Werowance Powhawtan in his annuall progress through his pettye provinces cofiing to Patowamack, was there as in other places intertained with the greatest honnor that Nation could, amoung’st other shewes of solemnitic, and much m || Mildmay knight Maister of our Jewelhouse Sir Thomas Coventrye knighte our Attorney Gen%all Sir Roberte Heath §knight§ our Sollicitor Gen®all Sir Ferdinando Gorges knighte Sir Roberte Killigrewe knight Sir Charles Mountagu knight Sir Phillip"
,,,,,,,,medium,,mansfield,Mansfield,Mansfield,2,2,"3,4",spacy_GPE:2,,,,,,V03-P0758:1257,"Mansfield, Sir Robert, 40, || Mannering, Sir Arthur, 157, Mansell, Sir Robert, 363, 300, Mansfield, Sir Rolvert, 90, Manwood, Sir Peter, 363, 300."
,,,,,,,,medium,,marche,Marche,Marche,2,2,"3,4",spacy_LOC:2,,,,,,V03-P0445:2186,"Giuen att Southampton hundred the sixt day of Marche, in the yeares of the raigne of o' soueraigne Lord James by the grace of god of England, Scotland, France and Irland king, Defendour of the faith ect: vizt of England ect. || and doe finde the pes persons Sheer$ to bee more in number, and provision of vietualls to bee more plentifull then wee expected, after the Massacre and so great a mortallity both of men and Catle, but theyr is great want of Amunicion, and d"
,,,,,,,,medium,,marle,Marle,Marle,2,2,4,spacy_GPE:2,,,,,,V04-P0547:1715,"But vpon that former Demonstrative Argument of his, though it were so fully answered as nothing eould be more, yet the Marle of Middlesex tooke his ground to condemne the Contract he had signed, as hurtfull to the Planta@ons; || Wherevpon a Quo Warranto was direeted by the Marle of Midd suggestion, for the calling in of their Pattent."
,,,,,,,,medium,,matoar,Matoar,Matoar,2,2,2,spacy_GPE:2,,,,,,V02-P0410:1515,"Herevnto wee ansvere y* itt is true that Matoar the daughter of Pohatan being taken Prisoner by Cap‘ Argall and affectinge marriage w one m* Rolf became a Christian and soe dyed att Grauesend, Other matter of note for con- version of those  || Matoar, II, 395."
,,,,,,,,medium,,maurice,Maurice,Maurice,2,2,4,spacy_GPE:2,,,,,,V04-P0623:1957,"Holsten, Maurice, 287. || Licwellin, Maurice, 365, Lohtollie, 58."
,,,,,,,,medium,,memorand,Memorand,Memorand,2,2,2,spacy_GPE:2,,,,,,V02-P0405:188,Memorand that || Memorand.
,,,,,,,,medium,,menis,Menis,Menis,2,2,3,spacy_GPE:2,,,,,,V03-P0270:1276,"8 of octob: aneored at Menis from whence wee depted the 11"" of oetob: & after some stormy & tempestuous wether ariued at pointe Comfort vpon the 29"" of Octob: & the 4% of Nouemb: followinge ancored before James Citty where we landed all our || Menis, 262."
,,,,,,,,medium,,methusalem,Methusalem,Methusalem,2,2,3,spacy_GPE:2,,,,,,V03-P0577:981,"Methusalem — Samuel Reeue. || Methusalem, 565."
,,,,,,,,medium,,midsomer,Midsomer,Midsomer,2,2,"1,3",spacy_GPE:2,,,,,,V01-P0140:963,"ffor the Comittee chosen for the Acts of the generall Assembly m‘ Thier signified that they had taken extraordinary paines therin, butt forasmuch as they were exceedinge intrycate and full of labour hee in their behalfe desyred the Courte t || All Grants of Land in Virginia to new Aduenturors, that is to say, to such as hereafter shall be free of the Companie, paying the Companie for their Shares before Midsomer, 1625."
,,,,,,,,medium,,midsummer,Midsummer,Midsummer,2,2,3,spacy_GPE:2,,,,,,V03-P0112:669,"concerneth the ‘part and all the shares of the said person so behind and not satisfying as aforesaid shall be utterly void Provided also and it is ordained that the Grantees shall from time to time during the said seven years make a true Ce || And whosceuer transports himselfe or any other, at his charge into VIRGINIA, shall for himselfe and each person so transported, before Midsummer, 1625."
,,,,,,,,medium,,monmouth,Monmouth,Monmouth,2,2,4,spacy_GPE:2,,,,,,V04-P0608:1181,"Caps, Monmouth, 278, 279. || Monmouth caps."
,,,,,,,,medium,,monsieur,Monsieur,Monsieur,2,2,"3,4",spacy_GPE:2,,,,,,V03-P0547:799,"Je vous supplie aussi, Monsieur me favoriser es reg** et demandes que Je fay a la Compagnie. || Bomonte, Monsieur, 467."
,,,,,,,,medium,,mulberie,Mulberie,Mulberie,2,2,"3,4",spacy_GPE:2,,,,,,V03-P0663:291,"sharply reprovinge the neglect thereof, wherefore we pray yo"" lett that little stock yo"" haue be carefully improued, the Mulberie trees preserued and encreased, and all other fitt preparations made, for, God willinge, before Christmas yo"" s || For Mulberie trees great store were y° last yeere planted and shalbe yeerly inclosed, the like care we will haue of Vines."
,,,,,,,,medium,,naples,Naples,Naples,2,2,4,spacy_GPE:2,,,,,,V04-P0444:1675,"The hint€ of it T had from Charles the 5, and if he himselfe or King Philip his sonne, had vsed the hke policie in the West Indyes, low Coun- trics, Millame, Naples, and the rest of his provinces to Mantayne his Soveraigntye there, he had n || Naples, 436."
,,,,,,,,medium,,nenemachanew,Nenemachanew,Nenemachanew,2,1,4,spacy_GPE:2,,,,,,V04-P0009:65,"was it to be imagined yt vppon y® death of Nenemachanew, a man soe farr owt of the favor of Apochancono yt he sent worde to Sr. || George Yardley beinge then Gou'nor by his interpreter, yt for his pte he could be contented his throte were Cutt, there wlould] falle owte a gencrall breach, wee beinge intreatie w® him and offeringe to doe him Justice Aceordinge to the Art"
,,,,,,,,medium,,newfowndland,Newfowndland,Newfowndland,2,1,4,spacy_GPE:2,,,,,,V04-P0223:448,My laste letter I wrotte you was in the dame from Newfowndland the which [ hope vou have received er this. || Your Newfowndland fyshe is worthe 30 s.
,,,,,,,,medium,,nicholaum,Nicholaum,Nicholaum,2,2,4,spacy_FAC:2,,,,,,V04-P0324:1744,Et quoad libertates privilegia et ffranchesias videlicct cosdem Nicholaum ffarrer [et al. || tenementa et hereditamenta saa quecunque cuieungue persone vel quibuseunque personis ad corai libitum materia- que in codem placito contents bona et suffeientia in lege existunt ad ipsure dominum Regem ab informacione sua predicta versus ip
,,,,,,,,medium,,nichole,Nichole,Nichole,2,2,"1,2",spacy_GPE:2,,,,,,V01-P0146:1273,m'’ Nichole. || wn’ Nichole.
,,,,,,,,medium,,ning,Ning,Ning,2,2,4,spacy_GPE:2,,,,,,V04-P0382:1216,"] say that our lord James who now is King of England was seised of those muny lands, countries, and territories of our said lord the King culled Virsinia specitied, in the information aforesaid, in his demesne as of fee, and our lord the Ki || , for our same lord the Ning further s that the plea aforesaid pleaded above in the form aforesaid as to the liberties, pr es, and franchises aforesaid above mentioned and hereafter recited, namely, that the same Nicholas ffarrer [ef a/,] a"
,,,,,,,,medium,,norway,Norway,Norway,2,2,3,spacy_GPE:2,,,,,,V03-P0316:2357,"The Masts, Planckes, and Boords, the Pitch and Tarre, the Pot-ashes and Sope-ashes, the Hempe and Flaxe, (being the materials of Linnen,) which now we fetch from Norway, Denmarke, Poland, and Germany, are there to be had in abundance and gr || Norway, 308, 544."
,,,,,,,,medium,,nouem,Nouem,Nouem,2,2,3,spacy_GPE:2,,,,,,V03-P0062:48,1620 June 23 26 28 July 18 Nouem: 04 13 [5] Nouem. || of Nouem.
,,,,,,,,medium,,nouemb,Nouemb,Nouemb,2,2,"1,2",spacy_GPE:2,,,,,,V01-P0240:840,"After these businesses were thus ordered: and the Court nowe full, my Lord of Southampton moved that if the Company so pleased they would now goe to the elecéon of their newe Gouerno’ of Virginia who was to succeed S' George Yeardly after t || This Indenture made the Nineteenth day of Nouemb’ 1623."
,,,,,,,,medium,,novemb,Novemb,Novemb,2,2,"1,2",spacy_GPE:2,,,,,,V01-P0248:1911,"in Novemb: next: That therfore the generall Committees, assisted w™ || This Indenture made the Nineteenth day of Novemb™ Ann° 1623, and in y° years of the Raigne of our Soveraigne Lord Iames by the grace of God kinge of England Scotland ffraunce and Ireland defendour of the flayth C* (vizt) of England ffraunce"
,,,,,,,,medium,,octobris,Octobris,Octobris|Octobris 1622,2,2,3,spacy_GPE:1|spacy_LOC:1,,,,,,V03-P0007:1041,"1 Inprimis vizt Gd Anno Dni 1606 mensibusij, in eod anno Concurrefi ac etiam mensib* Martii, Aprilis, Maii, Junii, Julii, Augusti, Septembris, Octobris, Novembris, Decembris, Januarii et fiebruarii anno Dni 1607 Johes Havercome fuit et erat || [Indorsed:] Exhibit p Wyan apud Sowthwarke cora dno Judice 14° die mensis Octobris 1622."
,,,,,,,,medium,,opachankeno,Opachankeno,Opachankeno,2,2,3,spacy_GPE:2,,,,,,V03-P0132:1900,"The Spirituall vine you speake of will not so sodaynly be planted as it may be desired, the Indians being very loath vpon any tearmes to part with theire children, the best course I could devise herein to draw the people in to live amongst  || Poole a messenger from Opachankeno, [By Sr Edwin Sandys] To & Edwin Sandys."
,,,,,,,,medium,,ordenance,Ordenance,Ordenance,2,2,3,spacy_GPE:2,,,,,,V03-P0248:467,"ffor wee haue no place of strength to retreate vnto, no shipping of e?teynty (weh would be to vs as the wodden walles of England) no sound and experienced souldyers to vndertake, no Engineers and arthmen to erect worke, few Ordenance, not a || 4564 here for the castinge of Ordenance, pott¢, and other necessaries w* a lawe"
,,,,,,,,medium,,osnaburg,Osnaburg,Osnaburg,2,2,4,spacy_GPE:2,,,,,,V04-P0608:1396,"Shirts, Osnaburg, 279. || Osnaburg shirts."
,,,,,,,,medium,,oxford,Oxford,Oxford,2,2,"1,2",spacy_GPE:2,,,,,,V01-P0271:985,"And in respect m’ Briggs was nowe gon to Oxford to abyde, there was chosen in his place m‘ Gibbs: All w™ being put to the question were confirmed and tooke the same Oath. || The Court thought fitt likewise to make m’ Sam: Seaward (of Oxford Bachelo’ of Diuinity) a ffreeman, he in the rehersall sermon havinge manifested a great zeale to the Plantation."
,,,,,,,,medium,,parliamentarie,Parliamentarie,Parliamentarie,2,1,4,spacy_GPE:2,,,,,,V04-P0182:400,"§24§ §25§ 24 As R ther is a Redundance of lawes to gow9ne the Compinie here so ther is a Just Cause of Complaint for want of lawes wherchy to goune the Collonie there, for though the Planters 3 yeares since in a Parliamentarie fashion were  || [6] §27§ 26 §26§ Hence followeth the Ehideing, makeing, breaking und nullifying lawes and orders by acute distinctions, metaphisicall Reasons, and transcendent authoritie after a supreame and Parliamentarie mauner some particulers whereof a"
,,,,,,,,medium,,patricius copeland,Patricius Copeland,Patricius Copeland,2,2,4,spacy_GPE:2,,,,,,V04-P0304:577,"curia dicti domini Regis coram ipso Rege apud Westmonasterium die Martis proxima post crastinum animarum isto eodem termino et pro eodem domino Rege dat curie hic intelligi et infurmari quod Nicholaus ffarrer, Edwinus Sandis, miles, Johanne || ) de et in libertates privilegias et ffranehe- sias predieta amodo nullatenus se intromittant nec corum aliquis intro- mittat sed ab omni usu et clameo eorundem et eorum cuiuslibet exelu- dantur ct corum quilibet exeludatur, quodque preciet"
,,,,,,,,medium,,pattent,Pattent,Pattent,2,2,4,spacy_GPE:2,,,,,,V04-P0565:764,by Pattent. || by Pattent
,,,,,,,,medium,,payton,Payton,Payton,2,2,3,spacy_GPE:2,,,,,,V03-P0086:1704,"-_-_-- SP ary Payton oa tw S* Stephen Powell_____. || Peyton, Sir Henry (Payton), 86, 331."
,,,,,,,,medium,,pembrooke,Pembrooke,Pembrooke,2,2,"1,2",spacy_GPE:2,,,,,,V01-P0010:484,"Letters procured from the Lordes of the Counsell to the Company of Grocers and signed by Pembrooke, Southampton, Exeter, Zouch, Carey and Digby was now sealed and referred to mr. || Pembrooke, Earl of, I, 218."
,,,,,,,,medium,,physicall,Physicall,Physicall,2,2,3,spacy_FAC:2,,,,,,V03-P0317:425,"We omit here a multitude of other naturall Commodities, dispersed vp and downe the diuers parts of the world: of Woods, Rootes, and Berries, for excellent Dyes: of Plants and other Drugges, for Physicall scruice: of sweet Woods, Oyles, and  || for Physicall seruice;"
,,,,,,,,medium,,pipestaues,Pipestaues,Pipestaues,2,2,"1,2",spacy_GPE:2,,,,,,V01-P0332:1711,"4, Many Comodities doe now beginn and are like to arise in Virginia that will not be vendible in England as namely Fish Cauearie, Pipestaues, quantities of Sassafras, and Sarsaparilla and the meaner sorte of Tobacco, w™ in other for- raigne || The Third Informaéon is y‘ in the Compass of those first 12 years Staple Com- odities began to be raysed and imported into this Kingdome, as Iron, Stur- gion, Caveare, Sope and Pottashes, Masts for Ships, Clapbourd, Pipestaues, Waynscott, W"
,,,,,,,,medium,,plantationes,Plantationes,Plantationes,2,2,4,spacy_FAC:2,,,,,,V04-P0101:2101,"We haue lett as many returne to theire Plantationes as haue desired the saine [we] could haue wished that your Comands, had coneurred w® our opinions of planting together for (nott to speake of other in- conveniences) though they went foor[ || We had by the laste shippe sente a generall muster wherof we now sende you a eopie w additions of the distances of the severall Plantationes, Tow they haue been since awgmented, you shall know by the next gencrall muster, we we intende, god"
,,,,,,,,medium,,powle,Powle,Powle,2,1,3,spacy_GPE:2,,,,,,V03-P0581:357,"At Powle-brooke. || Nath: Powle, Esq."
,,,,,,,,medium,,prestwood,Prestwood,Prestwood,2,2,3,spacy_GPE:1|spacy_LOC:1,,,,,,V03-P0204:1275,"And wheras also for the better orderinge and governement as well of eur our said people and men nowe ready to bee shipped and of those that shall hereafter bee sent in augmentaéon of their number, and fower others already there, as also of  || and John Smyth of Northnibly in the said county gent doe send greetinge Wheras we the said St Wiltm Throkm%ton Richard Berkeley George Thorpe and John Smyth by our tres of Comission vnder our seu%all hands and seales bearinge date the iiij "
,,,,,,,,medium,,prevyledge,Prevyledge,Prevyledge,2,2,1,spacy_GPE:2,,,,,,V01-P0086:1409,"graunted by them their Pattent vnder the brode Seale vppon good grounds, to paie y’ King in histres onely five p Cent: and 10 more w™ Prevyledge they could not give ‘oe. || Vppon w® this great and generall Courte found themselvs vppon @ deliberate consideracon of the matter att an exceedinge pinch tor if they should not doe as the Kinge had commaunuded they might incurre suspigon of defect in poynte of duety f"
,,,,,,,,medium,,privy counctn,Privy Counctn,Privy Counctn,2,2,4,spacy_GPE:2,,,,,,V04-P0015:1236,Privy Counctn. || Privy Counctn.
,,,,,,,,medium,,proclamation,Proclamation,Proclamation,2,2,"2,3",spacy_FAC:1|spacy_GPE:1,,,,,,V02-P0365:756,"Counsell, & other principall Officers now resydinge in Virginia as not to testi- fie their solicitous care and industry in puttinge in execuéon our desires and direccons as appeareth by their Proclamation and other orders to be seene. || Proclamation to Virginia Company hibiting Lottery, 134-435."
,,,,,,,,medium,,quodquidem,Quodquidem,Quodquidem,2,1,4,spacy_GPE:2,,,,,,V04-P0359:49,eludendum Quodquidem placitumn materiamque in eodem contentam jidem Nicholaus ffarrer [ef a/. || Quodquidem placituim materiam- que in eodem contentam idem Nicholaus flarrer [eé ad.
,,,,,,,,medium,,rawleighe,Rawleighe,Rawleighe,2,2,4,spacy_GPE:2,,,,,,V04-P0375:3456,") produce here in court, reciting that when the beloved and well disposed subjects of our lord the King himseli, Sir Thomas Gates, Sir George Sommers, Richard Hackluite, clerk, prebendary of Westminster, Edward Maria Winekfeild, Thomas Hann || Gilbert, Rawleighe, 367."
,,,,,,,,medium,,russia,Russia,Russia,2,2,3,spacy_GPE:2,,,,,,V03-P0316:2088,"The rich Furres, Cauiary, and Cordage, which we draw from Russia with so great difficulty, are to be had in Virginia, and the parts adioyning, with ease and plenty. || From whence ariseth an assurance [4] that (by the assistance and skill of industry) those rich Furres, Cordage, and other Commodities, which with difficulty and danger are now drawn from Russia, will be had in Vireinta and the parts adioyni"
,,,,,,,,medium,,sand,Sand,Sand,2,1,4,spacy_GPE:1|spacy_LOC:1,,,,,,V04-P0199:166,his majestyes directions may bee §the§ more fully obserued it may please his Ma” to coffiand that a pres present list bee made Sand the same to bee forthwith presented and examined by the comissioners$ ef contayninge the names of all such a || Of all who within theese foure yeeres haue vnderwritten Sand payd in truthe§ in the Magazin or in any Reoule of adtenture and for what each Put sueh memyes a5 they hate subsertb And of all sueh as shall and accordingly payd theyr monyes int
,,,,,,,,medium,,sauages,Sauages,Sauages,2,2,4,spacy_LOC:2,,,,,,V04-P0086:589,"9 Howe the Collony nowe standes in respect of the Sauages. || 4, There was onely eight Plautatéons, all wet were but poorely housed, and as ill fortified agaynst the Sauages."
,,,,,,,,medium,,scottland,Scottland,Scottland,2,2,"2,3",spacy_GPE:2,,,,,,V02-P0442:375,"their Legall seall to be affixed Given in a great and generall Quarter Court of the said Treasuro"" and Company held the 14th Day of May 1623 And in y° year¢ of the raigne of our Soueraigne Lord Iames by the grace of God kinge of England Sco || a further Charge, Gyuen vnder the Counsell seale the fower and twentith day of Julie 1621 And in the yeare of the raigne of o soueraigne Lord James by the grace of god of England Scotland ffrance and Ireland defendor of the faith &¢ That is"
,,,,,,,,medium,,seamen,Seamen,Seamen,2,2,3,spacy_LOC:1|spacy_GPE:1,,,,,,V03-P0026:1928,"4, Your Shippes beinge discharged of theire pvision we wishe that they the Seamen and soe manie others as shalbe needfull for that worke be wth what Convenient speed you may employed to theire fyshinge for Sturgeons and other fish wch done  || Whereas the trade and voyages of and for fish and fishing in foreigne Seas Coastes and places now are and from tyme to tyme hertofore allwaics have been a great meanes of the increase of shipps and shippinge in this kingdome and of breeding"
,,,,,,,,medium,,septemb,Septemb,Septemb,2,2,"1,2",spacy_GPE:2,,,,,,V01-P0152:95,"A Ship of Bristoll of 80 Tunn sent in Septemb’ 1619 w""—45 Personns Therare allso two Ships in providinge to be shortlie gone for about 300 Personns more to be sent by ; || ---of 100 Tunn in Septemb w™ Provisions &."
,,,,,,,,medium,,shipwrights,Shipwrights,Shipwrights,2,2,"3,4",spacy_GPE:2,,,,,,V03-P0703:715,"The Shipp and Mariners imployment as yo find in the Charter- partie is to be discharged by a fraight of 800"" and that to be raysed by the lading aboard of 64000 waight of Tobacco at 3¢ p “ att w™ rate besides the generall Companyes, it is a || Shipwrights, 266, 453, 51"
,,,,,,,,medium,,socictatem,Socictatem,Socictatem,2,2,4,spacy_GPE:1|spacy_LOC:1,,,,,,V04-P0337:2217,"Et co Warrante per tempus predictum in Informacione predieta superius specificatum Thesaurarius Societatis precdicte ef Societas predicta vel maior pars inde pro tempore existenti in plena et generali euria congregati cla- mant et usi fueru || ] facere, eligere et admittere in Socictatem illam quascunque personas voluerint tam alienas quai alias et diversas denariorum summias de eisdem personis capere, recipere et levare pro eorum admissione in Socielatem pre- dictam quodque pers"
,,,,,,,,medium,,societies,Societies,Societies,2,2,"1,2",spacy_GPE:2,,,,,,V01-P0150:1006,"The Collony beinge thus weake and the Treasury §vtterly§ exhaust, Itt pleased divers Lords Knights, gentlemen and Cittizens (greived to see this great Action fall to nothinge) to take the matter a new in hand and at their pryvate charges (i || And it is not to be doubted but that there wilbe found so many worthie mem- bers of both Companies as will vpon these Termes for one yeare and more rather then the buissines shall fall to the ground to beginn this Hillary Terme to vndertake"
,,,,,,,,medium,,sofier,Sofier,Sofier,2,2,2,spacy_GPE:2,,,,,,V02-P0018:915,"The Aduenturors for the Maides sent the last Sofier, hauinge moued for a ratable proporéon of land to their Aduenture to be laid out together, where they intend to build a Towne w™ they desire may be called by the name of Maydes Towne. || Butt for the matter in hand the Court desyred that the Proposiéons of the Sofier [lands Adventurers might be pduced, w"" m' Edwards acknowledged to haue in writinge Butt desyred that the Company would first appoynte a Coffiittee before they "
,,,,,,,,medium,,sonne arthur,Sonne Arthur,Sonne Arthur,2,2,2,spacy_FAC:2,,,,,,V02-P0110:2005,"The Court hath likewise referred the perticular greiuance of Tho: Goldsmith touchinge his Sonne Arthur detayned by S* Geo: Yeardley as his Tenant, to the examinaéon of the said Comittee, who are duely to informe themselues and consider of e || And whereas the former Comittee had considered and deliuered their opinions touchinge the petiéon and complaint of one Tho: Goldsmith against 8"" Geo: Yeardley for deteyninge his Sonne Arthur as his Tennant: The Court Caused their order vpon"
,,,,,,,,medium,,southwest,Southwest,Southwest,2,2,3,spacy_LOC:2,,,,,,V03-P0028:983,"We doe require Yo"" Lo? that w™ what possible speed and conveniency you may after you are setled you appointe a Convenient number wth guides and some discreete Cofiiaunder to discou9 Northwest South and Southwest beyonde the faulls ten or tw || The coniectures of the Southwest passage and the peece of Copper w™ yo"" sent us, wee gladly saw and heard;"
,,,,,,,,medium,,st john,St. John,St. John,2,1,2,spacy_GPE:2,,,,,,V02-P0617:40,"St. John, Lord, II, 302. || St. John, Oliver."
,,,,,,,,medium,,stewarde,Stewarde,Stewarde,2,2,1,spacy_GPE:2,,,,,,V01-P0229:991,m’ Stewarde. || m’ Stewarde.
,,,,,,,,medium,,strainge,Strainge,Strainge,2,1,2,spacy_GPE:2,,,,,,V02-P0535:558,m’ Strainge. || m’ Strainge.
,,,,,,,,medium,,subiecte,Subiecte,Subiecte,2,2,"3,4",spacy_GPE:2,,,,,,V03-P0669:1135,"As it is our part not to denye Iustice vnto any of our Subiecte that shall find themselues grieved, nor haue wee ever stopped the due Course thereof, but rather removed all Impedimente that might hinder our subiecte iust reliefe vpon compla || thereabouts there haue ben transported aboue * fowre thowsand of yor? themselves Subiecte, beside those #2 §who§ went thither during the first 12 yeares @ME* {MNP a avere §beeing§ ab as we are informed? about Sabout§ 2500 psons RARER they h"
,,,,,,,,medium,,suerties,Suerties,Suerties,2,2,2,spacy_GPE:2,,,,,,V02-P0295:1478,But consideringe that the Stocke was twoe great for almost any man to finde Suerties able to aunsweare such a Sofie and that in farr greater Stocke of other Companies that was not required; || M' Deputy acquainted the Court that hee hadd receaued from his Ma: Comissioners a Petigon of m* Wrotes concerninge his standinge bound for the Companies sute against Wye: w™ beinge read m* Dep- uty acquainted the Court w™ the State of the b
,,,,,,,,medium,,suertishipps,Suertishipps,Suertishipps,2,1,2,spacy_GPE:2,,,,,,V02-P0296:540,"Wherefore they thought it better beth for the present and for here- after to turne their thoughté to the setlinge of such a course and forme as might preuent that §no§ dafiage could happen, rather then howe it should be repaired after the l || ffirst that there should be a safe and stronge rome chosen in the Com- panies howse for the Keepinge of the moneyes that shalbe receaued and stronge Iron Chest€ prouided to put the money in: and that both the Chest¢ and rome should be vnder"
,,,,,,,,medium,,temple,Temple,Temple,2,2,1,spacy_LOC:2,,,,,,V01-P0352:699,"M’ Churchill Moone of the Middle Temple in London gentleman hau- inge eight shares of land in Virginia allowed by the Auditors did vpon request passe them ouer w™ approbaéon of this Court in manner fol- lowinge vizt: he assigned 4 of them v || or any three of them to drawe vp a DeclaraGon and to meete about it to morrowe in the afternoone at m* Deputies about two of the Clocke, if m"" lermyn can then be present, but if not then to meet vpon fri- day morninge at m’ lermyns Chamber "
,,,,,,,,medium,,tenants,Tenants,Tenants,2,2,3,spacy_GPE:2,,,,,,V03-P0285:2211,"And for as much as it is apparant to all vnderstanding minds, that the wealth, happinesse and stability of each particular Estate, is founded vpon the strength and prosperity of the publike, (the publike hauing been of late yeeres wholly de || Wee doe also hereby grant and ordaine, that if any of the old Burroughs, or other particular Plantations, shall be pleased to coneurre in the same workes of making Sali, and taking Fish, they shall be admitted thereunto to the number of twe"
,,,,,,,,medium,,termin,Termin,Termin,2,2,1,spacy_GPE:2,,,,,,V01-P0241:357,m’ Termin. || m’ Termin.
,,,,,,,,medium,,thome,Thome,Thome,2,1,4,spacy_GPE:2,,,,,,V04-P0310:2512,"Gomis quod ipsi dividerent seipsos in duas eolonias una earum consistens de diversis miliiibus, generosis, mereatoribus et aliis de Civitate domini Regis Londonie voeata prima colonia et altera earum de diversis militibus, generosis et alii || Lisle, Theophilo, domino Howard de Walden, Jacobo Mouniague, episcopo de Bath et Wells, Edwardo, domino Zouche, Thome, domino Laware, Wil-"
,,,,,,,,medium,,thousande,Thousande,Thousande,2,2,2,spacy_FAC:2,,,,,,V02-P0027:1274,seemed not well satisfied that out of so large a number by him rec- ofiended they had not made any choise: His Ma“ conceauinge that Marchant€ were fittest for the gouerment of that Plantation in respect of their skill and habilities for rai || what- soeuer was remayninge att that time in the Colony belonginge to y°® publique and beinge the ffruite of ffoureskore Thousande pounds charge hee converted itt in a manner wholly to his owne pryvate vse and possession;
,,,,,,,,medium,,tilbury,Tilbury,Tilbury,2,2,1,spacy_GPE:2,,,,,,V01-P0070:356,"And for pformance of hee shall receaue the said Voyadge the said Cap‘: Tompson was demaunded when he -——s a, Would sett outt, who promised to be redy in Tilbury Hope the sixth bury: hope. || The Ship to be redy in Tilbury Hope the xx"" day of ffeb-"
,,,,,,,,medium,,tobaceoe,Tobaceoe,Tobaceoe,2,2,4,spacy_GPE:2,,,,,,V04-P0142:372,"|| Whereas they say at the begynninge of the 4 last yeares | there were no Comodities but Tobaeco & Sassafras), Wee goe further and say (and that more truclie) that At the end of theis 4 Yeares there is nue Comoditie but Tobaceoe, soe littl || inge aboue 100 Weight of Tubaceoe was passed wth great difficultie in the Quarter Courte here as pliudiciall to the Adventurer and was p'sently Confirmed by the Phunter whoe kumves vowe his vnder- aker in England ean demand of him but 50% o"
,,,,,,,,medium,,treasorer of virginia,Treasorer of Virginia,Treasorer of Virginia,2,2,4,spacy_GPE:2,,,,,,V04-P0143:169,"haue spared ||for|| the Companie could not haue beene soe poore if the Lotteries had uot beene suspended By wth Meanes 8° Edwyi inade Jus way easie to be Treasorer of Virginia and when he had obteyned that place imiediatlie he was a ncanes  || I did this morning receive his Ma® pleasure from my Lo: Treasorer to this purpose, That wheras before his Ma” was pleasd to Reéomend yuto the speciall care of the Virginian Company at their Court this day helld, the Election of such diseree"
,,,,,,,,medium,,ttp,Ttp*,Ttp*,2,1,2,spacy_LOC:2,,,,,,V02-P0337:1249,"W"" beinge read m’ Deputy signified that this Proposition of bring- inge in all their Cofiodities was made vnto the Virginia Company by their Ttp* neare about 18 Moneths since Wherevpon the Companie made an Aunsweare contayninge diuers reaso || W"" beinge read m’ Deputy signified that this Proposition of bring- inge in all their Cofiodities was made vnto the Virginia Company by their Ttp* neare about 18 Moneths since Wherevpon the Companie made an Aunsweare contayninge diuers reaso"
,,,,,,,,medium,,turkey,Turkey,Turkey,2,2,3,spacy_GPE:2,,,,,,V03-P0561:980,"From thence was brought by Lieutenant Perkinson, in his voyage, some of that kind of Earth which is called Yerra Lemnia (there to be had in great abundance) as good as that of Turkey. || And Terra Lemnia was sent vs from thence, which is found as good as that of Turkey, and is in great abundance to be had."
,,,,,,,,medium,,tytles,Tytles,Tytles,2,2,1,spacy_GPE:2,,,,,,V01-P0097:1029,"120: in nomber and devided into eighteene Chapters or Tytles were || ffor the first hee peeeded as formerly hee had done, that nothing was so pfect wherin time discouereth not some impfecGons, so in y° Lawes some thinge beinge found defective comended to their ConsideraGon some small Addiéon and Correeéon of"
,,,,,,,,medium,,ursula,Ursula,Ursula,2,2,"2,4",spacy_GPE:2,,,,,,V02-P0592:461,"French, Ursula, I, 634; || Freveh, Ursula, 500, Frethorne, Richard (ffrethorne), 161, 186, 230."
,,,,,,,,medium,,virarnta,Virarnta,Virarnta,2,2,"3,4",spacy_GPE:2,,,,,,V03-P0556:2011,"The Iron, which hath so wasted our English Woods, (that it selfe in short time must decay together with them) is to be had in Virarnta (where wasting of Woods is an ease and benefit to the Planter) for all good conditions answerable to the  || [AvpErmMan JoHNSON?] Parts or Drarts oF A STATEMENT TOUCHING THE MIsERABLE CoNnpition orf Virarnta !"
,,,,,,,,medium,,vircinta,Vircinta,Vircinta,2,2,"3,4",spacy_GPE:2,,,,,,V03-P0627:47,Governor IN Vircinta. || Governor tn Vircinta.
,,,,,,,,medium,NW-001,virgin,Virgin,Virgin,2,2,4,spacy_GPE:2,,,,,,V04-P0037:399,"[Indorsed:]! Wyttm Capps to Doctor Wynston from Virgin, 1623 || [Indorsed:] Concerning the state of Virgin."
,,,,,,,,medium,NW-001,virginian,Virginian,Virginian,2,2,"3,4",spacy_GPE:2,,,,,,V03-P0301:1224,"I cannot for the p'sent but much marvell that you have noe pryvate tres from Rowland Painter, nor I any from John Blanchard who vowed to mee, true & secret adu%tisem! (w*"" T beleeve because he is honest) especially touching ¥ m* Woodlcefe & || ] habere sibi et siecessoribus suis totas ihes terras, patvias, et territoria diett donnni Regis voenta Virginian et fterros, patrias et territoria ila ad libitum: suum proprinin assignare, dare."
,,,,,,,,medium,NW-001,virgynia,Virgynia,Virgynia,2,2,3,spacy_GPE:2,,,,,,V03-P0044:591,"bill of Complaynt of the Treasorer and Company of the adventerers and planters of the Cittie of London for the first Colony in Virgynia Complaynanteé || Smith:] M' Tracyes tre about his dispatch into Virgynia, June ."
,,,,,,,,medium,,virointa,Virointa,Virointa,2,2,4,spacy_GPE:2,,,,,,V04-P0452:438,"Governor my Virointa, A LETTER TO CaPTAIN WILLIAM TuckrER || Governor in Virointa."
,,,,,,,,medium,,virornta,Virornta,Virornta,2,2,4,spacy_GPE:2,,,,,,V04-P0456:1550,"CIDNNVIL Governor in Virornta, A Warrant ror Hoiping ELEc- TIONS AND SUMMONING THE GENERAL ASSEMBLY || Assempty in Virornta."
,,,,,,,,medium,NW-001,virsinia,Virsinia,Virsinia,2,1,4,spacy_GPE:2,,,,,,V04-P0382:1065,"] say that our lord James who now is King of England was seised of those muny lands, countries, and territories of our said lord the King culled Virsinia specitied, in the information aforesaid, in his demesne as of fee, and our lord the Ki || , by his aforesaid letters patent bearing date at Westminster on the aforesaid twenty-third day of May in the aforesaid seventh vear of his reign, of his special grace, certain knowledge and mere motion, gave, granted, and confirmed to the "
,,,,,,,,medium,,webbs,Webbs,Webbs,2,2,1,spacy_GPE:2,,,,,,V01-P0289:2122,m' Webbs mocon or y¢ 2 Indian || m’ Webbs.
,,,,,,,,medium,,westminster hall,Westminster Hall,Westminster Hall,2,1,2,spacy_FAC:2,,,,,,V02-P0204:990,Touchinge the matter of the lawe of the Realme m‘ Herbert beinge nowe present was desired to deliuer his opinion who said that without all question the priuate estat€ of men could not by lawe be made lyable to paye that for w™ the whole Com || Touchinge the matter of the lawe of the Realme m‘ Herbert beinge nowe present was desired to deliuer his opinion who said that without all question the priuate estat€ of men could not by lawe be made lyable to paye that for w™ the whole Com
,,,,,,,,medium,,wherevpon,Wherevpon,Wherevpon,2,2,"1,3",spacy_GPE:2,,,,,,V01-P0012:1349,Wherevpon he conceaued it the best fittest; || Wherevpon
,,,,,,,,medium,,whetcombe,Whetcombe,Whetcombe,2,2,"1,2",spacy_GPE:2,,,,,,V01-P0178:728,"| Share to m' M' Harper assigned one share to m’ Whetcombe, and wheras 8’ Fraun- Whetcombe : 2 q . || Whetcombe, —~."
,,,,,,,,medium,,williain,Williain,Williain,2,2,"3,4",spacy_GPE:2,,,,,,V03-P0747:124,"Franke, Williain, 60. || Bardwell, Williain, 365."
,,,,,,,,medium,,wort,Wort,Wort,2,2,4,spacy_GPE:2,,,,,,V04-P0006:812,"sSheweth that John Raiinond being one of the Company of Capt Nathaniel Butler esqr when hee went to Checkohomint in y"" good shipp vy? Adam & ue did kill one of the kine of the Wort! wv? lady Dayle his Lady & Mir, wherw"" yor said petioner st || To y right Wort s° Francis Wyatt knight e¢ Governor & Cap* general of Virginia."
,,,,,,,,medium,,wye et,Wye Et,Wye Et,2,2,3,spacy_LOC:2,,,,,,V03-P0294:1697,"Item that the said Wiltm Wye in the yeere and moneths libellat, and in one of the said moneths [and in one of the said moneths] and before his going to the Somer Island€ was an earnest suiter vnto the said John ffarrer and Nicholas ffarrer  || Imprimis That the said Wiltm Wye at such tyme as he was a suiter for the obteynyng of the Comission (being of the tenor of the first schedule annexed to the Libell geven in this cause) was then acquainted or did certeynly knowe that he coul"
,,,,,,,,medium,,xxviii,XXVIII,XXVIII,2,2,4,spacy_GPE:2,,,,,,V04-P0061:1848,"‘From the text printed in the American Historical Heview, XXVIII, pp. || ' From the text printed in the American Historical Review, XXVIII, pp."
,,,,,,,,medium,,yorke,Yorke,Yorke,2,2,"1,2",spacy_GPE:2,,,,,,V01-P0081:2355,"200 new briefe sent to y* Archbishop of Yorke. || But m’ Wrote still complayninge for want of not¢, offered to depart the Court, w™ if he did, the Ea: of Southampton said the Court would notwithstandinge proceed as beinge sufficient Iudges of the true entringe of the Court and wherein they"
,,,,,,,,low,,gibbs,Gibbs,Gibbs,77,74,"1,2,3,4",spacy_GPE:77,,,,yes,,V01-P0248:422,"m'’ Gibbs. || m’ Gibbs. || m’ Hide, m’ Robert Smith, m’ Wroth, m’ Gibbs, m' Earle, D™: Gul- ston, m’ Wrote, m’ Sandys, m’ Franck, m’ Oxenbridge, m’ Deputy, m’ John Smith, m’ Nicho: Ferrar, m’ Foxten, m""‘ Scott, m’ Blande, m* Biddolph, m’ Swinhow, m* Casewell, m* Neue"
,,,,,,,,low,,corne,Corne,Corne,59,49,"1,2,3,4",spacy_GPE:59,,,,yes,,V01-P0021:1208,"being going thither from the 19"" of Ianuary to the 19 of Aprill following, In w*"" time there dyed 14 Landmen and three seamen as also that two children was borne at sea, & dyed, and at his there ariuall finding the Plantacon to be in great  || but this was conceaued might be a seandall for Virginia, as that it could not subsist w""out that weed, intending very shortly to sett in hand with Iron-workes, & the Country affording diuers other good comodities, as Silke, Silkegrasse, Cor || The latter, S"" Tho: Dale building vpon those foundaéons w™ great & constant seuerity, reclaymed almost miraculously those idle and disordered people and reduced them to labour and an honest fashion of life, and proceeding w"" great zeale to "
,,,,,,,,low,,scotland,Scotland,Scotland,54,42,"2,3,4",spacy_GPE:54,,,,yes,,V02-P0133:270,"A Patent to m’ Iames Steward of Buckham in Scotland esq. || theis presents shall come greetinge, whereas the Right Hono” Henry Ea: of Southampton Treasuror of the said Companie hath by three seuerall Booke of accompte of his office of Treasuror of the said Com- panie extendinge from the eight and Tw || of England Scotland ffraunce and Ireland defendour of y* fayth C’ vizt of England ffraunce and Ireland the one and Twentieth and of Scotland the six and ffiftieth."
,,,,,,,,low,,towne,Towne,Towne,51,46,"1,2,3,4",spacy_GPE:51,,,,yes,,V01-P0038:386,"so there are some to whome the care of buying apparrell was comitted, whoe part of them being out of Towne, the rest haue failed therein; || M’ Alderman Iohnson reported, that according to the trust reposed by the last Court vnto himselfe and some others they had performed, by being w"" the Lord@ Commissioners about the cleering of the Tobacco now come home agreable to the Patten || And moreouer itt appeareth by the peceedings and sentence of the said Martiall Lew Courte authentically certified and returned to vs as allso of the examinaéons ther had and taken, that the said Martiall Courte peeeded against the said Cap'"
,,,,,,,,low,,sea,Sea,Sea,48,43,"1,2,3,4",spacy_LOC:48,,,,,yes,V01-P0069:1441,"request was opposed by Sir Ferdinando George aleaginge thatt hee MH tees op allwaies favoured m' Delbridge butt in this hee thought himselfe pando Gorges somethinge touched that hee should sue to this Company, and not rathe’ to him as propl || The Courte therfore seeinge no reason why they should loose their former right graunted vnto them by the first Patent the Sea allso beinge to all as ffree and cofion as the Ayre, and fyndinge less reason why S' Ferdinando Gorges should now  || a ""8 in his owne name onely and Capaine Swifte who was ioyned with him in the first might be in this lefte outt for that hee was gone beyond Sea beinge accordinglie drawne and nowe presented the Court gave order to m’ Deputy to Seale itt."
,,,,,,,,low,,copland,Copland,Copland,47,43,"1,2,3,4",spacy_GPE:47,,,,yes,,V01-P0342:1046,"M’ Deputy further declared that albeit the Companies Stocke beinge well nighe exhausted was able to doe but litle this present yeare for sendinge of people to Virginia, yet it pleased God to stirr vp so many worthie minde for the aduancem‘  || Hee also signified that forsomuch as it was referred vnto the Com- panie to determine whither the said money should be imploied towarde the buildinge of a Church or a schoole as aforesaid, the Comittee appointed haue had conference with m™  || Indy Companie that came with him in the Royall [ames to be bestowed vpon some good worke for the benifitt of the Plantaton in Virginia, the said m’ Copland beinge nowe present did deliuer in a note ef the names of those that had freely and "
,,,,,,,,low,,henry,Henry,Henry,39,28,"2,3,4",spacy_GPE:39,,,,yes,,V02-P0591:1522,"Fortescue, Henry, captain. || Bacon, Henry. al Warrant for John Bonner, Captain of || Bennett, Henry, 538."
,,,,,,,,low,,caninge,Caninge,Caninge,37,34,"1,2,3,4",spacy_GPE:37,,,,yes,,V01-P0005:624,"m™ W™ Caninge. || Treasurors second Proposiéon was, that there might be another Comittee for the constituting of Lawes and setling of a forme of Gov- ernem‘ ouer all Virginia, appointing Magistrates and Officers there- vuto, and expressing their seuerall due || m’* W™ Caninge."
,,,,,,,,low,,keightley,Keightley,Keightley,35,35,"1,2,3,4",spacy_GPE:35,,,,yes,,V01-P0005:696,m’ Keightley. || m' Keightley. || m' Keightley.
,,,,,,,,low,,payd,Payd,Payd,32,11,"2,3",spacy_GPE:32,,,,,yes,V02-P0215:1407,"After werd ||this|| the Remaynder of m' Wrots speach beinge put to the question, it was by a generall erecéon of hand@ confirmed to be right entred as it was sett downe in the Booke Onely in the end thereof this addiéon followinge was put i || ---------------------- Payd towards the charges of the patent_. || ----------------- eee nee And to Partridge when he went into Ireland for the ship_ Payd by the hands of m* Yeomans more to Partridge in"
,,,,,,,,low,,thomas,Thomas,Thomas,32,23,"3,4",spacy_GPE:32,,,,yes,,V03-P0728:461,"Addison, Thomas, 64, 538. || Bacon, Thomas, 571. || Brasington, Thomas, 565,"
,,,,,,,,low,,river,River,River,31,27,"1,2,3,4",spacy_LOC:27|spacy_GPE:3|spacy_FAC:1,,,,yes,,V01-P0104:1491,"The Peticon of Cap! Powell and m‘ Iohn Smith beinge presented by their brother Prouest Marshall of Middlesex to have graunt of the Company 400 Acres of Land for fiftie pounds Adventure betwixt them vizd, One hundreth lyinge in one peell bet || To conclude for y° better securinge of the Plantaton besides y° continuall sending of multitudes of people & shippinge (wherof ther were lately aboute Christmas last Seaventeen Sayle in lames River in Virginia) The Counsell and Comp*: to th || To conclude for y° better securinge of the Plantaton besides y° continuall sending of multitudes of people & shippinge (wherof ther were lately aboute Christmas last Seaventeen Sayle in lames River in Virginia) The Counsell and Comp*: to th"
,,,,,,,,low,,thorpe,Thorpe,Thorpe|THorpe,30,29,"1,2,3",spacy_GPE:30,,,,yes,,V01-P0007:276,"m' Thorpe. || m' Thorpe. || Wheras itt was agreed that two worthie and sufficient men should be sent as Deputies from the Compa: to take eare of 2 part€ of the pub- lique Land vizd of the Colledge and Companies for the first itt is allredy divulged, who is gone and of"
,,,,,,,,low,,clarke,Clarke,Clarke,29,18,"1,2,3,4",spacy_GPE:29,,,,yes,,V01-P0125:1193,"Concerninge the difference of ffishinge betweene the South, and N°: Collony itt pleased m' Thier to signifie that although hee was very vnwillinge by reason of the multitude of other buisinesses, yett hee and the Comittee had intended the L || intollerable, & therefore held it convenyent that hee should have no fees att all butt that the Comp*: would allowe him certaine Land and Tennte, and so to live vppon that butt for his Clarke to allow him 6° or 4"" in the Crowne ther sett do || m’ Clarke."
,,,,,,,,low,,peirs,Peirs,Peirs,27,21,"1,2,3",spacy_GPE:27,,,,yes,,V01-P0435:136,"m’ Peirs. || M’ Paulson moued y* whereas he had aduentured 50""' in y® old Maga- zine ioynt Stocke, and cominge to m’ Essington for order to take out his money as others did he Deenied’ the same vulesse he would pay for the transport of two men sent ouer || M’ Paulson moued y* whereas he had aduentured 50""' in y® old Maga- zine ioynt Stocke, and cominge to m’ Essington for order to take out his money as others did he Deenied’ the same vulesse he would pay for the transport of two men sent ouer"
,,,,,,,,low,,swinhowe,Swinhowe,Swinhowe,27,27,"1,2,4",spacy_GPE:27,,,,yes,,V01-P0029:251,m’ Swinhowe. || m’ Swinhowe. || m’ Swinhowe.
,,,,,,,,low,,brooke,Brooke,Brooke,25,21,"1,2,3,4",spacy_GPE:25,,,,yes,,V01-P0132:1431,"f eae Whervppon itt was held requisite y' accordingly 4 of the Councell & ame me’ 4 of the generallytie should be chosen for the effectinge therof w™ beinge well allowed, the Councell was nominated, S' ohn Dauers m' Thomas Gibbes, m' Brooke || m' Brooke. || X°: Brooke esqre."
,,,,,,,,low,,companie,Companie,Companie,23,22,"1,2,3,4",spacy_GPE:23,,,,yes,,V01-P0349:1236,"A Letter dated the 7° of Nouember i621 directed to m’ Deputy flarrar and to the rest of the Counsell and Companie for Virginia || neither yet hath exhibited it to y° Counsell or Companie where right might haue bin donn, himselfe havinge bin in England this Twelue- month & vpward w™ is an argmn‘ of suspicon y* he hath rather bin sett on by some other mens mallice then  || Where- vpon a graceous Referrence from his Ma“ they obtained liberty not- withstanding the said Proclamation to bringe in 55000 w* from the two plantations whereof the Companie for Virginia did bestowe their whole part vpon the other Compan"
,,,,,,,,low,,lands,Lands,Lands,23,19,"1,2,3",spacy_GPE:23,,,,yes,yes,V01-P0102:2519,"Moreover that every of the same Children last mené@oned w™ shall have thus served their Apprentiships and be placed and provided for as aforesaid shalbe Tyed to be Tefints or flarmers in manner & forme afore said for the space of Seaven yea || A moGon was made that for soe much as the Companies of London and other Citties and Townes of this Kingdome had Adventured good Sums of monny towards the Plantacon in Virginia some course might be thought vppon to excite them to make some p || 7P en alleadged y‘ the said Lands were allredie possessed by them [24] desires bis Land butt m' Peirce affirmed the contrarie, whervppon the Courte ordered ™*Y Pe !#vd out that further enquirie should be made, and beinge found who hadd"
,,,,,,,,low,,shipp,Shipp,Shipp,21,20,"1,2,3,4",spacy_GPE:21,,,,,yes,V01-P0256:259,"whither they will accept to have it brought in his Shipp or no; || dered to be sealed Approved and order given to m‘ Deputy to affix the seale vnto everie of them, and further ordered that Duplyecates of each of them should be sent by the next Shipp. || The Court vppoit Moéon ordered a Comission to be drawen vpp for Marmaduke Reyner for his Shipp the Sampson of about 100: Tunn for transport of good@ and Passengers to Virginia."
,,,,,,,,low,,holland,Holland,Holland,20,15,"2,3,4",spacy_GPE:20,,,,yes,,V02-P0316:1044,"And this pointe his Ip: said after longe debate and dispute was so well _ cleared as he supposed the Lord¢ of the Counsell were fully satisfied with the reasons giuen on the Companies part vizt That by this Con- tract the Companies were not || As for the Allegaton that divers of the Antient Adventurers and Planters conceive them selvs to have been iniured abused & oppressed itt cannott be shewne that the lustice w™ was in the power of the Court€ to give, hath been denyed to any m || in y* year 1619) A man of warr w™ a Comission from y° Prince of Orange by vertue wherof hee had taken certaine Negros in the West Indies: And beinge in great extremity for want of water and Victuall and forbid by Cap‘ Kendall to com into an"
,,,,,,,,low,,bay,Bay,Bay,19,16,"3,4",spacy_LOC:19,,,,yes,,V03-P0020:351,"at the head Bay is a large towne where is store of Copper and Furres called Gataa Cataaneon that trade and discouery wilbe to greate purpose, yf it may be setled yearely: || Wee have some hope also by a Westerly Trade thorough a faire & goodly Bay lying in the height of 382 (some 30 leagues from our owne Bay) newly discovered since his Lp’s coffiing heither, from whence wee pmise our selues many commodities bot || Wee have some hope also by a Westerly Trade thorough a faire & goodly Bay lying in the height of 382 (some 30 leagues from our owne Bay) newly discovered since his Lp’s coffiing heither, from whence wee pmise our selues many commodities bot"
,,,,,,,,low,,cape,Cape,Cape,19,19,"1,2,3,4",spacy_LOC:19,,,,yes,,V01-P0128:1817,"Of Admirall authorysed, Abraham Peirsey the Cape marchant to be his red toy Governor Deputy or Vice Admirall w™ hee could not doe till by his cleeringe _ — °“f hee had frustrated the said suspension, Therfore the Comittee held itt || And allso to cause the Cape Marchant¢ and some others of the olde Plante” to examine how Captaine Argoll dis- posed of and to whose vse hee imployed the goods and provisions transported in the Neptune 1618 appearinge to be of no lesse value || m'’ Wrote further signified that wheras the reputacon of this Hono!: Company hath by many sinister courses and iniurious Calumnies been blemished, (was a memb’ of this Company hee could not but resent) yett the greatest obliquie that hath b"
,,,,,,,,low,,proposiéon,Proposiéon,Proposiéon,19,16,"1,2,4",spacy_GPE:19,,,,,yes,V01-P0008:59,"Treasurors second Proposiéon was, that there might be another Comittee for the constituting of Lawes and setling of a forme of Gov- ernem‘ ouer all Virginia, appointing Magistrates and Officers there- vuto, and expressing their seuerall due || His next Proposiéon was, for the manno' of transporting these per- sons thus to make vp ffiue hundreth for the Publiq, Land, wherein he advised, that they should not as heretofore hire Shipping for this purpose, whereof euery Shipp at his r || son€ Proposiéon"
,,,,,,,,low,,barkham,Barkham,Barkham,16,16,"1,2",spacy_GPE:16,,,,yes,,V01-P0146:649,m’ Barkham. || m’ Barkham. || m’ Barkham.
,,,,,,,,low,,tres,Tres,Tres,16,16,"1,2,3,4",spacy_GPE:16,,,,,yes,V01-P0079:1502,"But m’ lacobb refusinge to pforme yo"" Tt’*: order and exactinge of them another bond, vizd to pay him his demaund att a certaine day vnless they peure in the meane time a discharge from yo’ If: w"" they thought vnfitt to vndertake beinge not || Tres is referd || And therefore it is verie strange to vs to see you so change and differ from yo’ selfe w™ by yo"" word¢ and deed¢ beinge the testimony of yo"" minde wee do sensibly see and feele, As in perticuler yo"" intimate first vnto vs that you hold yo"" "
,,,,,,,,low,,cause,Cause,Cause,14,13,"1,2,3,4",spacy_GPE:14,,,,,yes,V01-P0161:1042,"At w day beinge the three and twentieth day of the said monneth of May in a great Courte held by the Thier and Company wheratt were present The Right Hono”, Henry Earle of Southampton, Wil- liam Lo: Cauendish Edmond Lord Sheffeild, William  || And for his allegaéon touchinge Cap‘ Argollé writinge itt was answered that the writings exhibited in this Cause by Cap* Brewster and ||by]| Captaine Argoll were not exhibited to the Courte att all butt long since to the Counsell and by ord || M’ Wrote herevpon made a request vnto the Court that Wittnesses on either side might be examined, and that he might not be proceeded against vpon mens memories, and that he might haue liberty to except against some of them, and desired (bec"
,,,,,,,,low,,esq,Esq,Esq,14,12,"1,3,4",spacy_GPE:14,,,,yes,,V01-P0057:625,"Phillip Chidley, Esq. || But nowe so it is (may it please your good Lo?) that manie of the said Adventurers out of a Careles or Covetous Disposiéon haue not only refused to send in theire said adventures at the tymes dew by their owne agreem' and vnderwriting but b || John & S* Thomas Freake, knights, John Vaughan, Richard Monnington, John Smith & Arthur Ingram, Esq"", William Hall & Edmond Allen, * * * * *"
,,,,,,,,low,,kightley,Kightley,Kightley,14,12,"1,2",spacy_GPE:14,,,,yes,,V01-P0235:558,"m’ Kightley. || m’ Edw: Spencer m’ Deputy m' Gibbs, m’ Wrote, m’ Steward m’ Tomlins m' Binge m’ Ro: Smith, m’ Kightley, m* Christofer Earle m’ Iohn Smith, Capt: Bargraue m' Rogers, m‘’ Nicho: ffarrar ||m’‘ Sheppard || m’ Barbo' m’ Ayres m‘ Bennett, m* Wise || m' Kightley."
,,,,,,,,low,,west,West,West,14,13,"2,3,4",spacy_LOC:14,,,,yes,,V02-P0312:584,"m’ West. || This moéon was well approved & held to be verie waightie and important, butt the Court not conceivinge how such an Order could generally be observed in respect divers Ships sett outt some from the West partes others outt of Ireland, have re || Letter claiming West and Shirley Hundreds, I, 126."
,,,,,,,,low,,wye,Wye,Wye|WYE,14,9,"1,2,3",spacy_LOC:10|spacy_GPE:4,,,,yes,,V01-P0158:1686,"an ~_— out by him & m' Berblock in the psecuting law against Wye, m’ Thier || againste Wye. — reasonable that if they vndertooke to follow itt att their request they should beare their charges therfore itt was generally agreed to as allso vppon their requeste now made vnto the Courte, The Company were willinge & asse || This beinge donne the Lord Cauendish acquainted the Companie, y‘ according to the request of the former Court he had bin with S* Henry Martin and Solicited him for a hearinge of the cause in difference between one Wye and the Companie who p"
,,,,,,,,low,,ditchfield,Ditchfield,Ditchfield,13,13,"2,3,4",spacy_GPE:13,,,,yes,,V02-P0360:943,m’ Ditchfield. || m’ Ditchfield. || m’ Ditchfield.
,,,,,,,,low,,petigon,Petigon,Petigon,13,12,"1,2,3,4",spacy_GPE:13,,,,,yes,V01-P0133:1371,"Iohn Edwards Petigon beinge now read itt was agreed itt should be lohn Edwarde Pe- || Chamber vppon ffryday the 16"" day of Ivne 1620, wher ther was no sufficient authoritie, one m' Caninge delivered a Petigon to S' Thomas Smith conteyninge y® applauding of his former gouerment and much seandalinge the pceedinge of y® present || Chamber vppon ffryday the 16"" day of Ivne 1620, wher ther was no sufficient authoritie, one m' Caninge delivered a Petigon to S' Thomas Smith conteyninge y® applauding of his former gouerment and much seandalinge the pceedinge of y® present"
,,,,,,,,low,,capps,Capps,Capps,11,9,"1,2,3,4",spacy_GPE:11,,,,yes,,V01-P0261:439,But in regard the said m‘ Capps was knowne to have donn much serv- ™ Capps to haue ice to the Company in the space of 12: yeares ¥°# ||whilst|| he lived in > Pewae* ° Virginia and had not receaved the Reward of ‘2° Kyne w™ y*® Comp: had thr || But in regard the said m‘ Capps was knowne to have donn much serv- ™ Capps to haue ice to the Company in the space of 12: yeares ¥°# ||whilst|| he lived in > Pewae* ° Virginia and had not receaved the Reward of ‘2° Kyne w™ y*® Comp: had thr || tu’ Capps to haue the passaye of .
,,,,,,,,low,,king,King,King,11,10,"1,3,4",spacy_LOC:11,,,,yes,,V01-P0148:1210,Imeadiately after and before they proceeded in any buisines one m‘ Kerkham agent sent from the King presented himselfe to the boord and signified to the Courte that his Ma”: vnderstandinge of the Elecéon of their Treasufor w™ they intended  || God save the King. || God saue the King.
,,,,,,,,low,,north,North,North,11,11,"1,3",spacy_LOC:11,,,,yes,,V01-P0069:1313,"request was opposed by Sir Ferdinando George aleaginge thatt hee MH tees op allwaies favoured m' Delbridge butt in this hee thought himselfe pando Gorges somethinge touched that hee should sue to this Company, and not rathe’ to him as propl || M’ Thier desyred that before they peceeded into other buisines hee ©’ Thrers relacon might speake a few words for the Cleeringe and iustifyinge himselte, ee ffor wheras itt is divvlged that hee should incense the Spanish Ambas- heeshouldinc || ~ ~— ~ M' Spruson is desyred to bringe his Accompts concerninge the North or nhiwe Ms Ace"
,,,,,,,,low,,plantaton,Plantaton,Plantaton,11,11,"1,2,3,4",spacy_GPE:11,,,,yes,,V01-P0246:1308,"Whereas Captaine William Newce out of a generous disposiéon and desire to advance the generall Plantaton in Virginia (being induced herevuto by reason of a good successe he had in Ireland vpon the like worthy Action) hath freely offered vnt || Thirdly some other of these Opponents and of other rancke have had their hand ptlie in spoylinge the Plantaton of Virginia and settinge out a Ship called the Treasurer for robbinge into the West Indies and ptlie in abettinge and protectinge || ransaked the Plantaton, Other discord or discention of note ther hath not been any, and all these raysed by the pt now oppugninge the Companies;"
,,,,,,,,low,,voyadge,Voyadge,Voyadge,11,11,"1,2,3",spacy_GPE:7|spacy_FAC:4,,,,,yes,V01-P0101:2856,"Now therfor for the good of the same Children, and in Consideraéon of the plmises, Itt is fully concluded Ordered, and decreed att a great and generall Quarter Courte this day holden by the Treasuror, Counsell, and Company of Virginia that  || Wheras vppon the petiéon of Agnes Nicholl@ mother to one Henry Se"" Hamond to Dauies who did goe the Voyadge to Virginia w"" the Lord Lawarr in ""20 le 1616 and att six moneths after his landinge hee there dyed as hy cer- her brother. || His Lo’: further signified that hee had received breife tres of the saffe Letters receined of arivall in Virginia of all those Ships save one w™ were sent the last *) ee Springe And that three of the best of them had made a prosperous one V"
,,,,,,,,low,,fort,Fort,Fort|FORT,10,8,"3,4",spacy_GPE:10,,,,,yes,V03-P0404:1715,"FORT OS asics yeares_____ || And I do by these plsent€ moreou', will and eomand all maner of persons wt now are or hereafter shalbe sent thither for the building of the said Fort in all things and vyppon all oceuGons to give all due respect, and willingly to obey and e || A Comission to Capt Smith for building of the Fort"
,,,,,,,,low,,downes,Downes,Downes,9,6,"1,2,3",spacy_LOC:9,,,,yes,,V01-P0135:349,M’ Thier signified that the Ship called y° Bona Aduenture last dis- peeded eame came not into the Downes till sunday last by reasou wherof hee stayd out the full time graunted him by the Company duringe w™ time hee hath pformed the Companie || M’ Thier signified that the Ship called y° Bona Aduenture last dis- peeded eame came not into the Downes till sunday last by reasou wherof hee stayd out the full time graunted him by the Company duringe w™ time hee hath pformed the Companie || and attendedin y Downes.
,,,,,,,,low,,appeale,Appeale,Appeale,8,7,"1,2",spacy_GPE:5|spacy_FAC:3,,,,,yes,V01-P0009:1699,"Captaine Brewster hauing formerly by way of appeale delivered vuto the Court a certaine writing touching the proceedings of Captaine Samuell Argoll against him at the arriual of the Neptune in Virginia, and the manner of his tryall, and bei || Captaine Brewster hauing formerly by way of appeale delivered vuto the Court a certaine writing touching the proceedings of Captaine Samuell Argoll against him at the arriual of the Neptune in Virginia, and the manner of his tryall, and bei || Captaine Brewster hauing deliuered Articles obiected against Captaine Samuell Argoll touching his governement in Virginia, to m’ Treasuror and m’ Deputy, as the Last Court required, the same was now pre- sented: Vnto w™ order is giuen that "
,,,,,,,,low,,barbor,Barbor,Barbor,8,8,"1,2,3",spacy_GPE:8,,,,yes,,V01-P0281:1263,m’ Barbor. || m’ Barbor. || m’ Barbor.
,,,,,,,,low,,berblock,Berblock,Berblock,8,8,"1,2,3",spacy_GPE:8,,,,yes,,V01-P0007:424,m’ Berblock. || m’ Berblock. || m* lames Berblock.
,,,,,,,,low,,burgesses,Burgesses,Burgesses,8,7,"3,4",spacy_FAC:6|spacy_GPE:2,,,,yes,,V03-P0157:1568,"Sir George Yeardley, Knight, Governor and Captaine general of Virginia, having sent his sumons all over the Country, as well to invite those of the Counsell of Estate that were absent as also for the election of Burgesses, there were chosen || But forasmuche as men’s affaires doe little prosper where God’s service is neglected, all the Burgesses tooke their places in the Quire till a prayer was said by Mr. || After all the Burgesses had taken the oath of Supremacy and were admitted into the house and all sett downe in their places, a Copie of Captain Martin’s Patent was produced by the Governor out of a Clause whereof it appeared that when the g"
,,,,,,,,low,,contrary,Contrary,Contrary,8,8,"1,2,3,4",spacy_LOC:8,,,,,yes,V01-P0250:967,"in that Country, to the great scandall of the gouerment there, and noe lesse discouragement of the Adventurors here, that for reformation hereof such an [197] officer may be chosen, to be sent thither, who might in the qualitie of a Treasur || And hath allso pvidently and very Carefully endeavored all the benifitts and good vnto the Plantacon even to y* vttmost of his habillitie and power end in all things vpholdinge and lauboringe to mainteyne w™ equall Iustice & clem- encie all || It beinge also put to the question whither they would accept of S' Edwin Sandys resignaéon of the Office of Director or not: It was by a generall erecéon of hande denied and on the Contrary he was gen- erally verie earnestly entreated not t"
,,,,,,,,low,,copeland,Copeland,Copeland,8,7,"1,2,3,4",spacy_GPE:8,,,,yes,,V01-P0401:408,§ m’ Copeland. || m’ Copeland. || m’ Copeland.
,,,,,,,,low,,land,Land,Land,8,8,1,spacy_GPE:8,,,,yes,yes,V01-P0095:467,"And for asmuch as accordinge to a Law in the standinge orde™ they are all to be read to the Court once a yeare, vizd in the Quarter Courte in Hillary Tearme, therfore moved for the fullfillinge of the same that the Company would be heere w“ || me resoluéon for entertaynment of 2 new Officers by the name of 2 Depu- parte of y pub- ties to governe 2 pts of the publique Land in Virginia, one was m* ve 124: George Thorpe well knowne to the Company for his sufficiencie who ™ George Th || Some of the Summer Ilands Company moved that the Courte would be pleased as well in respect that the Barmudas was sould vnto them for a farr greater quantitie of Land then they nowe finde it to be as allso for the better enhablinge of them "
,,,,,,,,low,,meddus,Meddus,Meddus,8,8,"1,2,3",spacy_GPE:8,,,,yes,,V01-P0115:1297,m* D' Meddus. || Do* Meddus. || m’ Do’ Meddus.
,,,,,,,,low,,moorewood,Moorewood,Moorewood,8,8,"1,2",spacy_GPE:8,,,,yes,,V01-P0325:277,m'’ Moorewood. || m’ Moorewood. || m* Moorewood.
,,,,,,,,low,,abbott,Abbott,Abbott,7,7,"1,3,4",spacy_GPE:7,,,,yes,,V01-P0045:208,"m’ Mo: Abbott. || M' Thier signifyinge y' the Lord Maior desyringe some of the Com- pany to be present att their Court att Giuldhall they should vnder- Someof y*Compa: stand the Citties pleasure touching the moéon for the Children, {) (! ""070°"" therfore moov || 386 RECORDS OF THE VIRGINIA COMPANY m A bett, m Keightley, m' Briggs and M'-Weeth And m' Abbott, m’ Hamford,"
,,,,,,,,low,,barnard,Barnard,Barnard,7,7,"1,2,3,4",spacy_GPE:7,,,,yes,,V01-P0271:1481,m’ Barnard. || m’ Barnard. || m’ Barnard.
,,,,,,,,low,,christopher,Christopher,Christopher,7,6,"3,4",spacy_GPE:7,,,,yes,,V03-P0733:1581,"Brooke, Christopher, 80, 318. || Henley, Christopher, 566. || Martin, Christopher, 58, 61, 593."
,,,,,,,,low,,governo,Governo,Governo,7,7,3,spacy_GPE:7,,,,yes,,V03-P0153:947,"ffirste for the ill & con- temptible language w’ passed in open Courte from M‘ Alderman Johnson to St Edwyn Sandis Treasuror for Virginia (houlding likewise the place of Governo’) they concurre in opinion w*'* the Courte that there was noe  || Yet he offereth, that beeing dismissed of the place of Governo’, he will continue in that Contrie, & prosecute w** all eare oT Smiths Hundred busines. || The George was sent by the Cape Marchant (w'* the Governo™ consent) to New-found-land to trade and buy fishe for the better releif of the Colony and to make triall of that passage."
,,,,,,,,low,,grocer,Grocer,Grocer,7,7,"1,2,4",spacy_GPE:7,,,,,yes,V01-P0423:1957,"he assigned also exe ||twol| share of land from Captain Raph Hamer vuto m™ Henry Hutchinson Cittizen and Grocer of London these last §8§ shares beinge contained in one Bill of Aduenture. || The younge Lo: Lawarre and the Lady Lawarre his mother, she as Executrix of the last will and testament of the Lord Lawarre deceased assigneth ouer fiue shares of land in Virginia of the personal] Shares vuto m*‘ Iohn Parkhurst Cittizen and || The younge Lord Lawarrs mother as Executrix of the last will and testament of the Lord Lawarr deceased assigned ouer fiue Shares of land in Virginia of the personall Shares vnto m‘ Iohn Parkhurst Cit- tizen and Grocer of London."
,,,,,,,,low,,killigrewe,Killigrewe,Killigrewe,7,7,2,spacy_GPE:5|spacy_LOC:2,,,,yes,,V02-P0075:129,S’ Ro: Killigrewe. || S Ro: Killigrewe. || S' Ro: Killigrewe.
,,,,,,,,low,,sonne,Sonne,Sonne,7,7,"1,2,4",spacy_GPE:7,,,,,yes,V01-P0218:1637,"- — ‘o his Shares to his Sonne, w” request the Courte graunted, butt willed him || who was well reputed of, both in respect of his parentage, good edu- cation, integritie of life and faire fortunes (being his ffathers eldest Sonne) as also for his sufficiency otherwise, being deemed every way w“out exception fittinge for  || wherevpon the Court thought fitt that the Com - ittees hereafter named or any five of them should treate * * * and conclude w™ the said m’ Berkly and likewise w"" his Sonne being desirous to goe over w"" his said father touching their demaund"
,,,,,,,,low,,soyle,Soyle,Soyle,7,7,"1,2,3",spacy_LOC:7,,,,,yes,V01-P0067:2004,"A Tre was shewed to m* Thier by m* D*: Wynstone written by a frend vnto m* Bland intymatinge a greivous scandall layde vppd Virginia by some who hath lived there, of the Barronesse and in fer- tilytie of the Soyle, w™ by reason the reporte  || To the fift that in stead of faire and fertill grounde ||w™|| he was promised, he was seated in the most barren places of the Country: It was signified that the place appointed him was farr otherwise beinge chosen out by S' Thomas Dale hims || Shewinge: That after divers Discoveries had confirmed an opyneon, that y* Country (now Virginia) was scituate in a temperate wholsome Clymate, and that the Soyle was exceedinge fertell, the Parts watred with fruitfull, and Nauigable Riuers,"
,,,,,,,,low,,sparrow,Sparrow,Sparrow,7,7,"1,2",spacy_LOC:7,,,,yes,,V01-P0127:1187,m’ Sparrow. || m’ Sparrow. || m’ Sparrow.
,,,,,,,,low,,virainta,Virainta,Virainta,7,7,"3,4",spacy_GPE:7,,,,yes,,V03-P0537:57,"Counc, ano Company For Virainta. || Governor In Virainta. || Governor oF Virainta."
,,,,,,,,low,,againe,Againe,Againe,6,6,"1,2,3,4",spacy_GPE:6,,,,,yes,V01-P0042:966,"Againe it would be a great discouragem' to new perticule’ Plantaéons if either they must sitt downe of bad land, the best being all taken vp before in titles, or seeke a seate farr of remote from helpe and society: Besides whereas by the or || Hee concluded that if the gentleman would either vouchsafe himselfe $6 §or§ send any of his frend@ to conferr with the said Society they would be glad to apply themselues to giue him all good satisfaccon But for his owne pticuler indgement, || Againe for the Creeks and Swamps every man ther"
,,,,,,,,low,,barnes,Barnes,Barnes,6,3,"2,3,4",spacy_GPE:6,,,,yes,,V02-P0572:1853,"Barnes, Richard. || Barnes, Edward, 80, 319, 338, 592, 593. || Barnes, Philip, 565."
,,,,,,,,low,,berkeley,Berkeley,Berkeley|Berkeley__,6,6,"1,2,3,4",spacy_GPE:6,,,,yes,,V01-P0330:550,"m’ Berkeley. || m’ Berkeley. || men for plantaéon in the land of Virginia Then purposinge (as still we doe) to increase that number of men at other subsequent voyages and returnes of the said ship or some other, and there to erect and build a towne to be ealled Berkeley"
,,,,,,,,low,,children,Children,Children,6,6,"1,2,3",spacy_LOC:3|spacy_GPE:2|spacy_FAC:1,,,,yes,,V01-P0101:77,"pose aforesaid, And thervppon for the good of the same Children and in Consideraéon of the premises, Itt is fully concluded ordered & decreed by and Att a generall Quarter Courte this day houlden by y® Treasuro’ Councell and Company of Virg || m' Caswell moton MIF Caswell moved that the Lord Maior of this Cittie might be solicited frsclicitingy’ 1 +6 afforde this Company the like number of Children with the like number of chil- allowance as formerly they had, butt hee wished wall || at least of any that do vnderstand the affaires of the Plantation they are bold to promise many things whatsoever and in this kinde Diuers complaint€ haue come of late of ffathers and others abused in settinge forth his Children and Kindred"
,,,,,,,,low,,earth,Earth,Earth,6,6,3,spacy_LOC:6,,,,,yes,V03-P0110:1339,"said Treasurer and Company yet without any grant in Writing made in our said General Quarter Courts as is requisite We will and ordain that the said Adventurers or Planters shall within two year after the arrival of them or their Company in || So it also par[3]ticipateth of the benefits of bothe, and is capable (being assisted with skill and industry) of the richest commodities of most parts of the Earth. || when tryall is made youe shall heare from vs: And we pray youe all in generall that such extraordinary Oare, or Earth, as yee find youe send vs over in plentie;"
,,,,,,,,low,,estates,Estates,Estates,6,5,"1,4",spacy_GPE:6,,,,,yes,V01-P0043:126,"doe? Sir Tho: Gates, and 8' Tho: Dale, besides a multitude of other who haue spent a Large poréon of their Estates therein and are not thought on; || First I vndertake to show the meanes to draw a sufficient Nomber of men that haue good Estates here, to plant in Virginia, wth their persons & goodg, and to Cause the planters in Virginia to plant Estates in England. || First I vndertake to show the meanes to draw a sufficient Nomber of men that haue good Estates here, to plant in Virginia, wth their persons & goodg, and to Cause the planters in Virginia to plant Estates in England."
,,,,,,,,low,,jand,Jand,Jand,6,5,"1,3,4",spacy_GPE:6,,,,,yes,V01-P0261:1505,"Jand due vnto her said deceased husband for his personall adventure || seres of Jand w the said free Schoole, ty bee at Charles Cittic, as the most commodious place for health, security, profit, and conuenlency: And appointed that with the said 100. || pence, i inatructlog ul the children there, in the principles of Religion, ciuility of life, and humane learning: a8 lao that flue persons (besides an ouerseer of therm, should be foorthwith sent in the condition of Apprentices, tu manure a"
,,,,,,,,low,,jordan,Jordan,Jordan,6,3,"3,4",spacy_GPE:6,,,,yes,,V03-P0754:275,"Jordan, Robert, 567. || Jordan, Williuu, 508. || Samuell Jordan 450 planted Temperance Baylie 200 planted Isacke Chaplin 200 planted Capt: Natha: Powle 600"
,,,,,,,,low,,palauicine,Palauicine,Palauicine,6,6,"1,2",spacy_LOC:6,,,,yes,,V01-P0130:1236,m’ Palauicine. || m’ Palauicine. || m’ Palauicine.
,,,,,,,,low,,twentieth,Twentieth,Twentieth,6,6,2,spacy_GPE:6,,,,,yes,V02-P0450:1455,"Given vnder our Signett att our Court att Greenwich y° 18 of May 1623 In the one and Twentieth yeare of our Raigne of great Brittaine, ffraunce & Ireland. || of England Scotland ffraunce and Ireland defendour of y* fayth C’ vizt of England ffraunce and Ireland the one and Twentieth and of Scotland the six and ffiftieth. || This Indenture made the Nineteenth day of Novemb™ Ann° 1623, and in y° years of the Raigne of our Soveraigne Lord Iames by the grace of God kinge of England Scotland ffraunce and Ireland defendour of the flayth C* (vizt) of England ffraunce"
,,,,,,,,low,,wilmer,Wilmer,Wilmer,6,6,2,spacy_GPE:6,,,,yes,,V02-P0062:113,m’ Wilmer. || m’ Wilmer. || m’ Wilmer.
,,,,,,,,low,,arthur,Arthur,Arthur,5,5,"2,3,4",spacy_GPE:5,,,,yes,,V02-P0601:1508,"Levellis, Arthur, II, 218. || Bromfield, Arthur, 81, 320. || Kemis, Arthur, 396, 405, 427, Kemis, Thomas, 396, 398, 405, 426, 674."
,,,,,,,,low,,crowe,Crowe,Crowe,5,4,"1,2,3,4",spacy_GPE:5,,,,yes,,V01-P0109:472,"m' Crowe. || Crowe, John. || Crowe, —, 59."
,,,,,,,,low,,disbursed,Disbursed,Disbursed,5,3,2,spacy_GPE:5,,,,,yes,V02-P0514:66,"pfect Accompts of all monneys Receaved and Disbursed by him, w™ haveinge passed all manner of Tryall requyred, hee y° said Iohn fferrar hath his Quietus est given vnto him vnder our Comion Seale: haue willinglie condissended vnto his humble || This Accompt aswell what hath been therin Disbursed w“out pticuler warfnt as well as by warfnt was Audited by vs the 18"" of November 1623: Soe that wee finde y* Nicholas fferrar hath Disbursed for the Virginia Company since his last Audite. || This Accompt aswell what hath been therin Disbursed w“out pticuler warfnt as well as by warfnt was Audited by vs the 18"" of November 1623: Soe that wee finde y* Nicholas fferrar hath Disbursed for the Virginia Company since his last Audite."
,,,,,,,,low,,informaéon,Informaéon,Informaéon,5,4,2,spacy_GPE:5,,,,,yes,V02-P0391:2546,"But for further preparing of the answeres aswell to this Informaéon, as also to y° Peti¢on of Alderman Iohnson & his Associat€, and like- || wherein they did directly contrary the most mayne point¢ of his Informaéon, prouing them to be false and scandalous; || Whervnto is answered that this Informaéon is §in both pts$ most vntrue, for although his Ma"" by his gracious letters Pattents hath given authorytie to the said Comp*: to make Lawes and orders aswell for the well gouerm* of the Companies her"
,,,,,,,,low,,leveson,Leveson,Leveson,5,3,"2,3,4",spacy_GPE:5,,,,yes,,V02-P0601:1627,"referred to King, II, Leveson, Thomas. || Answer to King concerning supplies, Leveson, William. || Leveson, Thomas, Patent, 643."
,,,,,,,,low,,loving,Loving,Loving,5,5,"3,4",spacy_GPE:5,,,,,yes,V03-P0503:339,"To of very Loving frend¢ the Governor and Counsell of Stat residinge in Virginia: || we comitt yo"" to the guidance and protection of the Allmightie and rest Yo' very Loving frend || To of very Loving frende S' Francis Wyatt knight Governo”™ and Capt gen’all of Virginia, and to the rest of the Counsell of State there these be dd."
,,,,,,,,low,,martin,Martin,Martin,5,5,"2,3,4",spacy_GPE:5,,,,yes,,V02-P0575:572,"Brandon, Martin, II, 216. || Bond, Martin, 80, 318. || Earle, Martin, 59."
,,,,,,,,low,,newton,Newton,Newton,5,5,"1,2,3,4",spacy_GPE:5,,,,yes,,V01-P0366:54,"To Iohn Crowe of Newton in the County of Washford in Ireland esquire an Aduenturer who vndertak¢ to transport 100 psons. || The Lord Cauendish moued, that whereas m' Newton hath taken much paynes in warning the Court€ euer since m* Carter Left the place, he might therefore be proposed at this next Quarter Court for y° Beadles place for this yeare ensuing; || Newton, Thomas."
,,,,,,,,low,,peece,Peece,Peece,5,4,3,spacy_GPE:5,,,,,yes,V03-P0562:578,"And such was the conceit of firme peace and amitie, as that there was seldome or neuer a sword worne, and a Peece seldomer, except for a Deere or Fowle. || for where they saw vs standing vpon our Guard, at the sight of a Peece they all ranne away. || That neuer griefe and shame possessed any people more then themselues, to be thus butchered by so naked and cowardly a people, who dare not stand the presentment of a staffe in manner of a Peece, nor an vncharged Peece in the hands of a wom"
,,,,,,,,low,,successoribus,Successoribus,Successoribus,5,5,4,spacy_GPE:5,,,,,yes,V04-P0329:1478,"que maris de precinctu predicto simuleum toto illo solo, fundo, portubus, mineris tam regalibus mineris auri et argenti quam allis imineralibus, gemmis et preciosis lapidibus, quarreis, boscis, fuinibus, aquis, piscariis, commoditatibus, ju || et agreavit ad et cum prefato Thesaurario et societate et eorum Successoribus quod omnes et singule persona vel persone que ad aliqua tempus vel tenipora extune imposterum periclitarentur aliquam summam vel aliquas summas pecunie in ct erga || fretacione ad patriam iHlam et ab cadem patria absque reddicione et sol- vendo subsidium, custumam, imposicionem vel aliquam alam (axacioncm vel veetigal, Anglice, duty, cidem domino Regi, beredibus et Successoribus suis pro spatio septem a"
,,,,,,,,low,,swayne,Swayne,Swayne,5,4,2,spacy_GPE:5,,,,yes,,V02-P0061:1507,m’ Swayne. || m’ Swayne. || m’ Swayne.
,,,,,,,,low,,tunne,Tunne,Tunne,5,3,3,spacy_GPE:5,,,,,yes,V03-P0241:925,"Iron ten pounds the Tunne. || hoggesheads to the Tunne and each hoggeshead to contayne . || There shalbe shewen a way to make an artificiall wyne of a vegetable w% there growes plentifully w°"" any manner of charge or labour in plantinge w artificial drink shall not cost accomptinge all charges of gettinge the said comodity and mak"
,,,,,,,,low,,twentie,Twentie,Twentie,5,5,"2,4",spacy_GPE:5,,,,,yes,V02-P0511:1994,"Doe by these presents giue & graunt to y® said Henry Earle of Southampton his heirs and Assignes for ever Twentie shares of Land Old Adventure in Virginia to be taken in such place no others right beinge pliudiced and att such time as hee o || ) And thervppon did bestow Twentie shares of Land vppon him for the present till better means might accrue, that might enhable vs to be further thankfull vnto him: Nowe knowe yee that wee the said Treasuro"", Counsell and Company haveing eve || Whervppo the Court beinge willinge to pleasure Cap‘ Martin in any thing they could w™ convenyencie did generally agree [367] to giue him the said 12 Peeces and head Peeces as allso 8 more Peeces to make them vpp Twentie."
,,,,,,,,low,,weston,Weston,Weston,5,4,"1,2,3",spacy_GPE:5,,,,yes,,V01-P0416:448,"m’ Weston. || i, ~ Rich: Weston. || Weston, ——, II, 110."
,,,,,,,,low,,winston,Winston,Winston,5,5,"1,2,3",spacy_GPE:5,,,,yes,,V01-P0137:633,Docter Winston desyred that wheras hee beinge Chosen a Comittee to Sam: Wrote to prosecute law against Wye m' of the Garland that another might be a la ~_. || D’ Winston. || Doctor Winston.
,,,,,,,,low,,wither,Wither,Wither,5,5,2,spacy_GPE:5,,,,yes,,V02-P0226:541,m’ Wither. || = m’ Wither. || m’ Wither.
,,,,,,,,low,,wormes,Wormes,Wormes,5,5,"1,3,4",spacy_GPE:5,,,,,yes,V01-P0192:1014,"ffor Silke to peure great store of Silkworme seed aboute Michaellmas next and men skillfull in the orderinge of the Wormes and their Silke to be sent away in a Pinnace in October betimes. || m’ lIasper Stal- lenge seruant goe to Virg: for breedinge y Wormes. || For Szike, there is prouifion to be made, of great ftore of Silke-worme-feede about Michaelmas [19] next: as alfo of men skilfull in the ordering as well of the Wormes, as of their Sake, which are to be fent away in a Pinnace, in O@ober bet"
,,,,,,,,low,,anthony,Anthony,Anthony,4,4,"3,4",spacy_GPE:4,,,,yes,,V03-P0730:1727,"Barners, Anthony, 80, 318. || Fensham, Anthony, 538. || Hinton, Anthony, 327."
,,,,,,,,low,,basse,Basse,Basse,4,2,"3,4",spacy_GPE:4,,,,yes,,V03-P0730:140,"Suits— Witness to wager, 695, Answer by Council for Virginia, 645- Basse, Samuel, 539. || Witness in defense against company’s suit, Basse, —, Lieutenant, 227, 435, 436. || Basse, Humfrey, 81, 320, 338."
,,,,,,,,low,,bushop,Bushop,Bushop,4,3,4,spacy_GPE:4,,,,yes,,V04-P0315:825,"Laurencio Campe, draper, Adamo Perkins, grocer, Ricardo Sheepheard, preacher, Willelmo Shekeley, haberdasher, Willelmo Tayler, haberdasher, Edwardo Lukyn, generoso, Johanni ffrancklyn, haberdasher, Johanni Southicke, Petro Peate, Georgio Is || 'Bushop, Bernard Michell, Isaack Mighell, John Streate, Edward Gale, John Martine, gentleman, Thomas Fox, Luke Lodge, John Woodlife, gentleman, Rice Webb, Vineent Lowe, Samuel Burnand, Edmund Pears, hahordhichar, Joshua Cone, || Bushop, —, 365."
,,,,,,,,low,,button,Button,Button,4,2,"3,4",spacy_GPE:4,,,,yes,,V03-P0734:991,"Button, Thomas, Captain, 80, 318. || Button, Sir Thomas, Explorer, 573-574. || Button, Sir Thomas, 80."
,,,,,,,,low,,childe,Childe,Childe,4,2,3,spacy_GPE:4,,,,yes,,V03-P0577:504,"and Childe. || and Childe. || his Childe, 2 Seruants."
,,,,,,,,low,,consideraton,Consideraton,Consideraton,4,4,3,spacy_GPE:4,,,,,yes,V03-P0036:2037,"visions and munition and well manned with souldiers and psons of other quallities and Condiéons fitt for such an enterprise hoping and intending thereby and by that greate Charge and p'paraton to haue pfected and setled that plantaton But f || Nowe the said Treasorer and company with the consent of the said coun- sell in Consideraton therof and for the furtherance of the said plantaéon and incouragem? of the said adventurers, have agreed to assigne allot and appoynt to every of t || In Consideraton wherof the said marchant lader for himselfe his heires executors ad and adm® and for eu2y of them doth hereby covenant pmise and grant to and w*"" the said owner his executors adm”™ and assignes [95] by theis plsents That hee"
,,,,,,,,low,,consideraéon,Consideraéon,Consideraéon,4,4,"1,2",spacy_GPE:4,,,,yes,yes,V01-P0088:997,M' Thfers report This Courte was given intelligence by m’ Thier that hee had acquainted ae ee” the Lords Comissioners for the Treasury as hee and some others ||were|| his Ma* Comend- requested touchinge the determinaéon of that his Ma: reco || i6i7 The said Peter Arundell in Consideraéon of a Certaine some of || The Courte takinge into Consideraéon the treatie w'h the vndertakers The sole sellinge
,,,,,,,,low,,cranmer,Cranmer,Cranmer,4,3,"1,2,3",spacy_GPE:4,,,,yes,,V01-P0097:886,"m’ Cranmer. || INDEX 561 Covell, ——, I, 520, Cranmer, William—Continued. || Cranmer, William, I, 316, 324."
,,,,,,,,low,,gloué,Gloué,Gloué,4,4,3,spacy_GPE:4,,,,,yes,V03-P0203:1858,"124 (59] To all xfian people to whom theis ji'sente shall come wee 5"" Wilt Throkm?ton of Clowerwall in the county of Gloué knight and baronet, || Covenants and agreements had and made by and betwene §* Wilf™ Throkm?ton of Clowerwall in the county of Gloué knight and baronet on the first pte, Richard Berk|le||ley of Stoke Gifford in the said County Esq, on the second pte, George Thorp || [124] To all Xiian people to whome theis plsenté shall come we S* Willm Throkm?ten of Clowerwal! in the county of Gloué knight and baronet Richard Berkeley of Stoke in the said county of Gloué Esq,;"
,,,,,,,,low,,griffin,Griffin,Griffin,4,3,"3,4",spacy_GPE:4,,,,yes,,V03-P0749:504,"Griffin, John, 571. || Griffin, Thomas, 538. || I vnderstand, that Capt? Whitakers charges cight of the Companies Tenants vpon my accompt, which because it may at first view be vnder- stood, as if I had had the benefitt of them, you shall know, that two of them being Sawyers and parcell "
,,,,,,,,low,,gulston,Gulston,Gulston,4,4,"1,2",spacy_GPE:4,,,,yes,,V01-P0007:367,"m' D' Gulston. || m'‘ Do"" Gulston. || [183] Docto’ Gulston."
,,,,,,,,low,,henry mildmay,Henry Mildmay,Henry Mildmay,4,4,2,spacy_FAC:4,,,yes,,,V02-P0228:342,"S' Henry Mildmay beinge desired to satisfie the Court whither he delinered this as a Message from his Ma“ or from himselfe, made aunsweare that he deliuered it by waye of aduise and from himselfe vpon a late discourse ¢kat he had with the K || After this 8‘ Henry Mildmay stood vp desiringe liberty and fauo* for a worde or two, ffirst he desired this hono™ Companie would not thinke that he hath bin the instrument to stirr vp stormes but one that hath endeavoured to allaye them And || 8S’ Edward Sackuill said that to proue a trueth one of the best eui- dences is to haue one and the same thinge exd ||auerred|| by double testimony that S‘ Henry Mildmay hath in substance faithfully deliu- ered his Ma” most gracious aasweere"
,,,,,,,,low,,hilton,Hilton,Hilton,4,2,"2,4",spacy_GPE:4,,,,yes,,V02-P0595:1878,"Hilton, Anthony. || Hilton, Anthony, Letter to his mother, 164-167. || Hilton, Elizabeth."
,,,,,,,,low,,katherine,Katherine,Katherine,4,4,"2,3",spacy_GPE:4,,,,yes,,V02-P0580:420,"Clarke, Katherine. || Fleete, Katherine. || Clarke, Katherine, 60."
,,,,,,,,low,,kinge,Kinge,Kinge,4,4,"1,2,3,4",spacy_LOC:3|spacy_GPE:1,,,,yes,,V01-P0124:1460,"After some dispute m' Alderman Iohnson and m™ Cranmer was entreated when they rise to goe to m' Iacobb who had reason to respect them consideringe the pryveledge of their Pattent and the manner of his graunt by easinge and releivinge them i || S' Natha: Rich desired to be satisfied howe the Planter shalbe dealt wall about his Tobacco in case he stand¢ in need of present money: Touchinge w™ he said he would nowe make a Proposition to this Court vizt That he would vndertake togethe || Company of Virginia, that he displant and make lawfull prize of them, and so bring them along w'* him to the port of James Citty, Given at James Citty vnd' my hand and the great Seale of this Colony this 24% of October, in the yeares of the"
,,,,,,,,low,,lande,Lande,Lande,4,3,"1,3",spacy_GPE:4,,,,,yes,V01-P0296:200,"éon should be given to sett outt her Lande where shee desyred if itt were not allredie planted or disposed of the Comittee appoynted to pvse the Pattent are these namely— || 16 Item That every hundred acres of the said Lande in Virginia * * * valued putt of and sold for the some of 12° 10° * * * || our selves, that neyther the Indyans may infest us (w they will continu- allie endeuor to doe) nor forraine enemy subvert us w*? wilbe the master peece of this great woorke, for since this late woefull experience hath taught us, That our fi"
,,,,,,,,low,,moston,Moston,Moston,4,4,"2,3,4",spacy_GPE:4,,,,yes,,V02-P0012:934,"Moston \|Planters|| To: Capt: Hen: Pelham || Moston, Robert. || Moston, Robert."
,,,,,,,,low,,newport,Newport,Newport,4,4,2,spacy_GPE:4,,,,yes,,V02-P0379:901,m’ Newport. || m’ Newport. || m’ Newport.
,,,,,,,,low,,roberteé,Roberteé,Roberteé,4,4,"1,2",spacy_GPE:4,,,,,yes,V01-P0177:1495,m’ Roberteé. || m’ Roberteé. || m’ Roberteé.
,,,,,,,,low,,seates,Seates,Seates,4,4,"2,3,4",spacy_GPE:4,,,,,yes,V02-P0396:1396,"As for Boggs wee knowe of none in all y° Country and for the rest of the Plantatons as Newports News, Blunt poynt Wariscoyake Martins Hundred, Paspahey and all the Plantacons right ouer against Iames Citty, and all the Plantacons aboue thes || Ea of Southampton and the rest of the Lord¢ of the Counsell for Virginia: And began thus That by a succesfull Stratagem they had not only regained their people but cutt of diuers of the Indian Kinges and great Comaunders: Amongst whome they || The particular Plantations for diuers priuate Societies, are setled in their Seates, being allotted to their content, and each in conuenient distance."
,,,,,,,,low,,seaven,Seaven,Seaven,4,4,"1,2",spacy_GPE:4,,,,,yes,V01-P0198:1549,"S' John Dauers moved that the Courte would please to give order for drawinge a Pattent for St William Mounson and his Associates that they may have for Seaven years the sole benefitt and transportaéon of two such new Comodities as they shal || This Indenture made the Nineteenth day of Novemb™ Ann° 1623, and in y° years of the Raigne of our Soveraigne Lord Iames by the grace of God kinge of England Scotland ffraunce and Ireland defendour of the flayth C* (vizt) of England ffraunce || And in the years of the raigne of our Soveraigne Lord Iames by the grace of God kinge of England Scotland ffraunce and Ireland Defendour of the ffayth C* that is to say of Eng- jand ffraunce and Ireland the one and Twentieth and of Scotland"
,,,,,,,,low,,shipton,Shipton,Shipton,4,4,"1,2",spacy_GPE:4,,,,yes,,V01-P0353:414,m’ Shipton. || m’ Shipton ||w™ m’ Roberts. || m’ Shipton.
,,,,,,,,low,,supplies,Supplies,Supplies,4,4,"1,3",spacy_GPE:4,,,,,yes,V01-P0191:515,"[140] Haveinge made these preparatons wee are in the next place People to peeed to the imployinge of these monneys to the benefitt of the Plantaéon which is to be done in three kindes, ffirst in Supplies of People. || They have begunn a Trade from Ireland to Virginia wherby the Colony is supplyed w™ Cattle and other necessaries from thence and have passed their Contracté, to repay them in Tobacco, w™ if they shalbe compelled to bring hither, the Trade is || And for y® better informéon, we have sent yo"" herew™ a true relaGon of that business, in a book latelye printed, and published by vs concerning it: And father certefie yo"" that this Actyon having receaved heartofore many disasserous impedym"
,,,,,,,,low,,tenante,Tenante,Tenante,4,4,"1,2,3",spacy_GPE:4,,,,yes,,V01-P0254:1490,"Aliowance for y’ And for the maintenance of the said Treasuror, the said Comittees a “i Treasurer, Have likewise allotted 1500: acres of land perpetually to his office, and 50: men to be placed therevpon, in the quality of Tenante, whereof  || Nevertheles it was worthy consideraéon whither the Treasurors place and other hereafter to be established might not very fittingly be referred to receaue their proporéonable mayntenance from the proffit€ of the publique Tenante since it was || 2 In reguard of his Rectorshippe to haue the Tenth part of the proffitte due to the Colledge out of their land¢ and arisinge from the labors of their Tenante."
,,,,,,,,low,,tenne,Tenne,Tenne,4,3,3,spacy_GPE:4,,,,,yes,V03-P0041:1446,"The said Defendant€ by ptestaton not Confessinge the said Bill of Compit nor the matters in the said Bill of Compt materially eoneerninge these defend*® Conteyned to bee true in such manner and forme as in the said Bill of Complaint the sam || And also withe those somes of money the said defendant hathe paid into the said Lotterrie house vnto diverse personns beinge diverse great somes of money as they the said Complaynante by theire Bill of Complaynt doe Confesse And this defend || §that§ and hee this defendant dothe deteine or in any waies is indebted to the said Complayn*nte¢ the some of seaven hundred poundé or any some of money at all to this defend'* knowledge, hee this defendant havinge allow- ance of his iuste "
,,,,,,,,low,,alden,Alden,Alden,3,3,"2,3",spacy_GPE:3,,,,yes,,V02-P0557:179,"m’ Alden. || Alden, Robert. || Alden, Robert, 66."
,,,,,,,,low,,ale,Ale,Ale,3,2,3,spacy_LOC:3,,,,,yes,V03-P0439:1267,"1 That noe person directly or indirectly shall at any tyme after three monethes after this Session of Parliam* brewe anie beere or ale, and sell the same againe in his or her house, or elswheare by lesser quantity then the halfe kilderkin,  || of the same, That noe person or psons by him or her selfe, or by any other waies or meanes Directly or indirectly shall at any time after three monethes after the end of this Session of Parliament, Brewe any Beere or Ale and sell the same,  || of the same, That noe person or psons by him or her selfe, or by any other waies or meanes Directly or indirectly shall at any time after three monethes after the end of this Session of Parliament, Brewe any Beere or Ale and sell the same, "
,,,,,,,,low,,argument,Argument,Argument,3,3,2,spacy_LOC:1|spacy_GPE:1|spacy_FAC:1,,,,,yes,V02-P0217:1344,"And whereas after this, it is said that the Argument beinge still main- tayned with such violence and vnorderlynes against so many good reasons as had bin alledged, m* Wrote tooke exception at the inter- lineaéon of these word¢€ with such v || In the end after a verie longe debate and dispute the Court seeminge ill satisfied that so many diversions were made and that against the Salaries w™ were nowe in question, there were brought not better Argument, earnestly called vpon his l || Neither could it be then discouered they were att all discontented w“ itt none makinge obiecton butt some arguinge ernestly for itt, And then the bargaine beinge concluded and soe become vnarguable that the Courts should be afterwards putt "
,,,,,,,,low,,bacon,Bacon,Bacon,3,2,"3,4",spacy_GPE:3,,,,yes,,V03-P0729:1392,"Bacon, Henry. || Bacon, Thomas, 571. || John, militi, Thome Holeroft, militi, Johanni Mallory, militi, Rogero Aston, militi, Waltero Cope, militi, Ricardo Wigmore, militi, Willelmo Cooke, militi, Herberto Crofte, militi, Henrico ffanshawe, militi, Johanni Smyth, militi, ffrancisc"
,,,,,,,,low,,baldwin,Baldwin,Baldwin,3,3,2,spacy_GPE:3,,,,yes,,V02-P0158:272,m’ Baldwin. || mm’ Baldwin. || mn’ Baldwin.
,,,,,,,,low,,bargaine,Bargaine,Bargaine,3,3,2,spacy_GPE:3,,,,,yes,V02-P0122:305,"Kingdome by the Companies his Ip: desired it might nowe be resolued vpon to bringe in all of the best Varinaes w™ Propositions beinge taken into consideraéon by the Court These obie@ons were made against it vizt: That the graunt hereof skew || Herevpon after some pause, the Court seeminge all well satisfied and contented and no obiecéon or scruple beinge made by any, the Ea: of Southampton said, that if they so desired, he would put both the eight Proposition as it was qualified  || ouer his eyes and foldinge his Armes acrosse and leninge backeward in his Chaire, as if all were lost, w™ kinde of behauic’ and former worde, frighted the Companie to yeald vnto this Bargaine it beinge concealed from them (w™ nowe their Tt "
,,,,,,,,low,,bingham,Bingham,Bingham,3,3,"1,2",spacy_GPE:3,,,,yes,,V01-P0014:315,"Capt Io: Bingham. || Cap’: Bingham. || Bingham, ——, Captain."
,,,,,,,,low,,booke,Booke,Booke,3,3,2,spacy_GPE:3,,,,,yes,V02-P0354:92,"valuafon made by it selfe accordingly as was donn in the same Booke, for lynnen and Wynes of the same kind¢ but of different Countries, respect alwayes beinge had to the |true] value of the Comoditie: || Wee whose names hereafter followe have audited the Accompts in this Booke plsented vnto vs by m* Nicholas fferrar Deputy, of his Disbursments for the generall Company and wee finde the estate therof to stand thus—(vizt) || The Treasuror and Company of Adventurers and Planters of y* Cittie of Lon- don for the first Colony in Virginia To all to whome these plsent¢ shall com greetinge: Wheras Iohn fferrar of London Marchant late Deputy of the said Company hath b"
,,,,,,,,low,,bookes,Bookes,Bookes,3,3,"2,3",spacy_GPE:3,,,,yes,yes,V02-P0538:1603,"In w Accompt€ hee hath allso pticularly declared how the said Monneys haue been Disbursed and expended for the vse of the said Company by lawfull warrants with the Receipts endorsed or subscribed vnder the said warrants or in Bookes for tha || they haue alleadged, for the purposes in the Bill of Complaynte Con- teyned And this defendant further sayethe ‘That true it is also that hee this defendant was appointed to bee a Receivor of parte of the Lotterrie money, And that there wer || and partly, because such is the customary daintinesse of Readers, that they seldome take the paines to gather together all that hath beene written of any subiect, that so they might take the whole businesse into their consideration, (which "
,,,,,,,,low,,caution,Caution,Caution,3,3,"1,2",spacy_GPE:3,,,,,yes,V01-P0070:90,"Capt Tompson to him, Cap' Tompson promisinge to give Caution to the Company for giue Caution for ; || ffor piventing whereof it was therfore moved that y® Court would please in bestowing shares |lof land hereafter|| vpon merrite: to graunt it w [219] such lymitaéons, as no man may have liberty to sell, or transfer his shares to any other fo || Vpon the humble request of Iames Dauies, the Court hath ordered that vpon proofe made, that he is y® imediate heire to his deees deceased vnekle Walter Dauies, his petigon shalbe recomended to the Gouernour & Counsell of Virginia, that he m"
,,,,,,,,low,,chamberlin,Chamberlin,Chamberlin,3,3,"1,4",spacy_GPE:3,,,,yes,,V01-P0309:1840,"ouer to m‘ Abrah: Chamberlin and m' Richard Bull who for y* same || m’ Abra: Chamberlin. || Chamberlaine, Abraham (Chamberlin), 80, 364."
,,,,,,,,low,,charles,Charles,Charles,3,3,"3,4",spacy_GPE:3,,,,yes,,V03-P0728:1828,"Anthony, Charles, 80, 317. || Nuttal, Charles, 538. || Autony, Charles, 364."
,,,,,,,,low,,clement,Clement,Clement,3,3,"3,4",spacy_GPE:3,,,,yes,,V03-P0736:1534,"Clement, William, 197, 213, 230, 674. || Dawkney, Clement, 323. || Chitcheley, Clement, 366."
,,,,,,,,low,,coast,Coast,Coast,3,3,3,spacy_LOC:3,,,,,yes,V03-P0528:1795,"To all to whome these presente shall come to be seen or heard the Counsell and Company for Virginia send greetinge whereas the right Hono’ Henry Earle of Southampton St Edwin Sandy@ knight John fferrar Thomas Kightley Gabriell Barbot and Jo || The Patent whereof still extant to be seene, was granted to John Cabot and diuers other of his subiects, who went thither with sixe Saile of Ships, and discouered as farre as from Cape Florida to New-found-land, all along the Coast, and too || Giveinge him further power and authoritie, that if he find any people planted on the land, or any Shipp, or Shippe, w‘tin the foresaid limitte or Pleinete, trading for any Comodities vppon the Coast, w'out speciall licence from his Ma** or "
,,,,,,,,low,,colonia,Colonia,Colonia,3,3,"3,4",spacy_GPE:3,,,,,yes,V03-P0289:567,"Coram vobis venerat et eg dno Henrico Marten milite legsum déore supreme Curie Admiralitatis Anglie locum tenente [judice] sive president * * * ve * * * procurato * * * quecunq, * * * Thesaurarius et societas * * * tatorum et planta- torum  || In dei nomine Amen Audité vis et intellect@ ac plenarie et mature discuss p nos Henricum Marten milité lezu? deorem? supreme Curie sue Matis Ad- miralitatis Anglie locu? tenen? siue presiden? Itime constitut Meritis et circumstantiis cuiusd || pono supradieto prose ipso, leredibus et suceessoribus suis concessit prefato Thesmurario ot Soeietati ot Sueeexsoribus suis quod licitum: esset prefato Thesanrario vel Deputate sua pro tempore existente vel aliquibus duobus aliis de comsil"
,,,,,,,,low,,complaine,Complaine,Complaine,3,3,2,spacy_GPE:3,,,,,yes,V02-P0371:2686,"Itt hath bin obiected, that in y* time when this Contract was first to be concluded y*® Court€ were on purpose put of Seauen weekes together, by reason that some Planters that were shortly to goe away might not haue opertunyty to Complaine  || The Owners of the Abigall further Acquainted the Court that wneras they vnderstood a great part of the beer, was bad and such as had likelie much endamaged the peoples health that, that Beer was bought of m* Dupper, who had received of them || Yett they had noe Comission noe authoritie from the Planters in Vir- ginia to Complaine, butt the Petigon and greiuances were framed here at home In these regaurds the Company thought to pass itt ouer in favour of the Planters who they pcee"
,,,,,,,,low,,conscience,Conscience,Conscience,3,3,"3,4",spacy_GPE:3,,,,,yes,V03-P0002:127,"ther is much of a Confession, in euery unnessary Apology: y* to moue seruple, especially of Conscience, wher ther is afore quiettnes and no doubting rather shakes and deterrs, then settles, or confirmes. || veares In breife (passinge over the Work wh were effected durcing the first gou2nm' the pticulers whereof for proofe of Avhat hath beene said here in gen9all shall hereafter be more Tully deelared) Wee eonecive and (though wth greife) vee j || [28] Most humblic sheweth that whereas her late husband Ralph Dieken- son Came ou into this Cuntry fower Yeares sinee, obliged to Nicholas Tide deceased for y* tearme of seauen yeares, hee only to hane for him- selfe & yo? petitioner y® one"
,,,,,,,,low,,cotton,Cotton,Cotton,3,3,3,spacy_GPE:3,,,,yes,,V03-P0557:98,"of Cotton-wooll, Silke-grasse and Sugar-Canes, will there be had in abundance, with many other kindes. || Tor the greatest part of their gaine and profit I say consists not in these mynes, but in their other Commodities, partly natiue, and partly translated from other parts of the world, and planted in the West Indies: As in their mighty wealth || The Plants of Cotton-wooll trees that came out of the West Indies, prosper exceeding well, and the Cotton-wooll-seeds from the Mogols Countrey come vp, and grow: Samples of it they haue sent;"
,,,,,,,,low,,cratford,Cratford,Cratford,3,3,"2,3",spacy_GPE:3,,,,yes,,V02-P0274:646,"m’ Cratford. || Cratford, Charles. || Cratford, Charles, 63."
,,,,,,,,low,,death,Death,Death,3,3,3,spacy_GPE:3,,,,,yes,V03-P0625:1070,"paine of Death to obey him vppon all oceaGons, and to suffer themsclues || These are to authorise Capt Roger Smyth to haue absolute power and The Signett Comand in all matters of warr, over all the people both in Henerico Tleand and Coxendale, and to charg & comand all the said people, both in Henerico Ileand and  || These are to authorise Capt Roger Smith in all Martiall discipline and affaires, to haue absolute power and cotiiand over all the people, both in Passbehay and the Maine, and to charge & comand all the said people vppon paine of Death to ob"
,,,,,,,,low,,donn,Donn,Donn,3,3,"1,2",spacy_GPE:3,,,,,yes,V01-P0361:1227,Whereas the Companie had formerly contracted with Captaine Norton for settinge vp of a glasse furnace in Virginia to make glasse and beadé (as by the pticulers of the said Contract more at large may appeare) It was nowe declared that for so || Vpon Declaration of the Companies thankefullnes vnto God for this ioyfull and welcome newes from Virginia a moéon was made that this acknowledgement of their thankefullnes might not onely be Donn in a priuate Court but published by some lea || Thirdly whatsoeuer the condiGons haue bin here yet when the Servant is come into Virginia if he cannot shewe the contrary in writinge the Maister mak¢ his seruice of the longest and hardest nature of seruice and either by faire or fowle mea
,,,,,,,,low,,fowle,Fowle,Fowle,3,3,3,spacy_GPE:3,,,,,yes,V03-P0316:1150,"both Water and Land yeelding Fowle in very great store and variety: In Summe, a Countrey, too good for ill people; || And such was the conceit of firme peace and amitie, as that there was seldome or neuer a sword worne, and a Peece seldomer, except for a Deere or Fowle. || There will be also a great increase of wild Turkies, and other waighty Fowle, for the Indians neuer put difference of destroying the Hen, but kill them whether in season or not, whether in breeding time, or sitting on their egges, or hauing"
,,,,,,,,low,,gibbes,Gibbes,Gibbes,3,2,"2,3",spacy_GPE:3,,,,yes,,V02-P0592:1262,"Gibbes, Thomas, I, 304, 324, 330, 467; || Gibbes, John (Gybs), 397, 405, 426, 567, 674, Gibbes, Thomas, 59, 60, 83, 325. || Gibbes, John (Gybs), 397, 405, 426, 567, 674, Gibbes, Thomas, 59, 60, 83, 325."
,,,,,,,,low,,harvey,Harvey,Harvey,3,3,"2,4",spacy_GPE:3,,,,yes,,V02-P0595:11,"Harvey, John, Captain—Continued. || [The order to Harvey and the letter of the Privy Council to the Governor and Council in Virginia, October 24, 16238, ure printed in Acts of the Privy Council, Colonial, I, pp. || Ilarte, —, 454, Harvey, John, Captain, 210, 465, 504."
,,,,,,,,low,,husbands,Husbands,Husbands,3,3,"1,2,3",spacy_GPE:3,,,,,yes,V01-P0197:1496,"A tre was presented to the Courte from the La: De Laware signifiing that Cap’ Argoll had wrongfully taken away certaine of her goods from her late Husbands servants in Virginia for w™ hee hath as yett given no Accompt; || At the same time was presented the peti¢on of Widdowe Smalley con- cerninge fower Oxen in the Colony wherevnto she pretended right by Graunt from Capt: Argall, The same Oxen hauinge formerly bin her Husbands, vpon occasion of w™ petiéon rep || with the Husbands certificat of the receipt or defect."
,,,,,,,,low,,islands,Islands,Islands,3,2,"1,3",spacy_GPE:3,,,,yes,,V01-P0167:1825,"M’ Treasuror declared that att the last Quarter Court for the Sumer Iland¢ betweene the time of giveinge vp of the Gouerno™ place and the new choyce of a Gouernor, makinge offere to present some matter to the consideraéon of that Courte con || Therfore beinge a buisines of State and a matter of that consequence those Islands beinge the safftie of Virginia as aforesaid, his conscience tolde him that by their Oath they were bound to acquainte his Ma: Priuie Couneell therw"" to have  || Azores, Islands, 9, 10."
,,,,,,,,low,,kindred,Kindred,Kindred,3,3,"1,2",spacy_GPE:3,,,,,yes,V01-P0347:1407,"Capt' Henry ffortescue Vnele and Administrato’ of the good@ and Chattells of Symond ffortescue who died intestate at Sea at his returne for England from Virginia, moued, that forsomuch as he cannot him- selfe goe to Virginia to recouer such || Thirdly it is a thinge of marveylous great satisfacton to all men whose frends goe to Virginia to vnderstand when and howe they went: and the contrary is of exceedinge discontent and greife diuers psons cominge daylie from the far- thest pa || at least of any that do vnderstand the affaires of the Plantation they are bold to promise many things whatsoever and in this kinde Diuers complaint€ haue come of late of ffathers and others abused in settinge forth his Children and Kindred"
,,,,,,,,low,,kingdom,Kingdom,Kingdom,3,3,"1,3,4",spacy_GPE:3,,,,,yes,V01-P0330:1237,"A Compt: madeto M' Deputy signified y* the occasion of ecallinge this Courte was to erg At ‘ac, aequainte them that aceordinge to a message receaved from the LL: vpatrade at Am- of the Counsell some of the Virginia Company had appeared befo || of his Kingdom to opachank® & his other brother. || 3'° The excesseue stealing in of §forreyn§ Tobaeco into this Kingdom wilbe Shereby§ auoyded and the charge of strict search for it in the Portes saued, for euery Retaylor will in his case be an Informer because it will hinder Bis both his o"
,,,,,,,,low,,kirbie,Kirbie,Kirbie,3,3,2,spacy_GPE:3,,,,yes,,V02-P0446:294,"m’ Kirbie. || m’ Kirbie. || For personal adventure, I, 233, 330, 331, Kirbie, Edward."
,,,,,,,,low,,mellinge,Mellinge,Mellinge,3,3,2,spacy_GPE:3,,,,yes,,V02-P0014:842,"m’ Mellinge. || m’ Mellinge. || Mellinge, Thomas, I, 259, 295, 344."
,,,,,,,,low,,mildmay,Mildmay,Mildmay,3,2,"3,4",spacy_GPE:3,,,,yes,,V03-P0759:2615,"Mildmay, Robert, 86, 330. || Mildmay, John. || Mildmay, Robert, 366."
,,,,,,,,low,,naunton,Naunton,Naunton,3,3,"1,2,3",spacy_GPE:3,,,,yes,,V01-P0176:316,"S"" Dudley Digs ap- poynted to draw a writinge C™ to be presented to Sec- reta: Naunton. || Naunton, Sir Robert, Secretary, I, 376 Nethersole, Sir Francis, I, 348. || Naunton, Sir Robert."
,,,,,,,,low,,necnon,Necnon,Necnon,3,3,4,spacy_GPE:3,,,,,yes,V04-P0335:739,"] facere, eligere et admittere in Societatem illam quascunque personas voluerint tam alienos quam alios et diversas dena- riorum summas de eisdem personis capere, recipere et levare, pro eorum admissione in Societatem predictam quodque pers || predictis, Acetiam habere libertatem, potestatem et authoritatem contra leges et statuta huius regni Anglic transportare extra hoe regnum Anglie in partes transmarinas predietas ommes et ormmimodas mercandigas, mer- cimonia et alias res qua || domini Regis in Virginia a tempore confeecionis predictarum litterarum patentium ipsius domini Regis gerentium datum predicto vicesime tereia die Maii anno septimo supradicto usque diem exhibicionis Informuteionis predicte super aliquibus b"
,,,,,,,,low,,nicholas,Nicholas,Nicholas|NicHoLas,3,3,"3,4",spacy_GPE:3,,,,yes,,V03-P0510:584,"A CoMMISSION GRANTED UNTO CapraIn ARTHUR Guy AND NicHoLas NorBuRNE || Ferrar, Nicholas, 59, 64, 66, 83, 229, 271, 286, 324, 371, 442, 448, 454, 464, 509, 593, 604, 617, || Grey, John, 365, Grice, Nicholas, 363."
,,,,,,,,low,,pardon,Pardon,Pardon,3,3,2,spacy_GPE:3,,,,,yes,V02-P0588:1813,"Pardon, I, 126. || Pardon, I, 126. || Pardon, I, 126."
,,,,,,,,low,,realm,Realm,Realm,3,3,"3,4",spacy_GPE:3,,,,,yes,V03-P0102:1458,"Now our trust being that under the Government of you Captain Yeardly with the advice and Assistance of the said Council of State such public provisions of Corn and Cattle will again be raised as may draw on those Multitudes who in great Abu || by the Servants of the Company and since enlarged by others by the very same means be and continue for ever the Governors house any pretended undue Grant made by misinformation and not in a general and quarter Court to the contrary in anywi || Your Matt: moast Immble Commions, taking into carefull consideration, the greate wante of mony in this your Realm at this day;"
,,,,,,,,low,,regis,Regis,Regis,3,3,4,spacy_LOC:2|spacy_GPE:1,,,,yes,,V04-P0334:1976,"terre, patrie et territoria in predictis separalibus litteris patentibus mencionata fore corcessa sunt eadem terre, patrie ct territoria dieti domini Regis voenta Virginia in Informacione predicta superius specificata et non alia neque dive || wliquibus bonis vel mercandizis ad aliqua tempus vel tempora extune imposterum vel super importacione illue vel exportacione illine in regnum domini Regis Anglie vel in aliqua alia dominia ipsius domini Regis per predictum Thesaurariun et S || domini Regis in Virginia a tempore confeecionis predictarum litterarum patentium ipsius domini Regis gerentium datum predicto vicesime tereia die Maii anno septimo supradicto usque diem exhibicionis Informuteionis predicte super aliquibus b"
,,,,,,,,low,,riuer,Riuer,Riuer,3,3,"2,3",spacy_GPE:3,,,,yes,,V02-P0015:205,"Accordingly m* Deputy first proposed the Contract made by the Cofi- ittee with Samuell Each Captaine of the Abigall touchinge the build- inge of a Blockhowse neare Blunt-pointe in lames Riuer in Virginia In w™ place (beinge formerly veiwed  || But these miscreants, who haue thus despised Gods great mercies so freely offered to them, must needs in time therefore be cor- rected by his iustice: So as those who by the way of mercies would not be drawne vnto him, shall some of them at || That parte of Virginia w'""in w* wee are seated and fitt to be settled on for many hundred yeares: Is wt*in the Territories of Opichikano, it lyeth on the west side of Chesepiocks baye, whoe Comaundeth from the Souther- most parte of the fir"
,,,,,,,,low,,secré,Secré,Secré,3,3,"1,2",spacy_GPE:3,,,,,yes,V01-P0385:1037,"Intelligence was also giuen that one m'’ Tho: Leuison (beinge the gentleman that thath newe taken a Patent for a pticuler PlantaGon) did make it appeare by his seuerall Bille of Aduenture vnder the Companies Seale that there was Due vuto m' || Vpon the humble request of W™ Capps the Court ordered a Certificate to be drawne vp by the Secré to testifie the good esteeme it had of him aswell in the Colony in Virginia as of the Companie here, as may appeare by the rewards of his good  || M’ Binge likewise moued that he might haue a Coppie of that w™ the Lord Cauendish had reported that he had spoken at the Counsell Table: Wherevpon m* Deputy put it to the Question and by a gen- erall erec@on of handeé it was ordered that th"
,,,,,,,,low,,subiect,Subiect,Subiect,3,3,"1,4",spacy_FAC:3,,,,,yes,V01-P0222:1417,"casas : : ° Mulbery trees & HIS opinion was exceedinglie well done) and haveinge now vnderstood onlering of Silk- of a ffrench book of the same Subiect comended vnto him for an oan See excellent treatise of that kinde) moved that some of th || And thirdlic be regelatine the « this way of managing the sale of Tobacco if it he ordered so, that the last price of the best Tobacco exeeed not ten or xj shillinge +i} as it very well imay then kath doth the Subiect buy it at a better rat || His Mat further pleasure is, that at yo"" meeting w'h the Lords, yo"" doe lett them knowe, that his Mat® desire to them and pleasure is, that they doe dilligently, and dayly attend the busines of Virginia, till it bee fully agreed, and conclu"
,,,,,,,,low,,territories,Territories,Territories,3,3,"2,3",spacy_LOC:3,,,,,yes,V02-P0035:117,"M’ Peirs the Capemarchant takinge notice of Captaine Martins Deniall of protectinge any within his Territories from arest for debt affirmed that havinge deliuered divers Warrant€ to the Prouost Marshall of Tames Citty in Virginia, to be ser || ffirst they beseech yo"" L”* to consider that these Companies beinge not as Companies of Merchaunt¢€ for the menaginge of Trade but for y°® transporting and setlinge of people in those vnhabited Territories vnder good gouerment and consequen || The outrage don by the Chekohomini deserveth a sharpe revenge, and it standeth yo"" vpon in matter of state to pceed therein w a strong hand, not only to the psonall destruction of the murtherers, but the removing that people further of from"
,,,,,,,,low,,traffique,Traffique,Traffique,3,2,"1,3",spacy_GPE:3,,,,,yes,V01-P0078:2334,"They humbly therfore offer to yo"" EL?*: Consideraton wheras for the support and increase of that Plantaton to draw on the Collony more cheerfully to apply their labour, they have erected here a Society of pticuler Adventure™ for Traffique w || And they further Complaine to yo"" EL?*: of m* Iacobb that wheras this Com- pany for the vphoulding of the said Traffique sett out in September was Twelue moneth a Ship to Virginia for the bringinge home of the Comodities as itt were the Har || ptes, ffor and touching the Bond of 800"" in question against w'? the pt prayeth releefe, and alsoe touching the pl'** wronges and losses by him receaued by the defend** meanes as he conceaueth, ffor w°> hee demaundeth satisfactéon and damag"
,,,,,,,,low,NW-001,virainia,Virainia,Virainia,3,3,"3,4",spacy_GPE:3,,,,yes,,V03-P0432:185,"Sim Grorck YEARDLEY AND THE CouNncIL In Virainia, A Lerrer To THE EarL oF SOUTHAMPTON AND THE COUNCIL AND ComPANY FOR VIRGINIA || Governor In Virainia. || Councii in Virainia."
,,,,,,,,low,,warr,Warr,Warr,3,3,"1,2,4",spacy_GPE:3,,,,yes,yes,V01-P0167:1250,"M’ Treasuror declared that att the last Quarter Court for the Sumer Iland¢ betweene the time of giveinge vp of the Gouerno™ place and the new choyce of a Gouernor, makinge offere to present some matter to the consideraéon of that Courte con || 7 An inestimable advantadge, that would be gayned to this state of England in case of Warr both for the easie assaultinge of the Spanyards West Indies, from those parts, and for the relievinge and succouringe of all Shipps and men of Warr t || this land hath felt the affliction of Warr, sense of sicknes and death of a great"
,,,,,,,,low,,wiffin,Wiffin,Wiffin,3,3,2,spacy_GPE:3,,,,yes,,V02-P0054:640,m’ Wiffin. || mn’ Wiffin. || m’ Wiffin.
,,,,,,,,low,,workemen,Workemen,Workemen,3,3,"3,4",spacy_GPE:3,,,,,yes,V03-P0323:1018,"And for Sawtng-Milles, befides thofe already gone this Spring, there are lately come from Hamborough, diuers Workemen very skilfull, to be fent in the next fhip. || An Act was made for the repressinge of the odious and loathsome sinne of Drunckenesse being the roote and foundaton of many other enormous sinnes, as bloudshed, stabbinge, murther, swear- inge, fornicaéon, adultery, and such like, to the gr || It is by vs Confessed that the greatest parte of the stocke belonginge to the Colledge was wasted in this proiecte: for the 50 men sent over were not able to mannage an Iron worke and soe turned good honest Tobaccoe mongers The like suecess"
,,,,,,,,low,,wroth,Wroth,Wroth,3,2,1,spacy_GPE:3,,,,yes,,V01-P0007:572,m* [ohn Wroth. || m’ lohn Wroth. || m* [ohn Wroth.
,,,,,,,,low,,wyne,Wyne,Wyne,3,3,"1,2,4",spacy_GPE:3,,,,,yes,V01-P0431:573,"Vpon the readinge of a former order of Court declaringe the great hopes the ffrench Vignerons haue conceaued of makinge plenty of good Wyne in Virginia whereof they had already made experiment and sent home a tast by the George nowe returne || conceaued also that in reguard the Staple Comodities of Iron, Silke, Wyne, Salt, C’ are nowe in establishinge and perfectinge: As also that the Gouerment of that Country is to be confirmed, that equall sufficiency for direcéon would not so  || 5 braneh:|| The vignerouns that haue beene sent are some of then dead, §&§ vnder those that remayne very fewe or noe servant€ are pul, soe can Wee hope for little of that Comoditie from Virginia in manie Yeures: last yeare Wee had a taste o"
,,,,,,,,low,,anchor,Anchor,Anchor,2,2,2,spacy_FAC:2,,,,,yes,V02-P0390:1732,"& cofiinge to an Anchor before y° Towne may beat all their houses downe aboute their ears and soe forceinge them to retreat into the woods may Land vnder y° fauour of their Ordinance and rifle the Towne att pleasure. || 6 I found not y° least peec of ffortification, Three Peeces of Ordinance onely mounted at Iames Citty and one at fflowerdue Hundred but neuer a one of them seruiceable Soe that itt is most certaine y‘ a smale Barke of one hundred Tunns may "
,,,,,,,,low,,anglie,Anglie,Anglie,2,2,"3,4",spacy_GPE:2,,,,yes,,V03-P0007:1222,"1 Inprimis vizt Gd Anno Dni 1606 mensibusij, in eod anno Concurrefi ac etiam mensib* Martii, Aprilis, Maii, Junii, Julii, Augusti, Septembris, Octobris, Novembris, Decembris, Januarii et fiebruarii anno Dni 1607 Johes Havercome fuit et erat || wliquibus bonis vel mercandizis ad aliqua tempus vel tempora extune imposterum vel super importacione illue vel exportacione illine in regnum domini Regis Anglie vel in aliqua alia dominia ipsius domini Regis per predictum Thesaurariun et S"
,,,,,,,,low,,arthard,Arthard,Arthard,2,2,3,spacy_GPE:2,,,,yes,,V03-P0728:2123,"See also Arthard. || Arthard, Williany."
,,,,,,,,low,,atkinson,Atkinson,Atkinson,2,2,"3,4",spacy_GPE:2,,,,yes,,V03-P0729:981,"Atkinson, William, 80, 317. || Atkinson, William, 364."
,,,,,,,,low,,audite,Audite,Audite,2,2,"1,3",spacy_GPE:2,,,,,yes,V01-P0017:36,"Ace® depending in Audite, w"" S' Tho: Smith tooke some excepéons, that three or fower should now contradict that account, whereof 16 worthy and sufficient men allowed, and the party in Court that writt the same, who would be deposed vpon his || And touching the olde accounts now depending in Audite, that is to say,"
,,,,,,,,low,,bagg,Bagg,Bagg,2,2,"1,3",spacy_GPE:2,,,,yes,,V01-P0192:649,"m'* [ames Bagg. || Bagg, James, 62."
,,,,,,,,low,,beamont,Beamont,Beamont,2,2,"2,3",spacy_GPE:2,,,,yes,,V02-P0062:803,"m” Beamont. || Beamont, Sir Thomas, 80, 318."
,,,,,,,,low,,berkley,Berkley,Berkley,2,1,3,spacy_GPE:2,,,,yes,,V03-P0731:240,"Berkley, England (Barkley), 186, 187, 386, 391. || Berkley, Thorpe, Tracy and Smyth."
,,,,,,,,low,,bishop,Bishop,Bishop,2,1,3,spacy_GPE:2,,,,yes,,V03-P0760:950,"Montague, James, Bishop, 80, 318. || Montaigne, George, Bishop, 86, 329, Montgomery, Philip, Harl of, 85, 329, 339."
,,,,,,,,low,,blewet,Blewet,Blewet,2,1,3,spacy_GPE:2,,,,yes,,V03-P0732:727,"Blewet, John, 569, Books of Record. || Bluett, —, Captain (Blevet, Blewet), 453."
,,,,,,,,low,,boate,Boate,Boate,2,2,"3,4",spacy_GPE:2,,,,,yes,V03-P0732:1468,"Boate, James, 569. || 1623] Now for the state of this Contrey, There was the first pe a i Massaere killd of of English 400 and odd psons: since at tymes there haue ben killd XX and odd And in this last Massacre there was eutt off by th’Indians a Pinnace, a Shall"
,,,,,,,,low,,bodies,Bodies,Bodies,2,2,"2,3",spacy_GPE:2,,,,,yes,V02-P0424:2196,"This Remonstrance of the strange and longe continued pceedings of the Instru- ments afore saide, y° said Counsell and principall Assistants haue thought fitt to gather into one bodie, and soe to offer itt to y° veiwe and Iudgment of the gen || our selves, that neyther the Indyans may infest us (w they will continu- allie endeuor to doe) nor forraine enemy subvert us w*? wilbe the master peece of this great woorke, for since this late woefull experience hath taught us, That our fi"
,,,,,,,,low,,bolles,Bolles,Bolles,2,2,4,spacy_GPE:2,,,,yes,,V04-P0312:1253,"Heurico Woodhouse, duei, Linley, duei, Dexter, duci, Willelmo Winter, duei, erle, duci, Johanni Bingham, duct, Burras, duci, Thome Conway, duci, Rookewood, duci, Willelmo Lovelace, duei, Johanni Ashley, duci, Thome Wynne, duci, Thome Mewtis || Bolles, George, sheriff uf London, 364."
,,,,,,,,low,,burgoyne,Burgoyne,Burgoyne,2,1,4,spacy_GPE:2,,,,yes,,V04-P0603:1401,"Burgoyne, Robert, 365. || Burgoyne, Thomas, 365."
,,,,,,,,low,,busbridge,Busbridge,Busbridge,2,2,"3,4",spacy_GPE:2,,,,yes,,V03-P0734:833,"Busbridge, John, 320. || Busbridge, John, 365."
,,,,,,,,low,,canne,Canne,Canne,2,2,"2,4",spacy_GPE:2,,,,,yes,V02-P0577:712,"Canne, Delphebus. || Junius Brutus likewise in the desperate Case of the Citic of Rome, after the battel of Canne was forced for want of men to set at liberty all the prisoners indebted, and to discharge their debt@ on Condiéon, that they would serue the State;"
,,,,,,,,low,,carles,Carles,Carles,2,2,"3,4",spacy_GPE:2,,,,yes,,V03-P0735:196,"Carles, Robert, 65. || Caribbee Islands, 488, Carles, Thomas, 365."
,,,,,,,,low,,carriage,Carriage,Carriage,2,2,"1,3",spacy_GPE:2,,,,,yes,V01-P0417:1935,"Wheras at a greate and Generall Quarter Courte for’ Virginia held the xxxth of Ianuary last their was presented |to{| the said Courte a Certiticate on the behalfe of Cap‘: Ino: Martin in y® name of y® Counsell & Comp®*: for his Ma‘ here res || And that the parties selling, Contracting, or agreeing directly or indirectly either for or vnder the collour of Caske, Carriage, Houserent, or otherwise, for any higher or greater Price or recompence for any Beere or Ale, then after the ra"
,,,,,,,,low,,castle,Castle,Castle,2,2,"3,4",spacy_GPE:2,,,,yes,,V03-P0735:864,"Castle, Roger, 63. || And bea ah “lip now least wee should growe too rich they haue sent over (without anie [3} over to luyld aadviee from vs) a Captaine of a shipp, with extreame charges to the See Countrye, to build a fort in the Sea (iE might hane suid a Cast"
,,,,,,,,low,,champion,Champion,Champion,2,2,"3,4",spacy_GPE:2,,,,yes,,V03-P0735:1822,"Champion, Richard, 81, 321. || Champion, Richard, 304."
,,,,,,,,low,,chosen,Chosen,Chosen,2,2,"1,3",spacy_GPE:2,,,,,yes,V01-P0129:1164,"Hee also signified that m* George Yeardley desyred for his better direcéon the laws for Gouerment and Magestracye w™ although a Comittee was long since Chosen for the same yett by reason of other buisines of maine consequents they have not  || Wee therfore the said Treasuror Counsell and Company, by authoritie directed to vs from his Ma** vnder his great seale vpon mature deliberacon doe hereby order & declare, That from hence forward ther bee towe Supreame Counsells in Virginia "
,,,,,,,,low,,citty,Citty,Citty,2,2,"1,3",spacy_GPE:1|spacy_LOC:1,,,,yes,,V01-P0387:762,"And for somuch as it was signified by m*’ Deputy that m’ Recorder of this Citty was ready to doe good Offices for the Companie in this kinde by procuringe Children to be sent out of this Citty to Virginia vpon reasonable Termes, it was desi || And one third part of all such forfeitures shalbe to the vse of the Governo' of the Company for the Plantaéon in Virginia, to be employed for the vse of the Plantaéon there soe long as the same Company shall continue: And if the Company sha"
,,,,,,,,low,,colour,Colour,Colour,2,2,3,spacy_GPE:2,,,,,yes,V03-P0030:1150,"most true it is Noble 8‘, that there they bee most plentifully to bee returned home, if soe bee it the meanes & skilfull workemen together wth fitt pvisions for those Labourers (vntill the Colour may quitt some of theis Charges, by planting || Wee have some hope also by a Westerly Trade thorough a faire & goodly Bay lying in the height of 382 (some 30 leagues from our owne Bay) newly discovered since his Lp’s coffiing heither, from whence wee pmise our selues many commodities bot"
,,,,,,,,low,,commaund,Commaund,Commaund,2,2,"3,4",spacy_GPE:2,,,,,yes,V03-P0469:149,"yow many thanke for yo"" great favours, I humbly betake you to the dyvine ptecton, and remayne Yor faithfull and humble servaunt to Commaund Tuo: Nuce Eliza: in Virginia 19° Maii 1621 || First whereas Yo"" Mati? is pleased to Commaund that none be [fsent at the Court¢ or Conimittees of the Companie dureinge the Contynuance of the said Coftission but such as haue Men nowe or lately planted vpon theire shares and that are at t"
,,,,,,,,low,,company,Company,Company,2,2,4,spacy_GPE:2,,,,yes,,V04-P0615:1948,"Mismanaged in Company, 180. || Sce also under Company, Virginia end Planiation."
,,,,,,,,low,,conceaue,Conceaue,Conceaue,2,2,"2,4",spacy_GPE:2,,,,,yes,V02-P0494:1483,"Conceaue it in diuers respect€ to be of such great] waight and consequence as by speaciall lymitacon of their Letters Patents is restrained onely to the DeterminaZon of a Quarter Court: wherefore as also in reguard there was not at present  || Esteenung o'selues formerly to haue Comitted an error, (wee Conceaue not how wee should haue been fallen into a relapse, we thinke wee mr fentons cuidence su cleare (for the trueke) for it may well be supposed that hee remembreth not what w"
,,,,,,,,low,,continue,Continue,Continue,2,2,3,spacy_GPE:2,,,,,yes,V03-P0441:1720,"And where notwithstandinge the same Acte, that sinne of Drunckenesse is little abated but still continued, and an excessiue quantity of Corne thereby inordinately consumed: And the Drincke being made of that strength causes the said abuse a || Nowe for the further encrease of Shipping and incouragem' of the owne™ of shipps the Adventurers by sea in such fishing voyages the mariners and Sea men usually imploied therein and all others theron depending to Continue and goe forwarde i"
,,,,,,,,low,,convenyent,Convenyent,Convenyent,2,2,"2,3",spacy_GPE:2,,,,,yes,V02-P0544:572,"Att the Court att Theobalds 8"" Aprill 1624: His Ma** beinge verie Compassionate of the miseries and povertie of the Planters (and willinge they should haue releife) is graciously pleased to referr the Consideracon therof to the right Hono’* || clothinge w by vs shall & may be omdesed att all Convenyent tymes."
,,,,,,,,low,,cranfield,Cranfield,Cranfield,2,2,"3,4",spacy_GPE:2,,,,yes,,V03-P0741:1873,"Cranfield, Sir Lionell, 81, 320, 338. || Cranfield, Sir Lionel, 532."
,,,,,,,,low,,custome,Custome,Custome,2,2,"2,4",spacy_GPE:2,,,,yes,,V02-P0067:131,"Tobacco w™ they cannot vent here at home into any forraigne parte, it shalbe free alwayes from Custome. || ‘Phe Qniaititie of Tobaeeo by reason of the late excessiue planting thereof #et enke in the West Indies former and in the new Plantacons in Guiana and Brasillis ike te he se great that all these ptes of Christendom: wilhe ghatted wih it, an"
,,,,,,,,low,,deale,Deale,Deale,2,2,3,spacy_GPE:2,,,,,yes,V03-P0520:1908,"BuayNry Deale this 17 of Septemb . || Deale, 262."
,,,,,,,,low,,drurye,Drurye,Drurye,2,1,4,spacy_GPE:2,,,,yes,,V04-P0617:1537,"Drewry, Sir Drew (Drurye), 363. || Drurye."
,,,,,,,,low,,dutie,Dutie,Dutie,2,2,"1,3",spacy_LOC:2,,,,,yes,V01-P0210:332,"Barnstable not one, of 200: in the London Marchant but one onely, And that the Dutie in her long passage had likewise lost one; || and in pticular that the debt@ due vppon the 50 youths sent in the Dutie, and others, may be w*out faile recovered and sent home this yeare: wherein we especially require the care and dilligence of m™ George Sandys whose"
,,,,,,,,low,,eleccon,Eleccon,Eleccon,2,2,1,spacy_GPE:2,,,,,yes,V01-P0139:1678,"noone might be solely sett a parte for Eleccon of Officers and other || Whervppon forasmuch as itt manyfestly appeared that his Ma: hadd beene much misinformed of the menaginge of their buisines this last yeare, Itt was agreed accordinge to the opynion aforesaide that the day of Eleccon should be putt of till t"
,,,,,,,,low,,fogge,Fogge,Fogge,2,2,1,spacy_GPE:2,,,,yes,,V01-P0316:402,m’ Fogge. || m’ Fogge.
,,,,,,,,low,,george,George-_,George-_|George,2,2,4,spacy_GPE:2,,,,yes,,V04-P0097:78,"The George-_. || Note of, sent in George, 247-258."
,,,,,,,,low,,hall,Hall,Hall,2,1,3,spacy_GPE:2,,,,yes,,V03-P0749:1382,"Hall, Robert, 64. || Hall, William, 44."
,,,,,,,,low,,hamersley,Hamersley,Hamersley,2,2,"3,4",spacy_GPE:2,,,,yes,,V03-P0749:1583,"Hamersley, Hugh, 84, 326. || Hamersley, Hugh, 363."
,,,,,,,,low,,hampton,Hampton,Hampton,2,1,3,spacy_GPE:2,,,,yes,,V03-P0749:1875,"Hampton, Thomas, 327. || Hampton, Walter, 198, 213, 230."
,,,,,,,,low,,harvest,Harvest,Harvest,2,2,"1,3",spacy_FAC:2,,,,,yes,V01-P0078:2595,"And they further Complaine to yo"" EL?*: of m* Iacobb that wheras this Com- pany for the vphoulding of the said Traffique sett out in September was Twelue moneth a Ship to Virginia for the bringinge home of the Comodities as itt were the Har || make yo"" Cheif residence so many measures of Corne at euery Harvest, Come soe many basketts of Dye so many dozens of skins so many of his people g;"
,,,,,,,,low,,havercombe,Havercombe,Havercombe,2,2,"2,3",spacy_GPE:2,,,,yes,,V02-P0611:2099,"Suit against Havercombe, I, 121. || Havercombe, 7-12."
,,,,,,,,low,,highnes,Highnes,Highnes,2,2,"1,3",spacy_GPE:2,,,,,yes,V01-P0245:2246,"In reading whereof m’ Attorney well obserued that their newe Incor- poration differing in name from the old (the Tier beinge in this called by the name of Gouerno':) was not warrantable in lawe in that manner as they had drawne it, wout sur || The humble answer of so many of his Ma** Councell for Virginia as could at present bee assembled, they being in his Highnes Name required by the R* Ho®* St George Calvert Principall Secretary of State, to deliver their opinion concerning ce"
,,,,,,,,low,,hinton,Hinton,Hinton,2,2,3,spacy_GPE:2,,,,yes,,V03-P0084:879,"Raph Harrison griffith Hinton. || Hinton, Anthony, 327."
,,,,,,,,low,,hutchinson,Hutchinson,Hutchinson,2,2,"2,3",spacy_GPE:2,,,,yes,,V02-P0596:1010,"Hutchinson, Henry. || Hutchinson, Henry, 64."
,,,,,,,,low,,inquire,Inquire,Inquire,2,2,4,spacy_GPE:2,,,,,yes,V04-P0156:1273,") As also to Inquire throughlie what Commoeditie hath ben produced dureing the said lust veares in licu of the great expence of this§e§ publique Treasure, raised hy otteries, collections, voluntarie Contribuéons &e. || To Inquire into the Causes of the last massacre."
,,,,,,,,low,,jones,Jones,Jones,2,2,"3,4",spacy_GPE:2,,,,yes,,V03-P0754:191,"Jones, Znehury, 884, 328. || Jones, Zachary, 364."
,,,,,,,,low,,jurare,Jurare,Jurare,2,2,4,spacy_GPE:2,,,,,yes,V04-P0305:2188,"persone vel quibuscunque personis ad eorum libitum, acetiam habere diversa communa sigilla pro omnibus et singulis causis et negotiis suis agendis et illa ad libitum suum frangere, mutare et de novo facere acetiam habere potestatem et autho || ] habere potestatem et authoritatenm quandocunque eis pla- cucrit nominare, constituere et jurare nnum de seipsis fore Thesaurarium eiusdem Societatis ae unum alium de seipsis fore Deputatum Thesaurarit eiusdem Socictatis aectiam nominare e"
,,,,,,,,low,,kemis,Kemis,Kemis,2,1,3,spacy_GPE:2,,,,yes,,V03-P0754:897,"Kemis, Arthur, 396, 405, 427, Kemis, Thomas, 396, 398, 405, 426, 674. || Kemis, Arthur, 396, 405, 427, Kemis, Thomas, 396, 398, 405, 426, 674."
,,,,,,,,low,,kirrell,Kirrell,Kirrell,2,2,2,spacy_GPE:2,,,,yes,,V02-P0014:701,m’ Kirrell. || m’ Kirrell.
,,,,,,,,low,,laurence,Laurence,Laurence,2,2,3,spacy_GPE:2,,,,yes,,V03-P0736:1372,"Clarke, Laurence, 451. || Dowler, Laurence, 565."
,,,,,,,,low,,lawes,Lawes,Lawes,2,2,1,spacy_GPE:2,,,,,yes,V01-P0194:491,"This parte requireth the serious consultaéon of the Counsell & the great labour of learned and iuditious Comittees that being reduced into a bodie of Lawes and Magestracie itt may be first plsented to his Ma"": vewe and beinge there approved || These pticuler Comittees haveinge brought their laboures to an end Counsell to pernse they are then to meete and out of these pts to make an wholl entire ‘""°? @% bodie of Lawes and Magistracie for that Gouerm'."
,,,,,,,,low,,lesse,Lesse,Lesse,2,2,"3,4",spacy_GPE:2,,,,,yes,V03-P0465:201,"what in my Letters I wrott that myght give Lesse satisfaction then was expected sure I am I was enforced soe to doe, and shall ever desire to wryght and speake the truth, the wth I know in the end when you find it to be soe, you will aprove || Andif in ease the Contract makes Tobacco to yeald Lesse by — 3"" p pound."
,,,,,,,,low,,libtie,Libtie,Libtie,2,1,3,spacy_GPE:2,,,,,yes,V03-P0443:645,"And be it further enaeted by the authority aforesaid, That all offences to be done or Comitted, contrary to the mean- ing of the acte, and all penalties aforesaid, shalbe inquired of, sued for, heard, and determined in the Sessions of the p || And one third part of all such forfeitures shalbe to the vse of the Governo' of the Company for the Plantaéon in Virginia, to be employed for the vse of the Plantaéon there soe long as the same Company shall continue: And if the Company sha"
,,,,,,,,low,,lodginge,Lodginge,Lodginge,2,2,"1,3",spacy_GPE:2,,,,,yes,V01-P0298:1662,"And in case hee shalbe supplyed in matter of Survey for any pryvate man his wages shall not exceed six shillings p diem besides his Lodginge and Dyett w™ hee that imployes him shall pay him for; || How so many people sent hither of late yeers haue bene lost, I cannot Conceaue vnies it be through water and want, partly of good foode, but cheifly of good Lodginge: w haue bene the onely Causes of the death of so many as came with me, if "
,,,,,,,,low,,mast,Mast,Mast,2,2,3,spacy_LOC:2,,,,,yes,V03-P0636:1775,"Item that yf in case the sayde shipp the Garland could have byn then fitted and inabled with a Mast or Jury Maste to goe to Virginia from the Somer Islande yet the passingers sent in the sayd ship by ffarrer and Sheppard were not then and t || Item that one fferdinando Sheppard was facto"" and agent or was appoynted to take the charge of the good¢ and passingers put on borde the sayd ship the garland the sayd voyage (Captaine Whitney beinge dead) for the sayd ffarrar and Sheppard "
,,,,,,,,low,,middlesex,Middlesex,Middlesex,2,2,4,spacy_GPE:2,,,,yes,,V04-P0375:3024,"our same lord the King who now is, by his letters patent duly completed, sealed by his great seal of England, bearing date at Westminster on the same tenth day of April in the afore- said fourth year of his rcign and in the Court of Chancer || But howseeuer, the Earle of Southampton, the Lo: Cavendish, So Edwin Sandis & some other, being called by the Ieurle of Middlesex to his Chamber at Whitehall, then thought, that they had given such answeres to them, as that his Lo? rested s"
,,,,,,,,low,,moones,Moones,Moones,2,1,2,spacy_GPE:2,,,,yes,,V02-P0605:11,"Moones, ——. || Moones, Nicholas, I, 461, 474."
,,,,,,,,low,,neville,Neville,Neville,2,2,"2,3",spacy_GPE:2,,,,yes,,V02-P0605:959,"Neville, Sir Henry. || Neville, Sir Henry, 86, 330."
,,,,,,,,low,,parkhurst,Parkhurst,Parkhurst,2,2,"1,2",spacy_LOC:2,,,,yes,,V01-P0316:201,m’ Parkhurst. || m’ Parkhurst.
,,,,,,,,low,,patrick,Patrick,Patrick,2,2,"3,4",spacy_GPE:2,,,,yes,,V03-P0740:1545,"Copland, Patrick, 63, 64, 592, 593. || Copeland, — (Copland), 15, 246, 290, 506, Copeland, Patrick, 358, 359, 361, 398."
,,,,,,,,low,,peace,Peace,Peace,2,2,"1,3",spacy_LOC:1|spacy_FAC:1,,,,,yes,V01-P0194:309,"The last matter butt of great difficultie and cheife importance is the establishinge of good gouerment in the Collony for Religion, Ius- tice and Strength together w their effecte, Peace, Plenty and Prosperitie. || Wee found the Colony (God be thanked) in good estate and inioyng a firmer Peace and more plenty, howeu' in buildings, fortyficaéons, and for went of boats, much ruyned and greate want."
,,,,,,,,low,,port,Port,Port,2,2,3,spacy_LOC:2,,,,,yes,V03-P0377:346,"his best skill and knowledge vnto the said plantaGon in Virginia and there to land and put on shore all the said psons and good@ soe shipped of what kind soeu9, Straightley chargeinge and Comaundinge the said William Tracy to sett saile fro || and giue them order to stay at the Ile of Wight or the Downes w‘out breakinge bulke, till they receiue direcéon from hence at what Port they shall vnlade at."
,,,,,,,,low,,poultry,Poultry,Poultry,2,2,"2,4",spacy_GPE:2,,,,,yes,V02-P0391:85,"once y° best of all others, butt fell vppon the Poultry, Hoggs, Cowes, Goats and Horses wherof they killed great nombers to y° great greife aswell as ruyne of y° Olde Inhabitants whoe stick not to affirme that these were not onely the best  || Very many of them in want of Corne, vtterly destitute of Cattle, Swine, Poultry, and other provisions to nourish them."
,,,,,,,,low,,proviso,Proviso,Proviso,2,2,"1,2",spacy_GPE:2,,,,,yes,V01-P0239:502,"To add this Proviso in these words that the said two Comodities be none of those Comodities pertucularly named in a booke of the valuaéon of the Comodities in Virginia lately published; || desire it, but not to make an absolute Graunt of the said lands for that the Seale in that case was but a certificate or testimony of so much land sett out for the consideraéons aforesaid to be further rati- fied and confirmed by the Compan"
,,,,,,,,low,,publiq,Publiq,Publiq,2,1,1,spacy_GPE:1|spacy_LOC:1,,,,,yes,V01-P0059:1598,"The latter, S"" Tho: Dale building vpon those foundaéons w™ great & constant seuerity, reclaymed almost miraculously those idle and disordered people and reduced them to labour and an honest fashion of life, and proceeding w"" great zeale to  || The latter, S"" Tho: Dale building vpon those foundaéons w™ great & constant seuerity, reclaymed almost miraculously those idle and disordered people and reduced them to labour and an honest fashion of life, and proceeding w"" great zeale to "
,,,,,,,,low,,quorum,Quorum,Quorum,2,2,3,spacy_GPE:2,,,,,yes,V03-P0353:1339,"that which is signed by three of the Auditors, whereof one to be of the Quorum. || The Auditors shall be seauen: whereof two at the least of the Counseil, and three of them of the Quorum."
,,,,,,,,low,,rebecca,Rebecca,Rebecca,2,2,2,spacy_GPE:2,,,yes,,,V02-P0405:437,"After the rising of y® Virginia Court this day being y° Last of Aprill, Iames Dauies brought these Two wittnesces to proue that he was y° imediate heire to his deceased vnckle Walter dauies that dyed in his passage to Virginia, viz** Rebecc || Darris, Rebecca, II, 390."
,,,,,,,,low,,receipt,Receipt€,Receipt€,2,2,2,spacy_GPE:2,,,,,yes,V02-P0441:1533,"The Treasuror and Company of Adventurers and Planters of y* Cittie of Lon- don for the first Colony in Virginia To all to whome these plsent¢ shall com greetinge: Wheras Iohn fferrar of London Marchant late Deputy of the said Company hath b || theis presents shall come greetinge, whereas the Right Hono” Henry Ea: of Southampton Treasuror of the said Companie hath by three seuerall Booke of accompte of his office of Treasuror of the said Com- panie extendinge from the eight and Tw"
,,,,,,,,low,,recompence,Recompence,Recompence,2,2,3,spacy_FAC:2,,,,,yes,V03-P0439:1613,"1 That noe person directly or indirectly shall at any tyme after three monethes after this Session of Parliam* brewe anie beere or ale, and sell the same againe in his or her house, or elswheare by lesser quantity then the halfe kilderkin,  || of the same, That noe person or psons by him or her selfe, or by any other waies or meanes Directly or indirectly shall at any time after three monethes after the end of this Session of Parliament, Brewe any Beere or Ale and sell the same, "
,,,,,,,,low,,ruine,Ruine,Ruine,2,2,4,spacy_GPE:2,,,,,yes,V04-P0498:639,"Whereas heretofore voT Ma‘® out of yo"" princelie care and regard of the good and wellfare of the Plantaéon of Virginia haue as well in yo! owne royall pson, as by th’ cndeauo® of the right hot!’ the LL* and others of yor Ma'* priuie Counsel || That the Rewardes of those Men that take these paines and spend theyr tyme to doe this good Worke and to preserue the Plantations from Ruine shall be: 25001: whereas the other Contractors will haue at least twenty thowsand pound a yeare it "
,,,,,,,,low,,samuell,Samuell,Samuell,2,2,3,spacy_GPE:2,,,,yes,,V03-P0740:1242,"Coopy, Samuell, 198, 213, 230. || Holliland, Samuell, 84."
,,,,,,,,low,,seauen,Seauen,Seauen,2,2,"2,3",spacy_GPE:2,,,,,yes,V02-P0371:2574,"Itt hath bin obiected, that in y* time when this Contract was first to be concluded y*® Court€ were on purpose put of Seauen weekes together, by reason that some Planters that were shortly to goe away might not haue opertunyty to Complaine  || +~ §which$ rent shalbe established to the said * * * * * Lord Zouch * and his Assignes duringe the lives of the said men soe transported And the lord Lawarr doth Covn‘nte to give a true noate of the names of those Seaven men to be soe trans"
,,,,,,,,low,,shells,Shells,Shells,2,2,4,spacy_LOC:2,,,,,yes,V04-P0268:204,"But there are good stere of Shells about Elizabeth Citie wh will make very good lyme and may by water be easilie transported to the seuerall plantaéons || Shells, 260."
,,,,,,,,low,,sixt,Sixt,Sixt,2,2,"1,3",spacy_LOC:2,,,,,yes,V01-P0098:1142,"1: To the Tytle of Counsell—1: To the Tytle of Graunte of Land—2: in the Tytle of Generallytie an amendm' or Addiéon of 2 wordes, in the Sixt order afterward (Court) is added (or Couneell) and so in the 13"" order of Tytle of Treasuror after || The Patent whereof still extant to be seene, was granted to John Cabot and diuers other of his subiects, who went thither with sixe Saile of Ships, and discouered as farre as from Cape Florida to New-found-land, all along the Coast, and too"
,,,,,,,,low,,smale,Smale,Smale,2,2,"2,4",spacy_GPE:2,,,,,yes,V02-P0620:249,"Smale, I, 401. || Adioyning to y* mouth Chicahominy Riv: their are 3000 Acres of Land laid out for the Company: 3000: Acres laid out for y° place of y* gouerner planted, in w are Some Smale parcells graunted by Sir Thomas Dale & Sir Samuell Argall planted"
,,,,,,,,low,,soueraigne,Soueraigne,Soueraigne,2,2,"3,4",spacy_GPE:2,,,,,yes,V03-P0587:1005,"which dwelling so remote one from another, and all agreeing in the report of a large Sea to the West- wards, where they describe great Ships not vnlike to ours, with other cir- cumstances, doe giue vs very great probability (if not full ass || Therefore for the setling be and aduancemt both of His Mat** yearelie Reuenew and the good of the Plantaéons in Virginia and the softer Tlands (wh are amongst many others most memorable works of His Ma happie gouerm') It is propounded That "
,,,,,,,,low,,stranger,Stranger,Stranger,2,2,"2,3",spacy_FAC:2,,,,,yes,V02-P0005:2230,"The Courte takinge into consideraéon the request of m* Martin the Persian touching the double charge imposed vpon his Tobacco by the ffearmo™ fer in reguard he was a Stranger and havinge informed || But (S"") I hope not to seem altogether inexcusable to yo? Goodness therein, If yo"" please to take into consideraéon first that I was a meer Stranger vnto yo”, and next That I tooke vpon mee the liberty to thinke That the modest offer of my "
,,,,,,,,low,,sundry,Sundry,Sundry,2,2,2,spacy_FAC:2,,,,,yes,V02-P0416:247,"They have found in their vnderstandinge that one cheife roote of all these Diuisionns and of Sundry other Machinatons to the great Detriment of the Plantaéons and bendinge w'all to a course for dissolucon of the Companies, have pceeded from || His Lo”: was allsoe induced to putt of divers of his ffifteene Shares to Sundry new personns amongst w™ were Cap‘ Argall and a Brother of Cap‘: Butlers."
,,,,,,,,low,,therfore,Therfore,Therfore,2,2,"1,4",spacy_GPE:2,,,,,yes,V01-P0055:1428,"Therfore that the said 800""—might be reimbursed out of the Comon Cash in to the Colledge mony, w™ was ratified and allowed of by the Court. || Thomas merry may vnderstande y* valwe therof to be farr shorte of wt is conceived, and his depts both by reason of his owne engagementé, and intanglinge him selfe w' the estates of other men, Tenn tymes exceedinge the same, Therfore we huin"
,,,,,,,,low,,throckmorton,Throckmorton,Throckmorton,2,2,"2,3",spacy_GPE:2,,,,yes,,V02-P0624:298,"Throckmorton, Sir William (Throgmorton), I, 338. || Throckmorton, Sir William, and Associates, 212."
,,,,,,,,low,,touchinge,Touchinge,Touchinge,2,2,1,spacy_GPE:2,,,,,yes,V01-P0100:768,The derminaton of Touchinge the Determinaéon of the Tobaeco referred vnto this Courte y*Tobaccoreterrd. || Itt was herevppon agreed that hee should be enter- taynd for this imployment provided his demaunds were reasonable and that hee could give the Company good securitie for answeringe the monneys that hee receaved from time to time to be paid 
,,,,,,,,low,,treasuror,Treasuror,Treasuror,2,2,2,spacy_GPE:2,,,,yes,,V02-P0146:755,"Next the Court proceeded to the nominaéon of a Treasuror, for w™ proposinge m* Iohn ffarrar he desired the Companie to consider what a burden of buissines they had already laid vpon him w™ had made him to neglect his owne priuate estate, fo || Next the Court proceeded to the nominaéon of a Treasuror, for w™ proposinge m* John ffarrar he desired the Companie to consider what a burden of buissines they had already laid vpon him w™ had made him to neglect his owne priuate estate, fo"
,,,,,,,,low,,truth,Truth,Truth,2,2,4,spacy_GPE:2,,,,,yes,V04-P0107:235,"Truth is I was faine lend many of them (hauing wiues and Children) more corne, then all their Croppe of Tobacco was worth: Therfore You will not: by this yeare esteeme what suecesse may be hereafter, it was my ill fortune to come when misch || When ons sodayne the Plantation it selfe was by Captaine Butler in a certayne writinge Intituled, The vnmaskinge of Virginia, soc fowly dixeraeed, and the present miseries thereof so farr amplified aboue Truth, and the future hopes thereof "
,,,,,,,,low,,tune,Tune,Tune,2,2,1,spacy_GPE:2,,,,,yes,V01-P0079:156,"The Company here quickned w hope of proffite by traffique and hy this mutuall negotiaéon his Ma Customs advanced: And accordingly in Tune last their Ship returned and brought home Twenty thousand pound weight of Tobacco for w°"" besides the  || M' Deputy signified that the Auditors accordinge to the order of the Quarter Court in Tune last had made a true and perfect Account of all such somes of money as haue bin receaued by the benifitt of the Runinge Lotteries, and had also in th"
,,,,,,,,low,,twisden,Twisden,Twisden,2,1,2,spacy_GPE:2,,,,yes,,V02-P0627:1544,"Twisden, Sir Roger. || Twisden, Sir William."
,,,,,,,,low,,voyages,Voyages,Voyages,2,2,"3,4",spacy_GPE:2,,,,,yes,V03-P0738:2458,"See also Voyages to Virginia. || Voyages to Virginia supported, 79, 167."
,,,,,,,,low,,wheras,Wheras,Wheras,2,2,"1,3",spacy_GPE:2,,,,yes,yes,V01-P0112:482,"Mr Essington to Wheras the last ordynary Court made choyce of three for the man- eee av"" ” aginge the remaynder of the Magazine buisines, and that then itt was comp*. || and John Smyth of Northnibly in the said county gent doe send greetinge Wheras we the said St Wiltm Throkm%ton Richard Berkeley George Thorpe and John Smyth by our tres of Comission vnder our seu%all hands and seales bearinge date the iiij "
,,,,,,,,low,,wherby,Wherby,Wherby,2,2,4,spacy_GPE:2,,,,,yes,V04-P0583:385,"Right Honobl The 23"" of march arived the good shipp the Virgen of Southamptone w' Lres from your Lopps of the 24 of October laste, Wherby we ynderstande his Ma** royall care of this Plantation, as well in present supplie of our wants, as in || strictlic und precisely lookt to, ye m?chante who now hardlie keepes himselfe w'hin the houndes of our proclamation concerninge the rates of commodities) will take advantage therupon to inhannse his pryses exeessiucly, Wherby the Colony wil"
,,,,,,,,low,,wil,Wil,Wil,2,2,"3,4",spacy_LOC:2,,,,,yes,V03-P0257:1234,"Wil send copies of their grants of Land. || Robert Robinson, John Huntley, John Grey, William Payne, William Feilile, Willian Wattcey, William Webster, John Digley, William Carpenter, Thomas Draper, Rieherd Glanvicll, Arnald Lulls, Henry Rowe, William Moore, Nicholas Grice, dumes Mon"
,,,,,,,,low,,william,William,William,2,2,3,spacy_GPE:2,,,,yes,,V03-P0729:991,"Atkinson, William, 80, 317. || Fierfax, William, 570."
,,,,,,,,low,,wiues,Wiues,Wiues,2,2,"2,4",spacy_GPE:2,,,,,yes,V02-P0112:386,"M’ Deputy acquainted the Companie that whereas they hired hereto- fore certaine Dutch Carpenters of Hamburrough for makinge of Saw-mill€ in Virginia whither they beinge sent, died within a short time after (and onely one returned) beimge Sh || Vnder most oppressiue orders henee, to y* breach of all faith & honesty: 4, Wout comfort of Wiues or servants:"
,,,,,,,,low,,writinge,Writinge,Writinge,2,2,1,spacy_GPE:2,,,,,yes,V01-P0068:1638,"in Writinge. || to have been vniustly proceeded against both in forme and matter, and consequentlie remaynes still a legall man not one dissentinge, S* Tho: Wroth onely tooke excepGon to these words (not one dissentinge) In somuch as hee now professed hims"
,,,,,,,,low,,abden,Abden,Abden,1,1,2,spacy_GPE:1,,,,,,V02-P0568:396,"Abbreviations, I, 207, 208, Abden, Robert."
,,,,,,,,low,,abigull,Abigull,Abigull,1,1,4,spacy_LOC:1,,,,,,V04-P0278:729,"Coneerning the sending home of the Sussafras as last yeare in the Abigall, where it had conve fraight free, it would haue been profitable, so now on the contrarie, it would be of dainage wherefore we pray yo"" not to go on that course, but t"
,,,,,,,,low,,acanackehina,Acanackehina,Acanackehina,1,1,3,spacy_GPE:1,,,,,,V03-P0658:1211,"Some of the English haue made relation of a China box seene at one of the Kings houses, who declared, that it was sent him from the West, by a King that dwels ouer the great hils, whose Countrey is neare the Sea, he hauing that box from a P"
,,,,,,,,low,,accompt,Accompt,Accompt,1,1,1,spacy_GPE:1,,,,yes,,V01-P0155:128,"After w® writinge beinge read m‘ Thefer pceeded to declare vuto the MW” Threré decla- Courte the State of his Accompt, aswell for the Companies general) (ye."
,,,,,,,,low,,accomptis,Accomptis,Accomptis,1,1,4,spacy_GPE:1,,,,,,V04-P0082:629,4: That this want of Accomptis was a hinderance to the plantaéon: for some sd one this & some another.
,,,,,,,,low,,accon,Accon,Accon,1,1,3,spacy_GPE:1,,,,,,V03-P0072:1701,"Now my last request at this tyme is to yo'self, whom I haue found a father to me, my wife and childe, and will eu' acknowledg it w'* the best gratefullnes my hart and penn can offer, that yo"" would be pleased as yo"" haue begun and ben tke o"
,,,,,,,,low,,account,Account¢€,Account¢€,1,1,2,spacy_GPE:1,,,,yes,,V02-P0425:903,"Yo"" Supp™ in all duety present their humble petition at y° foote of * yo"" sacred Maiesty y* wheras Alderman Johnson assisted w™ sundry others delu9ed vnto yo"" Ma”: a petiéon of Complainte against the present Gouerment of y° said Companies A"
,,,,,,,,low,,accountant,Accountant,Accountant,1,1,1,spacy_GPE:1,,,,,,V01-P0242:485,"ffirst in the head, That whereas in the former Patent@ their cheife officers were called by the name of Treasuror he had in this given him a more eminent title, by styling him their Gouerno': because the name Treasuror seemed to imploy an i"
,,,,,,,,low,,accountante,Accountante,Accountante,1,1,2,spacy_GPE:1,,,,,,V02-P0008:42,"other Accountante hereafter, for clearinge their Accounts, with so much content and satisfacéon to the seuerall Aduenturors and the -whole Companie."
,,,,,,,,low,,accusaéon,Accusaéon,Accusaéon,1,1,2,spacy_GPE:1,,,,,yes,V02-P0268:199,"were negligent of their good or purposed to opresse them and so to raise a mutiny: Besid¢ his Ip: said he would lay the heauier censure vpon him for goeinge with so false an Accusaéon to the Kinge, as implyinge that they were ouerawed and d"
,,,,,,,,low,,aceén,Aceén,Aceén,1,1,4,spacy_GPE:1,,,,,yes,V04-P0585:860,"George Yardley hath given your Lopps full informatione of all things necessarie, And that nothinge be wantinge ane our ptes, by the next shipps we will give your Lopps more full advertisement¢ wt courses we conecive most proper and assured "
,,,,,,,,low,,ackland,Ackland,Ackland,1,1,3,spacy_GPE:1,,,,,,V03-P0728:389,"Ackland, Sir John, 80, 317."
,,,,,,,,low,,acknowledgment,Acknowledgment,Acknowledgment,1,1,3,spacy_GPE:1,,,,,yes,V03-P0265:69,"An Acknowledgment, signed."
,,,,,,,,low,,act,Act¢€,Act¢€,1,1,2,spacy_LOC:1,,,,,,V02-P0266:737,"Court¢€, he since that time often absented himselfe from Court€ and from the meetings of the Counsell and Comittee where that buissines was handled and because he would not giue his consent, he therefore would giue no aduise: And whereas be"
,,,,,,,,low,,acto,Acto,Acto,1,1,3,spacy_LOC:1,,,,,,V03-P0687:2299,"as for the Acto™ thereof, wee cannot but wt* much griefe proceed to the condempnation of theire bodies, the saving of whose Soules, we haue so zealously affected: but since the mocent blood of so"
,,,,,,,,low,,addenda,Addenda,Addenda,1,1,4,spacy_GPE:1,,,,,,V04-P0587:0,Addenda
,,,,,,,,low,,addi on,Addi¢on,Addi¢on,1,1,1,spacy_LOC:1,,,,,,V01-P0393:2050,"A lre also was presented from one that desired not as yet to be named w™ 25"" in gold to be imployed by waye of Addi¢on vnto the former contribuéon towardé the buildinge of a ffree schoole in Vir-"
,,,,,,,,low,,addis,Addis,Addis,1,1,2,spacy_GPE:1,,,,,,V02-P0172:456,m'’ Addis.
,,,,,,,,low,,addiéona,Addiéona,Addiéona,1,1,1,spacy_GPE:1,,,,,yes,V01-P0098:3,Addiéona to yt Lawes.
,,,,,,,,low,,admittance,Admittance,Admittance,1,1,2,spacy_GPE:1,,,,,yes,V02-P0287:1872,ffor the word¢ are ||where it is|| apparantly due But certainely it is iustly questionable whither an enimy or vnworthie person should be admitted But for the second obiecéon the Ea: of Southampton said that he did not vnderstand ||the Prop
,,,,,,,,low,,aduen,Aduen,Aduen,1,1,3,spacy_GPE:1,,,,,,V03-P0608:683,[58] The forme of a Patent to such Aduen™ whose shares exceedinge 50 llact|| are exempted from payinge any Rent to y° Company for the persons they transporte.
,,,,,,,,low,,aduentur,Aduentur,Aduentur,1,1,1,spacy_GPE:1,,,,,,V01-P0367:1678,Whereas a moécon was made in the former Court that for somuch as many Bills of Aduenture were passed presented to the Court from time to time w™ were found to be omitted in the Printed Publicaéon that therefore the book@ might be hereafter 
,,,,,,,,low,,aduenture,Aduenture,Aduenture,1,1,1,spacy_GPE:1,,,,,,V01-P0345:1839,"Vpon the humble petiéon of m* Anthony Gosnold gentleman it is agreed and ordered first that he shall haue two shares of land in Virginia, due vnto him for the aduenture of 25"" in money paid into the Treasury to S' Thomas Smith as by his bil"
,,,,,,,,low,,aduenturers,Aduenturers,Aduenturers,1,1,3,spacy_GPE:1,,,,,,V03-P0090:1095,*]! of Aduenturers to Virginia
,,,,,,,,low,,advanceim,Advanceim,Advanceim,1,1,4,spacy_GPE:1,,,,,,V04-P0151:1060,ent for supplie of the plsent want¢ double the sre But this wh they glory in of the Multitude of Adventurers wherew'h theire Courté are filled may|/phaps be) more trucly be Couplayned of as a (20] greivance and a thinge we Worthie the enqui
,,,,,,,,low,,advei,Advei-,Advei-,1,1,4,spacy_GPE:1,,,,,,V04-P0279:1890,"Whereas the rates and prices of Comodities here in Virginia haue of late and by degrees growne to a most exessiue and vnconscionable heiglit, nol only in Tobacco, but in ready mony, to the great greivaunce of this State and Comon-wealth, th"
,,,,,,,,low,,adventur,Adventur,Adventur,1,1,4,spacy_GPE:1,,,,,,V04-P0274:1278,"This, and the rest of these bussinesses, we haue thus pticulerly and largly touched now, not that we doubt yo"" best endeave™ of iustice, care, and favo"", would haue beene otherwise wanting, haueinge beene so often for- merly recomended vnto"
,,,,,,,,low,,adventureand,Adventureand,Adventureand,1,1,2,spacy_GPE:1,,,,,,V02-P0578:2252,"Adventureand freedom of company, I, 264, 273."
,,,,,,,,low,,adventuringe,Adventuringe,Adventuringe,1,1,4,spacy_GPE:1,,,,,yes,V04-P0533:1853,") directed to hestowe their monyes in Adventuringe by way of Magazine, vypon two Comodities onely, Tobacco & Sassafras, [3] matters of present proffitt, but no wayes fitt foundaéons of a future State."
,,,,,,,,low,,adwent,Adwent,Adwent,1,1,1,spacy_LOC:1,,,,,,V01-P0212:1245,a ~e tobe M* Delbridge moved that the Courte would be pleased to admitt one hil at Adwent.
,,,,,,,,low,,aecompte,Aecompte,Aecompte,1,1,4,spacy_GPE:1,,,,,yes,V04-P0142:1686,Innere whatll woe before named sent over and sould here in England and the perticulers together wh their moneyes made of them given in Aecompte hy 8° Tho:
,,,,,,,,low,,aetion,Aetion,Aetion,1,1,4,spacy_FAC:1,,,,,,V04-P0541:191,"As for adventuringe hence, what by the disgracinge of the Aetion it selfe, & the vndeserved suffrings of the late Companie, the businesse is brought to such a stand, as seemes ineredible: there being no preparuéon that wee can heare of not "
,,,,,,,,low,,aft cane coda,Aft Cane Coda,Aft Cane Coda,1,1,1,spacy_FAC:1,,,,,,V01-P0197:2327,Comittee fordraw- ing v* generall Tre to his Ma‘ von- cerning a free fish- ifigé Aft Cane Coda.
,,,,,,,,low,,agnes,Agnes,Agnes,1,1,2,spacy_LOC:1,,,,,,V02-P0605:2079,"Nicholes, Agnes, I, 331."
,,,,,,,,low,,agnes nicholl,Agnes Nicholl@,Agnes Nicholl@,1,1,1,spacy_LOC:1,,,,,,V01-P0127:172,"Wheras vppon the petiéon of Agnes Nicholl@ mother to one Henry Se"" Hamond to Dauies who did goe the Voyadge to Virginia w"" the Lord Lawarr in ""20 le 1616 and att six moneths after his landinge hee there dyed as hy cer- her brother."
,,,,,,,,low,,alciat,Alciat,Alciat,1,1,4,spacy_GPE:1,,,,,,V04-P0064:1870,"for wel if T be taxt I haue noe other excuse but that it was the recreaton of my idle howers, and say with Alciat."
,,,,,,,,low,,alehousekeep,Alehousekeep,Alehousekeep,1,1,4,spacy_LOC:1,,,,,,V04-P0026:236,"keep in penny papers 13 to the dozen: and so the Alchousekeep shall gett a peny ina shilling and he §the poore§ that takes Tobago shall not he coxened as vow they are to pay 6"" or 8"" for that wih the Alehousekeep payes but 2%."
,,,,,,,,low,,alias sampson,ALIAS SAMPSON,ALIAS SAMPSON,1,1,3,spacy_GPE:1,,,,,,V03-P0714:105,"A ComMISsION To CapraIN WILLIAM EDEN, ALIAS SAMPSON"
,,,,,,,,low,,alice,Alice,Alice,1,1,3,spacy_GPE:1,,,,,,V03-P0753:2738,"Jones, Alice, 571."
,,,,,,,,low,,allegacon,Allegacon,Allegacon,1,1,3,spacy_GPE:1,,,,,,V03-P0636:776,Inprimis viz' that after the Maine Maste of the shippe called the Garland was loste at the Soiier Island@ in the storme menGoed in the Allegacon given on the behalfe of the said Wye in this Cause he the said Wye nor any other M' of any othe
,,,,,,,,low,,alnwick castle,Alnwick Castle,Alnwick Castle,1,1,3,spacy_FAC:1,,,,,,V03-P0549:1569,"Percy Papers (Courtesy of His Grace the Duke of Northumberland, at Alnwick Castle), Volume XII, Folio 113 Printed Document in Public Record Office List of Records No."
,,,,,,,,low,,alpes,Alpes,Alpes,1,1,3,spacy_GPE:1,,,,,,V03-P0585:1582,"For so wee see in our owne Country, from the ridge of Mountaines continued from Derbishire into Scotland, doe issue many great Riuers on both sides into the East Germane Ocean, and into the Westerne /rzsh Seas: in like sort from the Alpes o"
,,,,,,,,low,,alport,Alport,Alport,1,1,3,spacy_GPE:1,,,,,,V03-P0728:1552,"Alport, Jonas, 569."
,,,,,,,,low,,amendm,Amendm,Amendm,1,1,3,spacy_GPE:1,,,,,yes,V03-P0070:208,this Colony & Comon Weale was at 2 Marshalls Courts condem’d to die and according to Lers from St Tho: Smith Treas* for y° Comp* to S' Tho: Dale Gov' reprieved in hopes of Amendm* And now has been guilty of more Errors Therefore to prevent 
,,,,,,,,low,,amends,Amends,Amends,1,1,3,spacy_GPE:1,,,,,,V03-P0697:502,"An ill cause by denying is said to be worse, whereas as conffession makee pte of Amends."
,,,,,,,,low,,amerciamenta,Amerciamenta,Amerciamenta,1,1,4,spacy_GPE:1,,,,,yes,V04-P0348:46,"fines et Amerciamenta ad libitum suum taxare et imponere super qui- buslibet personis negotiantibus, Angliee, fradinge, cum aliquibus mercan- dizis vel aliis rebus quibuscunque in partibus transmarinis illis et easdem personas absque ballio"
,,,,,,,,low,,amleotorn tntetgacwiiw,Amleotorn TntetGacwiiw,Amleotorn TntetGacwiiw,1,1,1,spacy_LOC:1,,,,,,V01-P0328:1425,"200""00:00 Amleotorn TntetGacwiiw snes xn curs nceman me (oes wale Cee ee 281:15:00"
,,,,,,,,low,,amunicion,Amunicion,Amunicion,1,1,4,spacy_GPE:1,,,,,,V04-P0484:644,"and doe finde the pes persons Sheer$ to bee more in number, and provision of vietualls to bee more plentifull then wee expected, after the Massacre and so great a mortallity both of men and Catle, but theyr is great want of Amunicion, and d"
,,,,,,,,low,,ancaty,Ancaty,Ancaty,1,1,3,spacy_GPE:1,,,,,,V03-P0079:745,Governor Ancaty.
,,,,,,,,low,,angliz,Angliz,Angliz,1,1,3,spacy_GPE:1,,,,,,V03-P0008:140,"3 lim gd déus Johes Havereome anno et mensib* pred seu eori aliquo cum navi sua pred Cui plfuit a ptibus Angliz pred decessit ac versus ptes vitra-marinas vocat et cognit p nomen Virginie pred navigabat ibima, salvo appulit Et ponit vt supr"
,,,,,,,,low,,anji,Anji,Anji,1,1,3,spacy_GPE:1,,,,,,V03-P0203:386,Xrépher Nelmes wife is to have xtij? tiij* p Anji.
,,,,,,,,low,,annales,Annales,Annales,1,1,1,spacy_GPE:1,,,,,,V01-P0252:189,"wherewith to recompence their paines and merrite, affirming also, that the best now planted part@ of America, vnd' the Spanish gover- ment nor their Annales or histories of those times, in their like ages of ours nowe 12 yeares old Virginia"
,,,,,,,,low,,anthonius,Anthonius,Anthonius,1,1,4,spacy_GPE:1,,,,,,V04-P0366:814,") de et in libertates privilegias et ffranehe- sias predieta amodo nullatenus se intromittant nec corum aliquis intro- mittat sed ab omni usu et clameo eorundem et eorum cuiuslibet exelu- dantur ct corum quilibet exeludatur, quodque preciet"
,,,,,,,,low,,antipathy,Antipathy,Antipathy,1,1,4,spacy_GPE:1,,,,,,V04-P0239:934,"alleadging the consent of Southampton & Martyns Hundred@ and other Aduenturers at home present at the Court not knowing that Martyns Hundred and Wariscoyacque are inforeed (w'hout itt) to draw in old Planters, or els were in no sort to mayn"
,,,,,,,,low,,anuncyaton,Anuncyaton,Anuncyaton,1,1,3,spacy_GPE:1,,,,,,V03-P0218:1957,and Anuncyaton and Midsomer quarters | S .
,,,,,,,,low,,anville,Anville,Anville,1,1,3,spacy_GPE:1,,,,,,V03-P0102:327,Sixty nine pencls & prehments Tooles for a Brick yard A greate peice of Bellows and Anville for a Smith
,,,,,,,,low,,apochankeno,Apochankeno,Apochankeno,1,1,4,spacy_GPE:1,,,,,,V04-P0007:1790,"George yardley vppon ¥° Wyanokes aud in a seconde expeditione vppon the nancemunds, Warescovke & Pawininkie y? Chiefe seate of Sansapen & apochankeno, Capt John West vppom the Tanx Pow- hatans, and Capt? William Powell vppon the Chocohominy"
,,,,,,,,low,,apomatucka,Apomatucka,Apomatucka,1,1,4,spacy_GPE:1,,,,,,V04-P0600:1404,"Apomatucka, 251."
,,,,,,,,low,,apparell,Apparell,Apparell,1,1,3,spacy_GPE:1,,,,,yes,V03-P0598:1711,"Wee haue receaved all such Provisiones as were in those Shipps sent to the dutch and frenchmen, save onely the Cloath sent to make them Apparell, w* wee feare was lost in the Tiger (taken by the Turks) since wee cann by noe meanes heere the"
,,,,,,,,low,,apparrell,Apparrell,Apparrell,1,1,1,spacy_GPE:1,,,,,yes,V01-P0430:1132,And whereas the said vndertakers did likewise make offer to trans- port out of Ireland 20 or 30 able youthes of 16: or 17 yeares of age to Virginia to be Apprentices for 6 or 7 yeares in the Companies ser- uice w™ 40° a peece in Apparrell w
,,,,,,,,low,,apprentiship,Apprentiship,Apprentiship,1,1,1,spacy_GPE:1,,,,,,V01-P0232:846,"was become very skillfull in breedinge of the wormes and in wyndinge of their Silke, and was allso a good Gardner and that his said m’ was verie willinge that hee should goe to Virginnia to be imployed in the service of the Comp*: for three"
,,,,,,,,low,,aprib,Aprib,Aprib,1,1,4,spacy_GPE:1,,,,,,V04-P0531:76,"Discourse or THE OLD Company Aprib (?)}, 1625"
,,,,,,,,low,,aprilis,Aprilis,Aprilis,1,1,3,spacy_GPE:1,,,,,,V03-P0007:991,"1 Inprimis vizt Gd Anno Dni 1606 mensibusij, in eod anno Concurrefi ac etiam mensib* Martii, Aprilis, Maii, Junii, Julii, Augusti, Septembris, Octobris, Novembris, Decembris, Januarii et fiebruarii anno Dni 1607 Johes Havercome fuit et erat"
,,,,,,,,low,,aquelg,Aquelg,Aquelg,1,1,3,spacy_LOC:1,,,,,,V03-P0571:988,"And so we may truly say according to the French Prouerb, Aquelg;"
,,,,,,,,low,,argoll,Argoll€,Argoll€,1,1,1,spacy_GPE:1,,,,yes,,V01-P0080:2357,Butt the third of the opression of the people haveinge no affinitie w the two other part€ may be answered by themselvs when Certificate shalbe returned from thence of the same hee haveinge answered to the 4 firste Articles of Matter of Stat
,,,,,,,,low,,armenia,Armenia,Armenia,1,1,3,spacy_GPE:1,,,,,,V03-P0729:245,"Armenia, 423,"
,,,,,,,,low,,armory,Armory,Armory,1,1,2,spacy_GPE:1,,,,,,V02-P0097:1420,The Residue of the Armes were thought fitt and ordered by the Court to be kept in a Cofion Store or Armory in Virginia for the Generall seruice of the whole Colony vpon all occasions.
,,,,,,,,low,,arryvall,Arryvall,Arryvall,1,1,2,spacy_GPE:1,,,,,yes,V02-P0454:853,A moéon was made (as had been formerly) y‘ for somuch as itt was Complayned from Virginia that divers Passengers came ouer w™ slender and scantt pvisions to maynteyne them after their Arryvall wherby they either vnderwent many inconvenyenci
,,,,,,,,low,,artifice,Artifice,Artifice,1,1,4,spacy_GPE:1,,,,,,V04-P0133:1492,other Artifice by w'h the truth is obscured wth wh they begynne their
,,,,,,,,low,,artificial,Artificial,Artificial,1,1,3,spacy_GPE:1,,,,,yes,V03-P0738:2019,"Artificial, 365-367."
,,,,,,,,low,,artist,Artist,Artist,1,1,1,spacy_GPE:1,,,,,,V01-P0400:1034,M’* Deputy signified that the Rolls of Subscription for the mayd¢ ffurrs and Shippwright€ were yet §open &§ left free for any man to vnderwrite & that the later were nowe goinge to performe that worke w carried with it both hono’ and proffi
,,,,,,,,low,,arundell,Arundell,Arundell,1,1,1,spacy_GPE:1,,,,yes,,V01-P0147:1373,"theHKerle of Arundell the Karle of Deuonsheire, and the Lord Dauers."
,,,,,,,,low,,ascends,Ascends,Ascends,1,1,4,spacy_GPE:1,,,,,,V04-P0626:287,"King (Charles 1), 543, 562, Ascends throne, 468, Tobacco affairs, See under King (James I)."
,,,,,,,,low,,assignees,Assignees,Assignees,1,1,2,spacy_GPE:1,,,,,,V02-P0474:1333,"that there is due to the owners of the Abigall the Suiie of 420"" vpon the grounds and reasons there expressed, besid€ that w™ shalbe further due vnto them in case it shalbe sufficiently proued to the Companie that the said Shipp was deteyne"
,,,,,,,,low,,assignem,Assignem,Assignem,1,1,2,spacy_GPE:1,,,,,,V02-P0088:1441,Thomas Read passed ouer (vnder his hand and Seale) 0 land in Virginia scituate in Coxendale ouer against the ricus Some part thereof beinge called by the na» vnto [53] Edward Hurd of London Cittize acres was graunted vnto him by 8* Geo: vy 
,,,,,,,,low,,assistance,Assistance,Assistance,1,1,1,spacy_FAC:1,,,,,yes,V01-P0344:1760,That it should be speacially recomended to the Gouernor to take care that the Planters there be stirred vp to put their helpinge handé toward€ the speedy buildinge of the said Schoole in respect [277] their Children are like to receaue the 
,,,,,,,,low,,assistant,Assistant¢€,Assistant¢€,1,1,2,spacy_GPE:1,,,,,,V02-P0492:822,"president remeadied but by reduceinge the Gouerm‘ into the hand€ of a fewer number of Lo: Visc: Grandi- Gouernors neare to those that were in the first Patents of the' said Plantaton, but son especially to be prouided that the interest of a"
,,,,,,,,low,,associat,Associat@,Associat@,1,1,1,spacy_GPE:1,,,,,,V01-P0379:441,He further also signified that one m* Henry Southey a Sofiersett - sheire gentleman did desire a Patent for a pticuler Planta@on in Vir- ginia to him and his Associat@ vndertaking to transport one hundred psons thither (hauinge sent some al
,,,,,,,,low,,assocyates,Assocyates,Assocyates,1,1,3,spacy_GPE:1,,,,,yes,V03-P0603:1335,and his Assocyates the most Comodious seate that may bee
,,,,,,,,low,,att,Att,Att,1,1,3,spacy_GPE:1,,,,,yes,V03-P0026:790,"Comission and cause yt to be publiquely read to them to the end his Ma""* pleasure may be knowne as alsoe a8 our Choise in establishinge yo"" Lo’® gou%no' of Virginea, and of the plantaton there And that the President Counsell and Colony ther"
,,,,,,,,low,,atturnies,Atturnies,Atturnies,1,1,2,spacy_GPE:1,,,,,,V02-P0101:1208,"M’ John ffarrar and his Partners complayninge by petiton against Captaine ||William|| Tucker and one Henry Gats for not havinge returned them any Account of those good¢ they committed to their charge w™ cost them well neare 900"" navinge imp"
,,,,,,,,low,,auditurs,Auditurs,Auditurs,1,1,3,spacy_GPE:1,,,,,,V03-P0359:1762,"The Counsel, Auditurs, and Comitties extraordinary, he shall then also attend, when and so often as he shall be thereunto required."
,,,,,,,,low,,austin,Austin,Austin,1,1,3,spacy_GPE:1,,,,,,V03-P0729:1156,"Austin, Ambrose, 62, 80."
,,,,,,,,low,,autony,Autony,Autony,1,1,4,spacy_GPE:1,,,,,,V04-P0600:1312,"Autony, Charles, 364."
,,,,,,,,low,,avelibishops,Avelibishops,Avelibishops,1,1,4,spacy_GPE:1,,,,,,V04-P0626:1214,"Order to Avelibishops of Canterbury ana York, 1-2 Petition to, suppressed, 177, 181."
,,,,,,,,low,,azores,Azores,Azores,1,1,3,spacy_GPE:1,,,,,,V03-P0729:1310,"Azores, Islands, 9, 10."
,,,,,,,,low,,baily,Baily,Baily,1,1,4,spacy_GPE:1,,,,yes,,V04-P0601:2309,See also Bailey or Baily.
,,,,,,,,low,,ballad,Ballad,Ballad,1,1,4,spacy_GPE:1,,,,,,V04-P0601:363,"Ballad, 186, Balloting box, 174."
,,,,,,,,low,,ballatinge boxe,Ballatinge Boxe,Ballatinge Boxe,1,1,4,spacy_LOC:1,,,,,,V04-P0176:62,"Smyth should bringe in a Ballatinge Boxe thereby to hid[e] keep p’serue yndiscoucred those partyes he had plpared to giue vote vnto him, wih beinge §was§ purposely done to surplant 8"" Tho: Sinythe in his gouerment, And by theise indirect me"
,,,,,,,,low,,ballion,Ballion,Ballion,1,1,4,spacy_GPE:1,,,,,,V04-P0603:1228,"Ballion, 51."
,,,,,,,,low,,bamfeild,Bamfeild,Bamfeild,1,1,1,spacy_GPE:1,,,,,,V01-P0378:303,m’ Bamfeild.
,,,,,,,,low,,bancks,Bancks,Bancks,1,1,3,spacy_GPE:1,,,,yes,,V03-P0729:1940,"Bancks, John, 80, 318."
,,,,,,,,low,,banum,Banum,Banum,1,1,4,spacy_GPE:1,,,,,,V04-P0601:531,"Banum, George, 60."
,,,,,,,,low,,bargrove,Bargrove,Bargrove,1,1,4,spacy_GPE:1,,,,,,V04-P0601:856,"Bargrave, George, Captain (Bargar, Bargrove), 95."
,,,,,,,,low,,barington,Barington,Barington,1,1,3,spacy_GPE:1,,,,,,V03-P0730:883,Barington.
,,,,,,,,low,,barkhams,Barkhams,Barkhams,1,1,2,spacy_GPE:1,,,,,,V02-P0092:458,"desire it, but not to make an absolute Graunt of the said lands for that the Seale in that case was but a certificate or testimony of so much land sett out for the consideraéons aforesaid to be further rati- fied and confirmed by the Compan"
,,,,,,,,low,,barklay,Barklay,Barklay,1,1,3,spacy_FAC:1,,,,,,V03-P0438:536,"of the Counsell and Company for this first Southerne Colony of Virginia, that there arriued at Barklay in the same country, for the account of that Society, and the Plantation of the said hundred, vpon the 29% of"
,,,,,,,,low,,barlie,Barlie,Barlie,1,1,3,spacy_GPE:1,,,,,,V03-P0598:674,"may bee in the more likelyhood to prosper when it Cometh hither, wee desire that A Care may bee taken, that the wheate and Barlie may be brought in the Chaffe, And that such corne or seedes as you shall sende, may bee noe older, then of the"
,,,,,,,,low,,barly,Barly,Barly,1,1,1,spacy_FAC:1,,,,,yes,V01-P0294:1690,"m'™ Deputy moued y‘ in respect some doubt was made that the Seed miscarryed w was sent in Doctor Bohuné Shipp a Pinnace might be provided against September next to carry some more Seed, w™ Seed was allredie spoken for, and promised to be he"
,,,,,,,,low,,barnabe,Barnabe,Barnabe,1,1,3,spacy_GPE:1,,,,,,V03-P0748:774,"Googe, Barnabe."
,,,,,,,,low,,barrels,Barrels,Barrels,1,1,4,spacy_GPE:1,,,,,yes,V04-P0607:2895,"Barrels, 278, 280, 282."
,,,,,,,,low,,bartholmewe,Bartholmewe,Bartholmewe,1,1,1,spacy_GPE:1,,,,,,V01-P0356:1769,"It beinge signified that m"" Essington beinge made acquainted with the order of the last Court held the 4"" of this present Moneth touch- inge the auditinge of the Account€ remayninge in his hand@ and the makinge of warrante to m' Richard Bul"
,,,,,,,,low,,bartholomew,Bartholomew,Bartholomew,1,1,3,spacy_GPE:1,,,,,,V03-P0764:486,"Peram, Bartholomew, 565."
,,,,,,,,low,,barton,Barton,Barton,1,1,3,spacy_GPE:1,,,,yes,,V03-P0730:2303,"Barton, —, Apothecary, 386."
,,,,,,,,low,,battery,Battery,Battery,1,1,1,spacy_LOC:1,,,,,,V01-P0113:1303,"And wheras allso in the last Court S' Thomas Gates, and S' Nath: Rich were intreated to repaire to Generall Cesill touchinge the desyre of the Plantaéon to be accomodated w"" some Enginers att their owne charges for Raysing of fforteficaton "
,,,,,,,,low,,baye w followeth,"Baye, w* followeth","Baye, w* followeth",1,1,3,spacy_GPE:1,,,,,,V03-P0721:1309,"industrious then any other Indians in ot Baye, w* followeth to appeare"
,,,,,,,,low,,bayliff,Bayliff,Bayliff,1,1,4,spacy_LOC:1,,,,,,V04-P0045:1814,"{4>] Mr Roberte said, that the alteraéon of the Bayliffe oftice came from themselues, for that they did not performe their busines as they ought to haue done: & §that sayd that§ when the Conip* did send them notice of it, they writt back * "
,,,,,,,,low,,baylyes,Baylyes,Baylyes,1,1,3,spacy_GPE:1,,,,,,V03-P0125:229,"agayne, I want some experienced men for officers and Baylyes to direct the workes in my absence, for lack whereof there are many things canot goe well foreward when I am away—and to say truth it would desire my plsence there alltogether and"
,,,,,,,,low,,beadles,Beadles,Beadles,1,1,2,spacy_GPE:1,,,,,,V02-P0435:233,"The Lord Cauendish moued, that whereas m' Newton hath taken much paynes in warning the Court€ euer since m* Carter Left the place, he might therefore be proposed at this next Quarter Court for y° Beadles place for this yeare ensuing;"
,,,,,,,,low,,beale,Beale,Beale,1,1,4,spacy_GPE:1,,,,yes,,V04-P0601:2499,"Beale, Edward, 366."
,,,,,,,,low,,beast,Beast,Beast,1,1,4,spacy_GPE:1,,,,,yes,V04-P0291:835,"Forasmuch as the healthfull and prosperous estate of this Colony, depend vpon nothing more, then the plentifull encreasing and plserving of all sorte of Beast and bird of domesticall or tame nature, whereof there haue of late beene farr gre"
,,,,,,,,low,,beaumont,Beaumont,Beaumont,1,1,3,spacy_GPE:1,,,,,,V03-P0730:1216,"Barkham, Sir Edward, Lord Mayor of London, Beaumont, John, 81, 320."
,,,,,,,,low,,beek,Beek,Beek,1,1,1,spacy_GPE:1,,,,,yes,V01-P0075:1474,7 ore Tegra rete sedate arto as a Beek! tree att Brot ae ar %).
,,,,,,,,low,,beesnse,Beesnse,Beesnse,1,1,4,spacy_GPE:1,,,,,,V04-P0054:2114,"1, Beesnse it is a place of great importance and therefore very hehoouefull to giue that Colonie content and to provide for their supplies."
,,,,,,,,low,,beheathland,Beheathland,Beheathland,1,1,3,spacy_GPE:1,,,,,,V03-P0730:1595,"Warrant to Deputy John Ferrar by him and Beheathland, Robert, Captain, Petitioner, 231."
,,,,,,,,low,,benedict rowles,Benedict Rowles,Benedict Rowles,1,1,3,spacy_FAC:1,,,,,,V03-P0405:1258,Benedict Rowles.
,,,,,,,,low,,bengala,Bengala,Bengala,1,1,3,spacy_GPE:1,,,,,,V03-P0559:789,"and met with a great deale of Silk-grasse there growing, which monethly may be cut, of which kindes, and Mt Heri! in hin Cotton-wooll, all the Cambaya and Bengala stuffes are made in the Kast- ae a Indies: and of which kindes of Silke-grass"
,,,,,,,,low,,bennettes wellcome,Bennettes Wellcome,Bennettes Wellcome,1,1,4,spacy_LOC:1,,,,,,V04-P0224:1875,{Endorsed:] 1623 From Brother Robert dated in Bennettes Wellcome the 9th June.
,,,,,,,,low,,berbloek,Berbloek,Berbloek,1,1,1,spacy_GPE:1,,,,,,V01-P0294:363,m’ Berbloek.
,,,,,,,,low,,berckley,Berckley,Berckley,1,1,4,spacy_GPE:1,,,,,,V04-P0248:355,I John Smyth will supply my servants now Huing in Virginia in Berckley hundreth and such others as this next August I sende ouer to encrease them to the summe (at least) of * * *
,,,,,,,,low,,berk lel ley,Berk|lel[ley,Berk|lel[ley,1,1,3,spacy_GPE:1,,,,,,V03-P0206:2038,"And first they the said 8* Wiltm Throkm9ton, Richard Barkley, George Thorpe and John Smyth doe mutually agree, That the place in Virginia where theire said governor and people shall first sit downe, plant and build vpon, shall bee called Be"
,,,,,,,,low,,berxetey,Berxetey,Berxetey,1,1,3,spacy_GPE:1,,,,,,V03-P0401:445,"Berxetey, THorpe, Tracy, anp SmyrH."
,,,,,,,,low,,betton,Betton,Betton,1,1,3,spacy_GPE:1,,,,,,V03-P0731:2165,"Betton, John, 81."
,,,,,,,,low,,bibles,Bibles,Bibles,1,1,4,spacy_GPE:1,,,,,,V04-P0602:1302,"Bibles, 271."
,,,,,,,,low,,biddlesdon,Biddlesdon,Biddlesdon,1,1,4,spacy_GPE:1,,,,yes,,V04-P0602:1332,"Biddlesdon, Sir Stephen, 363."
,,,,,,,,low,,bigumy,Bigumy,Bigumy,1,1,4,spacy_GPE:1,,,,,,V04-P0602:1382,"Bigumy, 487."
,,,,,,,,low,,bille,Bille,Bille,1,1,2,spacy_GPE:1,,,,,,V02-P0244:305,"M’ Wither said that he was of opinion that there must be added a Third Casheir in reguard that there would be an infinity of Bille and specialities, receipt€ and acquittances to be made w™ would almost take vp one mans whole time."
,,,,,,,,low,,binghain,Binghain,Binghain,1,1,4,spacy_GPE:1,,,,,,V04-P0602:1447,"Binghain, John, Captain, 364."
,,,,,,,,low,,birkett,Birkett,Birkett,1,1,2,spacy_GPE:1,,,,,,V02-P0191:841,m’ Birkett.
,,,,,,,,low,,bisaker,Bisaker,Bisaker,1,1,3,spacy_LOC:1,,,,yes,,V03-P0411:549,vz’ To Smyth iij” and for his garden seeds x* And to Bisaker .
,,,,,,,,low,,bishopps,Bishopps,Bishopps,1,1,1,spacy_FAC:1,,,,,,V01-P0345:1191,was paid whereof he said he was promised a pticuler so as he shalbe able to let them knowe verie shortly where and in whose hand¢ the said Money resteth and well doe his best endeauo’ to solicite that it may be paid in: And therefore did en
,,,,,,,,low,,blackmore,Blackmore,Blackmore,1,1,3,spacy_GPE:1,,,,yes,,V03-P0731:2687,"Blackmore, Richard, 81, 319."
,,,,,,,,low,,blasco,Blasco,Blasco,1,1,3,spacy_GPE:1,,,,,,V03-P0573:448,"Pizzarro was killed by Almagros sonne, and him Vasco beheaded, which Vasco was taken by Blasco, and this Blasco was likewise taken by Pizzarroes brother."
,,,,,,,,low,,boates,Boates,Boates,1,1,3,spacy_GPE:1,,,,,yes,V03-P0452:2129,And allso tymber wood and fuell sufficient for the repayring of shippes and building of Boates to be used and imploied in and about such fishing and fishing voyages and for the erectinge making and repayring of staves And for the supply and
,,,,,,,,low,,boateé,Boateé,Boateé,1,1,4,spacy_GPE:1,,,,,yes,V04-P0035:1435,"30 small shott,and 10 men to secure ihe Boateé, but I feare now the Deuill is"
,,,,,,,,low,,bohemia,Bohemia,Bohemia,1,1,1,spacy_GPE:1,,,,,,V01-P0148:876,"In the begininge of this Afternoone Courte, m' Thier acquainted them of one S' Frauncis Nethersole who is shortly to goe into Bohemia, and because hee was not of the Comp*: hee desyred libertie for him to sett amongst them this day to vnder"
,,,,,,,,low,,bomonte,Bomonte,Bomonte,1,1,4,spacy_GPE:1,,,,,,V04-P0602:2177,"Bomonte, Monsieur, 467."
,,,,,,,,low,,bonde,Bonde,Bonde,1,1,4,spacy_GPE:1,,,,,,V04-P0602:2334,"Bonde, Thomas, 157."
,,,,,,,,low,,bonnell,Bonnell,Bonnell,1,1,2,spacy_GPE:1,,,,,,V02-P0557:503,m’ Bonnell.
,,,,,,,,low,,borkley,Borkley,Borkley,1,1,4,spacy_GPE:1,,,,,,V04-P0602:838,"Borkley, —, 79, 210."
,,,,,,,,low,,borough,Borough,Borough,1,1,4,spacy_GPE:1,,,,,,V04-P0602:2511,"Borough, 162."
,,,,,,,,low,,boscough,Boscough,Boscough,1,1,3,spacy_GPE:1,,,,,,V03-P0732:1537,"Boscough, Richard, 565."
,,,,,,,,low,,boxe,Boxe,Boxe,1,1,3,spacy_GPE:1,,,,,yes,V03-P0559:1912,"Furthermore, they write that in a Voyage made by Lieutenant Marmaduke Parkinson, and other English Gentlemen, vp the Riuer of Patomack they saw a China Boxe at one of the Kings houses where they were: Being demanded where he had it, made an"
,,,,,,,,low,,boynam,Boynam,Boynam,1,1,4,spacy_GPE:1,,,,,,V04-P0603:137,"Boynam, Ri:, 248."
,,,,,,,,low,,bradford,Bradford,Bradford,1,1,2,spacy_GPE:1,,,,,,V02-P0575:528,"Bradford, James."
,,,,,,,,low,,braford,Braford,Braford,1,1,3,spacy_GPE:1,,,,,,V03-P0733:257,"Braford, John, 568."
,,,,,,,,low,,brasington,Brasington,Brasington,1,1,3,spacy_GPE:1,,,,,,V03-P0733:326,"Brasington, Thomas, 565,"
,,,,,,,,low,,brasse,Brasse,Brasse,1,1,3,spacy_GPE:1,,,,,yes,V03-P0562:131,"because it was solemnly ratified and sworne, and at the request of the Natiue King stamped in Brasse, and fixed to one of his Oakes of note, but as being aduantagious to both parts;"
,,,,,,,,low,,brazil,Brazil,Brazil,1,1,4,spacy_GPE:1,,,,,,V04-P0603:222,"Brazil, tobaeco, 26, 28, 49, 124, Bread."
,,,,,,,,low,,brazill guyana,Brazill Guyana,Brazill Guyana,1,1,4,spacy_GPE:1,,,,,,V04-P0126:1473,3 That to this greate and extraordinarie favour his mat? requires that all the Tobaceo weh shalbee exported from the said Plantaé@ons shalbee brought into England a thing weh they themsclyves have seemed heretofure to desire and will nowe b
,,,,,,,,low,,breakfast,Breakfast,Breakfast,1,1,3,spacy_GPE:1,,,,,,V03-P0563:327,"day) the 22 of March, as also in the euening, as in other dayes before, they came vnarmed into our houses, without Bowes or arrowes, or other weap- ons, with Deere, Turkies, Fish, [14] Furres, and other prouisions, to sell, and trucke with "
,,,,,,,,low,,bristou aucusr,Bristou Aucusr,Bristou Aucusr,1,1,3,spacy_FAC:1,,,,,,V03-P0197:61,"Wiuiiams, or Bristou Aucusr 18, 1619"
,,,,,,,,low,OW-005,bristow,Bristow,Bristow,1,1,3,spacy_GPE:1,,,,,,V03-P0251:901,"At this tyme also came Captaine Woodiff in a smale shipp of Bristow, who brought his people very well, and made his passag® in tenn week&."
,,,,,,,,low,,brittaine fraunce,Brittaine Fraunce,Brittaine Fraunce,1,1,2,spacy_GPE:1,,,,,,V02-P0466:452,"yo"" intend to hold a Court for the said Company: Our will and pleasure is that you do forbeare the electon of any Officers vntill to morrowe fortnight at the soonest, but to let those that be already remayne as they are, in the meane time G"
,,,,,,,,low,,broadway,Broadway,Broadway,1,1,3,spacy_FAC:1,,,,yes,,V03-P0733:1260,"Broadway, Alesander, 397, 406, 427."
,,,,,,,,low,,bromefeld,Bromefeld,Bromefeld,1,1,2,spacy_GPE:1,,,,,,V02-P0274:462,m’ Bromefeld.
,,,,,,,,low,,buckham,Buckham,Buckham,1,1,2,spacy_GPE:1,,,,,,V02-P0133:259,A Patent to m’ Iames Steward of Buckham in Scotland esq.
,,,,,,,,low,,buckingham esqr,Buckingham Esqr,Buckingham Esqr,1,1,3,spacy_FAC:1,,,,,,V03-P0197:747,tuns or therabouts wherof vnder god Henry Penry is appoynted to goe master this plsent voyage of the one pte And John Woodleefe of the Towne of Buckingham Esqr Mar- chant lader in the said ship this p'sent voyage of the other pte.
,,,,,,,,low,,buckridge,Buckridge,Buckridge,1,1,2,spacy_GPE:1,,,,,,V02-P0556:1522,m’ Buckridge.
,,,,,,,,low,,budge,Budge,Budge,1,1,2,spacy_LOC:1,,,,yes,,V02-P0477:855,mn’ Budge.
,,,,,,,,low,,bullwark,Bullwark,Bullwark,1,1,3,spacy_GPE:1,,,,,,V03-P0701:1757,"every Shipp being a Bullwark: and because by the same meanes, they that meane yo"" harme can only offend yo"", we thought it necessarie aboue all thinge, to secure the River from suddaine Invasion by Shipping: To w®™ purpose haveing fruitlesl"
,,,,,,,,low,,burges,Burges,Burges,1,1,3,spacy_GPE:1,,,,,,V03-P0734:237,"Burges, Barbara, 569,"
,,,,,,,,low,,burnham,Burnham,Burnham,1,1,3,spacy_GPE:1,,,,,,V03-P0734:644,"Burnham, Samuel, 80, 319, Burnham, William, 66."
,,,,,,,,low,,burough,Burough,Burough,1,1,3,spacy_GPE:1,,,,,,V03-P0110:1005,said Treasurer and Company yet without any grant in Writing made in our said General Quarter Courts as is requisite We will and ordain that the said Adventurers or Planters shall within two year after the arrival of them or their Company in
,,,,,,,,low,,burras,Burras,Burras,1,1,4,spacy_FAC:1,,,,,,V04-P0372:204,"tain Burras, Captain Thomas Conway, Captain Rookewood, Captain William Lovelace, Captain John Ashley, Captain Thonias Wynne, Captain Thonias Mewtis,"
,,,,,,,,low,,burrough,Burrough,Burrough,1,1,3,spacy_LOC:1,,,,,,V03-P0104:1955,as Tennants on the said Companies Lands And we will and ordain that all the said Tennants on the Governors and Companies Lands shall occupy the same to the half part of the profits of the said Lands so as the one half to be and belong to th
,,,,,,,,low,,busteridge,Busteridge,Busteridge,1,1,3,spacy_GPE:1,,,,,,V03-P0734:875,"Busteridge, John, 80, 319, Butler, Edward, 65."
,,,,,,,,low,,came,Came,Came,1,1,3,spacy_GPE:1,,,,yes,yes,V03-P0520:725,"for the pep, it is not of yo"" Bantam sorte, but by them esteemed farr better then any that ever Came into England."
,,,,,,,,low,,camety,Camety,Camety,1,1,1,spacy_GPE:1,,,,,,V01-P0267:979,"Ngan rm a quabihy of Camety ot yolthe, fo bi bong ke Lye jeod oftbre mony __—, sn fhaieg : Via, mena of so hens a gece"
,,,,,,,,low,,camp,Camp,Camp,1,1,3,spacy_GPE:1,,,,,,V03-P0734:1574,"Accounts, 404, 436, Camp, Lawrence, 82, 321, Campion, Richard, 568."
,,,,,,,,low,,canary islands,Canary Islands,Canary Islands,1,1,3,spacy_GPE:1,,,,,,V03-P0734:1635,"Canary Islands, 563."
,,,,,,,,low,,candlestick,Candlestick,Candlestick,1,1,3,spacy_FAC:1,,,,,,V03-P0183:1450,--------- forsts Candlestick us 4) sn ee 2 ape es ffor .
,,,,,,,,low,,cannada,Cannada,Cannada,1,1,4,spacy_GPE:1,,,,,,V04-P0489:86,"In this countrye I remaine perforce, till my ships retourne from Cannada, after which time, if god keep mee alive hauing been wintered and somered heere, you shall knowe my opinion of the place to the full;"
,,,,,,,,low,,cannyng,Cannyng,Cannyng,1,1,4,spacy_GPE:1,,,,yes,,V04-P0604:282,"Caninge, Paul (Cannyng), 366."
,,,,,,,,low,,canow,Canow,Canow,1,1,4,spacy_GPE:1,,,,,,V04-P0232:1364,"[$from Buckrowe§] The Gouerno® & Treasurer haue seene §ny new silke house & also§ my small store of Prouision wth was only a bushell of Meale to keepe me and my familie from this tyne till Haruest but could haue no releife, only the Thréar "
,,,,,,,,low,,canterburye,Canterburye,Canterburye,1,1,4,spacy_GPE:1,,,,,,V04-P0196:1990,"to goc thither for wh my Lordé grace of Canterburye sayed to Bargraue that he should neu? like well of 5"" E, $."
,,,,,,,,low,,cantinew,Cantinew,Cantinew,1,1,4,spacy_GPE:1,,,,,,V04-P0071:868,"T humblie crave yo"" pardon if I have not written §vnto you§ so often as you expected, and my dutie hound me: presumeinge that the Governuur had acquainted you with whatsoeu? was worthie your knowledge: We found at our Comeing over the Count"
,,,,,,,,low,,capital,Capital,Capital,1,1,3,spacy_GPE:1,,,,,yes,V03-P0461:1261,"Hauing therfore gathered up the greatest part of that w is due, he nowe returnes in this ship the Bona noua leauing behinde him some small remainder onely of his Capital, the receiuing of that little debt wt remaineth to the chardge of M' K"
,,,,,,,,low,,capitolle,Capitolle,Capitolle,1,1,1,spacy_FAC:1,,,,,,V01-P0095:2523,itt was propounded to the Adventurors to take out their Capitolle at 4 Preston for
,,,,,,,,low,,capp,Capp,Capp,1,1,4,spacy_LOC:1,,,,,,V04-P0057:545,"But I haue nothing at all, no not a shirt to my backe, but two Ragges [2] nor no Clothes, but one poore suite, nor but one paire of shooes, but one paire of stockins, but one Capp, but two bande, my Cloke is stollen by one of my owne fellow"
,,,,,,,,low,,caps,Caps,Caps,1,1,4,spacy_GPE:1,,,,,,V04-P0608:1175,"Caps, Monmouth, 278, 279."
,,,,,,,,low,,captivytie,Captivytie,Captivytie,1,1,1,spacy_GPE:1,,,,,,V01-P0064:1850,"Concerning the Magazine w* is held to stand in Desperate Tearmes, the goods remayninge in Captivytie;"
,,,,,,,,low,,caribo islands,Caribo Islands,Caribo Islands,1,1,3,spacy_LOC:1,,,,,,V03-P0735:174,"Caribo Islands, 262."
,,,,,,,,low,,carlile,Carlile,Carlile,1,1,4,spacy_GPE:1,,,,,,V04-P0503:539,Mildmay knight Maister of our Jewelhouse Sir Thomas Coventrye knighte our Attorney Gen%all Sir Roberte Heath §knight§ our Sollicitor Gen®all Sir Ferdinando Gorges knighte Sir Roberte Killigrewe knight Sir Charles Mountagu knight Sir Phillip
,,,,,,,,low,,carrhridge,Carrhridge,Carrhridge,1,1,4,spacy_GPE:1,,,,,,V04-P0490:772,"Ferrar Papers Document in Miwdalene College, Carrhridge."
,,,,,,,,low,,carrye,Carrye,Carrye,1,1,3,spacy_GPE:1,,,,,yes,V03-P0028:604,"10 That yo"" Lo® doe not pmitt any Shippe or vessell to trade or trafique w'hin yo"" precincte to Carrye from thence any Commodities or Marchandizes whout Warrant brought yo"" or sent to yo"" Lo? from the Councell for the Companie of Adventurer"
,,,,,,,,low,,carver,Carver,Carver,1,1,1,spacy_GPE:1,,,,,,V01-P0419:1953,” ? Written over the name Carver.
,,,,,,,,low,,case,Case,Case,1,1,4,spacy_GPE:1,,,,,yes,V04-P0208:604,in Case theis late troubles and distracéons had not happened And soe much the more doe they Conceive it needfull that the Court@ he nowe frequently attended in respect of that gen%all discour- agem* given by that Vnmaskinge of Virginia plse
,,,,,,,,low,,caskes,Caskes,Caskes,1,1,4,spacy_LOC:1,,,,,yes,V04-P0235:925,"Our Beare stunke so I could not endure the deck for it: This was o"" fortune at the Sea, and the land little better, for as well our people us our Cattle haue dyed, that we are all undone, especially we that are new coricrs, and exeept ot Fr"
,,,,,,,,low,,cassado,Cassado,Cassado,1,1,2,spacy_GPE:1,,,,,,V02-P0071:157,"East Indies beinge likewise verie skillfull in orderinge curinge and plantinge of Rice Cotten-woole Sugar-Canes, Indico, Cassado, Roote, &c, of some whereof he had written a Treatise and beside was in part determined to goe himselfe to Virg"
,,,,,,,,low,,cattle sat,Cattle Sat,Cattle Sat,1,1,1,spacy_FAC:1,,,,,,V01-P0382:943,M’ Woodall hauinge heard in what good and orderly sort the said Aduenturers did intend to proceed to aduance that Plantation and beinge fully satisfied in those obiec¢ons w moued him to refuse to come in at the first did nowe make a proffer
,,,,,,,,low,,cattlle,Cattlle,Cattlle,1,1,3,spacy_LOC:1,,,,,,V03-P0630:102,"night and daye for the safetie of the rest of the Howses, of the Cattlle, and of the corne w shalbe planted, and many must be sent owt against the Indyans, that we may be the more quiett and safe at home, neyther can wee now plant corne in "
,,,,,,,,low,,cavills,Cavills,Cavills,1,1,4,spacy_GPE:1,,,,,,V04-P0030:1787,"And it is nowe to be obscrved that these Propounders though their pretence in their wrighting be for the equall menaginge of the Contract, And although they have often in the courts very solemnly protested and vowed, that they were not agin"
,,,,,,,,low,,cawsey,Cawsey,Cawsey,1,1,4,spacy_GPE:1,,,,,,V04-P0604:2218,"Cawsey, Nathanicl (Cawsey), 553, 585."
,,,,,,,,low,,cclanvil,CCLANVIL,CCLANVIL,1,1,4,spacy_GPE:1,,,,,,V04-P0002:35,CCLANVIL.
,,,,,,,,low,,cclxaviitl,CCLXAVIITL,CCLXAVIITL,1,1,4,spacy_GPE:1,,,,,,V04-P0004:793,CCLXAVIITL Governor ty Virainta.
,,,,,,,,low,,cclxx,CCLXX,CCLXX,1,1,3,spacy_FAC:1,,,,,,V03-P0718:1333,CCLXX.
,,,,,,,,low,,ccmpany,Ccmpany,Ccmpany,1,1,2,spacy_GPE:1,,,,,,V02-P0362:1817,"This being deliuered vpon his certen knowledge to be the substance of y® Petiéon & confirmed by y® Lo: Cauendish, it was by a generall erecton of hand€ conceaued, that this Petigéon and Complaint was against the Ccmpany it selfe;"
,,,,,,,,low,,cecilin,Cecilin,Cecilin,1,1,4,spacy_GPE:1,,,,,,V04-P0616:2568,"De Lawarr, Cecilin, Lady, 187."
,,,,,,,,low,,censures,Censures,Censures,1,1,4,spacy_GPE:1,,,,,,V04-P0467:2061,"Hunmbly desireth y* in respect of y’ gt damages hee hath already sustained & greater hee is like to sustaine by ther meanes, you would be pleased to depositt y° goods, & attach the persons of these tow ringleaders of Mutynie, & to employ th"
,,,,,,,,low,,centinelle,Centinelle,Centinelle,1,1,4,spacy_LOC:1,,,,,,V04-P0169:1812,"And further we require and Comand the Comiander of cach Plantacon, that he see due wateh and ward kept, and that he suffer none to go out to worke but w'"" theire Armes by them, and Centinelle armed to giue them warning, nor any to straggle "
,,,,,,,,low,,cerringe,Cerringe,Cerringe,1,1,4,spacy_GPE:1,,,,,,V04-P0620:952,"Cerringe, Joln, 364."
,,,,,,,,low,,chaffe,Chaffe,Chaffe,1,1,3,spacy_LOC:1,,,,,yes,V03-P0598:703,"may bee in the more likelyhood to prosper when it Cometh hither, wee desire that A Care may bee taken, that the wheate and Barlie may be brought in the Chaffe, And that such corne or seedes as you shall sende, may bee noe older, then of the"
,,,,,,,,low,,challenge,Challenge,Challenge,1,1,3,spacy_GPE:1,,,,,yes,V03-P0719:482,"Nowe I haue fortified my selfe, by my longe service, and miserable endur- ances and greate Charge, w a Pattent graunted from the Companie accord- inge to the Kinges letters Pattent¢, w I should for my service don, w™ noe newe or late Cofier"
,,,,,,,,low,,chancerye,Chancerye,Chancerye,1,1,3,spacy_GPE:1,,,,,,V03-P0535:431,This bond was put in sute by S' Thomas Sinyth S* John Wol- stenholm and Alderman Johnson to whome it was made by order from the said Aduent® Bargraue remooued the Cause into Chancerye wt? a rayling bill against those three and others.
,,,,,,,,low,,channell,Channell,Channell,1,1,4,spacy_FAC:1,,,,,,V04-P0102:1997,"nor thought we it fitt to detayne the shipp (beinge of soe great a Cliarge) for the finishinge a thinge of soe smale vmportanee, Beside the most of those that were shipped for Carpenters, fell sick of y° Seurvy (But observinge yppon vewe of"
,,,,,,,,low,,chanseri,Chanseri,Chanseri,1,1,3,spacy_GPE:1,,,,,,V03-P0298:1779,[Addressed:] To my asured frind m* John Smithe at y° blue lion in Chanseri lane this.
,,,,,,,,low,,chansery,Chansery,Chansery,1,1,3,spacy_GPE:1,,,,,,V03-P0418:728,"St Nidinge to send these letters to my cosine Tracy, I spake with m‘ Thorne, who tould me that by 8* Wiltm Throkmorton, and you’ selfe my cosin Tracy was sett at libertie—which did not a little reioyse me: I will not trouble §you§ with many"
,,,,,,,,low,,chapmen,Chapmen,Chapmen,1,1,2,spacy_GPE:1,,,,,,V02-P0280:1071,"M’* Alderman Johnson said that it was to be considered what coue- nant€ and explanaéons the Agent¢ will enter into to free the Com- panie from the Contract w™ his Ma“ touchinge the Spanish Tobacco, he said he found no fault with the Salarie"
,,,,,,,,low,,char,Char-,Char-,1,1,2,spacy_GPE:1,,,,,,V02-P0497:1382,"their Aunsweare to that w accordinge to his Ma‘ pleasure their Lo™ had both propounded vnto them Viua Voce and also declared by an Act of Coun- sell Dated the 8 of this Moneth whereof a Coppie was Deliuered them, in w™ doth manifestly appea"
,,,,,,,,low,,charg,Charg,Charg,1,1,3,spacy_GPE:1,,,,,yes,V03-P0034:961,discovery named Virginia in honor of the said late Queene and is nowe generally §called§ and knowne by the same name and did after such discou%y made Continewe from tyme to tyme to plant and inhabitt the said Countrie to there greate Charg 
,,,,,,,,low,,charge,Charge,Charge,1,1,2,spacy_GPE:1,,,,,yes,V02-P0329:71,"vizt neare vpon 100"" laide out in Charge against Captaine Bargraue against w™ the Companies had alwayes protested that they would not allowe anythinge: Besid@€ vpon the Susan Account there was due 100"" fox from Alderman Iohnson: And further"
,,,,,,,,low,,charlea,Charlea,Charlea,1,1,2,spacy_GPE:1,,,,,,V02-P0622:1764,Edited by Charlea F.
,,,,,,,,low,,charles city henrico,Charles City Henrico,Charles City Henrico,1,1,3,spacy_GPE:1,,,,,,V03-P0104:1926,as Tennants on the said Companies Lands And we will and ordain that all the said Tennants on the Governors and Companies Lands shall occupy the same to the half part of the profits of the said Lands so as the one half to be and belong to th
,,,,,,,,low,,charles hundred miles,Charles Hundred 40 miles,Charles Hundred 40 miles,1,1,3,spacy_FAC:1,,,,,,V03-P0123:2056,"they themselves §some of them§ have bin partakers in Argalls actions, the rest having formerly by his pswasion sett theire hands to vntruthes are now vnwilling to give themselves the ly but rather care not yf the whole publike where overthr"
,,,,,,,,low,,chauneerye,Chauneerye,Chauneerye,1,1,4,spacy_GPE:1,,,,,,V04-P0529:1331,"George Yeardley, and alsoe for the Cattle in questione between him and Capt Bargroue, soc farr as concernes the Pos- sessione, not the right and ppertie, which as it appecres, ys a Cuntroversie yett dependinge in England, in the Tighe Court"
,,,,,,,,low,,cheape,Cheape,Cheape,1,1,3,spacy_FAC:1,,,,,yes,V03-P0020:207,"Peee Pocoughtuwonough infecteth him with a Terrible warr, with those you may hold trade and freindeship good Cheape for their emotenes will prevent all offence wh must needes happen betweene vs and them wth we are mingled with to the north."
,,,,,,,,low,,chesceak,Chesceak,Chesceak,1,1,4,spacy_GPE:1,,,,,,V04-P0105:105,"greater numbers, that may make good, this theire now Inhabited scate, & that of Chesceak, A pale beinge runn betweene Wynns the whole forest, and makes it inaccessible to y° Salvages, An excellent place & not fitt to he left unpeopled any l"
,,,,,,,,low,,cheseack,Cheseack,Cheseack,1,1,2,spacy_GPE:1,,,,,,V02-P0506:35,"also §of§ Cheseack, And that if a Pale were sett to rui between, it would gaine the whole fforest and make it inaccessable to the Sau- adges, And they aduise that the Comanders be agreed with, for a yearely rent by the Pole: They desire lik"
,,,,,,,,low,,chesse,Chesse,Chesse,1,1,4,spacy_GPE:1,,,,,,V04-P0222:1409,"Yours Out of the John and Frances [ received with letters from Edwarde Haresse and Robert Bennet out of Spain, the 27th of Maye the shippe arrived heare in saftie God be thaneked, and out of her I received some 10 Buttes of exelent good wyn"
,,,,,,,,low,,chest,Chest¢,Chest¢,1,1,2,spacy_LOC:1,,,,,,V02-P0296:1042,ffirst that there should be a safe and stronge rome chosen in the Com- panies howse for the Keepinge of the moneyes that shalbe receaued and stronge Iron Chest€ prouided to put the money in: and that both the Chest¢ and rome should be vnder
,,,,,,,,low,,chetle,Chetle,Chetle,1,1,3,spacy_GPE:1,,,,,,V03-P0736:581,"Officer over colonists, 188-139, 205, Chetle, Richard, 63."
,,,,,,,,low,,childishe,Childishe,Childishe,1,1,3,spacy_GPE:1,,,,,,V03-P0246:1533,"But the Governo™ hoping he might redeeme his fault being §pceeding§ much of Childishe ignorance, pdoned the piinishmt [1] vpon hope of amendm*."
,,,,,,,,low,,chile,Chile,Chile,1,1,3,spacy_GPE:1,,,,,,V03-P0736:802,"Chile, 573."
,,,,,,,,low,,chirurgery,Chirurgery,Chirurgery,1,1,3,spacy_GPE:1,,,,,,V03-P0497:2010,"And for supply of the Phisitions place we haue sent youe Docto"" Pott, w™ two Chirurgeio[ns]} and a Chest of Phisicke and Chirurgery;"
,,,,,,,,low,,choosinge officers,Choosinge Officers,Choosinge Officers,1,1,1,spacy_FAC:1,,,,,,V01-P0098:1816,"To the second poynt of Choosinge Officers he acquainted y‘ accordinge to the said Eres Pattents itt was no Courte vnless five of y® Counsell were present by defect of w"" nomber of the Councell were they are often times att their Courts in t"
,,,,,,,,low,,christianytie,Christianytie,Christianytie,1,1,1,spacy_GPE:1,,,,,,V01-P0115:196,As likewise ||that in reguard|| a treaty is to he made w™ Opachan- * George Yearcir kano touchinge the bette’ keepinge of the Infidells Children w are — _ to be brought vpp in Christianytie y' therfore they would authorize S‘ » Magazine tw 
,,,,,,,,low,,christo,Christo,Christo,1,1,4,spacy_GPE:1,,,,,,V04-P0059:325,So vale in Christo.
,,,,,,,,low,,cicera,Cicera,Cicera,1,1,4,spacy_GPE:1,,,,,,V04-P0605:1241,"Cicera, 416, 420."
,,,,,,,,low,,cicero,Cicero,Cicero,1,1,4,spacy_FAC:1,,,,,,V04-P0424:49,"And Cicero in his Offices saith that thoughe by the instinct of nature, men were drawne into sotiable assemblies, yet the better to save the propriety of their goodes was the funda- mentall end that made them fynde out heades, governours, a"
,,,,,,,,low,,cisly,Cisly,Cisly,1,1,3,spacy_GPE:1,,,,,,V03-P0740:748,"Cooke, Cisly."
,,,,,,,,low,,cittye,Cittye,Cittye,1,1,4,spacy_GPE:1,,,,yes,,V04-P0503:2289,Mildmay knight Maister of our Jewelhouse Sir Thomas Coventrye knighte our Attorney Gen%all Sir Roberte Heath §knight§ our Sollicitor Gen®all Sir Ferdinando Gorges knighte Sir Roberte Killigrewe knight Sir Charles Mountagu knight Sir Phillip
,,,,,,,,low,,city,City,City,1,1,3,spacy_GPE:1,,,,yes,,V03-P0284:183,"First, we ordaine and require, that in conuenient time, after the sight and publication hereof, the foure ancient generall Burroughs, called ames City, Henrico, Charles City, and Kicowtan, (which hereafter shall be called Elizabeth City, by"
,,,,,,,,low,,civilitye,Civilitye,Civilitye,1,1,4,spacy_GPE:1,,,,,,V04-P0503:1933,Mildmay knight Maister of our Jewelhouse Sir Thomas Coventrye knighte our Attorney Gen%all Sir Roberte Heath §knight§ our Sollicitor Gen®all Sir Ferdinando Gorges knighte Sir Roberte Killigrewe knight Sir Charles Mountagu knight Sir Phillip
,,,,,,,,low,,civillitie,Civillitie,Civillitie,1,1,3,spacy_GPE:1,,,,,,V03-P0034:1611,discovery named Virginia in honor of the said late Queene and is nowe generally §called§ and knowne by the same name and did after such discou%y made Continewe from tyme to tyme to plant and inhabitt the said Countrie to there greate Charg 
,,,,,,,,low,,clamo,Clamo,Clamo,1,1,2,spacy_FAC:1,,,,,yes,V02-P0418:961,Before w™ time in the said Summer i6i8 vppon the Clamo”™ aforesaid S' Thomas Smith and Alderman Iohnson w Divers others of the Counsell addressed their Lres to y° saide Lord Lawarr lately gone for Virginia requyr- inge him to send home the 
,,,,,,,,low,,clapbord,Clapbord,Clapbord,1,1,1,spacy_GPE:1,,,,,,V01-P0223:1099,"Touchinge Gabriell Wishers former offer att the last Court to procure out of Sweadland, and Poland men skillfull in makinge Pitch, & Tarr, Pottashes, and Sopeashes, Dressers of Hemp and Flax, Clapbord and Pipestaues and for makinge Salt Pet"
,,,,,,,,low,,clayborne,Clayborne,Clayborne,1,1,3,spacy_GPE:1,,,,yes,,V03-P0736:1443,"Clayborne, William, et al."
,,,,,,,,low,,clearinge,Clearinge,Clearinge,1,1,3,spacy_GPE:1,,,,,yes,V03-P0231:1965,The Inhabitant¢ of Kequohtan the bounde of the Cofion Lande not- wthstandinge are permitted to Continew vpon the seates wher they now are till they haue out of the same seates mad them selues sufficient recom- pense for buildinge the howses
,,,,,,,,low,,clearke,Clearke,Clearke,1,1,4,spacy_GPE:1,,,,,,V04-P0200:2287,"ig, or shalbee at the same time Secretarie or Clearke to the Virginia Com-"
,,,,,,,,low,,cleerly,Cleerly,Cleerly,1,1,1,spacy_GPE:1,,,,,yes,V01-P0306:404,"att 3"": 10° apeec for w™ hee might take any Comodities in Virginia att such prizes as the Company here had sett downe hee desired y* those words might be more Cleerly explayned;"
,,,,,,,,low,,cleft,Cleft,Cleft,1,1,3,spacy_GPE:1,,,,,,V03-P0125:1278,"Stalling employed hether by Sir flardinando Gorge, Coming to Smythes Hundred some difference ffell betweene thé and drunkennes w* of late hath bin to Common stiring them farther to malice and blowes, so that Epps lett drive at Stalling and "
,,,,,,,,low,,clemencie,Clemencie,Clemencie,1,1,4,spacy_GPE:1,,,,,,V04-P0220:1330,"This out of the necessitie of the pint thie also winease Sw"" we conecaue will admitt no delay wee§ ave Kaue theucht dee not be denyed by Sit the eeneral mest humble offer to vo! pritect: wisedome in cenenall te acquainted with De (reseruing"
,,,,,,,,low,,cleophas,Cleophas,Cleophas,1,1,3,spacy_GPE:1,,,,,,V03-P0341:1103,Cleophas Smith__-_-+- Richard Strongtharm.
,,,,,,,,low,,clitfes,Clitfes,Clitfes,1,1,4,spacy_GPE:1,,,,,,V04-P0267:1381,The Cities of Henrico & Charles stood vpon high ground the Clitfes beeing sieepe.
,,,,,,,,low,,clxxvii,CLXXVII,CLXXVII,1,1,3,spacy_GPE:1,,,,,,V03-P0476:591,CLXXVII.
,,,,,,,,low,,co te,Co'te,Co'te,1,1,3,spacy_GPE:1,,,,,,V03-P0623:27,"in Co'te, not haueing y? full nomber, and y* any private aduenturo™ shall receaue piudice thereby, they stand Llyable First of Censure by y°* state for breach of theire Comission, secondly to y? Company, there being now a law made in print "
,,,,,,,,low,,codrington,Codrington,Codrington,1,1,3,spacy_GPE:1,,,,,,V03-P0736:1815,"Codrington, Simon, 58, 82, 822."
,,,,,,,,low,,coes,Coes,Coes,1,1,3,spacy_GPE:1,,,,,,V03-P0524:1065,"This yeare, as for all other things, hath prooved very unkyndlie for o* Silk worms: who have wrought themselfs into Coes, & afterward dyed."
,,,,,,,,low,,coffand,Coffand,Coffand,1,1,4,spacy_GPE:1,,,,,,V04-P0456:1119,"For the better managing of w* [sent employ- m' and vioage, I do strietly Coffand and charge, all and every person in the said vieage to yeeld all ready obedience, vnto the said Raph Hamor, and in all things to follow and exeeute the CoMiand"
,,,,,,,,low,,coffiaundem,Coffiaundem,Coffiaundem,1,1,2,spacy_GPE:1,,,,,,V02-P0537:426,"had putt into the Magazine in Virginia about 14 yeares since, at what tyme Capt Tucker was Cape m9chant for the Company as namely a gowne prised at 40"" In plate valewed at about 100 marks, and the rest in bread, sack & meale, to a good vale"
,,,,,,,,low,,coffiissioners,Coffiissioners,Coffiissioners,1,1,2,spacy_FAC:1,,,,,,V02-P0506:1503,The Companie beinge informed that the foresaid generall letter was still in the Coffiissioners hands desired m‘ Tomlins and m‘ Copland to repaire vnto them sometime to morrowe and to entreat them that the Companie may haue the originall or 
,,,,,,,,low,,coffission,Coffission,Coffission,1,1,2,spacy_FAC:1,,,,,,V02-P0048:634,"You knowe howe many wayes you haue bin exceedinge chargeable to the Com- panie not of late onely, but formerly when you contriued the fruit€ of their expence to yo"" owne benifitt without beinge called to an Account they haue also put hono®*"
,,,,,,,,low,,cofhittee,Cofhittee,Cofhittee,1,1,2,spacy_GPE:1,,,,,,V02-P0524:627,"Haue thought fitt to desire the Dep- utie of the Virginia Company to call a Court and to make knowne vnto them that they are desyrous to conferr w™ them therin, And for that purpose haue nominated a Cofhittee who shalbe redie to giue meetin"
,,,,,,,,low,,cofiodityes,Cofiodityes,Cofiodityes,1,1,3,spacy_GPE:1,,,,,yes,V03-P0146:1619,to be sent thither & §to§ regardinge the bestowinge & safe keepinge of such Cofiodityes as shalbe retourned to be layd vp where y* Company shall appoint.
,,,,,,,,low,,coftion,Coftion,Coftion,1,1,3,spacy_FAC:1,,,,,yes,V03-P0442:2626,"And bee it further enacted by the authority aforesaid [5] That noe Coffion Brewer of beere or ale shall after three monethes next after the end of this Session of Parliament, by any Collour, waies, or meanes whatsoever, direetly or indirect"
,,,,,,,,low,,cogend et compellend,Cogend et Compellend,Cogend et Compellend,1,1,3,spacy_FAC:1,,,,,,V03-P0011:2147,Johem Havercombe nup Mium p'fectum sive gubernatorem Navis vocat the Guift of God ptem ream et querelatam: ptibus ex altera vertitur et pendet indeciss rite et ttime procedefi: Partibus pret p earum Proéures Coram nobis in Juditio Ttime Com
,,,,,,,,low,,coinpany,Coinpany,Coinpany,1,1,4,spacy_LOC:1,,,,,,V04-P0368:3145,"give, sell, alienate, and dispose to any person or persons they please, and to have the direction and sole governance of all the lands, countries, and territories aforesaid and of all persons dwelling, remaining, and residing in the same or"
,,,,,,,,low,,coipany,Coipany,Coipany,1,1,4,spacy_GPE:1,,,,,,V04-P0195:801,"I did this morning receive his Ma® pleasure from my Lo: Treasorer to this purpose, That wheras before his Ma” was pleasd to Reéomend yuto the speciall care of the Virginian Company at their Court this day helld, the Election of such diseree"
,,,,,,,,low,,colanayv,COLANAYV,COLANAYV,1,1,4,spacy_GPE:1,,,,,,V04-P0020:37,COLANAYV.
,,,,,,,,low,,colany,Colany,Colany,1,1,4,spacy_GPE:1,,,,,,V04-P0612:2481,"Full nan of, Prenseror and Companie of Adventurers and Planters of the Citlle of London for the first Colany in Virginia, 207, 359, 362, 366, 367, 375, 376, 377, 389, 393, 492."
,,,,,,,,low,,coleny,Coleny,Coleny,1,1,4,spacy_GPE:1,,,,,,V04-P0291:1110,"to the great losse and dis- couragement of many Planters, and to the no smale jViudice of the Coleny it self."
,,,,,,,,low,,collection,Collection,Collection,1,1,1,spacy_FAC:1,,,,,,V01-P0325:556,from a frend of his by letter that the Collection monny w™ was gath-
,,,,,,,,low,,colledg,Colledg,Colledg,1,1,3,spacy_GPE:1,,,,,,V03-P0686:474,"The relinquishing of Charles Cittie, Henerico, the Iron Works, the Colledg lande and Martins hundred, are thinge, not only of discontent, but of evill fame, although we doubt not, vndeserved;"
,,,,,,,,low,,colleetinge,Colleetinge,Colleetinge,1,1,4,spacy_GPE:1,,,,,,V04-P0072:1799,But I pray God their Contemplaéons doe not so ou9swaye our experience that all in thend Come to no thinge: who thinke euYie thing done as soone as Conceived (how unfeasable socu9) and so highten their proceedinges that it is Impos- sible fo
,,,,,,,,low,,collegiat,Collegiat,Collegiat,1,1,3,spacy_GPE:1,,,,,,V03-P0552:1156,"They thought fit a that thie (ae a Collegiat or free Schoole) should haue depesdaner on Meare Colledge in Virginia, which should be made capable ty recciue Seholers from the Schoole, into such Sechollerahips and Pallowehips 1 Colledge shall"
,,,,,,,,low,,collegiate,Collegiate,Collegiate,1,1,1,spacy_FAC:1,,,,,,V01-P0344:498,It was also thought fitt that this as a Collegiate or free schoole should haue dependance vpon the Colledge in Virginia w® should be made capable to receaue Schollers from the Shoole into such Scollershipps and fellowshipps as the said Coll
,,,,,,,,low,,colloneyes,Colloneyes,Colloneyes,1,1,4,spacy_GPE:1,,,,,,V04-P0445:147,"shall haue 7 or 8000"" p Ani revenew to goe as Comissioners intu Virginia, to setle it, and to be the head@ of the first Colloneyes;"
,,,,,,,,low,,collonyes,Collonyes,Collonyes,1,1,4,spacy_GPE:1,,,,,,V04-P0447:1003,"The way to right all wilbe the setting forward of the Comission, the forecing the Company to make good their Complainté, the nomynating a Comittee from the board, or otherwise to examine, and approue of the forme of Gou!nment that shalbe te"
,,,,,,,,low,,coloma,Coloma,Coloma,1,1,4,spacy_GPE:1,,,,,,V04-P0551:2284,"Yo"" Lo”: cannot but remember, wt what extreame carnestnes the Count of Gondomar, and afterwards Don Carlo di Coloma, inveighed agaynst Capt? Butler whilst he was in y° Summer Islandes, about y*"
,,,,,,,,low,,colonral,Colonral,Colonral,1,1,4,spacy_GPE:1,,,,,,V04-P0038:1557,"8, i printed in the Jtets ef he Privy Caunerl, Colonral, 1, pp."
,,,,,,,,low,,comenced,Comenced,Comenced,1,1,3,spacy_GPE:1,,,,,yes,V03-P0051:1614,"In consideraGon whereof, and for that his said most gratious Mat will & pleasure is (weh he hath to that purpose expresslie signified in his said letters patent¢) that in any suit or suites Comenced or to be Comenced in any of his Matis Cou"
,,,,,,,,low,,comfort,Comfort,Comfort,1,1,3,spacy_GPE:1,,,,,yes,V03-P0425:1753,5° I speake it as a frend (w** is a heigh cofiindation) I find the Countrey to bee such as that you maie w* a great deale of thankefullnes to God of Comfort to yoiti self resolue to place yoti seconde sonne here and account him as Good a ma
,,,,,,,,low,,comiittess,Comiittess,Comiittess,1,1,2,spacy_GPE:1,,,,,,V02-P0213:1637,"Wherevpon the Ka: of Southampton asked him w™ were his wittnesses, wherevpon he named m* Edw: TIohnson and m‘ White the Lawyer, But m’* Iohnson said he would not sweare it nor saye [188] it for he did not vse to affirme Negatiues and m’ Whi"
,,,,,,,,low,,comiodities besid sassaphras,Comiodities besid€ Sassaphras,Comiodities besid€ Sassaphras,1,1,4,spacy_FAC:1,,,,,,V04-P0142:1330,"vpp other Comiodities besid€ Sassaphras, §&§ Tobaccoe [11] in twoe veares"
,,,,,,,,low,,comisseragon,Comisseragon,Comisseragon,1,1,2,spacy_GPE:1,,,,,,V02-P0551:285,Humbly entreatinge this Hono”® house to take into yo™ Comisseragon this Distressed Collony and oppressed Company and to be pleased to receive from such of his Ma“** Councell for Virginia (beinge members of yo’ Hono”” house) as haue been app
,,,,,,,,low,,comission,CoMission,CoMission,1,1,4,spacy_FAC:1,,,,yes,,V04-P0411:424,"Yo"" Mate would be pleased to coMaund that the CoMission wih yor Mat"" formerly granted ypon complaint of Alderman Jolson &et? for exam- inaéon of the misgovernement of the Sd Companies ptieularly in matter of account@, may be proceeded in, e"
,,,,,,,,low,,comissionn,Comissionn,Comissionn,1,1,1,spacy_GPE:1,,,,,,V01-P0161:1973,"That all proceedings in matter of Lustice to be vsed and exercised in Virginia are to be framed as neer as may be agreable to the Lawes, pollicie and forme of Gouerment of this Realme of England, and that the graunt of the vse of Martiall L"
,,,,,,,,low,,comitttes,Comitttes,Comitttes,1,1,3,spacy_LOC:1,,,,,,V03-P0359:1369,"And it shall not be counted a Court of [73] Comitizes, vuolesse the Treasurer or Deputie with sixe Comitttes be present."
,,,,,,,,low,,commi,Commi,Commi,1,1,4,spacy_GPE:1,,,,,,V04-P0630:1995,Commi
,,,,,,,,low,,commissioners,Commissioners,Commissioners,1,1,4,spacy_GPE:1,,,,,,V04-P0620:551,"Letter from Commissioners to Virginia, 465."
,,,,,,,,low,,commoditica,Commoditica,Commoditica,1,1,4,spacy_GPE:1,,,,,,V04-P0604:955,"See under Commoditica, clothes."
,,,,,,,,low,,commodities,Commodities,Commodities,1,1,3,spacy_GPE:1,,,,,,V03-P0753:196,"See also Commodities, iran works."
,,,,,,,,low,,commonaltie,Commonaltie,Commonaltie,1,1,3,spacy_GPE:1,,,,,,V03-P0350:345,"The Treasuror and Compante, being a Body and Commonaltie perpetuall, shall haue one faire and common Seale, to be kept by the Treasuror;"
,,,,,,,,low,,companve,Companve,Companve,1,1,4,spacy_GPE:1,,,,,,V04-P0524:2541,the suid Conipliynant wrot vpp to him and certified him of the death of (he said Stillinge and howe that his men and boatt weare at the said Complaynantté (2) Plantacion wherevppon the satd Defend' ynderstanding the misaceeident of the said
,,,,,,,,low,,companys london,Companys London,Companys London,1,1,1,spacy_GPE:1,,,,,,V01-P0284:22,"m’ Casewe Gon to stir Companys London,"
,,,,,,,,low,,companys names,Companys Names,Companys Names,1,1,4,spacy_FAC:1,,,,,,V04-P0088:1160,in both Companys Names of fitt men for Gouerno'-Dep'” of Virg-S Tande.
,,,,,,,,low,,compassion,Compassion,Compassion,1,1,2,spacy_GPE:1,,,,,,V02-P0423:1932,"To Virginia hee came in an ill season of the yeare towardes the extremity of Winter, and in a worse time otherwise after the late Massacre where beinge refused to sitt in Counsell w™ them, wherto hee could shewe no right though otherwise en"
,,,,,,,,low,,compauy,Compauy,Compauy,1,1,4,spacy_GPE:1,,,,,,V04-P0390:838,"], for the time aforesaid specified, in the information aforesaid, had and held and claim to have and hold, both within the city of London aforesaid and elsewhere within this kingdom of England and also in the parts across the sea in Virgin"
,,,,,,,,low,,compeuie,Compeuie,Compeuie,1,1,4,spacy_GPE:1,,,,,,V04-P0014:1065,"Coneerninge the revenews of the Compeuie, we suppose you haue fownd yy vour officers where the error is, we concenve ¥' yf you would be pleased to Chauuge the Conditione of Tent tite servants for the future Supplies."
,,,,,,,,low,,complaintes,Complaintes,Complaintes,1,1,2,spacy_GPE:1,,,,,yes,V02-P0422:2815,Butt to returne to the conclusion of Cap‘ Butlers Gouerment who pceivinge by the multitude of Complaintes against him that hee had incurred some Dis- pleasure w™ the Company and as itt seemed vppon iust feare that a Comission would be award
,,,,,,,,low,,complayninge,Complayninge,Complayninge,1,1,3,spacy_GPE:1,,,,,yes,V03-P0271:1889,"All w** inconueniencies I pswaded them to beare w'* patience & Cherefullnes vntill I acquainted them w*"" my restraint of plantinge Tobacco w°"" is a thinge so distastefull to them that they will wt no patience indure to heare of it bitterly "
,,,,,,,,low,,compleat,Compleat,Compleat,1,1,4,spacy_GPE:1,,,,,yes,V04-P0596:363,"27 That the Comander of every Plantatione take care that there be Suffi- event of powder and munitione wthin the Plantatione vnder his Comande, and theire peeces fixt & theire armes Compleat."
,,,,,,,,low,,compony,Compony,Compony,1,1,3,spacy_GPE:1,,,,,,V03-P0320:1787,"Whereas the Right Honourable, Henry Earle of Southampton, with the aduise and consent of the Counseil and Compony for Virginia, hath re- solued and concluded to imploy all good meanes in this present yeare, 1620."
,,,,,,,,low,,composizon,Composizon,Composizon,1,1,3,spacy_GPE:1,,,,,,V03-P0191:1325,_--________- To Richard Godfry of London Joyner vpon a Composizon with him made__-----.
,,,,,,,,low,,compound,Compound,Compound,1,1,4,spacy_GPE:1,,,,,yes,V04-P0448:231,"tolerable and fitt, but that theis delinquenté secing their leaudnes like to be diseouered, should meet the storme in the ferce, and to avoid the obloquie of their offences should be suffred to Compound vnder hand, and vnder a Colo of their"
,,,,,,,,low,,compznies,Compznies,Compznies,1,1,4,spacy_GPE:1,,,,,,V04-P0149:561,Wee sry alsoc that parte of this Charge was yvnscasonablie layd when the Compznies stocke was viterly exhausted whereby of bewad bountie may be applunided but of disere¢on will be shrewdly questioned;
,,,,,,,,low,,comune,Comune,Comune,1,1,4,spacy_GPE:1,,,,,yes,V04-P0527:1113,Another reson of the Generall Assemblies sendinge for the said Complaynants to Comune wth him might be and was concerninge an outrage done by some of the said Complaynante people to Certaine Indians in the Bay wth whom wee were in league an
,,,,,,,,low,,comztties,Comztties,Comztties,1,1,3,spacy_FAC:1,,,,,,V03-P0353:569,"The Treasuror is to haue care also, that the generall Comztties keepe their Courts with the Deputze, vpon all occasions of businesse."
,,,,,,,,low,,coméand,Coméand,Coméand,1,1,4,spacy_GPE:1,,,,,yes,V04-P0300:1243,"And I do hereby further charge and Coméand all psons residing w'tin the said Planta¢ons whether Comanders or others respeeliuely, toa be aiding and asisting, and to yeeld ready abedience to the said Cap! Isack Madison, in the execuéon of th"
,,,,,,,,low,,conceale,Conceale,Conceale,1,1,4,spacy_GPE:1,,,,,yes,V04-P0446:1711,"The Company feares that this takeing away the Patent before the abuses were examined was hatched at Alderman Johnsons house at Bowe, at the Kingé being there, that the King is now prest to it by 5"" Thomas Smithes Freindé of the Bed Chamber,"
,,,,,,,,low,,concord,Concord,Concord,1,1,3,spacy_GPE:1,,,,,,V03-P0740:419,Concord.
,,,,,,,,low,,condicon,Condicon,Condicon,1,1,4,spacy_GPE:1,,,,,yes,V04-P0240:179,"them you may phapps heare vs bitterlie censured and yo"" Authoritie may demand reason for it, wh I know they cahot giue wthout dissembling our Condicon and Nombers here: But to my power I will giue them satis- faction, pray God they be as ca"
,,,,,,,,low,,condiéon,Condiéon,Condiéon,1,1,4,spacy_GPE:1,,,,,yes,V04-P0447:2249,"Junius Brutus likewise in the desperate Case of the Citic of Rome, after the battel of Canne was forced for want of men to set at liberty all the prisoners indebted, and to discharge their debt@ on Condiéon, that they would serue the State;"
,,,,,,,,low,,coneerninge captaine baylyes proposiéons,Coneerninge Captaine Baylyes Proposiéons,Coneerninge Captaine Baylyes Proposiéons,1,1,4,spacy_FAC:1,,,,,,V04-P0303:195,St Thomas Sinith &e Coneerninge Captaine Baylyes Proposiéons for advancemt of Toraigne Plantacions
,,,,,,,,low,,confident,Confident,Confident,1,1,3,spacy_FAC:1,,,,,yes,V03-P0486:1284,"16 Item Silke grasse being a Comodytie of spetiall hope and much vse, not w* standing through negligence and want of experience, it hath lately been declared to bee full of diffycullty and hazard both in groweing and Curing, yett we doe esp"
,,,,,,,,low,,congregation,Congregation,Congregation,1,1,4,spacy_FAC:1,,,,,,V04-P0593:1085,"6 That whosoever shall disparage a Minister wthout bringinge sufficyent proofe to iustilie his reporte, where by} y° mindes of his pishioners may be alienated from him, and his Ministery proue the lesse efectuall by theire fRiudicat[Zor,] s"
,,,,,,,,low,,coniti,Coniti,Coniti,1,1,4,spacy_GPE:1,,,,,,V04-P0621:2512,See aden Coniti nditinsy
,,,,,,,,low,,conmand,Conmand,Conmand,1,1,4,spacy_GPE:1,,,,,,V04-P0409:695,"These are to require & Command Capt Wilim Pierce throughout the Plantations vad"" his Conmand to levy 300"" waight of Tobacco and three barrell¢ of Corne, as also pro- vision of Corne for six months for every 20"" man by the poll ratebly now r"
,,,,,,,,low,,connoditics,Connoditics,Connoditics,1,1,4,spacy_LOC:1,,,,,,V04-P0605:1838,See iumder Connoditics.
,,,,,,,,low,,connon consent,Connon Consent,Connon Consent,1,1,4,spacy_LOC:1,,,,,,V04-P0127:71,to advise them to Call a generall assemblie and hy Connon Consent to cause an Act to bee made to that purpose.
,,,,,,,,low,,conpany,Conpany,Conpany,1,1,4,spacy_GPE:1,,,,,,V04-P0600:251,"To collect money due Conpany, 487-488."
,,,,,,,,low,,consciencies,Consciencies,Consciencies,1,1,2,spacy_GPE:1,,,,,,V02-P0546:1962,"The vniustnes and absurditie of this Complainte of y°® Planters did much greive the Company, that where they deserved thank¢ for their Charitie they should be Complayned of for Oppressors, and the falsi- tie of itt did make them suspect tha"
,,,,,,,,low,,conserneth,Conserneth,Conserneth,1,1,3,spacy_GPE:1,,,,,,V03-P0375:1488,this Conserneth [»s aif] but so depli my selfe y* I must prese yO by [the] bands of frenship to take paynes to set vs to see & leauene vs to god yd shall Comand me to greter paynes & trobel for y6 this was a gret faite in my Cosin barkli in
,,,,,,,,low,,consideragzon,Consideragzon,Consideragzon,1,1,3,spacy_GPE:1,,,,,,V03-P0280:1373,"Nowe this Inden- ture witnesseth that the said S* Willm Throkm?ton for and in Consideragzon of the some of 75"" of Jawfull mony of England well and truly before hand payd by the said Wiltm Traey wherof the said 8' Wiltm Throkm?ton doth ackno"
,,,,,,,,low,,considerationes,Considerationes,Considerationes,1,1,4,spacy_LOC:1,,,,,,V04-P0580:687,"not to refuse supplyes, Besides the wante of a Comissione, we finde yt aboue halfe y® passengers com in w""owt any pvisione at all, who although they com in as servanté to Planters, who havinge been seated leere may be supposed to haue made "
,,,,,,,,low,,consideratiéd,Consideratiéd,Consideratiéd,1,1,3,spacy_GPE:1,,,,,yes,V03-P0473:1629,"[ have sent to you a Coppi of ye agrements weh ye Company made w' me, but as yet I have had little pformed to me, yet I am content so yt I might have y' mony weh I have allredy payd & left in ye hands of ye Company, w, wer it layd out in me"
,,,,,,,,low,,consideringe,Consideringe,Consideringe,1,1,4,spacy_GPE:1,,,,,yes,V04-P0459:2157,"Howsoeu’ ou’ intended howse of entertaynment was not builte, for wt woorkmen were entertayned, many subseribers beinge slayne in the Mas- sacre, yett there hath beene great additione, of buildingé in divers places, wherein hath and may bee "
,,,,,,,,low,,consiliarior,Consiliarior,Consiliarior,1,1,3,spacy_GPE:1,,,,,,V03-P0007:1381,"1 Inprimis vizt Gd Anno Dni 1606 mensibusij, in eod anno Concurrefi ac etiam mensib* Martii, Aprilis, Maii, Junii, Julii, Augusti, Septembris, Octobris, Novembris, Decembris, Januarii et fiebruarii anno Dni 1607 Johes Havercome fuit et erat"
,,,,,,,,low,,consistinge,Consistinge,Consistinge,1,1,3,spacy_GPE:1,,,,,yes,V03-P0012:1625,"1 Hauinge considered the greate sufficiency and zealous affecéon w you S Thomas Gates haue many waies manifested vnto vs, and hauinge therefore by our Commission vnder ot handé and seales constituted and ordayned you to be the governor of V"
,,,,,,,,low,,contempt,Contempt,Contempt,1,1,4,spacy_GPE:1,,,,,yes,V04-P0468:1749,"fior Mateny Gf any be) Robert Guyar holdeth it to be Comitted against hiniwelfe by Capt Haruey & his Confederates (hee affirming that whoe so would not runne his Course hee would Cutt his throat, in regard hee knew none of the shipp to haue"
,,,,,,,,low,,conteyned,Conteyned,Conteyned,1,1,3,spacy_GPE:1,,,,,yes,V03-P0053:739,"they haue alleadged, for the purposes in the Bill of Complaynte Con- teyned And this defendant further sayethe ‘That true it is also that hee this defendant was appointed to bee a Receivor of parte of the Lotterrie money, And that there wer"
,,,,,,,,low,,contract pryzes,Contract Pryzes,Contract Pryzes,1,1,4,spacy_LOC:1,,,,,,V04-P0581:2184,"Uppon yo! former letters we did forbeare to execute our pelumation con- cerninge ¥* rates of Comoditics, though we then certified you low excossiue they grew, and have since exceded all boundes and Ivinmit¢, but findinge, That notwstandinge"
,,,,,,,,low,,contrey,Contrey,Contrey,1,1,4,spacy_GPE:1,,,,,,V04-P0241:370,"M* George Sandys to his Brother 5‘ Miles Sandys] A hopefull begifiing we had in this Contrey, yet seconded w'h all the Calamities wherewith god yseth to scourge a disobedient people, as murther, deadlie diseases, & scarcetie almost vnto fam"
,,,,,,,,low,,contribucon,Contribucon,Contribucon,1,1,4,spacy_GPE:1,,,,,yes,V04-P0137:122,"the whole power of those savage Prinees and foreed them either to a good Corespondencie or to a yvearely Contribucon ‘and tet them shew for triall of the truith hecreof whether in the whole 12 yeeres of 8"" Thomas Sinyths gonernment there eu"
,,,,,,,,low,,controu sies,Controu9sies,Controu9sies,1,1,1,spacy_GPE:1,,,,,,V01-P0108:1669,Captaine Bargraues Comission for the determyninge some Controu9sies betweene him and Cap‘: Iohn Martin in Virginia beinge now pre- sented the Court therof allowed & agreed that the seale should be therevnto affixed.
,,,,,,,,low,,contynewe,Contynewe,Contynewe,1,1,3,spacy_GPE:1,,,,,,V03-P0520:1442,"The wind is reasonable fayre, soe that, if not to night yett betymes in the morninge, if this wynd Contynewe, I hope we shall be goeinge, & therefore I besheeshe yo"" wo’, that yo"" would be pleased to send yor lett’ by this bearer."
,,,,,,,,low,,contynuall,Contynuall,Contynuall,1,1,4,spacy_GPE:1,,,,,,V04-P0153:1176,"in the Colonie are for the most parte in great want and miserye, That they are ingaged in a warr with the Natiu€ whoe doc now insult over them, That the old and most healthfull parte of the Plantaéons are or were lately deserted, That the f"
,,,,,,,,low,,conveniencies,Conveniencies,Conveniencies,1,1,3,spacy_LOC:1,,,,,,V03-P0037:2135,And therevppon in the monethes of October November and December in the eight veare of his Mat® happie Raigne and at diuers tymes since in a booke and in Certaine Rolles to that purpose made by genYall advise and Con- sent with a title and i
,,,,,,,,low,,convenientsi,Convenientsi,Convenientsi,1,1,3,spacy_GPE:1,,,,,,V03-P0403:1242,Cofiend me to m™ smith & y* rest & tell them yf I must eate shepes mogets w them a bord at bristoll thay shall eate at land in virginia pocahikiti wt* me in ernest thay shall be welleom & wee will part goyfulli T haue in my Compani 4 maid s
,,,,,,,,low,,conwell,Conwell,Conwell,1,1,4,spacy_GPE:1,,,,,,V04-P0614:496,"Conwell, —, 246, Cooke, John, Captain, 363."
,,,,,,,,low,,conwey,Conwey,Conwey,1,1,3,spacy_GPE:1,,,,yes,,V03-P0740:706,"Conwey, Thomas, Captain, 82, 322."
,,,,,,,,low,,cooper,Cooper,Cooper,1,1,3,spacy_FAC:1,,,,yes,,V03-P0270:506,Itm 3 Layles and the Cooper.
,,,,,,,,low,,coorte,Coorte,Coorte,1,1,2,spacy_FAC:1,,,,,,V02-P0540:1339,The said Comittee were intreated by this Coorte to meete about itt on ffryday next in the afternoone at m* Deputies house.
,,,,,,,,low,,cornelius,Cornelius,Cornelius,1,1,3,spacy_GPE:1,,,,,,V03-P0753:2130,"Johnson, Cornelius, 588,"
,,,,,,,,low,,cornellis,Cornellis,Cornellis,1,1,3,spacy_GPE:1,,,,,,V03-P0740:2172,"Cornellis, John, 81, 321."
,,,,,,,,low,,corners,Corners,Corners,1,1,4,spacy_GPE:1,,,,,,V04-P0101:276,"Yf they send home our people & grow secure vppon the treatie, we shall haue the better Advantage both to surprise! them, & to cutt downe theire Corne, by knowinge where they plant, w* otherwise they will plant in such Corners, as §it§ will "
,,,,,,,,low,,cornhill,Cornhill,Cornhill,1,1,2,spacy_GPE:1,,,,,,V02-P0617:170,"Michaels in Cornhill, I, 628;"
,,,,,,,,low,,coronells,Coronells,Coronells,1,1,3,spacy_LOC:1,,,,,,V03-P0031:1273,Sir Having addressed latelye of L® to the Coronells and oth’ cheife Cofiiaunders of the Englishe in those Netherland partes for the advauncing of the woorféJhie enterprise of planting Coloneyes of o' Natyon in the fruitfull and rich Country
,,,,,,,,low,,correspondence,Correspondence,Correspondence,1,1,4,spacy_FAC:1,,,,,yes,V04-P0180:230,"§11§ 42 The seldome aduice we haue from Virginia, for that fen vsuallie from June till th’ end of March there is no exact notice giuen of the state of the Collonie so that for want of frequent Correspondence hetweene the Companie and Collon"
,,,,,,,,low,,corrupted,Corrupted,Corrupted,1,1,3,spacy_GPE:1,,,,,yes,V03-P0467:1153,"But men stricken in years, or Corrupted in their blood€ by Nature or disorder will finde a feirce encounter."
,,,,,,,,low,,corynth,Corynth,Corynth,1,1,3,spacy_LOC:1,,,,,,V03-P0260:584,M*' Nicholas Leate y° Marchant hath vpon my knowledge or (I am sure) had a lardge vine of Corynth grapes at y® house he formerly dwelt in y* garden whereof Containinge y® same vine is parted but by a wall from ye §garden of the§ house where
,,,,,,,,low,,cottiand,Cottiand,Cottiand,1,1,4,spacy_GPE:1,,,,,,V04-P0278:1998,"In the mean while, those Tentnt€ that belong to the Company, w™ were yndet Capt Nuee his Cottiand, we pray yo"" may be directed and employed in the most."
,,,,,,,,low,,coulston,Coulston,Coulston,1,1,3,spacy_GPE:1,,,,,,V03-P0740:2489,"Coulston, William, 539."
,,,,,,,,low,,couly,Couly,Couly,1,1,3,spacy_GPE:1,,,,,,V03-P0740:2513,"Couly, Thomas, 571."
,,,,,,,,low,,councell boarde,Councell Boarde,Councell Boarde,1,1,4,spacy_FAC:1,,,,,,V04-P0061:1165,"After my harty comendacions, Wheras I understand there is a ship lately aryved within the porte of Londou from the Berimudos or Somer- ands wherof for the most parte hir ladcinge is Tohaceo, and for that I have binn informed that you have m"
,,,,,,,,low,,councellour,Councellour,Councellour,1,1,3,spacy_GPE:1,,,,,,V03-P0678:1722,"To Our right trusty and right welbeloued Cousin and Councellour, HENRY, Earle of South-hampton, Treasurer of our Plantation in Virginia, and to Our trusty and welbeloued, the Deputy, and others of Our said Plantation."
,,,,,,,,low,,counci,Counci,Counci,1,1,4,spacy_GPE:1,,,,,,V04-P0453:634,CDXXIIL Counci ix Virginia.
,,,,,,,,low,,councitu,Councitu,Councitu,1,1,3,spacy_GPE:1,,,,,,V03-P0233:553,Governor anp Councitu mv Vireinta.
,,,,,,,,low,,counctn,Counctn,Counctn,1,1,4,spacy_GPE:1,,,,,,V04-P0104:44,"CCCXX, Counctn mv Virqinta."
,,,,,,,,low,,counecll,Counecll,Counecll,1,1,4,spacy_GPE:1,,,,,,V04-P0558:494,"Wee hold it necessary in that ease, that y° Governm' thereof be also commended by his Ma’ to them, incorporated as before into a Legall Companie: yet so, as to be assisted & advised by a Counecll to be appoynted by lis Mat’ & bound by oath "
,,,,,,,,low,,counsclis,Counsclis,Counsclis,1,1,4,spacy_GPE:1,,,,,,V04-P0120:1588,ime vett the Counsclis tre from thence
,,,,,,,,low,,counsel,Counsel,Counsel,1,1,3,spacy_GPE:1,,,,,,V03-P0370:43,"uror, Counsel, and Companie, from the chiefe Officer or Officers of the places respectiuely, of the number, names, ages, sex, trades, and conditions of euery such person so transported, or shipped, before the said Midsomer day, 1625."
,,,,,,,,low,,counsell,Counsell€,Counsell€,1,1,2,spacy_GPE:1,,,,yes,,V02-P0246:39,confusion in Counsell€ and determinaéons and delay in execuéon of matters.
,,,,,,,,low,,counselle virginia,Counselle Virginia,Counselle Virginia,1,1,4,spacy_GPE:1,,,,,,V04-P0120:35,*heamaincof adage pablsekly hy the Counselle Virginia
,,,,,,,,low,,counterpte,Counterpte,Counterpte,1,1,1,spacy_FAC:1,,,,,,V01-P0270:1847,"The Contract made w“ the ffrenchmen procured from Languedock and sent to Virginia for planting of Vynes and orderinge of Silke- wormes, the said Contract being for payment of ther wages and other allowances (whereof the said ffrenchmen had "
,,,,,,,,low,,countrey,Countrey,Countrey,1,1,3,spacy_FAC:1,,,,,,V03-P0656:484,"16 Persons Italians, and others, haue been prouided and sent for the mak- ing of Beads for trade in the Countrey with the Natiues, and for making Glasse of all sorts."
,,,,,,,,low,,countreyes,Countreyes,Countreyes,1,1,4,spacy_GPE:1,,,,,,V04-P0049:1487,Abe Tt wilbe§l§ Stend to the general$ §generalys§ good SoSfer this kingdom beth by restrayning thexecssiue expence of Bullion wh was wont to be wasted layed out in forreyne ptes for [3] this comoditie to the great dimi- nuéon of the Treasur
,,,,,,,,low,,countrie,Countrie,Countrie,1,1,3,spacy_GPE:1,,,,,,V03-P0722:199,"Holy writt sayeth That god would not y* the Children of Israell though they were of farr greater numb"", then wee are yet in many ages like to be, and came into a Countrie where weare walled townes, not to vtterly dis- troy the heathen, leas"
,,,,,,,,low,,countrie of virginia,Countrie of Virginia,Countrie of Virginia,1,1,2,spacy_GPE:1,,,,,,V02-P0034:819,"Touchinge the Deere it is true that generally the whole Countrie of Virginia is replenished with them, but for the Swyne they are no other then y* breed of such as haue bin transported thither by the Companie: And it is strange vnto them y'"
,,,,,,,,low,,court,Court,Court,1,1,2,spacy_GPE:1,,,,yes,,V02-P0065:228,panie for the Sumer Ilands who had bin also Treasuror and Deputy for this Company as was openly deliuered at the Counsell Bourd in presence of himselfe and many others of the Companie nowe in Court Wherevpon it was conceaued by reason of th
,,,,,,,,low,,cousin,Cousin,Cousin,1,1,3,spacy_FAC:1,,,,,yes,V03-P0678:1711,"To Our right trusty and right welbeloued Cousin and Councellour, HENRY, Earle of South-hampton, Treasurer of our Plantation in Virginia, and to Our trusty and welbeloued, the Deputy, and others of Our said Plantation."
,,,,,,,,low,,covering,Covering,Covering,1,1,3,spacy_GPE:1,,,,,,V03-P0100:166,"Provisions for Lodging, Viz: for a flocke bed and boul- ster, 4-4 a blankett and Covering, * with two pairs of tweed for every two men, °* Fwenty at the Charge | 361i of 34°- 4 and nob for eur men x 2% & % = x for 734 servisand * * §wreforB"
,,,,,,,,low,,coveringe,Coveringe,Coveringe,1,1,1,spacy_GPE:1,,,,,,V01-P0103:1389,"S' yo"" Charitable endeavo™ for Virginia hath made yo"" a flather wee a favourer of those good worke€ w although heretofore hath com neer to their birth yett for want of strength could never be delivered, (envy & division dashinge these young"
,,,,,,,,low,,coxendale,Coxendale,Coxendale,1,1,2,spacy_LOC:1,,,,,,V02-P0088:1170,Thomas Read passed ouer (vnder his hand and Seale) 0 land in Virginia scituate in Coxendale ouer against the ricus Some part thereof beinge called by the na» vnto [53] Edward Hurd of London Cittize acres was graunted vnto him by 8* Geo: vy 
,,,,,,,,low,,coyne,Coyne,Coyne,1,1,1,spacy_GPE:1,,,,,,V01-P0251:2345,"have also their hono”*®: and good deserving€ comended to eternall thankefullnes, for that our inhabilities had as yet no trewer Coyne,"
,,,,,,,,low,,cradoek,Cradoek,Cradoek,1,1,3,spacy_GPE:1,,,,,,V03-P0741:1780,"Cradoek, William."
,,,,,,,,low,,cranborne,Cranborne,Cranborne,1,1,3,spacy_GPE:1,,,,,,V03-P0741:1838,"Commission as Provost Marshal, 76, 91, Cranborne, William, Lord, 81, 320."
,,,,,,,,low,,crannedge,Crannedge,Crannedge,1,1,4,spacy_GPE:1,,,,,,V04-P0616:138,"Crannedge, John, 366."
,,,,,,,,low,,crockampill,Crockampill_,Crockampill_,1,1,3,spacy_GPE:1,,,,,,V03-P0411:339,came purposely for it to Nibly to supply the want of M* Tracy and his company at Crockampill_.
,,,,,,,,low,,crompton,Crompton,Crompton,1,1,3,spacy_GPE:1,,,,,,V03-P0741:2300,"Crompton, Thomas, 10, 11."
,,,,,,,,low,,crop,Crop,Crop,1,1,3,spacy_LOC:1,,,,,,V03-P0231:1103,He is to haue lent hime the Crope newe reaped of the ground beinge 34 barrelle of eares and to repaye yt the next Crop.
,,,,,,,,low,,crope,Crope,Crope,1,1,3,spacy_LOC:1,,,,,yes,V03-P0231:1017,He is to haue lent hime the Crope newe reaped of the ground beinge 34 barrelle of eares and to repaye yt the next Crop.
,,,,,,,,low,,crops,Crops,Crops,1,1,4,spacy_GPE:1,,,,,yes,V04-P0072:1629,But I pray God their Contemplaéons doe not so ou9swaye our experience that all in thend Come to no thinge: who thinke euYie thing done as soone as Conceived (how unfeasable socu9) and so highten their proceedinges that it is Impos- sible fo
,,,,,,,,low,,crucyfixe,Crucyfixe,Crucyfixe,1,1,3,spacy_LOC:1,,,,,,V03-P0312:332,"Sure I am I haue tasted some grapes here as good as in Greece or Italy: But S* I must tell yo” by y® way, that Mt Chanterton smells too much of Roome (in y° terri- tory whereof he served y°® Colonnessi) as he attempts to worke myracles w* h"
,,,,,,,,low,,cryminall,Cryminall,Cryminall,1,1,2,spacy_GPE:1,,,,,,V02-P0545:283,"certaine Autho’ to avowe itt, desyred m* Deputy and some other of the Counsell to pvse itt, and deliver their opynions whether itt were fitt to be read: W™ beinge done y® Counsells opynion was that itt ought not to be read for that itt cont"
,,,,,,,,low,,cullamore,Cullamore,Cullamore,1,1,3,spacy_GPE:1,,,,,,V03-P0741:2598,"Cullamore, Lady Mabell, 58."
,,,,,,,,low,,cunnyn,Cunnyn,Cunnyn,1,1,4,spacy_GPE:1,,,,,,V04-P0450:928,"{The order of the Privy Council respecting a petition of William Cannyn, or Cunnyn, December 8, 1623, is printed in clefts ef the Privy Council, Colonial, I, p."
,,,,,,,,low,,cuntrie,Cuntrie,Cuntrie,1,1,4,spacy_GPE:1,,,,,,V04-P0038:666,"Cuntrice of Virginia from the treachery of the Lodian@ on the 22"" day of March last: The Gouernor w™ the advice of the Counsell of State hath thought it very fitt, that the 22 day of March both this pfsent veare and for euer hereafter (in m"
,,,,,,,,low,,cuntries,Cuntries,Cuntries,1,1,3,spacy_GPE:1,,,,,,V03-P0452:246,and those his Mati® Subiectes or others w now are planted or inhabiting or w herafter shall plant or inhabite in the said ptes of the Newfound- land Virginia or New-England or in anie other foreigne places or Cuntries beyond the Sea in or u
,,,,,,,,low,,cuntroversie,Cuntroversie,Cuntroversie,1,1,4,spacy_GPE:1,,,,,,V04-P0529:1267,"George Yeardley, and alsoe for the Cattle in questione between him and Capt Bargroue, soc farr as concernes the Pos- sessione, not the right and ppertie, which as it appecres, ys a Cuntroversie yett dependinge in England, in the Tighe Court"
,,,,,,,,low,,curia,Curia,Curia,1,1,3,spacy_GPE:1,,,,,yes,V03-P0238:664,"But much tyme being then spent & §& the Court attend[in]g +s o7 coming forth§ it could not be then done sedente Curia, the Secretarist was appointed to attend Mr Threas? for order to drawe it he send¢ him to me, who tho I was vnwilling to m"
,,,,,,,,low,,currante,Currante,Currante,1,1,4,spacy_GPE:1,,,,,,V04-P0582:857,"How can it be imagined, That y* countrey should be fully supplied, Wheras accordin[ge to the} rates lately Currante, two Thowsande pownde adventure will exhauste allthe * * * one Cropp"
,,,,,,,,low,,custodye,Custodye,Custodye,1,1,3,spacy_LOC:1,,,,,yes,V03-P0055:2063,"his travayle therein the soitie of sixe shillinges eight pence a daye weh the said Companye appointed this defendant to take and allowe to him- self also out of the said Lotterrie money that should bee by him this defendant Collected, And t"
,,,,,,,,low,,cuutione,Cuutione,Cuutione,1,1,4,spacy_GPE:1,,,,,,V04-P0577:481,"the Shipwrightes and the glass woorkes geuen in by m? George Sandys we heerwith send you, the death of one of y® prineypall woorkmen, an other beinge subiect to the falinnge sicknes, and many defects w% render the woorke wnservable, Hath mo"
,,,,,,,,low,,damerin,Damerin,Damerin,1,1,4,spacy_GPE:1,,,,,,V04-P0616:1470,"Damerin, John, 512."
,,,,,,,,low,,danicl,Danicl,Danicl,1,1,4,spacy_GPE:1,,,,,,V04-P0617:1672,"Ducker, Danicl, 364."
,,,,,,,,low,,daubeney,Daubeney,Daubeney,1,1,4,spacy_GPE:1,,,,,,V04-P0616:1682,"Daubeney, Henry, 364."
,,,,,,,,low,,daubny,Daubny,Daubny,1,1,3,spacy_GPE:1,,,,,,V03-P0742:1176,"Daubny, Henry, 82."
,,,,,,,,low,,de lawar,De Lawar,De Lawar,1,1,2,spacy_GPE:1,,,,,,V02-P0586:575,"De Lawar, Henry, Lord, I, 226, 285, 381, 426,"
,,,,,,,,low,,deane,Deane,Deane,1,1,3,spacy_GPE:1,,,,yes,,V03-P0398:837,"ffellinge axes made in Deane, and for ."
,,,,,,,,low,,debatinge,Debatinge,Debatinge,1,1,1,spacy_GPE:1,,,,,yes,V01-P0065:610,"any other that shall com of the same kinde: Whervpon after much f° — Debatinge itt was ordered that itt should be argued att full beforethe =~ Counsell and they to relate their opynyons to the Courte,"
,,,,,,,,low,,debt,Debt,Debt,1,1,1,spacy_FAC:1,,,,,yes,V01-P0401:1494,The preceedent Quarter Court beinge read a request was made in the behalfe of ffrane Harwell that for somuch as his Elder Brother §S'§ Edmund Harwell K‘ of y® Bath had assigned vnto him vnder his hand & Seale all the interest he had to thre
,,,,,,,,low,,debte,Debte,Debte,1,1,1,spacy_GPE:1,,,,,yes,V01-P0347:1134,"Capt' Henry ffortescue Vnele and Administrato’ of the good@ and Chattells of Symond ffortescue who died intestate at Sea at his returne for England from Virginia, moued, that forsomuch as he cannot him- selfe goe to Virginia to recouer such"
,,,,,,,,low,,decembris,Decembris,Decembris,1,1,3,spacy_GPE:1,,,,,,V03-P0007:1062,"1 Inprimis vizt Gd Anno Dni 1606 mensibusij, in eod anno Concurrefi ac etiam mensib* Martii, Aprilis, Maii, Junii, Julii, Augusti, Septembris, Octobris, Novembris, Decembris, Januarii et fiebruarii anno Dni 1607 Johes Havercome fuit et erat"
,,,,,,,,low,,decimo,Decimo,Decimo,1,1,1,spacy_GPE:1,,,,yes,yes,V01-P0044:903,"An Act of the Co™ made Decimo quarto die Iunij 1619 concerning a Pattent graunted to Iohn Woodliefe Gent and his Associat€ is now by the consent of this Court, & liking of the said Iohn Woodlefe altered, & is to goe in the name of S' Tho: W"
,,,,,,,,low,,decreti,Decreti,Decreti,1,1,3,spacy_GPE:1,,,,,yes,V03-P0011:688,Johem Havercombe nup Mium p'fectum sive gubernatorem Navis vocat the Guift of God ptem ream et querelatam: ptibus ex altera vertitur et pendet indeciss rite et ttime procedefi: Partibus pret p earum Proéures Coram nobis in Juditio Ttime Com
,,,,,,,,low,,decrewe,Decrewe,Decrewe,1,1,3,spacy_GPE:1,,,,,,V03-P0742:2207,"Decrewe, Benjamin (Decroe), 83, 323,"
,,,,,,,,low,,defecte,Defecte,Defecte,1,1,4,spacy_GPE:1,,,,,yes,V04-P0136:908,"Phey say That the Companice was left then in debt neere 5000"" [4] But they are desired to sett downe wthail what was left in stocke towarde the paytn® thereof in money Plate and Comodities wih if oT Memoryes faile vs not was not less then 4"
,,,,,,,,low,,defendent,Defendent,Defendent,1,1,4,spacy_LOC:1,,,,,,V04-P0526:1824,To the sixth the Defendent saith that the said ComplaYant was sent for to James Cittie by the Generall Assemblie who writt him a very curteotus letter to that effect the Copie whereof the said defeudt hath to shew theire desier to comune wt
,,,,,,,,low,,defiaund,Defiaund,Defiaund,1,1,2,spacy_GPE:1,,,,,yes,V02-P0131:1183,"And on the contrary as by this meanes the Servant€ are oppressed by those Planters that carry them ouer: So likewise the Aduenturers here that send ouer Servant¢ either without condiéons in writinge as many do, or vpon con- ditons drawne by"
,,,,,,,,low,,del,Del,Del,1,1,4,spacy_GPE:1,,,,,yes,V04-P0128:1577,"21 Ap, 1623 Del. $then$ by me to my L Threas."
,,,,,,,,low,,deliberaton,Deliberaton,Deliberaton,1,1,2,spacy_GPE:1,,,,,yes,V02-P0370:1594,"The Contract in respect of importaton from the Plantatons onely was ever propounded to the Court asa matter of great grace and favour from yo’ Ma”: And in the treaty aboute itt w™ the Lord Treasurer, who was y° first proposer of itt when th"
,,,,,,,,low,,delphebus,Delphebus,Delphebus,1,1,2,spacy_GPE:1,,,,,,V02-P0577:719,"Canne, Delphebus."
,,,,,,,,low,,demerites,Demerites,Demerites,1,1,1,spacy_GPE:1,,,,,,V01-P0285:1193,"and by vertue of their prerogative and power to examyne w"" a curious eye the actions and carryage of all the principall Officers and Gouer- nors ened to thend that those that had deserved well might be rewarded with hono’, and others punish"
,,,,,,,,low,,denmark,Denmark,Denmark,1,1,3,spacy_GPE:1,,,,,,V03-P0743:494,"Denmark, 308, 544."
,,,,,,,,low,,depredaton,Depredaton,Depredaton,1,1,4,spacy_GPE:1,,,,,,V04-P0549:1392,"That whatsoever was brought by vs concerninge Accounts, Depredaton, misgovernement, & ciuers other erimes, agaynist perticuler persons, was by this Comission, (especially directed by the Earle of Midd,) shufled of for ali the tyme, till the"
,,,,,,,,low,,deputati,Deputati,Deputati,1,1,4,spacy_GPE:1,,,,,,V04-P0327:2103,"r anglice, fo appointe, tales officiarios et ministros de eadem societate ad eis videbantur idgnel et requisiti pro 7 : = 2 et dispositione negotiorum anededt Societatis et non aliter neque alio modo, Et quod super quibuslibet huius modi no"
,,,,,,,,low,,deputishipp,Deputishipp,Deputishipp,1,1,2,spacy_GPE:1,,,,,,V02-P0432:472,"M’ Deputy signifyed, that whereas the Last yeare m‘ Iohn fferrar gaue vp his place of Deputishipp, he stood engaged for y° Company for neere y° some of 1400"" as appeared by the Auditors & Bookekeep- ers testimony and Certificate, for w” the"
,,,,,,,,low,,derbishire,Derbishire,Derbishire,1,1,3,spacy_GPE:1,,,,,,V03-P0585:1429,"For so wee see in our owne Country, from the ridge of Mountaines continued from Derbishire into Scotland, doe issue many great Riuers on both sides into the East Germane Ocean, and into the Westerne /rzsh Seas: in like sort from the Alpes o"
,,,,,,,,low,,derogaton,Derogaton,Derogaton,1,1,2,spacy_GPE:1,,,,,,V02-P0418:354,they could hardly be conteyned from runinge to his Ma“*: then beinge in prog- ress to craue his supreame hand for redresse of soe great a mischeife Butt S' Thomas Smith att that time whether in favour of the said Cap‘ Argall his frend and k
,,,,,,,,low,,des carlo,Des Carlo,Des Carlo,1,1,4,spacy_GPE:1,,,,,,V04-P0605:2100,"Colomar, Des Carlo di, Colonies, location of, 435, 434."
,,,,,,,,low,,desyred,Desyred,Desyred,1,1,2,spacy_GPE:1,,,,,yes,V02-P0534:1210,"Richard Willaston petyconinge likewise for the Lands Due vnto his Vnele Hugh Willastone as his imeadiate heire who dyed in Virginia wout issue, as allso for his psonall Share and for one servant trans- ported at his charge: The Court ordere"
,,,,,,,,low,,devonshire,Devonshire,Devonshire,1,1,3,spacy_GPE:1,,,,,,V03-P0743:801,"Sued by company, 34-39, 41-48, Dermer, Thomas (Darmer), 246, Devonshire, William, Earl of, 320."
,,,,,,,,low,,devoéon,Devoéon,Devoéon,1,1,1,spacy_GPE:1,,,,,yes,V01-P0040:654,"” whose greater [80] designes I haue presumed to outrun with this oblagon w™ I humbly beseech yo"" may he accepted as the pledge of my Devoéon and as the earnest of the Vowes ‘tw I hauc vowed ynto the Allmighty God of Iacobb concerning this "
,,,,,,,,low,,diflleu,Diflleu,Diflleu,1,1,4,spacy_GPE:1,,,,,,V04-P0536:332,"But besides these, wee were continually strus ine wth a most malicious faction win our owne Body here, besides that viiversall sickenes abroad in the Colony menéomel before: Yet through all these Diflleu:ties did wee wrestle by Gods biexssi"
,,,,,,,,low,,dirmer,Dirmer,Dirmer,1,1,1,spacy_GPE:1,,,,,,V01-P0308:89,a 37 by m’ Dirmer.
,,,,,,,,low,,disburdened,Disburdened,Disburdened,1,1,2,spacy_GPE:1,,,,,yes,V02-P0083:1512,"The Companyes be content, that his Ma” be Disburdened, from all paymente for the fraight of Tobacco imported from the Two Plantaéons or from any other forraigne part¢€ into either of these his Realmes: But Desire, that after the first ariua"
,,,,,,,,low,,discoverand,Discoverand,Discoverand,1,1,3,spacy_GPE:1,,,,,,V03-P0250:1562,ther to Discoverand wynter cofiyng on.
,,,,,,,,low,,dismaskinge,Dismaskinge,Dismaskinge,1,1,2,spacy_GPE:1,,,,,,V02-P0424:393,"In fine these disguised Accons beinge vnmasked they now playnly professe, S* Nathaniell Rich in the Courte his Brotherinlawe S* Thomas Wroth att the Counsell Board Alderman Johnson in his Petition to his Ma“*, Cap* Butler in his Dismaskinge"
,,,,,,,,low,,distaste,Distaste,Distaste,1,1,4,spacy_GPE:1,,,,,yes,V04-P0553:2114,"else why doe they fly the Light? This is cleane contrary to y* vse of the Iate Company: who did all thinges in publiq3: w'® was 4 cause of §as§$ great satisfacton, as this of Distaste."
,,,,,,,,low,,diuels,Diuels,Diuels,1,1,4,spacy_GPE:1,,,,,,V04-P0285:600,"Lastly for y‘ yo"" petioner hath ben informed, y* puplique peace made by yo"" pidecessors w* sundry nations, hath been broken by some of o* people, y' haue gone on trading, whoe vnder the pitence of frendship and in y° Gouernors name, have ta"
,,,,,,,,low,,doce,Doce,Doce,1,1,4,spacy_LOC:1,,,,,,V04-P0047:272,"See No, 312, ante, Doce."
,,,,,,,,low,,dominus rex de suis special gratia,Dominus Rex de suis special gratia,Dominus Rex de suis special gratia,1,1,4,spacy_FAC:1,,,,,,V04-P0343:341,"Et ulterius idem Dominus Rex de suis special gratia, cert scioutia et mero motu pro se, heredibus et suceessuribus suis eoncessit per cusden litteras patentes prefato Thesaurario et Societati et eorun: Successor tbus quod licitum et liberum"
,,,,,,,,low,,dominus rex jacobus,Dominus Rex Jacobus,Dominus Rex Jacobus,1,1,4,spacy_FAC:1,,,,,,V04-P0325:93,septimo supradicto idem Dominus Rex Jacobus per predictas litteras suas patentes gerentes datum spud West- monasterium predicto vicesimo tercio die Maii Anno regni sui septime supradicto ordinavit Thomam Smyth militem fore Thesaurarium Soci
,,,,,,,,low,,doubtinge,Doubtinge,Doubtinge,1,1,2,spacy_GPE:1,,,,,yes,V02-P0365:190,"forward those other Staple and Rich Comodities aswell by the Charges and provisionns aforesaid as likewise by settinge vppd them a Competent valua- ton, not Doubtinge butt that whosoever wilbe pleased to take the paines to pvse their freque"
,,,,,,,,low,,dover,Dover,Dover,1,1,3,spacy_GPE:1,,,,,,V03-P0743:2504,"Dover, Town of, 82, 322."
,,,,,,,,low,,downe,Downe,Downe,1,1,4,spacy_GPE:1,,,,,yes,V04-P0470:404,"said shipp for New England, & notw'standing yo"" yesterdai¢ order, that the said Guyar & white should haue no Conference w! any of the shipps Company, & also notw“standing yo"" said petioner the sooner to expedite his voyage, for pformance of"
,,,,,,,,low,,drinck,Drinck,Drinck,1,1,1,spacy_GPE:1,,,,,yes,V01-P0203:1828,Concerninge the Proiect for makinge of Drinck in Virginia being an The Proivet for 5 .
,,,,,,,,low,,drunkenes,Drunkenes,Drunkenes,1,1,3,spacy_GPE:1,,,,,yes,V03-P0674:438,Whereas many peclamations haue formerly been drected & published by eu%ie Gouernor preceeding me in this place for the suppressing of y* fre- quent & so accostomed vice of Drunkenes yett notwstanding y* Vice Doth still abound to the Piudice
,,,,,,,,low,,durdent,Durdent,Durdent,1,1,3,spacy_GPE:1,,,,,,V03-P0744:877,"Duppa, Jeffery, 82, 323, Durdent, Phillip, 82, 323."
,,,,,,,,low,,dutchman,Dutchman,Dutchman,1,1,4,spacy_GPE:1,,,,,,V04-P0625:883,"John, a Dutchman, 290, John and Frances."
,,,,,,,,low,,dutchwoman,Dutchwoman,Dutchwoman,1,1,1,spacy_GPE:1,,,,,,V01-P0329:125,Iane Iohnson a Dutchwoman and the ouerplus to be reserved in Cash (10 0 to the said Adventuror’s vse.
,,,,,,,,low,,dutebmen,Dutebmen,Dutebmen,1,1,4,spacy_GPE:1,,,,,,V04-P0618:830,"Dutebmen return to, 444."
,,,,,,,,low,,duty,Duty,Duty,1,1,3,spacy_GPE:1,,,,,yes,V03-P0133:626,"for the encoragment of thé to live with vs, to allov tht some aparel and cattell and such other nessisaryes it will be a means to begett in them a good affection to continew thé selves with vs and to draw in others who shall see thé live so"
,,,,,,,,low,,dutye,Dutye,Dutye,1,1,4,spacy_GPE:1,,,,,yes,V04-P0152:1971,veares In breife (passinge over the Work wh were effected durcing the first gou2nm' the pticulers whereof for proofe of Avhat hath beene said here in gen9all shall hereafter be more Tully deelared) Wee eonecive and (though wth greife) vee j
,,,,,,,,low,,dye,Dye,Dye,1,1,3,spacy_GPE:1,,,,,yes,V03-P0019:109,"make yo"" Cheif residence so many measures of Corne at euery Harvest, Come soe many basketts of Dye so many dozens of skins so many of his people g;"
,,,,,,,,low,,dygneteeue,Dygneteeue,Dygneteeue,1,1,4,spacy_GPE:1,,,,,,V04-P0567:924,Richard Pace 200 planted Dygneteeue flrancis Chapman 100
,,,,,,,,low,,dysing,Dysing,Dysing,1,1,3,spacy_GPE:1,,,,,,V03-P0157:269,"all, and that my best ffreinds suffer so much for my sake or rather as it is thought for my p'ferment sake, wt payne I humbly desire they would mitigate that suffering to thé selues and rather then to endure any sean- dall for my Dysing to "
,,,,,,,,low,,earle,Earle,Earle,1,1,2,spacy_GPE:1,,,,yes,,V02-P0419:1804,Butt the saide Earle still ill' sattisfied with the pceedings against Cap‘: Argall in the Easter Tearme ensuinge 1619 pursued w™ great ernestnes the dis- placeinge of S* Tho: Smith and Alderman Iohnson from the Goverment of y® Company w™ su
,,,,,,,,low,,east indi,East Indi,East Indi,1,1,3,spacy_GPE:1,,,,,,V03-P0524:79,"I see that som of my Rents destined to my East Indi paiment, are not com in so currantly as I had cause to expect."
,,,,,,,,low,,easte india,Easte india,Easte india,1,1,4,spacy_LOC:1,,,,,,V04-P0578:165,"of that place, and y' the charge of disposinge y° men lay vppon him, The aecoumpt of vo people and goodes formerly sent for the Easte india scoole."
,,,,,,,,low,,easter monday,Easter monday,Easter monday,1,1,4,spacy_FAC:1,,,,,,V04-P0213:841,1623 Q* whither the silkes shewed on Easter monday last to y* K.
,,,,,,,,low,,edmond,Edmond,Edmond,1,1,3,spacy_GPE:1,,,,yes,,V03-P0736:1918,"Cole, Edmond, 186, Cole, George, 571."
,,,,,,,,low,,edward,Edward,Edward,1,1,4,spacy_GPE:1,,,,yes,,V04-P0621:2462,"Grimes, Gears Grindon, Edward, 555."
,,,,,,,,low,,edwards,Edwards,Edwards,1,1,4,spacy_GPE:1,,,,yes,,V04-P0629:2244,"Merchaunt, Edwards, 201, Merrick, Sir John (Mericke), 90, 91."
,,,,,,,,low,,egipt,Egipt,Egipt,1,1,4,spacy_GPE:1,,,,,,V04-P0059:307,"[4] All theis died out of my m” house, since I came, and wee came in but at Christmas, and this is the 20 day of March and the Saylers say that ther is two thirde of the 150 dead already and thus I end prayeing to God to send me good succes"
,,,,,,,,low,OW-011,eingland,Eingland,Eingland,1,1,3,spacy_GPE:1,,,,,yes,V03-P0377:1893,"vo haue nibli he hath stok I haue nothing but verginia & y* am TI held from to liue in shame & disgrase in Eingland for gods loue howld im"" felgate sarten to go w't vs & yf we must go from bristoll w° is my desier mak hast doune & help me a"
,,,,,,,,low,NW-012,elisabeth cyty,Elisabeth Cyty,Elisabeth Cyty,1,1,3,spacy_FAC:1,,,,,,V03-P0127:131,"the bewsines of Capt Argall, it hath pleased god in his merey that Capt Nuce with his whole Company are safely arived at Elisabeth Cyty, whether I am now come to lend him my best assistance and furtherance for the seating himselfe and his p"
,,,,,,,,low,,ellis,Ellis,Ellis,1,1,4,spacy_GPE:1,,,,,,V04-P0614:1023,"Cornish, Ellis, 513."
,,,,,,,,low,,empire,Empire,Empire,1,1,3,spacy_GPE:1,,,,,,V03-P0003:833,"from his [ciuilians] for their denying com- merce: from his Canonists, by y° Donation: and from his Deuines, by preparation of religion, were so incohcerent and so resisted by one another, as many bookes written in his defence, were suppres"
,,,,,,,,low,,employed,Employed,Employed,1,1,4,spacy_GPE:1,,,,,yes,V04-P0463:1435,"[21] Most humblie sheweth, y* whereas for the space of these tow yeres I haue been Employed by Cap' Thomas Nuce late deceased, as well for Newfoundland as fer other trading voyages, himselfe alloweing yo"" pe-"
,,,,,,,,low,OW-011,encland,Encland,Encland,1,1,4,spacy_GPE:1,,,,,,V04-P0399:3227,", for our same lord the Ning further s that the plea aforesaid pleaded above in the form aforesaid as to the liberties, pr es, and franchises aforesaid above mentioned and hereafter recited, namely, that the same Nicholas ffarrer [ef a/,] a"
,,,,,,,,low,,encreased,Encreased,Encreased,1,1,3,spacy_GPE:1,,,,,yes,V03-P0483:130,"long vppon the Collony ther, as wee are assured the loue of all good men here to the Plantation will therby be Encreased."
,,,,,,,,low,,endeauorid,Endeauorid,Endeauorid,1,1,3,spacy_GPE:1,,,,,,V03-P0493:1287,"46 Item wee doe moreou' requier that according to yo' Oaths and seutall charges yo"" thoughts & Endeauors be vnanimouslie Employed for pformance of o° instructions in generall & particuler that Chieflie ayminge at y® establishm' of y® Coloni"
,,,,,,,,low,,enemyes,Enemyes,Enemyes,1,1,1,spacy_GPE:1,,,,,,V01-P0264:1933,"as a Treasuror and a Marshall whereby the one might be Accountant to the Company here for such rents and dutyes as shall yearely accrue and belong vnto them (there being already 1000"": due in that kind) and especially take care, to cause su"
,,,,,,,,low,OW-011,engiande,Engiande,Engiande,1,1,3,spacy_LOC:1,,,,,,V03-P0171:1832,"And to that ende that all the whole Colony may take notice of the last order of Courte made in Engiande and all those whom it con- cerneth may knowe howe to observe it, we holde it fitt to publishe it here for a lawe among the rest of our l"
,,,,,,,,low,OW-011,england et,England Et,England Et,1,1,3,spacy_LOC:1,,,,,,V03-P0009:1359,9 Itm that the said President and Counsaile had not sufficient pvision of victualts and other thinge to furnishe the said shipp to send her for England when the said shipp the Mary and John were gone for England but were forced by reson the
,,,,,,,,low,,england giles carter,England Giles Carter______-,England Giles Carter______-,1,1,3,spacy_LOC:1,,,,,,V03-P0404:356,dead in England Giles Carter______-.
,,,,,,,,low,,england scottland,England Scottland,England Scottland,1,1,2,spacy_LOC:1,,,,,,V02-P0442:247,"their Legall seall to be affixed Given in a great and generall Quarter Court of the said Treasuro"" and Company held the 14th Day of May 1623 And in y° year¢ of the raigne of our Soueraigne Lord Iames by the grace of God kinge of England Sco"
,,,,,,,,low,,england seotland,England Seotland,England Seotland,1,1,4,spacy_GPE:1,,,,,,V04-P0587:336,James by the grace of god kinge of England Seotland ffranee and [reland defender of the faith ete To our trustie and welbeloved Sir William Jones knight one of our Justices of our Courte of Comen Pleas Sir Nicholas fforteseue knight Sir ffr
,,,,,,,,low,,england w t,England w*t,England w*t,1,1,3,spacy_FAC:1,,,,,,V03-P0009:1675,10 Iim that the said President and Counsaile did appoint one Capt Elliott Capt of the said shipp the guifte of god in her returne toward¢ England and did give Comaundment and directions vnto him and to the said Havercombe and Company to dep
,,,,,,,,low,,english cattle,English Cattle,English Cattle,1,1,4,spacy_LOC:1,,,,,,V04-P0134:2010,They say that there were then left 600 psons aud 300 Cattle in the Cotony Although this is noe small matter Consideringe the Tnfaneie of the Planta@on in those tyes and the many Difhculties they mett wthall in theire first enterprises that 
,,,,,,,,low,,enimies,Enimies,Enimies,1,1,4,spacy_GPE:1,,,,,yes,V04-P0036:1612,"As J live if I had but men of my owne, I would never aske their helpe to destroye their Enimies."
,,,,,,,,low,,enimyss,Enimyss,Enimyss,1,1,1,spacy_GPE:1,,,,,,V01-P0267:653,"bomrgmig bye (Obrig frewrard of! geod aa ae ia Bom Ins Aetinaly and ez arb ly, eee from ton bh hype, bys mogterk ager oft 5 iv LL bc om im frre? ie fowto if [Pb autoron : Mud Leak bye open of Brow momurty yp a ei mea fener free + Fave aud D"
,,,,,,,,low,,ensigne,Ensigne,Ensigne,1,1,1,spacy_GPE:1,,,,,,V01-P0024:1107,"Vpon the petiton of Lohn Woodliefe gentleman (who disbursed 62—10—00 eleauen yeares since, and the like time spent in the Planta- Gon in the place of Ensigne[) ] to haue a Pattent graunted him and his Associats whereon to plant the nomber o"
,,,,,,,,low,,entrance,Entrance,Entrance,1,1,3,spacy_GPE:1,,,,,yes,V03-P0494:1562,"To all people to whom these presents shall come bee seen or heard, the Treasuror, Council and Company of Adventurers and planters of the Citty of London for the first Collony in Virginia send greeting Knowe yee That wee the said Treasuror C"
,,,,,,,,low,,entreat,Entreat,Entreat,1,1,4,spacy_GPE:1,,,,,yes,V04-P0130:143,"hits p’sent securytie vnder of hand@ for freight, In consideration whereof wee yor poore supplants humbly Entreat, to grant ye? warrant to bring the said mi” Douglas before you’ wo'p, that wee may receaue such sattis- faction thence as of P"
,,,,,,,,low,,ere,Ere,Ere,1,1,1,spacy_LOC:1,,,,,yes,V01-P0018:1325,"Touching the point whither he were Gouerno""™ or noe, it plainly appeared by a Ere sent vnto him (w™ the said Captaine Argoll now produced) signed by some of the Counsell and Company, that at the Landing of the Lo: Lawarr in Virginia, he sho"
,,,,,,,,low,,erycr,Erycr,Erycr,1,1,4,spacy_GPE:1,,,,,,V04-P0619:2308,"Frith, Richard, 3: Erycr, —, Captain, 363."
,,,,,,,,low,,etherd,Etherd,Etherd,1,1,4,spacy_GPE:1,,,,,,V04-P0618:1068,"Etherd, George, 365, Eure, Ralph, Lord, 363."
,,,,,,,,low,,etherington,Etherington,Etherington,1,1,2,spacy_GPE:1,,,,,,V02-P0589:858,"Etherington, Nathaniel."
,,,,,,,,low,,excepéon,Excepéon,Excepéon,1,1,3,spacy_GPE:1,,,,,yes,V03-P0052:1196,The said defendant savinge to himself all advantage of Excepéon to the incerteintie and insufficiencie of the said Bill of Complainte for Aunswer therevnto and for manefestaéon of the Truthe saithe That true yt is as this defendant thincket
,,,,,,,,low,,excomunication,Excomunication,Excomunication,1,1,3,spacy_GPE:1,,,,,,V03-P0005:465,"Also I doe sweare fré my hart, that notw‘*standing any declaration or sentence of Excomunication, or depriuation made or granted, or to be made or granted by y* pope or his successors, or by any authoritie deriued, or pretended to bee deriu"
,,,,,,,,low,,executo,Executo,Executo,1,1,3,spacy_LOC:1,,,,,yes,V03-P0010:1909,"In dei nomine Amen Auditis visis et intellectis ac plenarie et mature diseussis p Nos Thomam Crompton militem ac Legii Déorem §Curiw§ dni firi Regis suse Admi® Anglis Locumtenei Judicem sive Presidefi Itime Deputatum, Meritis et Circumstanc"
,,,,,,,,low,,exton,Exton,Exton,1,1,3,spacy_GPE:1,,,,yes,,V03-P0745:1668,"Exton, John, 83, 323."
,,,,,,,,low,,fairfax,Fairfax,Fairfax,1,1,4,spacy_GPE:1,,,,,,V04-P0618:1693,"Fairfax, William, 456."
,,,,,,,,low,,fairs,Fairs,Fairs,1,1,4,spacy_GPE:1,,,,,,V04-P0618:1716,"Fairs, 478."
,,,,,,,,low,,faldoe,Faldoe,Faldoe,1,1,3,spacy_GPE:1,,,,,,V03-P0745:1718,"Faldoe, William, $3, 324,"
,,,,,,,,low,,familyes,Familyes,Familyes,1,1,3,spacy_GPE:1,,,,,yes,V03-P0235:439,"The humble peticion of many of y° first personall Aduenturers, & Planters, willing & ready to plpare themselues, with Familyes thither agayne, The names here- vpon due consideracion following."
,,,,,,,,low,,farrars,Farrars,Farrars,1,1,3,spacy_LOC:1,,,,yes,,V03-P0746:1276,"Ferrar, William (Farrars), 83, 145, 32-4."
,,,,,,,,low,,fayne,Fayne,Fayne,1,1,3,spacy_GPE:1,,,,,yes,V03-P0745:2143,"Fayne, Sir Henry."
,,,,,,,,low,,felix,Felix,Felix,1,1,3,spacy_GPE:1,,,,,,V03-P0754:2234,"Kkyngston, Felix, Printer, 540, 579, 661."
,,,,,,,,low,,fensham,Fensham,Fensham,1,1,3,spacy_GPE:1,,,,,,V03-P0745:2518,"Fensham, Anthony, 538."
,,,,,,,,low,,ferdinand,Ferdinand,Ferdinand,1,1,3,spacy_GPE:1,,,,,,V03-P0745:2560,"Ferdinand, King of Spain, 543."
,,,,,,,,low,,ferran,Ferran,Ferran,1,1,3,spacy_GPE:1,,,,,,V03-P0423:1811,"A Lerrer vo Joun Ferran OcToBER 23, 1620"
,,,,,,,,low,,ferrara,Ferrara,Ferrara,1,1,2,spacy_LOC:1,,,,,,V02-P0613:209,"Order restraining Ferrara, I, 174."
,,,,,,,,low,,ferrer,Ferrer,Ferrer,1,1,2,spacy_GPE:1,,,,,,V02-P0590:7,"Ferrer, John—Continued."
,,,,,,,,low,,fierfax,Fierfax,Fierfax,1,1,3,spacy_GPE:1,,,,,,V03-P0746:1506,"Fierfax, William, 570."
,,,,,,,,low,,fifties,Fifties,Fifties,1,1,3,spacy_GPE:1,,,,,,V03-P0221:2284,"My Desire is to make those Fifties up so manie Hundreds, to be sent away in the end of Januarie next."
,,,,,,,,low,,figge,Figge,Figge,1,1,3,spacy_GPE:1,,,,,,V03-P0559:1155,"And how that in December last they had planted and cultiuated in VIRGINIA Vines of all sorts, (as well those naturally growing, as those other Plants sent them from these parts of Europe) Orenge and Lemon-trees, Figge-trees, Sugar-Canes, Co"
,,,,,,,,low,,flax,Flax,Flax,1,1,1,spacy_GPE:1,,,,,yes,V01-P0223:1093,"Touchinge Gabriell Wishers former offer att the last Court to procure out of Sweadland, and Poland men skillfull in makinge Pitch, & Tarr, Pottashes, and Sopeashes, Dressers of Hemp and Flax, Clapbord and Pipestaues and for makinge Salt Pet"
,,,,,,,,low,,flushing,Flushing,Flushing,1,1,2,spacy_GPE:1,,,,,,V02-P0626:561,"To besold in Flushing, I, 406, 422, 482, 505."
,,,,,,,,low,,force,Force,Force,1,1,3,spacy_GPE:1,,,,,yes,V03-P0079:1427,"58 1 This is an alphabetical list, but is not the same list as the one printed in Force, Tracts, III, No."
,,,,,,,,low,,fothergill,Fothergill,Fothergill,1,1,2,spacy_GPE:1,,,,,,V02-P0536:120,wn’ Fothergill.
,,,,,,,,low,,fowler,Fowler,Fowler,1,1,3,spacy_LOC:1,,,,,,V03-P0567:1887,"Blessed bee God whose mercy is aboue his iustice, and farre aboue all his workes: who wrought this deliuerance whereby their soules escaped euen as a Bird out of the snare of the Fowler."
,,,,,,,,low,,franee,Franee,Franee,1,1,3,spacy_GPE:1,,,,,,V03-P0288:2095,"of England, Scotland, Franee and Ireland the eighteenth, and of Scotland the three and fiftieth."
,,,,,,,,low,,freeman,Freeman,Freeman,1,1,3,spacy_GPE:1,,,,yes,,V03-P0747:298,"Freeman, Raph, 83, 324."
,,,,,,,,low,,frenche,Frenche,Frenche,1,1,3,spacy_GPE:1,,,,,,V03-P0504:1603,Joun Frerrar Deputy [Indorsed:] xj August 1621 Copie of the answere made by the Virginia Company to the request made by the Wallons and Frenche to plant themselues in Virginia Virginia
,,,,,,,,low,,frenchmens,Frenchmens,Frenchmens,1,1,4,spacy_GPE:1,,,,,,V04-P0110:1347,"I heare the Frenchmens times com out the next yeare: you must vse the meanes to procure their stay, & send more of their quality if you would have that wourke goe realy forward."
,,,,,,,,low,,freveh,Freveh,Freveh,1,1,4,spacy_GPE:1,,,,,,V04-P0619:2162,"Freveh, Ursula, 500, Frethorne, Richard (ffrethorne), 161, 186, 230."
,,,,,,,,low,,frigott,Frigott,Frigott,1,1,1,spacy_GPE:1,,,,,,V01-P0219:1700,Lazarus Hauerd beinge heretofore imployed in the Companies serv - ice and likewise by S‘ George Yeardley in a Frigott in three daun- gerous voyadges did now peticon to this Company for their charrita- ble consideraéon of his present wants w
,,,,,,,,low,,fruites,Fruites,Fruites,1,1,3,spacy_GPE:1,,,,,yes,V03-P0030:720,"Concerning the Countrie & the soile thereof, wee finde it fertile & full of encrease, bringing forth goodly Corne, many kinde of Fruites, naturall Vines & quickly rendring vs our owne Countrie seedes, & Rootes wth wee bury therein, as prosp"
,,,,,,,,low,,fumferyes,Fumferyes,Fumferyes,1,1,4,spacy_GPE:1,,,,,,V04-P0123:582,& for your land at Sumerset is fulley peopulld for your land in Smithes Trybe those V Share that Middleten? and Fumferyes are on are sufficyentley supplyed if ye send them 4 Boyes apese they haue had ill sueses wt® those they brought & for 
,,,,,,,,low,,fur,Fur,Fur,1,1,4,spacy_GPE:1,,,,,yes,V04-P0609:373,"Fur, 266."
,,,,,,,,low,,furnisaine,Furnisaine,Furnisaine,1,1,3,spacy_GPE:1,,,,,,V03-P0182:55,Tue Cost or Furnisaine roe “ MarcarRer”
,,,,,,,,low,,fustick,Fustick,Fustick,1,1,3,spacy_GPE:1,,,,,,V03-P0242:1397,"Fustick young, eyght shillings the hundred."
,,,,,,,,low,,gabriell barbor,Gabriell Barbor,Gabriell Barbor,1,1,4,spacy_FAC:1,,,,,,V04-P0167:270,"onelie best maister, hath wrought for me better hopes then formerlic I writ you of for my preferment, wech is that by his Itberall Comendséan of me, and earnest Intreatie for me, As also that good likeing weh that hope- full and religious G"
,,,,,,,,low,,gabriell holland,Gabriell Holland,Gabriell Holland,1,1,3,spacy_FAC:1,,,,,,V03-P0413:1228,"Wiltm Tracy Esq, Arnold Oldisworth Esc, Mary Tracy his wife ‘Robt Pawlet divine Thomas Tracy their sonne Thomas Kemis gent Joyce Tracy their daughter ‘Arthur Kemis gent ffrancis Grevill , Robert Longe gent Toane Greene ‘Tohn Holmeden gent E"
,,,,,,,,low,,gallont,Gallont,Gallont,1,1,3,spacy_GPE:1,,,,,,V03-P0267:1948,"+ hot a) A sisinn 7 hth it ead : ca 2 fF ae A = : 2 ce posk Gallont Coratbey 4 oy + Peepel s Aw silt Me ak parle Boks wee AR einen i ihe i> PF 5 aT 4 uae - el Atine eprowes tM Va Made ned f4y aes, aut — i (peek u At bow be ee se o m ."
,,,,,,,,low,,gaming,Gaming,Gaming,1,1,3,spacy_GPE:1,,,,,yes,V03-P0168:1631,"Against Idienes, Gaming, drunkenes and excesse in apparell the Assembly hath enacted as followeth:"
,,,,,,,,low,,garbellinge,Garbellinge,Garbellinge,1,1,2,spacy_GPE:1,,,,,,V02-P0057:1236,Secondly it is required by his Ip that there be no discharge of the Patent of Garbellinge.
,,,,,,,,low,,garden,Garden,Garden,1,1,1,spacy_GPE:1,,,,,yes,V01-P0150:1823,"ffor wheras the Deputy Gouernor att his Arivall to that place w” was in or aboute may 1617 hath left and delivered to him by his Predisessor a poréon of publique Land called the Companies Garden which yeilded to them in one year about 300"" "
,,,,,,,,low,,garrisons,Garrisons,Garrisons,1,1,4,spacy_GPE:1,,,,,,V04-P0620:50,"Garrisons, 436."
,,,,,,,,low,,gaurd,Gaurd,Gaurd,1,1,4,spacy_GPE:1,,,,,,V04-P0211:751,"Know yee that [ S* Francis Wyatt Knight Governo’ and Cap* generall of Virginia, out of the true aecknowledgm' that I haue of the diseretion, valo’, and cireumspec- tion, and of the vertue and sufficiencie, of my trusty & welbeloued frend Wi"
,,,,,,,,low,,geese,Geese,Geese,1,1,4,spacy_GPE:1,,,,,yes,V04-P0292:379,"end that all men may know the danger of the law in these cases (though ignorance of the Law excuse no man) they haue thought fitt to publish the same, w is, that whosoevershall steale any Beast@ or Bird@ of Domesticall or tame nature, that "
,,,,,,,,low,,gehedge accounte,GeHedge § Accounte §,GeHedge § Accounte §,1,1,1,spacy_FAC:1,,,,,,V01-P0377:52,"DECEMBER 19, 1621 573 The Auditors for the generall GeHedge § Accounte § for the Companie"
,,,,,,,,low,,gelenyes,Gelenyes,Gelenyes,1,1,4,spacy_GPE:1,,,,,,V04-P0268:60,The lands where the Gelenyes §Townes§ are seated §doe not for ought is knowne§ affoord net stone for building nor limestone for Mortar.
,,,,,,,,low,,geneva,Geneva,Geneva,1,1,4,spacy_GPE:1,,,,,,V04-P0620:774,"Geneva, 104."
,,,,,,,,low,,gideon,Gideon,Gideon,1,1,3,spacy_GPE:1,,,,,,V03-P0743:205,"de Lawne, Gideon, 66, 85, 329, 592, 593."
,,,,,,,,low,,giles,Giles,Giles,1,1,3,spacy_GPE:1,,,,,,V03-P0728:1535,"Allington, Giles, 80, 318."
,,,,,,,,low,,gillin,Gillin,Gillin,1,1,4,spacy_GPE:1,,,,,,V04-P0620:1186,"Nate to Sir Kdwin Sandys, 224-226, Gibbs, William, 365, Gillin, Thomas, 60, Gilford, Francis, 557."
,,,,,,,,low,,glanville,Glanville,Glanville,1,1,3,spacy_GPE:1,,,,,,V03-P0748:81,"Glanville, Francis, 83, 325."
,,,,,,,,low,,glasse,Glasse,Glasse,1,1,1,spacy_GPE:1,,,,,,V01-P0317:1857,propriated to them beinge a materiall of speciall vse in makinge of Glasse may be appro- for 7 years.
,,,,,,,,low,,glassmen,Glassmen,Glassmen,1,1,1,spacy_GPE:1,,,,,,V01-P0318:1638,yes en Itt was likewise moved y‘ the said Adventurers would please to pay atl ein their subseripéons between this & Thursday next for the more speedie dispatch away of Captaine Norton and the said Glassmen.
,,,,,,,,low,,gloucester,Gloucester,Gloucester,1,1,3,spacy_GPE:1,,,,,,V03-P0748:234,"Gloucester, 109, 266."
,,,,,,,,low,,gloue esq,Gloue Esq,Gloue Esq,1,1,3,spacy_FAC:1,,,,,,V03-P0390:358,"tuns or therabouts, wherof vnder god Tobias ffelgate is appoynted to goe master this plsent voyage of the one pte, And Rich Berkeley of Stoke in the county of Gloue Esq, Geo: Thorpe late of wanswell in the said county Esq, W"" Tracy of Hayle"
,,,,,,,,low,,goare,Goare,Goare,1,1,3,spacy_GPE:1,,,,,,V03-P0748:277,"Goare, Robert, 83."
,,,,,,,,low,,godeé,Godeé,Godeé,1,1,4,spacy_FAC:1,,,,,yes,V04-P0447:1646,"So Licurgus although his pollicie was Ariste- eratieale §call§ Aristocraticall, so iust, as for it he was (of the Oracle) tearmed beloued of the Godeé, yet notwithstandinge he being necessitated to set vp his Gou9ment by Conspiracie, and fo"
,,,,,,,,low,,godsguifte,Godsguifte,Godsguifte,1,1,2,spacy_LOC:1,,,,,,V02-P0519:696,60: The Godsguifte .
,,,,,,,,low,,goodwine,Goodwine,Goodwine,1,1,3,spacy_GPE:1,,,,,,V03-P0748:713,"Goodwine, Samucl, 569."
,,,,,,,,low,,googe,Googe,Googe,1,1,3,spacy_GPE:1,,,,,,V03-P0748:767,"Googe, Barnabe."
,,,,,,,,low,,gou no,Gou2no,Gou2no,1,1,3,spacy_GPE:1,,,,,,V03-P0247:1573,"At his arriuall he sent word p’sently to the Gou2no"" to know his pleasure, who wrote to him, and did request inyself Leiften*nte Peace and M* Ewens to goe downe to him, to desyre [23] him to come vp to James Cytie."
,,,,,,,,low,,gouernement,Gouernement,Gouernement,1,1,4,spacy_GPE:1,,,,,,V04-P0531:415,"The first, our opinion touching the best forme of Gouernement, to be here established for y° affaires of Virginia."
,,,,,,,,low,,gouernit,Gouernit,Gouernit,1,1,4,spacy_LOC:1,,,,,,V04-P0216:914,"when indeed one 4"" pte ar xeare true but only nomine tenus Aduenturers And so some 14 psons will sway the Gouernit for each man can haue but 15 shares"
,,,,,,,,low,,gounpouder,Gounpouder,Gounpouder,1,1,3,spacy_GPE:1,,,,,,V03-P0488:2292,"26 Item that due peeeding bee vsed in y® erection of those Howses appointed fo"" lodgeing of new men v[n]pon ther landing according to former dyrections: And that from tyme to tyme a course bee taken for ther repaire, cleane & neat keeping L"
,,,,,,,,low,,governm,Governm,Governm,1,1,3,spacy_FAC:1,,,,,,V03-P0654:1385,"But now finding vpon due examynation these things rectified, partlie by Lawes established here for the Governm' of the Com- pany: and also by Charters and Privileges confirmed to the Colony, w* a promise of granting farther Privileges when "
,,,,,,,,low,,governour,Governour,Governour,1,1,4,spacy_GPE:1,,,,,,V04-P0200:396,"Wee have taken notice that wednesday the 21% of this moneth is the day appointed by your tres Pattent¢ for choice of a Governour, Deputie, Assistant@, and other Officers of the Summer Island@ Companie;"
,,,,,,,,low,,governuur,Governuur,Governuur,1,1,4,spacy_GPE:1,,,,,,V04-P0071:311,"T humblie crave yo"" pardon if I have not written §vnto you§ so often as you expected, and my dutie hound me: presumeinge that the Governuur had acquainted you with whatsoeu? was worthie your knowledge: We found at our Comeing over the Count"
,,,,,,,,low,,govkin,Govkin,Govkin,1,1,4,spacy_GPE:1,,,,,,V04-P0620:2016,"Govkin, Daniel, 105, 116, 210, 456."
,,,,,,,,low,,great weyanaques,Great Weyanaques,Great Weyanaques,1,1,4,spacy_FAC:1,,,,,,V04-P0621:2233,"Great Weyanaques, 251, Green Cloth, Clerk of, 484."
,,,,,,,,low,,greenland,Greenland,Greenland,1,1,4,spacy_GPE:1,,,,,,V04-P0621:2307,"Greenland, 483, Grevett, —, 104."
,,,,,,,,low,,greenwich,Greenwich,Greenwich,1,1,3,spacy_GPE:1,,,,,,V03-P0749:273,"Greenwich, 654."
,,,,,,,,low,,grindon,Grindon,Grindon,1,1,2,spacy_GPE:1,,,,,,V02-P0031:718,m’ Grindon.
,,,,,,,,low,,grogeran,Grogeran,Grogeran,1,1,3,spacy_GPE:1,,,,,,V03-P0658:243,"makes relation, who then brought home some of it, with which a piece of Grogeran was made, and giuen to Queene Hlizabeth, and some heere who haue liued in the East Indies affirme, that they make all their Cambaya Stuffes of this, and Cotten"
,,,,,,,,low,,gulf,Gulf,Gulf,1,1,4,spacy_LOC:1,,,,,,V04-P0622:54,"CUiGheR: Tobaceo, 26, 49, 1 Gi hee Chit of Gerd, Gulf, 569, Gundry, John, 558, Guns."
,,,,,,,,low,,gummes,Gummes,Gummes,1,1,3,spacy_GPE:1,,,,,,V03-P0557:59,"of sweet Woods, Oyles and Gummes, for pleasure and other vse;"
,,,,,,,,low,,gunston,Gunston,Gunston,1,1,2,spacy_GPE:1,,,,,,V02-P0594:273,"Gunston, Widow."
,,,,,,,,low,,gyles,Gyles,Gyles,1,1,4,spacy_GPE:1,,,,,,V04-P0625:1939,"Jones, Gyles, 556."
,,,,,,,,low,,habitatons,Habitatons,Habitatons,1,1,2,spacy_FAC:1,,,,,yes,V02-P0363:1843,"Att this time through (Gods blessinge) notw™standinge the great mortalities w in some of these fower latter years, haue generally seized vppon all those pts of America and besides the last ||late|| Massacre of aboute three hundred and ffift"
,,,,,,,,low,,hackshawe,Hackshawe,Hackshawe,1,1,3,spacy_GPE:1,,,,,,V03-P0749:1139,"Hackshawe, Thomas, 84, 326."
,,,,,,,,low,,haget,Haget,Haget,1,1,3,spacy_GPE:1,,,,,,V03-P0749:1216,"Haget, Thomas, 539."
,,,,,,,,low,,hamford,Hamford,Hamford,1,1,4,spacy_GPE:1,,,,,,V04-P0622:1422,"Handford, Sir Humphrey (Hamford, Hanford), 80, 90, 91, 214, 294."
,,,,,,,,low,,hamyton,Hamyton,Hamyton,1,1,3,spacy_GPE:1,,,,,,V03-P0749:1951,"Hamyton, Thomas, 84."
,,,,,,,,low,,hancock,Hancock,Hancock,1,1,3,spacy_GPE:1,,,,,,V03-P0749:1973,"Hancock, William, 84, 326."
,,,,,,,,low,,hanford,Hanford,Hanford,1,1,3,spacy_GPE:1,,,,yes,,V03-P0749:2062,"Hanford, John, 84, 326."
,,,,,,,,low,,hannan,Hannan,Hannan,1,1,4,spacy_GPE:1,,,,,,V04-P0622:1569,"Hannan, Thomas, 367."
,,,,,,,,low,,hanne,Hanne,Hanne,1,1,3,spacy_GPE:1,,,,,,V03-P0721:764,"th Patomecks and w ite Easterne shore pdu ceth two Soneanlly the ventinge of much other Hanne are worthie effecté to o"" exceedinge profitt Cloth."
,,,,,,,,low,,hansbie,Hansbie,Hansbie,1,1,3,spacy_GPE:1,,,,,,V03-P0749:2167,"Hansbie, —, 254."
,,,,,,,,low,,harberte,Harberte,Harberte,1,1,4,spacy_GPE:1,,,,,,V04-P0312:411,"duci, Sparke, duci, Thome Wyatt, duci, Brinsley, duci, Willelmto Courtney, duci, Harberte, duci, Clerke, duci, Dewhurste, duei, Johanni Blundell, duci, firyer, duci, Lodovico Orwell, duei, Hdwardo flloyde."
,,,,,,,,low,,harbot,Harbot,Harbot,1,1,3,spacy_GPE:1,,,,,,V03-P0714:972,"JXnowe yee that I S* Francis Wyatt kt Governot & Cap’ generall of Virginia, out of the confidence that I haue in the discretion and valo’of my trustie & welbeloued frend Willm Eden alias Sampson Maister of the good Shipp the Furtherance, no"
,,,,,,,,low,,hare,Hare,Hare,1,1,3,spacy_GPE:1,,,,,yes,V03-P0749:2267,"Hare, Jahn, 84, 327."
,,,,,,,,low,,haresse,Haresse,Haresse,1,1,4,spacy_GPE:1,,,,,,V04-P0622:1688,"Haresse, Edward, 220."
,,,,,,,,low,,harmoun,Harmoun,Harmoun,1,1,2,spacy_GPE:1,,,,,,V02-P0594:1598,"Harmoun, Charles."
,,,,,,,,low,,haruest,Haruest,Haruest,1,1,3,spacy_GPE:1,,,,,yes,V03-P0568:312,"And as Fame diuulgeth (not without probable grounds) their King hath since caused the most part of the Gunpowder by him surprized, to bee sowne, to draw therefrom the like increase, as of his Maize or Corne, in Haruest next."
,,,,,,,,low,,hassel,Hassel,Hassel,1,1,4,spacy_GPE:1,,,,,,V04-P0623:48,"Hassel, —, 89."
,,,,,,,,low,,hast india,Hast India,Hast India,1,1,2,spacy_LOC:1,,,,,,V02-P0017:1512,M’ Roberts presented vnto the Court an Hast India box or Standish w™ he gaue as a testimony of his loue and respect to this Hono”: Company.
,,,,,,,,low,,hatchettes axes shouell spade,Hatchettes Axes Shouell¢ Spade,Hatchettes Axes Shouell¢ Spade,1,1,2,spacy_GPE:1,,,,,,V02-P0015:961,"And further whereas for the performance of this great worke there was a matter of 200"" to be disbursed in necessarie prouisions as namely in Hatchettes Axes Shouell¢ Spade and a stronge lighter (w came to the greatest charge beinge estimate"
,,,,,,,,low,,haveinge,Haveinge,Haveinge,1,1,1,spacy_GPE:1,,,,,yes,V01-P0191:326,"[140] Haveinge made these preparatons wee are in the next place People to peeed to the imployinge of these monneys to the benefitt of the Plantaéon which is to be done in three kindes, ffirst in Supplies of People."
,,,,,,,,low,,haverd,Haverd,Haverd,1,1,2,spacy_GPE:1,,,,,,V02-P0595:644,"Haverd, Lazarus, I, 419."
,,,,,,,,low,,haydon,Haydon,Haydon,1,1,3,spacy_GPE:1,,,,,,V03-P0750:2068,"Hide, Sir Lawrence (Hyde), 84, 326, 592, 593, Haydon, Jeromie, 84."
,,,,,,,,low,,haywood,Haywood,Haywood,1,1,4,spacy_GPE:1,,,,yes,,V04-P0623:328,"Haywood, James, 365."
,,,,,,,,low,,hazardous,Hazardous,Hazardous,1,1,3,spacy_GPE:1,,,,,,V03-P0630:1011,"night and daye for the safetie of the rest of the Howses, of the Cattlle, and of the corne w shalbe planted, and many must be sent owt against the Indyans, that we may be the more quiett and safe at home, neyther can wee now plant corne in "
,,,,,,,,low,,hberos,Hberos,Hberos,1,1,4,spacy_GPE:1,,,,,,V04-P0308:1954,"], dicunt quod ipsi non intendunt quod dictus dominus Rex nune ipsos Nicholaum ffarrer [et al—the same 24 names, “Hberos homines”’, ete."
,,,,,,,,low,,hearne,Hearne,Hearne,1,1,3,spacy_GPE:1,,,,,,V03-P0750:85,"Hearne, Richard, 84."
,,,,,,,,low,,heeeleoon,Heeeleoon,Heeeleoon,1,1,1,spacy_GPE:1,,,,,,V01-P0184:1215,"Farle of South- The Karle of Southampton acquainted this Courte that himselfe w™ aa the rest of the Lords and gentlemen requested thervnto by the last desire to his Ma"": Quarter Courte had presented their humble desires vnto his Ma"" for for"
,,,,,,,,low,,heinp,Heinp,Heinp,1,1,3,spacy_GPE:1,,,,,,V03-P0737:2527,"Heinp, skilled workers needed for, 257."
,,,,,,,,low,,hekeaiichenen,Hekeaiichenen,Hekeaiichenen,1,1,4,spacy_GPE:1,,,,,,V04-P0072:2574,"the massacre being seconded with Hekeaiichenen | penal] sieknes, insomuch as wee haue lost I beleive few lesse then 500, : and not manic of the rest that haue not knockt at the doores of death."
,,,,,,,,low,,henage,Henage,Henage,1,1,3,spacy_GPE:1,,,,,,V03-P0746:1627,"Finch, Henage, 65."
,,,,,,,,low,,henerico ileand,Henerico Ileand,Henerico Ileand,1,1,3,spacy_GPE:1,,,,,,V03-P0627:508,"These are to authorise Capt Roger Smyth to haue absolute power and The Signett Comand in all matters of warr, over all the people both in Henerico Tleand and Coxendale, and to charg & comand all the said people, both in Henerico Ileand and "
,,,,,,,,low,,henerico tleand,Henerico Tleand,Henerico Tleand,1,1,3,spacy_FAC:1,,,,,,V03-P0627:804,"Requiring the said Capt Roger Smith to vse all care and vigi- Jancie, for the safe bringeing away of all the said people, and cattell, and goode at Henerico Tleand and Coxendale, and to obserue such further cofmand¢ and instruccions, as he "
,,,,,,,,low,,henrico price,Henrico Price,Henrico Price,1,1,4,spacy_GPE:1,,,,,,V04-P0314:1478,"Tobie Sneede, Georgio Barkley, Arthuro Pott, Thome Carles, Willelmo Barkley, Thome Johnson, Alexandro Bentts, duci, Willehmo Kinge, Georgio Sands, generoso, Jacobo White, generoso, Ndwardo Wynn, Charolo Towler, Ricardo Reynolds, Edwardo Web"
,,,,,,,,low,,henrico reynolds,Henrico Reynolds,Henrico Reynolds,1,1,4,spacy_GPE:1,,,,,,V04-P0312:1728,"armigero, Johanni Moons, armigero, Hugoni Brouke, armigero, Davidi Waterhouse, armigero, Anthonio Aweher, armigero, Ruberto Bow- yer, armigero, Radulfo Ewens, armigero, Zacharie Jones, armigero, Ceorgio Calvert, samigero, Willelme Dobson, a"
,,,,,,,,low,NW-010,henricum,Henricum,Henricum,1,1,3,spacy_GPE:1,,,,,,V03-P0717:507,In dei nomine Amen Audité vis et intellect@ ac plenarie et mature discuss p nos Henricum Marten milité lezu? deorem? supreme Curie sue Matis Ad- miralitatis Anglie locu? tenen? siue presiden? Itime constitut Meritis et circumstantiis cuiusd
,,,,,,,,low,,herba,Herba,Herba,1,1,4,spacy_GPE:1,,,,,,V04-P0609:612,"Herba, 588."
,,,,,,,,low,,herberte,Herberte,Herberte,1,1,1,spacy_GPE:1,,,,,,V01-P0138:663,m’ Herberte.
,,,,,,,,low,,hereras his tory,Hereras His[30]tory,Hereras His[30]tory,1,1,3,spacy_GPE:1,,,,,,V03-P0573:1681,"which (for their better securitie and satisfaction) was accordingly performed and ratified, as it is to be seene in Hereras His[30]tory of the West Indies."
,,,,,,,,low,,heresy,Heresy,Heresy,1,1,3,spacy_GPE:1,,,,,,V03-P0002:1274,"2 It will rayse vndisputably, two pen-adversaries of diuers sortes: The first are perfect Spaniards, who will defend y* title vpon y® Donation, of Alexander, w* is so grounded vpon the principles of theyr religion y* some of ther best autho"
,,,,,,,,low,,hest india schoole,Hest India Schoole,Hest India Schoole,1,1,3,spacy_FAC:1,,,,,,V03-P0658:2061,"Towards the furtherance of the said Hest India Schoole, an vnknowne person hath added the sum of"
,,,,,,,,low,,hibernic,Hibernic,Hibernic,1,1,4,spacy_LOC:1,,,,,,V04-P0320:219,"insignibus et efhigie ut prefertur cum hae inscripcione insculpta in circuitu unius partis, Anglice, rewnd about on the one side, eiusdem, sigillim Regis Magne Britanie, ffrancie et Hibernic, et in cireuitu alterius partis inde, pro consili"
,,,,,,,,low,,highlie,Highlie,Highlie,1,1,3,spacy_GPE:1,,,,,yes,V03-P0750:2485,"Hazard, Miehael, 539, Highlie, Peter, 84."
,,,,,,,,low,,highnes raigne,Highnes Raigne,Highnes Raigne,1,1,3,spacy_FAC:1,,,,,,V03-P0441:959,and of his Highnes Raigne of Scotland the fourtieth.
,,,,,,,,low,,highwayes,Highwayes,Highwayes,1,1,1,spacy_GPE:1,,,,,,V01-P0322:1043,"And that neither the Planter nor Adventurer may’ iustly condempne the appropriatinge of these Comodities hee did likewise propound the vse and end of them, hee wished therfore that the benefitt hereby accuringe may be imployed in buildinge "
,,,,,,,,low,,hispaniola,Hispaniola,Hispaniola,1,1,3,spacy_GPE:1,,,,,,V03-P0573:2202,"Thus haue they in time by industry, patience, and constancy effected this great worke of theirs, notwithstanding to encrease their difficulties also, they were to deale with a most populous & numerous nation, which they ouereame at last: So"
,,,,,,,,low,,hiteh,Hiteh,Hiteh,1,1,3,spacy_GPE:1,,,,,,V03-P0751:317,"Hiteh, John, 65."
,,,,,,,,low,,hlizabeth citie,Hlizabeth Citie,Hlizabeth Citie,1,1,3,spacy_FAC:1,,,,,,V03-P0321:1204,"to be placed at Hlizabeth Citie, with the Companies Deputie: 100."
,,,,,,,,low,OW-011,hngland,Hngland,Hngland,1,1,3,spacy_GPE:1,,,,,,V03-P0242:1387,"Shomack, seven shillings the hundred, whereof great plenty in Virginia, and good quantity will be vented in Hngland."
,,,,,,,,low,,hodges,Hodges,Hodges,1,1,4,spacy_GPE:1,,,,yes,,V04-P0623:1411,"i Hodges, John, 366,"
,,,,,,,,low,,hoge island,Hoge Island,Hoge Island,1,1,4,spacy_LOC:1,,,,,,V04-P0494:897,"(80) Wheras yo"" petioner as well for monies aduentured in y* generall stocke of v"" comp"", as for transporting diuers seruant of bis owne Charge, is to take vp a great quantity of land in Virginia, as also had a pticular patent fro’ y* Comp*"
,,,,,,,,low,,hoggs,Hoggs,Hoggs,1,1,2,spacy_GPE:1,,,,,,V02-P0391:94,"once y° best of all others, butt fell vppon the Poultry, Hoggs, Cowes, Goats and Horses wherof they killed great nombers to y° great greife aswell as ruyne of y° Olde Inhabitants whoe stick not to affirme that these were not onely the best "
,,,,,,,,low,,holiland,Holiland,Holiland,1,1,3,spacy_GPE:1,,,,,,V03-P0751:686,"Holiland, William, 327."
,,,,,,,,low,,holmeden,Holmeden,Holmeden,1,1,3,spacy_GPE:1,,,,yes,,V03-P0751:951,"Holmeden, John, 396, 397, 405, 426."
,,,,,,,,low,,home,Home,Home,1,1,4,spacy_GPE:1,,,,,yes,V04-P0429:1632,"the naturalls of the cuntrie, to taxe tributes as- well for a treasurie for England as for Virginea, to dispose of the treasurie in Virginca as the councell in England have of the treasurie in Eng- land, To make contractes with the king or "
,,,,,,,,low,,hones,Hones,Hones,1,1,2,spacy_GPE:1,,,,,,V02-P0039:73,oe and fire woes - tsanie nn sndligentnert ms — a Hones as ES esis en & ;
,,,,,,,,low,,honor,Honor,Honor,1,1,3,spacy_GPE:1,,,,,yes,V03-P0236:659,"If then itt may be supposed an Aduancement to y® Collonye, to haue both such who haue suffered many yeares in y® Early dayes of y® buissness vnder his Lo’? the Lo: Lawarr to returne, and manye volluntarye forces to addresse them thithar, as"
,,,,,,,,low,,honorblt,Honorblt,Honorblt,1,1,4,spacy_GPE:1,,,,,,V04-P0530:153,"bedienc amongste us, which as yett we have not questioned, owt of respect to the Lres from the Lois of his mat most Honorblt privy Counsell, as also from your selves, and resolve nott to doe vnles greate necessitie Com- pell us."
,,,,,,,,low,,honour,Honour,Honour,1,1,2,spacy_GPE:1,,,,,yes,V02-P0549:2274,And notw“standinge a multitude of Accident€ and disasters incydent to a new Plantacon in a remote and Sauadge Country: It pleased God to refresh their hopes by such an vndoubted probabillitie of attayninge (at least for the pub- lique of th
,,,,,,,,low,,hopewel,Hopewel,Hopewel,1,1,4,spacy_GPE:1,,,,,,V04-P0024:388,[Indorsed:] The Coppy of my Letter sent to Mf Farrer by the Hopewel.
,,,,,,,,low,,hopkins,Hopkins,Hopkins,1,1,3,spacy_GPE:1,,,,yes,,V03-P0751:1100,"Hopkins, Fabian, 539."
,,,,,,,,low,,houghton,Houghton,Houghton,1,1,3,spacy_GPE:1,,,,,,V03-P0751:1385,"Houghton, Lord."
,,,,,,,,low,,houlden,Houlden,Houlden,1,1,3,spacy_GPE:1,,,,,yes,V03-P0751:1415,"Houlden, William, 84."
,,,,,,,,low,,houses,Houses,Houses,1,1,3,spacy_GPE:1,,,,,yes,V03-P0318:1530,"They fall to building of Houses, each for his owne priuate;"
,,,,,,,,low,,housinge,Housinge,Housinge,1,1,4,spacy_GPE:1,,,,,yes,V04-P0534:650,"The number of Housinge was proporfonably encreased, and the manner of building much bettered."
,,,,,,,,low,,hranchesias,Hranchesias,Hranchesias,1,1,4,spacy_GPE:1,,,,,,V04-P0363:1290,"marinas predictas omnes et omnimodas mercandizas, mereimonia ct alias res quascunque per leges et statuta huius regni Aneglie prohibitas transportari, acetiam transportare extra hoe regnum Anglie in partes transmarinas predictas omnia gener"
,,,,,,,,low,,hudson,Hudson,Hudson,1,1,3,spacy_LOC:1,,,,yes,,V03-P0585:1330,"For the Sea wherein Master Hudson did winter, which was first discouered by him, and is therefore now called Mretum Hudson, doth stretch so farre towards the west, that it lieth as farre westward as the Cape of Florida: So that from the Fal"
,,,,,,,,low,,hudson strait,Hudson Strait,Hudson Strait,1,1,3,spacy_LOC:1,,,,,,V03-P0751:2405,"Hudson Strait, 541, 542."
,,,,,,,,low,,huing,Huing,Huing,1,1,4,spacy_GPE:1,,,,,yes,V04-P0248:334,I John Smyth will supply my servants now Huing in Virginia in Berckley hundreth and such others as this next August I sende ouer to encrease them to the summe (at least) of * * *
,,,,,,,,low,,humblest,Humblest,Humblest,1,1,2,spacy_FAC:1,,,,,yes,V02-P0453:81,to take that further paines to plsent their Humblest thanks to his Ma”: aceordinge to the minde of the Courte w™ was att large expressed.
,,,,,,,,low,,huntingdon,Huntingdon,Huntingdon,1,1,3,spacy_GPE:1,,,,,,V03-P0752:125,"Huntingdon, Henry, Earl of, 84, 281, 325."
,,,,,,,,low,,hunton,Hunton,Hunton,1,1,3,spacy_GPE:1,,,,,,V03-P0752:238,"Hunton, Anthony, Doctor, 84, 327."
,,,,,,,,low,,huppleston,HuppLESTON,HuppLESTON,1,1,3,spacy_GPE:1,,,,,,V03-P0528:109,A COMMISSION GRANTED TO JOHN HuppLESTON
,,,,,,,,low,,hurope,Hurope,Hurope,1,1,3,spacy_GPE:1,,,,,,V03-P0584:1965,"the multitude of great and naui- gable Riuvers, and of safe and spacious harbours, as it were inuiting all Nations to entertaine mutuall friendship, and to participate of those bless- ings which God out of the abundance of his rich Treasure"
,,,,,,,,low,,husbandry,Husbandry,Husbandry,1,1,3,spacy_FAC:1,,,,,yes,V03-P0317:2112,"Out of Deuonshire, about an hundred men, brought vp to Husbandry."
,,,,,,,,low,,hyd,Hyd@,Hyd@,1,1,2,spacy_GPE:1,,,,,,V02-P0050:1911,"Hee hath gotten possession and keepes back our Hyd@ under pre- tence of being Admirall w™ cost our ioynt stock well neare —400""—w""™ a greate deale of toyle and trouble before wee could obtayne them w™ his obsti- nate refusall to deliver the"
,,,,,,,,low,,iackeson,Iackeson,Iackeson,1,1,2,spacy_GPE:1,,,,,,V02-P0256:55,m’ Iackeson.
,,,,,,,,low,,iacob,Iacob,Iacob,1,1,1,spacy_GPE:1,,,,,,V01-P0124:268,"name to the Counsell and m’ Iacob, w m' Iacobb hath pmised to psecute itt, and preferr a bill against him in the Star Chamb’ and so for every informaéon iustly preferred and w™ shall be within 5 milles of London and proveth true they hold i"
,,,,,,,,low,,ianuarie,Ianuarie,Ianuarie,1,1,3,spacy_GPE:1,,,,,,V03-P0119:555,"Tun, sent in Ianuarie 1619."
,,,,,,,,low,,iapan,Iapan,Iapan,1,1,3,spacy_GPE:1,,,,,,V03-P0560:430,"the Discouery whereof will bring forth a most rich trade to Cathay, China, Iapan, and those other of the Hast Indies, to the inestimable benefit of this Kingdome."
,,,,,,,,low,,iatelie,Iatelie,Iatelie,1,1,4,spacy_GPE:1,,,,,,V04-P0202:536,"Yo’ mat€ most humble Supplianté haueing latelie received yo! Mla letter, and in the same theis two Comandmenté, one that no man shall come to their Court@, or Committees, who besides his freedome and Jand, hath not some men nowe, or Iatelie"
,,,,,,,,low,,iayd,Iayd,Iayd,1,1,3,spacy_GPE:1,,,,,,V03-P0410:1343,209 [151] The Accompt of monies Iayd out since M* Tracies depture .
,,,,,,,,low,,idcirco,Idcirco,Idcirco,1,1,3,spacy_GPE:1,,,,,,V03-P0011:1250,Johem Havercombe nup Mium p'fectum sive gubernatorem Navis vocat the Guift of God ptem ream et querelatam: ptibus ex altera vertitur et pendet indeciss rite et ttime procedefi: Partibus pret p earum Proéures Coram nobis in Juditio Ttime Com
,,,,,,,,low,OW-011,iingland,Iingland,Iingland,1,1,3,spacy_GPE:1,,,,,,V03-P0077:804,"Whereas the right Hono™*® Edward Lord Zouch, Lord Warden of the Cinque port@ hath paid One hundred pounds of current mony of England into the hande of the lord Lawarr which mony the said Lord Zouch * * doth aduenture with the said lord Lawa"
,,,,,,,,low,,iland,Iland,Iland,1,1,3,spacy_GPE:1,,,,,,V03-P0288:97,"acres of Land, within the same Iland, to be the Land of the Company."
,,,,,,,,low,,ill,Ill,Ill,1,1,3,spacy_GPE:1,,,,,yes,V03-P0006:35,Ill. King anp Privy Councit.
,,,,,,,,low,,imaginaéon,Imaginaéon,Imaginaéon,1,1,2,spacy_LOC:1,,,,,yes,V02-P0525:844,Yett never the lesse that there might be noe shaddowe of Scandall vppon the Company as if out of willfullnes they would neglect any thinge that might tend to the good of the Plantaéons although the strangness of m’ Edwarde Demaunds w™ hee a
,,,,,,,,low,,imedialie,Imedialie,Imedialie,1,1,3,spacy_GPE:1,,,,,,V03-P0491:228,"35 Item in case of the gouernor death or remouall or suspencon by order fro hence vntill other dyrection fré vs can come wee requicr that the Counsell or Major part of then them then residing in Virginia, doe Imedialie assemble themselues a"
,,,,,,,,low,,importacon,Importacon,Importacon,1,1,2,spacy_LOC:1,,,,,yes,V02-P0324:1876,A Third reason he said might be drawne from the wisedome of the late Assembly of Parliament where it beinge found by euident proufe and the Spanish Marchaunt¢ confession that the Importaéon of Spanish Tobacco into this Realme had hindred th
,,,,,,,,low,,importagon,Importagon,Importagon,1,1,2,spacy_GPE:1,,,,,,V02-P0352:915,"A third reason wee will only touch and soe leaue to yo"" !]”* much deep consid- eraton beinge y° same that moued y® lower howse in y° late assembly of Par- liam‘ to passe a Bill to like effect for the sole Importagon, where it was made manif"
,,,,,,,,low,,importaton,Importaton,Importaton,1,1,2,spacy_GPE:1,,,,,yes,V02-P0371:694,"But this Day haveinge comunicated all the Articles of y* Contract w™ y*® Lords of the Pryuy Counsell about 5 a Clock att night hee sent itt vnto vs by S* Arthur Ingram, signed w™ his hand entire as before onely w™ this intimation y' wheras "
,,,,,,,,low,,imposicéon,Imposicéon,Imposicéon,1,1,1,spacy_GPE:1,,,,,yes,V01-P0135:2175,y° mitigaéon of the Imposicéon re- ferred.
,,,,,,,,low,,improueinge,Improueinge,Improueinge,1,1,3,spacy_LOC:1,,,,,yes,V03-P0482:2199,"And doe therfore verie Ernestlie requier yo"" vttermost helps aswell for the Improueinge of ther labo™, as for the true Account and returne of the pffitts already due, that so that buisines of y* Colledge may goe forward, wt® w"" wee doubt no"
,,,,,,,,low,,inconveniencies,Inconveniencies,Inconveniencies,1,1,2,spacy_FAC:1,,,,,,V02-P0366:2247,"The’ second writing that his Lo? shewed, was, A Relation of y* pro- ceedings of y® Virginia and Sufier lands Companies in answere of some Imputations laid vpon them, together with the discouery of the groundes of such Vniust obiections, and"
,,,,,,,,low,,india,India,India,1,1,3,spacy_GPE:1,,,,,,V03-P0752:834,"India, 547."
,,,,,,,,low,,india schoole,India Schoole,India Schoole,1,1,3,spacy_GPE:1,,,,,,V03-P0659:178,India Schoole
,,,,,,,,low,,indian india,Indian India,Indian India,1,1,4,spacy_LOC:1,,,,,,V04-P0233:954,A Bushell of Indian India? Corne
,,,,,,,,low,,indian ocean,Indian Ocean,Indian Ocean,1,1,3,spacy_LOC:1,,,,,,V03-P0752:846,"Indian Ocean, 573."
,,,,,,,,low,,inferio courte,Inferio* Courte,Inferio* Courte,1,1,2,spacy_GPE:1,,,,,,V02-P0466:1242,"W Letter beinge read after a longe and general! silence in the Court, it was at length taken into consideraéon, whither by the Kings Let- ters Patents the Companie had power to make their elec¢on in any other but a Quarter Court: Wherevpon "
,,,,,,,,low,,informacione,Informacione,Informacione,1,1,4,spacy_GPE:1,,,,,,V04-P0330:1073,] dicant quod ante predictum tempus in Informacione wedicta superius specifieatuim scilicet duedecinio die Martii anno regni dieti domini Regis nune Anglic ete.
,,,,,,,,low,,inhabitinte,Inhabitinte,Inhabitinte,1,1,1,spacy_GPE:1,,,,,,V01-P0048:1961,"Lastly he wished that a fitt hundreth might be sent of woemen, Maid€ young and vneorrupt to make wifes to the Inhabitinte and by that meanes to make the men there more setled & lesse moueable who by defect thereof (as is credibly reported) "
,,,,,,,,low,,inholders,Inholders,Inholders,1,1,3,spacy_GPE:1,,,,,,V03-P0085:305,_- Comp of Inholders.
,,,,,,,,low,,innholders,Innholders,Innholders,1,1,3,spacy_GPE:1,,,,,,V03-P0752:2395,"Innholders, Company of, 85, 327."
,,,,,,,,low,,innocencye,Innocencye,Innocencye,1,1,3,spacy_GPE:1,,,,,yes,V03-P0449:1547,"I will not saye but that itt is much to be desired, that either good men were cofviaunders or els that commaunders were good men but He that plucketh the mightye one from his seate plainlve shewes that Error may sometimes sitt regalie inthr"
,,,,,,,,low,,insomuch,Insomuch,Insomuch,1,1,2,spacy_GPE:1,,,,,yes,V02-P0399:2446,"Insomuch as some who vrged due conform- ity were ||hauel] in contemp' been tearmed men of Lawe, and were excluded from those rights which by orderly proceedings they were elected and sworne vnto here."
,,,,,,,,low,,instructour,Instructour,Instructour,1,1,3,spacy_GPE:1,,,,,,V03-P0679:2094,"so for the same purpose we now commend this Booke vnto you, to serue as an Instructour to euery one, and send you store of them to bee dispersed ouer the whole Colony, to euery Master of a Family one."
,,,,,,,,low,,instrue,Instrue,Instrue,1,1,1,spacy_GPE:1,,,,,,V01-P0222:1930,casas : : ° Mulbery trees & HIS opinion was exceedinglie well done) and haveinge now vnderstood onlering of Silk- of a ffrench book of the same Subiect comended vnto him for an oan See excellent treatise of that kinde) moved that some of th
,,,,,,,,low,,instrum,Instrum,Instrum,1,1,4,spacy_GPE:1,,,,,yes,V04-P0554:726,"Nor cann y® late Companie conceauc, M' Wrote, a fitt Instrum to sett forward the busines;"
,,,,,,,,low,,intending,Intending,Intending,1,1,4,spacy_GPE:1,,,,,yes,V04-P0468:852,"Whereas it is obiected that Robert Guyar abetted Jo® White to make a muteny or deuision among y* shipps Company, it is denied by them both, yt any other order was giuen by the one, or rec’ by thother then to know of the shipps Company, whoe"
,,,,,,,,low,,interast,Interast,Interast,1,1,3,spacy_LOC:1,,,,,,V03-P0416:1444,"Ree of Math Smyth of waneswell, in pte for Interast (besyde 1001 p? St W"" Throckffiton by him) note their resteth 51 more betweene him & 10"" Tohn hiet, for use *____."
,,,,,,,,low,,interest,Interest,Interest,1,1,3,spacy_GPE:1,,,,,yes,V03-P0421:1692,And of like part poréon and quantity of all the pfitt gayne and benifit thereof or that shall any way arise come or growe in vppon or out of the sayd p'misses to all or any of the sayd pties their executors administrato™ and assignes And wh
,,,,,,,,low,,interupt,Interupt,Interupt,1,1,3,spacy_GPE:1,,,,,,V03-P0377:371,"his best skill and knowledge vnto the said plantaGon in Virginia and there to land and put on shore all the said psons and good@ soe shipped of what kind soeu9, Straightley chargeinge and Comaundinge the said William Tracy to sett saile fro"
,,,,,,,,low,,inuly,Inuly,Inuly,1,1,2,spacy_LOC:1,,,,,,V02-P0169:1042,"At the great and generall Quarter Court accordinge to the vsuall manner was first read the preceedent quarter Court held in Inuly last and nex next the Preparatiue Co™ held on ffriday the 22"" of this present Moneth after this was first read"
,,,,,,,,low,,invectives,Invectives,Invectives,1,1,4,spacy_GPE:1,,,,,,V04-P0172:1617,"Neverthelesse so it is may it please yo"" good Lo”, that directlie contrarie {as is Conecived) to your expresse Command as aforesaid, euen some of he cheife Officers, and members of our Court@, who were present when yo"" Lor gaue that Commaun"
,,,,,,,,low,,iointe stock,Iointe Stock¢€,Iointe Stock¢€,1,1,2,spacy_LOC:1,,,,,,V02-P0239:1645,"S"" Robert Killigrewe demaunded first, howe it was in other Compa- nies it was generally acknowledged that all Iointe Stock€ whatsoeuer are managed by one cheife man and next vnder him some other in the nature of a Deputy as the Companie had"
,,,,,,,,low,,iointe stocke,Iointe Stocke,Iointe Stocke,1,1,2,spacy_LOC:1,,,,,,V02-P0179:861,"Wherevpon m’* Deputy asked him howe he would haue it put to the question, Whither that noe order should be made before it had bin considered of by a Comittee (w™ could not but breed a great deale of trouble and vnnecessary delaye to buissin"
,,,,,,,,low,,ionathan,Ionathan,Ionathan,1,1,1,spacy_LOC:1,,,,,,V01-P0230:790,"Hee further signified that they had receaved f+ther certificate of the saffe Arivall of all their Ships sent the last Springe, as namely the Frauncis Bona Venture w™ all their people save one, the Tryall and Faulcon w"" all their Passengers "
,,,,,,,,low,,iosua,Iosua,Iosua,1,1,2,spacy_GPE:1,,,,,,V02-P0104:587,"A Certificate beinge presented in Court vnder the hand of diuers therein named, certifyinge that Iames Darey is the next heire of Iosua Darey who was lately slaine in Virginia: The Court ordered that forsomuch as this Certificate was testif"
,,,,,,,,low,,iotan,Iotan,Iotan,1,1,2,spacy_GPE:1,,,,,,V02-P0596:1360,"To Berkeley Hundred, I, 135 To George Yeardley, I, 130 See also Plantations Iotan, II, 483."
,,,,,,,,low,,ireland planter,Ireland Planter,Ireland Planter,1,1,1,spacy_GPE:1,,,,,,V01-P0366:326,To Daniell Gookin of Corke in Ireland Planter x° 300 psons.
,,,,,,,,low,,ironn,Ironn,Ironn,1,1,1,spacy_GPE:1,,,,,,V01-P0152:1556,Tron for w® are sent 150 psons to sett vpp three Iron work€ proofe haveinge beene made of the extraordinary goodnes of that Ironn.
,,,,,,,,low,,ironworks,Ironworks,Ironworks,1,1,2,spacy_LOC:1,,,,,,V02-P0399:840,"Itt is true y* the Ironworks are wasted & y®° men dead, but y* was by the Massacre w™ if itt had not happened ther had been a good proofe of y* Comodity."
,,,,,,,,low,,isaack,Isaack,Isaack,1,1,4,spacy_GPE:1,,,,,,V04-P0630:376,"Mighell, Isaack, 365."
,,,,,,,,low,,itmas,Itmas,Itmas,1,1,3,spacy_GPE:1,,,,,yes,V03-P0292:1220,"Item That the said Willm Wye had and gained for and by re * * * passingers and Tobacco transported * * * ynto England and for fraight therevpon or by reason thereof the some of 2000"" of lawfull English money Et * * * et tanta suma qualis et"
,,,,,,,,low,,ivnes,Ivnes,Ivnes,1,1,4,spacy_GPE:1,,,,,,V04-P0138:1547,"To wh is answered that it is too grosse a selene ""contradiction of themsclues|| to say that the psons nowe remayninge in Virginia were sent thither at the Charge of the 80000"" publiq, stock in the Deelaraéon menconed whereas theriselues Con"
,,,,,,,,low,,ixden,Ixden,Ixden,1,1,4,spacy_GPE:1,,,,,,V04-P0129:91,"pounds & a boue for w™ wee boath stand bound, & also haueing Ixden in the said shipp diuers goods and seruauts of ny owne, & my selfe being : pte owner of the said shipp & finding diuers of the said goods & puitiones to be Consumed & spent "
,,,,,,,,low,,jackson,Jackson,Jackson,1,1,3,spacy_GPE:1,,,,yes,,V03-P0753:499,"Jackson, Henry, 85, 327."
,,,,,,,,low,,jacobson,Jacobson,Jacobson,1,1,4,spacy_GPE:1,,,,yes,,V04-P0624:2344,"Jacobson, Peter, of Antwerp, 366."
,,,,,,,,low,,james citty december,James Citty December,James Citty December,1,1,4,spacy_FAC:1,,,,,,V04-P0454:262,"to be in all things fullie exeeuted, ffurther Charging & Comaunding all psons vnder his comaund to yeild ready obedyence in y* execution of this warrent, as they will answer y® contrarie at ther vttmost peril, Giuen at James Citty December "
,,,,,,,,low,,james citty deeeml,James Citty Deeeml,James Citty Deeeml,1,1,4,spacy_FAC:1,,,,,,V04-P0450:571,"ffurther Chargeing & Comaunding all psons throughout the said plantacons to yeild ready obedyenee, & to be ayding & assisting to y* ssaid cap’ Win Tucker in y® exeeution of this Warrent, as they will answer the Contrary to ther perills Give"
,,,,,,,,low,NW-003,james city ap,James City 3 Ap,James City 3 Ap,1,1,4,spacy_GPE:1,,,,,,V04-P0237:1036,Wiltm Row!lsley from James City 3 Ap.
,,,,,,,,low,NW-003,james cyty,James Cyty,James Cyty,1,1,3,spacy_FAC:1,,,,,,V03-P0306:1808,your boatewryght dyed soone after his landing at James Cyty whereby I have no meanes so speedily to sett vp the new shallop for transporting the people and theire pvisions y* had I not A shallop of my owne to employ that way I know not what
,,,,,,,,low,,jands,Jands,Jands,1,1,4,spacy_GPE:1,,,,,,V04-P0370:1418,"], because, as to baving and claiming the following liberties, privileges, and franchises, namely, that the same free men and adventurers and planters of the afuresaid city of London for the first colony in Vir- ginia be incorporated by the"
,,,,,,,,low,,jane,Jane,Jane,1,1,4,spacy_GPE:1,,,,,,V04-P0623:1173,"Hilton, Jane, 166."
,,,,,,,,low,,januat,Januat,Januat,1,1,3,spacy_GPE:1,,,,,,V03-P0434:223,"James-Cittve, Januat, 21° A."
,,,,,,,,low,,japan,Japan,Japan,1,1,3,spacy_GPE:1,,,,,,V03-P0753:1458,"Japan, 548, 573."
,,,,,,,,low,,jarrat,Jarrat,Jarrat,1,1,3,spacy_GPE:1,,,,,,V03-P0760:1204,"Moore, Jarrat, 566, Moore, Jd."
,,,,,,,,low,,jasper,Jasper,Jasper,1,1,3,spacy_GPE:1,,,,,,V03-P0744:197,"Draper, Jasper, 593."
,,,,,,,,low,,jaw,Jaw,Jaw,1,1,4,spacy_GPE:1,,,,,,V04-P0375:1139,"], for the time aforesaid specified in the information aforesaid, were and are and elaim to bea body ineorporated by the name of the Treasurer and Conipany of Adventurers and Planters of the aforesaid City of Loudon for the First Colony in "
,,,,,,,,low,,jawes,Jawes,Jawes,1,1,3,spacy_GPE:1,,,,,,V03-P0173:2196,"This afternoon the comitties brought in a reporte, what they had done as concerning the thirde sorte of Jawes, the discussing whereof spente the residue of that daye."
,,,,,,,,low,,jaylo,Jaylo,Jaylo,1,1,3,spacy_GPE:1,,,,,,V03-P0502:761,"and amongst them those of the Prov[ost} [162] Marshalle, and Jaylo™, whereof we haue dayly great Com- plaint€."
,,,,,,,,low,,jegale,Jegale,Jegale,1,1,4,spacy_GPE:1,,,,,,V04-P0323:2392,"Et ulterius idem Dominus Rex secum reputans bonum et felicem successuim predicte plantacionis precipue pendere proxime sub benediccione dei et subleva- mine regie sue authoritatis super provida et bona directione totius conatus, Anglice, en"
,,,,,,,,low,,jeggon,Jeggon,Jeggon,1,1,2,spacy_GPE:1,,,,,,V02-P0597:341,"Jeggon, Bishop of Norwich."
,,,,,,,,low,,jeiuetenauntes,Jeiuetenauntes,Jeiuetenauntes,1,1,4,spacy_GPE:1,,,,,,V04-P0430:2273,"Tn time of peace they shall bee and have the authoritie of our Jeiuetenauntes of sheires in England, to appoynte the commaunders of our men at armes, see them trayned, to looke to their armes and watches."
,,,,,,,,low,,jelousies,Jelousies,Jelousies,1,1,3,spacy_GPE:1,,,,,,V03-P0255:2568,"And whosoeuer do so, shall in my conceipte do far better, then those others (who they were, 1 knowe not) that by the Marigolde putt this gouernour for the tine (whenas I serued him w'' the greatest fidelity and zeale that was possible) into"
,,,,,,,,low,,jeolesly,Jeolesly,Jeolesly,1,1,3,spacy_GPE:1,,,,,,V03-P0128:345,"prayse vnio the Allmyghty for the same, that therefore being I am assured you tender most deerly the welfare of this plantation you would be pleased my tyme of 3 yeares being expired in the Goverment, to comend vnto the good regard of the C"
,,,,,,,,low,,jeremy,Jeremy,Jeremy,1,1,3,spacy_GPE:1,,,,,,V03-P0754:2330,"Lampin, Jeremy, 539."
,,,,,,,,low,,jeromie,Jeromie,Jeromie,1,1,3,spacy_GPE:1,,,,,,V03-P0750:2076,"Hide, Sir Lawrence (Hyde), 84, 326, 592, 593, Haydon, Jeromie, 84."
,,,,,,,,low,,joakim,Joakim,Joakim,1,1,4,spacy_GPE:1,,,,,,V04-P0600:1045,"Andrews, Joakim, 556."
,,,,,,,,low,,joakley,Joakley,Joakley,1,1,3,spacy_GPE:1,,,,,,V03-P0753:1911,"Joakley, Robert, 501."
,,,,,,,,low,,johannes kirrell,Johannes Kirrell,Johannes Kirrell,1,1,4,spacy_GPE:1,,,,,,V04-P0366:849,") de et in libertates privilegias et ffranehe- sias predieta amodo nullatenus se intromittant nec corum aliquis intro- mittat sed ab omni usu et clameo eorundem et eorum cuiuslibet exelu- dantur ct corum quilibet exeludatur, quodque preciet"
,,,,,,,,low,,john smyth,JOHN SMYTH,JOHN SMYTH,1,1,3,spacy_GPE:1,,,,,,V03-P0420:716,"InDENTURE BETWEEN GEORGE THORPE, AND Ropert OLDES- WORTH AND JOHN SMYTH"
,,,,,,,,low,,jonas,Jonas,Jonas,1,1,3,spacy_GPE:1,,,,,,V03-P0728:1560,"Alport, Jonas, 569."
,,,,,,,,low,,jong,Jong,Jong,1,1,4,spacy_GPE:1,,,,,,V04-P0085:757,"Being nowe my self in person to goe for Virginia, [ should hee verry glad to serue his Ma'’ in such an employment as myght giue his Ma*® good satisfaction, and not bee an hindrance or peraduenture an vndoing to mec, hy detayning mee too Jon"
,,,,,,,,low,,jonge,Jonge,Jonge,1,1,4,spacy_GPE:1,,,,,,V04-P0582:954,"The Gouernor hath Jonge expected a Suecessor and y* necessitie of y* estate compelleth him not to putt of any longer his retourne for Englande, w' [suitx?] the pourpose also, for w*' though we hope it is alredy pvided, yett holde it our dut"
,,,,,,,,low,,jourdan,Jourdan,Jourdan,1,1,2,spacy_GPE:1,,,,,,V02-P0598:239,"Jourdan, Mrs."
,,,,,,,,low,,jsekip,Jsekip,Jsekip,1,1,4,spacy_GPE:1,,,,,,V04-P0297:1275,"For in y° Ryu? of Jsekip vpon y* Coast of Guyanay being aboard one Martin Tiffe a Flushinger, they had all plotted to leaue me & forsake the Barke, as vniler ther handes in wrighting shall appeare, further T demanded of them, y‘ if I Could "
,,,,,,,,low,,judgm,Judgm,Judgm,1,1,3,spacy_GPE:1,,,,,,V03-P0691:864,"and that it was the first offence fo[r] w*® the peticon? was questioned, and for that also it is hoped that he will proue an honest man, the Lord Maior and Recorder of London have repriued him before Judgm* as by Certificate vnder their han"
,,,,,,,,low,,judici,Judici,Judici,1,1,3,spacy_LOC:1,,,,,,V03-P0011:2370,Johem Havercombe nup Mium p'fectum sive gubernatorem Navis vocat the Guift of God ptem ream et querelatam: ptibus ex altera vertitur et pendet indeciss rite et ttime procedefi: Partibus pret p earum Proéures Coram nobis in Juditio Ttime Com
,,,,,,,,low,,jure,Jure,Jure,1,1,3,spacy_GPE:1,,,,,,V03-P0426:984,"pnsa Causa et citra revocatoem * * * in hac Causa pro eodem exercent@ ad omnem quemcuq, Juris effectum exinde quovismodo sequi valefi dicit allegat et in hiis seripte in Jure proponit articulatim prout sequit*"
,,,,,,,,low,,jvne,Jvne,Jvne,1,1,4,spacy_GPE:1,,,,,,V04-P0261:1127,0500:00:00 Wh Ship wee hope is allredie arived there The Godsguifte likewise w°h departed the becininge of Jvne carried aboue 46 hogsheads of Pease §meale§ and Meale Oatemeale
,,,,,,,,low,,keascy,Keascy,Keascy,1,1,4,spacy_GPE:1,,,,,,V04-P0608:1304,"Kersey (Keascy) suits, 278, 279."
,,,,,,,,low,,kecketan,Kecketan,Kecketan,1,1,3,spacy_LOC:1,,,,,yes,V03-P0754:1224,"Kiceowtan (Kecketan, Kequoughtan, Keyeotan, Kiquotan), 100, 101, 114, 173, 227, 612, 623, 664."
,,,,,,,,low,,kensington,Kensington,Kensington,1,1,4,spacy_GPE:1,,,,,,V04-P0625:2569,"Kensington, Henry, Lord, 214."
,,,,,,,,low,,kentishmen,Kentishmen,Kentishmen,1,1,1,spacy_GPE:1,,,,,,V01-P0024:794,"It was agreed vpon the moéon of S' Dudley Diggs and 8"" Thomas Gates vnto the Court about a Pattent to be graunted vnto sundry Kentishmen, who would seate and plant themselues in Virginia, that they should haue as Large priuiledges and imuni"
,,,,,,,,low,,kequohtan,Kequohtan,Kequohtan,1,1,3,spacy_GPE:1,,,,,,V03-P0231:2070,and are to Choose ther divident alonge the banke of the great riuer betweene Kequohtan and Newport¢ Newes:
,,,,,,,,low,NW-012,kequoughtan,Kequoughtan,Kequoughtan,1,1,3,spacy_GPE:1,,,,,,V03-P0754:1234,"Kiceowtan (Kecketan, Kequoughtan, Keyeotan, Kiquotan), 100, 101, 114, 173, 227, 612, 623, 664."
,,,,,,,,low,,keycotan,Keycotan,Keycotan,1,1,3,spacy_GPE:1,,,,,,V03-P0680:1929,"Know yee that I s"" ffrancis Wyatt knight & Cap' generall of Virginia, out of y° true knowledge of the discretion and sufficiency of Capt William Tucker in all martiall discipline & other afficiences of y* like nature do giue and grant vnto "
,,,,,,,,low,,keyes,Keyes,Keyes,1,1,4,spacy_GPE:1,,,,,,V04-P0625:2665,"Keyes, Nir John, 234."
,,,,,,,,low,,keyth,Keyth,Keyth,1,1,4,spacy_GPE:1,,,,,,V04-P0625:2687,"Keyth, —, 457."
,,,,,,,,low,,kicawtan,Kicawtan,Kicawtan,1,1,3,spacy_GPE:1,,,,,,V03-P0177:868,"And the like shall they performe that come from Kicawtan ward, or from any place between this and that, to go upwarde, upon paine of forfaiting ten pound sterling a time to the Governor."
,,,,,,,,low,,kicecowtan,Kicecowtan,Kicecowtan,1,1,3,spacy_GPE:1,,,,,,V03-P0105:1620,paying for every fifty Acres the yearly free Rent of one Shilling to the said treasurer and Company and their Successors at one Entire payment on the feast day of St Michaci the archangel for ever And in regard that by the singular industry
,,,,,,,,low,,kiceowtan,Kiceowtan,Kiceowtan,1,1,3,spacy_GPE:1,,,,,,V03-P0754:1213,"Kiceowtan (Kecketan, Kequoughtan, Keyeotan, Kiquotan), 100, 101, 114, 173, 227, 612, 623, 664."
,,,,,,,,low,,kickoghtan,Kickoghtan,Kickoghtan,1,1,3,spacy_GPE:1,,,,,,V03-P0628:1250,"your Comaundg, as farr as the necessetie of our pute affayrs will pmitt, But since our last by the George dated in Januarie 1621 k itt hath pleased God for ou’ manyfo[/d] sinns to laye a most lamentable Afflictione vppon this Plantacon, by "
,,,,,,,,low,,kicowtan,Kicowtan,Kicowtan,1,1,3,spacy_GPE:1,,,,,,V03-P0284:216,"First, we ordaine and require, that in conuenient time, after the sight and publication hereof, the foure ancient generall Burroughs, called ames City, Henrico, Charles City, and Kicowtan, (which hereafter shall be called Elizabeth City, by"
,,,,,,,,low,,kieotan,Kieotan,Kieotan,1,1,4,spacy_GPE:1,,,,,,V04-P0066:152,"good liquor lasted, after he Consorted with Captaine Whitacres (a man of no good example) with whom he is gone inte Kieotan, vet wheresocuer he bee, he shall not bee without the reach of my Care, nor want for anie thing that I or my Credit "
,,,,,,,,low,NW-012,kieoughtan,Kieoughtan,Kieoughtan,1,1,4,spacy_GPE:1,,,,,,V04-P0626:14,"Kicotan (Kieoughtan, Keyeotan), 285, 499, 512."
,,,,,,,,low,,kigoton,Kigoton,Kigoton,1,1,3,spacy_GPE:1,,,,,,V03-P0079:1045,To the Ranger of y° forest at Kigoton to take up Indians.
,,,,,,,,low,,kikatan,Kikatan,Kikatan,1,1,2,spacy_GPE:1,,,,,,V02-P0036:1475,| The greevances of certayne Inhabitants of Kikatan in Virginia now called Eliza- beth Citty by the testimony of William Kemp for thees named and divers others* Humbly sheweth y* William lulian was by Capt: Argall then Gouernor allotted vnt
,,,,,,,,low,,killegrews,Killegrews,Killegrews,1,1,4,spacy_GPE:1,,,,,,V04-P0244:1248,"And whall to relate to both the Ambassaders the fauour he hath resolued vpon §for thems§ in the Admiraltie busines, and when yo"" are in theis discourses, that yo"" inquire of the Ambassaders, what they thinke may bee the reason of this extre"
,,,,,,,,low,,kingdoms,Kingdoms,Kingdoms,1,1,4,spacy_GPE:1,,,,,yes,V04-P0559:2148,"And this encouragem' would be greatly encreased, if by his Mat Royall authoritie, w' consent of Parliament, bothe Plantaéons might be annexed to y° Imperiall Crowne of this Realme, according vnto y* comendable pollicie of some other great K"
,,,,,,,,low,,kinswoman,Kinswoman,Kinswoman,1,1,2,spacy_LOC:1,,,,,,V02-P0405:531,"After the rising of y® Virginia Court this day being y° Last of Aprill, Iames Dauies brought these Two wittnesces to proue that he was y° imediate heire to his deceased vnckle Walter dauies that dyed in his passage to Virginia, viz** Rebecc"
,,,,,,,,low,,kiquoughtan,Kiquoughtan,Kiquoughtan,1,1,3,spacy_GPE:1,,,,,,V03-P0079:963,To M® of Ships not to let their sailors go ashore or talk with y® people at Kiquoughtan
,,,,,,,,low,,kirkham,Kirkham,Kirkham,1,1,3,spacy_GPE:1,,,,,,V03-P0754:2063,"Kirkham, Walter, 85, 328."
,,,,,,,,low,,kkyngston,Kkyngston,Kkyngston,1,1,3,spacy_GPE:1,,,,,,V03-P0754:2223,"Kkyngston, Felix, Printer, 540, 579, 661."
,,,,,,,,low,,kleaven,Kleaven,Kleaven,1,1,1,spacy_GPE:1,,,,,,V01-P0201:1200,Elizabeth Smale Widdowe in her peticon desyred that the Company would please to take into their hands the dividend allotted vnto her Husband in Virginia in consideraéon of his Kleaven years service thervnto the Company that they would besto
,,,,,,,,low,,knowles,Knowles,Knowles,1,1,4,spacy_GPE:1,,,,yes,,V04-P0626:2491,"Knowles, Thomas, 365."
,,,,,,,,low,,konwan,Konwan,Konwan,1,1,3,spacy_GPE:1,,,,,,V03-P0754:2209,"Konwan, 103."
,,,,,,,,low,,kugland,Kugland,Kugland,1,1,4,spacy_LOC:1,,,,,,V04-P0054:1580,"all the Tobacco that shalbee made both in Virginia and the Summer IJsland@€ into this Realne of Kugland and not otherwhere, weh as it would increase and aduance the plantaéons so the quantities that wilbee brought in wilbee so erent that we"
,,,,,,,,low,,kwens,Kwens,Kwens,1,1,1,spacy_GPE:1,,,,,,V01-P0253:160,m' Kwens.
,,,,,,,,low,,l ch,L2ch,L2ch,1,1,4,spacy_GPE:1,,,,,,V04-P0238:1450,S’ Francis Wyatt to his Father 4 Ap: 1623) The Contract wth Capt he fart dueeted L2ch is made voyd by his death all in the Shipp pretending vtter disabilitie to be bust im to vndertake it and it seemes he did but conievture lauing neu? verw
,,,,,,,,low,,l threas,L Threas,L Threas,1,1,4,spacy_LOC:1,,,,,,V04-P0128:1601,$then$ by me to my L Threas.
,,,,,,,,low,,laborinth,Laborinth,Laborinth,1,1,1,spacy_LOC:1,,,,,,V01-P0043:533,"if all these men come in w™ their Accounts for all their tyme, what a confusion & disturbance will ensue thereof? shall wee deny that to them w* wee allowe vuto 0° selues? or shall wee admitt of their demaundé and sett them out Land accordi"
,,,,,,,,low,,lacobbs,Lacobbs,Lacobbs,1,1,1,spacy_GPE:1,,,,,,V01-P0124:1613,After some dispute m' Alderman Iohnson and m™ Cranmer was entreated when they rise to goe to m' Iacobb who had reason to respect them consideringe the pryveledge of their Pattent and the manner of his graunt by easinge and releivinge them i
,,,,,,,,low,,lading,Lading,Lading,1,1,1,spacy_GPE:1,,,,,yes,V01-P0032:1227,"The Magazine Shipp being returned from Virginia, and a Packett of wrightings receaued from Abraham Persey the Capemercbant, but not any Lre yet receaued from 8‘ George Yeardley the Gouerno’, the same was now presented to this Court, where i"
,,,,,,,,low,,lady,Lady,Lady,1,1,4,spacy_GPE:1,,,,,,V04-P0616:2577,"De Lawarr, Cecilin, Lady, 187."
,,,,,,,,low,,ladyship,Ladyship,Ladyship,1,1,1,spacy_FAC:1,,,,,,V01-P0095:1729,"The Company vppon her Ladyships request are content, (consideringe the Custome for y° Aduenturo™ Tobacco is not yett sattistied) that the first peell w™ is sould if itt amount to 250"": so much beinge due vnto her vppon her Share shall be pa"
,,,,,,,,low,,laid,Laid,Laid,1,1,1,spacy_GPE:1,,,,,yes,V01-P0059:2165,"But since their times all these publiq, prouisions hauing beene vtterly Laid wast by such meanes as hereafter in due time shall appeare."
,,,,,,,,low,,lampin,Lampin,Lampin,1,1,3,spacy_GPE:1,,,,,,V03-P0754:2322,"Lampin, Jeremy, 539."
,,,,,,,,low,,lancelot,Lancelot,Lancelot,1,1,3,spacy_GPE:1,,,,,,V03-P0742:1403,"Davies, Lancelot, 82, 323."
,,,,,,,,low,,landing,Landing,Landing,1,1,1,spacy_GPE:1,,,,,yes,V01-P0018:1027,"and now questioned by the said Captaine Brewster whither he were Gouerno"" or noe, imagining that at their Landing he had receaued his writt of discharge;"
,,,,,,,,low,,landon,Landon,Landon,1,1,4,spacy_GPE:1,,,,,,V04-P0085:452,"Doeuinent in Public Record Office, Landon."
,,,,,,,,low,,langhton,Langhton,Langhton,1,1,3,spacy_GPE:1,,,,,,V03-P0755:1140,"Langhton, Thomas, 85."
,,,,,,,,low,,large,Large,Large,1,1,2,spacy_GPE:1,,,,,yes,V02-P0595:1049,"Statutes at Large, 1, 50n, 51n, 53n."
,,,,,,,,low,,lastlie,Lastlie,Lastlie,1,1,4,spacy_GPE:1,,,,,yes,V04-P0128:1232,9 Lastlie to admonish them to persist and Inerease in the trae and frequent worship of Almightie God in love and vnitie amongst themselues and in Couragious and judustrious performance of their particular Imploynit®.
,,,,,,,,low,,latter,Latter,Latter,1,1,3,spacy_LOC:1,,,,,yes,V03-P0661:1563,"With the Latter wee haue only proceeded, & according to the enioynement of the Refference, made our answere vnder Captayne Bargraues Handc- wrighting, to the which herewith sent, Wee humbly referr your Lips."
,,,,,,,,low,,laware,Laware,Laware,1,1,4,spacy_GPE:1,,,,,,V04-P0310:2717,"Lisle, Theophilo, domino Howard de Walden, Jacobo Mouniague, episcopo de Bath et Wells, Edwardo, domino Zouche, Thome, domino Laware, Wil-"
,,,,,,,,low,,lawrence,Lawrence,Lawrence,1,1,3,spacy_GPE:1,,,,,,V03-P0734:1580,"Accounts, 404, 436, Camp, Lawrence, 82, 321, Campion, Richard, 568."
,,,,,,,,low,,learninge,Learninge,Learninge,1,1,1,spacy_GPE:1,,,,,yes,V01-P0310:381,"Vppon the Right Honorable the Ea: of Southamptons recomendaéons of m’ Bolton Minister for his honestie and sufficiencie in Learninge, and to vndertake the care and charge of the Mynistry, The Company have been pleased to entertaine him for "
,,,,,,,,low,,ledd,Ledd,Ledd,1,1,4,spacy_GPE:1,,,,,yes,V04-P0091:1150,"Likewise Iron bars and sowes of Ledd, and milstones and Grinstones and Tron furnaces, lye right against the same places sunk and couerd with sand, the water dayly overflowing them."
,,,,,,,,low,,leftenent barklye,Leftenent Barklye,Leftenent Barklye,1,1,4,spacy_GPE:1,,,,,,V04-P0223:1391,"Therefore praye lette me intreat you te wrytte me at large whether Capten Basse or Leftenent Barklye or anye other have anye thinge to doe or clavm anye lande as ther ryghte, for Lanacke noe question yf plese God but to blese us this yeare "
,,,,,,,,low,,legall seall,Legall Seall,Legall Seall,1,1,2,spacy_FAC:1,,,,,,V02-P0017:114,"theris mony iustly due vnto him, and in confirmaéon of y* promisses y° Company haue caused their Legall Seall hervnto to be affixed."
,,,,,,,,low,,lendon,Lendon,Lendon,1,1,4,spacy_GPE:1,,,,,,V04-P0371:401,"lord the King would deign to grant to them a further enlargement and explanntion of the aforesaid grant of privileges and hberties, and that such councillors and other officers should be appointed among them to order and direct their busine"
,,,,,,,,low,,lerrer to jonn,Lerrer to Jonn,Lerrer to Jonn,1,1,3,spacy_GPE:1,,,,,,V03-P0383:2036,"A Lerrer to Jonn lerrar Auaust 25, 1620"
,,,,,,,,low,,lerrer to jonn ferrar,Lerrer to Jonn FERRAR,Lerrer to Jonn FERRAR,1,1,3,spacy_GPE:1,,,,,,V03-P0632:1605,"A Lerrer to Jonn FERRAR APRIL 25, 1622"
,,,,,,,,low,,letrer,Letrer,Letrer,1,1,3,spacy_GPE:1,,,,,,V03-P0414:401,"A Letrer to Jonn FERRAR SEPTEMBER 18, 1620"
,,,,,,,,low,,letrer to johnn smyth,Letrer To JoHNn SmyTH,Letrer To JoHNn SmyTH,1,1,3,spacy_GPE:1,,,,,,V03-P0381:43,"A Letrer To JoHNn SmyTH AuGust 2, 1620"
,,,,,,,,low,,letters patente,Letters Patente,Letters Patente,1,1,2,spacy_LOC:1,,,,,,V02-P0452:622,"Wee doe therfore signifie vnto yo"" that our intenéon was not to exclude from sittinge in yo"" Courts any of those who by authoritie of our Letters Patente haue right to be present att the same, beinge an Adventurer but onely if itt appeare t"
,,,,,,,,low,,levellis,Levellis,Levellis,1,1,2,spacy_GPE:1,,,,,,V02-P0601:1498,"Levellis, Arthur, II, 218."
,,,,,,,,low,,lewet,Lewet,Lewet,1,1,3,spacy_GPE:1,,,,,,V03-P0757:421,"Lewet, John, 85."
,,,,,,,,low,,lhof,Lhof,Lhof,1,1,4,spacy_GPE:1,,,,,,V04-P0251:509,Neverthelese to all this my EL thought fitt to add a thirde course that there shold be a present A connnon and general] Contributon made made by all those of the Company who are any wayc interessed in the business for weh purpose all the na
,,,,,,,,low,,library,Library,Library,1,1,3,spacy_GPE:1,,,,yes,,V03-P0553:295,"Copies in Library of Congress, Harvard University Library, John Carter Brown Library, New York Public Library, New York Historical Society, New- berry Library, British Museum, Lambeth Palace Library !"
,,,,,,,,low,,lieulenant,Lieulenant,Lieulenant,1,1,3,spacy_GPE:1,,,,,,V03-P0754:624,"Keane, Richard, Lieulenant, 570."
,,,,,,,,low,,lieutenant gibs his diuidend,Lieutenant Gibs his Diuidend,Lieutenant Gibs his Diuidend,1,1,3,spacy_FAC:1,,,,,,V03-P0579:523,At Lieutenant Gibs his Diuidend.
,,,,,,,,low,,ligorno,Ligorno,Ligorno,1,1,3,spacy_GPE:1,,,,,,V03-P0323:450,"For Oyle, befides great quantitie to be made out of the Walnuts, growing naturally in Virginia in great abundance, Olcue-Planis are to be prouided from Marfeilles and Ligorno."
,,,,,,,,low,,linen,Linen,Linen,1,1,4,spacy_GPE:1,,,,,,V04-P0608:974,"Linen, 220, 236, 279."
,,,,,,,,low,OW-011,lingland,Lingland,Lingland,1,1,4,spacy_GPE:1,,,,,,V04-P0147:1656,is defalked for duties belonginge to his officer and minister and Tobaecoe beinge decried to 124 he pownd in Virginin (as Mt Nicholas Ferrar affirned at the Councell board it was) then the Planter hath 46° of money for his Tobucroe and the 
,,,,,,,,low,,liquaers,Liquaers,Liquaers,1,1,4,spacy_GPE:1,,,,,,V04-P0628:240,Liquaers.
,,,,,,,,low,,lisle,Lisle,Lisle,1,1,4,spacy_GPE:1,,,,,,V04-P0320:2390,"Et ulterius idem Dominus Rex per easdem litteras patentes suas stabi- livit et ordinavit quod Henricus, Comes Southamptonie, Willelmus, comes Pembroke, Henricus, comes Lineolnie, Thomas, comes Exonie, Robertus, Dominus vicount Lisle, Dominu"
,,,,,,,,low,,liste,Liste,Liste,1,1,3,spacy_GPE:1,,,,yes,,V03-P0757:1377,"Liste, George, 23."
,,,,,,,,low,,littfeld,Littfeld,Littfeld,1,1,4,spacy_GPE:1,,,,,,V04-P0628:964,"Littfeld, Edward, 363."
,,,,,,,,low,,liuing,Liuing,Liuing,1,1,2,spacy_GPE:1,,,,,yes,V02-P0404:756,"Vpon the humble request of Iames Dauies, the Court hath ordered that vpon proofe made, that he is y® imediate heire to his deees deceased vnekle Walter Dauies, his petigon shalbe recomended to the Gouernour & Counsell of Virginia, that he m"
,,,,,,,,low,,livt,Livt,Livt,1,1,4,spacy_GPE:1,,,,,,V04-P0015:54,"selves all possible asistance, Livt."
,,,,,,,,low,,livy,Livy,Livy,1,1,4,spacy_GPE:1,,,,,,V04-P0628:987,"Livy, 439."
,,,,,,,,low,,lo ps,Lo'ps,Lo'ps,1,1,4,spacy_GPE:1,,,,,,V04-P0470:2196,"And therfore yo"" petitioner humblie desireth that seeing they are fallen into a relapse farr more hanious & willfull then ther former error & that ther is so Cleere Muidence against them, & that white said last night, ther should be a trick"
,,,,,,,,low,,loane,Loane,Loane,1,1,1,spacy_GPE:1,,,,,,V01-P0055:1308,"M' TYer desired the allowance of this Court of one thing agreed of by the Auditors and Comittees of the Colledge, w® was that 1400""—od mony in all being receaued of the Collecéon monyes by 8S’ Tho: Smith, of w™ vpon seuerall occasions, ther"
,,,,,,,,low,,londene,Londene,Londene,1,1,4,spacy_GPE:1,,,,,,V04-P0014:519,"‘Predor hath reeenued abooke of accompts eoncerninge the Tobacco sent home for the fiftie youths sent in the dewtie, and the maides in the Jonathan, nd Londene murchant, and of 2407 pownde of Tobacco sent home by the George, 1407"" thereof w"
,,,,,,,,low,,london goldsmith,London Goldsmith,London Goldsmith,1,1,1,spacy_GPE:1,,,,,,V01-P0181:842,Richard Baynam of London Goldsmith.
,,,,,,,,low,,london june,London 21 June 1619,London 21 June 1619,1,1,3,spacy_FAC:1,,,,,,V03-P0150:1906,"A coppy of a letter from the Treasurer and Counsell for Virginia to 8° George Yardly Knight Governo"" of Virginia dated at London 21 June 1619 and sent by the Garland"
,,,,,,,,low,OW-001,londonic,Londonic,Londonic,1,1,4,spacy_GPE:1,,,,,,V04-P0311:275,"lelmo domino Monteagle, Radulpho, domino Eure, Edmundo domino Sheffeild, Grey domino Chandois, ? domino Compton, Johanni, domi- no Peter, Johanni, domino Stanhop, Georgio, domino Carewe, Humfrido Welde, militi, domino maiore civitatis Londo"
,,,,,,,,low,OW-001,londonie,Londonie,Londonie,1,1,4,spacy_GPE:1,,,,,,V04-P0312:1282,"Heurico Woodhouse, duei, Linley, duei, Dexter, duci, Willelmo Winter, duei, erle, duci, Johanni Bingham, duct, Burras, duci, Thome Conway, duci, Rookewood, duci, Willelmo Lovelace, duei, Johanni Ashley, duci, Thome Wynne, duci, Thome Mewtis"
,,,,,,,,low,,lonour,Lonour,Lonour,1,1,4,spacy_GPE:1,,,,,,V04-P0542:1964,"secondly the great discouragem! of sundry not of the meanest both Ad- venturers & Planters, some of them perseus of Lonour, and others also of good quallitte: by whose cares & dabours, together wt their freinds & purses, the Plantation havi"
,,,,,,,,low,,lorpipis,Lorpipis,Lorpipis,1,1,4,spacy_GPE:1,,,,,,V04-P0572:603,"towardes the supportance of his Charges in the solicytinge of theire afiayres, A publique ptestatione beinge mude by the saide m* Powntis, that he would receiue the money by parcels as he should haue oceasione to vse it, and render an accou"
,,,,,,,,low,,los d,Los d,Los d,1,1,3,spacy_GPE:1,,,,,,V03-P0659:87,"by a person not Los d willing as yet to be knowne, was sent in gold to helpe forward the Hast} 25."
,,,,,,,,low,,lothbury,Lothbury,Lothbury,1,1,3,spacy_GPE:1,,,,,,V03-P0757:2066,"Lothbury, 512."
,,,,,,,,low,,lottary,Lottary,Lottary,1,1,1,spacy_GPE:1,,,,,,V01-P0049:1939,"Like- wise Gabriell Barbor [$7] hath promised of Lottary monies to bring in before the end of March 35 hundreth pounde, w™ he intendé accord - ing to the promise made vnto the Lord¢ shall goe to noe other end but the advancement of the Plan"
,,,,,,,,low,,lotterie,Lotterie,Lotterie,1,1,3,spacy_GPE:1,,,,,,V03-P0053:1182,"they haue alleadged, for the purposes in the Bill of Complaynte Con- teyned And this defendant further sayethe ‘That true it is also that hee this defendant was appointed to bee a Receivor of parte of the Lotterrie money, And that there wer"
,,,,,,,,low,,lottrye,Lottrye,Lottrye,1,1,3,spacy_GPE:1,,,,,,V03-P0050:456,"Lotirie, did deuise & compose certen Lottrie bookes to the nomber of seauen bookes wch were distinguished & knowne by three nombers, and did elect and choose out certen knight€ gentlemen & marchanté into whose handes they comitted & putt th"
,,,,,,,,low,,lottrye monye,Lottrye monye,Lottrye monye,1,1,3,spacy_FAC:1,,,,,,V03-P0050:1134,"And therevpon amongst other psons of good sort ranke and degree weh were accordinglie appointed Receyvo™ of the said Lottrye monye, and vnto whome such Lottrie bookes as aforesaid for the purpose aforesaid were deliu?ed William Leveson of t"
,,,,,,,,low,,loudon,Loudon,Loudon,1,1,4,spacy_GPE:1,,,,,,V04-P0167:298,"onelie best maister, hath wrought for me better hopes then formerlic I writ you of for my preferment, wech is that by his Itberall Comendséan of me, and earnest Intreatie for me, As also that good likeing weh that hope- full and religious G"
,,,,,,,,low,,loueing,Loueing,Loueing,1,1,4,spacy_GPE:1,,,,,yes,V04-P0059:335,"Loueing ffather I pray you to vse this man verie exceeding kindly for he hath done much for me, both on my Journy and since, I intreate you not to forget me, but by anie meanes redeeme me, for this day wee heure that there is 26 of English "
,,,,,,,,low,,louis,Louis,Louis,1,1,4,spacy_GPE:1,,,,,,V04-P0631:2514,"Orwell, Louis, Captain, 363."
,,,,,,,,low,,lovelace,Lovelace,Lovelace,1,1,4,spacy_GPE:1,,,,,,V04-P0628:1431,"Lovelace, William, Captain, 264."
,,,,,,,,low,,lowest,Lowest,Lowest,1,1,4,spacy_LOC:1,,,,,,V04-P0001:755,"(2] But # perhapps it wilbe said that this was the Lowest priee rate of the Tobacco and that there was sold at 2° 6"" or 3° p pound: then the com- parison stands thus."
,,,,,,,,low,,lumbarstreet,Lumbarstreet,Lumbarstreet,1,1,4,spacy_GPE:1,,,,,,V04-P0236:724,Hill mercer in Lumbarstreet: How many per-dat’ 14 Ap.
,,,,,,,,low,,lundon,Lundon,Lundon,1,1,4,spacy_GPE:1,,,,,,V04-P0124:949,"[Addressed by self:] To the right Wot his aproued frend Ss"" Edwin Sandes at his howse in Lundon ner all Gate giue these Privy Councit."
,,,,,,,,low,,lune,Lune,Lune,1,1,3,spacy_GPE:1,,,,,,V03-P0243:789,"In the monethe of Lune, bore holes in diuers sorts of 'Trees, whereby you shall see what gums they yeeld, and let them be well dried in the Sunne euery day, and send them home in very dry Caske."
,,,,,,,,low,,lunmfrido,Lunmfrido,Lunmfrido,1,1,4,spacy_GPE:1,,,,,,V04-P0313:1620,"Johauni Gilbert, Willebno Haneocke, Matheo Browuerigg, ffranciseo ‘Purrell, Reannilpno Carter, Othwell Smyth, Thome Honneyman, Martino Bond, haberdusher, Roberto Johnson, Willelrao Younge, Johanni Woodall, Willelino Holgate, Lunmfrido Westw"
,,,,,,,,low,,lxxxvh,LXXXVH,LXXXVH,1,1,3,spacy_GPE:1,,,,,,V03-P0363:746,LXXXVH.
,,,,,,,,low,,ly inge in,Ly[inge]in,Ly[inge]in,1,1,4,spacy_GPE:1,,,,,,V04-P0102:252,"fectione (in great pte) brought in by these shipps, hath * * * them alredie, not only in the losse of ordinary men, but alsoe of theire Com * * * and how inuch fourther it may pceede in the Summer, we know nott, it Ly[inge]in the good puide"
,,,,,,,,low,,lybellers,Lybellers,Lybellers,1,1,2,spacy_GPE:1,,,,,,V02-P0545:535,Soe as some very worthy Lawyers affirmed that the psons that had presented itt except they would maynteyne it had incurred the penalty of Lybellers.
,,,,,,,,low,,lymington,Lymington,Lymington,1,1,3,spacy_GPE:1,,,,,,V03-P0757:2548,"Lymington, 304."
,,,,,,,,low,,m holloway,M'Holloway,M'Holloway,1,1,1,spacy_GPE:1,,,,,,V01-P0111:392,Hee allso signified vnto them of the Ballatinge Box standinge vppé the Table how itt was intended att first an other way as might appeare [83] by the Armes vppon itt butt now m' Holloway had M'Holloway made given itt freely to this Company 
,,,,,,,,low,,maestro,Maestro,Maestro,1,1,4,spacy_LOC:1,,,,,,V04-P0628:2046,"Maestro, Padre, 539."
,,,,,,,,low,,magazineheld,Magazineheld,Magazineheld,1,1,1,spacy_GPE:1,,,,,,V01-P0064:258,The Magazineheld tostand Desperate.
,,,,,,,,low,,magazines,Magazines,Magazines,1,1,4,spacy_GPE:1,,,,,yes,V04-P0207:1121,"For yo"" Ma'® may he pleased to be informed that although the engagement and adventures of the most of them that doe nowe vsually followe and attend the Corte (exeept those only that haue of late opposed the Company) be very greate and too m"
,,,,,,,,low,,magistrates,Magistrates,Magistrates,1,1,4,spacy_GPE:1,,,,,yes,V04-P0448:799,"tolerable and fitt, but that theis delinquenté secing their leaudnes like to be diseouered, should meet the storme in the ferce, and to avoid the obloquie of their offences should be suffred to Compound vnder hand, and vnder a Colo of their"
,,,,,,,,low,,magland,Magland,Magland,1,1,4,spacy_GPE:1,,,,,,V04-P0507:507,Edimondes Sir John Suckling Sir George Calverte sir Edward Couwey Sir Richard Weston aad Sir Julius Cesar to be one) full power and authoritye to take into your Consideracons the state of the saide Colony and plantaéon and to treate consult
,,,,,,,,low,,maieftie,Maieftie,Maieftie,1,1,3,spacy_GPE:1,,,,,,V03-P0320:2398,"not onely for the aduancing of the Plantation in strength and multi- tude of good people, but also for the enriching thereof with store of cattell of diuers sorts, and by setting vp or encreasing such Staple Commodities, as being proper for"
,,,,,,,,low,,maile,Maile,Maile,1,1,3,spacy_GPE:1,,,,,,V03-P0758:612,"Maile, Thomas, 330."
,,,,,,,,low,,maine,Maine,Maine,1,1,3,spacy_GPE:1,,,,,yes,V03-P0639:449,"These are to authorise Capt Roger Smith in all Martiall discipline and affaires, to haue absolute power and cotiiand over all the people, both in Passbehay and the Maine, and to charge & comand all the said people vppon paine of Death to ob"
,,,,,,,,low,,malago,Malago,Malago,1,1,4,spacy_GPE:1,,,,,,V04-P0144:611,"yeures nowe past, but soe little Care was there taken to senél[d|| over Choice planté of the hest kinde of Christendome (as they affirme) that 3° John Ferrar then Deputie did not vouehsafe to send those twoe or three thowsand plante wh Capt"
,,,,,,,,low,,mandeyille,Mandeyille,Mandeyille,1,1,4,spacy_GPE:1,,,,,,V04-P0108:1644,"No, 35 1 ia 9 copy amended in its spelling sent by Mandeyille to Secretary Conway with his letter."
,,,,,,,,low,,mangolleflild,Mangolleflild,Mangolleflild,1,1,3,spacy_GPE:1,,,,,,V03-P0758:868,"Mangolleflild, 186."
,,,,,,,,low,,mansion,Mansion,Mansion,1,1,3,spacy_LOC:1,,,,,,V03-P0445:527,"to George Harrison of Charles Cittee gentleman a newe planter (who hath aboade here three yeares, and hath defrayed the Chardge of his owne passage att his Coffiing hither) and to his heires and assignes for euer, for his first genera lt di"
,,,,,,,,low,,mansion house,Mansion House,Mansion House,1,1,3,spacy_FAC:1,,,,,,V03-P0758:1285,"Mansion House, 483."
,,,,,,,,low,,mantles,Mantles,Mantles,1,1,3,spacy_GPE:1,,,,,,V03-P0243:200,"Old Beuer skins in Mantles, gloues or caps, the more worne, the better, so they bee full of furre, the pound waight is sixe shillings."
,,,,,,,,low,,maplesden,Maplesden,Maplesden,1,1,3,spacy_GPE:1,,,,yes,,V03-P0758:1374,"Maplesden, Richard, 86, 330."
,,,,,,,,low,,marcelles,Marcelles,Marcelles,1,1,4,spacy_GPE:1,,,,,,V04-P0428:132,"Genoa lath three presidentes, soe likewise had Marcelles which is commended by Cicero to be the best."
,,,,,,,,low,,march,March—1619,March—1619,1,1,1,spacy_GPE:1,,,,,,V01-P0151:1677,The Marchant of London—300° Tunn sent in March 1619 w'* —200 psons The Swan of Barnstable —100° Tunn in March—1619 wt® —071 psonns The Bona Venture of | —240° Tunn sent in Aprill 1620 w% —153 psonns
,,,,,,,,low,,marchantaylo,Marchantaylo,Marchantaylo,1,1,2,spacy_GPE:1,,,,,,V02-P0103:1339,"Edward Peirs Cittizen and Marchantaylo* of London, petiGoninge for leaue to administer vpon the estate of one Thomas Peirs his Brother, late inhabitinge neare Mulbery [lands in Virginia (who was there slaine with his wife and child in the l"
,,,,,,,,low,,marchantts,Marchantts,Marchantts,1,1,1,spacy_GPE:1,,,,,,V01-P0064:549,itt And therfore have apoynted a Comittee of select Marchantts to imploy their wholl endeavours for the Compassinge of Shippinge w™ all speed possible;
,,,,,,,,low,,marchaunts,Marchaunts,Marchaunts,1,1,1,spacy_GPE:1,,,,,,V01-P0156:1296,provisions sent this yeare to Virginia sett downe in exact manner after the vse of Marchaunts.
,,,,,,,,low,,mareh,Mareh,Mareh,1,1,4,spacy_GPE:1,,,,,,V04-P0552:2370,"Christmas, & since in Mareh, they haue sent a small quantitie, obteyned"
,,,,,,,,low,,marfeilles,Marfeilles,Marfeilles,1,1,3,spacy_GPE:1,,,,,,V03-P0323:435,"For Oyle, befides great quantitie to be made out of the Walnuts, growing naturally in Virginia in great abundance, Olcue-Planis are to be prouided from Marfeilles and Ligorno."
,,,,,,,,low,,mariag,Mariag,Mariag,1,1,4,spacy_GPE:1,,,,,yes,V04-P0499:859,"Whereas to the great contempt of the Mat of God and ill example to others, certaine Women win this Colony haue of late contrary to the Lawes eclesiasticall of the Realme of England contracted themselues to two severall men at one time, wher"
,,,,,,,,low,,marin,Marin,Marin,1,1,1,spacy_GPE:1,,,,,,V01-P0178:991,tt to lor Marin S2id Henry hath resigned hisshare vnto Iohn Martin Marchanttaylor.
,,,,,,,,low,,mariners,Mariners,Mariners,1,1,4,spacy_GPE:1,,,,,,V04-P0274:132,The ffurr-Adventurers by the wick- ednes of the Captaine and Mariners is quite on'throwne;
,,,,,,,,low,,marketts,Marketts,Marketts,1,1,3,spacy_FAC:1,,,,,,V03-P0492:1377,"41 Item wee pray you likewise to take into yo"" care y° ptexcion of y° people, that they suffer no wrong by y° Engrossing Com° & forestalling the Marketts, Butt preserue them open for all men freely or Indifferently to buy or sell"
,,,,,,,,low,,markhams,Markhams,Markhams,1,1,3,spacy_GPE:1,,,,,,V03-P0408:235,"Markhams and Goovges booke of all kynd of English husbandry and huswifry, and ."
,,,,,,,,low,,marnewe,Marnewe,Marnewe,1,1,4,spacy_GPE:1,,,,,,V04-P0068:562,"Att yo’? Lo’? Comiand Francis West Joun Porr Sauer, Marnewe Rocer SMITH WILLIAM CLAYBOURNE Witttam Tucker Virginia the 30 March 1623"
,,,,,,,,low,,marsellis,Marsellis,Marsellis,1,1,3,spacy_GPE:1,,,,,,V03-P0411:1623,tres from Virginia to Marsellis and thence to him 0 London__.
,,,,,,,,low,,martiall discipline,Martiall Discipline,Martiall Discipline,1,1,3,spacy_LOC:1,,,,,,V03-P0701:335,"Abundance of Munition, w yor selues must take care that both the Publique and Private, be allwaies well stored, w the exercising and training vpp of the people in Martiall Discipline, and carefull preservation of theire Armes, wherein there"
,,,,,,,,low,,martino bond,Martino Bond,Martino Bond,1,1,4,spacy_GPE:1,,,,,,V04-P0313:1522,"Johauni Gilbert, Willebno Haneocke, Matheo Browuerigg, ffranciseo ‘Purrell, Reannilpno Carter, Othwell Smyth, Thome Honneyman, Martino Bond, haberdusher, Roberto Johnson, Willelrao Younge, Johanni Woodall, Willelino Holgate, Lunmfrido Westw"
,,,,,,,,low,,martins,Martins,Martins,1,1,2,spacy_GPE:1,,,,yes,,V02-P0561:2000,"M’ Casewell moved the Court that the two shares w™ hee had passed to m' ffurzman att the last Court as likewise one other share sold him by Capt Bernard, might be the same Three shares that Captaine Bernard drew in his life time in Martins "
,,,,,,,,low,,maryland,Maryland,Maryland,1,1,4,spacy_GPE:1,,,,,,V04-P0629:1212,"Maryland, 63."
,,,,,,,,low,,massachusetts,Massachusetts,Massachusetts,1,1,2,spacy_GPE:1,,,,,,V02-P0611:1789,Plymouth [Massachusetts].
,,,,,,,,low,,masse,Masse,Masse,1,1,1,spacy_GPE:1,,,,,yes,V01-P0284:1241,"Touchinge Tobacco w™ hath been allwaies so generally affected by the Planters in Virginia S' Edwin Sandys signifyed how extreamly displeasinge itt was to the Kinge and scandalous vnto the Plantacon and vnto the whole Company, that notwithst"
,,,,,,,,low,,master walters,Master Walters,Master Walters,1,1,3,spacy_FAC:1,,,,,,V03-P0583:869,At Master Walters his house.
,,,,,,,,low,,mat,Mat,Mat,1,1,3,spacy_GPE:1,,,,yes,,V03-P0734:2396,"Carew, Mat., 39, 41, 44, 45, 52, 57."
,,,,,,,,low,,mathewe,Mathewe,Mathewe,1,1,1,spacy_GPE:1,,,,,,V01-P0202:1552,7) a Ship called the Bona Noua in the yeare 1619 in the Companies service wherin hee still remayneth vnder the Comaund of Captaine Mathewe.
,,,,,,,,low,,mati yearelic reucnew,Mati yearelic Reucnew,Mati yearelic Reucnew,1,1,4,spacy_GPE:1,,,,,,V04-P0025:201,"Pleataéer§ ours of the English Plantaéons, that # Sour Tobacgo§ will not be worth any Sany§ thing at all: And se To preuent both wth Incenveniences, and for the setling both of his Mati yearelic Reucnew, and the good of the Plantacons in Vi"
,,,,,,,,low,,maundeth,Maundeth,Maundeth,1,1,3,spacy_GPE:1,,,,,,V03-P0724:330,"This revolted Indian Kinge in his square Co- Maundeth 32 Kingdoms vnd"" him."
,,,,,,,,low,,maynard,Maynard,Maynard,1,1,2,spacy_GPE:1,,,,yes,,V02-P0603:2296,"Maynard, William, Lord."
,,,,,,,,low,,mcdland,Mcdland,Mcdland,1,1,3,spacy_GPE:1,,,,,,V03-P0759:1557,"Mcdland, Nicholas, 539."
,,,,,,,,low,,meare sieve,Meare Sieve,Meare Sieve,1,1,3,spacy_LOC:1,,,,,,V03-P0460:1978,= 5 Viitesinlantadllten comaunded all the people here to sett vines w* att first they were verie Thousand vpon eb ynwillinge but are nowe better pswaded of it and haue pformed it cheare- i) Colledgerylly FT haue sett for the Colledge nere t
,,,,,,,,low,,megazin,Megazin,Megazin,1,1,3,spacy_FAC:1,,,,,,V03-P0623:763,"That yo"" pet’ growneing vnder y® burthen of theis opp'ssions, hath since his first entering into y° plantaton endeavoured a meanes of redresse aswell for y° publique as for himselfe, and in thend draweinge it to a meathod and forme hee tend"
,,,,,,,,low,,melancholye,Melancholye,Melancholye,1,1,4,spacy_GPE:1,,,,,,V04-P0072:1509,But I pray God their Contemplaéons doe not so ou9swaye our experience that all in thend Come to no thinge: who thinke euYie thing done as soone as Conceived (how unfeasable socu9) and so highten their proceedinges that it is Impos- sible fo
,,,,,,,,low,,memorye,Memorye,Memorye,1,1,3,spacy_GPE:1,,,,,,V03-P0235:1742,"y® Place, and hath succeded the thrice Noble deseased Lo: Lawarr, whose Memorye, for this buissness be euar happye,: vnto whom we suppose, if another, Noble lyke himselfe might haue risen vp, this buissness would haue fownd much willinger f"
,,,,,,,,low,,memoryes,Memoryes,Memoryes,1,1,4,spacy_GPE:1,,,,,,V04-P0136:576,"Phey say That the Companice was left then in debt neere 5000"" [4] But they are desired to sett downe wthail what was left in stocke towarde the paytn® thereof in money Plate and Comodities wih if oT Memoryes faile vs not was not less then 4"
,,,,,,,,low,,mendocino,Mendocino,Mendocino,1,1,3,spacy_GPE:1,,,,,,V03-P0586:1147,"One demonstration of the crafty falshood of these vsuall Maps is this, that Cape Mendocino is set in them West Northwest, distant from the South Cape of California, about seuenteene hundred Leagues, whereas Francis Gaule that was imployed i"
,,,,,,,,low,,meoles,Meoles,Meoles,1,1,3,spacy_GPE:1,,,,,,V03-P0759:1987,"Meoles, Henry, Captain, 86, 330."
,,,,,,,,low,,merchandize,Merchandize,Merchandize,1,1,4,spacy_GPE:1,,,,,yes,V04-P0559:1151,"and yet a great meanes to drawe the Colony to those better courses, w™ no orders of the Companie could yet euer effect: And likewise, that y? Custom™ be restrayned from extorting Custome of goods transported thither for mens perticuler prov"
,,,,,,,,low,,metallina,Metallina,Metallina,1,1,3,spacy_GPE:1,,,,,,V03-P0759:2175,"Metallina, 262."
,,,,,,,,low,,metals,Metals,Metals,1,1,3,spacy_GPE:1,,,,,,V03-P0737:2812,"Metals, 449."
,,,,,,,,low,,mettrickes,Mettrickes,Mettrickes,1,1,3,spacy_GPE:1,,,,,,V03-P0759:2242,"Mettrickes, William."
,,,,,,,,low,,mfranchesias,Mfranchesias,Mfranchesias,1,1,4,spacy_GPE:1,,,,,,V04-P0358:2614,"] quond libertates, privilegia et Mfranchesias illa habenda pre-"
,,,,,,,,low,,michas,Michas,Michas,1,1,2,spacy_GPE:1,,,,,,V02-P0058:896,Whereas they haue receaued from his Ip: the medit of the quantity of Tobacco brought in these seauen last yeares endinge in Michas i62i amountinge to 1420854.
,,,,,,,,low,,mictas,Mictas,Mictas,1,1,3,spacy_GPE:1,,,,,,V03-P0411:949,"Lent M""* Godfry at seu%all tymes in Mictas and Hillary Termes ."
,,,,,,,,low,,middelburg,Middelburg,Middelburg,1,1,3,spacy_GPE:1,,,,,,V03-P0759:2387,"Middelburg, 222."
,,,,,,,,low,,middle temple,Middle Temple,Middle Temple,1,1,2,spacy_LOC:1,,,,,,V02-P0604:439,"Middle Temple, I, 548."
,,,,,,,,low,,middleborough,Middleborough,Middleborough,1,1,2,spacy_GPE:1,,,,,,V02-P0624:558,"Account in Middleborough, I, 570, 572;"
,,,,,,,,low,,middlebrough,Middlebrough,Middlebrough,1,1,1,spacy_GPE:1,,,,,,V01-P0308:136,"The Ship to de- parte for y"" Porte of Middlebrough."
,,,,,,,,low,,midleborough,Midleborough,Midleborough,1,1,4,spacy_GPE:1,,,,,,V04-P0297:1038,"for y"" wrongfull detaining of ther wages so it is y* yo"" petition? wthout order fro’ the TToner is not to pay them any wages here in virginia but y* they are to receaue y"" sume in Midleborough fro’ whence the barke was sett out further shew"
,,,,,,,,low,,milan,Milan,Milan,1,1,4,spacy_GPE:1,,,,,,V04-P0630:389,"Milan, 436."
,,,,,,,,low,,mildmaye,Mildmaye,Mildmaye,1,1,2,spacy_GPE:1,,,,yes,,V02-P0579:940,Mildmaye et al.
,,,,,,,,low,,military,Military,Military,1,1,1,spacy_LOC:1,,,,,yes,V01-P0246:2266,"And further aswell in consideraéon of the Chargeableness, of the enterprise he vndertakes, as also for his better encouragem* there- vnto, he desireth the Company would ||please|| graunt him the place of Marshall in Virginia, which office h"
,,,,,,,,low,,millame,Millame,Millame,1,1,4,spacy_GPE:1,,,,,,V04-P0444:1666,"The hint€ of it T had from Charles the 5, and if he himselfe or King Philip his sonne, had vsed the hke policie in the West Indyes, low Coun- trics, Millame, Naples, and the rest of his provinces to Mantayne his Soveraigntye there, he had n"
,,,,,,,,low,,millitary,Millitary,Millitary,1,1,1,spacy_GPE:1,,,,,,V01-P0195:1369,The Millitarie discipline requires a Comittee by itt selfe of men most Millitary — disei- iudicious in that profession.
,,,,,,,,low,,mines,Mines,Mines,1,1,3,spacy_GPE:1,,,,,,V03-P0325:498,Men skilfull in Mines.
,,,,,,,,low,,ministric,Ministric,Ministric,1,1,3,spacy_LOC:1,,,,,,V03-P0518:2378,"The Company is by diu™ waies informed that there is great want of worthie Ministers in Virginia wherefore they haue enterteined, and now send along, m' Thomas White a man of good sufficiencie for learning, and recomended for integritie & vp"
,,,,,,,,low,,minn,Minn,Minn,1,1,3,spacy_GPE:1,,,,,,V03-P0067:1988,"Neill, President of Macalester College, Minneapolis, Minn., who describes it as ‘among the records of the city of Salishury."
,,,,,,,,low,,minneapolis,Minneapolis,Minneapolis,1,1,3,spacy_GPE:1,,,,,,V03-P0067:1975,"Neill, President of Macalester College, Minneapolis, Minn."
,,,,,,,,low,,mir gibbs,Mir Gibbs,Mir Gibbs,1,1,4,spacy_FAC:1,,,,,,V04-P0186:2084,what houses they Mir Gibbs and Mt Wrott let thé be examined.
,,,,,,,,low,,mireitia virginia,Mireitia Virginia,Mireitia Virginia,1,1,4,spacy_GPE:1,,,,,,V04-P0145:1858,# beranek|| Men skilfull for sawe Mills were procured from Germany and sent to Virginia at the Companies great Charge This Wee Confesse if and averre that ||to ot vnderstanding@) it was the most indi- gested proieecte that hath beene sett o
,,,,,,,,low,,mirssacre,Mirssacre,Mirssacre,1,1,4,spacy_GPE:1,,,,,,V04-P0119:1876,sexed d& pon what ground the occasion was gin of the last Mirssacre
,,,,,,,,low,,miéhas,Miéhas,Miéhas,1,1,3,spacy_GPE:1,,,,,yes,V03-P0218:2163,And for Th’anuncyaéon midsomer and Miéhas quarters .
,,,,,,,,low,,mnegland,Mnegland,Mnegland,1,1,4,spacy_GPE:1,,,,,,V04-P0440:1165,"And because wee knowe that this spreadeing and groweing quallitie doth necessuricly require a publique groweing stocke, in performance of this our promise, wee doe give unto such as shall desire to plant estates in England, the sole importa"
,,,,,,,,low,,mocetaler,Mocetaler,Mocetaler,1,1,4,spacy_LOC:1,,,,,,V04-P0355:660,"facere, eligere et admittere in Aocietatem iam quaseunque personas volue- tint tam alicnas quam alios et diversas denariorum sununas de cisdem personis eapere, reeipere et levare pro coruin admissione in Mocielatem pre- dictam quodque perso"
,,,,,,,,low,,mocielatem,Mocielatem,Mocielatem,1,1,4,spacy_LOC:1,,,,,,V04-P0355:614,"facere, eligere et admittere in Aocietatem iam quaseunque personas volue- tint tam alicnas quam alios et diversas denariorum sununas de cisdem personis eapere, reeipere et levare pro coruin admissione in Mocielatem pre- dictam quodque perso"
,,,,,,,,low,,mocietati,Mocietati,Mocietati,1,1,4,spacy_GPE:1,,,,,,V04-P0348:1289,| dieunt quod idem Dominus Rex nune ante predietum tempus in Informacione predicta superius specificatum scilicet predieto vicesimo tercio die Maii anno regni ciusdein domini Regis Anglie septimo supradicto per predictas littcras suas paten
,,,,,,,,low,,molton,Molton,Molton,1,1,3,spacy_GPE:1,,,,yes,,V03-P0760:691,"Molton, Thomas, 198, 213, 230, 674."
,,,,,,,,low,,moluccas,Moluccas,Moluccas,1,1,3,spacy_GPE:1,,,,,,V03-P0760:727,"Moluccas, 573."
,,,,,,,,low,,monahigon,Monahigon,Monahigon,1,1,3,spacy_GPE:1,,,,,,V03-P0246:1723,"Captaine Ward in his shipp went to Monahigon in the No: Colony in May, and returned the latter end of July, w‘ fishe w™ he caught there."
,,,,,,,,low,,monarchycall,Monarchycall,Monarchycall,1,1,2,spacy_GPE:1,,,,,,V02-P0373:2210,"ffor first wee have not supreame authoritie ouer the people of the Plantations butt Gouerne them vnder yo"" Ma‘ by authority deryved from yo"" and accord- ingly to yo"" lawes as neer as may be, and are accomptable to yo"" Ma” therfore & y* Goue"
,,,,,,,,low,,mondayes,Mondayes,Mondayes,1,1,3,spacy_GPE:1,,,,,,V03-P0618:2135,"At a Court held y® Sum* Ilands 25 Feb 1621 The Cotttittee appointed by the last Quarter Courte to meete upon Mondayes in the afternoone to advise and consider of the most convenient place and manner of plantinge that proporéon of land, the "
,,,,,,,,low,,money,Money,Money,1,1,1,spacy_GPE:1,,,,,yes,V01-P0228:713,in Money and so many Shares of Land in Virginia as might make vpp firmed.
,,,,,,,,low,,monmouth capijawenue,Monmouth Capijawenue,Monmouth Capijawenue,1,1,3,spacy_LOC:1,,,,,,V03-P0589:1135,One Monmouth Capijawenue wean teenie! Three falling bands___.
,,,,,,,,low,,monteagle,Monteagle,Monteagle,1,1,4,spacy_GPE:1,,,,,,V04-P0311:53,"lelmo domino Monteagle, Radulpho, domino Eure, Edmundo domino Sheffeild, Grey domino Chandois, ? domino Compton, Johanni, domi- no Peter, Johanni, domino Stanhop, Georgio, domino Carewe, Humfrido Welde, militi, domino maiore civitatis Londo"
,,,,,,,,low,,morden,Morden,Morden,1,1,2,spacy_GPE:1,,,,,,V02-P0605:394,"Morden, Oliver."
,,,,,,,,low,,mosse,Mosse,Mosse,1,1,3,spacy_GPE:1,,,,,,V03-P0760:1718,"Mosse, Richard, 568."
,,,,,,,,low,,mountains,Mountains,Mountains,1,1,3,spacy_LOC:1,,,,,,V03-P0585:548,"Neither is the com- modiousnesse of VIRGINIAS situation onely in respect of this west Alan- ticke Ocean, but also in respect of the Indian Ocean, which wee commonly call the South Sea, which lyeth on the West and North west side of VIRGINIA"
,,,,,,,,low,,mounteagle,Mounteagle,Mounteagle,1,1,3,spacy_GPE:1,,,,,,V03-P0760:1828,"Mounteagle, William, Lord, 85, 329."
,,,,,,,,low,,mountford,Mountford,Mountford,1,1,3,spacy_GPE:1,,,,,,V03-P0760:1864,"Mountford, Thomas, 329."
,,,,,,,,low,,moutagne,Moutagne,Moutagne,1,1,4,spacy_GPE:1,,,,,,V04-P0601:2699,"See Moutagne,"
,,,,,,,,low,,moyompo,Moyompo,Moyompo,1,1,3,spacy_GPE:1,,,,,,V03-P0019:2148,"Monocon to the east and head of our Riuer, Powhatons enemy and the Monecon Manahockes to y* Northeast to the head of the Riuer of Moyompo in the — «reer necke of the land to the west betweene our bay and the sea."
,,,,,,,,low,,moyses,Moyses,Moyses,1,1,4,spacy_GPE:1,,,,,,V04-P0036:863,"behold an Israetite in whom is no guile, verilie wee were farely blest, and you hiaue obtayned hy him yo"" desire, wel was that you might have a man te gou%ne like a Moyses, aeeepting no person, nor profit."
,,,,,,,,low,,mretum,Mretum,Mretum,1,1,3,spacy_GPE:1,,,,,,V03-P0585:879,"For the Sea wherein Master Hudson did winter, which was first discouered by him, and is therefore now called Mretum Hudson, doth stretch so farre towards the west, that it lieth as farre westward as the Cape of Florida: So that from the Fal"
,,,,,,,,low,,mt alderman,Mt Alderman,Mt Alderman,1,1,3,spacy_GPE:1,,,,,,V03-P0155:261,"The Counsell aforenamed hauing by order of Court mett to consyder of some course for reparation to be done to M* Threasurer and the Court for iniurious words openly spoken by M* Alderman Johnson, they haue thought fitt aeeerdia to order tha"
,,,,,,,,low,,mt caningé,Mt Caningé,Mt Caningé,1,1,3,spacy_GPE:1,,,,,,V03-P0282:1203,"As for Mt Caningé as 2°, 57 w*"" nowe the Company with holds, I cowld wishe he might haue it, being bowght fayrlie by the candle as also fearing, as experience hath tawght us we shall sell it for lesse hear after, if not yet I pray you be a "
,,,,,,,,low,,mt carter,Mt Carter,Mt Carter,1,1,3,spacy_GPE:1,,,,,,V03-P0424:149,"ffor Mt Carter writes nothing what roomes he brake into, whereby we can not coniecture what goods are gone."
,,,,,,,,low,,muaister,Muaister,Muaister,1,1,4,spacy_GPE:1,,,,,,V04-P0146:977,here cold [eould] not helpe them to in Virginia they (oppressed w'h theis and inany other Difficulties too great for thent to overcome) fell ercivioustie sieke of the dixewses tneident to that Countrye and of Chat sieknes one 4f or twoe of 
,,,,,,,,low,,mulberytrees,Mulberytrees,Mulberytrees,1,1,2,spacy_GPE:1,,,,,,V02-P0364:1315,ffor Silke the Country is full of Mulberytrees of the best kinde and generall order taken for the plantinge of them aboundantly in all places inhabited.
,,,,,,,,low,,mumford,Mumford,Mumford,1,1,3,spacy_GPE:1,,,,,,V03-P0760:2041,"Mumford, Thomas, 86."
,,,,,,,,low,,munmouth,Munmouth,Munmouth,1,1,4,spacy_GPE:1,,,,,yes,V04-P0286:924,VAL One barrell of pouder Sugar Cloves Mace Pepper Sinamon Nutts Three axes Three hatchetts Two sawes Three augurs Three chissills Three haters Two bills One drawing knif Three broad hoes Three narrowe hoes Three canvas sutte Six karsy sutt
,,,,,,,,low,,murreton,Murreton,Murreton,1,1,4,spacy_GPE:1,,,,yes,,V04-P0630:2177,"Murreton, Riehard, 366."
,,,,,,,,low,,murrey,Murrey,Murrey,1,1,3,spacy_GPE:1,,,,,,V03-P0760:2100,"Murry, Sir David (Murrey), 86, 329."
,,,,,,,,low,,muscauadocs,Muscauadocs,Muscauadocs,1,1,3,spacy_GPE:1,,,,,,V03-P0242:101,"Powder Sugar, Panels, Muscauadocs and Whites, fiue and twenty shillings, forty, and three pounds the hundred."
,,,,,,,,low,,muscovia,Muscovia,Muscovia,1,1,2,spacy_GPE:1,,,,,,V02-P0605:748,"Muscovia, I, 528."
,,,,,,,,low,,muske ratte,Muske Ratte,Muske Ratte,1,1,3,spacy_GPE:1,,,,,,V03-P0450:1635,"Amoung’st these he whose lott was last though not of least account havinge noted his ffellowes in theire extraordinarye boast- inges, to devoure even more then all that might be sayed to any purpose in that kinde, cofiinge forth and with a "
,,,,,,,,low,,mynories,Mynories,Mynories,1,1,3,spacy_LOC:1,,,,,,V03-P0681:973,in the Mynories layed by as alltogether vnserviceable what nomber they
,,,,,,,,low,,n ferrar,N. Ferrar,N. Ferrar,1,1,3,spacy_GPE:1,,,yes,,,V03-P0677:317,"[Indorsed:] Mt Newland Newport to N. Ferrar, London 1622 June 27."
,,,,,,,,low,,n s,N.S,N.S,1,1,4,spacy_GPE:1,,,,,,V04-P0166:345,"N.S. This Letter was often revised & angrily referred by the Lord@ of the Priuy Council, before it was formed * * * tively & magnificently in his Majesty’s Prai[se]."
,,,,,,,,low,,nails,Nails,Nails,1,1,4,spacy_GPE:1,,,,,,V04-P0609:1498,"Nails, 227, 279, 281, Price of, 89."
,,,,,,,,low,,nan,NaN,NaN,1,1,3,spacy_GPE:1,,,,,yes,V03-P0266:594,"we bs peemcoon, Ne > of “ut — Ve ——— oe Let al shod anh an ai oe NaN dS eee a eet TOL, Ta ee ic contacning 18."
,,,,,,,,low,,nansamum,Nansamum,Nansamum,1,1,4,spacy_GPE:1,,,,,,V04-P0259:937,Aweek after Capt [sack Maddison marched against the Great Weyonaques and Capt Tucker the second tine to Nansamum.
,,,,,,,,low,,nansamums,Nansamums,Nansamums,1,1,4,spacy_GPE:1,,,,,,V04-P0259:736,"To Capt Wittm Tucker vppon the Nansamums, & Wariscoyacks."
,,,,,,,,low,,nas em panga lie,Nas em Panga Lie,Nas em Panga Lie,1,1,3,spacy_FAC:1,,,,,,V03-P0267:2245,ae a efit yy Byes Jaen ab vesudy end ale bo fpscee: yore Doyrrs r Woemal | Phe Conley ond ae ~ As ett f Heel (sii eeapnae Nas em Panga Lie at wren Us > bes ey Wey Pree Johiaver A‘ piles _ a + e ca = aS ah gee ged Connfce cml fee teendy fro 
,,,,,,,,low,,natiu,Natiu€,Natiu€,1,1,4,spacy_GPE:1,,,,,,V04-P0153:121,"in the Colonie are for the most parte in great want and miserye, That they are ingaged in a warr with the Natiu€ whoe doc now insult over them, That the old and most healthfull parte of the Plantaéons are or were lately deserted, That the f"
,,,,,,,,low,,natiues,Natiues,Natiues,1,1,3,spacy_FAC:1,,,,,,V03-P0574:60,"On the other side, the Natiues in VIRGINIA are nothing populous, but thin and scattered Nations, as is knowne to all."
,,,,,,,,low,,nature,Nature,Nature,1,1,2,spacy_GPE:1,,,,,yes,V02-P0550:2343,"Wee therfore the Counsell and Company (not a little differinge from other Companies both in our Composiéon consistinge of principall Noblemen, Gentle- men, merchants and others, and in the ends for w™ it is established beinge not simply mat"
,,,,,,,,low,,necochincos,Necochincos,Necochincos,1,1,4,spacy_GPE:1,,,,,,V04-P0630:2498,"Necochincos, 9."
,,,,,,,,low,,needles,Needles,Needles,1,1,4,spacy_GPE:1,,,,,yes,V04-P0609:1557,"Needles, 279, 281."
,,,,,,,,low,,negatiue,Negatiue,Negatiue,1,1,2,spacy_GPE:1,,,,,,V02-P0558:1929,"Whervppon itt beinge taken into Consideraéon by this present Court, after all reasons heard and debated, itt was at length agreed and ordered by a generall erection of hands that the Lawe concerninge the lymittinge of the Office of Treasuro"
,,,,,,,,low,,neglected,Neglected,Neglected,1,1,4,spacy_GPE:1,,,,,yes,V04-P0609:1476,"Neglected, 148, 207."
,,,,,,,,low,,neptune,Neptune,Neptune,1,1,1,spacy_LOC:1,,,,,,V01-P0009:1356,"Captaine Brewster hauing formerly by way of appeale delivered vuto the Court a certaine writing touching the proceedings of Captaine Samuell Argoll against him at the arriual of the Neptune in Virginia, and the manner of his tryall, and bei"
,,,,,,,,low,,neroes,Neroes,Neroes,1,1,4,spacy_GPE:1,,,,,,V04-P0226:51,"in Rome after Neroes death, and the Romans (when their estate was most populer) never punishinge their governors more for anie fault, then the neglect of discipline;"
,,,,,,,,low,,nerway,Nerway,Nerway,1,1,3,spacy_GPE:1,,,,,,V03-P0556:1814,"And the Masts, Plancks, and Boards, the Pitch and Tarre, the Pot-ashes and Sope-ashes, the Hempe and Flaxe, which now are fetched from Nerway, Denmarke, Poland, and Germany, will there be had in abundance."
,,,,,,,,low,,netherland,Netherland,Netherland,1,1,3,spacy_GPE:1,,,,,,V03-P0031:1337,Sir Having addressed latelye of L® to the Coronells and oth’ cheife Cofiiaunders of the Englishe in those Netherland partes for the advauncing of the woorféJhie enterprise of planting Coloneyes of o' Natyon in the fruitfull and rich Country
,,,,,,,,low,,netherlands,Netherlands,Netherlands,1,1,4,spacy_GPE:1,,,,,,V04-P0631:7,Netherlands.
,,,,,,,,low,,new spain,New Spain,New Spain,1,1,3,spacy_GPE:1,,,,,,V03-P0761:1236,"New Spain, 573."
,,,,,,,,low,,new spaine,New Spaine,New Spaine,1,1,3,spacy_GPE:1,,,,,,V03-P0585:671,"but also to New Spaine, Peru, Chila, and those rich Countries of Terra Australis, not as yet fully discouered."
,,,,,,,,low,,newfound,Newfound,Newfound,1,1,3,spacy_GPE:1,,,,,,V03-P0247:42,made her passage to Newfound-land in less then 3.
,,,,,,,,low,,newfoundiand,Newfoundiand,Newfoundiand,1,1,4,spacy_GPE:1,,,,,,V04-P0631:163,"Newfoundiand, 63, 221, 455."
,,,,,,,,low,,newport discended,Newport Discended,Newport Discended,1,1,2,spacy_GPE:1,,,,,,V02-P0443:1968,"Allso a Confirmation of 32 Shares to m™ In® Newport Discended vnto him by the death of his ffather Cap Christopher Newport, w™"
,,,,,,,,low,,newport newes,Newport Newes,Newport Newes,1,1,2,spacy_GPE:1,,,,,,V02-P0605:1804,"Newport Newes, II, 74, 381."
,,,,,,,,low,,newporte newes,Newporte Newes,Newporte Newes,1,1,4,spacy_FAC:1,,,,,,V04-P0525:126,oue Shore vppon the South side of the River at Newporte Newes or nuy other place and (hem to see laid vpp in som House or Store where they might be pserved for the vse of the said St Ferdinando Gorge of wth his proceeding? the said Defendan
,,,,,,,,low,,nich,Nich,Nich,1,1,2,spacy_GPE:1,,,,,,V02-P0107:873,m’ Nich ffarrar Dpt.
,,,,,,,,low,,nicholasp,Nicholasp,Nicholasp,1,1,4,spacy_GPE:1,,,,,,V04-P0379:3307,"And as to the liberties, privileres, and franchises, namely, that the same Nicholasp."
,,,,,,,,low,,nicholauin,Nicholauin,Nicholauin,1,1,4,spacy_GPE:1,,,,,,V04-P0357:691,et hic postea recitata videlicet cosdem Nicholauin fiarrer [et a7.
,,,,,,,,low,,nicholio,Nicholio,Nicholio,1,1,4,spacy_GPE:1,,,,,,V04-P0313:2443,"Johauni Gilbert, Willebno Haneocke, Matheo Browuerigg, ffranciseo ‘Purrell, Reannilpno Carter, Othwell Smyth, Thome Honneyman, Martino Bond, haberdusher, Roberto Johnson, Willelrao Younge, Johanni Woodall, Willelino Holgate, Lunmfrido Westw"
,,,,,,,,low,,nicholls ferrer,Nicholls Ferrer,Nicholls Ferrer,1,1,4,spacy_FAC:1,,,,,,V04-P0496:1189,"Le Roy port quo warranto vers Nicholls Ferrer, J."
,,,,,,,,low,,nicuovas ferrar,Nicuovas Ferrar,Nicuovas Ferrar,1,1,4,spacy_GPE:1,,,,,,V04-P0301:367,"A Letrer to Nicuovas Ferrar OctoBER 22, 1623"
,,,,,,,,low,,nigua,Nigua,Nigua,1,1,3,spacy_GPE:1,,,,,,V03-P0572:2147,"Besides (before they knew the cause and remedy) very many lost diuers parts of their body, feet and hands principally, by a little vermine lesse then a Flea, and skipping like it, called Nigua, which got between the skinne and the flesh bef"
,,,,,,,,low,,ninetye,Ninetye,Ninetye,1,1,3,spacy_GPE:1,,,,,,V03-P0056:1116,"§that§ and hee this defendant dothe deteine or in any waies is indebted to the said Complayn*nte¢ the some of seaven hundred poundé or any some of money at all to this defend'* knowledge, hee this defendant havinge allow- ance of his iuste "
,,,,,,,,low,,nomber,Nomber,Nomber,1,1,4,spacy_GPE:1,,,,,yes,V04-P0112:1307,"Wee haue here ea verie weake Councell, few in Nomber and those for the most part either not respecting greatlye the publique, or of no sufficiencie."
,,,,,,,,low,,norborne,Norborne,Norborne,1,1,3,spacy_GPE:1,,,,,,V03-P0520:2107,"{Addressed by self:] To the wo"": his approved good frind, 8* Edwin Sandys Knight, att his house in Norborne: giue these."
,,,,,,,,low,,norbourne,Norbourne,Norbourne,1,1,2,spacy_GPE:1,,,,,,V02-P0512:1064,And S* Edwin Sandys of Norbourne in the Countie of Kent knight on the other part.
,,,,,,,,low,,norincourt,Norincourt,Norincourt,1,1,3,spacy_GPE:1,,,,,,V03-P0761:1479,"Norincourt, Thomas (Norncot), 59, 86, 330."
,,,,,,,,low,,north america,North America,North America,1,1,2,spacy_LOC:1,,,,,,V02-P0591:1463,"Tracts and Other Papers relating principally to the Origin, Settlement, and Progress of the Colonies in North America."
,,,,,,,,low,,north coast,North coast,North coast,1,1,2,spacy_LOC:1,,,,,,V02-P0591:793,"North coast, I, 401, 410, 414, 474."
,,,,,,,,low,,north dudley,"North, Dudley","North, Dudley",1,1,3,spacy_GPE:1,,,,,,V03-P0761:1591,"North, Dudley, Lord, 86, 330."
,,,,,,,,low,,north east,North-East,North-East,1,1,3,spacy_LOC:1,,,,,,V03-P0695:1801,"But God be thanked, they all came safe, & on Thursday night, or ffriday before day, they set saile wt? a brave North-East wynd: w since is come about more to the East, & so hath continued till this very day, in w** we have no wynd at all."
,,,,,,,,low,,north seas,North Seas,North Seas,1,1,1,spacy_LOC:1,,,,,,V01-P0228:1503,My LordofSouth- My Lord of Southampton signifide vnto the Company that himselfe —t Semen and some others hadd been this afternoone before the Lords to make been before y' reporte what iust exceptions they had taken against new England ‘ee ‘
,,,,,,,,low,,north west,North west,North west,1,1,3,spacy_LOC:1,,,,,,V03-P0585:494,"Neither is the com- modiousnesse of VIRGINIAS situation onely in respect of this west Alan- ticke Ocean, but also in respect of the Indian Ocean, which wee commonly call the South Sea, which lyeth on the West and North west side of VIRGINIA"
,,,,,,,,low,,northborn vale,Northborn Vale,Northborn Vale,1,1,3,spacy_FAC:1,,,,,,V03-P0379:1872,"It would be a great content to me, to see y"" all at Northborn Vale."
,,,,,,,,low,,northborne,Northborne,Northborne,1,1,3,spacy_GPE:1,,,,,,V03-P0424:1576,[Indorsed by J D:] S' Edwin in Northborne.
,,,,,,,,low,,northborne y aprill,Northborne y*—30 Aprill 1622,Northborne y*—30 Aprill 1622,1,1,3,spacy_GPE:1,,,,,,V03-P0634:962,"[Indorsed:] S* Edwin S[andys] from Northborne y*—30 Aprill 1622 {Addressed by self:] To my very woorthie frend, M' John Ferrar at his House in St Sithes Lane in London."
,,,,,,,,low,,northern colony,Northern Colony,Northern Colony,1,1,2,spacy_LOC:1,,,,,,V02-P0606:227,"Northern Colony for Virginia, I, 662."
,,,,,,,,low,,nortuporn,Nortuporn,Nortuporn,1,1,3,spacy_GPE:1,,,,,,V03-P0620:1602,Nortuporn 9 April: 1622.
,,,,,,,,low,,nottw,Nottw''-,Nottw''-,1,1,1,spacy_GPE:1,,,,,,V01-P0181:1430,"her Childe w™ is alleaged the Cape Marchant was payd for, Nottw''-"
,,,,,,,,low,,nova britannia,Nova Britannia,Nova Britannia,1,1,2,spacy_GPE:1,,,,,,V02-P0606:696,"Nova Britannia, 1, 20n."
,,,,,,,,low,,novembris,Novembris,Novembris,1,1,3,spacy_GPE:1,,,,,,V03-P0007:1051,"1 Inprimis vizt Gd Anno Dni 1606 mensibusij, in eod anno Concurrefi ac etiam mensib* Martii, Aprilis, Maii, Junii, Julii, Augusti, Septembris, Octobris, Novembris, Decembris, Januarii et fiebruarii anno Dni 1607 Johes Havercome fuit et erat"
,,,,,,,,low,,novempber,NovempBer,NovempBer,1,1,4,spacy_GPE:1,,,,,,V04-P0302:547,"NovempBer, 1623"
,,,,,,,,low,,nuce,Nuce,Nuce,1,1,2,spacy_GPE:1,,,,yes,,V02-P0605:1102,"(Nuce, Nuice."
,,,,,,,,low,,nue,Nue,Nue,1,1,3,spacy_GPE:1,,,,,yes,V03-P0252:401,Cape Cod-fish larger then that of Nue-found-land The fishing voiage of the George.
,,,,,,,,low,,nuice,Nuice,Nuice,1,1,2,spacy_GPE:1,,,,,,V02-P0605:1108,"(Nuce, Nuice."
,,,,,,,,low,,nuport,Nuport,Nuport,1,1,3,spacy_GPE:1,,,,,,V03-P0676:911,Youers of the 18 of this instant I Recaud and you say that Capten Barwik had order to opene the Chest vher the shirtes is but thoues Chist ar stod in the ship and ar not to be Com by Some of youer pepell hath gon a month in a shirt so that 
,,,,,,,,low,,nuports newes,Nuports Newes,Nuports Newes,1,1,4,spacy_GPE:1,,,,,,V04-P0112:800,From Nuports Newes 8 April 1623
,,,,,,,,low,,nurse,Nurse,Nurse,1,1,4,spacy_GPE:1,,,,,yes,V04-P0539:454,"Thus haue wee given yo"" Lo’ a true Informafon, both of the growth and languishinge of y*° Virginia Plantaton, in these Five latter yeares [7] Governem*': wherein no encombrances, no calamities whatsoever could keepe it soe downe, but that i"
,,,,,,,,low,,nuttal,Nuttal,Nuttal,1,1,3,spacy_GPE:1,,,,,,V03-P0761:2325,"Nuttal, Charles, 538."
,,,,,,,,low,,nutts,Nutts,Nutts,1,1,4,spacy_GPE:1,,,,,,V04-P0286:735,VAL One barrell of pouder Sugar Cloves Mace Pepper Sinamon Nutts Three axes Three hatchetts Two sawes Three augurs Three chissills Three haters Two bills One drawing knif Three broad hoes Three narrowe hoes Three canvas sutte Six karsy sutt
,,,,,,,,low,,oatland,Oatland,Oatland,1,1,1,spacy_GPE:1,,,,,,V01-P0347:329,"M’ Deputy informed the Companie of the great paines that m‘ Bon- nell the ffrenchman, M‘ of the Kingé Silkwormes at Oatland had taken in penhinge a Treatise in ffrench concerninge the orderinge of Silkwormes and makinge of Silke, w™ treatis"
,,,,,,,,low,,oatmeale,Oatmeale,Oatmeale,1,1,4,spacy_GPE:1,,,,,yes,V04-P0229:445,or a hogshd of Oatmeale to cont? 9:
,,,,,,,,low,,obieccon,Obieccon,Obieccon,1,1,1,spacy_GPE:1,,,,,yes,V01-P0406:1568,"To the 6° Obieccon that two gentlemen (whose passage he was to haue free with liberty to goe and returne at their pleasure) were deteyned in Virginia by the Gouernor 3 Monethes against their wills, & could not be released but vpon vnreasona"
,,,,,,,,low,,obs,Obs,Obs,1,1,1,spacy_GPE:1,,,,,,V01-P0075:1573,"a 2 = eS ‘—e?, mn ~y fret prs Obs heeded |"
,,,,,,,,low,,oconahoen,Oconahoen,Oconahoen,1,1,3,spacy_GPE:1,,,,,,V03-P0761:2515,"Oconahoen, 17."
,,,,,,,,low,,october,October—1618,October—1618,1,1,1,spacy_GPE:1,,,,,,V01-P0036:1145,"Whereas it hath appeared plainly that during the time, that m"" Alderman Iohnson was both Deputy of the Company and Director of the Magazine diuers great somes haue beene wrongfully converted from the Cashe of the Company $to$ the vse and Ca"
,,,,,,,,low,,officers sallaries,Officers Sallaries,Officers Sallaries,1,1,2,spacy_FAC:1,,,,,,V02-P0323:1772,"The second branch was, that the Companies and Plantaéons should paye here onely 12‘ the pound of Tobacco for custome and Imposiéon and be discharged of these extraordinary burdens of Officers Sallaries and other Charges."
,,,,,,,,low,,ofley,Ofley,Ofley,1,1,3,spacy_GPE:1,,,,,,V03-P0761:2734,"Oftley, Robert (Ofley), 86, 331."
,,,,,,,,low,,oleuan,Oleuan,Oleuan,1,1,2,spacy_GPE:1,,,,,,V02-P0606:1189,"Oleuan, Anthony."
,,,,,,,,low,,olliuer,Olliuer,Olliuer,1,1,2,spacy_GPE:1,,,,,,V02-P0536:92,m’ Olliuer.
,,,,,,,,low,,opechancano,Opechancano,Opechancano,1,1,3,spacy_GPE:1,,,,,,V03-P0762:320,"Opochankano (Opechancano), 74, 92, 128, 704, 706, 707."
,,,,,,,,low,,opuchankeno,Opuchankeno,Opuchankeno,1,1,3,spacy_GPE:1,,,,,,V03-P0252:571,Voiage to Opuchankeno.
,,,,,,,,low,,opuniwie,Opuniwie,Opuniwie,1,1,3,spacy_GPE:1,,,,,,V03-P0434:135,Ge amas Yess cee ee Ono oe Vimo: a beter ow rte Nate le errmenere avaocrue Cotworn- awe ma fan Opuniwie La Lie a | ese)
,,,,,,,,low,,ordinance,Ordinance,Ordinance,1,1,2,spacy_GPE:1,,,,,,V02-P0400:1594,I Iohn Procter haue lived 14 Years in Virginia & doe affirme all the answers aboue except that of the Ordinance and Pallysadoes but I knowe ther are |is| neer vppon 20 peeces of Ordinance.
,,,,,,,,low,,orheers,OrHEers,OrHEers,1,1,3,spacy_GPE:1,,,,,,V03-P0039:1399,Sin Tuomas MinpMayge AND OrHEers.
,,,,,,,,low,,orient,Orient,Orient,1,1,3,spacy_LOC:1,,,,,,V03-P0738:1053,", from Orient, 508."
,,,,,,,,low,,ormus,Ormus,Ormus,1,1,4,spacy_GPE:1,,,,,,V04-P0631:2493,"Ormus, 243."
,,,,,,,,low,,oth,Oth,Oth,1,1,1,spacy_GPE:1,,,,,yes,V01-P0185:1701,ffor place of Deputie this Courte nominated m’ fferrar m’ Keightley and m‘ Cranmer who beinge putt to the Ballatinge Box m‘ Ferrar was chosen by pluralitie of Balles: who tooke his Oth.
,,,,,,,,low,,otiotan,Otiotan,Otiotan,1,1,4,spacy_GPE:1,,,,,,V04-P0631:2693,"Otiotan, 507."
,,,,,,,,low,,ouerplus,Ouerplus,Ouerplus,1,1,1,spacy_GPE:1,,,,,yes,V01-P0346:1661,"M’ Caswell moued that forsomuch as himselfe and some others of the Comittee stood bound for the freight of the Bona Noua that the Com- panie would please by order of this Court to giue warrant to m‘ Bull for payment of 300"" in discharge of "
,,,,,,,,low,,our reigne,Our Reigne,Our Reigne,1,1,3,spacy_GPE:1,,,,,,V03-P0447:1178,"Giuen at Our Palace of Westminster the eighth day of March, in the eighteenth yeere of Our Reigne of Great Britaine, France and Ireland."
,,,,,,,,low,,outlaws,Outlaws,Outlaws,1,1,4,spacy_GPE:1,,,,,,V04-P0631:2708,"Outlaws, 415."
,,,,,,,,low,,oxenbridge,Oxenbridge,Oxenbridge,1,1,4,spacy_GPE:1,,,,yes,,V04-P0631:2774,"| Oxenbridge, William, 157, 364."
,,,,,,,,low,,oyle,Oyle,Oyle,1,1,4,spacy_GPE:1,,,,,yes,V04-P0229:558,"ons Oyle, w the Caske_."
,,,,,,,,low,,padre,Padre,Padre,1,1,4,spacy_GPE:1,,,,,,V04-P0628:2055,"Maestro, Padre, 539."
,,,,,,,,low,,pagan,Pagan,Pagan,1,1,3,spacy_GPE:1,,,,,,V03-P0564:1925,"and thus far the Pagan confessed, moued by naturall Principles, that our God was a good God, and better much then theirs, in that he had with so many good things aboue them endowed vs."
,,,,,,,,low,,page,Page 386,Page 386,1,1,4,spacy_FAC:1,,,,yes,yes,V04-P0125:1028,"& ending at the begining of a Court held the two & Twentith day of May, 1622, at Page 386."
,,,,,,,,low,,palace,Palace,Palace,1,1,3,spacy_GPE:1,,,,,,V03-P0678:1515,"Giuen vnder Our Signet, at our Palace of Westminster, the ninth day of luly, in the twentieth yeere of our Raigne of England, France and Ireland, and of Scotland the fiue and fiftieth."
,,,,,,,,low,,pallizado,Pallizado,Pallizado,1,1,4,spacy_GPE:1,,,,,,V04-P0267:1853,The fortifications antientlie vsed were by Trench and Pallizado #°h new are sli gone te ruyne and diuerse blockhouses made of Fenther great Tymber built vppon passages aH and ¢he for scouring the Pallizadves: a! w'h are now gone to ruyne.
,,,,,,,,low,,pamaouke,Pamaouke,Pamaouke,1,1,3,spacy_GPE:1,,,,,,V03-P0016:2246,Pamaouke river into the sea by the Riuer of Pamaouke:
,,,,,,,,low,,pamaunkey,Pamaunkey,Pamaunkey,1,1,3,spacy_GPE:1,,,,,,V03-P0726:423,"First to have appointed him by his Ma**s Counsell and Companie two seates the first in Opichankanos Island in Pamaunkey river, beinge in the parte of the most of the 32 Sheires."
,,,,,,,,low,,pamaunkok,Pamaunkok,Pamaunkok,1,1,4,spacy_GPE:1,,,,,,V04-P0035:693,"It was my promise to write, as I remember, and you desire to heare from me, I perswade my selfe you thinke I will not dissemble, and [ protest you are in the right: Now for true newes thus it is, the Indians are drawne of as farre, as a man"
,,,,,,,,low,,pamounkey,Pamounkey,Pamounkey,1,1,3,spacy_GPE:1,,,,,,V03-P0566:541,"Yet it pleased God to vse some of them as instru- ments to saue many of their liues, whose soules they had formerly saued, as at Iames-Citie, and other places, and the Pinnace trading in Pamounkey Riuer, all whose liues were saued by a conu"
,,,,,,,,low,,pamunke,Pamunke,Pamunke,1,1,3,spacy_GPE:1,,,,,,V03-P0694:2115,"to go for the Riuer of Pamunke, and any other Ruier w'tin the Bay of Chesipiack, and elsewhere, as he shall thinke fitt, wtin any part of the limite graunted by his Ma? to the Company of Virginia, to make warr, kill, spoile, and take by for"
,,,,,,,,low,,panels,Panels,Panels,1,1,3,spacy_GPE:1,,,,,,V03-P0242:93,"Powder Sugar, Panels, Muscauadocs and Whites, fiue and twenty shillings, forty, and three pounds the hundred."
,,,,,,,,low,,panicke,Panicke,Panicke,1,1,4,spacy_GPE:1,,,,,,V04-P0071:2182,"5S"" Edwin writes that strueke with a Panicke feare wee proposed a Removeall of the Collonie to the Easterne shore."
,,,,,,,,low,,parlours,Parlours,Parlours,1,1,2,spacy_FAC:1,,,,,,V02-P0275:1027,wherefore as also in reguard that the Virginia Quarter Court had referred the confirmaéon or reformaéon if a better course could be propounded of the Sallaries and manner of managinge the Contract he therefore moued that in reguard these th
,,,,,,,,low,,parrington,Parrington,Parrington,1,1,2,spacy_GPE:1,,,,,,V02-P0607:1830,"Favored land indenture, Summer Islands, II, wa Parrington, Sir Francis."
,,,,,,,,low,,partridge,Partridge,Partridge,1,1,3,spacy_GPE:1,,,,yes,,V03-P0762:2778,"Parry, Henry, Bishop of Worcester, 89, 335, Partridge, Charles."
,,,,,,,,low,,passages,Passages,Passages,1,1,2,spacy_GPE:1,,,,,yes,V02-P0008:392,"M' Howe the Cronicler makinge a request for 12"" of Tobacco, w™ he pretends was promised him yearely in consideraéon of his paines and willingenes to doe the Companie service in his Booke relatinge [to] the Passages concerninge Virginia, The"
,,,,,,,,low,,passeng,Passeng,Passeng,1,1,3,spacy_GPE:1,,,,,,V03-P0512:1064,Nowe Knowinge further that wee the said Treasuror and Company doe hereby couenant and promise for o* selues and Successors that w“*in fower dayes after the said Ship the Warwick shall departe [714] from Grauesend with the said 100 psons for
,,,,,,,,low,,patche,Patche,Patche,1,1,3,spacy_GPE:1,,,,,,V03-P0763:230,"Patche, Thomas, 195, 213, 230."
,,,,,,,,low,,patenta,Patenta,Patenta,1,1,2,spacy_GPE:1,,,,,,V02-P0628:1537,"Patenta, I, 347."
,,,,,,,,low,,patonte,Patonte,Patonte,1,1,3,spacy_GPE:1,,,,,,V03-P0145:632,To yeald vp his §a true & pfect§ Accompt of course enee every §at then* of his§ yeare wet §Accompt§ shalbee appeinted ¥¢ Wedsenday fertaicht before 2° day of searels eleeton of Ofheers appointed by oe he Patonte §presented to y° Auditors to
,,,,,,,,low,,patriotes,Patriotes,Patriotes,1,1,4,spacy_GPE:1,,,,,yes,V04-P0430:1573,"The degree it selfe because wee cannot give them better names, they shall bee called Patriotes or patritions, when they are 300 strong and planted abroade then shall they bee tearmed knightes patriotes with the title of Sir."
,,,,,,,,low,,patronage wee,Patronage Wee,Patronage Wee,1,1,4,spacy_FAC:1,,,,,,V04-P0530:954,Thus recomendinge both to vou’ noble Patronage Wee humbly take ou’ leaves & remaine Att your Comandes
,,,,,,,,low,,paules,Paules,Paules,1,1,3,spacy_GPE:1,,,,,,V03-P0536:1190,"And Chargeing the sayd Alderman Johnson w* indirect dealing & in plane tearmes as may be shewed vnder his owne hand w** coosenage, w‘> abuse of his malitious tongue sounded so lowde and wide as by some means it came to his Ma""® sacred Eares"
,,,,,,,,low,,pauls,Pauls,Pauls,1,1,3,spacy_GPE:1,,,,,,V03-P0553:1343,"Eld, for Robert Mylbourne, and are to be sold at his shop, at the great South doore of Pauls."
,,,,,,,,low,,paulsden,Paulsden,Paulsden,1,1,2,spacy_GPE:1,,,,,,V02-P0608:1290,"Paulsden, Mrs."
,,,,,,,,low,,payinge,Payinge,Payinge,1,1,3,spacy_LOC:1,,,,,yes,V03-P0642:1924,"And the said Treasuror and Companie doe further graunte and agree to and with the said Aduenturors their heires and Assignes, that the said Aduenturo™ their heires and Assignes and euery of them their and euery of their flacto™, Agent, Tena"
,,,,,,,,low,,pearle,Pearle,Pearle,1,1,2,spacy_GPE:1,,,,yes,,V02-P0608:1627,"Pearle, Gregory."
,,,,,,,,low,,peatlie,Peatlie,Peatlie,1,1,3,spacy_GPE:1,,,,,,V03-P0763:2292,"Peatlie, George, 87."
,,,,,,,,low,,pechon,Pechon,Pechon,1,1,3,spacy_GPE:1,,,,,,V03-P0017:622,"straunger enemy, much more abundant in Pochon and in the grasse silke Pechon"
,,,,,,,,low,,pelton,Pelton,Pelton,1,1,3,spacy_GPE:1,,,,,,V03-P0764:142,"Pelton, George."
,,,,,,,,low,,pennyngton,Pennyngton,Pennyngton,1,1,3,spacy_GPE:1,,,,,,V03-P0764:417,"Pennington, Robert (Pennyngton), 87, 331."
,,,,,,,,low,,penéon,Penéon,Penéon,1,1,1,spacy_GPE:1,,,,,yes,V01-P0095:1376,Wheras his Ma’: hath graunted to the Lady Lawarr a yearly Penéon to be paide vnto her by the ffarmo™ of the Custome;
,,,,,,,,low,,penéons,Penéons,Penéons,1,1,4,spacy_GPE:1,,,,,yes,V04-P0180:695,"$128 43 The exhausting of the publique, ef Sprefit ach should aeerey to the§ stocke and benifit that should graw to the Company by stateing of new Officers in 44 44 the Collonie with excessive proporton of Tenant Whereby the Companie is bro"
,,,,,,,,low,,peram,Peram,Peram,1,1,3,spacy_GPE:1,,,,yes,,V03-P0764:479,"Peram, Bartholomew, 565."
,,,,,,,,low,,percy,Percy,Percy,1,1,2,spacy_GPE:1,,,,yes,,V02-P0609:737,"Percy, Henry, Earl of Northumberland Land, II, 122."
,,,,,,,,low,,perfumes,Perfumes,Perfumes,1,1,3,spacy_GPE:1,,,,,yes,V03-P0575:1951,"And their many other Dyes, Paints, Petacaraua, Tobacco, Gummes, Balmes, Oyles medecinall, and Perfumes, their Sar- saparillia, and many other physicall drugs, (for which, learned Physitians and skilfull Simplers were sent to take a suruey, "
,,,,,,,,low,,perticular plan,Perticular Plan,Perticular Plan,1,1,1,spacy_FAC:1,,,,,,V01-P0154:1117,Ther haue been Pattente graunted this yeare for Perticular Plan - tacons.
,,,,,,,,low,,petacaraua,Petacaraua,Petacaraua,1,1,3,spacy_GPE:1,,,,,,V03-P0575:1892,"And their many other Dyes, Paints, Petacaraua, Tobacco, Gummes, Balmes, Oyles medecinall, and Perfumes, their Sar- saparillia, and many other physicall drugs, (for which, learned Physitians and skilfull Simplers were sent to take a suruey, "
,,,,,,,,low,,petiton,Petiton,Petiton,1,1,2,spacy_GPE:1,,,,,,V02-P0544:663,The matters of this Petiton doe ptlie concerne the Kings Ma“ and ptlie the Virginia Comp”: therfore lett this Petiton be delivered to the Gouernor that hee and the Company may consider therof and returne their answere in writinge -_ soe te 
,,,,,,,,low,,petiéoner,Petiéoner,Petiéoner,1,1,2,spacy_FAC:1,,,,,yes,V02-P0103:2072,"Edward Peirs Cittizen and Marchantaylo* of London, petiGoninge for leaue to administer vpon the estate of one Thomas Peirs his Brother, late inhabitinge neare Mulbery [lands in Virginia (who was there slaine with his wife and child in the l"
,,,,,,,,low,,petro gate,Petro Gate,Petro Gate,1,1,4,spacy_FAC:1,,,,,,V04-P0315:1931,"John, Edwardo Vaughan, Willelmo Dun, Thome Alcocke, Johanni Andrewes, juniori de Cambridge, Samueli Smyth, Samueli Smyth [szc], Thome Gerrard, Thome Whittingham, Willehno Canninge, Paulo Cannyng, Georgio Chandler, Henrico Vincent, Thome Kei"
,,,,,,,,low,,petro manwood,Petro Manwood,Petro Manwood,1,1,4,spacy_GPE:1,,,,,,V04-P0311:484,"lelmo domino Monteagle, Radulpho, domino Eure, Edmundo domino Sheffeild, Grey domino Chandois, ? domino Compton, Johanni, domi- no Peter, Johanni, domino Stanhop, Georgio, domino Carewe, Humfrido Welde, militi, domino maiore civitatis Londo"
,,,,,,,,low,,peyton,Peyton,Peyton,1,1,2,spacy_LOC:1,,,,yes,,V02-P0609:2184,"Peyton, Sir Henry."
,,,,,,,,low,,pharao,Pharao,Pharao,1,1,2,spacy_LOC:1,,,,,,V02-P0591:1206,"Flinton, Pharao."
,,,,,,,,low,,phillipp,Phillipp,Phillipp,1,1,2,spacy_GPE:1,,,,,,V02-P0596:1861,"Jacobson, Phillipp."
,,,,,,,,low,,philpott,Philpott,Philpott,1,1,3,spacy_GPE:1,,,,,,V03-P0764:1926,"Philpott, Henry, 87, 381."
,,,,,,,,low,,pica,Pica,Pica,1,1,3,spacy_GPE:1,,,,,,V03-P0679:1642,"Herein there can be no Pica, either of difficulty or impossibility;"
,,,,,,,,low,,piercy,Piercy,Piercy,1,1,3,spacy_GPE:1,,,,,,V03-P0764:2002,"Piercy, Henry, 65."
,,,,,,,,low,,pigge,Pigge,Pigge,1,1,4,spacy_GPE:1,,,,,yes,V04-P0292:365,"end that all men may know the danger of the law in these cases (though ignorance of the Law excuse no man) they haue thought fitt to publish the same, w is, that whosoevershall steale any Beast@ or Bird@ of Domesticall or tame nature, that "
,,,,,,,,low,,piiimien,Piiimien,Piiimien,1,1,1,spacy_GPE:1,,,,,,V01-P0005:1282,William Webb Husband Was confirmed in their former Piiimien( pateriles Otfear C* places and tooke each of them the same Oath.
,,,,,,,,low,,pilot,Pilot,Pilot,1,1,3,spacy_GPE:1,,,,,yes,V03-P0758:1618,"Marmaduke, —, Pilot, 243."
,,,,,,,,low,,pilots,Pilots,Pilots,1,1,3,spacy_LOC:1,,,,,,V03-P0200:1288,"Howhbeit the totall of all our disbursements, the charge of the ship wee bought, wt"" the computaéon of the hire of this Ship for six monthes w* the Pilots wages and his mans and the Surgeons will come to one thousand and forty pounds and so"
,,,,,,,,low,,pilott,Pilott,Pilott,1,1,3,spacy_GPE:1,,,,,,V03-P0226:2162,"This pacquett I deliuered to one Marmaduke Rayner, an Englishman, who goes inter- tained as Pilott in this Flemishe man of warre."
,,,,,,,,low,,pimises,Pimises,Pimises,1,1,4,spacy_GPE:1,,,,,yes,V04-P0084:1203,"and suppressed, -At the hunrble stit and instanee ef Ge Wee out ef on? espeeialt Care and Princely Compassion hauc assigned and appoynted you to be ou? Conimissioners: And we doe by theise present giue vnto you or any three or more of you p"
,,,,,,,,low,,piracie,Piracie,Piracie,1,1,4,spacy_GPE:1,,,,,,V04-P0551:1862,"When 8S‘ Samucll Argoll some six or scauen yeares since, was vehemently complayned agaynst, by Padre Maestro, and the Spanish Secretarie then here for Piracie, agaynst the Kinge of Spaines subiects in y° West Indies: he no sooner eame home "
,,,,,,,,low,,pirates,Pirates,Pirates,1,1,1,spacy_GPE:1,,,,,,V01-P0167:1259,"M’ Treasuror declared that att the last Quarter Court for the Sumer Iland¢ betweene the time of giveinge vp of the Gouerno™ place and the new choyce of a Gouernor, makinge offere to present some matter to the consideraéon of that Courte con"
,,,,,,,,low,,pistoll,Pistoll,Pistoll,1,1,3,spacy_GPE:1,,,,,yes,V03-P0590:792,"Sixty pound of shot or lead, Pistoll and Goose"
,,,,,,,,low,,pitts,Pitts,Pitts,1,1,1,spacy_GPE:1,,,,,,V01-P0193:617,ffor Salt if men skillfull in makinge itt in Pitts and by the Sunn be not to be had att home to peure them from ffraunce and by all meanes to sett forward the makinge of itt in aboundance beinge a very great help to encrease the PlantaGon.
,,,,,,,,low,,plantanes,Plantanes,Plantanes,1,1,3,spacy_GPE:1,,,,,,V03-P0559:1240,"And how that in December last they had planted and cultiuated in VIRGINIA Vines of all sorts, (as well those naturally growing, as those other Plants sent them from these parts of Europe) Orenge and Lemon-trees, Figge-trees, Sugar-Canes, Co"
,,,,,,,,low,,plantatan,Plantatan,Plantatan,1,1,4,spacy_LOC:1,,,,,,V04-P0152:1555,"""And! ‘Thus haue Wee playnely and fully as Wee hope made answere to the seu8all brinehes of theire declaraéon by wih in some sorte may appeare the Different Carrivge nnd suecesse of that Plantatan vnder the first gou9nm!' thereof by the spa"
,,,,,,,,low,,plantatéon,Plantatéon,Plantatéon,1,1,3,spacy_GPE:1,,,,,yes,V03-P0250:1399,"tufies, he hadd vpon his returne coasted from Monah[wcon| to of Plantatéon, and found an Inland sea to 2 gaine out of the No: of vs, the depth whereof he could not search for want of meanes, Virginia went fur- _ ."
,,,,,,,,low,,plantaéon,Plantaéon,Plantaéon,1,1,4,spacy_GPE:1,,,,,yes,V04-P0059:2356,"Moreou9 on the third day of Aprill wee heard that after theis Rogues had gotten the Pynnace, and had taken all furnitures as peeces, sword¢, armour, Coate of male, Powder, shot and all the thinges that they had to trade withall, they killed"
,,,,,,,,low,,plantaéou,Plantaéou,Plantaéou,1,1,1,spacy_GPE:1,,,,,yes,V01-P0106:535,M’ Treasuror acquainted the Courte that hee had receaved Lette™ from Virginia importinge the wellfare of the Plantaéou although they have been much distempord by reason of an intemporate heate not onely hapninge vnto them but chietly amongs
,,,,,,,,low,,planter,Planter,Planter,1,1,4,spacy_GPE:1,,,,,,V04-P0451:804,"After our hartie Comendaéons, Wheras Captaine John Marttin Esquire, being a Planter in Virginia, hath bene Detayned a good space here, by reason of Div™ Controverses, w haue Risen concerning the PluntuGou of Virginia, wherin (as wee Conc¢ea"
,,,,,,,,low,,playntiffe,Playntiffe,Playntiffe,1,1,3,spacy_LOC:1,,,,,,V03-P0053:1204,"they haue alleadged, for the purposes in the Bill of Complaynte Con- teyned And this defendant further sayethe ‘That true it is also that hee this defendant was appointed to bee a Receivor of parte of the Lotterrie money, And that there wer"
,,,,,,,,low,,plimmouth w t,Plimmouth w*t,Plimmouth w*t,1,1,3,spacy_FAC:1,,,,,,V03-P0073:357,"He left at Plimmouth w*t 8"" Lewes Stukeley."
,,,,,,,,low,,pmissa,Pmissa,Pmissa,1,1,3,spacy_GPE:1,,,,,,V03-P0711:207,7 lim Q! Pmissa ofa et singla fuerunt et sunt vera put novia manifesta * * * pub vox et fama vnde féa fide de iure in hac pte requisit petit psista * * * fieri et ministrari cum efféu Pmissa pponens con™ et div™ nonarctansseadoia * * * quat
,,,,,,,,low,,pochon,Pochon,Pochon,1,1,3,spacy_GPE:1,,,,,,V03-P0017:591,"straunger enemy, much more abundant in Pochon and in the grasse silke Pechon"
,,,,,,,,low,,pocoon,Pocoon,Pocoon,1,1,3,spacy_GPE:1,,,,,yes,V03-P0558:2478,"The planting of Vines and Mulberry-trees neere to their houses, Figg-trees, Pomgranats, Potatoes, and Cotton-wooll seedes,‘ Pocoon, Indico, Sugar-Canes, Madder, Woade, Hempe, Flaxe, and Silke-grasse;"
,,,,,,,,low,,pocoughtuwonough,Pocoughtuwonough,Pocoughtuwonough,1,1,3,spacy_GPE:1,,,,,,V03-P0020:103,"Peee Pocoughtuwonough infecteth him with a Terrible warr, with those you may hold trade and freindeship good Cheape for their emotenes will prevent all offence wh must needes happen betweene vs and them wth we are mingled with to the north."
,,,,,,,,low,,pohatan,Pohatan,Pohatan,1,1,2,spacy_GPE:1,,,,,,V02-P0410:1538,"Herevnto wee ansvere y* itt is true that Matoar the daughter of Pohatan being taken Prisoner by Cap‘ Argall and affectinge marriage w one m* Rolf became a Christian and soe dyed att Grauesend, Other matter of note for con- version of those "
,,,,,,,,low,,pohaton,Pohaton,Pohaton,1,1,3,spacy_GPE:1,,,,,,V03-P0019:1947,Pohaton hath hitherto engrossed and partely for feare of Constrainte.
,,,,,,,,low,,pollard,Pollard,Pollard,1,1,2,spacy_GPE:1,,,,,,V02-P0343:982,m’ Pollard.
,,,,,,,,low,,pomgranats,Pomgranats,Pomgranats,1,1,3,spacy_GPE:1,,,,,,V03-P0558:2430,"The planting of Vines and Mulberry-trees neere to their houses, Figg-trees, Pomgranats, Potatoes, and Cotton-wooll seedes,‘ Pocoon, Indico, Sugar-Canes, Madder, Woade, Hempe, Flaxe, and Silke-grasse;"
,,,,,,,,low,,popham,Popham,Popham,1,1,3,spacy_GPE:1,,,,yes,,V03-P0010:1986,"In dei nomine Amen Auditis visis et intellectis ac plenarie et mature diseussis p Nos Thomam Crompton militem ac Legii Déorem §Curiw§ dni firi Regis suse Admi® Anglis Locumtenei Judicem sive Presidefi Itime Deputatum, Meritis et Circumstanc"
,,,,,,,,low,,port of,Port of,Port of,1,1,3,spacy_GPE:1,,,,,,V03-P0757:1973,"London, Port of, 282, 283, 287, 382, 383, 418, 419."
,,,,,,,,low,,portesmouth,Portesmouth,Portesmouth,1,1,2,spacy_GPE:1,,,,,,V02-P0386:908,"It was informed by m* Woodall and m’‘ Dennis shee was safe at Portesmouth, and that they were assured shee went not to y®° Sumer Ilandes as was supposed."
,,,,,,,,low,,portsmouth,Portsmouth,Portsmouth,1,1,2,spacy_GPE:1,,,,,,V02-P0612:7,"Portsmouth, II, 371."
,,,,,,,,low,,post ginnet,Post Ginnet,Post Ginnet,1,1,3,spacy_FAC:1,,,,,,V03-P0023:312,"31 Whereas suite hath bine made vnto vs as for the retourne of Richard Potts, David Wiffin and Post Ginnet and sufficient reasons declared to moue vs to graunte the same wch hath bine agreed vato by the Councell assembled, wee require you t"
,,,,,,,,low,,postponed,Postponed,Postponed,1,1,2,spacy_GPE:1,,,,,,V02-P0589:80,"Postponed, Il, 424, 451-452, 495."
,,,,,,,,low,,potash,Potash,Potash,1,1,4,spacy_GPE:1,,,,,,V04-P0609:2180,"Potash, 176."
,,,,,,,,low,,potomac,Potomac,Potomac,1,1,3,spacy_LOC:1,,,,,,V03-P0763:221,See alse Potomac.
,,,,,,,,low,,potts,Potts,Potts,1,1,3,spacy_GPE:1,,,,,,V03-P0480:359,We desire you would be pleased to pay or cause to be paid vnto Joseph fitch apothicary apointed to goe w* doctor Potts to Virginia the some of six pounds for ye furnishinge himselfe w aparell & necessaries for his voyage ¢e And this shall b
,,,,,,,,low,NW-009,poynt comforte,Poynt Comforte,Poynt Comforte,1,1,3,spacy_FAC:1,,,,,,V03-P0310:1994,"He hath allready by y° George, and y* Bona Nova (y? w™ I was much against) proffered his salary towards y° buyldinge of a forte at Poynt Comforte."
,,,,,,,,low,,poyson,Poyson,Poyson,1,1,4,spacy_FAC:1,,,,,yes,V04-P0076:1155,Likewise the dogged vsage of the Saylers I meane those in comand us namely old Tuke fforteron & the Purser by whose means I dare sweare hath ben the death of halfe the Passengers w'h the help of the Poyson they gaue vs instead of Beare: And
,,,,,,,,low,,premises,Premises,Premises,1,1,4,spacy_LOC:1,,,,,yes,V04-P0157:926,"And what indeed is the true Condition, and estate of the Plantaéons at this present, what publique stocke remaynes, and vpon what groundé the Plantaéon is like to subsist, and growe, and of all Incident€ whatsoever concerning all, or anie t"
,,,,,,,,low,,prentice,Prentice,Prentice,1,1,3,spacy_GPE:1,,,,,,V03-P0600:2052,"George Yardley at his Landinge because he was his Prentice by Indenture in Englande, As for the rest of the Ten- antes Sr."
,,,,,,,,low,,prepesiéens,Prepesiéens,Prepesiéens,1,1,2,spacy_GPE:1,,,,,yes,V02-P0494:249,Wherevpon the Court desired m' Deputie to make two Prepesiéens questions according to the two seuerall Proposigons.
,,,,,,,,low,,presidefi,Presidefi,Presidefi,1,1,3,spacy_GPE:1,,,,,,V03-P0010:1681,"In dei nomine Amen Auditis visis et intellectis ac plenarie et mature diseussis p Nos Thomam Crompton militem ac Legii Déorem §Curiw§ dni firi Regis suse Admi® Anglis Locumtenei Judicem sive Presidefi Itime Deputatum, Meritis et Circumstanc"
,,,,,,,,low,,preston,Preston,Preston,1,1,2,spacy_GPE:1,,,,yes,,V02-P0395:976,m’ Preston.
,,,,,,,,low,,prin,Prin,Prin,1,1,2,spacy_GPE:1,,,,yes,yes,V02-P0612:595,"Prin, Martin."
,,,,,,,,low,,printe,Printe,Printe,1,1,1,spacy_LOC:1,,,,,yes,V01-P0068:542,in Printe.
,,,,,,,,low,,prissoners,Prissoners,Prissoners,1,1,4,spacy_LOC:1,,,,,,V04-P0100:2121,"to tell them that they might plant theire Corne securely, At vy messengers retorninge, Robert Poole was come back, but we haue dispatched the messenger alone, sufferinge him to carry Certen beads from the ffreends of the Prissoners, w°! $hy"
,,,,,,,,low,,priuiledges,Priuiledges,Priuiledges,1,1,3,spacy_GPE:1,,,,,yes,V03-P0446:1017,"Whereas, at the humble suit and request of sundry Our louing and well disposed Subiects, intending to deduce a Colony, and to make a Planta- tion in Virginia, Wee, for the inlarging of Our Gouernment, increase of Nauigation and Trade, and e"
,,,,,,,,low,,privy conneil,Privy Conneil,Privy Conneil,1,1,4,spacy_GPE:1,,,,,,V04-P0619:372,"Privy Conneil, 445."
,,,,,,,,low,,privy cotsen,Privy Cotsen,Privy Cotsen,1,1,4,spacy_GPE:1,,,,,,V04-P0302:37,Privy Cotsen.
,,,,,,,,low,,privy counci,Privy Counci,Privy Counci,1,1,4,spacy_GPE:1,,,,,,V04-P0259:948,"Privy Counci,."
,,,,,,,,low,,privy councm,Privy Councm,Privy Councm,1,1,4,spacy_GPE:1,,,,,,V04-P0450:1019,Privy Councm.
,,,,,,,,low,,privy councth,Privy Councth,Privy Councth,1,1,4,spacy_GPE:1,,,,,,V04-P0038:1125,Privy Councth.
,,,,,,,,low,,privy counein,Privy Counein,Privy Counein,1,1,4,spacy_GPE:1,,,,,,V04-P0259:1288,Privy Counein.
,,,,,,,,low,,proffitts,Proffitts,Proffitts,1,1,2,spacy_GPE:1,,,,,yes,V02-P0180:1430,Herevpon m* Wrote tooke occasion to admonish the Companie to take some tender care in giuinge of Salaries and wished that the Graunt of so great Salaryes at the last deriuatiue Court had bin better con - sidered of before they had passed th
,,,,,,,,low,,proicet,Proicet,Proicet,1,1,4,spacy_LOC:1,,,,,,V04-P0302:817,"Wono™ Accordinge to your TIono’ Lres to vs directed dated the 2j"" July 1623 wee haue had Conference wth Captaine Baylie and haue taken Consideraéon of his Proicet for the Advauncem! of forraigne Plantaéons for the Publique good of this king"
,,,,,,,,low,,proolnina,Proolnina,Proolnina,1,1,3,spacy_GPE:1,,,,,,V03-P0434:286,> tal = ee tert been erin oe Mave mate Proolnina tion: —— Ts or Oe “wher.
,,,,,,,,low,,prouerb,Prouerb,Prouerb,1,1,4,spacy_GPE:1,,,,,,V04-P0491:561,"But since this Weede of Tobacho hath growen into request, they haue payde, a (as their Prouerb is) for all our Commodities w'® Their Snioake: And the vayne of there siluer to us ward, hath beene in a manner dried upp, to the Loss ef a Milli"
,,,,,,,,low,,province,Province,Province,1,1,3,spacy_GPE:1,,,,,yes,V03-P0018:2448,"19 For Powhaton and his Weroances it is Clere even to reason beside our experience that he loued not our neigbourhood and therefore you may no way trust him, but if you finde it not best to make him yo' prisoner yet you must make him yo’ tr"
,,,,,,,,low,,prrvsfocos,Prrvsfocos,Prrvsfocos,1,1,1,spacy_GPE:1,,,,,,V01-P0267:1159,"Opava oft, eee (Very, Prrvsfocos Ae ak for be ud Triaprre” ry gu olfow eS ( ano Sang bo fom Pre frente 190 aut pe aaa al"
,,,,,,,,low,,ps es,Ps Es,Ps Es,1,1,3,spacy_GPE:1,,,,,,V03-P0435:257,"ee a ae Soy » bp ove ta! pick leres A958 Gein Ace } Aper/es Ro cB, a Ps Es oakel mene Fede eke) Soe BBS Ee 6a,"
,,,,,,,,low,,puext,Puext,Puext,1,1,4,spacy_LOC:1,,,,,,V04-P0246:686,"Ere or wheth * * *!' that puttinge off as they haue donn, were not the Puext to colour a Wilfull breach of his Mat® Comandem'."
,,,,,,,,low,,pylott,Pylott,Pylott,1,1,2,spacy_GPE:1,,,,,,V02-P0420:193,"Earles ollowers and spred ou9 Virginia and even to Opochancano himselfe that the Earle would com shortly ouer in psonn to be their Gouerno"", And that Cap‘ Argall would bee his Pylott, and then hee would call S’ George Yeardley into like que"
,,,,,,,,low,,pyratts,Pyratts,Pyratts,1,1,3,spacy_GPE:1,,,,,,V03-P0534:1951,"Neither doe the said 8° Thomas Smyth nor Alderman Johnson beleiue, nor know, nor is it by their meanes that he hath suffred those supposed daffiages, of one thousand pounds in one voyage to Virginia, by reason of the 75‘? and other Articles"
,,,,,,,,low,,qualitye,Qualitye,Qualitye,1,1,3,spacy_GPE:1,,,,,yes,V03-P0236:1060,[Indorsed:] Peticon of sondry antient Aduenturers to haue some man of Qualitye sent Gouernor into Virginia.
,,,,,,,,low,,quantitic,Quantitic,Quantitic,1,1,4,spacy_LOC:1,,,,,,V04-P0562:95,"First payd & dischardged the Custome, due vppon the whole Quantitic (wt shalbe brought home,) w** Custome, shalbe after the rate of iijd p pound, as nowe it is rated and wilbe y* full Custome that can be requyred, although the Tobaceo shoul"
,,,,,,,,low,,quarels,Quarels,Quarels,1,1,3,spacy_GPE:1,,,,,,V03-P0026:920,"Comission and cause yt to be publiquely read to them to the end his Ma""* pleasure may be knowne as alsoe a8 our Choise in establishinge yo"" Lo’® gou%no' of Virginea, and of the plantaton there And that the President Counsell and Colony ther"
,,,,,,,,low,,quarter courtes,Quarter Courtes,Quarter Courtes,1,1,2,spacy_LOC:1,,,,,,V02-P0467:522,"The Companie of Virginia in obedience to his Ma“” Letter do this day forbeare their election, and do continue all their Officers till their next Quarter Court, his Ma“ havinge giuen them power by his Letters Patents to make election in Quar"
,,,,,,,,low,,quem quidem,Quem quidem,Quem quidem,1,1,3,spacy_FAC:1,,,,,,V03-P0717:1898,In dei nomine Amen Audité vis et intellect@ ac plenarie et mature discuss p nos Henricum Marten milité lezu? deorem? supreme Curie sue Matis Ad- miralitatis Anglie locu? tenen? siue presiden? Itime constitut Meritis et circumstantiis cuiusd
,,,,,,,,low,,quiuira,Quiuira,Quiuira,1,1,3,spacy_GPE:1,,,,,,V03-P0586:496,"where the Sea vpon the Northwest part may very probably come much nearer then some do imagine: who giuing too much credit to our vsuall Globes and Maps, doe dreame of a large Continent extending it selfe farre Westward to the imagined Strai"
,,,,,,,,low,,qvho,Qvho,Qvho,1,1,4,spacy_GPE:1,,,,,,V04-P0022:1620,"that every plantation, Qvho are bonde vnto it by indenture) shall impkerSale$ two acres of grounde, and lnploy the sole labor of 2 men in yo busines, for y’ terme of 7 yeares enlurginge vy"" same 2 aeres nore, Ww"" a like tnerease of labore: "
,,,,,,,,low,,qwallitye,Qwallitye,Qwallitye,1,1,3,spacy_GPE:1,,,,,,V03-P0236:887,"And herein this Hon®'* Cowrt shall encourage many neiw, & auncient volluntarye Aduenturers, both of Good place, and Qwallitye to sett for- ward with expedition, both with great supplies of men, and other pro- uisions."
,,,,,,,,low,,raph,Raph,Raph,1,1,3,spacy_GPE:1,,,,yes,,V03-P0747:307,"Freeman, Raph, 83, 324."
,,,,,,,,low,,raph fogge,Raph Fogge,Raph Fogge,1,1,1,spacy_GPE:1,,,,,,V01-P0302:1145,m’ Raph Fogge.
,,,,,,,,low,,rate,Rate,Rate,1,1,3,spacy_GPE:1,,,,,yes,V03-P0442:952,"of the same, That noe person or psons by him or her selfe, or by any other waies or meanes Directly or indirectly shall at any time after three monethes after the end of this Session of Parliament, Brewe any Beere or Ale and sell the same, "
,,,,,,,,low,,rateliffe,Rateliffe,Rateliffe,1,1,4,spacy_LOC:1,,,,,,V04-P0312:1122,"Heurico Woodhouse, duei, Linley, duei, Dexter, duci, Willelmo Winter, duei, erle, duci, Johanni Bingham, duct, Burras, duci, Thome Conway, duci, Rookewood, duci, Willelmo Lovelace, duei, Johanni Ashley, duci, Thome Wynne, duci, Thome Mewtis"
,,,,,,,,low,,rayden,Rayden,Rayden,1,1,2,spacy_GPE:1,,,,,,V02-P0614:342,"Rayden, Captain, I, 605."
,,,,,,,,low,,record,Record,Record,1,1,1,spacy_GPE:1,,,,,,V01-P0425:1622,Virginia Court booke might be brought to S* Thomas Smiths for y’ appointed Comissions to pervse those orders whereby Henry Mansell pretendeth he was imployed: he was aduised by some of the Counsell then present when that letter came to him 
,,,,,,,,low,,recorded,Recorded,Recorded,1,1,1,spacy_GPE:1,,,,,yes,V01-P0088:1805,"Comittee to repare to the Clark of the Counsell, and to take care that of to be entred this bargaine be Recorded, and to peure a Coppy therof to be entred amongst y‘Comp"": amongst the rest of the Companies orders: And because the said"
,,,,,,,,low,,records of,Records of,Records of,1,1,4,spacy_GPE:1,,,,,,V04-P0197:2016,"The documents are undated, but may be presumed to precede by a few days the King’s letter of May 18 printed in Records of the Virginia Company, Ul, pp."
,,,,,,,,low,,regein,Regein,Regein,1,1,4,spacy_FAC:1,,,,,,V04-P0365:2244,") per placiturn sum predictum superius clamata et vindicata minus sufficiens in lege existit ad precludendum dictum dominum Regem de Informacione sua predicta pro usurpacione libertatum, privilegiorum et ffranchesiarun predictorum in Inform"
,,,,,,,,low,,reqwest,Reqwest,Reqwest,1,1,3,spacy_LOC:1,,,,,,V03-P0236:476,"If then itt may be supposed an Aduancement to y® Collonye, to haue both such who haue suffered many yeares in y® Early dayes of y® buissness vnder his Lo’? the Lo: Lawarr to returne, and manye volluntarye forces to addresse them thithar, as"
,,,,,,,,low,,resones,Resones,Resones,1,1,4,spacy_GPE:1,,,,,,V04-P0222:1204,"Yours Out of the John and Frances [ received with letters from Edwarde Haresse and Robert Bennet out of Spain, the 27th of Maye the shippe arrived heare in saftie God be thaneked, and out of her I received some 10 Buttes of exelent good wyn"
,,,,,,,,low,,retribucon,Retribucon,Retribucon,1,1,2,spacy_GPE:1,,,,,yes,V02-P0549:2166,And notw“standinge a multitude of Accident€ and disasters incydent to a new Plantacon in a remote and Sauadge Country: It pleased God to refresh their hopes by such an vndoubted probabillitie of attayninge (at least for the pub- lique of th
,,,,,,,,low,,retribuéon,Retribuéon,Retribuéon,1,1,2,spacy_GPE:1,,,,,yes,V02-P0346:1824,"Thirdly 8‘ Edwin Sandys proposed to the consideraéon of the Com- panie, what retribuéon they would giue to the Kinge in case his Ma“ should graunt vnto them the benifitt of sole Importaéon and discharge the Contract of the said Couenant of "
,,,,,,,,low,,returned,Returned,Returned,1,1,2,spacy_LOC:1,,,,,yes,V02-P0602:1830,"Returned from Virginia, I, 240."
,,,,,,,,low,,returnes,Returnes,Returnes,1,1,2,spacy_GPE:1,,,,,yes,V02-P0417:2143,Neither could this Depradaton of that Colony content but a Ship called the Treasuror sett forth by the said Earle and sent to Virginia and an olde Comission of hostility from the Duke of Sauoy against the Spanyards pcured by some means and 
,,,,,,,,low,,reuenge,Reuenge,Reuenge,1,1,4,spacy_GPE:1,,,,,,V04-P0120:804,"made then all flve out & sceke Reuenge,"
,,,,,,,,low,,revennues,Revennues,Revennues,1,1,1,spacy_FAC:1,,,,,,V01-P0322:1144,"And that neither the Planter nor Adventurer may’ iustly condempne the appropriatinge of these Comodities hee did likewise propound the vse and end of them, hee wished therfore that the benefitt hereby accuringe may be imployed in buildinge "
,,,,,,,,low,,reynolds,Reynolds,Reynolds,1,1,2,spacy_GPE:1,,,,yes,,V02-P0615:635,"Reynolds, Henry, I, 319."
,,,,,,,,low,,riceo webb,Riceo Webb,Riceo Webb,1,1,4,spacy_GPE:1,,,,,,V04-P0315:975,"Laurencio Campe, draper, Adamo Perkins, grocer, Ricardo Sheepheard, preacher, Willelmo Shekeley, haberdasher, Willelmo Tayler, haberdasher, Edwardo Lukyn, generoso, Johanni ffrancklyn, haberdasher, Johanni Southicke, Petro Peate, Georgio Is"
,,,,,,,,low,,richarp quaile see,RicHarp QuAILE See,RicHarp QuAILE See,1,1,4,spacy_FAC:1,,,,,,V04-P0476:1932,"Yo"" Humble distressed suppliant RicHarp QuAILE See examinations taken 9°."
,,,,,,,,low,,ricwarp,Ricwarp,Ricwarp,1,1,3,spacy_LOC:1,,,,,,V03-P0419:1350,Ricwarp SmitH Ree by me Robt Bysaker vpon this Ire forty shillings
,,,,,,,,low,,rieardo strongetharme,Rieardo Strongetharme,Rieardo Strongetharme,1,1,4,spacy_GPE:1,,,,,,V04-P0313:469,"Othoni Mawditt, Ricardo Staper, mereatori, Johanni Wikyn, mercatori, Willelmo Coyse, Thome Perkin, cooper, Humfrido Rainett, cooper, Hen- rico Jackson, Roberto Shingleton, Christofero Nicholls, Johanni Tarper, Abrahamo Chamberline, Thome Sh"
,,,,,,,,low,,riehard,Riehard,Riehard,1,1,4,spacy_GPE:1,,,,,,V04-P0630:2187,"Murreton, Riehard, 366."
,,,,,,,,low,,rielierd,Rielierd,Rielierd,1,1,4,spacy_GPE:1,,,,,,V04-P0373:3204,"Robert Robinson, John Huntley, John Grey, William Payne, William Feilile, Willian Wattcey, William Webster, John Digley, William Carpenter, Thomas Draper, Rieherd Glanvicll, Arnald Lulls, Henry Rowe, William Moore, Nicholas Grice, dumes Mon"
,,,,,,,,low,,ritanoe,Ritanoe,Ritanoe,1,1,3,spacy_GPE:1,,,,,,V03-P0017:980,"you, besides you are neere to Riche Copper mines of Ritanoe and may }{PP."
,,,,,,,,low,,robert,Robert,Robert,1,1,3,spacy_GPE:1,,,,yes,,V03-P0753:1648,"Jefferies, Robert, 64."
,,,,,,,,low,,robte oldisworth,Robte Oldisworth,Robte Oldisworth,1,1,3,spacy_FAC:1,,,,,,V03-P0422:1254,"his heires exeeuto™ administrato™ and assignes and for every of them doeth by these p’sent€ Covenant pmyse and graunt to and w'"" the sayd Robert Oldisworth and Iohn Smyth or either ef them their heires executo™ administrato™ and assigne¢ Th"
,,,,,,,,low,,rockes,Rockes,Rockes,1,1,3,spacy_GPE:1,,,,,,V03-P0557:2247,"And for the Passage thither, and Trade there, it is free from all restraint by forren Princes, whereunto most of our other accustomed trades are subiect: there is neyther danger in the way, through [6] the encountring of the Enemy or Pyrate"
,,,,,,,,low,,roecheller,Roecheller,Roecheller,1,1,3,spacy_FAC:1,,,,,,V03-P0657:1161,"Salt-workes are erecting (the proper place being now found, as the Roecheller doth certifie vs) whereby many Ships will transport people at easier rates hereafter, finding Salt there to furnish them for the great and profitable fishings vpo"
,,,,,,,,low,,roiston,Roiston,Roiston,1,1,4,spacy_GPE:1,,,,,,V04-P0282:497,"In all humblenes sheweth yo"" petioner, being his Ma** servant, groome of his Chamber, & keeper of his house at Roiston, yt whereas hee haveing a desier to see this Cuntry, Compounded & agreed w™ John Langley late ME of y* good shipp Called "
,,,,,,,,low,,romulus,Romulus,Romulus,1,1,4,spacy_GPE:1,,,,,,V04-P0447:1856,"by this rule of necessitic Romulus (as Livie saith imitating other founders of Cofiion Wealthes) to draw people to his new built Cittie, erected an Assilum, or Sanctuary for Outlawes, men indebted, and discontented psons."
,,,,,,,,low,,rovinge,Rovinge,Rovinge,1,1,2,spacy_GPE:1,,,,,yes,V02-P0417:2014,Neither could this Depradaton of that Colony content but a Ship called the Treasuror sett forth by the said Earle and sent to Virginia and an olde Comission of hostility from the Duke of Sauoy against the Spanyards pcured by some means and 
,,,,,,,,low,,rovinge ship,Rovinge Ship,Rovinge Ship,1,1,2,spacy_FAC:1,,,,,,V02-P0420:1312,how the Treasuror was wronged in pforminge his office and oath and sought to be [294] deterred even by threats of bloud from acquaintinge y° LL‘ of his Ma‘: most hono™* Pryvy Counsell w™ the Colonyes complainte of that Rovinge Ship the Trea
,,,,,,,,low,,rowles,Rowles,Rowles,1,1,1,spacy_GPE:1,,,,yes,,V01-P0108:1919,"M' Markham beinge formerly requyred for the bringinge in the resy- due of the book@ and Rowles remayninge in his Custodie, presented now to the boorde 4 books, and 4 Rowles of subseripéons w™ were Comended to the Care of m' Deputy desyringe"
,,,,,,,,low,,royal,Royal,Royal,1,1,4,spacy_GPE:1,,,,yes,,V04-P0619:992,"Vishings, Royal, 213."
,,,,,,,,low,,rt gc,RT Gc,RT Gc,1,1,3,spacy_GPE:1,,,,,,V03-P0333:246,: com 25 Company 0 GIG RT Gc cae arin ea 487.
,,,,,,,,low,,ruggelle,Ruggelle,Ruggelle,1,1,1,spacy_GPE:1,,,,,,V01-P0302:968,m’ Ruggelle.
,,,,,,,,low,,ruinated,Ruinated,Ruinated,1,1,4,spacy_GPE:1,,,,,yes,V04-P0451:1217,"After our hartie Comendaéons, Wheras Captaine John Marttin Esquire, being a Planter in Virginia, hath bene Detayned a good space here, by reason of Div™ Controverses, w haue Risen concerning the PluntuGou of Virginia, wherin (as wee Conc¢ea"
,,,,,,,,low,,runaway,Runaway,Runaway,1,1,4,spacy_GPE:1,,,,,,V04-P0606:1249,"Runaway, 511."
,,,,,,,,low,,runing,Runing,Runing,1,1,3,spacy_GPE:1,,,,,yes,V03-P0114:2439,"22, day we had the wind southest and held 0"" quors as the day before Runing with a strong gale as much as ou’ smale ship is able to bere towarde"
,,,,,,,,low,,rysse,Rysse,Rysse,1,1,4,spacy_GPE:1,,,,,,V04-P0222:1245,"Yours Out of the John and Frances [ received with letters from Edwarde Haresse and Robert Bennet out of Spain, the 27th of Maye the shippe arrived heare in saftie God be thaneked, and out of her I received some 10 Buttes of exelent good wyn"
,,,,,,,,low,,s io dauers,S* Io: Dauers,S* Io: Dauers,1,1,2,spacy_LOC:1,,,,,,V02-P0405:637,"they (hauing taken oath before S* Io: Dauers, S* Edward Lawly & m"" Nich’ fferrar) testifyed, that the said Iames Dauies was y* next & imediat heire of the aforesayd Walter Dauies deceased."
,,,,,,,,low,,saal virginia,Saal Virginia,Saal Virginia,1,1,4,spacy_GPE:1,,,,,,V04-P0186:1328,12 sayes they were plentifully furnished for Six tm oa e _Monethes: sce The Invoyees of the geed€ Prouisions for victualls sent lnscenwtiee ds ituer for these veares: And generally the Tres sent from the Counsell of wei Saal Virginia to the
,,,,,,,,low,,sackville,Sackville,Sackville,1,1,2,spacy_GPE:1,,,,yes,,V02-P0616:1501,"Sackville, Sir Edward, I, 364, 374;"
,,,,,,,,low,,saile,Saile,Saile,1,1,3,spacy_GPE:1,,,,,yes,V03-P0195:1443,"& that at their setting of Saile, w was on Tuesday at noone, they wanted but one of their complete number of six score: I must confesse I was then not a little comforted: but much more, & more again everie day since, the wynd having continu"
,,,,,,,,low,,sainsbury,Sainsbury,Sainsbury,1,1,4,spacy_GPE:1,,,,,,V04-P0051:1723,"1 The date given in Sainsbury is March 20, 1623/4."
,,,,,,,,low,,saint benedict sherebogge,Saint Benedict Sherebogge,Saint Benedict Sherebogge,1,1,4,spacy_FAC:1,,,,,,V04-P0389:3836,"the same free men and adventurers and planters afore-atd for the time aforesaid specified above in the information aforesaid, had a council house in the aforesaid city of London in the parish of Saint Benedict Sherebogge for appointing the "
,,,,,,,,low,,saint htlary,Saint Htlary,Saint Htlary,1,1,4,spacy_FAC:1,,,,,,V04-P0396:4004,"And the aforesaid Sir Thomas Coventrye, attorney general of our lord the King who now is, who for our same lord the King in this cause sues for our same lord the King, socks thereon a day of pleading until the octaves of Saint Htlary, and i"
,,,,,,,,low,,saint michacl,Saint Michacl,Saint Michacl,1,1,4,spacy_GPE:1,,,,,,V04-P0381:95,"of the terms of Suint Tilary, Easter, Holy Trinity, and Saint Michacl, forever, 9 great."
,,,,,,,,low,,saint michscl,Saint Michscl,Saint Michscl,1,1,4,spacy_GPE:1,,,,,,V04-P0389:3433,"of lesser consequence and weight, which from time to ime should arise touching nd concerning the aforesaid plantation both in England and in parts across the sea in Virginia, and that the same free men and adventurers and planters aforesaid"
,,,,,,,,low,NW-029,sakadahoc,Sakadahoc,Sakadahoc,1,1,3,spacy_GPE:1,,,,,,V03-P0008:1358,6 Itm that shortly after the ylmises vizt about the ninth’ of October the mary and John (wherew' this xxxdext) §said Havercombe§ and the guift of god was Consorted did depte from ¥s teward¢ Eneland in the harbor the sd Havercombe out of the
,,,,,,,,low,,salaries,Salaries,Salaries,1,1,2,spacy_GPE:1,,,,,,V02-P0180:1029,Herevpon m* Wrote tooke occasion to admonish the Companie to take some tender care in giuinge of Salaries and wished that the Graunt of so great Salaryes at the last deriuatiue Court had bin better con - sidered of before they had passed th
,,,,,,,,low,,salary,SaLary,SaLary,1,1,4,spacy_FAC:1,,,,,,V04-P0017:152,"THE SaLary ! Fepruary(?), 1622/3"
,,,,,,,,low,,salarye,Salarye,Salarye,1,1,3,spacy_LOC:1,,,,,,V03-P0147:699,The Auditers §booke keeper§$ shall receaue his charge from y* Auditors and receaue Salarye at y° yeares end as y°® Auditors shall find his paynes to deserve.
,,,,,,,,low,,salaryes,Salaryes,Salaryes,1,1,4,spacy_GPE:1,,,,,,V04-P0017:1317,1f the Virginia Tobacco out sell o* whether is if reasonable that we should pay equall Salaryes.
,,,,,,,,low,,salaxy,Salaxy,Salaxy,1,1,1,spacy_GPE:1,,,,,,V01-P0267:830,"ans mboroe boe- (di ofhrsd WS a vowbtmcnt Salaxy,: PU By gos priyertens Siem pool"
,,,,,,,,low,,sale,Sale,Sale,1,1,2,spacy_FAC:1,,,,,yes,V02-P0223:1474,"hand¢ whereby he must! attend their Sale and in the meane tyme haue not wherew“all to furnishe himself w™ necessaries||: Wherevpon the rest of his speach with this amendm* beinge put to y® question, was generally approued to be rightly sett"
,,,,,,,,low,,salishury,Salishury,Salishury,1,1,3,spacy_GPE:1,,,,,,V03-P0067:2049,", who describes it as ‘among the records of the city of Salishury."
,,,,,,,,low,,sallarie,Sallarie,Sallarie,1,1,4,spacy_GPE:1,,,,,,V04-P0031:219,"For it is necessarie to be knowne, that the Counsell, Comittees and Com- panics having first concluded on the Offices necessarie for the menaging of this Contract, as also of their rewardes by way of Sallarie (according to the fifte Article"
,,,,,,,,low,,salt,Salt,Salt,1,1,3,spacy_GPE:1,,,,,,V03-P0288:152,"The one moyty of Salt, Fish, and profits of the Land, shall be for the Tenants, and the other for vs the Company, to be deliuered into our Store: and this contract shall be to continue for fiue yeeres."
,,,,,,,,low,,salt marishes,Salt Marishes,Salt Marishes,1,1,2,spacy_GPE:1,,,,,,V02-P0396:1414,"As for Boggs wee knowe of none in all y° Country and for the rest of the Plantatons as Newports News, Blunt poynt Wariscoyake Martins Hundred, Paspahey and all the Plantacons right ouer against Iames Citty, and all the Plantacons aboue thes"
,,,,,,,,low,,salt wt,Salt wt,Salt wt,1,1,3,spacy_GPE:1,,,,,,V03-P0519:643,"Wee send likewise one Miles Prickett to be employed in the Companies service and especially in making of Salt wt we are informed he heretofore prack- tised in Virginia, he is to serue till Allhollantide in the yeare 1622 w""out any reward at"
,,,,,,,,low,,salte,Salte,Salte,1,1,1,spacy_LOC:1,,,,,,V01-P0287:1035,M’ Smith acquainted the Courte that ther was one exceeding skillfull in makinge of Salte that accompanies m‘ Berkley in his Voyadge to Virginia att his owne charge as yettof purpose to try whether itt may be there effected or noe;
,,,,,,,,low,,saltingston,Saltingston,Saltingston,1,1,3,spacy_GPE:1,,,,,,V03-P0059:788,Saltingston for.
,,,,,,,,low,,samu,Samu,Samu,1,1,4,spacy_GPE:1,,,,,,V04-P0625:2094,"Jordan, Samu Jordan, Mrs."
,,,,,,,,low,,samucl,Samucl,Samucl,1,1,3,spacy_GPE:1,,,,,,V03-P0748:723,"Goodwine, Samucl, 569."
,,,,,,,,low,,sand hath,Sand hath§,Sand hath§,1,1,4,spacy_FAC:1,,,,,,V04-P0045:905,"he will not lett his child come from thence, ibis «x x! eduented & brought vp fren for noe good, # ber S$because it§ is soe well brought vp & educated, having Sand hath§ all things fitting & necessary."
,,,,,,,,low,,sandwich,Sandwich,Sandwich,1,1,3,spacy_GPE:1,,,,,,V03-P0195:1249,"But perceiving by my men, that after the writing of those letters, that had taken in those five w* we sent to them in the Sandwich bote;"
,,,,,,,,low,,sarising,Sarising,Sarising,1,1,4,spacy_GPE:1,,,,,,V04-P0026:470,"By this meanes the king@ proffitt is highlie increased, his ina’ likewise deeply interessed to regard the prosperity of these Plantagons that afford lim so great a yearelie proffité The good and benefit of Sarising to the owners &e i$ the P"
,,,,,,,,low,,sassafrasse,Sassafrasse,Sassafrasse,1,1,3,spacy_FAC:1,,,,,,V03-P0615:1602,"as assignee of the said Captaine Martine, and relyeing vppon the said Pattent, dyd to his greate chardges furnishe a Pynnace Called the Edwyne of London, with men and wares of good valew fytt for the said plantaton, and sent the same w*"" th"
,,,,,,,,low,,sassaphras,Sassaphras,Sassaphras,1,1,2,spacy_LOC:1,,,,,,V02-P0474:1144,"that there is due to the owners of the Abigall the Suiie of 420"" vpon the grounds and reasons there expressed, besid€ that w™ shalbe further due vnto them in case it shalbe sufficiently proued to the Companie that the said Shipp was deteyne"
,,,,,,,,low,,sauadg,Sauadg,Sauadg,1,1,2,spacy_GPE:1,,,,,,V02-P0388:1228,"Amongst the many memorable works of yo"" Ma“: gratious Raigne those of the Plantaéons of Virginia and the Soffer Ilands are not the least, The begininge of w™ enterprize beinge the first fforraigne Colony planted by our nation accompanyed w™"
,,,,,,,,low,,sauispury,Sauispury,Sauispury,1,1,3,spacy_GPE:1,,,,,,V03-P0067:69,A Letrer to tHe Mayor or Sauispury?
,,,,,,,,low,,saville,Saville,Saville,1,1,2,spacy_GPE:1,,,,,,V02-P0618:614,"Saville, William."
,,,,,,,,low,,schoole,Schoole,Schoole,1,1,1,spacy_GPE:1,,,,,,V01-P0343:408,"Indy Companie that came with him in the Royall [ames to be bestowed vpon some good worke for the benifitt of the Plantaton in Virginia, the said m’ Copland beinge nowe present did deliuer in a note ef the names of those that had freely and "
,,,,,,,,low,,seacondly,Seacondly,Seacondly,1,1,3,spacy_LOC:1,,,,,,V03-P0722:705,"They by experi- Seacondly when as by y* meanes before spoken of, they shalbe brought into ae a subiection and shalbe made to deliuer hostriges for theire obediance, there in the heate of yeis no doubt by gods grace but of the saueinge of ma"
,,,,,,,,low,,sealls,Sealls,Sealls,1,1,1,spacy_LOC:1,,,,,,V01-P0157:111,"vnwillinge erro” & other naiurall infirmities, so deliveringe vpp his Office togeather w the Sealls hee desyred the Courte to peeed in Elecéon of their Thier, accordinge to the message lately receaved from his Ma’: and thervppon w“drew hims"
,,,,,,,,low,,secing,Secing,Secing,1,1,4,spacy_GPE:1,,,,,yes,V04-P0285:769,"May yo Wo'ps therfore be pleased in y* wisdomes so to puide, y* all such grosse abuses may be reformed, Secing his Mat'* espectacion is yt by o* uertuous gow%iment y* heathens might bee brought to y* true knowledge of god & his sonne Christ"
,,,,,,,,low,,second booke,Second Booke,Second Booke,1,1,3,spacy_FAC:1,,,,,,V03-P0361:19,"A Second Booke shall be kept of all the Lawes and standing Orders estab- lished henceforward in the [75] Quarter-Courts, and beginning with this day;"
,,,,,,,,low,,secretaries,Secretaries,Secretaries,1,1,2,spacy_LOC:1,,,,,,V02-P0199:1722,The Ea: of Southampton signified that the occasion of eallinge this Counsell together was to acquainte them with a late informaéon he had receaued since his beinge in the Countrie touchinge m* Wrote who as he had heard had comitted a great 
,,,,,,,,low,,securitie,Securitie,Securitie,1,1,2,spacy_LOC:1,,,,,yes,V02-P0533:1655,Butt wheras hee further Petiéoned y* the Company would be pleased in his behalfe to giue their securitie vnto ||one|| m’ Tatem for Certaine Notts hee should take vpp of him att a years day of payment: The Company findinge themselvs divers w
,,,,,,,,low,,semen,Semen,Semen,1,1,1,spacy_LOC:1,,,,,,V01-P0228:1257,My LordofSouth- My Lord of Southampton signifide vnto the Company that himselfe —t Semen and some others hadd been this afternoone before the Lords to make been before y' reporte what iust exceptions they had taken against new England ‘ee ‘
,,,,,,,,low,,sendinge,Sendinge,Sendinge,1,1,3,spacy_GPE:1,,,,,yes,V03-P0600:755,"confidence w'"" the natiives, and beinge desirous by all good meanes to contynue and enlarge the same as a thinge very necessarie at the begininge of his Gouerment did & w the advise and consent of the Counsell, sende Capt Thorpe w* A Messag"
,,,,,,,,low,,sentence,Sentence,Sentence,1,1,2,spacy_GPE:1,,,,,yes,V02-P0357:1462,"M’ Palauicine moued in m* Wrotes name for a coppy of his Sentence, w was ordered accordingly should be giuen him by the Secretary."
,,,,,,,,low,,sept,Sept,Sept,1,1,3,spacy_LOC:1,,,,,,V03-P0078:303,1 To come out in June & be here in Sept? a temperate time then is y° harvest of Corn & Tob° and one man may tend & keep as much as 2 can house & Cure After Sept wind blowing at N° West will make a long passage
,,,,,,,,low,,seriven s,Seriven?s,Seriven?s,1,1,3,spacy_LOC:1,,,,,,V03-P0191:38,To Seriven?s in Bristoll and for pap waxe inke pchm* and patent.
,,,,,,,,low,,servante,Servante,Servante,1,1,1,spacy_GPE:1,,,,,yes,V01-P0348:530,M”™ Allice Bohune Widdowe late wife of Do’ Bohuie petiéoned vnto the Companie that forsomuch §as§ her said Husband in his life time was at great charge as shee supposeth for the prouidinge furnishinge and transportinge of Servante into Virg
,,,,,,,,low,,servanté,Servanté,Servanté,1,1,2,spacy_GPE:1,,,,,yes,V02-P0131:1876,Nowe for the full redresse of these abuses and for preventinge and avoyding that neither Servant€ be oppressed by vniust Maisters there nor Servants §Maisters§ here wronged and abused by faithles servant€ there and to the intent that all th
,,,,,,,,low,,seuerall,Seuerall,Seuerall,1,1,2,spacy_FAC:1,,,,,yes,V02-P0440:1839,"S’ Edwin Sandys Accompt¢ beinge likewise presented in Courte Audited and approved of, Itt was ordered that in regard itt appeared that they had layne open in Seuerall Courté¢ their due times appointed"
,,,,,,,,low,,severall disbursm,Severall Disbursm,Severall Disbursm,1,1,1,spacy_FAC:1,,,,,,V01-P0155:594,pticularr reasons as well of his severall receipts ax of his Severall Disbursm” the breife wherof ensueth.
,,,,,,,,low,,shallopp,Shallopp,Shallopp,1,1,4,spacy_GPE:1,,,,,,V04-P0526:822,nor did the said Defend! knowe that the said Com- playnant had any oceaéon to employ the said Mnsigne to go abroad in his Shallopp.
,,,,,,,,low,,sharea,Sharea,Sharea,1,1,1,spacy_GPE:1,,,,,yes,V01-P0291:2083,8 Edwin Sandye thankfull accep- taéon of y* 20x Sharea bestowed vppoa him
,,,,,,,,low,,sharers,Sharers,Sharers,1,1,4,spacy_GPE:1,,,,,,V04-P0251:425,Neverthelese to all this my EL thought fitt to add a thirde course that there shold be a present A connnon and general] Contributon made made by all those of the Company who are any wayc interessed in the business for weh purpose all the na
,,,,,,,,low,,shasth,Shasth,Shasth,1,1,4,spacy_GPE:1,,,,,,V04-P0050:41,Thus Shasth H$ deth net §Lastly§ the propounder of this course whe §prayes it may be considered that he§ onlie aymes here at publick good as may appeare by all the wayes and reasons alleadged a professing that he sees no wrong or Ineconyeni
,,,,,,,,low,,shedull,Shedull,Shedull,1,1,3,spacy_LOC:1,,,,,,V03-P0477:1783,[79] Item I doe couenant and promise with the first oppertunity of wynde and weather to sett sayle wt the first Shippe for the Porte of the Cowes neare the Ile of Wight and there to receaue and take into the said Shippe such Passeng™ and go
,,,,,,,,low,,sheffield,Sheffield,Sheffield,1,1,2,spacy_GPE:1,,,,,,V02-P0618:1612,"Sheffield, William."
,,,,,,,,low,,shelden,Shelden,Shelden,1,1,2,spacy_GPE:1,,,,,,V02-P0191:889,m’ Shelden.
,,,,,,,,low,,sheppand,Sheppand,Sheppand,1,1,1,spacy_GPE:1,,,,,,V01-P0228:401,mt Deputy andmt Deputy and m Sheppand to save them harmelesse as touchinge a Sheppard ordered Contract made w' certaine Dutch Carpenters sent to Virginia to to be sealed.
,,,,,,,,low,,sherroe,Sherroe,Sherroe,1,1,2,spacy_GPE:1,,,,,,V02-P0395:869,m’ Sherroe.
,,,,,,,,low,,shiping you l,Shiping you’l,Shiping you’l,1,1,3,spacy_FAC:1,,,,,,V03-P0078:1223,9 furnish yo? Magazine w'* more than for y* p'sent & let a continual trade be on foot and then at y® arrival of your Shiping you’l haue Com? ready & they’l be soon dispatched
,,,,,,,,low,,shisket,Shisket,Shisket,1,1,4,spacy_GPE:1,,,,,,V04-P0149:1534,"‘Answ9|| vneffectuall wee Confesse for the Colony is nowe oppressed wth amyn and sicknes wthin and engaged in a Warre wth the Natives wthout, And whereas the savages were formerlie brovelit to good Corespondeneie |& or|] made tributarie to "
,,,,,,,,low,,shoar,Shoar,Shoar,1,1,4,spacy_GPE:1,,,,,,V04-P0524:914,but before they could gett her afloat they were foreed to vnlade much of her provisions and good@ aud hy the direccion of the said Stallinge to carry them on Shoar vppon the South side of the River and afterward¢ with great labot brought th
,,,,,,,,low,,sholes,Sholes,Sholes,1,1,3,spacy_GPE:1,,,,,,V03-P0557:2257,"And for the Passage thither, and Trade there, it is free from all restraint by forren Princes, whereunto most of our other accustomed trades are subiect: there is neyther danger in the way, through [6] the encountring of the Enemy or Pyrate"
,,,,,,,,low,,shreusbury,Shreusbury,Shreusbury,1,1,4,spacy_GPE:1,,,,,,V04-P0262:789,The Lady Shreusbury is now suto' f* the liberty his Ma” gave her long ago to remayne in the Bishop of Bathes house at Wells and there is order geven for yt.
,,,,,,,,low,,sibi,Sibi,Sibi,1,1,4,spacy_GPE:1,,,,,yes,V04-P0360:2327,") habere Sibi et Suecessoribus suis totas illus terras, patrias et territoria dieti doniini Regis vocala Virginia et terras, patrias ct territoria illa ad libitum: suum proprium assignare, dare, vendere, alienure et disponere euicunque pers"
,,,,,,,,low,,sicknes,Sicknes,Sicknes,1,1,4,spacy_LOC:1,,,,,yes,V04-P0164:915,"We eannot but be much grieved at the Sicknes and mortality that hath hapned since the Massaere, wherein although we do acknowledge the hand of God in chastizing of o” and yo"" Sines, yet since hoth now and formerly it hath as from the natura"
,,,,,,,,low,,silkworme silk,Silkworme Silk,Silkworme Silk,1,1,1,spacy_LOC:1,,,,,,V01-P0231:1926,"M’ Deputy signified that hee had receaved good store of Silkworme Silk wormes seed both out of Fraunce, Italy, and Spaine, and doubted not of much — i” * more verie shortlie, soe that their greatest want wasof menskillfullin = the orderinge"
,,,,,,,,low,,silkworms,Silkworms,Silkworms,1,1,2,spacy_LOC:1,,,,,,V02-P0411:2856,That y° Mulberie-Trees in Virginia have a prickle in their leaves w™ destroyed the Silkworms when
,,,,,,,,low,,silver,Silver,Silver,1,1,3,spacy_GPE:1,,,,,yes,V03-P0030:1529,For the opening & finding out of Silver or gold wee have now probable Intelligence to bee brought vnto: for wch Cause our Lord Governour hath gathered together most of his Choysest men & intendeth a voyadge forthw'h vp vnto a famous fall or
,,,,,,,,low,,sin tomas smiths,Sin Tomas SMITH's,Sin Tomas SMITH's,1,1,4,spacy_GPE:1,,,,,,V04-P0092:752,Note of tue Mex sent Tro ViraGinia in Sin Tomas SMITH's TIME
,,,,,,,,low,,sinne,Sinne,Sinne,1,1,3,spacy_GPE:1,,,,,yes,V03-P0714:438,"Whearas it hath pleased God for o° Sinne, among other of his punishm*, to inflict vppon vs a great scarscity and want of provisions, wout the supply of w™ this Colony cannot subsist;"
,,,,,,,,low,,sister,Sister,Sister,1,1,2,spacy_GPE:1,,,,,,V02-P0103:1964,"Edward Peirs Cittizen and Marchantaylo* of London, petiGoninge for leaue to administer vpon the estate of one Thomas Peirs his Brother, late inhabitinge neare Mulbery [lands in Virginia (who was there slaine with his wife and child in the l"
,,,,,,,,low,,sisters,Sisters,Sisters,1,1,3,spacy_GPE:1,,,,,,V03-P0677:1845,"Set foorth for the benefit of the two renowned and most hopefull Sisters, Virginia, and the Summer-Ilands."
,,,,,,,,low,,sithence,Sithence,Sithence,1,1,3,spacy_FAC:1,,,,,yes,V03-P0235:877,"Sithence itt is nott easye to swaye a vulgar Capt?: Frances and serut seruile Nature, by vulgar & seruile Spiritts;"
,,,,,,,,low,,sivell,Sivell,Sivell,1,1,3,spacy_GPE:1,,,,,,V03-P0274:79,"All the tobaceo in Spaine is to be had in Sivell in the kingdome of Spaine: for in Bilboe & St Sebastians, ete."
,,,,,,,,low,,sixteene comittees,Sixteene Comittees,Sixteene Comittees,1,1,1,spacy_GPE:1,,,,,,V01-P0062:213,"Next he acquaynted that at the Court of elec@on, there was choice made of Sixteene Comittees, one third part of them being vnsworne, who since that time haue seldome or neuer mett, or afforded their presence therefore desired that in their "
,,,,,,,,low,,skarrs,Skarrs,Skarrs,1,1,4,spacy_FAC:1,,,,,,V04-P0520:2369,"This Sumer, god be thanked, the Colony hath very well stoode to health: w"""" assureth us that y° mortalitie of former yeers, is to be imputed to other aceydents, and not to ye Clymate And anila]nge so many of his benefitts God hath sent us a"
,,,,,,,,low,,skinksconce,Skinksconce,Skinksconce,1,1,3,spacy_GPE:1,,,,,,V03-P0696:640,"Lovelace at Bredau [?], written about the beginning of this moneth: wherein he certifyed amongst other nues that S' Thomas Gates was dead in the armie, & burried at Skinksconce."
,,,,,,,,low,,slaney,Slaney,Slaney,1,1,2,spacy_GPE:1,,,,,,V02-P0620:232,"Slaney, I, 319."
,,,,,,,,low,,slaues,Slaues,Slaues,1,1,2,spacy_GPE:1,,,,,yes,V02-P0352:366,"fall to so vnvaluable a rate as not to defray the verie custome and other neces- sarie charges: Secondly it being true w™ was deliuered before yo"" ll*""* that meaner sorte of Tobacco in Spaynel|=-§may be bought at this day for the value of 6"
,,,,,,,,low,,sloane,Sloane,Sloane,1,1,2,spacy_GPE:1,,,,,,V02-P0412:2549,"A part of this doc- ument is in the British Museum, Sloane, 1039, f."
,,,,,,,,low,,smieht,Smieht,Smieht,1,1,4,spacy_GPE:1,,,,,,V04-P0043:2282,"But for the Third pertieuler con- cerning exe Stephen Paynter he sayd, that although the two former grievances esaeerned Stouched$ not the Comp, yet this implyes them some, et it being done by §vertue of § the Companies dtreetion direecon &"
,,,,,,,,low,,smirna,Smirna,Smirna,1,1,3,spacy_GPE:1,,,,,,V03-P0709:1912,"3 Itm That the said Richard Hewtye, Tillman Henton and Walter Cowman in theire deposi@ons to the fourthe afele of the Libell given in this cause on the behalfe of the said Nicholas Younge deposeinge that the M* William Wye M' of the shippe "
,,,,,,,,low,,sniam,Sniam,Sniam,1,1,3,spacy_GPE:1,,,,,,V03-P0718:951,"Wye ab instantia et impetitoe vlteriorig, Judicii in hac pte observaGone quoad deducta narrata et petita per pifat Thesaurariu? et societatem Vir- ginie p'dict ptemq, suam in déo pin9so suo libello Ceterisq ex parte sua in hac efa propoitis"
,,,,,,,,low,,sniyths hundred soeyety,Sniyths hundred soeyety,Sniyths hundred soeyety,1,1,3,spacy_GPE:1,,,,,,V03-P0309:334,"By y° three former ships, and in answer to y° tres of y* Counsell and of Sniyths hundred soeyety both y* Governo' and Counsell ioyntly, and y° Governo’ also aparte have wrytten."
,,,,,,,,low,,snoad,Snoad,Snoad,1,1,2,spacy_GPE:1,,,,,,V02-P0621:1676,"Snoad, John."
,,,,,,,,low,,socictati,Socictati,Socictati,1,1,4,spacy_GPE:1,,,,,,V04-P0325:875,"Et ulterius idem Dominus Rex per easdem litteras patentes suas ex suis speciali gratia, certa scientia et mero motu pro se, heredibus et successoribus suis concessit prefato Thome Smyth, militi, Thesaurario antedicto et Socictati et eorum s"
,,,,,,,,low,,societatem,Societatem,Societatem,1,1,4,spacy_GPE:1,,,,,,V04-P0335:403,"] facere, eligere et admittere in Societatem illam quascunque personas voluerint tam alienos quam alios et diversas dena- riorum summas de eisdem personis capere, recipere et levare, pro eorum admissione in Societatem predictam quodque pers"
,,,,,,,,low,,societie,Societie,Societie,1,1,1,spacy_GPE:1,,,,,,V01-P0127:133,that by the said will hee was sole executo’ the Courte now gave al- lowance therof and soe was admitted into this Societie.
,,,,,,,,low,,solicitinge,Solicitinge,Solicitinge,1,1,1,spacy_LOC:1,,,,,yes,V01-P0190:454,"This yeare itt is to be hoped they wilbe chearfully paid especially if there be good order in Solicitinge the parties, To w™ end I wish that a Collecéon be made of all those Debts remayninge to be divided after- ward into three parts accord"
,,,,,,,,low,,solicyters,Solicyters,Solicyters,1,1,4,spacy_LOC:1,,,,,,V04-P0462:258,"hinderance of his owne pticular, For the Blowmery we refer it to our next letters, As for y* Petitions, wt our best convenience, we will give them dispatch some of them havinge been deferred for wante of Solicyters, but of these you shall h"
,,,,,,,,low,,somer,Somer,Somer,1,1,2,spacy_GPE:1,,,,,,V02-P0185:902,"M' Wrote further obiected that neither the Counsell eaxd ||nor|| Com- ittees had authority giuen them to treat of that matter of Salaries because it was not perticulerly sett downe, But m‘’ Deputy made Answeare, that it was the selfe same g"
,,,,,,,,low,NW-020,somer islands,Somer Islands,Somer Islands,1,1,3,spacy_FAC:1,,,,,,V03-P0738:323,"Plants sent from Somer Islands, 642."
,,,,,,,,low,,somers islands sompanies,Somers Islands Sompanies,Somers Islands Sompanies,1,1,4,spacy_GPE:1,,,,,,V04-P0628:741,"Per ft te he ilepuaty governor of Virginia and Somers Islands Sompanies, 90-91."
,,,,,,,,low,,somiersett,Somiersett,Somiersett,1,1,1,spacy_GPE:1,,,,,,V01-P0383:1035,A sixt to Henry Southey of Rimpton in Somiersett sheire 100
,,,,,,,,low,,sommer,Sommer,Sommer,1,1,4,spacy_GPE:1,,,,,,V04-P0580:2722,"Not- wstandinge these irregularities, the substance of the newes they bringe ix soe ioyfull and welcome, as after many discomfortes and perplexities, hath revived the harte of all men namely yt it hath pleased God, to place in the Royall Th"
,,,,,,,,low,,soules,Soules,Soules,1,1,4,spacy_GPE:1,,,,,yes,V04-P0250:1619,only vppon ffriday last wee took theyre answe' what they would presently Do for the Releeving of the poore Soules in Virginia wh as a Company that Ruled over them vnder his Ma’ they were tyed todo These two thinges they propounded.
,,,,,,,,low,,sounday,Sounday,Sounday,1,1,4,spacy_GPE:1,,,,,,V04-P0592:1569,"2 That whosoeuer shall absent him selfe from devine service any Sounday wthowt an alowable e[zcuse] shall forfeit a pownde of Tobaceo, and he y* absenteth himselfe a moneth shall forfect 50° of Tobacco."
,,,,,,,,low,OW-008,southhamptonic,Southhamptonic,Southhamptonic,1,1,4,spacy_GPE:1,,,,,,V04-P0310:2423,"Gomis quod ipsi dividerent seipsos in duas eolonias una earum consistens de diversis miliiibus, generosis, mereatoribus et aliis de Civitate domini Regis Londonie voeata prima colonia et altera earum de diversis militibus, generosis et alii"
,,,,,,,,low,,southwarke,Southwarke,Southwarke,1,1,2,spacy_GPE:1,,,,,,V02-P0405:498,"After the rising of y® Virginia Court this day being y° Last of Aprill, Iames Dauies brought these Two wittnesces to proue that he was y° imediate heire to his deceased vnckle Walter dauies that dyed in his passage to Virginia, viz** Rebecc"
,,,,,,,,low,OW-008,sowthampton,Sowthampton,Sowthampton,1,1,3,spacy_GPE:1,,,,,,V03-P0128:1095,"prayse vnio the Allmyghty for the same, that therefore being I am assured you tender most deerly the welfare of this plantation you would be pleased my tyme of 3 yeares being expired in the Goverment, to comend vnto the good regard of the C"
,,,,,,,,low,,specie,Specie,Specie,1,1,2,spacy_GPE:1,,,,,,V02-P0346:2147,Touchinge w™ he proposed whither it were not fitt to desire of his Ma‘ and their Il”* that they would please to accept of a fourth part of their Tobacco as was at first offered to the Lord Treasuror and that this retribuéon might be taken i
,,,,,,,,low,,sprus,Sprus,Sprus,1,1,1,spacy_GPE:1,,,,,,V01-P0202:39,a Sprus ace pon the Court ordered that ‘Spruson who is yett liveinge should
,,,,,,,,low,,spye,Spye,Spye,1,1,3,spacy_GPE:1,,,,,,V03-P0312:692,A Spye.
,,,,,,,,low,,ssieterene,Ssieterene,Ssieterene,1,1,1,spacy_GPE:1,,,,,,V01-P0448:535,reitsstes Serasere: pitssetiessss stsiatetstagessreseseseesesssetese tes tis ¥ prereseotiee se re = Sta tees 3 Set = ete bist en tanga a tetetetetererssetetese 3 = + (SSS SSeS Sis SE: = sSese = Seetheeseeataetesetetstetetepers ee SBiss rete
,,,,,,,,low,,st andero,St Andero,St Andero,1,1,4,spacy_FAC:1,,,,,,V04-P0262:431,"The next Day after his Ma’® went from London wee sent for my Lord of Rutland and took orde’ for refunding the Shipping wt* any §thing§ that was lackinge and to hasten them vppon they"" viadge to the port of St Andero as was appointed"
,,,,,,,,low,,st bartholomewe,St Bartholomewe,St Bartholomewe,1,1,3,spacy_GPE:1,,,,,,V03-P0402:670,"as they shall be able to cleere manure order dresse, husband and vse, eyther in orchards, gardens, vineyards or for Tobacco, corne, mayz or Indian Wheat, oad, silk gras flaxe or hempe, or for pasture and hay for kine & other cattle or for p"
,,,,,,,,low,,st edwyn sandys,St Edwyn Sandys,St Edwyn Sandys,1,1,1,spacy_FAC:1,,,,,,V01-P0247:2251,"And if the State of their Cash (w™ the Adventurors are now desired to examine,) will pmitt, they will pay him in hand one Moytie of the money that he desires, and the other Moytie vpon Certificate from the Gouerno’ of his arrivall in Virgin"
,,,,,,,,low,,st ff,St ff,St ff,1,1,4,spacy_GPE:1,,,,,,V04-P0119:1671,To examine wt the sending of St ff.
,,,,,,,,low,,st george,St George,St George,1,1,4,spacy_GPE:1,,,,,,V04-P0005:1778,"Expeckting fré my sclfe or fro the sd St George such further orders, as shalbe sent vnto him."
,,,,,,,,low,,st george yardley,St George Yardley,St George Yardley,1,1,3,spacy_GPE:1,,,,,,V03-P0210:1583,"[10] Ifm it is hereby agreed and declared That the said John Woodleefe shall stand Adventurer w‘? the said S* Wittm Throkm?ton for a full third pte of his adventure, over and besides his fifthe pte from St George Yardley if it accrewe to hi"
,,,,,,,,low,,st henry mildmay,St Henry Mildmay,St Henry Mildmay,1,1,2,spacy_FAC:1,,,,,,V02-P0228:58,royall consideraéon and desired St Henry Mildmay to the entent the Company might fully pforme what his Ma‘ required (because the Court was nowe but smale) he would please to leaue his message in writinge or stay till my Lord of Southampton 
,,,,,,,,low,,st james,St James,St James,1,1,3,spacy_FAC:1,,,,,,V03-P0399:970,--------_---__-__-- Payd at the horshooe for a chamber to stowe our goods bought at St James faire for .
,,,,,,,,low,,st martin,St. Martin,St. Martin,1,1,4,spacy_GPE:1,,,,,,V04-P0369:2550,"And now, to wit, on Friday next after the quindeme of St. Martin in that same term, there came before our lord the King at Westminster the aforesaid Nicholas ffarrar, Sir John Danvers, John ffarrar, Thomas Wheatley, Richard Caswell, Thomas "
,,,,,,,,low,,st michaels,St. Michaels,St. Michaels,1,1,2,spacy_LOC:1,,,,,,V02-P0617:154,"St. Michaels in Cornhill, I, 628;"
,,,,,,,,low,,st pauls,St. Paul’s,St. Paul’s,1,1,3,spacy_FAC:1,,,,,,V03-P0743:2357,"John, Dean of St. Paul’s, 65."
,,,,,,,,low,,st sithes,St. Sithes,St. Sithes,1,1,3,spacy_GPE:1,,,,,,V03-P0324:1958,"Ferrar, Deputy to the Company, his houfe in St. Sithes lane, in the beginning of Augu/?, and in the middle of fanuary, next, according to the feuerall numbers at thofe times to be fent, fhall from thence-forward be entertained, at the Compa"
,,,,,,,,low,,st t,St T,St T,1,1,4,spacy_GPE:1,,,,,,V04-P0187:753,And in St T.
,,,,,,,,low,,st thomas lane,St. Thomas Lane,St. Thomas Lane,1,1,2,spacy_FAC:1,,,,,,V02-P0617:245,"St. Thomas Lane, II, 390."
,,,,,,,,low,,stalling,Stalling,Stalling,1,1,3,spacy_GPE:1,,,,,,V03-P0125:1189,"Stalling employed hether by Sir flardinando Gorge, Coming to Smythes Hundred some difference ffell betweene thé and drunkennes w* of late hath bin to Common stiring them farther to malice and blowes, so that Epps lett drive at Stalling and "
,,,,,,,,low,,stanhop,Stanhop,Stanhop,1,1,4,spacy_GPE:1,,,,,,V04-P0311:194,"lelmo domino Monteagle, Radulpho, domino Eure, Edmundo domino Sheffeild, Grey domino Chandois, ? domino Compton, Johanni, domi- no Peter, Johanni, domino Stanhop, Georgio, domino Carewe, Humfrido Welde, militi, domino maiore civitatis Londo"
,,,,,,,,low,,staples,Staples,Staples,1,1,4,spacy_GPE:1,,,,yes,,V04-P0610:1402,"Staples, 82, 103, 153, 183, 572."
,,,,,,,,low,,starpe,Starpe,Starpe,1,1,4,spacy_GPE:1,,,,,,V04-P0374:1717,"Samuel Smyth {sie}, Thomas Gerrard, T homas Whittingham, William Canninge, Paul Cannyng, George Chandler, Henry Vincent, Thomas | Keitley, Janes Skelton, James Mawtam, George Webb, gentleman, Joseph Newrouch Smyth, Josiah Maude, Ralph Hamor"
,,,,,,,,low,,stationers,Stationers,Stationers,1,1,3,spacy_GPE:1,,,,,,V03-P0088:466,___ Companie of Stationers.
,,,,,,,,low,,stephano,Stephano,Stephano,1,1,4,spacy_GPE:1,,,,,,V04-P0316:879,"Thome Norineott, clothworker, Ricardo Venn, haberdiasher, Thome Scott, generose, Thome Jackson, merchant tayler, Georgio Hankyn- son, Thome Leyre, generoso, Matheo Cooper, Georgio Butler, generoso, Thome Lawson, generoso, Edwardo Smyth, hab"
,,,,,,,,low,,stephano powle,Stephano Powle,Stephano Powle,1,1,4,spacy_GPE:1,,,,,,V04-P0311:2397,"John, militi, Thome Holeroft, militi, Johanni Mallory, militi, Rogero Aston, militi, Waltero Cope, militi, Ricardo Wigmore, militi, Willelmo Cooke, militi, Herberto Crofte, militi, Henrico ffanshawe, militi, Johanni Smyth, militi, ffrancisc"
,,,,,,,,low,,stephano somes,Stephano Somes,Stephano Somes,1,1,4,spacy_GPE:1,,,,,,V04-P0311:860,"lelmo domino Monteagle, Radulpho, domino Eure, Edmundo domino Sheffeild, Grey domino Chandois, ? domino Compton, Johanni, domi- no Peter, Johanni, domino Stanhop, Georgio, domino Carewe, Humfrido Welde, militi, domino maiore civitatis Londo"
,,,,,,,,low,,stepps,Stepps,Stepps,1,1,2,spacy_GPE:1,,,,,yes,V02-P0232:168,therefore wished no Sallaries at all as yet or if Salaries then after a better waye then is nowe piscribed vnto w™ he said he would giue these Stepps.
,,,,,,,,low,,stoeks,Stoeks,Stoeks,1,1,3,spacy_GPE:1,,,,,,V03-P0530:65,"corrupt the greatest ioynet Stoeks may by practize & factéon [&]* so dispose of the Gou9ment as they may by the means of the instruments thereof monopolize the whole proffit that shall arise, out of the said Aduentures into a few priuate ha"
,,,,,,,,low,,strangers,Strangers,Strangers,1,1,2,spacy_GPE:1,,,,,yes,V02-P0358:519,"for y° Company, that the Importaéon of Spanish Tobacco (since it must needé be graunted) should be in Strangers handé¢ then in y® Com- panies;"
,,,,,,,,low,,streightly,Streightly,Streightly,1,1,3,spacy_FAC:1,,,,,,V03-P0150:233,of both to the comaund of S' George Yardly knight Governo’ and Captaine generall of Virginia to be by him disposed of and imployed according to such Direc@ons as from hence he shalbe advised vnto Streightly charging and comaunding the said 
,,,,,,,,low,,strong,Strong,Strong,1,1,4,spacy_GPE:1,,,,,yes,V04-P0279:1379,"Whereas the rates and prices of Comodities here in Virginia haue of late and by degrees growne to a most exessiue and vnconscionable heiglit, nol only in Tobacco, but in ready mony, to the great greivaunce of this State and Comon-wealth, th"
,,,,,,,,low,,strue,Strue§,Strue§,1,1,4,spacy_GPE:1,,,,,,V04-P0118:1780,8&8 Mi fferrar did not reeeaue letters from the Gouerno? and Counsell of Virginia or some of them in mayne pointes coneerning the Strue§ state and eondi¢on of the Plantaton eontradictorye oar diucrse from what was publicklie rexd in Court.
,,,,,,,,low,,suceessoribus,Suceessoribus,Suceessoribus,1,1,4,spacy_GPE:1,,,,,yes,V04-P0348:1308,| dieunt quod idem Dominus Rex nune ante predietum tempus in Informacione predicta superius specificatum scilicet predieto vicesimo tercio die Maii anno regni ciusdein domini Regis Anglie septimo supradicto per predictas littcras suas paten
,,,,,,,,low,,sueeessoribus,Sueeessoribus,Sueeessoribus,1,1,4,spacy_GPE:1,,,,,yes,V04-P0334:2136,") claniant habere sibi et Sueeessoribus suts tot ila terras, patrias et territoria dicti dominit Regis vocata Virginia eis per separales litteras patentes predietas, ut prefertur, concessa et terras, patrias et tervitoria illa ad libitum su"
,,,,,,,,low,,sufioninge,Sufioninge,Sufioninge,1,1,4,spacy_GPE:1,,,,,,V04-P0457:628,A warr: for Sufioninge of a generall Assembly directed to all plantations
,,,,,,,,low,,sugar canes,Sugar-Canes,Sugar-Canes,1,1,3,spacy_GPE:1,,,,,,V03-P0557:129,"of Cotton-wooll, Silke-grasse and Sugar-Canes, will there be had in abundance, with many other kindes."
,,,,,,,,low,,sugars,Sugars,Sugars,1,1,3,spacy_GPE:1,,,,,,V03-P0575:1555,"Tor the greatest part of their gaine and profit I say consists not in these mynes, but in their other Commodities, partly natiue, and partly translated from other parts of the world, and planted in the West Indies: As in their mighty wealth"
,,,,,,,,low,,sumer,Sumer,Sumer,1,1,4,spacy_GPE:1,,,,,,V04-P0484:849,"and doe finde the pes persons Sheer$ to bee more in number, and provision of vietualls to bee more plentifull then wee expected, after the Massacre and so great a mortallity both of men and Catle, but theyr is great want of Amunicion, and d"
,,,,,,,,low,,sundayes,Sundayes,Sundayes,1,1,3,spacy_FAC:1,,,,,,V03-P0225:1909,"Nowe that yo"" lo may knowe, we are not the veriest beggers in the worlde, our Cowe-keeper here of Iames citty on Sundayes goes acowterd all in freshe flaming silkes and a wife of one that in England had professed the black arte not of a sch"
,,,,,,,,low,,sundrye,Sundrye,Sundrye,1,1,4,spacy_GPE:1,,,,,yes,V04-P0171:29,"Sundrye mecting@ we haue had of late, to wh both Companies after a newe confused manner haue ben summoned to appear together, against wh court€ and apparances, ther hath ben redy pennd (by some one mem- ber minding to nourishe strife) not m"
,,,,,,,,low,,supplem,Supplem,Supplem,1,1,2,spacy_GPE:1,,,,,yes,V02-P0319:1447,"In w® enterprize to tell how great things many of vs have suffered throughe hunger alone, would be as incredible as horrible to reporte to yo"" sacred eares, w“"" difficulties wee by the faveur |power| of God haveinge in some sorte ouercom, a"
,,,,,,,,low,,supplianté,Supplianté,Supplianté,1,1,4,spacy_GPE:1,,,,,yes,V04-P0202:324,"Yo’ mat€ most humble Supplianté haueing latelie received yo! Mla letter, and in the same theis two Comandmenté, one that no man shall come to their Court@, or Committees, who besides his freedome and Jand, hath not some men nowe, or Iatelie"
,,,,,,,,low,,supply,Supply,Supply,1,1,2,spacy_GPE:1,,,,,yes,V02-P0462:2033,"S' Iohn Dauers signified that the Counsell haveinge taken into their consideraéon that although there be many worthy Cittizens of the Counsell, yett either through busines or otherwise they doe not give that diligent attendance as the Actio"
,,,,,,,,low,,supplye,Supplye,Supplye,1,1,4,spacy_LOC:1,,,,,yes,V04-P0250:1893,Secondly for the Supplye of particular hundreds and private persons in Virginia there is an other Role yvnderwritten of eighteene lundreth poundes wh shall be
,,,,,,,,low,,sussafras,Sussafras,Sussafras,1,1,4,spacy_FAC:1,,,,,,V04-P0278:448,"Coneerning the sending home of the Sussafras as last yeare in the Abigall, where it had conve fraight free, it would haue been profitable, so now on the contrarie, it would be of dainage wherefore we pray yo"" not to go on that course, but t"
,,,,,,,,low,,sussex,Sussex,Sussex,1,1,3,spacy_GPE:1,,,,,,V03-P0317:2200,"and out of Sussex, about forty;"
,,,,,,,,low,,swan,Swan,Swan,1,1,3,spacy_GPE:1,,,,,,V03-P0126:1673,"94 Noble Sir, since my Last vnto you by the Swan, wherein I was forced to wryght breifly, hoping to have more tyme by the Ships that were to ffollow hir, to signify at large vnto you of all matters, and espetially about"
,,,,,,,,low,,swann,Swann,Swann,1,1,1,spacy_LOC:1,,,,,,V01-P0209:1481,ported in y® Ionathan there died aboue 16: Of 70: in the Swann of
,,,,,,,,low,,sweden,Sweden,Sweden,1,1,2,spacy_GPE:1,,,,,,V02-P0623:979,"Sweden, I, 420, 430."
,,,,,,,,low,,switzerland,Switzerland,Switzerland,1,1,3,spacy_GPE:1,,,,,,V03-P0585:1591,"For so wee see in our owne Country, from the ridge of Mountaines continued from Derbishire into Scotland, doe issue many great Riuers on both sides into the East Germane Ocean, and into the Westerne /rzsh Seas: in like sort from the Alpes o"
,,,,,,,,low,,sword,Sword,Sword,1,1,4,spacy_LOC:1,,,,,yes,V04-P0252:692,"Whereas there is no meanes so probable to worke the ruine, and destrucGon of of Salvage & treacherous euemies, as cutting downe theire Corne in the fitt season, seeing they haue so many lurkeing places to eseape the execuéon of the Sword by"
,,,,,,,,low,,sworn,Sworn,Sworn,1,1,4,spacy_FAC:1,,,,,yes,V04-P0527:741,wherof the said publique officers haue complayned to the said Defend* as he will be Sworn and could haue otherwise more strongly prooved if the said officers were now allive.
,,,,,,,,low,,syneretisme,Syneretisme,Syneretisme,1,1,4,spacy_GPE:1,,,,,,V04-P0426:2214,"This ecouneell of union being the most soveraigne councell wee will tearme a Syneretisme or couneell of union with the councell of England and this councell shall bee chosen onely out of the patriotes of everie province, by a component numb"
,,,,,,,,low,,tackett,Tackett,Tackett,1,1,4,spacy_GPE:1,,,,,,V04-P0303:1262,"Adhue de termino Sancti Michaelis: Rex: memorandum: quod Thomas Coventrye, miles, attornatus domini Regis nune generalis, qui pro eodem domino Rege in hae parte sequitur, in propria persona sua venit hic in curia dicti domint Regis coram ip"
,,,,,,,,low,,taeobh,Taeobh,Taeobh,1,1,1,spacy_GPE:1,,,,,,V01-P0064:341,susteynd by it Taeobh
,,,,,,,,low,,taken,Taken,Taken,1,1,4,spacy_GPE:1,,,,,yes,V04-P0105:874,"by this means, they may alsoe haue a stock of Corne to Vietuall such People as they shall send over heerafter, to the great difhinition of theire Charges, The like course we could wish, might be Taken, with other Soeyeties (as we haue forme"
,,,,,,,,low,,tames city island,Tames City Island,Tames City Island,1,1,4,spacy_GPE:1,,,,,,V04-P0625:508,"See also Janes Town, Tames City Island, 555, James River, 629, 451, 558, James Town, 59, 60, 89, 94, 230,"
,,,,,,,,low,,tanke weyonoke,Tanke Weyonoke,Tanke Weyonoke,1,1,4,spacy_FAC:1,,,,,,V04-P0567:313,"On y® Northerly Side is y® land belonging to Southampton Hundred, contayning 100,000: Aercs, extending from Tanke Weyonoke downe to y° mouth of Chicahominy River"
,,,,,,,,low,,tansmarinas,Tansmarinas,Tansmarinas,1,1,4,spacy_GPE:1,,,,,,V04-P0306:851,"gregaciones sive convocaciones de quampluribus et diversis hominibus eius- dem Socictatis tot et talibus, quot et qualibus ¢is plicuerit ac in eisdem curiis, congregacionibus et eonveeacionibus ad libitum suum proprium diversa statuta, lege"
,,,,,,,,low,,tanuary,TANUARY,TANUARY,1,1,1,spacy_GPE:1,,,,,,V01-P0092:36,TANUARY THE 26: 1619.
,,,,,,,,low,,tapan,Tapan,Tapan,1,1,3,spacy_GPE:1,,,,,,V03-P0585:633,"Neither is the com- modiousnesse of VIRGINIAS situation onely in respect of this west Alan- ticke Ocean, but also in respect of the Indian Ocean, which wee commonly call the South Sea, which lyeth on the West and North west side of VIRGINIA"
,,,,,,,,low,,tappahanna,Tappahanna,Tappahanna,1,1,4,spacy_GPE:1,,,,,,V04-P0567:815,The Teritory of Tappahanna ou? against James Citty
,,,,,,,,low,,taxationem,Taxationem,Taxationem,1,1,3,spacy_GPE:1,,,,,,V03-P0011:2303,Johem Havercombe nup Mium p'fectum sive gubernatorem Navis vocat the Guift of God ptem ream et querelatam: ptibus ex altera vertitur et pendet indeciss rite et ttime procedefi: Partibus pret p earum Proéures Coram nobis in Juditio Ttime Com
,,,,,,,,low,,tenanteé,Tenanteé,Tenanteé,1,1,1,spacy_GPE:1,,,,,yes,V01-P0397:1863,"Whereas the Companie fox-V+rene by a former order of Court made staye of 44"" vpon Capt: Weldens Tobacco out of 1200 waight he brought home this last Somer vpon his owne Account in respect he stood charged for so much due vnto the Companie f"
,,,,,,,,low,,tennté,Tennté,Tennté,1,1,4,spacy_GPE:1,,,,,yes,V04-P0525:1458,one only whoxe name was Stoake enterteined himself for the publique verviee of the Collony Morcou? the said Defend* saith that he was nott at all acquainted that the said Complainan|t] had hired any one or more of them to serve him ether as
,,,,,,,,low,,teno,Teno,Teno,1,1,2,spacy_GPE:1,,,,,,V02-P0167:1104,"After this m’ Deputy acquainted the Company ||Court|| that the Coun- sell and Comittee hauinge treated and debated largely concerninge the bringinge in of the Spanish Tobacco, and findinge some willinge to be Aduenturers for the bringinge i"
,,,,,,,,low,,terra leninia,Terra Leninia,Terra Leninia,1,1,4,spacy_GPE:1,,,,,,V04-P0610:1907,"Terra Leninia, 99."
,,,,,,,,low,,testamento,Testamento,Testamento,1,1,3,spacy_GPE:1,,,,,,V03-P0010:1928,"In dei nomine Amen Auditis visis et intellectis ac plenarie et mature diseussis p Nos Thomam Crompton militem ac Legii Déorem §Curiw§ dni firi Regis suse Admi® Anglis Locumtenei Judicem sive Presidefi Itime Deputatum, Meritis et Circumstanc"
,,,,,,,,low,,thachiiiinaansaantiton,Thachiiiinaansaantiton,Thachiiiinaansaantiton,1,1,1,spacy_GPE:1,,,,,,V01-P0117:74,Thachiiiinaansaantiton
,,,,,,,,low,,thad,Thad,Thad,1,1,4,spacy_GPE:1,,,,,,V04-P0106:2136,"John Radish was lett out for Rent, but after the Massacre, (being furnished with neither cloathes ner pro- uision nor well in health) his M' kept him to find and eloath him onely: There was neither ground for these to plant, ner prouision, "
,,,,,,,,low,,thadventurers,Thadventurers,Thadventurers,1,1,3,spacy_GPE:1,,,,,yes,V03-P0536:699,"And Chargeing the sayd Alderman Johnson w* indirect dealing & in plane tearmes as may be shewed vnder his owne hand w** coosenage, w‘> abuse of his malitious tongue sounded so lowde and wide as by some means it came to his Ma""® sacred Eares"
,,,,,,,,low,,thane,Thane,Thane,1,1,4,spacy_GPE:1,,,,,,V04-P0475:783,"I paid for y* horse hier of y® s? Richard Groue fro’ Londen to porchinouth, & since his landing here Thane found hin meat & drinke apparrell & lodging & both at sen & sinee his landing here hee hath been cut reputed & approued my seruaut, b"
,,,,,,,,low,,the south sea,THE SOUTH SEA,THE SOUTH SEA,1,1,3,spacy_LOC:1,,,,,,V03-P0584:76,"A TREATISE or THE NoRTHWEST PassaGE TO THE SOUTH SEA, THROUGH THE Continent or VIRGINIA anv BY Fretum Hudson"
,,,,,,,,low,,theirby,Theirby,Theirby,1,1,3,spacy_GPE:1,,,,,yes,V03-P0205:361,"full power and authority as much as in vs lyeth, aswell by way of expor- tagon out of England as by way of trade either with the natives of Vir- ginia, or with the English there residinge or to bee residinge, to bee our cheife marchant and "
,,,,,,,,low,,theophilo,Theophilo,Theophilo,1,1,4,spacy_GPE:1,,,,,,V04-P0310:2598,"Lisle, Theophilo, domino Howard de Walden, Jacobo Mouniague, episcopo de Bath et Wells, Edwardo, domino Zouche, Thome, domino Laware, Wil-"
,,,,,,,,low,,thinge,Thinge,Thinge,1,1,3,spacy_GPE:1,,,,,yes,V03-P0056:1945,"ninetie three pound¢ Tenne shillinge as the Complayn*nt¢ by theire Bill haue surmised, And wt*out that that hee this defendant doth w'thold and deteine in his hande from the Complayn*nt¢ the some of seaven hundred poundé or any some of mone"
,,,,,,,,low,,thirde,Thirde,Thirde,1,1,1,spacy_GPE:1,,,,,yes,V01-P0194:1960,A Thirde parte remayneth of the pticularr Gouerm' by way of Incor- poraéon for every Cittie and Burrough w™ I wish may be for all of one and the same modell vniformitie beinge not onely a nourisher
,,,,,,,,low,,thirdé,Thirdé,Thirdé,1,1,2,spacy_GPE:1,,,,,yes,V02-P0057:2259,"The Cofiittees answeare that they are crediblie informed that the Patent for Garbellinge hath not hitherto taken effect vpon any man as beinge question- able, first whither Tobacco be garbellable at all, and secondly whither the proporéon o"
,,,,,,,,low,,thoinam,Thoinam,Thoinam,1,1,4,spacy_GPE:1,,,,,,V04-P0303:1140,"Adhue de termino Sancti Michaelis: Rex: memorandum: quod Thomas Coventrye, miles, attornatus domini Regis nune generalis, qui pro eodem domino Rege in hae parte sequitur, in propria persona sua venit hic in curia dicti domint Regis coram ip"
,,,,,,,,low,,thoinas,Thoinas,Thoinas,1,1,4,spacy_GPE:1,,,,,,V04-P0620:1046,"Gibbs, Thoinas, 164, 184, 187."
,,,,,,,,low,,thom,THom,THom,1,1,3,spacy_GPE:1,,,,,,V03-P0034:313,To the right honorable THom's Lorp Exvtesmenre Lord Chauncellor of England.
,,,,,,,,low,,thomasin,Thomasin,Thomasin,1,1,3,spacy_GPE:1,,,,,,V03-P0697:401,The humble petition of Thomasin Woodshawe
,,,,,,,,low,,thomasin woodshawe,Thomasin Woodshawe,Thomasin Woodshawe,1,1,3,spacy_GPE:1,,,,,,V03-P0741:2168,"Plea for Pardon by Thomasin Woodshawe, 681, 682."
,,,,,,,,low,,thomes,Thomes,Thomes,1,1,4,spacy_GPE:1,,,,,,V04-P0373:1947,"Robert Robinson, John Huntley, John Grey, William Payne, William Feilile, Willian Wattcey, William Webster, John Digley, William Carpenter, Thomas Draper, Rieherd Glanvicll, Arnald Lulls, Henry Rowe, William Moore, Nicholas Grice, dumes Mon"
,,,,,,,,low,,thoms webb,Thoms Webb,Thoms Webb,1,1,3,spacy_GPE:1,,,,,,V03-P0089:253,____ Charles Towler_ 12 10 Thoms Webb.
,,,,,,,,low,,thornborough,Thornborough,Thornborough,1,1,2,spacy_GPE:1,,,,,,V02-P0623:1834,"Thornborough, Sir John, I, 344."
,,,,,,,,low,,thousand,Thousand,Thousand,1,1,4,spacy_GPE:1,,,,,yes,V04-P0126:953,2 That his ma out of his prineelie Care of their good is content that noe Tobacco shalbee brought into England or Ireland but onelie such as shialbec imported from the Plantaéons in Virginia and the Summer Islande@ except onelie fourtie Tho
,,,,,,,,low,,thowsand,Thowsand,Thowsand,1,1,1,spacy_GPE:1,,,,,yes,V01-P0030:955,"w"" being propounded, whither the Thowsand pound@ should be paid, that is at interest at seauen p Cent or that the Vndertakers should remayne in bond¢, and a Diuident be made the Adventurers, by erecGon of hand@ was concluded, that the said "
,,,,,,,,low,,threa,Threa,Threa,1,1,4,spacy_GPE:1,,,,,,V04-P0461:2278,"For the Glass worke, ship wrights, and Compositione w'"" y® ffrench men, we refer you to m' Threa’ letters, w® though they haue had noe better success, yett was not his care and excedinge charge wantinge, even to y°"
,,,,,,,,low,,thread,Thread,Thread,1,1,4,spacy_GPE:1,,,,,yes,V04-P0610:1927,"Thread, 279, 281."
,,,,,,,,low,,threescore,Threescore,Threescore,1,1,3,spacy_GPE:1,,,,,yes,V03-P0376:1282,Whereas wee the Treasuror Councell and Company for Virginia for the better advauncem and supporte of that Plantaéon haue given leaue vnto such as shall furnish out our good Shipp of Bristoll called the supply of the burden of Threescore and
,,,,,,,,low,,threré,Threré,Threré,1,1,1,spacy_GPE:1,,,,,yes,V01-P0155:90,"After w® writinge beinge read m‘ Thefer pceeded to declare vuto the MW” Threré decla- Courte the State of his Accompt, aswell for the Companies general) (ye."
,,,,,,,,low,,thudisais,Thudisais,Thudisais,1,1,4,spacy_GPE:1,,,,,,V04-P0618:753,aad Thudisais.
,,,,,,,,low,,thumas,Thumas,Thumas,1,1,3,spacy_GPE:1,,,,,,V03-P0754:552,"Juxson, Thumas, 85."
,,,,,,,,low,,théer,Théer,Théer,1,1,1,spacy_GPE:1,,,,,yes,V01-P0154:417,"Another vnknowne pson (together w™ a goodly letter) hath latly sent to the Théer 550"": in gold for the bringinge vpp of Children of the Infidles first in y® knowledge of God & true religion, & next in ffitt Trades wherby honestly to live."
,,,,,,,,low,,tideerh,Tideerh,Tideerh,1,1,3,spacy_GPE:1,,,,,,V03-P0594:1034,i ‘ UL 1 tN ae retinuey |) # wn fale then Whe fone a Liao i ed po Lew mae (hae Tideerh: gent Cerin cn) frennlll tis tee @ ben ;
,,,,,,,,low,,tie b,Tie B,Tie B,1,1,1,spacy_GPE:1,,,,,,V01-P0075:269,"a Ouer -, s — 7 = ow » al —— pte - maf q J “ @ ‘ /ag ie Wy aia le ei Dgere eee a ste -¥ ye r wep hen Wes rb “Shivie: a fetbok net oo te Tie B cowry"
,,,,,,,,low,,tie corian,Tie Corian,Tie Corian,1,1,4,spacy_GPE:1,,,,,,V04-P0563:1034,"[71a] On y* Northerly Side of James River from the ffailes downe to Tie Corian Henrico, Contayneing 10 miles in length are y* publique lands, reserved and ae"
,,,,,,,,low,,titterarum,Titterarum,Titterarum,1,1,4,spacy_GPE:1,,,,,,V04-P0343:1991,"fretacione ad patriam iHlam et ab cadem patria absque reddicione et sol- vendo subsidium, custumam, imposicionem vel aliquam alam (axacioncm vel veetigal, Anglice, duty, cidem domino Regi, beredibus et Successoribus suis pro spatio septem a"
,,,,,,,,low,,tlandé,Tlandé,Tlandé,1,1,3,spacy_GPE:1,,,,,yes,V03-P0149:1637,"Tlandé, and to deliver them safely to the charge of Captaine Miles Kendall"
,,,,,,,,low,,tn marmaduke,Tn Marmaduke,Tn Marmaduke,1,1,4,spacy_GPE:1,,,,,,V04-P0599:1664,"Tn Marmaduke, 279-282, In iron works, 141, 268-269, Tobueeu: In ships, 185."
,,,,,,,,low,,tnagtiuary,Tnagtiuary,Tnagtiuary,1,1,4,spacy_GPE:1,,,,,,V04-P0140:1904,"||| As for those wilde hogg@ wee accounte of them as of the Deare in Virginia thinge belonginge to noe man and serue to feed the Savages or the Maryners that live idlie there, rather then the people of the Colony, whoe haue starved in the m"
,,,,,,,,low,,tobacco rowle,Tobacco Rowle,Tobacco Rowle,1,1,4,spacy_GPE:1,,,,,,V04-P0235:1813,Idem to M* Marshall at the signe of y° Tobacco Rowle in Tower
,,,,,,,,low,,tobacea,Tobacea,Tobacea,1,1,4,spacy_GPE:1,,,,,,V04-P0219:2155,"necessities by making them pay most yneunscionable prizes, but either of bh supply wey free guift or at such reasonable rates as all the# meanes Sef sustentations ee i awit consists onke Sby wt the poore people subsist heeing only§$ by plan"
,,,,,,,,low,,tobaceo,Tobaceo,Tobaceo,1,1,4,spacy_GPE:1,,,,,,V04-P0280:1300,"And because it is impossible fer them to sett perticuler and certaine rates and prices vpon all sort@ of goode@, wares, and Comodities by reason of the differences of kind@ and degrees in goodnes: It is further Ordered, and appointed, that "
,,,,,,,,low,,tobacho,Tobacho,Tobacho,1,1,4,spacy_LOC:1,,,,,,V04-P0491:949,"For uppon very full and exact examination, it hath very playnely and undeniably appeared, that what by vndersale of our Natiue Conunodities to make ready mony §for§ ef their Tobacho, what by the niony itselfe payde unto them for that weede,"
,,,,,,,,low,,tobaeceoe,Tobaeceoe,Tobaeceoe,1,1,4,spacy_GPE:1,,,,,,V04-P0147:940,inge aboue 100 Weight of Tubaceoe was passed wth great difficultie in the Quarter Courte here as pliudiciall to the Adventurer and was p'sently Confirmed by the Phunter whoe kumves vowe his vnder- aker in England ean demand of him but 50% o
,,,,,,,,low,,tobneca,Tobneca,Tobneca,1,1,4,spacy_GPE:1,,,,,,V04-P0037:832,"? soode | 0 , 40000 2 0 As I conseave there maie bee spent in England in a yeer 400,000T ! of Tobneca it @ seer wih if his mat! shall tack in to his hande all & mack a surtyn plete tf yett # & gayne but +87 §3°§ — it muy MMO CO NIG) a rrene"
,,,,,,,,low,,toboceo,Toboceo,Toboceo,1,1,4,spacy_GPE:1,,,,,,V04-P0020:1347,"Aft"" his death 11 men were all that renimined for the Company, whom for want of prouision I was enforeed to sell Three P sald to Captaine Wileoeks for 600 weight of Toboceo to bee patde this veare but two of Them dved before hee eauld eet t"
,,,,,,,,low,,tobucco,Tobucco,Tobucco,1,1,4,spacy_GPE:1,,,,,,V04-P0026:610,"By this meanes the king@ proffitt is highlie increased, his ina’ likewise deeply interessed to regard the prosperity of these Plantagons that afford lim so great a yearelie proffité The good and benefit of Sarising to the owners &e i$ the P"
,,,,,,,,low,,toh cok teccns,Toh Cok@teccns,Toh Cok@teccns,1,1,3,spacy_GPE:1,,,,,,V03-P0550:1654,Toh Cok@teccns.
,,,,,,,,low,,tohaco,Tohaco,Tohaco,1,1,4,spacy_GPE:1,,,,,,V04-P0223:1070,"Our men stande well to ther helthe God be thanekd and I hope to macke you a good crope, bothe for Tohaco and Corne."
,,,,,,,,low,,tohago,Tohago,Tohago,1,1,4,spacy_GPE:1,,,,,,V04-P0039:1562,"is butt 2 lefte and a peece of a Church, and our master doth saye that 3000 pounde will not make good our Plantaéon againe, And the Mar- chaunte lost by itt the last yeare, and they ean gett little or nothinge this veare, ffor we must plant"
,,,,,,,,low,,tolccu,Tolccu,Tolccu,1,1,4,spacy_GPE:1,,,,,,V04-P0409:1728,Whereas it is ordered by the Governo’ and Counsell that there should he levied through the Corporation of James Cittie ten pound of Tohacco and one bushell of Corne for every planter and tradesman abuuc the age of sixteene yeares aliue at t
,,,,,,,,low,,tonne,Tonne,Tonne,1,1,3,spacy_GPE:1,,,,,yes,V03-P0375:290,The makinge of this artificiall wyne may here be showne either in a Tonne or .
,,,,,,,,low,,torso crp,Torso CRP,Torso CRP,1,1,3,spacy_FAC:1,,,,,,V03-P0191:1699,Torso CRP citesececiaararsncurarascnanerainoamatarnsnanarmucnaiasaraiae To the boatmen of Barkly for cariage of dyu%s things from
,,,,,,,,low,,totridg,Totridg,Totridg,1,1,4,spacy_GPE:1,,,,,,V04-P0262:1380,"Totridg, 28 July 1623"
,,,,,,,,low,,toxacco,Toxacco,Toxacco,1,1,2,spacy_GPE:1,,,,,,V02-P0569:1469,"Toxacco, I, 289, 570, 572."
,,,,,,,,low,,tradeing,Tradeing,Tradeing,1,1,3,spacy_GPE:1,,,,,yes,V03-P0534:1917,"Neither doe the said 8° Thomas Smyth nor Alderman Johnson beleiue, nor know, nor is it by their meanes that he hath suffred those supposed daffiages, of one thousand pounds in one voyage to Virginia, by reason of the 75‘? and other Articles"
,,,,,,,,low,,transp,Transp,Transp,1,1,3,spacy_GPE:1,,,,,yes,V03-P0078:976,7 for want of boats it will be 14 daies loss to a man in Transp.
,,,,,,,,low,,treacherous,Treacherous,Treacherous,1,1,2,spacy_GPE:1,,,,,yes,V02-P0366:1660,"And if yo"" Ma”: beinge y° first founder & great Supporter of this Acton (w™ will remaine a Constant Monum* of yo’ Glorious name for ever) wilbe pleased y' y° four hundred young & able men desyred by y° Comp*: & not denyed butt respited may "
,,,,,,,,low,,treary,Treary,Treary,1,1,3,spacy_GPE:1,,,,,,V03-P0373:743,"A Cofnission to the Comiiss’ for the Tresury or fower or more of Treary them to contract & conclude wt 5* Thomas Rowe, Abraham Gangs"
,,,,,,,,low,,treason,Treason,Treason,1,1,3,spacy_GPE:1,,,,,yes,V03-P0367:1289,"in any case of Treason, Rebellion, or Sedition: or vpon any dutie to be perfor[85[med for the necessary defence of the Countrey;"
,,,,,,,,low,,treasurot,Treasurot,Treasurot,1,1,3,spacy_GPE:1,,,,,,V03-P0647:1391,And one other fifte pte of the said Oare to the said Treasurot and Companie and _ their Successo™
,,,,,,,,low,,treatice,Treatice,Treatice,1,1,1,spacy_GPE:1,,,,,yes,V01-P0294:610,"Intelligence beinge given that a gentleman refusinge to be named hadd written a Treatice for the good of the Plantaton which consisted of those five generall heads namely Sustenance, Health, Defence, Comerce, and Censure, in handlinge of wh"
,,,,,,,,low,,tredr,Tredr,Tredr,1,1,4,spacy_GPE:1,,,,,,V04-P0176:355,"Smyth should bringe in a Ballatinge Boxe thereby to hid[e] keep p’serue yndiscoucred those partyes he had plpared to giue vote vnto him, wih beinge §was§ purposely done to surplant 8"" Tho: Sinythe in his gouerment, And by theise indirect me"
,,,,,,,,low,,treland,Treland,Treland,1,1,3,spacy_GPE:1,,,,,,V03-P0140:1130,"We had also sent our men and ship at this tyme, but that it hath pleased god to keep her wind bound in Treland since before your depture to this pisent, where yet shee remayneth: By w* onely accident we have lost this season, but doe entend"
,,,,,,,,low,,trench,Trench,Trench,1,1,4,spacy_GPE:1,,,,,,V04-P0267:1842,The fortifications antientlie vsed were by Trench and Pallizado #°h new are sli gone te ruyne and diuerse blockhouses made of Fenther great Tymber built vppon passages aH and ¢he for scouring the Pallizadves: a! w'h are now gone to ruyne.
,,,,,,,,low,,tretise,Tretise,Tretise,1,1,1,spacy_GPE:1,,,,,,V01-P0249:1204,"S' Edwyn Sandys signified that there was one (vnknowne to him by face) was nowe in hand w™ an excellent Tretise consisting of these five speciall head¢ Defence, Plentie Health, Trade and Manners, all tendinge to the reformaéon of the Colony"
,,,,,,,,low,,triall,Triall,Triall,1,1,3,spacy_FAC:1,,,,,yes,V03-P0247:663,"The Cattle in the Triall came exceeding well, and gaue the Colony much ioy and greate incouragem'."
,,,,,,,,low,,tributes,Tributes,Tributes,1,1,3,spacy_GPE:1,,,,,,V03-P0570:1447,for which seruice they of Tascala are freed by the Spaniards from all Tributes to this time.
,,,,,,,,low,,tromas dake,TRomas Dake,TRomas Dake,1,1,3,spacy_GPE:1,,,,,,V03-P0327:1059,"TRomas Dake cecccse cr MOO ar te onary see ema ""Thomid Bayly."
,,,,,,,,low,,trprfor,Trprfor.24,Trprfor.24,1,1,3,spacy_GPE:1,,,,,,V03-P0182:312,"Trprfor.24, itisket@ie ero ene eee e eeepeeey"
,,,,,,,,low,,tryumbers,Tryumbers,Tryumbers,1,1,4,spacy_GPE:1,,,,,,V04-P0429:651,"This fault therefore that is not unjustly laid up- pon arristocracies that they are two longe a determyneinge the busy- nes of the common wealthe, whereby the monarchall forme is farre preferred before it, will by this meanes be taken awaye"
,,,,,,,,low,,ttaly,Ttaly,Ttaly,1,1,3,spacy_GPE:1,,,,,,V03-P0753:481,"Ttaly, 309, 544."
,,,,,,,,low,,tts,Tts,Tts,1,1,2,spacy_GPE:1,,,,,yes,V02-P0026:892,"ffirst concerninge the petigon he presented to the Kinge in Answeare of Capt: Martins, wherein the Company through iust suspiGon of par- tiality in some of the former Referrees desired the matter might be referred together with those Tts in"
,,,,,,,,low,,tubacco,Tubacco,Tubacco,1,1,4,spacy_GPE:1,,,,,,V04-P0615:2169,"Tubacco trade decisions, 31."
,,,,,,,,low,,tudge,Tudge,Tudge,1,1,3,spacy_GPE:1,,,,,yes,V03-P0015:800,matters of Civill Justice you shall finde it pperest and vsefullest for yo' governement to pceeede rather as a Chaunecelot then as a Tudge rather
,,,,,,,,low,,tufton,Tufton,Tufton,1,1,2,spacy_GPE:1,,,,yes,,V02-P0627:1297,"Tufton, Sir Nicholas."
,,,,,,,,low,,tuke,Tuke,Tuke,1,1,4,spacy_GPE:1,,,,yes,,V04-P0619:783,"ffortcron, Tuke, 78."
,,,,,,,,low,,tuly,Tuly,Tuly,1,1,1,spacy_GPE:1,,,,,,V01-P0237:358,"to a former order of Court, made the 18"" of Tuly last."
,,,,,,,,low,,tumfridus weld,Tumfridus Weld,Tumfridus Weld,1,1,4,spacy_GPE:1,,,,,,V04-P0321:145,"Edmundus, Dominus Sheffeild, Gray, Dominus Chandois, Johannes, Dominus Stanhope, Ceorgius Dominus Carewe, Tumfridus Weld, Dominus maior de Londonia, Edwardus Cecill, miles, Willelmus Wade, miles, Henricus Nevill, miles, Thormas Smyth, miles"
,,,,,,,,low,,tyrrany,Tyrrany,Tyrrany,1,1,3,spacy_GPE:1,,,,,,V03-P0530:1756,"That whereas his Ma‘’* hath been pleased to graunt vnto the Tret & Com- pany of Virginia diuers tres Pattents, togeather wth many gratious pviledges & loueing instrucéons as well for the good gou9m' of the said Company as for the advancemt "
,,,,,,,,low,,ultima,Ultima,Ultima,1,1,3,spacy_GPE:1,,,,,yes,V03-P0295:1561,Thesaurarius et societas de virginia contra {| Ultima sessione Ter*! Tri- Wye Milburie Williamson nitatis 1620
,,,,,,,,low,,underwood,Underwood,Underwood,1,1,2,spacy_GPE:1,,,,,,V02-P0025:600,m’ Underwood.
,,,,,,,,low,,upton,Upton,Upton,1,1,2,spacy_GPE:1,,,,,,V02-P0627:1654,"Upton, ——, Captain, I, 132."
,,,,,,,,low,,vamaskinge,Vamaskinge,Vamaskinge,1,1,4,spacy_GPE:1,,,,,,V04-P0209:834,"If that intenton of Capteyne Butlers in his paper of Vamaskinge of Virginia had taken his desired effecte to the disgrace and Consquently ruyn of the PlantaGons private psons might suffer but the Notorious iniurie is done to the Company, an"
,,,,,,,,low,,varina,Varina,Varina,1,1,4,spacy_GPE:1,,,,,,V04-P0611:1840,"Varina, 30, 33."
,,,,,,,,low,,vasco,Vasco,Vasco,1,1,3,spacy_GPE:1,,,,,,V03-P0573:429,"Pizzarro was killed by Almagros sonne, and him Vasco beheaded, which Vasco was taken by Blasco, and this Blasco was likewise taken by Pizzarroes brother."
,,,,,,,,low,,veneris,Veneris,Veneris,1,1,4,spacy_GPE:1,,,,,,V04-P0308:718,"Et modo, seilicet, die Veneris proxima post XV"" Sancti Martini isto codem termino coran domino Rege apud Westmonasterium venerunt predieti Nicholaus ffarrar, Johannis Danvers, miles, Johannis ffarrar, Thonins Wheatley, Rieardus Caswell, Tho"
,,,,,,,,low,,venizon,Venizon,Venizon,1,1,2,spacy_GPE:1,,,,,,V02-P0111:2007,"The Court haue made choise of S* Michaell€ Church in Cornehill as the most convenient: After w™ Serffion ended, it is also thought fitt and agreed the Custome they beguii the last yeare shalbe continued namely to suppe together, and for tha"
,,,,,,,,low,,vergena,Vergena,Vergena,1,1,3,spacy_GPE:1,,,,,,V03-P0676:1966,"I pray do the best for youes you may for this pasger and wee will be Redy to Requit it god willing I charg you with a nother bill of exchang for 20"" to be paid vnto on m Prise in flitstrit I pray mak him good pament this pasger poote you to"
,,,,,,,,low,NW-001,verginia,Verginia,Verginia,1,1,3,spacy_GPE:1,,,,,yes,V03-P0371:917,"The Quarter-Court in euery Trinitie Term, shall appoint a choise Comittie of fiue or seuen, to continue for that yeare, to take into their care and charge the matter of the College to be erected in Verginia for the con- uersion of /nfidels:"
,,,,,,,,low,,vesie,Vesie,Vesie,1,1,2,spacy_GPE:1,,,,,,V02-P0627:1808,"Vesie, William."
,,,,,,,,low,,vessells,Vessells,Vessells,1,1,3,spacy_GPE:1,,,,,yes,V03-P0604:43,"smale Vessells, w‘hout the w*h wee [can] neyther well psecute our dis- coverie and seakinge of Trade wth our neighbours or Transporte eyther ou’ selves or ou’ Goodes from one place to another."
,,,,,,,,low,,viceadmirall,Viceadmirall,Viceadmirall,1,1,3,spacy_GPE:1,,,,,,V03-P0028:1892,12 Yf St Thomas Gates be there arived and S' George Somers and Capten Newport or any of them that your Lo? doe give vnto St Tho: Gates the place or office of Leiuetenfit gou9no' to yo Lo? duringe the tyme of your Lo? and his abode there tog
,,,,,,,,low,,vicesimo,Vicesimo,Vicesimo,1,1,4,spacy_GPE:1,,,,,yes,V04-P0342:1430,] dieunt quod idem Dominus Rex ante predictum tempus in Informacione predicta specificatum scilicet predicto Vicesimo tereio die Mail anno regni eiusdem domini Regis Anglie ete.
,,,,,,,,low,,victorie,Victorie,Victorie,1,1,3,spacy_GPE:1,,,,,yes,V03-P0569:1856,"Fourthly, Because the way of conquering them is much more easie then of ciuilizing them by faire meanes, for they are a rude, barbarous, and naked people, scattered in small companies, which are helps to Victorie, but hinderances to Ciuilit"
,,,,,,,,low,,victualle,Victualle,Victualle,1,1,3,spacy_GPE:1,,,,,yes,V03-P0250:55,The proporcon? of Victualle brought for those 100.
,,,,,,,,low,,victualler,Victualler,Victualler,1,1,3,spacy_GPE:1,,,,,,V03-P0442:1836,"And that the parties selling, Contracting, or agreeing directly or indirectly either for or vnder the collour of Caske, Carriage, Houserent, or otherwise, for any higher or greater Price or recompence for any Beere or Ale, then after the ra"
,,,,,,,,low,,villages,Villages,Villages,1,1,3,spacy_GPE:1,,,,,yes,V03-P0442:390,"of the same, That noe person or psons by him or her selfe, or by any other waies or meanes Directly or indirectly shall at any time after three monethes after the end of this Session of Parliament, Brewe any Beere or Ale and sell the same, "
,,,,,,,,low,,vinerouns,Vinerouns,Vinerouns,1,1,4,spacy_LOC:1,,,,,,V04-P0110:871,"The Vinerouns are placed together at Elizabeth Citty & altogether im- ployed about stek §silek-woormes$, that we may preserve the seede & send you home som silek the next yeare."
,,,,,,,,low,,vineyard,Vineyard,Vineyard,1,1,4,spacy_LOC:1,,,,,,V04-P0144:1794,"5 braneh:|| The vignerouns that haue beene sent are some of then dead, §&§ vnder those that remayne very fewe or noe servant€ are pul, soe can Wee hope for little of that Comoditie from Virginia in manie Yeures: last yeare Wee had a taste o"
,,,,,,,,low,NW-001,vinginia,Vinginia,Vinginia,1,1,1,spacy_GPE:1,,,,,,V01-P0067:2534,touchinge y’ Barroness oi yt sovle in Vinginia
,,,,,,,,low,,vir,Vir,Vir,1,1,3,spacy_GPE:1,,,,,,V03-P0645:1769,"Nowe the said Treasuror and Companie with the consent of the said Counsell, in eonsidernéon thereof, and for the furtheranee of the said Plantaéon, and enecouragem' of the said) Vadertakers, haue graunted allotted assigned and contirmed and"
,,,,,,,,low,,virainra,Virainra,Virainra,1,1,3,spacy_GPE:1,,,,,,V03-P0149:51,"Treasurer anp Counc, ror Virainra."
,,,,,,,,low,,viraintra,Viraintra,Viraintra,1,1,4,spacy_GPE:1,,,,,,V04-P0409:40,Governor in Viraintra.
,,,,,,,,low,,viraria,Viraria,Viraria,1,1,4,spacy_GPE:1,,,,,,V04-P0482:1166,Councit In Viraria.
,,,,,,,,low,,virarnia,Virarnia,Virarnia,1,1,3,spacy_GPE:1,,,,,,V03-P0348:286,"[55] Orders and Constitvtions, Partly collected out of his Maiesties Letters Patents, and partly ordained vpon mature deliberation, by the TREAs- vRoR, Covnseit and Companig of Virarnia, for the better gouerning of the Actions and affaires "
,,,,,,,,low,,virarsta,Virarsta,Virarsta,1,1,4,spacy_GPE:1,,,,,,V04-P0016:57,Governor is Virarsta.
,,,,,,,,low,,viratnia,Viratnia,Viratnia,1,1,3,spacy_GPE:1,,,,,,V03-P0597:367,Councin in Viratnia.
,,,,,,,,low,,viratnta,Viratnta,Viratnta,1,1,4,spacy_GPE:1,,,,,,V04-P0449:988,Counc In Viratnta.
,,,,,,,,low,,virciinta,VirciInta,VirciInta,1,1,4,spacy_GPE:1,,,,,,V04-P0174:806,Governor IN VirciInta.
,,,,,,,,low,,vircinra,Vircinra,Vircinra,1,1,4,spacy_GPE:1,,,,,,V04-P0300:54,Governor in Vircinra.
,,,,,,,,low,,vircrnia,Vircrnia,Vircrnia,1,1,3,spacy_GPE:1,,,,,,V03-P0638:497,Governor In Vircrnia.
,,,,,,,,low,,vircrnta,Vircrnta,Vircrnta,1,1,4,spacy_GPE:1,,,,,,V04-P0449:39,Councit in Vircrnta.
,,,,,,,,low,,virctnta,Virctnta,Virctnta,1,1,4,spacy_GPE:1,,,,,,V04-P0193:40,Governor tn Virctnta.
,,,,,,,,low,,vireainta,Vireainta,Vireainta,1,1,3,spacy_GPE:1,,,,,,V03-P0636:45,Vireainta ComMpANy vs.
,,,,,,,,low,,vireinin,Vireinin,Vireinin,1,1,4,spacy_GPE:1,,,,,,V04-P0321:1161,"Christo- ferus Brooke, Johannes Eldred et Johannes Wolstenholme essent consi- lium ciusdem domini Regis pro predicta societate periclitatorum et plan- tatorum in Vireinin Et quod Thesaurarius Societatis predicte haberct authoritatem dandi o"
,,,,,,,,low,,vireinya,Vireinya,Vireinya,1,1,4,spacy_GPE:1,,,,,,V04-P0191:36,"MAY 12, 1628 189 CCCLI, Governor In Vireinya."
,,,,,,,,low,,virernia,Virernia,Virernia,1,1,4,spacy_GPE:1,,,,,,V04-P0211:41,Governor In Virernia.
,,,,,,,,low,,viretnia,Viretnia,Viretnia,1,1,4,spacy_GPE:1,,,,,,V04-P0583:52,Governor anp Councit in Viretnia.
,,,,,,,,low,NW-001,virgenia,Virgenia,Virgenia,1,1,3,spacy_GPE:1,,,,,,V03-P0456:400,{Addressed by self:] To y* Hondble & most noble disposed Knight St Edwin Sandis one of y* Counsell of Virgenia be thesse dd.
,,,,,,,,low,NW-001,virgiia,Virgiia,Virgiia,1,1,4,spacy_GPE:1,,,,,,V04-P0128:163,"at their pleasure they muty have vse of and what other > Also what sorte Sstures of Corne and other victuall the Collonies in Virgiia are furnished with, wud what is the price for wel the suid Cattle Corne and other provisions sve vsuallie "
,,,,,,,,low,NW-001,virgina,Virgina,Virgina,1,1,3,spacy_FAC:1,,,,,,V03-P0376:1582,Whereas wee the Treasuror Councell and Company for Virginia for the better advauncem and supporte of that Plantaéon haue given leaue vnto such as shall furnish out our good Shipp of Bristoll called the supply of the burden of Threescore and
,,,,,,,,low,NW-001,virgini,Virgini,Virgini,1,1,1,spacy_GPE:1,,,,,,V01-P0222:2388,"in Virgini = sould att here in England, Itt was thought fitt and desyred that the"
,,,,,,,,low,,virginia see,Virginia See,Virginia See,1,1,3,spacy_FAC:1,,,,,,V03-P0691:1392,[Indorsed in pencil:] Virginia See 7 Sept 1622 Dom.
,,,,,,,,low,,virginia virginia clxxxvi,Virginia Virginia CLXXXVI,Virginia Virginia CLXXXVI,1,1,3,spacy_FAC:1,,,,,,V03-P0504:1634,Joun Frerrar Deputy [Indorsed:] xj August 1621 Copie of the answere made by the Virginia Company to the request made by the Wallons and Frenche to plant themselues in Virginia Virginia CLXXXVI.
,,,,,,,,low,,virginiabeing,Virginiabeing,Virginiabeing,1,1,1,spacy_GPE:1,,,,,,V01-P0274:374,in procuring the ffrenchmen from Languedock for the Companies service nowe in Virginiabeing put to the question were confirmed vpon the same condiéon.
,,,,,,,,low,NW-001,virginin,Virginin,Virginin,1,1,4,spacy_GPE:1,,,,,,V04-P0317:384,"], ante predictum tempus in informacione predicta specificatum fuerunt ei adhue sunt incorporati per nomen Thesaurarii et Societatis periclitatorum ct plantatorum civitatis Londonie pro prima colonia in Virginin."
,,,,,,,,low,NW-001,virginio,Virginio,Virginio,1,1,3,spacy_GPE:1,,,,,,V03-P0361:1655,"At the other end of the same Booke, shall be registred the names of all the Planters in Virginio, as well for the publique, as vpon priuate Plantations: which is to be done distinctly for each Plantation by it selfe."
,,,,,,,,low,NW-001,virginix,Virginix,Virginix,1,1,4,spacy_GPE:1,,,,,,V04-P0016:759,"Now know vee that I 3° Francis Wyatt let Govyerno’ and Cap! wenerall of Virginix, out of the assured confidence that Thane of the vigilanee and integritie of the said s* George Yeardley, do giue him fall power, license, and authoritie to ap"
,,,,,,,,low,NW-001,virginnia,Virginnia,Virginnia,1,1,1,spacy_GPE:1,,,,,,V01-P0232:738,"was become very skillfull in breedinge of the wormes and in wyndinge of their Silke, and was allso a good Gardner and that his said m’ was verie willinge that hee should goe to Virginnia to be imployed in the service of the Comp*: for three"
,,,,,,,,low,NW-001,virgnia,Virgnia,Virgnia,1,1,4,spacy_GPE:1,,,,,,V04-P0299:929,A scedule of y* names of such as were jinte at y* Courte hoden for Virgnia
,,,,,,,,low,NW-001,virgrnia,Virgrnia,Virgrnia,1,1,3,spacy_GPE:1,,,,,,V03-P0575:2539,"‘To conclude then, secing that Virgrnia is most abundantly"
,,,,,,,,low,NW-001,virnginia,VirnGInIA,VirnGInIA,1,1,4,spacy_GPE:1,,,,,,V04-P0412:56,Governor rN VirnGInIA.
,,,,,,,,low,,virqinta,Virqinta,Virqinta,1,1,4,spacy_GPE:1,,,,,,V04-P0104:55,"CCCXX, Counctn mv Virqinta."
,,,,,,,,low,,viruinta,Viruinta,Viruinta,1,1,4,spacy_GPE:1,,,,,,V04-P0454:341,Counc in Viruinta.
,,,,,,,,low,NW-001,virvinia,Virvinia,Virvinia,1,1,4,spacy_GPE:1,,,,,,V04-P0380:3517,", granted by our said lord the King to the aforesaid Treasurer and Company of the Adven- turers and Planters of the aforesaid City of London for the aforesaid Colony of Virvinia, for the better governinent of the aforesaid Company and eolon"
,,,,,,,,low,,vishings,Vishings,Vishings,1,1,4,spacy_GPE:1,,,,,,V04-P0619:982,"Vishings, Royal, 213."
,,,,,,,,low,,viushinge,Viushinge,Viushinge,1,1,4,spacy_GPE:1,,,,,,V04-P0579:1200,"Vppon the 20% of december last arived y* good Shipp caled the filyinge harte of Viushinge sett owt by m' Arthur Swaine & Williain Counnstable Adventurers of the Company, who brought no Comissione w them, y* m’ Huett Gvho was to be theire Pi"
,,,,,,,,low,,vlussing,Vlussing,Vlussing,1,1,4,spacy_GPE:1,,,,,,V04-P0251:76,also they allege that from Vlussing they haue sent good store of provisions of butter and cheese seent May Last.
,,,,,,,,low,,vnmaskinge,Vnmaskinge,Vnmaskinge,1,1,4,spacy_GPE:1,,,,,,V04-P0462:861,"harte of one who but for y° respect of y* place w* he had formerly vndeservedly borne, might iustly haue receaved exemplary Punishment for his Venery and drunkeness, we neede say noe more, then y' the informer, who it should sceme cam pourp"
,,,,,,,,low,,voi,Voi,Voi,1,1,1,spacy_GPE:1,,,,,yes,V01-P0315:2199,that then this Courte would please cleerly to release Captaine Norton The Bargaine of his former Contract and to yeild the same bargaine to pryvate Rave W” Car: Adventurers y‘ would be willinge to vndertake the same w™ moGon |east and leit 
,,,,,,,,low,,voicé,Voicé,Voicé,1,1,2,spacy_GPE:1,,,,,yes,V02-P0429:1491,"The Lo: Cauendish acquaynted the Company, that whereas y*® Court held y® Nyneteenth of ffebruary Last, did recomend to a select Comittee the drawing vp into the ||a|] forme of lawes certaine orders then made touchings Mens admission to haue"
,,,,,,,,low,,vol,Vol,Vol,1,1,3,spacy_GPE:1,,,,,,V03-P0066:2039,"38ee post, in Vol."
,,,,,,,,low,,vomaskinge,Vomaskinge,Vomaskinge,1,1,2,spacy_GPE:1,,,,,,V02-P0423:2501,"Butt hee soone after returrninge into England, and findinge the Companies full of trouble by some ffactious Spirites and that enquyrie was allredie made, and some reasonable Discouery of his vnthankfull practise and conspiracie in the said "
,,,,,,,,low,,vraneis,Vraneis,Vraneis,1,1,3,spacy_GPE:1,,,,,,V03-P0064:471,------------- S* Edmond Harwell to M? Francis Harwell M' John Clarke admitted & given him To Vraneis QO@d WANG ecco ae wo ewes seca nares To Oliuer Mordon_-_-.
,,,,,,,,low,,vrrainta,Vrrainta,Vrrainta,1,1,4,spacy_GPE:1,,,,,,V04-P0574:555,Councit in Vrrainta.
,,,,,,,,low,,vrreinta,Vrreinta,Vrreinta,1,1,4,spacy_GPE:1,,,,,,V04-P0407:43,Governor in Vrreinta.
,,,,,,,,low,,vrsula,Vrsula,Vrsula,1,1,1,spacy_GPE:1,,,,,,V01-P0438:1161,"Vpon the humble petigon of Vrsula ffrench widdowe a verie poore woman cravinge some allowance toward€ her mayntenance out of Elias Longs estate beinge her Apprentice and nowe imployed in the Companies seruice in Virginia, the Court hath ord"
,,,,,,,,low,,vse,Vse,Vse,1,1,1,spacy_GPE:1,,,,,yes,V01-P0170:253,onedesired to haue y* sole importa¢on of a Comoditie not now in Vse.
,,,,,,,,low,,vynes,Vynes,Vynes,1,1,3,spacy_GPE:1,,,,,,V03-P0486:1561,"17 Item wee doe also especially recoffiend vnto yo” y° planting of Vynes in aboundance and that y® Vignerons sent w* so great Charge to the Company, bee fairely & carefullie prouided for"
,,,,,,,,low,NW-001,vérginia,Vérginia,Vérginia,1,1,3,spacy_GPE:1,,,,,yes,V03-P0359:545,"The like care shall they haue at the returne of Ships from Vérginia, for the goods belonging to the Companie, to be safely kept, and sould to the best aduantage, either in Court, or otherwise by the Courts direction."
,,,,,,,,low,,w byrpe,W Byrpe,W Byrpe,1,1,3,spacy_GPE:1,,,,,,V03-P0012:95,W Byrpe
,,,,,,,,low,,waatt,Waatt,Waatt,1,1,4,spacy_GPE:1,,,,,,V04-P0516:7,"PSe Pe Waatt,"
,,,,,,,,low,,walang,Walang,Walang,1,1,1,spacy_GPE:1,,,,,,V01-P0272:1315,y Walang! worth & sufficiency (having been a Iustice of peace here in England for so many yeares and of the quorum) was nowe chosen and con- firmed to be of the Counsell of State in Virginia.
,,,,,,,,low,,walnut,Walnut,Walnut,1,1,3,spacy_LOC:1,,,,,yes,V03-P0243:651,"Preserue the Walnut trees to make oyle of, and cut them not downe: so also preserue your Mulberry and Chesnut trees very carefully."
,,,,,,,,low,,wanswell,Wanswell,Wanswell,1,1,3,spacy_GPE:1,,,,,,V03-P0134:1004,"That is to say, in the yeare of his raigne of England ffrance and Ireland the sixteenth and of Scotland the hij Betwene the Treasorer and company of Adven- turers and planters of the City of London for the first colony in Virginia with the "
,,,,,,,,low,,wantinge,Wantinge,Wantinge,1,1,4,spacy_GPE:1,,,,,yes,V04-P0496:369,"eommaund of them, His pleasure and comandement is that such of those papers as remayne w'* yo"", yo"" keepe safely, and carefully against such time as vse may bee made of them And if yo"" knowe where anie of them are in the custodie of others,"
,,,,,,,,low,,warned,Warned,Warned,1,1,4,spacy_GPE:1,,,,,yes,V04-P0245:526,"Theis complaints are new, and pressed hard, the issue of wch must bee attended, and ean doe noe hurt if men bee well Warned."
,,,,,,,,low,,warre governor,Warre Governor,Warre Governor,1,1,3,spacy_FAC:1,,,,,,V03-P0428:928,Item That the foresaid Edward Bruister duringe the life tyme of the foresaid Lord de la Warre had not any power or Comaund of the said ship the Neptune her men or passingers especiallie duringe §all§ the tyme that the said * * * d dela Warr
,,,,,,,,low,,warwickshire,Warwickshire,Warwickshire,1,1,3,spacy_GPE:1,,,,,,V03-P0317:2130,"Out of Warwickshire and Staffordshire, about one hundred and ten;"
,,,,,,,,low,,watts,Watts,Watts,1,1,4,spacy_LOC:1,,,,yes,,V04-P0321:823,"Edmundus, Dominus Sheffeild, Gray, Dominus Chandois, Johannes, Dominus Stanhope, Ceorgius Dominus Carewe, Tumfridus Weld, Dominus maior de Londonia, Edwardus Cecill, miles, Willelmus Wade, miles, Henricus Nevill, miles, Thormas Smyth, miles"
,,,,,,,,low,,weake,Weake,Weake,1,1,4,spacy_GPE:1,,,,,yes,V04-P0056:627,"Loveing and kind father and mother my most humble duty remembred to you hopeing in God of yor good health, as I my selfe am ¢ at the makeing hereof, this is to let you vnderstand that I yot Child am in a most heavie Case by reason of the na"
,,,,,,,,low,,webb husband,Webb Husband,Webb Husband,1,1,1,spacy_GPE:1,,,,,,V01-P0147:1817,Two Petiéons beinge red one exhibited by W™ Webb Husband thother ' :
,,,,,,,,low,,weentes,Weentes,Weentes,1,1,4,spacy_GPE:1,,,,,,V04-P0507:2449,watet to the said Tresorer and Company or any of thei or to the Tresorcr and Councell for the saide first Colunye or any of them or which they or any of them might have done executed or pformed by v?lue of auy our satide Charters Ires Paten
,,,,,,,,low,,weir,Weir,Weir,1,1,4,spacy_GPE:1,,,,,,V04-P0403:3639,"|, by their attorney aforesaid, further say that the ples aforesaid pleaded above in the form aforesaid, as to the liberties, privileges, and franchises aforesaid above mentioned and hereafter recited, namely, that the samo Nicholas tlarrer"
,,,,,,,,low,,welden,Welden,Welden,1,1,2,spacy_GPE:1,,,,,,V02-P0578:2096,"Welden, William, I, 601-604, 606."
,,,,,,,,low,,weldon,Weldon,Weldon,1,1,1,spacy_GPE:1,,,,,,V01-P0405:2115,"1A letter of complaint from Weldon to Sir Edwin Sandys is referred to in List of Records, No."
,,,,,,,,low,,wendsday coort,Wendsday Coort,Wendsday Coort,1,1,3,spacy_FAC:1,,,,,,V03-P0278:2320,"Mean tyme, I pray y* keep Wendsday Coort: though for no other busines, yet to revive the three Committees set on foot before Easter."
,,,,,,,,low,,wer al,Wer al,Wer al,1,1,4,spacy_GPE:1,,,,,,V04-P0219:100,d+ sppeareth alse that Wer al me +—» for ought appeares to vs all meanes of safety is taken from
,,,,,,,,low,,west country,West Country,West Country,1,1,3,spacy_GPE:1,,,,,,V03-P0126:183,"that some of the Company tooke it ill I putt into Dartmouth, but therein I may be very well excused being resolved to put in to some place of the West Country to make vp the nomber of the men and to certify you thereof with other reasons w*"
,,,,,,,,low,,west northwest,West Northwest,West Northwest,1,1,3,spacy_GPE:1,,,,,,V03-P0586:1172,"One demonstration of the crafty falshood of these vsuall Maps is this, that Cape Mendocino is set in them West Northwest, distant from the South Cape of California, about seuenteene hundred Leagues, whereas Francis Gaule that was imployed i"
,,,,,,,,low,,westerne ocean,Westerne Ocean,Westerne Ocean,1,1,3,spacy_GPE:1,,,,,,V03-P0586:1709,"de- grees of latitude, the constant great tides euery twelue houres, and the in- crease of those tides whensoeuer any strong westerne wind did blow, doe strongly perswade vs that the maine Westerne Ocean is not farre from thence;"
,,,,,,,,low,,westerne sea,Westerne Sea,Westerne Sea,1,1,3,spacy_LOC:1,,,,,,V03-P0585:2252,"Besides that Bay, it is not vnlikely that the Westerne Sea in some other Creeke or Riuer commeth much neerer then that place: For the place where Sir Thomas Button did winter, lying more Westerly then Master Hudsons Bay by 190."
,,,,,,,,low,,westinonasterium,Westinonasterium,Westinonasterium,1,1,4,spacy_GPE:1,,,,,,V04-P0335:1401,septimo supradicto idem dominus Rex nune per predictas litteras suas patentes gerentes datum apud Westinonasterium predictum eodem vicesimo tercio die Maii anno regni sui septimo supradicto ordinavit et stabilivit quod Thesaurarius Socictat
,,,,,,,,low,,westover,Westover,Westover,1,1,2,spacy_GPE:1,,,,,,V02-P0576:1917,"Byrd, Doctor, of Westover, I, 43."
,,,,,,,,low,,westrowe,Westrowe,Westrowe,1,1,2,spacy_GPE:1,,,,yes,,V02-P0629:1481,"Westrowe, Thomas, I, 219."
,,,,,,,,low,,wheras iohn,Wheras Iohn,Wheras Iohn,1,1,2,spacy_FAC:1,,,,,,V02-P0441:850,The Treasuror and Company of Adventurers and Planters of y* Cittie of Lon- don for the first Colony in Virginia To all to whome these plsent¢ shall com greetinge: Wheras Iohn fferrar of London Marchant late Deputy of the said Company hath b
,,,,,,,,low,,wherin,Wherin,Wherin,1,1,3,spacy_GPE:1,,,,,yes,V03-P0407:1624,"ffive of our servante have written to their frends, and some of them to ourselves, by Ires dated in ffebruary and March last to have two servants the peece sent over for their owne pryvate benefit and imploym* by this Ship pmisinge apparell"
,,,,,,,,low,,whites,Whites,Whites,1,1,3,spacy_GPE:1,,,,,,V03-P0242:117,"Powder Sugar, Panels, Muscauadocs and Whites, fiue and twenty shillings, forty, and three pounds the hundred."
,,,,,,,,low,,whitney esq,Whitney Esq,Whitney Esq,1,1,1,spacy_FAC:1,,,,,,V01-P0015:1163,"Iohn Hodgson—25"" passed to ffrancis Whitney Esq’."
,,,,,,,,low,,whitney esquire,Whitney Esquire,Whitney Esquire,1,1,3,spacy_LOC:1,,,,,,V03-P0149:2082,"ffrancis Whitney Esquire now imbarqued for the voyage, and in default"
,,,,,,,,low,,whosoeuer,Whosoeuer,Whosoeuer,1,1,3,spacy_LOC:1,,,,,yes,V03-P0364:1322,Whosoeuer shall attempt by priuate solicitation to packe the Court to any vniust or vnlawfull end;
,,,,,,,,low,,wiberton,Wiberton,Wiberton,1,1,4,spacy_GPE:1,,,,,,V04-P0070:1895,|Addressed:] To the right worl my especiall good Brother s* Myles Sandys Knt and Baronet at Wiberton in the Isle of Ely.
,,,,,,,,low,,widdow,Widdow,Widdow,1,1,3,spacy_GPE:1,,,,,yes,V03-P0505:1417,Wee send youe in this Shipp on Widdow and eleven Maide¢ for Wiues for the people in Virginia: there hath beene especiall care had in the choise of them;
,,,,,,,,low,,wight,Wight,Wight,1,1,1,spacy_GPE:1,,,,,,V01-P0255:822,the [le of Wight.
,,,,,,,,low,,wilforde,Wilforde,Wilforde,1,1,2,spacy_GPE:1,,,,,,V02-P0521:178,m’ Wilforde.
,,,,,,,,low,,wilham,Wilham,Wilham,1,1,4,spacy_GPE:1,,,,,,V04-P0371:1118,"said plantation, and thinking worthy of praise their desires in the same business io progress more eagerly in the accomplistiment of a work so excellent and pleasing to God and useful to the realm of our lord the King, of his special grace,"
,,,,,,,,low,,wille,Wille,Wille,1,1,4,spacy_GPE:1,,,,,yes,V04-P0407:1136,to mak Probate of Wille and Testament¢;
,,,,,,,,low,,willehnus webb,Willehnus Webb,Willehnus Webb,1,1,4,spacy_GPE:1,,,,,,V04-P0307:1662,"marinis illis in hoc regnum Anglie necnon fines et amerciamenta ad libitum suum taxare et imponere super quibuslibet personis negotiantibus, Angliee, tradinge, cun aliquibus mereandizis vel aliis rebus quibuscunque in partibus transmarinis "
,,,,,,,,low,,willelino crosley,Willelino Crosley,Willelino Crosley,1,1,4,spacy_GPE:1,,,,,,V04-P0313:418,"Othoni Mawditt, Ricardo Staper, mereatori, Johanni Wikyn, mercatori, Willelmo Coyse, Thome Perkin, cooper, Humfrido Rainett, cooper, Hen- rico Jackson, Roberto Shingleton, Christofero Nicholls, Johanni Tarper, Abrahamo Chamberline, Thome Sh"
,,,,,,,,low,,willelino holgate,Willelino Holgate,Willelino Holgate,1,1,4,spacy_GPE:1,,,,,,V04-P0313:1601,"Johauni Gilbert, Willebno Haneocke, Matheo Browuerigg, ffranciseo ‘Purrell, Reannilpno Carter, Othwell Smyth, Thome Honneyman, Martino Bond, haberdusher, Roberto Johnson, Willelrao Younge, Johanni Woodall, Willelino Holgate, Lunmfrido Westw"
,,,,,,,,low,,willelmo bardwell,Willelmo Bardwell,Willelmo Bardwell,1,1,4,spacy_GPE:1,,,,,,V04-P0314:527,"Tobie Sneede, Georgio Barkley, Arthuro Pott, Thome Carles, Willelmo Barkley, Thome Johnson, Alexandro Bentts, duci, Willehmo Kinge, Georgio Sands, generoso, Jacobo White, generoso, Ndwardo Wynn, Charolo Towler, Ricardo Reynolds, Edwardo Web"
,,,,,,,,low,,willelmo brakley,Willelmo Brakley,Willelmo Brakley,1,1,4,spacy_GPE:1,,,,,,V04-P0316:481,"Johanni Starpe, generoso, Jacoho Cumbell, ireinonger, Cris- tofero Cletherowe, iremonger, Plilippo Jacobson, Petro Jacobson de Antwerp, Willelmo Brakley, Miles Bankes, cutler, Petro Highley, grocer, Henrico John, generoso, Johanni sukeley, "
,,,,,,,,low,,willelmo browne,Willelmo Browne,Willelmo Browne,1,1,4,spacy_GPE:1,,,,,,V04-P0311:669,"lelmo domino Monteagle, Radulpho, domino Eure, Edmundo domino Sheffeild, Grey domino Chandois, ? domino Compton, Johanni, domi- no Peter, Johanni, domino Stanhop, Georgio, domino Carewe, Humfrido Welde, militi, domino maiore civitatis Londo"
,,,,,,,,low,,willelmo cater,Willelmo Cater,Willelmo Cater,1,1,4,spacy_GPE:1,,,,,,V04-P0314:1004,"Tobie Sneede, Georgio Barkley, Arthuro Pott, Thome Carles, Willelmo Barkley, Thome Johnson, Alexandro Bentts, duci, Willehmo Kinge, Georgio Sands, generoso, Jacobo White, generoso, Ndwardo Wynn, Charolo Towler, Ricardo Reynolds, Edwardo Web"
,,,,,,,,low,,willelmo clandy,Willelmo Clandy,Willelmo Clandy,1,1,4,spacy_GPE:1,,,,,,V04-P0314:1519,"Tobie Sneede, Georgio Barkley, Arthuro Pott, Thome Carles, Willelmo Barkley, Thome Johnson, Alexandro Bentts, duci, Willehmo Kinge, Georgio Sands, generoso, Jacobo White, generoso, Ndwardo Wynn, Charolo Towler, Ricardo Reynolds, Edwardo Web"
,,,,,,,,low,,willelmo crashawe,Willelmo Crashawe,Willelmo Crashawe,1,1,4,spacy_GPE:1,,,,,,V04-P0312:1292,"Heurico Woodhouse, duei, Linley, duei, Dexter, duci, Willelmo Winter, duei, erle, duci, Johanni Bingham, duct, Burras, duci, Thome Conway, duci, Rookewood, duci, Willelmo Lovelace, duei, Johanni Ashley, duci, Thome Wynne, duci, Thome Mewtis"
,,,,,,,,low,,willelmo dun,Willelmo Dun,Willelmo Dun,1,1,4,spacy_GPE:1,,,,,,V04-P0314:813,"Tobie Sneede, Georgio Barkley, Arthuro Pott, Thome Carles, Willelmo Barkley, Thome Johnson, Alexandro Bentts, duci, Willehmo Kinge, Georgio Sands, generoso, Jacobo White, generoso, Ndwardo Wynn, Charolo Towler, Ricardo Reynolds, Edwardo Web"
,,,,,,,,low,,willelmo gibbs,Willelmo Gibbs,Willelmo Gibbs,1,1,4,spacy_GPE:1,,,,,,V04-P0315:796,"Laurencio Campe, draper, Adamo Perkins, grocer, Ricardo Sheepheard, preacher, Willelmo Shekeley, haberdasher, Willelmo Tayler, haberdasher, Edwardo Lukyn, generoso, Johanni ffrancklyn, haberdasher, Johanni Southicke, Petro Peate, Georgio Is"
,,,,,,,,low,,willelmo jansen,Willelmo Jansen,Willelmo Jansen,1,1,4,spacy_GPE:1,,,,,,V04-P0315:2278,"John, Edwardo Vaughan, Willelmo Dun, Thome Alcocke, Johanni Andrewes, juniori de Cambridge, Samueli Smyth, Samueli Smyth [szc], Thome Gerrard, Thome Whittingham, Willehno Canninge, Paulo Cannyng, Georgio Chandler, Henrico Vincent, Thome Kei"
,,,,,,,,low,,willelmo lovelace,Willelmo Lovelace,Willelmo Lovelace,1,1,4,spacy_GPE:1,,,,,,V04-P0312:858,"Heurico Woodhouse, duei, Linley, duei, Dexter, duci, Willelmo Winter, duei, erle, duci, Johanni Bingham, duct, Burras, duci, Thome Conway, duci, Rookewood, duci, Willelmo Lovelace, duei, Johanni Ashley, duci, Thome Wynne, duci, Thome Mewtis"
,,,,,,,,low,,willelmo palmer,Willelmo Palmer,Willelmo Palmer,1,1,4,spacy_FAC:1,,,,,,V04-P0314:699,"Tobie Sneede, Georgio Barkley, Arthuro Pott, Thome Carles, Willelmo Barkley, Thome Johnson, Alexandro Bentts, duci, Willehmo Kinge, Georgio Sands, generoso, Jacobo White, generoso, Ndwardo Wynn, Charolo Towler, Ricardo Reynolds, Edwardo Web"
,,,,,,,,low,,willelmo prowde,Willelmo Prowde,Willelmo Prowde,1,1,4,spacy_LOC:1,,,,,,V04-P0312:673,"duci, Shushy, duet, Huntley, duei, Orme, duei, Woodhouse, duci, Mason, duci, Thome [ol- erofte, duci, Johanni Cooke, duei, Hollis, duci, Willelmo Prowde, duci."
,,,,,,,,low,,willelmo quick,Willelmo Quick,Willelmo Quick,1,1,4,spacy_GPE:1,,,,,,V04-P0314:2526,"Tobie Sneede, Georgio Barkley, Arthuro Pott, Thome Carles, Willelmo Barkley, Thome Johnson, Alexandro Bentts, duci, Willehmo Kinge, Georgio Sands, generoso, Jacobo White, generoso, Ndwardo Wynn, Charolo Towler, Ricardo Reynolds, Edwardo Web"
,,,,,,,,low,,willelmo st,Willelmo St,Willelmo St,1,1,4,spacy_GPE:1,,,,,,V04-P0311:1295,"lelmo domino Monteagle, Radulpho, domino Eure, Edmundo domino Sheffeild, Grey domino Chandois, ? domino Compton, Johanni, domi- no Peter, Johanni, domino Stanhop, Georgio, domino Carewe, Humfrido Welde, militi, domino maiore civitatis Londo"
,,,,,,,,low,,willelmo strachy,Willelmo Strachy,Willelmo Strachy,1,1,4,spacy_GPE:1,,,,,,V04-P0315:2417,"John, Edwardo Vaughan, Willelmo Dun, Thome Alcocke, Johanni Andrewes, juniori de Cambridge, Samueli Smyth, Samueli Smyth [szc], Thome Gerrard, Thome Whittingham, Willehno Canninge, Paulo Cannyng, Georgio Chandler, Henrico Vincent, Thome Kei"
,,,,,,,,low,,willelmo wattey,Willelmo Wattey,Willelmo Wattey,1,1,4,spacy_GPE:1,,,,,,V04-P0313:2261,"Johauni Gilbert, Willebno Haneocke, Matheo Browuerigg, ffranciseo ‘Purrell, Reannilpno Carter, Othwell Smyth, Thome Honneyman, Martino Bond, haberdusher, Roberto Johnson, Willelrao Younge, Johanni Woodall, Willelino Holgate, Lunmfrido Westw"
,,,,,,,,low,,willelmo winter,Willelmo Winter,Willelmo Winter,1,1,4,spacy_LOC:1,,,,,,V04-P0312:749,"Heurico Woodhouse, duei, Linley, duei, Dexter, duci, Willelmo Winter, duei, erle, duci, Johanni Bingham, duct, Burras, duci, Thome Conway, duci, Rookewood, duci, Willelmo Lovelace, duei, Johanni Ashley, duci, Thome Wynne, duci, Thome Mewtis"
,,,,,,,,low,,willelmum webb,Willelmum Webb,Willelmum Webb,1,1,4,spacy_GPE:1,,,,,,V04-P0303:1304,"Adhue de termino Sancti Michaelis: Rex: memorandum: quod Thomas Coventrye, miles, attornatus domini Regis nune generalis, qui pro eodem domino Rege in hae parte sequitur, in propria persona sua venit hic in curia dicti domint Regis coram ip"
,,,,,,,,low,,willelninis webb,Willelninis Webb,Willelninis Webb,1,1,4,spacy_GPE:1,,,,,,V04-P0304:524,"curia dicti domini Regis coram ipso Rege apud Westmonasterium die Martis proxima post crastinum animarum isto eodem termino et pro eodem domino Rege dat curie hic intelligi et infurmari quod Nicholaus ffarrer, Edwinus Sandis, miles, Johanne"
,,,,,,,,low,,williamsburg,Williamsburg,Williamsburg,1,1,2,spacy_GPE:1,,,,,,V02-P0623:133,"Williamsburg, 1747, I, ——."
,,,,,,,,low,,williany,Williany,Williany,1,1,3,spacy_GPE:1,,,,,,V03-P0729:269,"Arthard, Williany."
,,,,,,,,low,,williatn,Williatn,Williatn,1,1,4,spacy_GPE:1,,,,,,V04-P0604:659,"Cantrell, Williatn, 864."
,,,,,,,,low,,willis,Willis,Willis,1,1,1,spacy_LOC:1,,,,yes,,V01-P0401:383,m' Willis.
,,,,,,,,low,,willm eden,Willm Eden,Willm Eden,1,1,3,spacy_LOC:1,,,,,,V03-P0714:889,"JXnowe yee that I S* Francis Wyatt kt Governot & Cap’ generall of Virginia, out of the confidence that I haue in the discretion and valo’of my trustie & welbeloued frend Willm Eden alias Sampson Maister of the good Shipp the Furtherance, no"
,,,,,,,,low,,willm twisden,Willm Twisden,Willm Twisden,1,1,1,spacy_FAC:1,,,,,,V01-P0237:1236,S' Willm Twisden.
,,,,,,,,low,,willm wye,Willm Wye *,Willm Wye *,1,1,3,spacy_FAC:1,,,,,,V03-P0289:1466,Item That the foresaid Willm Wye * * * the power and authority aforesaid was made and ordeyned M' and captaine * * * for * * * voyage * * * surer Counsell and * * * aforesaid a Commission power or authority for the pformance of * * * of the
,,,,,,,,low,,wilonl,Wilonl,Wilonl,1,1,3,spacy_GPE:1,,,,,,V03-P0342:786,Wilonl! S pom COP a.
,,,,,,,,low,,wiltallnes,Wiltallnes,Wiltallnes,1,1,4,spacy_GPE:1,,,,,,V04-P0138:664,especiallie if vpon proofe it fallout that this great Destrucéon of people hath beene oecasioned by the Wiltallnes [6] of those whoe lad the principall stroke in mannaginge those affayres here od should neither lane procured nor given way t
,,,,,,,,low,,wiltiam,Wiltiam,Wiltiam,1,1,4,spacy_GPE:1,,,,,,V04-P0626:2901,"i Laudsdell, Wiltiam, 553."
,,,,,,,,low,,winckfeild,Winckfeild,Winckfeild,1,1,2,spacy_GPE:1,,,,,,V02-P0490:1210,m’ Winckfeild.
,,,,,,,,low,,witnesse,Witnesse,Witnesse,1,1,3,spacy_GPE:1,,,,,,V03-P0479:431,* * * * * * #1 {80¢] In Witnesse wheavef whereof wee haue herevnto sett o' hand and Seale this [blank] day of July 1621 And in the yeares of the raigne of o° soueraigne Lord James by the grace of god Kinge of England Scotland ffraunce and I
,,,,,,,,low,,witnesses,Witnesses,Witnesses,1,1,1,spacy_GPE:1,,,,,yes,V01-P0301:171,"vnequall to give way to his desire, vntill S"" Thomas Smith himselfe were made acquainted with his Petiton and did assent vnto this Courte of examyninge Witnesses."
,,,,,,,,low,,wittnes,Wittnes,Wittnes,1,1,4,spacy_GPE:1,,,,,yes,V04-P0191:1904,"And for the better managing of his employm', and redress- ing of all disorders & Mutinies incident to such affaires, I do by these pisent€ giue the said Gilbert Pepet power & authoritie, to punish such of his Company as shall offend, in any"
,,,,,,,,low,,wnyland,Wnyland,Wnyland,1,1,4,spacy_GPE:1,,,,,,V04-P0403:4047,"|, by their attorney aforesaid, further say that the ples aforesaid pleaded above in the form aforesaid, as to the liberties, privileges, and franchises aforesaid above mentioned and hereafter recited, namely, that the samo Nicholas tlarrer"
,,,,,,,,low,,wo polat,Wo Polat,Wo Polat,1,1,3,spacy_GPE:1,,,,,,V03-P0594:1189,"we tele Pent Hie ( alenm, gp @ reasutebh- phies, whereol yor Mat poe) i ohy au assired game, and the | wy Wo Polat fy et 8 i ow wily (Uvunpend\ues"
,,,,,,,,low,,wocter,Wocter,Wocter,1,1,4,spacy_GPE:1,,,,,,V04-P0073:1391,"[Addressed:] To the right wor"" my much honored Brother S* Samuell Sandys Kn‘ at Omberslie in Wocter shire giue theis."
,,,,,,,,low,,woodnett,Woodnett,Woodnett,1,1,2,spacy_GPE:1,,,,,,V02-P0481:684,m’ Woodnett.
,,,,,,,,low,,woolen,Woolen,Woolen,1,1,4,spacy_GPE:1,,,,,,V04-P0608:997,"Woolen, 236."
,,,,,,,,low,,worcestershire,Worcestershire,Worcestershire,1,1,4,spacy_GPE:1,,,,,,V04-P0627:1910,"Omberslie, Worcestershire, 73-75."
,,,,,,,,low,,wordes,Wordes,Wordes,1,1,4,spacy_LOC:1,,,,,yes,V04-P0087:334,"Sir: I haue seene two of M* Arundels tres # 4 Hassels ! eustedy §written to M' Canninge§ the most materiall poyntes are these, and in these Wordes: Our future miseries doe post a paee: & for prizes of thinges hee sayth: a 1000 of nayles cos"
,,,,,,,,low,,worstham,Worstham,Worstham,1,1,1,spacy_GPE:1,,,,,,V01-P0398:1288,S' Io: Worstham.
,,,,,,,,low,,worth,Worth,Worth,1,1,4,spacy_GPE:1,,,,yes,yes,V04-P0053:877,it wilbee in likelihood more then the good@ are Worth.
,,,,,,,,low,,wotton,Wotton,Wotton,1,1,3,spacy_GPE:1,,,,,,V03-P0191:1424,squaringe axes bought in Wotton by Walter
,,,,,,,,low,,ww oue weee cis,WW OUE WEEE Cis,WW OUE WEEE Cis,1,1,3,spacy_FAC:1,,,,,,V03-P0606:1225,"-------------------- 4 Aom Cowper by theday w"" mest Qticccuence tee ue eowewcersreeeer oe 3 ATU WW OUE WEEE Cis cee ee rater oer 4° A Sawier to be allowed for saweing 100 foote w™ meat &e__--_---_--."
,,,,,,,,low,,wye ab,Wye ab,Wye ab,1,1,3,spacy_GPE:1,,,,,,V03-P0718:37,"Wye ab instantia et impetitoe vlteriorig, Judicii in hac pte observaGone quoad deducta narrata et petita per pifat Thesaurariu? et societatem Vir- ginie p'dict ptemq, suam in déo pin9so suo libello Ceterisq ex parte sua in hac efa propoitis"
,,,,,,,,low,,wye milburie willmson,Wye Milburie Willmson,Wye Milburie Willmson,1,1,3,spacy_GPE:1,,,,,,V03-P0294:295,Thesaurarius et societas de virginia cofi| Tertia sessione Ter™ Trin- Wye Milburie Willmson itate 1620.
,,,,,,,,low,,wyttnes,Wyttnes,Wyttnes,1,1,4,spacy_GPE:1,,,,,,V04-P0259:226,"In Wyttnes whereof J haue hereunto putt my hand Colony Seale, this 17"" day of July, in the yeares of the Raigne of o° Soveraigne Lord James by the grace of God, of England, Frannce, Ireland King, defendo' of the faith ete the xxjtt, And of "
,,,,,,,,low,,wyues,Wyues,Wyues,1,1,1,spacy_LOC:1,,,,,,V01-P0370:1407,"The Third Roll was for sendinge of Mayd¢€ to Virginia to be made Wyues, w"" the Planters there did verie much desire by the want of whome haue sprange the greatest hinderances of the encrease of the Plantacon, in that most of them esteeminge"
,,,,,,,,low,,xciit,XCIIT,XCIIT,1,1,3,spacy_GPE:1,,,,,,V03-P0243:1016,XCIIT.
,,,,,,,,low,,xxii,XXII,XXII,1,1,3,spacy_GPE:1,,,,,,V03-P0351:854,XXII.
,,,,,,,,low,,xxxv,XxxV,XxxV,1,1,3,spacy_GPE:1,,,,,,V03-P0264:653,------ XxxV™ Of M' George Thorpe Esq;
,,,,,,,,low,,yerhuary,Yerhuary,Yerhuary,1,1,3,spacy_GPE:1,,,,,,V03-P0435:63,"won seid a Petites ¢ You ‘na o , nb le ‘ou Yerhuary ad - *: je aaa oon wt { open Hf : ei gemerors op ‘ a mpi , Roi a i ee LMS Ener gras t Mn y feta 3"
,,,,,,,,low,,york,York,York,1,1,4,spacy_GPE:1,,,,,,V04-P0414:1413,") would beside that Bond, discharge also my other bond of 103: 12% to S* Nicolas Tufton, due on the 26"" of this moncth: & also my interest of 275 to Mt Abdie & M* Godseall: wt is all that this Term I desire to pay: My Baylies also advertize"
,,,,,,,,low,,young,Young,Young,1,1,3,spacy_GPE:1,,,,,yes,V03-P0569:1099,"The Deere and other beasts will be in safety, and infinitly inerease, which heretofore not onely in the general) huntings of the King (whereat foure or fiue hundred Deere were vsually slaine) but by each particular Indian were destroied at "
,,,,,,,,low,,zachary,Zachary,Zachary,1,1,4,spacy_GPE:1,,,,,,V04-P0625:2041,"Jones, Zachary, 364."
,,,,,,,,low,,zealand,Zealand,Zealand,1,1,1,spacy_GPE:1,,,,,,V01-P0309:296,burrow in Zealand and that the goods should be deliu9%ed to m’ Arthur
,,,,,,,,low,,znehury,Znehury,Znehury,1,1,3,spacy_GPE:1,,,,,,V03-P0754:198,"Jones, Znehury, 884, 328."
,,,,,,,,high,,james citty,James Citty,James Citty|James citty,71,59,"3,4",pattern:71,citty,NW-003,,,,V03-P0157:1615,"For James citty Captaine William Powell, Ensigne William Spense. || An order of the General Assembly touching a clause in Captain Martin’s Patent at James Citty, July 30, 1619. || Captaine Martine, we are to request you upon sight hereof, with all con- venient speed to repair hither to James citty to treatt and conferre with us about some matters of especial importance which concerns both us and the whole Colony [and"
,,,,,,,,high,,james cittie,James Cittie,James Cittie,40,37,"3,4",pattern:40,cittie,NW-003,,,,V03-P0459:1590,"James Cittie this 15 of Maie 1621 || TrorPs James Cittie this 15"" of Maie 1621. || James Cittie this 27"" of June 1621"
,,,,,,,,high,,southampton hundred,Southampton Hundred,Southampton Hundred|Southampton hundred|SoutHAMPTON HUNDRED,28,25,"1,2,3,4",pattern:28,hundred,NW-032,,,,V01-P0147:571,"SoutHAMPTON HUNDRED. || The Collony beinge thus weake and the Treasury §vtterly§ exhaust, Itt pleased divers Lords Knights, gentlemen and Cittizens (greived to see this great Action fall to nothinge) to take the matter a new in hand and at their pryvate charges (i || 9 To Southampton Hundred ."
,,,,,,,,high,,james city,James City,James City|James city,14,13,"2,3,4",spacy_GPE+pattern:10|pattern:4,city,NW-003,,,,V02-P0597:5,"James City, I, 308, 337, 349; || Presently after the Diana hadd her dispatch St George Yeardley (according to a Coffiyssion directed vnto him and to the Couneell of State,) caused Burgesses to be chosen in all place who mett at James City, where all matters therein conteyn || James city Jan."
,,,,,,,,high,,james towne,James Towne,James Towne|James towne,14,13,"3,4",pattern:14,towne,NW-002,,,,V03-P0013:373,"2 When it shall please god that you shall haue safely attayned the Kings Kings river River, and our Porte and seate of James Towne in Virginia, wee advise mon Tose you to call §by§ proclamaéon into some publique place, all the governors, pr || James Towne || 12 In the distribuéon of yo"" men accordinge to these advises and relatons w'h wee haue receaued, we advise you to continue the Plantaéon at James Towne with a Convenient nomber of men, but not as yo"" situaéon or Citty, because the place is "
,,,,,,,,high,,james town,James Town,James Town|James town,13,7,"3,4",pattern:13,town,NW-002,,,,V03-P0073:773,"9 June 1617 a Ler from James Town that he lost sight of the Lizard 11 ap' 1617 came N° course & anchor’d 15 May before point Comfort, found y* people well—tilling ground for corn & Tob® 2 or 8 daies after arrived Capt Martin 5 weekes passag || then he went to James Town & found all boats &e out of repair Sent Capt Martins pinace to y° N° to fetch the boats y° fishing Comp* gaue him. || desires 100 men with tools & &e that he will pvide w"" victuals likes James Town better than Bermudas 40 miles aboue it, will Strengthen it."
,,,,,,,,high,,charles citty,Charles Citty,Charles Citty|Charles citty,9,9,"1,2,3,4",pattern:9,citty,NW-011,,,,V01-P0343:2276,"Secondly it was thought fitt that this schoole should be placed in one of the fower Citties and they conceaued that Charles Citty, of the fower did affoord the most convenient place for that purpose as well || The Court takinge into their consideraéon certaine proposiéons pre- sented vnto them by m‘ Copland in the behalfe of m* Dike formerly comended for the Vshers place in the free Schoole intended at Charles Citty in Virginia they haue agreed i || 8 I found y*® Antient Plantations of Henrico, & Charles Citty wholly quitted and lefte to y° spoile of y® Indians who not onely burned y® houses saide to be once y° best of all others, but fell Vppon y° Poultry, Hoggs, Cowes, Goates, and Ho"
,,,,,,,,high,,charles city,Charles City,Charles City,9,9,"2,3,4",spacy_GPE+pattern:7|pattern:2,city,NW-011,,,,V02-P0401:2094,"Henrico ~~ Charles City. || Charles City, I, 539; || as Tennants on the said Companies Lands And we will and ordain that all the said Tennants on the Governors and Companies Lands shall occupy the same to the half part of the profits of the said Lands so as the one half to be and belong to th"
,,,,,,,,high,,isle of wight,Isle of Wight,Isle of Wight,9,9,"2,3,4",pattern:9,isle,OW-009,,,,V02-P0003:2164,"The Owners of the Shipp desired that the Passengers might be taken in at the Isle of Wight, w™ although it were somewhat more charge, yet in matter of health it wilbe doubly recompenced. || And that the good¢ might be deliuered them here by the middle of Iuly they promising by the first of August to be gonn from the Isle of Wight if Winde and weather serue. || And further to acquaynt his Lo? w™ y® great damage & inconvenience that ariseth to the poore Passengers that lye at the Isle of Wight by delay of y° Shipp;"
,,,,,,,,high,,cape codd,Cape Codd,Cape Codd,8,8,"1,3",pattern:5|spacy_LOC+pattern:3,cape,NW-007A,,,,V01-P0069:884,"his charges, that hee might be admitted to fish att Cape Codd. || Secondlie by general] petigon vnto his Ma""*: to preserve the ffishinge att Cape Codd free & indifferent to both the Collonies as was intended in y* first Pattent. || S* Iohn Dauers, and 8’ Thomas Roe are appoynted Comittees to drawe a generall tre to his Ma‘*: to preserve the ffishinge at Cape Codd free and indifferent to both the Collonies as was intended in the first Pattent and beinge drawne to prese"
,,,,,,,,high,,elizabeth city,Elizabeth City,Elizabeth City,8,7,"2,3,4",spacy_GPE+pattern:6|spacy_GPE:1|pattern:1,city,NW-012,,,,V02-P0589:196,"Elizabeth City, I, 349. || First, we ordaine and require, that in conuenient time, after the sight and publication hereof, the foure ancient generall Burroughs, called ames City, Henrico, Charles City, and Kicowtan, (which hereafter shall be called Elizabeth City, by || Bolton, Francis, Minister, Elizabeth City, 485."
,,,,,,,,high,,bermuda hundred,Bermuda Hundred,Bermuda Hundred,6,5,"2,3",pattern:6,hundred,NW-023,,,,V02-P0573:1766,"Bermuda Hundred. || Governor Argall to Bermuda Hundred, List of names in, I, 137. || Justice desired for, 372, Letters— To citizens of Bermuda Hundred, 76."
,,,,,,,,high,,elizabeth citty,Elizabeth Citty,Elizabeth Citty|Elizabeth citty,5,4,"3,4",pattern:5,citty,NW-012,,,,V03-P0497:1763,"who is to be Preacher to the Gov- erno™ Tenjits: and m"" Bolton, whom wee haue consigned to Elizabeth Citty, to inhabitt w Capt Tho: Nuce to whom we recomende him, vnd*- standinge that m"" Stockton is otherwise seated. || Your pinnas lies like a wrack at Elizabeth citty; || The Vinerouns are placed together at Elizabeth Citty & altogether im- ployed about stek §silek-woormes$, that we may preserve the seede & send you home som silek the next yeare."
,,,,,,,,high,,cape cod,Cape Cod,Cape Cod,4,4,"2,3",pattern:4,cape,NW-007A,,,,V02-P0577:814,"Cape Cod, I, 277, 504. || Cape Cod-fish larger then that of Nue-found-land The fishing voiage of the George. || 44 Item as wee hold itt most necessarie yt yo"" puide for y® generall safety and securing of yo"" selues and estats together: So doe wee conceaue it a matter of exceeding great advantage & incouragm* to discouer eutie day fa*ther by y* sea Co"
,,,,,,,,high,,james river,James River,James River,4,4,"3,4",pattern:3|spacy_LOC+pattern:1,river,NW-004,,,,V03-P0753:1189,"James River, 465, 481, 499, 553, 591. || For although formerly they had no Forte on the Land to hinder a forraigne Enemy: yet especially in the latter tymes, there was such aboundance of Shipping cominge and goinge continually to Virginia, that there hath bin sometymes told Seaven || [71a] On y* Northerly Side of James River from the ffailes downe to Tie Corian Henrico, Contayneing 10 miles in length are y* publique lands, reserved and ae"
,,,,,,,,high,,point comfort,Point Comfort,Point Comfort|Point-Comfort,3,2,3,spacy_FAC+pattern:2|spacy_LOC:1,point,NW-009,,,,V03-P0070:1800,"From heare wee shaped a Course along the Coast of Virginia, keeping our lead all the waie, weh was o' best guide having so good a Pylott as o’ Gou'n', the fogg still contynuyng, and arryved at Point Comfort y® 15 of May, all ot Company bein || About the latter end of August, a Dutch man of Warr of the burden of a 160 tues arriued at Point-Comfort, the Comando'™ name Capt Jope, his Pilott for the West Indies one Mt Marmaduke an Englishman. || Ile reported (whilst he staied at Keq- noughton) that if wee gott not some Ord’nance planted at Point Comfort, the Colony would be quyte vndone and that ere long: for that vndoubtedly"
,,,,,,,,high,,cape charles,Cape Charles,Cape Charles,2,2,"1,2",spacy_GPE+pattern:1|pattern:1,cape,NW-007,,,,V01-P0308:1363,"A Second by Ensigne Sauadge in the great Bay wherin is a relaéon of a great Trade of Furrs by Frenchmen: A Third m’ Dirmers Discou- eries from Cape Charles to Cape Codd vp Delawarr Riuer, and Hud- sons Riuer beinge butt 20: or 30 Leagues fr || Cape Charles, I, 504."
,,,,,,,,high,,cape comfort,Cape Comfort,Cape Comfort,2,2,"3,4",spacy_LOC+pattern:1|pattern:1,cape,NW-009,,,,V03-P0734:2095,"Cape Cod, 70, 246, 309, 481, Cape Comfort, 18. || Cape Comfort, 374, 375."
,,,,,,,,high,,cape henry,Cape Henry,Cape Henry,2,2,4,spacy_GPE+pattern:1|pattern:1,cape,NW-006,,,,V04-P0110:1686,"& sinec to Cape Henry, where they lighted of that wh they like (however send us two or three Hogsheds out of England) if it be not disliked in the tryal. || Cape Henry, 108, Cape merchant, 263."
,,,,,,,,high,,chesapeake bay,Chesapeake Bay,Chesapeake Bay,2,2,"3,4",pattern:2,bay,NW-005,,,,V03-P0736:416,"Chesapeake Bay, 114, 573, 622, 678, 707. || Chesapeake Bay."
,,,,,,,,high,,southampton river,Southampton River,Southampton River,2,2,4,spacy_LOC+pattern:2,river,NW-033,,,,V04-P0524:1014,"but before they could gett her afloat they were foreed to vnlade much of her provisions and good@ aud hy the direccion of the said Stallinge to carry them on Shoar vppon the South side of the River and afterward¢ with great labot brought th || On y° Easterly Side of Southampton River ther are 3000 Acres beelonging to y’ Company, at Elizabeth Citty, planted, and 1500 Acres Comone Land"
,,,,,,,,high,,southampton hund,Southampton Hund,Southampton Hund,1,1,3,pattern:1,hund,NW-032,,,,V03-P0426:241,Southampton Hund.
,,,,,,,,high,,southampton plantation,Southampton Plantation,Southampton Plantation,1,1,1,pattern:1,plantation,NW-032,,,,V01-P0392:186,"otherwise as the Donor had required: To w™ end they writt verie effectuall letters vnto S' Geo: Yeardley then Gouernor of Virginia and Capt: also of Southampton Plantation: not onely recomendinge the excellencie of that worke, but also furn"
,,,,,,,,high,,southampton riuer,Southampton riuer,Southampton riuer,1,1,3,pattern:1,riuer,NW-033,,,,V03-P0680:2013,"Know yee that I s"" ffrancis Wyatt knight & Cap' generall of Virginia, out of y° true knowledge of the discretion and sufficiency of Capt William Tucker in all martiall discipline & other afficiences of y* like nature do giue and grant vnto "
,,,,,,,,medium,,summer islands,Summer Islands,Summer Islands,41,34,2,spacy_GPE:22|spacy_LOC:18|spacy_FAC:1,,NW-020,,,,V02-P0550:1319,"7 An inestimable advantadge, that would be gayned to this state of England in case of Warr both for the easie assaultinge of the Spanyards West Indies, from those parts, and for the relievinge and succouringe of all Shipps and men of Warr t || Summer Islands, IT, 159. || Opposed to land indenture, Summer Islands, Patent, I, 634."
,,,,,,,,medium,,henrico,Henrico,Henrico,33,28,"1,2,3,4",spacy_GPE:33,,NW-010,,,,V01-P0012:1702,"and begin first with the meanes they haue to provide and settle an Annuall revennue, and out of that to begin the erecéon of the said Colledge: And for the performance hereof also moued, that a certaine peece of Land be Laid out at Henrico  || viz'' three thowsand in each of the ffower old Burroughes—10000—acres of Land for the vniuersity to be planted at Henrico; || called Elizabeth Cittie 400 Acres att Charles Cittie, 100: att Henrico,"
,,,,,,,,medium,,virginea,Virginea,Virginea,29,20,"2,3,4",spacy_GPE:29,,NW-001,,,,V02-P0620:2168,"A True Relatione of such occurrences and acci- dents of note as hath hapened in Virginea since the first plantinge of that Colonie, ee. || A publication by the Counsell of Virginea, touching the Plantation there. || By the Counsell of Virginea."
,,,,,,,,medium,,somers islands,Somers Islands,Somers Islands,21,16,"3,4",spacy_GPE:11|spacy_LOC:10,,NW-020,,,,V03-P0729:2258,"Court for Somers Islands, 603. || Court for Somers Islands, 603. || Court for Somers Islands, 603."
,,,,,,,,medium,,westminster,Westminster,Westminster,21,17,"3,4",spacy_GPE:21,,OW-004,,,,V03-P0049:1036,"Amongest w* his said Ma** by his highnes letters patent¢ bearinge date at Westminster the twelueth §day of March§ in the ninth yeare of his happy raigne for the more effectuall advancinge of the said plantaéon by vertue of his highnes Proga || Sir Thomas Coyen- trve, allorney general of our lord the King who now is, who for our same Terd the King in this cause sues in his own proper person, came here in the court of our said lord the King before the King himself at Westminster on || , our same lord the King who now is, by his letters patent in due manner completed, sealed under his great seal of England and produced in the court of our said lord the King who now is, bearing date at Westminster on the same twenty-third "
,,,,,,,,medium,,france,France,France,18,16,"2,3,4",spacy_GPE:18,,OW-012,,,,V02-P0591:1777,"France, I, 431, 483. || and known the one from the other Hach survey to be set down distinetly in writing and returned to us under your hands and seals Jn Witness whereof we have hereunto set our Common Seal Given in a great and general Court of the Council and Co || and known the one from the other Hach survey to be set down distinetly in writing and returned to us under your hands and seals Jn Witness whereof we have hereunto set our Common Seal Given in a great and general Court of the Council and Co"
,,,,,,,,medium,,plymouth,Plymouth,Plymouth,13,12,"1,2,3,4",spacy_GPE:13,,OW-007,,,,V01-P0180:657,"The Courte was enformed of m’ Iames Bagg of Plymouth who hath divers times taken great paines for the Company and layd out much monney as appeareth by his Accompts well approved by the Audito™ and may herafter allso pleasure them in divers  || 1The settlement in the Northern Plantation was at Plymouth. || M’ Deputy acquainted the Court that Wheras m’ Iames Bagg of Plymouth had 5 shares given him by a Quarter Court the 25"" of Ivne— 1620 as a gratificaéon for that good service hee had done for the Com- pany as appeares [380] in that Court: hee"
,,,,,,,,medium,,spain,Spain,Spain,8,8,"2,3,4",spacy_GPE:8,,OW-013,,,,V02-P0613:64,"Order concerning Spain and ‘‘Treasurer,”’ I, 182, 189. || Spain, I, 431, 483. || Vignerons & Vines from Fr: and Spain"
,,,,,,,,medium,,spaine,Spaine,Spaine,3,3,2,spacy_GPE:3,,OW-013,,,,V02-P0060:2221,"Herevpon the Comittee takinge into ||their|| serious consideraéon howe avayleable it wilbe vnto both the Plantations that his Ma“ proffitt goe hand in hand with the Companies, and on the other side considering that if this Contract did not  || The first that by this vnrestrained liberty of bringinge in Tobacco from all places aswell from Spayne as the two Plantaéons there would growe here such a generall glutt of that Comoditie as would bringe downe the price to so lowe a proporé || before the importinge of the like forraigne Comodities from other part€ w® could not be but to the hurt and greivance of the Subiect w course is also held firme and setled by sundrie provident and pollique constituéons both in § in Spaine i"
,,,,,,,,medium,,spayne,Spayne,Spayne,3,3,"2,4",spacy_GPE:3,,OW-013,,,,V02-P0233:650,"Also he obserueth that the Vndertakers haue but one yeare graunted them, for the bringinge in of the Spanish Tobacco, w™ by reason so great quantity thereof is here already in this Kingdome cannot be brought in but with much losse or verie  || The first that by this vnrestrained liberty of bringinge in Tobacco from all places aswell from Spayne as the two Plantaéons there would growe here such a generall glutt of that Comoditie as would bringe downe the price to so lowe a proporé || Kinge’s mane rane awaye in Spayne, the reste I received all well, God be thanckd."
,,,,,,,,medium,,fraunce,Fraunce,Fraunce,2,2,"1,3",spacy_GPE:2,,OW-012,,,,V01-P0231:1965,"M’ Deputy signified that hee had receaved good store of Silkworme Silk wormes seed both out of Fraunce, Italy, and Spaine, and doubted not of much — i” * more verie shortlie, soe that their greatest want wasof menskillfullin = the orderinge || Company of Virginia, that he displant and make lawfull prize of them, and so bring them along w'* him to the port of James Citty, Given at James Citty vnd' my hand and the great Seale of this Colony this 24% of October, in the yeares of the"
,,,,,,,,low,,virginia,Virginia,Virginia|VIRGINIA|VirGINIA|VirGinia,2863,1382,"1,2,3,4",spacy_GPE:2863,,NW-001,,yes,,V01-P0004:684,"This Quarter Court according to the Lies Pattents being chiefly ordayned for the elecéon of Officers: M’ Tyer desired the Court that before he left his place, he might acquaynt them w™ two messages Lately ret from the King: The one was, tha || This Court was acquaynted, that the Lord of Salisbury desired the admittance of Captaine ’ Brett into this ffellowshipp, and to that end his Ld? hath giuen him Two of his shares in Virginia, requesting that he might be suffered to sitt in t || Vpon the request of Captaine Daniell Tucker for this Court to con- ferr 20 shares vpon him for his fiue yeares service spent in Virginia, aswell for his personall Adventure, as for the severall Offices and eminent places w"""" there he held a"
,,,,,,,,low,,england,England,England|England .450,517,363,"1,2,3,4",spacy_GPE:517,,OW-011,,yes,,V01-P0048:2148,"Lastly he wished that a fitt hundreth might be sent of woemen, Maid€ young and vneorrupt to make wifes to the Inhabitinte and by that meanes to make the men there more setled & lesse moueable who by defect thereof (as is credibly reported)  || as they formerly had done: And because he vnderstood that the peo- ple thither transported, though seated there in their persons for some fewe yeares, are not setled in their mindes to make it their place of rest [45] and continuance, but h || To graunt vnto the said Company ffreedome from Custome and Subsedie in Virginia for one and Twenty years and in England fora certaine nomb’ of years now expired."
,,,,,,,,low,,london,London,London|LONDON,283,222,"1,2,3,4",spacy_GPE:283,,OW-001,,yes,,V01-P0027:1442,"William Shackley of London Haberdasher assigned to Oliver S‘ Iohn Two shares in Virginia. || M' Robert Heath Recorder of London and his Associates, the s’cond * Paire of Inder to Doctor Bohune, Iames Swifte and their Associates for Transport- || menéoned were the last Springe sent and transported to the Virginia Company from the Cittie of London vnto Virginia And towards the charge end for the transportaéon and apparrellinge of the same One bundreth Children a Collecéon of the some"
,,,,,,,,low,,southampton,Southampton,Southampton,24,23,"1,2,3,4",spacy_GPE:24,,OW-008,,yes,,V01-P0010:495,"Letters procured from the Lordes of the Counsell to the Company of Grocers and signed by Pembrooke, Southampton, Exeter, Zouch, Carey and Digby was now sealed and referred to mr. || Wherevnto was answered, that these Proposi- éons had beene formerly proposed to the Counsell at Southampton howse, where they were generally approued to be beneficiall and || Whervppon forasmuch as itt manyfestly appeared that his Ma: hadd beene much misinformed of the menaginge of their buisines this last yeare, Itt was agreed accordinge to the opynion aforesaide that the day of Eleccon should be putt of till t"
,,,,,,,,low,,bristol,Bristol,Bristol,1,1,3,spacy_GPE:1,,OW-005,,,,V03-P0733:960,"Bristol, England, 248, 272, 290, 400."
,,,,,,,,low,,st sithes lane,St Sithes Lane,St Sithes Lane,1,1,3,spacy_FAC:1,,OW-003,,,,V03-P0620:1766,"9 Aprill: 1622 from Northborne {Addressed by self:] To my very worthie frend M’ John Ferrar, at his house in St Sithes Lane in London."
