review_decision,manual_person_name,review_note,occurrence_id,observed_span,title,title_class,territory_place_id,territory_name,matched_alias,label,mention_kind,suggested_person,resolution_status,resolution_rule_id,rule_note,page_id,section_id,source_id,volume,span_start,span_end,sentence_text
,,,V01-P0003-T00179-00196,Earle Southampton,Earle,earl,OW-008,Southampton,Southampton,PERSON_REF,territorial_title,Henry Wriothesley,suggested,southampton_peerage,"Henry Wriothesley, 3rd Earl of Southampton; Company treasurer 1620-1624.",V01-P0003,V01-PRIMARY,V01-OCR-437,1,179,196,The Earle Southampton.
,,,V01-P0007-T00135-00155,Earle of Southampton,Earle of,earl,OW-008,Southampton,Southampton,PERSON_REF,territorial_title,Henry Wriothesley,suggested,southampton_peerage,"Henry Wriothesley, 3rd Earl of Southampton; Company treasurer 1620-1624.",V01-P0007,V01-PRIMARY,V01-OCR-441,1,135,155,The Right ho’ The Earle of Southampton.
,,,V01-P0016-T00154-00174,Earle of Southampton,Earle of,earl,OW-008,Southampton,Southampton,PERSON_REF,territorial_title,Henry Wriothesley,suggested,southampton_peerage,"Henry Wriothesley, 3rd Earl of Southampton; Company treasurer 1620-1624.",V01-P0016,V01-PRIMARY,V01-OCR-450,1,154,174,The Right hono™ Henry Earle of Southampton.
,,,V01-P0029-T00066-00086,Earle of Southampton,Earle of,earl,OW-008,Southampton,Southampton,PERSON_REF,territorial_title,Henry Wriothesley,suggested,southampton_peerage,"Henry Wriothesley, 3rd Earl of Southampton; Company treasurer 1620-1624.",V01-P0029,V01-PRIMARY,V01-OCR-463,1,66,86,Right honorable The Earle of Southampton.
,,,V01-P0035-T00143-00163,Earle of Southampton,Earle of,earl,OW-008,Southampton,Southampton,PERSON_REF,territorial_title,Henry Wriothesley,suggested,southampton_peerage,"Henry Wriothesley, 3rd Earl of Southampton; Company treasurer 1620-1624.",V01-P0035,V01-PRIMARY,V01-OCR-469,1,143,163,Present the Right Hono™ The Earle of Southampton.
,,,V01-P0035-T01499-01518,Lord of Southampton,Lord of,lord,OW-008,Southampton,Southampton,PERSON_REF,territorial_title,Henry Wriothesley,suggested,southampton_peerage,"Henry Wriothesley, 3rd Earl of Southampton; Company treasurer 1620-1624.",V01-P0035,V01-PRIMARY,V01-OCR-469,1,1499,1518,"It was agreed that for preventing the Like abuse to the Thier here-
after, the former Comittees, that is to say, the Lord of Southampton,"
,,,V01-P0037-T00711-00733,my Lord of Southampton,my Lord of,lord,OW-008,Southampton,Southampton,PERSON_REF,territorial_title,Henry Wriothesley,suggested,southampton_peerage,"Henry Wriothesley, 3rd Earl of Southampton; Company treasurer 1620-1624.",V01-P0037,V01-PRIMARY,V01-OCR-471,1,711,733,"there onely rest-
eth for the Court to decide, that if they will allowe of sundry trans-
portaéons of men, by former orders in the said Jooke not menconed,
that then there wilbe One hundreth pounde lesse for the Company to
receaue: But it growing late it was agreed, and that the Shipp should
be noe longer stayde, that m' Thier should make vse of the Three
hundreth poundé due vnto the Magazine by the Adventurers of Smiths
hundred, and that the Account betweene them shalbe forthw"" audited :
To w*"" purpose my Lord of Southampton hath promised his assistance
vpon ffriday morning next at Sir Thomas Smiths howse, at w"" time
m’ Alderman, together w'"" m' Essington, m’ Abraham Chamberlaine,
m' Richard Moorer and m’ Berblock, are appointed to ioyne w"" the
Audito™ of the Company and so to decide the Controuersy."
,,,V01-P0039-T00126-00146,Earle of Southampton,Earle of,earl,OW-008,Southampton,Southampton,PERSON_REF,territorial_title,Henry Wriothesley,suggested,southampton_peerage,"Henry Wriothesley, 3rd Earl of Southampton; Company treasurer 1620-1624.",V01-P0039,V01-PRIMARY,V01-OCR-473,1,126,146,Right Honor’® Henry Earle of Southampton.
,,,V01-P0052-T00881-00903,"my
Lord of Southampton","my
Lord of",lord,OW-008,Southampton,Southampton,PERSON_REF,territorial_title,Henry Wriothesley,suggested,southampton_peerage,"Henry Wriothesley, 3rd Earl of Southampton; Company treasurer 1620-1624.",V01-P0052,V01-PRIMARY,V01-OCR-486,1,881,903,"And although the Company is allready exceedingly behoulding to my
Lord of Southampton for his many hono””® fauo™ & nobly counte-
nancing them in all their businesses, and especially such as is of great-
est importance;"
,,,V01-P0053-T00138-00156,Lo: of Southampton,Lo: of,lord,OW-008,Southampton,Southampton,PERSON_REF,territorial_title,Henry Wriothesley,suggested,southampton_peerage,"Henry Wriothesley, 3rd Earl of Southampton; Company treasurer 1620-1624.",V01-P0053,V01-PRIMARY,V01-OCR-487,1,138,156,The Lo: of Southampton.
,,,V01-P0054-T01262-01283,my Lo: of Southampton,my Lo: of,lord,OW-008,Southampton,Southampton,PERSON_REF,territorial_title,Henry Wriothesley,suggested,southampton_peerage,"Henry Wriothesley, 3rd Earl of Southampton; Company treasurer 1620-1624.",V01-P0054,V01-PRIMARY,V01-OCR-488,1,1262,1283,"And it
was moued by my Lo: of Southampton, that the Court hauing now
heard the Proposiéons read, if they made scruple of any thing, that it
might be now debated at full against the Quarter Court."
,,,V01-P0055-T00089-00111,"My
Lord of Southampton","My
Lord of",lord,OW-008,Southampton,Southampton,PERSON_REF,territorial_title,Henry Wriothesley,suggested,southampton_peerage,"Henry Wriothesley, 3rd Earl of Southampton; Company treasurer 1620-1624.",V01-P0055,V01-PRIMARY,V01-OCR-489,1,89,111,"Next for the order of the Magazine Acc? referred to the Counsell, My
Lord of Southampton was humbly desired to lend his presence for the
concluding of it: This and the former Magazine being the cause [41]
of all discentions that hath beene amongst the Company, who hath
promised his assistance."
,,,V01-P0057-T00198-00218,Earle of Southampton,Earle of,earl,OW-008,Southampton,Southampton,PERSON_REF,territorial_title,Henry Wriothesley,suggested,southampton_peerage,"Henry Wriothesley, 3rd Earl of Southampton; Company treasurer 1620-1624.",V01-P0057,V01-PRIMARY,V01-OCR-491,1,198,218,Henry Earle of Southampton.
,,,V01-P0068-T00602-00621,Lord of Southampton,Lord of,lord,OW-008,Southampton,Southampton,PERSON_REF,territorial_title,Henry Wriothesley,suggested,southampton_peerage,"Henry Wriothesley, 3rd Earl of Southampton; Company treasurer 1620-1624.",V01-P0068,V01-PRIMARY,V01-OCR-502,1,602,621,Right Hono™’: y* Lord of Southampton.
,,,V01-P0072-T00077-00096,Lord of Southampton,Lord of,lord,OW-008,Southampton,Southampton,PERSON_REF,territorial_title,Henry Wriothesley,suggested,southampton_peerage,"Henry Wriothesley, 3rd Earl of Southampton; Company treasurer 1620-1624.",V01-P0072,V01-PRIMARY,V01-OCR-506,1,77,96,Ri Hono”: the Lord of Southampton.
,,,V01-P0090-T01753-01775,my Lord of Southampton,my Lord of,lord,OW-008,Southampton,Southampton,PERSON_REF,territorial_title,Henry Wriothesley,suggested,southampton_peerage,"Henry Wriothesley, 3rd Earl of Southampton; Company treasurer 1620-1624.",V01-P0090,V01-PRIMARY,V01-OCR-524,1,1753,1775,"cannot be pformd ised my Lord of Southampton to sett forth an Alphabeticall publi-
eT — cacon of all the Adventurors w% hee reported now they could not
Seow Alte habet pforme by reason mr."
,,,V01-P0097-T00223-00243,Earle of Southampton,Earle of,earl,OW-008,Southampton,Southampton,PERSON_REF,territorial_title,Henry Wriothesley,suggested,southampton_peerage,"Henry Wriothesley, 3rd Earl of Southampton; Company treasurer 1620-1624.",V01-P0097,V01-PRIMARY,V01-OCR-531,1,223,243,Henry Earle of Southampton.
,,,V01-P0106-T01856-01876,Lord Maior of London,Lord Maior of,mayor,OW-001,London,London,PERSON_REF,role_reference,,unresolved,,,V01-P0106,V01-PRIMARY,V01-OCR-540,1,1856,1876,"The Letter the last Quarter Courte signed by the Lords directed to the
Lord Maior of London tooke such effect as m’ Thier sayeth the Cittie
yeilded to itt:"
,,,V01-P0113-T02092-02109,my Lord of London,my Lord of,lord,OW-001,London,London,PERSON_REF,territorial_title,"John King, Bishop of London",suggested,london_bishop_v1,"John King was Bishop of London 1611-March 1621, the span of Volume I.",V01-P0113,V01-PRIMARY,V01-OCR-547,1,2092,2109,"Hee allso acquainted my Lord of London of the Companies intent for
the sendinge ouer Mynisters, and their request vuto his Lo"": for his
good furtherance and assistance therin together w"" what mainte-"
,,,V01-P0119-T00103-00122,Lord of Southampton,Lord of,lord,OW-008,Southampton,Southampton,PERSON_REF,territorial_title,Henry Wriothesley,suggested,southampton_peerage,"Henry Wriothesley, 3rd Earl of Southampton; Company treasurer 1620-1624.",V01-P0119,V01-PRIMARY,V01-OCR-553,1,103,122,y® Right Hono™: The Lord of Southampton.
,,,V01-P0131-T00212-00228,Maior of Plymoth,Maior of,mayor,OW-007,Plymouth,Plymoth,PERSON_REF,role_reference,,unresolved,,,V01-P0131,V01-PRIMARY,V01-OCR-565,1,212,228,"more slavery then if they were vnder the Turke, therfore for the curb -
inge of his turbulent spirite, itt was agreed that a Tre in the naime + _ ~~ on a
of the Courte should be written to the Maior of Plymoth to examine 07
and learne vppon what ground hee should speake soe falsely and
accordinglie to certifie the Company that itt may be followed w™"
,,,V01-P0138-T00289-00308,Lord of Southampton,Lord of,lord,OW-008,Southampton,Southampton,PERSON_REF,territorial_title,Henry Wriothesley,suggested,southampton_peerage,"Henry Wriothesley, 3rd Earl of Southampton; Company treasurer 1620-1624.",V01-P0138,V01-PRIMARY,V01-OCR-572,1,289,308,The Lord of Southampton.
,,,V01-P0145-T00140-00160,Earle of Southampton,Earle of,earl,OW-008,Southampton,Southampton,PERSON_REF,territorial_title,Henry Wriothesley,suggested,southampton_peerage,"Henry Wriothesley, 3rd Earl of Southampton; Company treasurer 1620-1624.",V01-P0145,V01-PRIMARY,V01-OCR-579,1,140,160,The Earle of Southampton.
,,,V01-P0148-T00300-00320,"Lo: Bishop of
London",Lo: Bishop of,bishop,OW-001,London,London,PERSON_REF,territorial_title,"John King, Bishop of London",suggested,london_bishop_v1,"John King was Bishop of London 1611-March 1621, the span of Volume I.",V01-P0148,V01-PRIMARY,V01-OCR-582,1,300,320,"St W” Cockaine &
y¢ Lo: Bishop of
London mad free
& of y* Counsell."
,,,V01-P0157-T01591-01610,Lord of Southampton,Lord of,lord,OW-008,Southampton,Southampton,PERSON_REF,territorial_title,Henry Wriothesley,suggested,southampton_peerage,"Henry Wriothesley, 3rd Earl of Southampton; Company treasurer 1620-1624.",V01-P0157,V01-PRIMARY,V01-OCR-591,1,1591,1610,"Whervppon forasmuch as itt manyfestly appeared that his Ma: hadd
beene much misinformed of the menaginge of their buisines this last
yeare, Itt was agreed accordinge to the opynion aforesaide that the
day of Eleccon should be putt of till the next great generall Courte
some six weeks hence in Midsomer Tearme, and till they vuderstood
the King@ farther pleasure, And in the intrym they humbly entreated
the Right Honorable y* Lord of Southampton, Vyscount Doncaster,
The Lord Cauendish, y* Lord Sheftield, S' Iohn Dauers S‘ Nicholas
Tufton, S' Lawrence Hide, m’ X°: Brook m‘ Gibbes m' Herbert,
m’ Keightley, and m' Cranmer to meet vppon ffryday morninge att
Southampton house to determine of an humble answere vnto his
Ma"": message and to deliver to him a true informaéon aswell of the
former as of this [114] latter years gouerment of the buisines for
Virginia beseechinge allso that his Ma""*: would be pleased not to take
from them the Pryveledge of their tres Pattents butt that itt might
be in their owne choyce to have free elecéon."
,,,V01-P0159-T00115-00135,Earle of Southampton,Earle of,earl,OW-008,Southampton,Southampton,PERSON_REF,territorial_title,Henry Wriothesley,suggested,southampton_peerage,"Henry Wriothesley, 3rd Earl of Southampton; Company treasurer 1620-1624.",V01-P0159,V01-PRIMARY,V01-OCR-593,1,115,135,The Earle of Southampton.
,,,V01-P0161-T00181-00201,Earle of Southampton,Earle of,earl,OW-008,Southampton,Southampton,PERSON_REF,territorial_title,Henry Wriothesley,suggested,southampton_peerage,"Henry Wriothesley, 3rd Earl of Southampton; Company treasurer 1620-1624.",V01-P0161,V01-PRIMARY,V01-OCR-595,1,181,201,"At w day beinge the three and twentieth day of the said monneth
of May in a great Courte held by the Thier and Company wheratt
were present The Right Hono”, Henry Earle of Southampton, Wil-
liam Lo: Cauendish Edmond Lord Sheffeild, William Lo: Pagett, S’
Edw: Sackveill knight 8’ Frauncis Leigh knight of y° Bathe, S' Nich-
olas Tufton knight S""’ Edwin Sandys knight, S"" ohn Dauers knight
S' Henry Rainsford knight 8"" Frauncis Egioke knight, 8’ Tho: Wils-
ford knight, St Tho: Wroth knight S"" Walter Earle knight, S’ [ohn
Wolstenholme knight, 8’ Henrie Maynwaringe knight, S’ Edward
Lawley knight, Thomas Gibbes esqr George Sandys esquire, Samuell
Wrote Esqr M’ Iohn Ferrar Deputy and a great nomber of the gener-
allitie of the said Company: the said Cap’ Edward Brewster, and
Cap’: Samuell Argoll beinge psonally present, after a full hearinge as
well of the said Cap* Brewster as of the said Cap' Argoll w” their
seuerall Declaracons and allegations on both sides and after mature
deliberaGon, and weighinge of the wholl Cause, w"" the Comissions
Deposiéons and other writinge pduced Itt was by vs the said Thier
Counsell, and Company finally ordered and determyned as here
ensueth."
,,,V01-P0169-T00077-00096,Lord of Southampton,Lord of,lord,OW-008,Southampton,Southampton,PERSON_REF,territorial_title,Henry Wriothesley,suggested,southampton_peerage,"Henry Wriothesley, 3rd Earl of Southampton; Company treasurer 1620-1624.",V01-P0169,V01-PRIMARY,V01-OCR-603,1,77,96,Lord of Southampton.
,,,V01-P0173-T00085-00105,Earle of Southampton,Earle of,earl,OW-008,Southampton,Southampton,PERSON_REF,territorial_title,Henry Wriothesley,suggested,southampton_peerage,"Henry Wriothesley, 3rd Earl of Southampton; Company treasurer 1620-1624.",V01-P0173,V01-PRIMARY,V01-OCR-607,1,85,105,Hono™: Earle of Southampton.
,,,V01-P0176-T01080-01101,my Lo: of Southampton,my Lo: of,lord,OW-008,Southampton,Southampton,PERSON_REF,territorial_title,Henry Wriothesley,suggested,southampton_peerage,"Henry Wriothesley, 3rd Earl of Southampton; Company treasurer 1620-1624.",V01-P0176,V01-PRIMARY,V01-OCR-610,1,1080,1101,"Att w time as was now deliuered by some that
were there present another thinge was there done aboute iustefyinge
m' Alderman Iohnson in many poynt@, amongst the rest one Article
betwixt the Comp*: & y® Magazine w™ beinge referred to be deter-
mined by my Lo: of Southampton, itt pleased his Lo?: to decide and
end, since w™ time his Lo’: pleasinge to com vnto a Somer [lands
Courte one Argum' did arise betwixt his Lo’: and m* Alderman, and
amongst other things his Lo’: affirmed that vppon request of the said
m* Alderman hee was content to strike off 80 and odd pounds of profitt
w*"" was due to the Company, and the rather his Lo’: was drawne
vuto itt, as wishinge peace and quiettness, butt m™ Alderman deny-
inge the same did say that there was not a word true, vppon w™ his
Lo’: pduced a writinge signed by the Audito™ to avouch the same,
and that such a some ther was cutt of w was allso now iustefied by
divers others of the Courte."
,,,V01-P0178-T00267-00286,Lord of Southampton,Lord of,lord,OW-008,Southampton,Southampton,PERSON_REF,territorial_title,Henry Wriothesley,suggested,southampton_peerage,"Henry Wriothesley, 3rd Earl of Southampton; Company treasurer 1620-1624.",V01-P0178,V01-PRIMARY,V01-OCR-612,1,267,286,of Southamp- The Right Honorable the Lord of Southampton who sent Tenn men as
,,,V01-P0182-T00246-00266,Karle of Southampton,Karle of,earl,OW-008,Southampton,Southampton,PERSON_REF,territorial_title,Henry Wriothesley,suggested,southampton_peerage,"Henry Wriothesley, 3rd Earl of Southampton; Company treasurer 1620-1624.",V01-P0182,V01-PRIMARY,V01-OCR-616,1,246,266,Karle of Southampton.
,,,V01-P0184-T00990-01010,Karle of Southampton,Karle of,earl,OW-008,Southampton,Southampton,PERSON_REF,territorial_title,Henry Wriothesley,suggested,southampton_peerage,"Henry Wriothesley, 3rd Earl of Southampton; Company treasurer 1620-1624.",V01-P0184,V01-PRIMARY,V01-OCR-618,1,990,1010,"Farle of South- The Karle of Southampton acquainted this Courte that himselfe w™
aa the rest of the Lords and gentlemen requested thervnto by the last
desire to his Ma"": Quarter Courte had presented their humble desires vnto his Ma"" for
for the Heeeleoon the free eleccon of their Treasurer whervnto his Ma‘: had most gra-
tiously condiscented signyfyinge vnto them that it would be pleasinge
to him they made choyce of such a one as might att all times and
occasions have free accesse vnto his royall psonn."
,,,V01-P0185-T00565-00585,Earle of Southampton,Earle of,earl,OW-008,Southampton,Southampton,PERSON_REF,territorial_title,Henry Wriothesley,suggested,southampton_peerage,"Henry Wriothesley, 3rd Earl of Southampton; Company treasurer 1620-1624.",V01-P0185,V01-PRIMARY,V01-OCR-619,1,565,585,"W* moéon beinge exceedinglie approved the whole Courte imeadi-
ately w™ much ioy and applause nominated the Earle of Southampton
w™ much ernestnes beseechinge his Lo”: that for the redeeminge of
this Noble Plantaton and Company from the ruines that seemed to
hange ouer itt hee would vouchsaffe to accept of the place of Thier."
,,,V01-P0187-T00627-00647,Karle of Southampton,Karle of,earl,OW-008,Southampton,Southampton,PERSON_REF,territorial_title,Henry Wriothesley,suggested,southampton_peerage,"Henry Wriothesley, 3rd Earl of Southampton; Company treasurer 1620-1624.",V01-P0187,V01-PRIMARY,V01-OCR-621,1,627,647,the Right Honorable Karle of Southampton Thier.
,,,V01-P0195-T01093-01114,"Lord Bishop of
London",Lord Bishop of,bishop,OW-001,London,London,PERSON_REF,territorial_title,"John King, Bishop of London",suggested,london_bishop_v1,"John King was Bishop of London 1611-March 1621, the span of Volume I.",V01-P0195,V01-PRIMARY,V01-OCR-629,1,1093,1114,"ffor matters of Religion I thinke itt requisite that the Comp*: desire Religion
direcéon from the Lord Archbishops grace and the Lord Bishop of
London they beinge both of the Company and my Lord of London"
,,,V01-P0195-T01151-01168,my Lord of London,my Lord of,lord,OW-001,London,London,PERSON_REF,territorial_title,"John King, Bishop of London",suggested,london_bishop_v1,"John King was Bishop of London 1611-March 1621, the span of Volume I.",V01-P0195,V01-PRIMARY,V01-OCR-629,1,1151,1168,"ffor matters of Religion I thinke itt requisite that the Comp*: desire Religion
direcéon from the Lord Archbishops grace and the Lord Bishop of
London they beinge both of the Company and my Lord of London"
,,,V01-P0199-T00203-00225,My Lord of Southampton,My Lord of,lord,OW-008,Southampton,Southampton,PERSON_REF,territorial_title,Henry Wriothesley,suggested,southampton_peerage,"Henry Wriothesley, 3rd Earl of Southampton; Company treasurer 1620-1624.",V01-P0199,V01-PRIMARY,V01-OCR-633,1,203,225,"My Lord of Southampton delivered certaine petiéons vnto m' Deputy Peticone referrd,
Ferrar to be consydered of by the Comittees."
,,,V01-P0199-T00551-00571,Karle of Southampton,Karle of,earl,OW-008,Southampton,Southampton,PERSON_REF,territorial_title,Henry Wriothesley,suggested,southampton_peerage,"Henry Wriothesley, 3rd Earl of Southampton; Company treasurer 1620-1624.",V01-P0199,V01-PRIMARY,V01-OCR-633,1,551,571,Karle of Southampton Tier.
,,,V01-P0200-T00323-00345,my Lord of Southampton,my Lord of,lord,OW-008,Southampton,Southampton,PERSON_REF,territorial_title,Henry Wriothesley,suggested,southampton_peerage,"Henry Wriothesley, 3rd Earl of Southampton; Company treasurer 1620-1624.",V01-P0200,V01-PRIMARY,V01-OCR-634,1,323,345,"S' Edwin Sandys signified vnto the Courte that hee had received
notice that my Lord of Southampton was vppon some speciall ocea-
sion w™ the Lords of the Councell and could not be present heere till
three of the Clock whervppon itt was agreed that the petigons exhib-
ited vnto this Courte should in the meane time be read and considered
of and aecordinglie receive et their answer."
,,,V01-P0202-T01908-01930,My Lord of Southampton,My Lord of,lord,OW-008,Southampton,Southampton,PERSON_REF,territorial_title,Henry Wriothesley,suggested,southampton_peerage,"Henry Wriothesley, 3rd Earl of Southampton; Company treasurer 1620-1624.",V01-P0202,V01-PRIMARY,V01-OCR-636,1,1908,1930,"y’ Lord of South- My Lord of Southampton beinge now com to the Courte declared that
a Com to his absence and long stay was aboute buisines of y° Companies and
that hee had receaved a gracious answere from his Ma"": concerninge
a gratious aun- their petiGon against the restraint of Tobacco who was pleased to
arene oan c-| affirme that itt was never his meaninge to graunt any thinge that
cerninge y’ re- might be preiudicall to any of both those PlantaGons and therfore"
,,,V01-P0203-T00094-00116,my Lord of Southampton,my Lord of,lord,OW-008,Southampton,Southampton,PERSON_REF,territorial_title,Henry Wriothesley,suggested,southampton_peerage,"Henry Wriothesley, 3rd Earl of Southampton; Company treasurer 1620-1624.",V01-P0203,V01-PRIMARY,V01-OCR-637,1,94,116,"had referrd itt to the Consideraéon of the Lords of the Counsell, w”
whome my Lord of Southampton saide hee had beene all that while,
and that their Lo”: desyred that certaine of the Company might attend
the hearinge of the cause vppon fryday next in the afternoone."
,,,V01-P0204-T00748-00770,my Lord of Southampton,my Lord of,lord,OW-008,Southampton,Southampton,PERSON_REF,territorial_title,Henry Wriothesley,suggested,southampton_peerage,"Henry Wriothesley, 3rd Earl of Southampton; Company treasurer 1620-1624.",V01-P0204,V01-PRIMARY,V01-OCR-638,1,748,770,"These matters beinge ordered as aforesaid my Lord of Southampton
desyred the Company that they will now w™ the same alacritie &
cheerfullnes of mynde as they should ever finde in him goe on to the
dispatch of those waightie buisinesses comitted to their care and
charge, w for expedicon sake were divided into parts and comended
to seuerall Comittees here vppon the appoynted Comittees promised
with all care and dilligence to expedite the same accordinglie, his Lo?:
desyred further that a speciall Comittee might be desyred to attend
the EL’ of his Ma*: Counsell vppon ffryday next about the Petiéon
referred by his Ma‘*: vnto their Tf*: concerninge the restraint of
Tobacco whervppon these Comittees were ndiated vizd"
,,,V01-P0205-T00108-00128,Earle of Southampton,Earle of,earl,OW-008,Southampton,Southampton,PERSON_REF,territorial_title,Henry Wriothesley,suggested,southampton_peerage,"Henry Wriothesley, 3rd Earl of Southampton; Company treasurer 1620-1624.",V01-P0205,V01-PRIMARY,V01-OCR-639,1,108,128,The Right Honorable Earle of Southampton.
,,,V01-P0208-T01670-01690,"Earle
of Southampton","Earle
of",earl,OW-008,Southampton,Southampton,PERSON_REF,territorial_title,Henry Wriothesley,suggested,southampton_peerage,"Henry Wriothesley, 3rd Earl of Southampton; Company treasurer 1620-1624.",V01-P0208,V01-PRIMARY,V01-OCR-642,1,1670,1690,"ae ap Tohn Grocer and Susan his wife peticoned that their sonne Iohn might
 veturne for England w was graunted and subscribed vnto by y° Earle
of Southampton."
,,,V01-P0209-T00145-00165,Earle of Southampton,Earle of,earl,OW-008,Southampton,Southampton,PERSON_REF,territorial_title,Henry Wriothesley,suggested,southampton_peerage,"Henry Wriothesley, 3rd Earl of Southampton; Company treasurer 1620-1624.",V01-P0209,V01-PRIMARY,V01-OCR-643,1,145,165,Earle of Southampton.
,,,V01-P0209-T00722-00744,My Lord of Southampton,My Lord of,lord,OW-008,Southampton,Southampton,PERSON_REF,territorial_title,Henry Wriothesley,suggested,southampton_peerage,"Henry Wriothesley, 3rd Earl of Southampton; Company treasurer 1620-1624.",V01-P0209,V01-PRIMARY,V01-OCR-643,1,722,744,"My Lord of Southampton signified vnto this Courte that though for My Lo: of south-
many important occasions his owne leasure served him not till now *™?!°"""
,,,V01-P0212-T01496-01518,My Lord of Southampton,My Lord of,lord,OW-008,Southampton,Southampton,PERSON_REF,territorial_title,Henry Wriothesley,suggested,southampton_peerage,"Henry Wriothesley, 3rd Earl of Southampton; Company treasurer 1620-1624.",V01-P0212,V01-PRIMARY,V01-OCR-646,1,1496,1518,"The Comittees for My Lord of Southampton prayed the Comittees that were appoynted
makinge some ae *
necessary pronie."
,,,V01-P0215-T00678-00698,Earle of Southampton,Earle of,earl,OW-008,Southampton,Southampton,PERSON_REF,territorial_title,Henry Wriothesley,suggested,southampton_peerage,"Henry Wriothesley, 3rd Earl of Southampton; Company treasurer 1620-1624.",V01-P0215,V01-PRIMARY,V01-OCR-649,1,678,698,the Right Honorable The Earle of Southampton.
,,,V01-P0216-T00944-00966,"my
Lord of Southampton","my
Lord of",lord,OW-008,Southampton,Southampton,PERSON_REF,territorial_title,Henry Wriothesley,suggested,southampton_peerage,"Henry Wriothesley, 3rd Earl of Southampton; Company treasurer 1620-1624.",V01-P0216,V01-PRIMARY,V01-OCR-650,1,944,966,"Itt pleased his Matie to express as much in effect to my
Lord of Southampton with many other gracious words in comendaéon
of this Plantaéon, and signified further that his Ma”: forthwith gaue
comaundment to my Lord Chauncello' then present that if this new
Patent were not sealed for to forbeare the Seale, and if itt were sealed
and not deliverd hee should then keep itt in hand till he were better
informed."
,,,V01-P0218-T00797-00819,my Lord of Southampton,my Lord of,lord,OW-008,Southampton,Southampton,PERSON_REF,territorial_title,Henry Wriothesley,suggested,southampton_peerage,"Henry Wriothesley, 3rd Earl of Southampton; Company treasurer 1620-1624.",V01-P0218,V01-PRIMARY,V01-OCR-652,1,797,819,"The Comittees to Nottwithstandinge all these difficulties my Lord of Southampton
reer: desyred the said Comittees to proceed and goe on to the drawinge of
comp* to some these Accompts to some head, And the rather because S* Thomas
ama, Smith had soe freely offered to be aunswerable for what soever they"
,,,V01-P0219-T00565-00586,My Lo: of Southampton,My Lo: of,lord,OW-008,Southampton,Southampton,PERSON_REF,territorial_title,Henry Wriothesley,suggested,southampton_peerage,"Henry Wriothesley, 3rd Earl of Southampton; Company treasurer 1620-1624.",V01-P0219,V01-PRIMARY,V01-OCR-653,1,565,586,"My Lo: of Southampton did putt the Audito™ in mynde to examine
m'‘: Markhams deserts in the Companys service and therof to make
reporte."
,,,V01-P0221-T00119-00139,Earle of Southampton,Earle of,earl,OW-008,Southampton,Southampton,PERSON_REF,territorial_title,Henry Wriothesley,suggested,southampton_peerage,"Henry Wriothesley, 3rd Earl of Southampton; Company treasurer 1620-1624.",V01-P0221,V01-PRIMARY,V01-OCR-655,1,119,139,the Right Honorable Earle of Southampton.
,,,V01-P0222-T00064-00086,my Lord of Southampton,my Lord of,lord,OW-008,Southampton,Southampton,PERSON_REF,territorial_title,Henry Wriothesley,suggested,southampton_peerage,"Henry Wriothesley, 3rd Earl of Southampton; Company treasurer 1620-1624.",V01-P0222,V01-PRIMARY,V01-OCR-656,1,64,86,"ffor w® so worthy a guifte my Lord of Southampton desyred the ptie
that presented them to returne deserved thanks from himselfe and
the rest of the Company to him that had soe kindely bestowed them."
,,,V01-P0222-T00875-00897,my Lord of Southampton,my Lord of,lord,OW-008,Southampton,Southampton,PERSON_REF,territorial_title,Henry Wriothesley,suggested,southampton_peerage,"Henry Wriothesley, 3rd Earl of Southampton; Company treasurer 1620-1624.",V01-P0222,V01-PRIMARY,V01-OCR-656,1,875,897,"[168] And for that the said States might
have the better assurance of the pformance hereof by the Company,
Itt was humbly desyred that itt would please my Lord of Southampton
to intimate so much vnto them by his Lo”: owne letter in the name
of the Company, w™ my Lord very nobly pmised to dispatch
accordinglie."
,,,V01-P0222-T02089-02111,my Lord of Southampton,my Lord of,lord,OW-008,Southampton,Southampton,PERSON_REF,territorial_title,Henry Wriothesley,suggested,southampton_peerage,"Henry Wriothesley, 3rd Earl of Southampton; Company treasurer 1620-1624.",V01-P0222,V01-PRIMARY,V01-OCR-656,1,2089,2111,"A ~ _—— M' Deputy haveinge presented to my Lord of Southampton a note of
tomy Lo:ot South- Oe ."
,,,V01-P0228-T01190-01212,My Lord of Southampton,My Lord of,lord,OW-008,Southampton,Southampton,PERSON_REF,territorial_title,Henry Wriothesley,suggested,southampton_peerage,"Henry Wriothesley, 3rd Earl of Southampton; Company treasurer 1620-1624.",V01-P0228,V01-PRIMARY,V01-OCR-662,1,1190,1212,"My LordofSouth- My Lord of Southampton signifide vnto the Company that himselfe
—t Semen and some others hadd been this afternoone before the Lords to make
been before y' reporte what iust exceptions they had taken against new England
‘ee ‘iunsel’ Pattent wherby they found themselvs vtterlie excluded from fishinge
tl vppon the North Seas butt w'""all his Lo?: signified that by a late
against New En- conferrence had with 8"" Ferdinando Gorges aboute itt they did nott
gland Pattent doubt butt."
,,,V01-P0234-T01601-01623,my lord of Southampton,my lord of,lord,OW-008,Southampton,Southampton,PERSON_REF,territorial_title,Henry Wriothesley,suggested,southampton_peerage,"Henry Wriothesley, 3rd Earl of Southampton; Company treasurer 1620-1624.",V01-P0234,V01-PRIMARY,V01-OCR-52,1,1601,1623,"M' Deputie signified that my lord of Southampton (being to goe out
: eee of Towne and like to be a long time absent) desired that S' Edwin
for receipteof mon- Sandys might be authorized by order of Courte to giue his hand for
— = oa receipt€ of money to the vse of the Company: w™ was generally
ne assented ynto and ordered that w™ their good approbaéon he should
be herevnto authorised accordingly."
,,,V01-P0235-T00090-00110,Karle of Southampton,Karle of,earl,OW-008,Southampton,Southampton,PERSON_REF,territorial_title,Henry Wriothesley,suggested,southampton_peerage,"Henry Wriothesley, 3rd Earl of Southampton; Company treasurer 1620-1624.",V01-P0235,V01-PRIMARY,V01-OCR-53,1,90,110,Karle of Southampton.
,,,V01-P0235-T00588-00609,My lo: of Southampton,My lo: of,lord,OW-008,Southampton,Southampton,PERSON_REF,territorial_title,Henry Wriothesley,suggested,southampton_peerage,"Henry Wriothesley, 3rd Earl of Southampton; Company treasurer 1620-1624.",V01-P0235,V01-PRIMARY,V01-OCR-53,1,588,609,"My lo: of Southampton signified vnto this Court that for somuch as the My !o: of South-
time of S‘ George Yeardleys Comission of Gouernorshipp would ere 27 Pton moves
longe be expired, beinge to continue but till November next: It was s: Geo: Yeaniley
therfore expedient nowe at this Quarter Court (in respect of the '»)'s former plc:
shortnes of the time) either to confirme S' Geo: Yeardly againe in “— — “
his said [181] office by a newe elecéon: or to proceed to the choice of
some other fitt person of qualitie to sueceed him, who might be pre-
pared to goe to Virginia by Iuly next at the farthest w later Course
his Lo? did the rather encline vnto, because he had receaved adver-"
,,,V01-P0237-T01085-01105,Earle of Southampton,Earle of,earl,OW-008,Southampton,Southampton,PERSON_REF,territorial_title,Henry Wriothesley,suggested,southampton_peerage,"Henry Wriothesley, 3rd Earl of Southampton; Company treasurer 1620-1624.",V01-P0237,V01-PRIMARY,V01-OCR-55,1,1085,1105,The right honorable Earle of Southampton.
,,,V01-P0238-T00401-00423,My Lord of Southampton,My Lord of,lord,OW-008,Southampton,Southampton,PERSON_REF,territorial_title,Henry Wriothesley,suggested,southampton_peerage,"Henry Wriothesley, 3rd Earl of Southampton; Company treasurer 1620-1624.",V01-P0238,V01-PRIMARY,V01-OCR-56,1,401,423,"My Lo: signified of My Lord of Southampton signified vnto the Company that he had
_ — ae been mindefull of their former request€, and for that cause had that
tre: morninge been w"" my Lord of Doncaster, to §knowe§ his Ma”:
answeare concerninge their letter w™ his Lop: had formerly pre-
sented to his Ma""*: who reported that having the same day moved
the kinge to that purpose: It pleased his Ma“: to say (having read
the letter) that he found nothing therein w% might not in reason be
granted: And therfore they should finde him ready to doe this
His Ma“: waswill: Company all the favour and right they iustly could desire."
,,,V01-P0239-T00951-00972,my Lo: of Southampton,my Lo: of,lord,OW-008,Southampton,Southampton,PERSON_REF,territorial_title,Henry Wriothesley,suggested,southampton_peerage,"Henry Wriothesley, 3rd Earl of Southampton; Company treasurer 1620-1624.",V01-P0239,V01-PRIMARY,V01-OCR-57,1,951,972,"S' Edwyn Sandys signified that my Lo: of Southampton being one of
the greatest and most auncient Adventurors of this Company having
now a desire w™ the helpe and Assistance of some of his freind to
vndertake and advance a perticular Plantaéon in Virginia, to the
number of 300 shares, moved that a Patent might be granted to his
Lo?: and order taken for some p'paration in the meane tyme to be
there made, for the better encouragem': of the Adventurors and set -
ting forward of so noble a designe;"
,,,V01-P0240-T00608-00630,my Lord of Southampton,my Lord of,lord,OW-008,Southampton,Southampton,PERSON_REF,territorial_title,Henry Wriothesley,suggested,southampton_peerage,"Henry Wriothesley, 3rd Earl of Southampton; Company treasurer 1620-1624.",V01-P0240,V01-PRIMARY,V01-OCR-58,1,608,630,"After these businesses were thus ordered: and the Court nowe full,
my Lord of Southampton moved that if the Company so pleased they
would now goe to the elecéon of their newe Gouerno’ of Virginia who
was to succeed S' George Yeardly after the expiration of his said
Comission (w™ is to determine in Nouemb: next, S' George Yeardley
having then allso adesire to release and disburden himsellf of the said
place of Gouernm':) The Court therfore proceeded having agreed to
a present elecéon my Lo: prayed the Company that if according to his
former admonition they had bethought themselues of any person of
quality fitting for so eminent a place that would be willing to vnder-
take the due managing thereof that they would now please to nomi-
nate the man, who might be put to the ballating box to geather w™
S' ffrancis Wyate who was formerly proposed and recomended vunto
them."
,,,V01-P0244-T01157-01175,Ka: of Southampton,Ka: of,earl,OW-008,Southampton,Southampton,PERSON_REF,territorial_title,Henry Wriothesley,suggested,southampton_peerage,"Henry Wriothesley, 3rd Earl of Southampton; Company treasurer 1620-1624.",V01-P0244,V01-PRIMARY,V01-OCR-62,1,1157,1175,The Ka: of Southampton.
,,,V01-P0250-T01289-01310,my Lo: of Southampton,my Lo: of,lord,OW-008,Southampton,Southampton,PERSON_REF,territorial_title,Henry Wriothesley,suggested,southampton_peerage,"Henry Wriothesley, 3rd Earl of Southampton; Company treasurer 1620-1624.",V01-P0250,V01-PRIMARY,V01-OCR-68,1,1289,1310,"It pleased my Lo: of Southampton to propose a gentleman, well
knowne vnto them all, as a man very fitt to take that charge vpon
him namely m* George Sandys who indeed was generally so well
reputed of, for his approued fidelity sufficiency and integrity: as they
conceaved a fitter man could not be chosen for that place and there-
vpon agreed to his elecGon;"
,,,V01-P0250-T02125-02147,my lord of Southampton,my lord of,lord,OW-008,Southampton,Southampton,PERSON_REF,territorial_title,Henry Wriothesley,suggested,southampton_peerage,"Henry Wriothesley, 3rd Earl of Southampton; Company treasurer 1620-1624.",V01-P0250,V01-PRIMARY,V01-OCR-68,1,2125,2147,"Herevpon, and vpon declaraéon of the State of the newe Patent made
by S' Edwin Sandys, m’ Smith tooke occasion, first to ptest that his
eye, in that he had to speake, reflected not either vpon y° person of
the nowe Gouerno': in Virginia, or vpon the new Gouerno' here in
Court, or vpon any other in perticular but for the generall hono’: and
welfare of the Plantation, was to entreat of my lord of Southampton
& the Counsell: that in the said Patent (if no such [198] addiéon
of power were therein inserted) authority might be given to the
quarter Court¢, to question the Gouerno’ of Virginia here in England
if the ill merritt of his government should so deserve, and to punish
him by fyne or otherwise."
,,,V01-P0263-T00765-00785,Earle of Southampton,Earle of,earl,OW-008,Southampton,Southampton,PERSON_REF,territorial_title,Henry Wriothesley,suggested,southampton_peerage,"Henry Wriothesley, 3rd Earl of Southampton; Company treasurer 1620-1624.",V01-P0263,V01-PRIMARY,V01-OCR-81,1,765,785,the right Hono”: Earle of Southampton.
,,,V01-P0264-T00510-00531,my Lo: of Southampton,my Lo: of,lord,OW-008,Southampton,Southampton,PERSON_REF,territorial_title,Henry Wriothesley,suggested,southampton_peerage,"Henry Wriothesley, 3rd Earl of Southampton; Company treasurer 1620-1624.",V01-P0264,V01-PRIMARY,V01-OCR-82,1,510,531,My Lo: of South- M' Deputy signified vnto the Company that my Lo: of Southampton
,,,V01-P0275-T00864-00885,my Lo: of Southampton,my Lo: of,lord,OW-008,Southampton,Southampton,PERSON_REF,territorial_title,Henry Wriothesley,suggested,southampton_peerage,"Henry Wriothesley, 3rd Earl of Southampton; Company treasurer 1620-1624.",V01-P0275,V01-PRIMARY,V01-OCR-93,1,864,885,"After these buisinesses were thus ordered and the day farr spent, it
was moved that seeing my Lo: of Southampton was not yet come,
they might notw'standing proceed to the electon of their newe
Treasuro’ for the yeare ensueinge: w™ moéon being agreed vnto and
my Lo: of Southampton onely proposed for elecéon his Lo?: was
forthw™ ballated according to order [221] and thereby chosen with
a full and generall consent of the whole Courte (as appeared by the
Balls there being not one against yt) to continue and hold the said
place of Treasuror for the ensuing yeare whereof his Lo?: being
advertized at his Cominge, and of the humble and earnest request of
the whole Court to that purpose, was pleased to accept of their willing
choise in very noble maner excusing his remisse coming to their Court¢€
the yeare past, as allso the occasion of his longe stay this daye at
Parliam': w® the Court did not onely signify their readines to dis-
pence w"", but rendered also to his Lo’: the greatest thank€ that pos-
siblie they could for his hono”’: care ##d paines and endeayo™ to
vphold and advance the PlantaGon ever since his happy entrance into
this place of gouerm’."
,,,V01-P0275-T01032-01053,my Lo: of Southampton,my Lo: of,lord,OW-008,Southampton,Southampton,PERSON_REF,territorial_title,Henry Wriothesley,suggested,southampton_peerage,"Henry Wriothesley, 3rd Earl of Southampton; Company treasurer 1620-1624.",V01-P0275,V01-PRIMARY,V01-OCR-93,1,1032,1053,"After these buisinesses were thus ordered and the day farr spent, it
was moved that seeing my Lo: of Southampton was not yet come,
they might notw'standing proceed to the electon of their newe
Treasuro’ for the yeare ensueinge: w™ moéon being agreed vnto and
my Lo: of Southampton onely proposed for elecéon his Lo?: was
forthw™ ballated according to order [221] and thereby chosen with
a full and generall consent of the whole Courte (as appeared by the
Balls there being not one against yt) to continue and hold the said
place of Treasuror for the ensuing yeare whereof his Lo?: being
advertized at his Cominge, and of the humble and earnest request of
the whole Court to that purpose, was pleased to accept of their willing
choise in very noble maner excusing his remisse coming to their Court¢€
the yeare past, as allso the occasion of his longe stay this daye at
Parliam': w® the Court did not onely signify their readines to dis-
pence w"", but rendered also to his Lo’: the greatest thank€ that pos-
siblie they could for his hono”’: care ##d paines and endeayo™ to
vphold and advance the PlantaGon ever since his happy entrance into
this place of gouerm’."
,,,V01-P0277-T00334-00355,My Lo: of Southampton,My Lo: of,lord,OW-008,Southampton,Southampton,PERSON_REF,territorial_title,Henry Wriothesley,suggested,southampton_peerage,"Henry Wriothesley, 3rd Earl of Southampton; Company treasurer 1620-1624.",V01-P0277,V01-PRIMARY,V01-OCR-95,1,334,355,"My Lo: of Southampton signified vnto the Company that although the | Eight eweCoun-
number of his Ma"": Counsell for Virginia was already very great:"
,,,V01-P0277-T01280-01301,My Lo: of Southampton,My Lo: of,lord,OW-008,Southampton,Southampton,PERSON_REF,territorial_title,Henry Wriothesley,suggested,southampton_peerage,"Henry Wriothesley, 3rd Earl of Southampton; Company treasurer 1620-1624.",V01-P0277,V01-PRIMARY,V01-OCR-95,1,1280,1301,"My Lo: of Southampton having taken his Oath desired he might have My le: woke his
allowance of time and their dispensaéon for absence, Concerning the pe"
,,,V01-P0282-T00373-00394,my Lo: of Southampton,my Lo: of,lord,OW-008,Southampton,Southampton,PERSON_REF,territorial_title,Henry Wriothesley,suggested,southampton_peerage,"Henry Wriothesley, 3rd Earl of Southampton; Company treasurer 1620-1624.",V01-P0282,V01-PRIMARY,V01-OCR-100,1,373,394,"St Edwyn Sandys signified that my Lo: of Southampton desired this
Courte to excuse him for his absence at this time being w“held vpon
extraordinary occasion: and though long absent yet his Lo’: had been
exceeding carefull of their buissines: for no longer agoe then Sater-
day last he signified that some of the Counsell having mett at his
Lo”: howse, had conference for many howers together, about
waightie buissinesses concerning Virginia: where they first tooke
into their consideraéon the establishing of the Counsell of State there
as likewise concerning the Gouerno': and Secretary: whose Comis-
sions continuing but for three yeares in certaine, did both expire in
Novemb: next."
,,,V01-P0290-T00576-00591,Ea: Southampton,Ea:,earl,OW-008,Southampton,Southampton,PERSON_REF,territorial_title,Henry Wriothesley,suggested,southampton_peerage,"Henry Wriothesley, 3rd Earl of Southampton; Company treasurer 1620-1624.",V01-P0290,V01-PRIMARY,V01-OCR-108,1,576,591,Ea: Southampton.
,,,V01-P0304-T00943-00965,"my Lord of
Southampton",my Lord of,lord,OW-008,Southampton,Southampton,PERSON_REF,territorial_title,Henry Wriothesley,suggested,southampton_peerage,"Henry Wriothesley, 3rd Earl of Southampton; Company treasurer 1620-1624.",V01-P0304,V01-PRIMARY,V01-OCR-122,1,943,965,"Wheras itt was agreed and ordered by the former Courte y* for somuch
as the Company were not able to pforme the bargaine made w™ the
Glasse men without bringinge themselvs into Debt (w“ my Lord of
Southampton did not desire) and had often given Caution hereof to
the Comp’: That therfore they should be turned ouer to m™ George
Sandys Treasurer of Virginia for a certaine time in lieue of those hee
should have hadd for his place att the Companies charge vutill a val-
uable consideraéon might be given him for them by the Company,
yett haveinge now againe taken the same into consideraéon and find-
The bargaine we Inge itt may proue a matter distastfull to many, that a Bargaine of
a en- this nature should be translated from the Company to one mans pry-
by a i vate vse and benefitt (w Act allso was found to contradicte an order
of a great Quarter Courte held the 13"" of Ivne last) Itt was therfore
thought fitt and is now agreed and ordered (and that w™ the consent"
,,,V01-P0315-T00678-00700,my Lord of Southampton,my Lord of,lord,OW-008,Southampton,Southampton,PERSON_REF,territorial_title,Henry Wriothesley,suggested,southampton_peerage,"Henry Wriothesley, 3rd Earl of Southampton; Company treasurer 1620-1624.",V01-P0315,V01-PRIMARY,V01-OCR-133,1,678,700,"inge themselvs into debt, wherof my Lord of Southampton had"
,,,V01-P0326-T02055-02072,Ea of Southampton,Ea of,earl,OW-008,Southampton,Southampton,PERSON_REF,territorial_title,Henry Wriothesley,suggested,southampton_peerage,"Henry Wriothesley, 3rd Earl of Southampton; Company treasurer 1620-1624.",V01-P0326,V01-PRIMARY,V01-OCR-144,1,2055,2072,"M’ Deputy signified that haveinge plsented to the Ea of Southampton
the 4 Roll@ of pehment whervnto divers had subscribed testifyinge
therby their Zeale and constant resoluéon to advance the Plantaéon
(notwithstandinge the many discourragment¢ they had receaved) as"
,,,V01-P0402-T00600-00618,Ea: of Southampton,Ea: of,earl,OW-008,Southampton,Southampton,PERSON_REF,territorial_title,Henry Wriothesley,suggested,southampton_peerage,"Henry Wriothesley, 3rd Earl of Southampton; Company treasurer 1620-1624.",V01-P0402,V01-PRIMARY,V01-OCR-220,1,600,618,"A request was also made that whereas 8S"" Richard Bulkly late of
Bewmarris in the County of Anglice deceased paid to the right
Hono"" Ea: of Southampton in Ianuary last i620, the Sume of 25"" for
his Aduenture towarde the Plantaéon in Virginia, that forsomuch as
the said S"" Richard Bulkly did alwayes intend the said Aduenture to
and for the behoufe of m’ Thomas Bulkly his second Sonne (as was
testified by good Wittnesses) that therefore the Court would please
ypon surrender of the former Graunt (w° was nowe exhibited) to
confirme the like vnto the said Thomas Bulkly in his owne name, who
is resolued to proceed in that Plantaton w™ the said 8’ Richard his
ffather had vndertaken as might appeare by the Patent graunted vnto
him heretofore by the Comp* who by a former order of Court had
appointed him Elizabeth [land to plant vpon."
,,,V02-P0005-T00586-00608,my Lord of Southampton,my Lord of,lord,OW-008,Southampton,Southampton,PERSON_REF,territorial_title,Henry Wriothesley,suggested,southampton_peerage,"Henry Wriothesley, 3rd Earl of Southampton; Company treasurer 1620-1624.",V02-P0005,V02-PRIMARY,V02-OCR-4,2,586,608,"And for somuch as for performance of this great worke, there was a
matter of 200"" required to be disbursed in necessarie prouisions as
namely in Axes Shouell¢ Spade and a Lighter w™ come to the great-
est charge beinge estimated at 50"" in all w™ thingeé there could be no
losse although the works did not proceed in reguard they would be of
great vse to the Colony: m‘ Deputy therefore moued to knowe the [3]
pleasure of the Courte for procuringe the said money seeinge the
Comion Stocke was longe since exhausted and the Companie already
fallen into debt (whereof my Lord of Southampton hath willed them
to be verie cautious and sparinge) Wherevpon, it beinge taken into
consideraGon and the importancy of the worke duely waighed, and
withall it beinge signified that this money would be repaide againe by
the Colony who were contented to be at all the charge and would be
readie to make good what Contract soeuer the Company made here
with any such Vndertaker, if the Proiect did not proue feazeable;"
,,,V02-P0009-T01562-01580,Lo: of Southampton,Lo: of,lord,OW-008,Southampton,Southampton,PERSON_REF,territorial_title,Henry Wriothesley,suggested,southampton_peerage,"Henry Wriothesley, 3rd Earl of Southampton; Company treasurer 1620-1624.",V02-P0009,V02-PRIMARY,V02-OCR-8,2,1562,1580,"M’ Deputy puttinge the Court in remembrance of the elecéon of their
Officers vpon the next Wedensday namely the Treasuror Deputy
Auditors Comittees and other Officers w“ matter he doubted not but
they would take into their serious consideraéon: It was generally
answeared by the Company that they hoped they should humblie
entreat the Lo: of Southampton once more to vouchsafe to hold
the place of Treasuror this third yeare vnder whome God had so
much blessed the buissinesses to their great and generall Ioye and
eomfort."
,,,V02-P0011-T01789-01810,Lo: Bishop: of London,Lo: Bishop: of,bishop,OW-001,London,London,PERSON_REF,territorial_title,,unresolved,,Bishop of London outside Volume I; George Montaigne held the see from 1621. Verify date.,V02-P0011,V02-PRIMARY,V02-OCR-10,2,1789,1810,"There were nominated for Counsello™ to be chosen this Quarter Court
namely
Lo: Bishop: of London."
,,,V02-P0021-T00826-00845,Lord of Southampton,Lord of,lord,OW-008,Southampton,Southampton,PERSON_REF,territorial_title,Henry Wriothesley,suggested,southampton_peerage,"Henry Wriothesley, 3rd Earl of Southampton; Company treasurer 1620-1624.",V02-P0021,V02-PRIMARY,V02-OCR-20,2,826,845,"should name: Wherevpon the former fiue beinge seuerally put to the
question, It appeared by erecéon of most handé that m‘' Clethero and
m’ Hanford were to stand for it: Then the Companie named ||the’||
Lord of Southampton who beinge all three accordingly ballated, the
place fell to ||the’|| Lord of Southampton by havinge 117 bails, m’
Clethero 13 and m’* Hamfort 7."
,,,V02-P0021-T00916-00935,Lord of Southampton,Lord of,lord,OW-008,Southampton,Southampton,PERSON_REF,territorial_title,Henry Wriothesley,suggested,southampton_peerage,"Henry Wriothesley, 3rd Earl of Southampton; Company treasurer 1620-1624.",V02-P0021,V02-PRIMARY,V02-OCR-20,2,916,935,"should name: Wherevpon the former fiue beinge seuerally put to the
question, It appeared by erecéon of most handé that m‘' Clethero and
m’ Hanford were to stand for it: Then the Companie named ||the’||
Lord of Southampton who beinge all three accordingly ballated, the
place fell to ||the’|| Lord of Southampton by havinge 117 bails, m’
Clethero 13 and m’* Hamfort 7."
,,,V02-P0023-T01740-01758,"Ea: of
Southampton",Ea: of,earl,OW-008,Southampton,Southampton,PERSON_REF,territorial_title,Henry Wriothesley,suggested,southampton_peerage,"Henry Wriothesley, 3rd Earl of Southampton; Company treasurer 1620-1624.",V02-P0023,V02-PRIMARY,V02-OCR-22,2,1740,1758,"And they were
further humbly requested to signify and testifie vnto his Ma“ the
great respect and reverence wherewith his message was receaued and
howe in conformity therevnto, although they had formerly accordinge
to their custome in their Preparatiue Court nominated the Ea: of
Southampton for Treasuror, yet out of the persons recomended by
his Ma“ they choose fower who had most voices and put them in
elecéon with two nominated by the Company vpon whome the places
were conferred by an vnanimous consent of the Company, havinge
founde the Plantation to prosper euery of these three last yeares, more
then in ten before, and found more to haue bin donn with Ten thou-
sand pounds, then formerly with fower score thousand: And they"
,,,V02-P0025-T00087-00105,Ea: of Southampton,Ea: of,earl,OW-008,Southampton,Southampton,PERSON_REF,territorial_title,Henry Wriothesley,suggested,southampton_peerage,"Henry Wriothesley, 3rd Earl of Southampton; Company treasurer 1620-1624.",V02-P0025,V02-PRIMARY,V02-OCR-24,2,87,105,"Right Hono™: Ea: of Southampton Ter
Lo: Cauendish"
,,,V02-P0025-T00836-00857,My Lo: of Southampton,My Lo: of,lord,OW-008,Southampton,Southampton,PERSON_REF,territorial_title,Henry Wriothesley,suggested,southampton_peerage,"Henry Wriothesley, 3rd Earl of Southampton; Company treasurer 1620-1624.",V02-P0025,V02-PRIMARY,V02-OCR-24,2,836,857,"My Lo: of Southampton beinge nowe present signified vnto the Court
that he was content to accept the place of Treasuror for the yeare
ensueinge accordinge to their elecéon wherein he would be ready to
pforme the best seruice he could for the Companie and Plantaéon,
hopinge they would please as formerly to dispence with his absence
when either his Ma“ seruice or his owne vrgent occasions did with-"
,,,V02-P0026-T01938-01960,my Lord of Southampton,my Lord of,lord,OW-008,Southampton,Southampton,PERSON_REF,territorial_title,Henry Wriothesley,suggested,southampton_peerage,"Henry Wriothesley, 3rd Earl of Southampton; Company treasurer 1620-1624.",V02-P0026,V02-PRIMARY,V02-OCR-25,2,1938,1960,"Wherevpon choise beinge
made of two of each proposed by his Ma“ to stand in elecéon with two
others named by the Companie they beinge all put to the Ballatinge
Boxe, the elecéon fell vpon my Lord of Southampton for Treasuror
(vnder whose gouerment the Plantaéon had exceedingly prospered
and encreased) and vpon m’ Nicho: ffarrar for Deputy;"
,,,V02-P0027-T01814-01835,My Lo: of Southampton,My Lo: of,lord,OW-008,Southampton,Southampton,PERSON_REF,territorial_title,Henry Wriothesley,suggested,southampton_peerage,"Henry Wriothesley, 3rd Earl of Southampton; Company treasurer 1620-1624.",V02-P0027,V02-PRIMARY,V02-OCR-26,2,1814,1835,"My Lo: of Southampton signified to the Court that himselfe and
some others of his Ma™ Counsell for Virginia together with y*
Gouerno’ and Assistant€ of the Sumer Ilande had nowe (before the
settinge of the Court) been consultinge about a waightie Proposition
made vuto them from my Lord Treasuror w™ they conceaued might
turne to the benifitt of both the Plantations: W Proposition his lp:
entreated S' Edwin Sandys (as best acquainted with the manner of it)
to relate vnto the Court."
,,,V02-P0054-T00125-00143,Ea: of Southampton,Ea: of,earl,OW-008,Southampton,Southampton,PERSON_REF,territorial_title,Henry Wriothesley,suggested,southampton_peerage,"Henry Wriothesley, 3rd Earl of Southampton; Company treasurer 1620-1624.",V02-P0054,V02-PRIMARY,V02-OCR-53,2,125,143,Right Hono™ Ea: of Southampton.
,,,V02-P0054-T01109-01130,my Lo: of Southampton,my Lo: of,lord,OW-008,Southampton,Southampton,PERSON_REF,territorial_title,Henry Wriothesley,suggested,southampton_peerage,"Henry Wriothesley, 3rd Earl of Southampton; Company treasurer 1620-1624.",V02-P0054,V02-PRIMARY,V02-OCR-53,2,1109,1130,"This Court beinge purposely called to be made acquainted howe farr
the Comittee (appointed by the former Court) had proceeded in their
Treaty with the right Hono” the Lord High Treasuror of England
touching a Contract to be made with his Ma‘ by the Virginia and
the Sufier Ilande Companies for the sole Importation of Tobacco,
S' Edwin Sandys beinge entreated by my Lo: of Southampton to make
the relaéon signified vnto the Court that aforesaid Cofittee after"
,,,V02-P0061-T01316-01333,Ea of Southampton,Ea of,earl,OW-008,Southampton,Southampton,PERSON_REF,territorial_title,Henry Wriothesley,suggested,southampton_peerage,"Henry Wriothesley, 3rd Earl of Southampton; Company treasurer 1620-1624.",V02-P0061,V02-PRIMARY,V02-OCR-60,2,1316,1333,Right Hono™ Ea of Southampton.
,,,V02-P0062-T00857-00879,My Lord of Southampton,My Lord of,lord,OW-008,Southampton,Southampton,PERSON_REF,territorial_title,Henry Wriothesley,suggested,southampton_peerage,"Henry Wriothesley, 3rd Earl of Southampton; Company treasurer 1620-1624.",V02-P0062,V02-PRIMARY,V02-OCR-61,2,857,879,"My Lord of Southampton signified vnto the Companie that he held
it fitt aceordinge to their vsuall manner (before they did proceed to a
newe matter) to read that w had bin formerly donne."
,,,V02-P0069-T01488-01506,Ea: of Southampton,Ea: of,earl,OW-008,Southampton,Southampton,PERSON_REF,territorial_title,Henry Wriothesley,suggested,southampton_peerage,"Henry Wriothesley, 3rd Earl of Southampton; Company treasurer 1620-1624.",V02-P0069,V02-PRIMARY,V02-OCR-68,2,1488,1506,"Wherevpon the Court entreated S' Edwin Sandys to take the paines
to drawe vp the said Articles, and beinge perfected the Court humbly
entreated the Ea: of Southampton together with 8"" Edwin Sandys to
repaire to the Lord Treasuror some time to morrowe about the
premisses."
,,,V02-P0074-T00863-00881,Ka: of Southampton,Ka: of,earl,OW-008,Southampton,Southampton,PERSON_REF,territorial_title,Henry Wriothesley,suggested,southampton_peerage,"Henry Wriothesley, 3rd Earl of Southampton; Company treasurer 1620-1624.",V02-P0074,V02-PRIMARY,V02-OCR-73,2,863,881,"the Right Honorable Ke-efDeten
Ka: of Southampton."
,,,V02-P0082-T00169-00187,Ea: of Southampton,Ea: of,earl,OW-008,Southampton,Southampton,PERSON_REF,territorial_title,Henry Wriothesley,suggested,southampton_peerage,"Henry Wriothesley, 3rd Earl of Southampton; Company treasurer 1620-1624.",V02-P0082,V02-PRIMARY,V02-OCR-81,2,169,187,"All exceptions beinge thus cleared the Propositions were againe read
all ouer, and the alteraéons also that had bin made therevpon w™
beinge donne, the Ea: of Southampton praid the Companie duely to
consider of them and not to spare in so waightie a buissines as this
was that so nearely concerned them all to giue their best aduise and
Counsell therein, it beinge free for any man to speake his minde
with it or against it as his owne hart or reason should perswade him."
,,,V02-P0123-T01223-01241,Ea: of Southampton,Ea: of,earl,OW-008,Southampton,Southampton,PERSON_REF,territorial_title,Henry Wriothesley,suggested,southampton_peerage,"Henry Wriothesley, 3rd Earl of Southampton; Company treasurer 1620-1624.",V02-P0123,V02-PRIMARY,V02-OCR-122,2,1223,1241,Right Hono” Ea: of Southampton.
,,,V02-P0128-T01671-01689,Ea: of Southampton,Ea: of,earl,OW-008,Southampton,Southampton,PERSON_REF,territorial_title,Henry Wriothesley,suggested,southampton_peerage,"Henry Wriothesley, 3rd Earl of Southampton; Company treasurer 1620-1624.",V02-P0128,V02-PRIMARY,V02-OCR-127,2,1671,1689,"S* Edwin Sandys signified that the Ea: of Southampton and himselfe
had lately bin with my Lo Treasuror, to moue his lp: that the Con-
tract intended with the Kinge might be brought to some conclusion
at this Quarter Court: Wherevpon it pleased his Ip: to promise to
send the Articles as they had bin formerly agreed on e#d signed with
his hand and with the addiéon onely of that Clause touchinge the
bringinge in of virinaes, so that St Edwin Said he expected they would
be brought in before the risinge of this Court."
,,,V02-P0129-T00707-00725,Ea: of Southampton,Ea: of,earl,OW-008,Southampton,Southampton,PERSON_REF,territorial_title,Henry Wriothesley,suggested,southampton_peerage,"Henry Wriothesley, 3rd Earl of Southampton; Company treasurer 1620-1624.",V02-P0129,V02-PRIMARY,V02-OCR-128,2,707,725,Ea: of Southampton.
,,,V02-P0138-T00357-00375,Ea: of Southampton,Ea: of,earl,OW-008,Southampton,Southampton,PERSON_REF,territorial_title,Henry Wriothesley,suggested,southampton_peerage,"Henry Wriothesley, 3rd Earl of Southampton; Company treasurer 1620-1624.",V02-P0138,V02-PRIMARY,V02-OCR-137,2,357,375,Ea: of Southampton.
,,,V02-P0139-T00385-00403,Ea: of Southampton,Ea: of,earl,OW-008,Southampton,Southampton,PERSON_REF,territorial_title,Henry Wriothesley,suggested,southampton_peerage,"Henry Wriothesley, 3rd Earl of Southampton; Company treasurer 1620-1624.",V02-P0139,V02-PRIMARY,V02-OCR-138,2,385,403,"The Ea: of Southampton acquainted the Court that he had that morn-
ing receaued from the Lord Treasuror by 8‘ Arthur Ingram certaine
pposigons (concerninge the Contract) w* St Arthur Ingram certified
by his letter that the Lord Treasuror would confirme and ratifie w™out
any further variagon at all, if the Companie would yeald therevnto."
,,,V02-P0141-T00213-00231,Ea: of Southampton,Ea: of,earl,OW-008,Southampton,Southampton,PERSON_REF,territorial_title,Henry Wriothesley,suggested,southampton_peerage,"Henry Wriothesley, 3rd Earl of Southampton; Company treasurer 1620-1624.",V02-P0141,V02-PRIMARY,V02-OCR-140,2,213,231,"thought most necessarie to desire a qualificaton of that Proposition
and to reduce the danger vnto some kinde of certainty if nothinge eles
could be obtained: To w™ intent the Ea: of Southampton was humbly
requested by the Court together with S* Edwin Sandys to treat with
the Lo: Treasuror thereabout and to bringe it to such forme as might
be tollerable;"
,,,V02-P0141-T02085-02103,Ha: of Southampton,Ha: of,earl,OW-008,Southampton,Southampton,PERSON_REF,territorial_title,Henry Wriothesley,suggested,southampton_peerage,"Henry Wriothesley, 3rd Earl of Southampton; Company treasurer 1620-1624.",V02-P0141,V02-PRIMARY,V02-OCR-140,2,2085,2103,"Capt: Martin moued the Court that for somuch as they would not
graunt him that proporéon of land w™ he pretended to be due vnto
him (w™ he said ought to be 500 acres for a share) they would rede-
liuer vnto him his old Patent, The Court blaminge him much for his
impertinences and obstinacy gaue him for his last and resolute
Answeare that if he would accept of such a Patent as they could
graunt, he should haue it with as [90] ample priuiledges as had bin
graunted to the Ha: of Southampton or any other Aduenturer what-
soeuer: But for his old Patent, it could not be redeliuered vnto him
beinge voide not somuch by his last resignaéon, as by the Graunt it
selfe."
,,,V02-P0142-T00874-00892,Ea: of Southampton,Ea: of,earl,OW-008,Southampton,Southampton,PERSON_REF,territorial_title,Henry Wriothesley,suggested,southampton_peerage,"Henry Wriothesley, 3rd Earl of Southampton; Company treasurer 1620-1624.",V02-P0142,V02-PRIMARY,V02-OCR-141,2,874,892,y® Right hon™ || Ea: of Southampton.
,,,V02-P0143-T00843-00861,Ea: of Southampton,Ea: of,earl,OW-008,Southampton,Southampton,PERSON_REF,territorial_title,Henry Wriothesley,suggested,southampton_peerage,"Henry Wriothesley, 3rd Earl of Southampton; Company treasurer 1620-1624.",V02-P0143,V02-PRIMARY,V02-OCR-142,2,843,861,"after
that the Sumer Nande Court had passed all the perticuler buissinesses
that were to be considered of and come to the great matter, the Con-
tract with his [91] Ma‘* they thinkinge it most convenient to receaue
the informaéon of what the Ea: of Southampton and 8"" Edwin San-
dys had donne concerninge the qualificaéon of the Proposition referred
vnto them by the Virginia Quarter Court from them as in a Virginia
Court desired that the Sufier [ande Court beinge suspended a Vir-
ginia Court might begin w™ accordingly was donn, the Ea: of South-
ampton takinge the Chaire."
,,,V02-P0144-T01446-01464,Ea: of Southampton,Ea: of,earl,OW-008,Southampton,Southampton,PERSON_REF,territorial_title,Henry Wriothesley,suggested,southampton_peerage,"Henry Wriothesley, 3rd Earl of Southampton; Company treasurer 1620-1624.",V02-P0144,V02-PRIMARY,V02-OCR-143,2,1446,1464,"W beinge read the Ea: of Southampton acquainted them that
although the word€ were drawne vp by S' Edwin Sandys yet it was
directly accordinge to their agreement with my Lo: Treasuror and
that his lp: gaue them order so to sett it downe, and that (he said)
was all and the best that they could obtaine, wherefore he willed the
Companie would deliver their minde freely whither they would in this
manner accept of the bargaine or noe: Wherevpon although there
were some fewe exceptions taken at it, yet in the end the Court
seemed to conceaue a necessity in concludinge the Bargaine for the
Mainetenance and vpholdinge of the Plantation and that hauinge
yealded to so many thingé certainely preiudiciall +e—hize||vnto them]|
in matter of proffitt it were not wisedome nowe to breake vpon feare of
vueertaine dangers w* they might easily (by God¢ blessinge) through
good care and preff prouidence ouercome: wherefore esteeminge"
,,,V02-P0145-T00273-00291,Ea: of Southampton,Ea: of,earl,OW-008,Southampton,Southampton,PERSON_REF,territorial_title,Henry Wriothesley,suggested,southampton_peerage,"Henry Wriothesley, 3rd Earl of Southampton; Company treasurer 1620-1624.",V02-P0145,V02-PRIMARY,V02-OCR-144,2,273,291,"of this bargaine [92] (as they were aduised by a noble and Hono™
person) not as good meat well saweed but of a poréon necessarie for
their health beinge willing (as his lp: said) deuorare molestiam of
this bitter pill, they desired the Ea: of Southampton to put it to the
question: Wherevpon the Article by erec@on of hand¢ was confirmed
\|and approued|| accordingly as it was read: After, efBar w™ his
Ip: said, that since nowe they were in such liklyhood to conelude
the bargaine, himselfe and the rest of the Lord¢ together with the
Counsell and Comittee w™ had mett vpon Tuesday before the Quarter
Court, thought it most requisite to nominate some of the principall
Officers who were to haue the orderinge and managing of this buissi-
nes: w™ beinge well chosen both for sufficiency and integrity, would
giue much encouragement and content to both the Companies and
Collonies and all others that had interest in this buissines, Herevpon
the Lord Cauendish acquainted the Court that the Committee thought
that there was to be one chiefe man to gouerne and direct all, and that
next vnder him, there should be a Deputy and then a Treasurer and
next them 8: Cofhittees at the least besid¢ the Officers as for the places
of Deputy and Treasuror although they were two distinct places and
Offices, yet because they were afraide this yeare not to be able to
raise such a sufficiencie of meanes as might be a iust reward to two
such psons as were requisite for the pformance of those seuerall places
they thought it best to vnite them for this yeare and that the Treas-
uror beside the charge of that office should likewise be the Deputy to
the Directo"", w™ ||course|| the Court seemed well to like of and there-
vpon nominated S* Edwin Sandys for Directo’, who very earnestly
besought them to spare him, beinge vnexperienced in matter of mar-
chandizinge and tradinge, of both w™ that Officer would require exact
knowledge, besid€ he could not continually reside in Towne havinge
a great family in the Country, and began nowe as he grewe old to waxe
weake, and therefore purposed rather to withdrawe himselfe from
buissinesses of the world then to engage himselfe further, But the
Court not satisfied with his reasons earnestly pressed him (and in per-
ticuler the Ea: of Southampton and the other Lord) not to refuse
the place wherein he might do soe singuler seruice vnto the Planta-
éon, the whole welfare of which did almost depend vpon the good"
,,,V02-P0145-T02300-02318,Ea: of Southampton,Ea: of,earl,OW-008,Southampton,Southampton,PERSON_REF,territorial_title,Henry Wriothesley,suggested,southampton_peerage,"Henry Wriothesley, 3rd Earl of Southampton; Company treasurer 1620-1624.",V02-P0145,V02-PRIMARY,V02-OCR-144,2,2300,2318,"of this bargaine [92] (as they were aduised by a noble and Hono™
person) not as good meat well saweed but of a poréon necessarie for
their health beinge willing (as his lp: said) deuorare molestiam of
this bitter pill, they desired the Ea: of Southampton to put it to the
question: Wherevpon the Article by erec@on of hand¢ was confirmed
\|and approued|| accordingly as it was read: After, efBar w™ his
Ip: said, that since nowe they were in such liklyhood to conelude
the bargaine, himselfe and the rest of the Lord¢ together with the
Counsell and Comittee w™ had mett vpon Tuesday before the Quarter
Court, thought it most requisite to nominate some of the principall
Officers who were to haue the orderinge and managing of this buissi-
nes: w™ beinge well chosen both for sufficiency and integrity, would
giue much encouragement and content to both the Companies and
Collonies and all others that had interest in this buissines, Herevpon
the Lord Cauendish acquainted the Court that the Committee thought
that there was to be one chiefe man to gouerne and direct all, and that
next vnder him, there should be a Deputy and then a Treasurer and
next them 8: Cofhittees at the least besid¢ the Officers as for the places
of Deputy and Treasuror although they were two distinct places and
Offices, yet because they were afraide this yeare not to be able to
raise such a sufficiencie of meanes as might be a iust reward to two
such psons as were requisite for the pformance of those seuerall places
they thought it best to vnite them for this yeare and that the Treas-
uror beside the charge of that office should likewise be the Deputy to
the Directo"", w™ ||course|| the Court seemed well to like of and there-
vpon nominated S* Edwin Sandys for Directo’, who very earnestly
besought them to spare him, beinge vnexperienced in matter of mar-
chandizinge and tradinge, of both w™ that Officer would require exact
knowledge, besid€ he could not continually reside in Towne havinge
a great family in the Country, and began nowe as he grewe old to waxe
weake, and therefore purposed rather to withdrawe himselfe from
buissinesses of the world then to engage himselfe further, But the
Court not satisfied with his reasons earnestly pressed him (and in per-
ticuler the Ea: of Southampton and the other Lord) not to refuse
the place wherein he might do soe singuler seruice vnto the Planta-
éon, the whole welfare of which did almost depend vpon the good"
,,,V02-P0146-T00888-00906,Ea: of Southampton,Ea: of,earl,OW-008,Southampton,Southampton,PERSON_REF,territorial_title,Henry Wriothesley,suggested,southampton_peerage,"Henry Wriothesley, 3rd Earl of Southampton; Company treasurer 1620-1624.",V02-P0146,V02-PRIMARY,V02-OCR-145,2,888,906,"Next the Court proceeded to the nominaéon of a Treasuror, for w™
proposinge m* Iohn ffarrar he desired the Companie to consider what
a burden of buissines they had already laid vpon him w™ had made
him to neglect his owne priuate estate, for almost these fower yeares
together: All w™ although the Court acknowledged yet they held him
so fitt a man for that buissines |las|| that they would propose no other |
to be Treasuror, and therevpon beinge put to the question, he was by
a generall erec@on of hand€ nominated to stand in elecéon for the
place of Treasuror, wherevnto at last he submitted himselfe As for
the nominatinge of the Comiittees and other Officers with the Salaries
the Ea: of Southampton thought it most fitt to leaue it to the con-
sideraéon of the Quarter Court on the next Wedensday."
,,,V02-P0148-T00357-00375,Ea: of Southampton,Ea: of,earl,OW-008,Southampton,Southampton,PERSON_REF,territorial_title,Henry Wriothesley,suggested,southampton_peerage,"Henry Wriothesley, 3rd Earl of Southampton; Company treasurer 1620-1624.",V02-P0148,V02-PRIMARY,V02-OCR-147,2,357,375,Ea: of Southampton.
,,,V02-P0149-T00384-00402,Ea: of Southampton,Ea: of,earl,OW-008,Southampton,Southampton,PERSON_REF,territorial_title,Henry Wriothesley,suggested,southampton_peerage,"Henry Wriothesley, 3rd Earl of Southampton; Company treasurer 1620-1624.",V02-P0149,V02-PRIMARY,V02-OCR-148,2,384,402,"The Ea: of Southampton acquainted the Court that he had that morn-
ing receaued from the Lord Treasuror by 8‘ Arthur Ingram certaine
pposigons (concerninge the Contract) w* St Arthur Ingram certified
by his letter that the Lord Treasuror would confirme and ratifie w™out
any further variagon at all, if the Companie would yeald therevnto."
,,,V02-P0151-T00213-00231,Ea: of Southampton,Ea: of,earl,OW-008,Southampton,Southampton,PERSON_REF,territorial_title,Henry Wriothesley,suggested,southampton_peerage,"Henry Wriothesley, 3rd Earl of Southampton; Company treasurer 1620-1624.",V02-P0151,V02-PRIMARY,V02-OCR-150,2,213,231,"thought most necessarie to desire a qualificacon of that Proposition
and to reduce the danger vnto some kinde of certainty if nothinge eles
could be obtained: To w™ intent the Ea: of Southampton was humbly
requested by the Court together with St Edwin Sandys to treat with
the Lo: Treasuror thereabout and to bringe it to such forme as might
be tollerable;"
,,,V02-P0151-T02086-02104,Ha: of Southampton,Ha: of,earl,OW-008,Southampton,Southampton,PERSON_REF,territorial_title,Henry Wriothesley,suggested,southampton_peerage,"Henry Wriothesley, 3rd Earl of Southampton; Company treasurer 1620-1624.",V02-P0151,V02-PRIMARY,V02-OCR-150,2,2086,2104,"Capt: Martin moued the Court that for somuch as they would not
graunt him that proporéon of land w™ he pretended to be due vnto
him (w™ he said ought to be 500 acres for a share) they would rede-
liuer vnto him his old Patent, The Court blaminge him much for his
impertinences and obstinacy gaue him for his last and resolute
Answeare that if he would accept of such a Patent as they could
graunt, he should haue it with as [90] ample priuiledges as had bin
graunted to the Ha: of Southampton or any other Aduenturer what-
soeuer: But for his old Patent, it could not be redeliuered vnto him
beinge voide not somuch by his last resignaéon, as by the Graunt it
selfe."
,,,V02-P0152-T00860-00878,Ea: of Southampton,Ea: of,earl,OW-008,Southampton,Southampton,PERSON_REF,territorial_title,Henry Wriothesley,suggested,southampton_peerage,"Henry Wriothesley, 3rd Earl of Southampton; Company treasurer 1620-1624.",V02-P0152,V02-PRIMARY,V02-OCR-151,2,860,878,y® Right hon™ || Ea: of Southampton.
,,,V02-P0153-T00845-00863,Ea: of Southampton,Ea: of,earl,OW-008,Southampton,Southampton,PERSON_REF,territorial_title,Henry Wriothesley,suggested,southampton_peerage,"Henry Wriothesley, 3rd Earl of Southampton; Company treasurer 1620-1624.",V02-P0153,V02-PRIMARY,V02-OCR-152,2,845,863,"after
that the Sumer Nlande Court had passed all the perticuler buissinesses
that were to be considered of and come to the great matter, the Con-
tract with his [91] Ma‘* they thinkinge it most convenient to receaue
the informaéon of what the Ea: of Southampton and 8"" Edwin San-
dys had donne concerninge the qualificaéon of the Proposition referred
vnto them by the Virginia Quarter Court from them as in a Virginia
Court desired that the Sumer Ilande Court beinge suspended a Vir-
ginia Court might begin w™ accordingly was donn, the Ea: of South-
ampton takinge the Chaire."
,,,V02-P0154-T01447-01465,Ea: of Southampton,Ea: of,earl,OW-008,Southampton,Southampton,PERSON_REF,territorial_title,Henry Wriothesley,suggested,southampton_peerage,"Henry Wriothesley, 3rd Earl of Southampton; Company treasurer 1620-1624.",V02-P0154,V02-PRIMARY,V02-OCR-153,2,1447,1465,"W beinge read the Ea: of Southampton acquainted them that
although the word€ were drawne vp by S‘ Edwin Sandys yet it was
directly accordinge to their agreement with my Lo: Treasuror and
that his lp: gaue them order so to sett it downe, and that (he said)
was all and the best that they could obtaine, wherefore he willed the
Companie would deliuer their minde freely whither they would in this
manner accept of the bargaine or noe: Wherevpon although there
were some fewe exceptions taken at it, yet in the end the Court
seemed to conceaue a necessity in concludinge the Bargaine for the
Mainetenance and vpholdinge of the Plantation and that hauinge
yealded to so many thingeé certainely preiudiciall te—-hiva||vnto them||
in matter of proffitt it were not wisedome nowe to breake vpon feare of
vueertaine dangers w™ they might easily (by Gode¢ blessinge) through
good care and preff prouidence ouercome: wherefore esteeminge"
,,,V02-P0155-T00273-00291,Ea: of Southampton,Ea: of,earl,OW-008,Southampton,Southampton,PERSON_REF,territorial_title,Henry Wriothesley,suggested,southampton_peerage,"Henry Wriothesley, 3rd Earl of Southampton; Company treasurer 1620-1624.",V02-P0155,V02-PRIMARY,V02-OCR-154,2,273,291,"of this bargaine [92] (as they were aduised by a noble and Hono™
person) not as good meat well saweed but of a poréon necessarie for
their health beinge willing (as his lp: said) deuorare molestiam of
this bitter pill, they desired the Ea: of Southampton to put it to the
question: Wherevpon the Article by erec@on of hand¢ was confirmed
\l|and approued|| accordingly as it was read: After, efBar w™ his
Ip: said, that since nowe they were in such liklyhood to conclude
the bargaine, himselfe and the rest of the Lord¢ together with the
Counsell and Comittee w™ had mett vpon Tuesday before the Quarter
Court, thought it most requisite to nominate some of the principall
Officers who were to haue the orderinge and managing of this buissi-
nes: w™ beinge well chosen both for sufficiency and integrity, would
giue much encouragement and content to both the Companies and
Collonies and all others that had interest in this buissines, Herevpon
the Lord Cauendish acquainted the Court that the Coffittee thought
that there was to be one chiefe man to gouerne and direct all, and that
next vnder him, there should be a Deputy and then a Treasurer and
next them 8: Cofittees at the least besid¢ the Officers as for the places
of Deputy and Treasuror although they were two distinct places and
Offices, yet because they were afraide this yeare not to be able to
raise such a sufficiencie of meanes as might be a iust reward to two
such psons as were requisite for the pformance of those seuerall places
they thought it best to vnite them for this yeare and that the Treas-
uror beside the charge of that office should likewise be the Deputy to
the Directo"", w™ ||course|| the Court seemed well to like of and there-
vpon nominated S* Edwin Sandys for Directo’, who very earnestly
besought them to spare him, beinge vnexperienced in matter of mar-
chandizinge and tradinge, of both w™ that Officer would require exact
knowledge, besid€ he could not continually reside in Towne havinge
a great family in the Country, and began nowe as he grewe old to waxe
weake, and therefore purposed rather to withdrawe himselfe from
buissinesses of the world then to engage himselfe further, But the
Court not satisfied with his reasons earnestly pressed him (and in per-
ticuler the Ea: of Southampton and the other Lord) not to refuse
the place wherein he might do soe singuler seruice vnto the Planta-
éon, the whole welfare of which did almost depend vpon the good"
,,,V02-P0155-T02300-02318,Ea: of Southampton,Ea: of,earl,OW-008,Southampton,Southampton,PERSON_REF,territorial_title,Henry Wriothesley,suggested,southampton_peerage,"Henry Wriothesley, 3rd Earl of Southampton; Company treasurer 1620-1624.",V02-P0155,V02-PRIMARY,V02-OCR-154,2,2300,2318,"of this bargaine [92] (as they were aduised by a noble and Hono™
person) not as good meat well saweed but of a poréon necessarie for
their health beinge willing (as his lp: said) deuorare molestiam of
this bitter pill, they desired the Ea: of Southampton to put it to the
question: Wherevpon the Article by erec@on of hand¢ was confirmed
\l|and approued|| accordingly as it was read: After, efBar w™ his
Ip: said, that since nowe they were in such liklyhood to conclude
the bargaine, himselfe and the rest of the Lord¢ together with the
Counsell and Comittee w™ had mett vpon Tuesday before the Quarter
Court, thought it most requisite to nominate some of the principall
Officers who were to haue the orderinge and managing of this buissi-
nes: w™ beinge well chosen both for sufficiency and integrity, would
giue much encouragement and content to both the Companies and
Collonies and all others that had interest in this buissines, Herevpon
the Lord Cauendish acquainted the Court that the Coffittee thought
that there was to be one chiefe man to gouerne and direct all, and that
next vnder him, there should be a Deputy and then a Treasurer and
next them 8: Cofittees at the least besid¢ the Officers as for the places
of Deputy and Treasuror although they were two distinct places and
Offices, yet because they were afraide this yeare not to be able to
raise such a sufficiencie of meanes as might be a iust reward to two
such psons as were requisite for the pformance of those seuerall places
they thought it best to vnite them for this yeare and that the Treas-
uror beside the charge of that office should likewise be the Deputy to
the Directo"", w™ ||course|| the Court seemed well to like of and there-
vpon nominated S* Edwin Sandys for Directo’, who very earnestly
besought them to spare him, beinge vnexperienced in matter of mar-
chandizinge and tradinge, of both w™ that Officer would require exact
knowledge, besid€ he could not continually reside in Towne havinge
a great family in the Country, and began nowe as he grewe old to waxe
weake, and therefore purposed rather to withdrawe himselfe from
buissinesses of the world then to engage himselfe further, But the
Court not satisfied with his reasons earnestly pressed him (and in per-
ticuler the Ea: of Southampton and the other Lord) not to refuse
the place wherein he might do soe singuler seruice vnto the Planta-
éon, the whole welfare of which did almost depend vpon the good"
,,,V02-P0156-T00888-00906,Ea: of Southampton,Ea: of,earl,OW-008,Southampton,Southampton,PERSON_REF,territorial_title,Henry Wriothesley,suggested,southampton_peerage,"Henry Wriothesley, 3rd Earl of Southampton; Company treasurer 1620-1624.",V02-P0156,V02-PRIMARY,V02-OCR-155,2,888,906,"Next the Court proceeded to the nominaéon of a Treasuror, for w™
proposinge m* John ffarrar he desired the Companie to consider what
a burden of buissines they had already laid vpon him w™ had made
him to neglect his owne priuate estate, for almost these fower yeares
together: All w™ although the Court acknowledged yet they held him
so fitt a man for that buissines |las|| that they would propose no other |
to be Treasuror, and therevpon beinge put to the question, he was by
a generall erec@on of hand€ nominated to stand in elecéon for the
place of Treasuror, wherevnto at last he submitted himselfe As for
the nominatinge of the Comiittees and other Officers with the Salaries
the Ea: of Southampton thought it most fitt to leaue it to the con-
sideraéon of the Quarter Court on the next Wedensday."
,,,V02-P0157-T00466-00484,Ea: of Southampton,Ea: of,earl,OW-008,Southampton,Southampton,PERSON_REF,territorial_title,Henry Wriothesley,suggested,southampton_peerage,"Henry Wriothesley, 3rd Earl of Southampton; Company treasurer 1620-1624.",V02-P0157,V02-PRIMARY,V02-OCR-156,2,466,484,y° Right hon™|| Ea: of Southampton.
,,,V02-P0158-T00684-00702,Ea: of Southampton,Ea: of,earl,OW-008,Southampton,Southampton,PERSON_REF,territorial_title,Henry Wriothesley,suggested,southampton_peerage,"Henry Wriothesley, 3rd Earl of Southampton; Company treasurer 1620-1624.",V02-P0158,V02-PRIMARY,V02-OCR-157,2,684,702,"This day was held the Quarter Court for the Sumer who beinge come
to the great buissines of the Contract, it was moued by the Lo: Cau-
endish that the propoundinge debatinge and passinge of all those
thinge concerninge the matter reserued for that daye might be first
ordered and pformed in a Virginia Court w® was thought verie fitt
and therevpon the Ea: of Southampton tooke the chaire, and because
it was somewhat late, he put the continuance of the Court after 6: of
the Clocke to the question w™ was by erecéon of handeé ratified."
,,,V02-P0159-T00511-00529,Ea: of Southampton,Ea: of,earl,OW-008,Southampton,Southampton,PERSON_REF,territorial_title,Henry Wriothesley,suggested,southampton_peerage,"Henry Wriothesley, 3rd Earl of Southampton; Company treasurer 1620-1624.",V02-P0159,V02-PRIMARY,V02-OCR-158,2,511,529,"with his hand w™ his lp: shewed vnto the Court without any manner
of alteraéon in any thinge from that w™ the Court desired onely hau-
inge strooke out certen word¢ in the seauéth ||Article|| for some rea-
sons as his lp: by his letter signified no waye importinge the Com-
panie nor the Contract, w® word¢ the Court adiudginge not to be
materiall nor of moment thought fitt therein to giue the Lord Treas-
uror satisfacéon and the rather because the Lord Treasuror (as the
Ea: of Southampton shewed them) had so willingly let the worde
(Receaued) stand, w™ the Companie had enterlyned after the worde
(proffitt) in the sixt Article for the better clearinge of the doubt they
then made about it."
,,,V02-P0159-T00864-00882,"Ea: of
Southampton",Ea: of,earl,OW-008,Southampton,Southampton,PERSON_REF,territorial_title,Henry Wriothesley,suggested,southampton_peerage,"Henry Wriothesley, 3rd Earl of Southampton; Company treasurer 1620-1624.",V02-P0159,V02-PRIMARY,V02-OCR-158,2,864,882,"Herevpon after some pause, the Court seeminge all well satisfied and
contented and no obiecéon or scruple beinge made by any, the Ea: of
Southampton said, that if they so desired, he would put both the eight
Proposition as it was qualified and the whole Bargaine to the question
w™ the Court generally desired, and therevpon his lp: puttinge both
to the question, the eight Article (as it was qualified) and the whole
bargaine the same was ratified and confirmed with an vnanimous con -
sent by a generall erecGon of hand¢ no one dissentinge."
,,,V02-P0159-T01311-01329,Ea: of Southampton,Ea: of,earl,OW-008,Southampton,Southampton,PERSON_REF,territorial_title,Henry Wriothesley,suggested,southampton_peerage,"Henry Wriothesley, 3rd Earl of Southampton; Company treasurer 1620-1624.",V02-P0159,V02-PRIMARY,V02-OCR-158,2,1311,1329,"This beinge denne ||passed|| the Ea: of Southampton said that since
they had nowe concluded the Contract they were to take order for the
good execuGon and performance thereof by the choise of able and
faithfull Officers to manage the buissines with Salaries proporéonable
in some measure for their paines ||and|| by setlinge the whole buissines
in a good course and frame, espeacially the bringinge in of the Span-
ish Tobacco a pointe of great importance, and w™ might not be delayed,
nor could be concluded vpon, except on this daye w™ was the Quarter
Court for the Sumer Iland¢ and had also the power of the Quarter
Court for Virginia, Concerninge these thingg, his lp: said, that himselfe
together with the Lord¢ then present, and the Counsell beinge assisted
by the Comittee had spent all Tuseday both forenoone and afternoone
in consultaéon and consideraéon of these point¢ and their iudgment¢
and opinions herein he would [95] nowe deliuer vnto the Court
desiringe them likewise freely to deliuer their iudgemente¢ and opin-"
,,,V02-P0163-T00834-00852,Ea: of Southampton,Ea: of,earl,OW-008,Southampton,Southampton,PERSON_REF,territorial_title,Henry Wriothesley,suggested,southampton_peerage,"Henry Wriothesley, 3rd Earl of Southampton; Company treasurer 1620-1624.",V02-P0163,V02-PRIMARY,V02-OCR-162,2,834,852,"The Ea: of Southampton hauinge thus deliuered the matter, there
was a generall silence in the Court: Wherevpon after a longe pause,
his Ip: desired the Court, that they would freely speake their minde
concerninge these thing€an declare what and howe they would haue
them donn, sayings againe that himselfe and the Comittees had not
consulted and aduised of these thingé to conclude or determine any-
thinge, but onely as their Servant¢ to prepare them to their consider-
acon, in whome only was the power and authority to determine and
conclude matters: he therefore earnestly desired them without any
respect of himselfe or the rest (from whome these proposiéons came)
to declare their mindé¢ freely concerninge the pointe of the Salaries."
,,,V02-P0164-T00027-00045,Ea: of Southampton,Ea: of,earl,OW-008,Southampton,Southampton,PERSON_REF,territorial_title,Henry Wriothesley,suggested,southampton_peerage,"Henry Wriothesley, 3rd Earl of Southampton; Company treasurer 1620-1624.",V02-P0164,V02-PRIMARY,V02-OCR-163,2,27,45,"The Ea: of Southampton said that m’ Robert Smith was a verie hon-
est man, and he thanked him for speakinge his minde freely desiringe
others would doe the like."
,,,V02-P0164-T01220-01238,Ea: of Southampton,Ea: of,earl,OW-008,Southampton,Southampton,PERSON_REF,territorial_title,Henry Wriothesley,suggested,southampton_peerage,"Henry Wriothesley, 3rd Earl of Southampton; Company treasurer 1620-1624.",V02-P0164,V02-PRIMARY,V02-OCR-163,2,1220,1238,"To w™ the Ea: of Southampton made Answeare that for the first part
he was of his opinion that it would be a yeare of the least benifitt, but
for the second part, he thought cleane contrary that the trouble of
this yeare would be farr more then any of the succeedinge, in reguard."
,,,V02-P0165-T00059-00077,Ea: of Southampton,Ea: of,earl,OW-008,Southampton,Southampton,PERSON_REF,territorial_title,Henry Wriothesley,suggested,southampton_peerage,"Henry Wriothesley, 3rd Earl of Southampton; Company treasurer 1620-1624.",V02-P0165,V02-PRIMARY,V02-OCR-164,2,59,77,"This beinge ended the Ea: of Southampton desired them to nominate
whome they would haue to be their Director and Treasuror (w“ were
to be ballated) the rest: were thought fitt should be chosen by erecéon
of handé."
,,,V02-P0168-T00682-00699,Ea of Southampton,Ea of,earl,OW-008,Southampton,Southampton,PERSON_REF,territorial_title,Henry Wriothesley,suggested,southampton_peerage,"Henry Wriothesley, 3rd Earl of Southampton; Company treasurer 1620-1624.",V02-P0168,V02-PRIMARY,V02-OCR-167,2,682,699,"Vpon the Dissoluinge of the Court¢, the Ea of Southampton and the
Lord Cauendish stood vp and both of them prayinge God that this
buissines might be to the aduancement of the PlantaGons (to w™ only
they protested they had respect in all the carriage thereof) desired
the whole Companie nowe to make their best of that w™ themselues
had coneluded and like honest and worthie minded men to giue
their best helpes for the good execuéon thereof, and to ioyne with
sincere hexnds ||hart¢|| and willinge hand¢ in the good accomplishinge
and pformance thereof."
,,,V02-P0168-T01349-01369,Earle of Southampton,Earle of,earl,OW-008,Southampton,Southampton,PERSON_REF,territorial_title,Henry Wriothesley,suggested,southampton_peerage,"Henry Wriothesley, 3rd Earl of Southampton; Company treasurer 1620-1624.",V02-P0168,V02-PRIMARY,V02-OCR-167,2,1349,1369,"WEDNESDAY THE 27 oF NOVEMBER 1622 ~ ae
PRESENT
Right Honorable’
Earle of Southampton."
,,,V02-P0170-T01900-01918,Ea: of Southampton,Ea: of,earl,OW-008,Southampton,Southampton,PERSON_REF,territorial_title,Henry Wriothesley,suggested,southampton_peerage,"Henry Wriothesley, 3rd Earl of Southampton; Company treasurer 1620-1624.",V02-P0170,V02-PRIMARY,V02-OCR-169,2,1900,1918,Ea: of Southampton.
,,,V02-P0171-T01721-01739,"Ea: of
Southampton",Ea: of,earl,OW-008,Southampton,Southampton,PERSON_REF,territorial_title,Henry Wriothesley,suggested,southampton_peerage,"Henry Wriothesley, 3rd Earl of Southampton; Company treasurer 1620-1624.",V02-P0171,V02-PRIMARY,V02-OCR-170,2,1721,1739,"This buissines beinge dispatched the Lo: Cauendish Gouernor pro-
posed the accomplishinge of the great worke of the daye w™ was the
concludinge of the Contract with his Ma“ and the performinge those
other thing€ w™ were necessarie for the accomplishment & execuéon
thereof, as namely the choise of Officers, their Salaries and other
thing€ pertinent thereto, But because the thinge did equally con-
cerne the Virginia Companie with the Sumer Dands, and that all of
the Suffer [lands Companie, were of the Virginia Companie, but not
on the contrary: It was therefore thought fitt and convenient that
accordinge to the power and authoritie giuen by the Quarter Court for
Virginia the Wedensday before all those point€ should be first pro-
pounded Debated and passed in a Virginia Court and afterward in the
Sumer Iland¢ Court by w™ course both the buissines might be more
exactly determined of, in reguard that from the greater number there
was like to be the better Counsell giuen and likewise a labo"" spared
for if they should begin with it in the Sumer [land¢ Court all thinge
must be againe repeated to the Virginia Court afterward, for w™ the
day would searce suffice: wherevpon it was ordered that the Sumer
lands Co should be suspended for a while but to be continued so
longe after 6, of y® Clocke as occasion should require and the Ea: of
Southampton was desired to take the Chaire and to begin a Virginia
Court w™ accordingly his Ip: did."
,,,V02-P0182-T00530-00548,Ea: of Southampton,Ea: of,earl,OW-008,Southampton,Southampton,PERSON_REF,territorial_title,Henry Wriothesley,suggested,southampton_peerage,"Henry Wriothesley, 3rd Earl of Southampton; Company treasurer 1620-1624.",V02-P0182,V02-PRIMARY,V02-OCR-181,2,530,548,"After this m’ Wrote willed S* Edwin Sandys to keepe his owne lawes
lw"" he had made|| and therevpon cited a lawe, where to avoide the
drawinge the Companie into debt it is ordered that no perticuler man
make or propound any newe Proiect of charge to the Companie, but
he withall offer good meanes howe to defraye that charge and vphold
his Proiect the Breakers of w™ order are to be excluded from the
generall Court€ xc: The Lord Cauendish told him that he had not onely
affronted him in perticuler but the Ea: of Southampton also and the
rest of the Counsell and Cofiittee: who after this buissines was pro-
pounded vnto both the Companies at their seuerall Court¢ on ffriday |
before the [112] Quarter Courte mett the Tusday after, both fore-
noone and afternoone about it, whither himselfe was perticulerly also
warned by the Officer and havinge taken consultaéon therein (not with
a purpose to conclude vpon any thinge but to prepare that buissines)
brought the same to the Court€ held the next daye to be amended and
ordered as they should see cause: As for terminge the Lawes to be S'
Edwin Sandys lawes, his lp: told him he had donn the Companie great
wronge and that this was the reward that men had for doeinge pub-
lique seruice: And he might aswell haue said, the Instructions giuen
to the Gouerno’ of the Suffer Iland€ were his because he made the
first draft of them: And added that he had donn more harme by that
dayes worke then Captaine Martin Capt: Baylie or Capt: Argall."
,,,V02-P0182-T01679-01700,my Lo: of Southampton,my Lo: of,lord,OW-008,Southampton,Southampton,PERSON_REF,territorial_title,Henry Wriothesley,suggested,southampton_peerage,"Henry Wriothesley, 3rd Earl of Southampton; Company treasurer 1620-1624.",V02-P0182,V02-PRIMARY,V02-OCR-181,2,1679,1700,"Wherevpon m* Wrote said my good Lord I protest vpon my saluaéon
I had no intent directly nor indirectly to perstringe the AcGons of the
Counsell or of yo"" lp: or of my Lo: of Southampton for I confesse yo""
courses haue bin alwayes like yo"" selues noble direct iust and plaine
but I speake of things donn in yo’ lp* absence when yo"" were out of
Towne whereof yo"" can take no notice."
,,,V02-P0184-T01034-01052,"Ha: of
Southampton",Ha: of,earl,OW-008,Southampton,Southampton,PERSON_REF,territorial_title,Henry Wriothesley,suggested,southampton_peerage,"Henry Wriothesley, 3rd Earl of Southampton; Company treasurer 1620-1624.",V02-P0184,V02-PRIMARY,V02-OCR-183,2,1034,1052,"M’ Deputy went on and said that the matter of Salaries were not sur-
reptitiously carried but most fairely and orderly with those due
preparaéons that ought, havinge bin first handled and treated of in a
Comittee before the Quarter Court of Virginia whereat the Lord
Cauendish was and amongst diuers others (m’ Wrote) himselfe where
after the Offices of Director, Deputy, Treasuror and Comittees were
approued and liked of: the matter of Salaries was by himselfe pro-
pounded, as he said m* Gibbs could well remember who propoundinge
100"" Salary for the Office of Treasuror, m‘ Deputy said it was a great
deale to litle: Wherevpon m’* Gibbs said it might then be 200"" but it —
was replied that that would likewise be to litle: and this Coffittee
beinge nine dayes before the Quarter Court wherein the Salaries were
giuen, it could not be said they were surreptitiously carried, men
hauinge so longe time warninge to thinke what was to be donn in that
point, Beside in the Sumer Iland¢ Preparatiue Court, the Ha: of
Southampton after the nominaéon of Directo’ and Treasuror, said
that for the other Officers and the Salaries they should be referred
till the Quarter Court it selfe, w™ was a second warninge to the Com-
pany to take their bethinkinge and to consider of the matter of Sala-
ries, yet to the intent that thinge might be y° better disgested, the
Earle of Southampton afterward thought fitt the Tuisday before
the Quarter Court to assemble the Counsell and Cofiittees, whereat
the Lo: Cauendish the Lo: Gatendisk Padgett S' Edw: Sackuill
S' Iohn Dauers and a [114] very full Counsell of others beinge pres-
ent, all thing and in perticuler this matter of Salaries was verie seri-
ously debated and considered of, both in the forenoone and the
afternoone, and to this Counsell m* Wrote himselfe was warned: So
that (he said) this matter was prepared both by the Counsell and
Committees: But m* Wrote said I must nowe vnwillingly come to an
accusaéon against S' Edwin Sandys and the two Deputies and tooke
exception against the first Comittee spoken of before the Virginia
Quarter Court, sayinge, it was verie ceiatly some men talkinge
pluately by the fireside, w™ he said was m* Deputies fault who ought
to be the Moderato’ of Committees beside the Secretary was not there,
To w™ m’ Deputy aunsweared thet-he-did-net-trewe that he did not"
,,,V02-P0184-T01384-01404,Earle of Southampton,Earle of,earl,OW-008,Southampton,Southampton,PERSON_REF,territorial_title,Henry Wriothesley,suggested,southampton_peerage,"Henry Wriothesley, 3rd Earl of Southampton; Company treasurer 1620-1624.",V02-P0184,V02-PRIMARY,V02-OCR-183,2,1384,1404,"M’ Deputy went on and said that the matter of Salaries were not sur-
reptitiously carried but most fairely and orderly with those due
preparaéons that ought, havinge bin first handled and treated of in a
Comittee before the Quarter Court of Virginia whereat the Lord
Cauendish was and amongst diuers others (m’ Wrote) himselfe where
after the Offices of Director, Deputy, Treasuror and Comittees were
approued and liked of: the matter of Salaries was by himselfe pro-
pounded, as he said m* Gibbs could well remember who propoundinge
100"" Salary for the Office of Treasuror, m‘ Deputy said it was a great
deale to litle: Wherevpon m’* Gibbs said it might then be 200"" but it —
was replied that that would likewise be to litle: and this Coffittee
beinge nine dayes before the Quarter Court wherein the Salaries were
giuen, it could not be said they were surreptitiously carried, men
hauinge so longe time warninge to thinke what was to be donn in that
point, Beside in the Sumer Iland¢ Preparatiue Court, the Ha: of
Southampton after the nominaéon of Directo’ and Treasuror, said
that for the other Officers and the Salaries they should be referred
till the Quarter Court it selfe, w™ was a second warninge to the Com-
pany to take their bethinkinge and to consider of the matter of Sala-
ries, yet to the intent that thinge might be y° better disgested, the
Earle of Southampton afterward thought fitt the Tuisday before
the Quarter Court to assemble the Counsell and Cofiittees, whereat
the Lo: Cauendish the Lo: Gatendisk Padgett S' Edw: Sackuill
S' Iohn Dauers and a [114] very full Counsell of others beinge pres-
ent, all thing and in perticuler this matter of Salaries was verie seri-
ously debated and considered of, both in the forenoone and the
afternoone, and to this Counsell m* Wrote himselfe was warned: So
that (he said) this matter was prepared both by the Counsell and
Committees: But m* Wrote said I must nowe vnwillingly come to an
accusaéon against S' Edwin Sandys and the two Deputies and tooke
exception against the first Comittee spoken of before the Virginia
Quarter Court, sayinge, it was verie ceiatly some men talkinge
pluately by the fireside, w™ he said was m* Deputies fault who ought
to be the Moderato’ of Committees beside the Secretary was not there,
To w™ m’ Deputy aunsweared thet-he-did-net-trewe that he did not"
,,,V02-P0190-T00108-00126,Ea: of Southampton,Ea: of,earl,OW-008,Southampton,Southampton,PERSON_REF,territorial_title,Henry Wriothesley,suggested,southampton_peerage,"Henry Wriothesley, 3rd Earl of Southampton; Company treasurer 1620-1624.",V02-P0190,V02-PRIMARY,V02-OCR-189,2,108,126,Right Hono™ Ea: of Southampton.
,,,V02-P0192-T01023-01044,my Lo: of Southampton,my Lo: of,lord,OW-008,Southampton,Southampton,PERSON_REF,territorial_title,Henry Wriothesley,suggested,southampton_peerage,"Henry Wriothesley, 3rd Earl of Southampton; Company treasurer 1620-1624.",V02-P0192,V02-PRIMARY,V02-OCR-191,2,1023,1044,"But he was answeared the Com-
panie would [120] not make newe formes of Patent¢ for him, but was
offered as large a Patent as that graunted to my Lo: of Southampton
himselfe or any other auncient Aduenturer whatsoever, But Capt:
Martin presented in Court a Booke entituled Noua Brittania with a
Publication thervnto affixed, signed by the Ea: of Southampton and
Some others: In w™ booke he said there was promised 500 acres for
a single share: W™ beinge pervsed, and the word€ were found to be
not of promise but of hope that vpon diuision there might be allotted
so much hereafter vpon a share, but the Booke was noe Act of the
Court but a private mans worke."
,,,V02-P0192-T01219-01237,Ea: of Southampton,Ea: of,earl,OW-008,Southampton,Southampton,PERSON_REF,territorial_title,Henry Wriothesley,suggested,southampton_peerage,"Henry Wriothesley, 3rd Earl of Southampton; Company treasurer 1620-1624.",V02-P0192,V02-PRIMARY,V02-OCR-191,2,1219,1237,"But he was answeared the Com-
panie would [120] not make newe formes of Patent¢ for him, but was
offered as large a Patent as that graunted to my Lo: of Southampton
himselfe or any other auncient Aduenturer whatsoever, But Capt:
Martin presented in Court a Booke entituled Noua Brittania with a
Publication thervnto affixed, signed by the Ea: of Southampton and
Some others: In w™ booke he said there was promised 500 acres for
a single share: W™ beinge pervsed, and the word€ were found to be
not of promise but of hope that vpon diuision there might be allotted
so much hereafter vpon a share, but the Booke was noe Act of the
Court but a private mans worke."
,,,V02-P0192-T01557-01575,Ea: of Southampton,Ea: of,earl,OW-008,Southampton,Southampton,PERSON_REF,territorial_title,Henry Wriothesley,suggested,southampton_peerage,"Henry Wriothesley, 3rd Earl of Southampton; Company treasurer 1620-1624.",V02-P0192,V02-PRIMARY,V02-OCR-191,2,1557,1575,"After this the Ea: of Southampton addressed himselfe to m* Wrote
admonishinge him that nowe he had heard the last Court read and
the seuerall passages therein, he would applie himselfe and direct his
speach wholly vnto the part€ thereof, and declare freely, whither
matters were truely sett downe or noe, Wherevpon m* Wrote humbly
praid his lpe and the rest of the Lord¢ and others of the Counsell, that
they would please to giue him a full hearinge and that such excep-
tions as he should nowe make to the settinge downe of that Court
might be admitted and entred w™ he said were of three sort, first of
Omissions, Secondly for insertinge the order of his speach and not
settinge downe thing¢ in their due place, Thirdly for that it was not
donn with that candor and fairenes toward¢ him as ought."
,,,V02-P0194-T00988-01006,Ea: of Southampton,Ea: of,earl,OW-008,Southampton,Southampton,PERSON_REF,territorial_title,Henry Wriothesley,suggested,southampton_peerage,"Henry Wriothesley, 3rd Earl of Southampton; Company treasurer 1620-1624.",V02-P0194,V02-PRIMARY,V02-OCR-193,2,988,1006,"But the Ea: of Southampton said they were gonne quite from the
buissines they had in hand and asked m* Wrote why he refused to be
tryed by this Court who aunsweared, he had iust cause to decline
the testimoneyes of such as were partiall but desired he might haue
liberty to take a full informaéon from those that were then present the
Court consistinge of Threescore psons: and complained of the longe
intermission of the Co™ as if they had bin put of — to his
preiudice."
,,,V02-P0194-T01918-01939,my Lo: of Southampton,my Lo: of,lord,OW-008,Southampton,Southampton,PERSON_REF,territorial_title,Henry Wriothesley,suggested,southampton_peerage,"Henry Wriothesley, 3rd Earl of Southampton; Company treasurer 1620-1624.",V02-P0194,V02-PRIMARY,V02-OCR-193,2,1918,1939,"Wherevpon the Lo: Cauendish declared vpon what occasion the
Court€ were put of namely 8"" Iohn Brooke accompanied with m’ Iohn
ffarrar cominge vnto him, S‘ Iohn Brooke told him that he founde
m’ Wrote sorrie for what he had donn and that if my Lo: of South-
ampton had not bin gonn out of Towne he would haue gonn to him
to haue giuen his Ip: satisfaccon: Wherevpon he willed that m’ Wrote
would sett downe his submission vnder his hand: w™ he would send
vnto my Lo: of Southampton, and therevpon S' Iohn Brooke in m'
Wrotes behalfe desired his lp;"
,,,V02-P0195-T01964-01982,Ea: of Southampton,Ea: of,earl,OW-008,Southampton,Southampton,PERSON_REF,territorial_title,Henry Wriothesley,suggested,southampton_peerage,"Henry Wriothesley, 3rd Earl of Southampton; Company treasurer 1620-1624.",V02-P0195,V02-PRIMARY,V02-OCR-194,2,1964,1982,"The Ea: of Southampton said that m* Wrote ought not toteach them
howe to iudge, but willed him to hold to the buissines in hand and to
declare whither his word were truely sett downe in that Co™ [123]
or no sayinge he had beguii well and should proceed on still in the
same manner to declare the rest of the omissions and his other excep-"
,,,V02-P0196-T00888-00906,Ea: of Southampton,Ea: of,earl,OW-008,Southampton,Southampton,PERSON_REF,territorial_title,Henry Wriothesley,suggested,southampton_peerage,"Henry Wriothesley, 3rd Earl of Southampton; Company treasurer 1620-1624.",V02-P0196,V02-PRIMARY,V02-OCR-195,2,888,906,"M’* Deputy said he was no Accuser of m’ Wrote as was well knowne,
for the true recordinge of the Court it was the duty of his place and
protestinge that he did not knowe of any thinge sett downe amisse nor
willingly omitted any thinge to m* Wrots preiudice, and besought the
Ea: of Southampton that the Court might be examined by parte."
,,,V02-P0196-T01547-01565,Ea: of Southampton,Ea: of,earl,OW-008,Southampton,Southampton,PERSON_REF,territorial_title,Henry Wriothesley,suggested,southampton_peerage,"Henry Wriothesley, 3rd Earl of Southampton; Company treasurer 1620-1624.",V02-P0196,V02-PRIMARY,V02-OCR-195,2,1547,1565,"The Ea: of Southampton after many digressions made by m‘* Wrote
recalled him to the present buissines of the Court in question demaund -
ing of him what exceptions he could take against it, : m’ Wrote
replied he excepted in euery perticuler matter in that Court that
concerned him."
,,,V02-P0197-T01439-01457,Ka: of Southampton,Ka: of,earl,OW-008,Southampton,Southampton,PERSON_REF,territorial_title,Henry Wriothesley,suggested,southampton_peerage,"Henry Wriothesley, 3rd Earl of Southampton; Company treasurer 1620-1624.",V02-P0197,V02-PRIMARY,V02-OCR-196,2,1439,1457,"The Ka: of Southampton also desired so many of the said Court as
were nowe present would take notice of the meetinge on ffriday in
case the Officer should not warne them all, in respect the Seeré had
not taken the names of all that were present at that Co”."
,,,V02-P0198-T00802-00820,Ea: of Southampton,Ea: of,earl,OW-008,Southampton,Southampton,PERSON_REF,territorial_title,Henry Wriothesley,suggested,southampton_peerage,"Henry Wriothesley, 3rd Earl of Southampton; Company treasurer 1620-1624.",V02-P0198,V02-PRIMARY,V02-OCR-197,2,802,820,Right Hono’ Ea: of Southampton.
,,,V02-P0199-T00041-00059,Ea: of Southampton,Ea: of,earl,OW-008,Southampton,Southampton,PERSON_REF,territorial_title,Henry Wriothesley,suggested,southampton_peerage,"Henry Wriothesley, 3rd Earl of Southampton; Company treasurer 1620-1624.",V02-P0199,V02-PRIMARY,V02-OCR-198,2,41,59,"The Ea: of Southampton signified that the occasion of eallinge this
Counsell together was to acquainte them with a late informaéon he
had receaued since his beinge in the Countrie touchinge m* Wrote
who as he had heard had comitted a great indiscreGon at the last
Court held this day sennight by speakinge after violent and turbulent
manner aswell against some point€ incident to the Contract, as also
against the proceeding€ of the Counsell and Comittee together with
the Acte of the Quarter Court€ w™ had confirmed the same, bend-
inge his speach also to the wronge and disgrace of some principall
Members of the Companie who had bin imployed in that buissines,
whereof he said the Lord Cauendish had in generall aduertized him
by his letter without naminge the man that had so donn as might
appeare by the Letter it selfe w® his lp: offered to shewe him, w™
disorder his Ip: said was the occasion of his cominge vp to Towne and
of his beinge here at this present and therevpon charged m‘* Wrote
\|to|| declare whither this informaéon were true or noe, who therevpon
said that at his first settinge downe in this Assembly he conceaued
himselfe to be free but being [126] nowe charged as a Delinquent he
was to answeare in his owne defence: And therevpon touchinge the
matters laid to his charge he freely protested against any power or
iurisdicéon the Counsell §could§ haue to question him for that he then
spake, consideringe he had (as he said) appealed vnto a Quarter
Court, wherevnto he would only submitt himselfe: But he would con-
ferr with them if they would, And withall he accused m* Deputy of
havinge falsely entred the Court of the 7° of Octob’ last either by his
or the Secretaries fault and contrarie to the true meaninge of the Court
then held whereby he said the Company were brought into 3000""
Debt: W™ speach beinge delivered by m* Wrote in a verie violent and
contemptuous manner;"
,,,V02-P0199-T02009-02027,Ea: of Southampton,Ea: of,earl,OW-008,Southampton,Southampton,PERSON_REF,territorial_title,Henry Wriothesley,suggested,southampton_peerage,"Henry Wriothesley, 3rd Earl of Southampton; Company treasurer 1620-1624.",V02-P0199,V02-PRIMARY,V02-OCR-198,2,2009,2027,"in w™ selfe same manner also m™ Wrote had
carried himselfe toward the Ea: of Southampton at his first cominge
into the Roome before the settinge downe of the Counsell ||his Ip."
,,,V02-P0200-T00846-00864,Ea: of Southampton,Ea: of,earl,OW-008,Southampton,Southampton,PERSON_REF,territorial_title,Henry Wriothesley,suggested,southampton_peerage,"Henry Wriothesley, 3rd Earl of Southampton; Company treasurer 1620-1624.",V02-P0200,V02-PRIMARY,V02-OCR-199,2,846,864,"But the Ea: of Southampton said that this was not the buissines they
had nowe in hand nor pertinent therevnto, but should be taken into
consideraéon in due time and place and therefore required m* Deputy
to declare in ble breife the matters that m‘’ Wrote did so much
inveigh against at the last Court: Wherevpon m‘ Deputy said that
m’ Wrote did then insist vpon these three point¢ vizt."
,,,V02-P0200-T01793-01811,Ea: of Southampton,Ea: of,earl,OW-008,Southampton,Southampton,PERSON_REF,territorial_title,Henry Wriothesley,suggested,southampton_peerage,"Henry Wriothesley, 3rd Earl of Southampton; Company treasurer 1620-1624.",V02-P0200,V02-PRIMARY,V02-OCR-199,2,1793,1811,"But the Ea: of Southampton said he had heard m‘ Wrote should saye
the buissines was not fairely carried;"
,,,V02-P0201-T01745-01763,Ea: of Southampton,Ea: of,earl,OW-008,Southampton,Southampton,PERSON_REF,territorial_title,Henry Wriothesley,suggested,southampton_peerage,"Henry Wriothesley, 3rd Earl of Southampton; Company treasurer 1620-1624.",V02-P0201,V02-PRIMARY,V02-OCR-200,2,1745,1763,"M' Deputy was generally blamed of the Counsell as seeminge out of
his private respect to m’ Wrote to remisse in his duety to the pub-
lique: The Ea: of Southampton protested that if himselfe had [128]
bin in Court, he would not haue required another to kee declared
m* Wrots proceedings, and so his lp: and the rest of the Counsell
(seeminge to require of some other the pformance of that duety wherein
m* Deputy was so backeward) the Lo: Cauendish said that if m’ Dep-"
,,,V02-P0202-T00296-00314,Ha: of Southampton,Ha: of,earl,OW-008,Southampton,Southampton,PERSON_REF,territorial_title,Henry Wriothesley,suggested,southampton_peerage,"Henry Wriothesley, 3rd Earl of Southampton; Company treasurer 1620-1624.",V02-P0202,V02-PRIMARY,V02-OCR-201,2,296,314,"Wherevpon m’ Wrote replied to the Lord Cauendish, then you had
best be my Accuser, w™ vnreverend speach was much distasted by the
Counsell and the Ha: of Southampton told him, that although they
were all Counsellors, yet there was verie great difference between the
psons of diuers of them and in pticuler between m‘’ Wrotes and the
Lord Cauendishes to whome he ought more respectfull behauio’ and
language."
,,,V02-P0204-T01840-01861,My Lo: of Southampton,My Lo: of,lord,OW-008,Southampton,Southampton,PERSON_REF,territorial_title,Henry Wriothesley,suggested,southampton_peerage,"Henry Wriothesley, 3rd Earl of Southampton; Company treasurer 1620-1624.",V02-P0204,V02-PRIMARY,V02-OCR-203,2,1840,1861,"My Lo: of Southampton demaunded of m* Wrote, why he did raise
and mainetaine so strangely that dangerous Proposiéon of the Seale,
it beinge a pointe of lawe and he no lawyer."
,,,V02-P0205-T00262-00280,Ea: of Southampton,Ea: of,earl,OW-008,Southampton,Southampton,PERSON_REF,territorial_title,Henry Wriothesley,suggested,southampton_peerage,"Henry Wriothesley, 3rd Earl of Southampton; Company treasurer 1620-1624.",V02-P0205,V02-PRIMARY,V02-OCR-204,2,262,280,"Herevpon the Ea: of Southampton told him that he nowe sawe his
indiscreéon to be as great as he tooke it to be, that beinge of the
Counsell he would not impart his minde concerninge that pointe first
vunto them, but rather diuulge his opinion in open Court to the preiu-
dice of so mayne a buissines as the Contract was and that before he
was sufficiently grounded in that w™ he spake as appeared by his
owne report in askinge Counsell after he §had§ so confidently pub-
lished his opinion."
,,,V02-P0205-T00843-00861,Ea: of Southampton,Ea: of,earl,OW-008,Southampton,Southampton,PERSON_REF,territorial_title,Henry Wriothesley,suggested,southampton_peerage,"Henry Wriothesley, 3rd Earl of Southampton; Company treasurer 1620-1624.",V02-P0205,V02-PRIMARY,V02-OCR-204,2,843,861,"Wherevpon the Ea: of Southampton appealed vnto the iudgement of
the Counsell then present what iust occasion of offence hath bin giuen
m’ Wrote that he should goe awaye in that vnrespectiue manner: And
therevpon his lp: protested that seeinge he had so much wronged him
and the rest of the Counsell and Comittee in their proceeding€ and
spoken also against the Companie and Court€ and most scornefully
against the lawes in terminge them S* Edwin Sandys lawes and in
conclusion went away in that ill and most vneiuill fashion he expected
to be righted against him for so many wrongé and affront."
,,,V02-P0205-T01827-01845,Ea: of Southampton,Ea: of,earl,OW-008,Southampton,Southampton,PERSON_REF,territorial_title,Henry Wriothesley,suggested,southampton_peerage,"Henry Wriothesley, 3rd Earl of Southampton; Company treasurer 1620-1624.",V02-P0205,V02-PRIMARY,V02-OCR-204,2,1827,1845,"Wherevnto the Ea: of Southampton replied that he should be sorry
to haue liued soe that it should be in the power of m* Wrote to wronge
him in his Hono’ or reputaéon, but his lp: said that m™ Wrote hav-
inge complained that the Counsell and Comittee carried this buissines"
,,,V02-P0207-T00416-00434,Ea: of Southampton,Ea: of,earl,OW-008,Southampton,Southampton,PERSON_REF,territorial_title,Henry Wriothesley,suggested,southampton_peerage,"Henry Wriothesley, 3rd Earl of Southampton; Company treasurer 1620-1624.",V02-P0207,V02-PRIMARY,V02-OCR-206,2,416,434,Ea: of Southampton.
,,,V02-P0207-T00925-00943,Ea: of Southampton,Ea: of,earl,OW-008,Southampton,Southampton,PERSON_REF,territorial_title,Henry Wriothesley,suggested,southampton_peerage,"Henry Wriothesley, 3rd Earl of Southampton; Company treasurer 1620-1624.",V02-P0207,V02-PRIMARY,V02-OCR-206,2,925,943,"The Ea: of Southampton signified that this Court was extraordinary
and onely for one end, namely to veiwe a former Court of the 4"" of
December last and that as the buissines was fixed so the Companie
was also, for that they and onely they that were then present were to"
,,,V02-P0208-T00583-00604,My lo: of Southampton,My lo: of,lord,OW-008,Southampton,Southampton,PERSON_REF,territorial_title,Henry Wriothesley,suggested,southampton_peerage,"Henry Wriothesley, 3rd Earl of Southampton; Company treasurer 1620-1624.",V02-P0208,V02-PRIMARY,V02-OCR-207,2,583,604,"My lo: of Southampton propounded that for the better proceedinge
in this buissines the Court might be first read wholly ouer and after-
ward examined by part€ w™ was agreed vnto."
,,,V02-P0208-T01797-01815,Ea: of Southampton,Ea: of,earl,OW-008,Southampton,Southampton,PERSON_REF,territorial_title,Henry Wriothesley,suggested,southampton_peerage,"Henry Wriothesley, 3rd Earl of Southampton; Company treasurer 1620-1624.",V02-P0208,V02-PRIMARY,V02-OCR-207,2,1797,1815,"The Ea: of Southampton aunsweared that his exception was vniust
to debarr them from bearinge of wittnesse of the truth of matters"
,,,V02-P0210-T00635-00653,Ea: of Southampton,Ea: of,earl,OW-008,Southampton,Southampton,PERSON_REF,territorial_title,Henry Wriothesley,suggested,southampton_peerage,"Henry Wriothesley, 3rd Earl of Southampton; Company treasurer 1620-1624.",V02-P0210,V02-PRIMARY,V02-OCR-209,2,635,653,"But m’ Wrote still complayninge for want of not¢, offered to depart
the Court, w™ if he did, the Ea: of Southampton said the Court
would notwithstandinge proceed as beinge sufficient Iudges of the
true entringe of the Court and wherein they might proceed although
he were at Yorke."
,,,V02-P0211-T00493-00513,Earle of Southampton,Earle of,earl,OW-008,Southampton,Southampton,PERSON_REF,territorial_title,Henry Wriothesley,suggested,southampton_peerage,"Henry Wriothesley, 3rd Earl of Southampton; Company treasurer 1620-1624.",V02-P0211,V02-PRIMARY,V02-OCR-210,2,493,513,"The Earle of Southampton made Answeare that he need not feare any
such thinge from him, for whatsoeuer respect and addiéons he had,
he left them all when he came to this place and came here onely as
their Treasuror."
,,,V02-P0212-T00687-00705,Ea: of Southampton,Ea: of,earl,OW-008,Southampton,Southampton,PERSON_REF,territorial_title,Henry Wriothesley,suggested,southampton_peerage,"Henry Wriothesley, 3rd Earl of Southampton; Company treasurer 1620-1624.",V02-P0212,V02-PRIMARY,V02-OCR-211,2,687,705,"The Ea: of Southampton replied it was not nowe the question what
S' Edwin Sandys said at another time, but what he said then and
therevpon demaunded of the Court their opinion, who generally agreed
that the whole speach of 8* Edwin Sandys and that clause in pertic-
uler was rightly sett downe, and beinge put to the question it was by
a generall erec@on of hand¢ confirmed that all those speeches were
truely and rightly sett downe."
,,,V02-P0213-T01292-01310,Ka: of Southampton,Ka: of,earl,OW-008,Southampton,Southampton,PERSON_REF,territorial_title,Henry Wriothesley,suggested,southampton_peerage,"Henry Wriothesley, 3rd Earl of Southampton; Company treasurer 1620-1624.",V02-P0213,V02-PRIMARY,V02-OCR-212,2,1292,1310,"Wherevpon the Ka: of Southampton
asked him w™ were his wittnesses, wherevpon he named m* Edw:
TIohnson and m‘ White the Lawyer, But m’* Iohnson said he would
not sweare it nor saye [188] it for he did not vse to affirme Negatiues
and m’ White said ||the-eleane-contrary||, 7’ he vnderstood the cleane
contrary, that he vnderstood that m*’ Wrote did speake of Comiittess
accordingly as is entred, Wherevpon it beinge put to the question."
,,,V02-P0214-T01309-01327,"Ha: of
Southampton",Ha: of,earl,OW-008,Southampton,Southampton,PERSON_REF,territorial_title,Henry Wriothesley,suggested,southampton_peerage,"Henry Wriothesley, 3rd Earl of Southampton; Company treasurer 1620-1624.",V02-P0214,V02-PRIMARY,V02-OCR-213,2,1309,1327,"S'* Edwin Sandys, m"" Io: ffarrar, and m* Deputy confidently affirmed
that m’ Gibbs did speake no such thinge in the Court, but that those
speaches of m™ Gibbs alledged by m* Wrote were spoken after the
Court in the Parlo’ in priuate and afterward at the Counsell Fable the
weeke followinge w™ the Lord Cauendish also testified: Herevpon
m’* Wrote affirmed vpon his oath, that it was otherwise: To w™ creditt
not beinge giuen by the Court he vehemently protested he would
appeale vnto the Kinge, and in great passion challenged the Ha: of
Southampton for giuinge him the lye in the Third person at a Sumer
landé Court, saying that if any man should saye that in any thinge
men were ouerawed and durst not speake it was put into his mouth
by the Deuill the father of lyes for a fowler lye himselfe neuer told."
,,,V02-P0215-T00270-00288,Ea: of Southampton,Ea: of,earl,OW-008,Southampton,Southampton,PERSON_REF,territorial_title,Henry Wriothesley,suggested,southampton_peerage,"Henry Wriothesley, 3rd Earl of Southampton; Company treasurer 1620-1624.",V02-P0215,V02-PRIMARY,V02-OCR-214,2,270,288,"The Ea: of Southampton said that had he carried himselfe so in any
other place but this he would not haue endured it and sharpely willed
him to behaue himselfe after a better manner;"
,,,V02-P0220-T00369-00387,Ea: of Southampton,Ea: of,earl,OW-008,Southampton,Southampton,PERSON_REF,territorial_title,Henry Wriothesley,suggested,southampton_peerage,"Henry Wriothesley, 3rd Earl of Southampton; Company treasurer 1620-1624.",V02-P0220,V02-PRIMARY,V02-OCR-219,2,369,387,"But as this was a doeinge m* Wrote came from the further end of the
Table to m’ Iohn ffarrar whisperinge some wordé privately in his
eare, w™ the Ea: of Southampton observinge, comaunded with much
earnestnes m' John ffarrar to declare what m‘* Wrote said, who at
length beinge much pressed herevnto by his lp: said that m’ Wrote
vpon hearinge his speach nowe read said vnto him in this manner,
you would not haue said vntrue to me in another place w™ m’ Wrote
denied to haue spoken in that manner: But his lp: sharpely reproued
him for his ill behauio’ and said plainely it was noe other but a kinde
of swaggeringe."
,,,V02-P0220-T01876-01898,my Lord of Southampton,my Lord of,lord,OW-008,Southampton,Southampton,PERSON_REF,territorial_title,Henry Wriothesley,suggested,southampton_peerage,"Henry Wriothesley, 3rd Earl of Southampton; Company treasurer 1620-1624.",V02-P0220,V02-PRIMARY,V02-OCR-219,2,1876,1898,"Wherevpon m’ Wrote said himselfe spake these word¢ followinge w™
he said were omitted vizt: My ||good|| lo: I protest vpon my salua-
tion I had no intent directly #or indirectly to perstringe the Acéons
of the Counsell nor of yo"" Lp: or of my Lord of Southampton for I
confesse your courses haue bin alwayes like yo"" selues noble, direct,
iust and playne, but I speake of things donn in yo"" Lp* absence when"
,,,V02-P0224-T00749-00767,Ea: of Southampton,Ea: of,earl,OW-008,Southampton,Southampton,PERSON_REF,territorial_title,Henry Wriothesley,suggested,southampton_peerage,"Henry Wriothesley, 3rd Earl of Southampton; Company treasurer 1620-1624.",V02-P0224,V02-PRIMARY,V02-OCR-223,2,749,767,"Afterward m’ Wrote moued the Ea: of Southampton and the Lord
Cauendish for a Coppie of the Act of Counsell touchinge him but they"
,,,V02-P0224-T01118-01136,Ea: of Southampton,Ea: of,earl,OW-008,Southampton,Southampton,PERSON_REF,territorial_title,Henry Wriothesley,suggested,southampton_peerage,"Henry Wriothesley, 3rd Earl of Southampton; Company treasurer 1620-1624.",V02-P0224,V02-PRIMARY,V02-OCR-223,2,1118,1136,Right Hono™ Ea: of Southampton.
,,,V02-P0225-T00339-00357,Ea: of Southampton,Ea: of,earl,OW-008,Southampton,Southampton,PERSON_REF,territorial_title,Henry Wriothesley,suggested,southampton_peerage,"Henry Wriothesley, 3rd Earl of Southampton; Company treasurer 1620-1624.",V02-P0225,V02-PRIMARY,V02-OCR-224,2,339,357,"The Ea: of Southampton signified that this Court was warned by order
of the Court held on ffriday last onely for this one buissines namely
to examine whither those alteraGons and amendment¢ that then passed
were rightly entred or noe."
,,,V02-P0225-T01053-01074,my Lo: of Southampton,my Lo: of,lord,OW-008,Southampton,Southampton,PERSON_REF,territorial_title,Henry Wriothesley,suggested,southampton_peerage,"Henry Wriothesley, 3rd Earl of Southampton; Company treasurer 1620-1624.",V02-P0225,V02-PRIMARY,V02-OCR-224,2,1053,1074,"but his lp: told him that could
not nowe be: Wherevpon m‘ Wrote said he appealed from the pro-
ceedingé of this Court vnto the Kinge the fountaine of mercy and
iustice, and to such Deligat¢ as it should please his Ma“ to appoint
But my Lo: of Southampton told him that notwithstandinge his
appeale they would proceed and goe on in the reveiwe and pfectinge
of that w™ had passed on ffriday and should be ready to giue an
Account of their doeing®g."
,,,V02-P0226-T00105-00123,Ea: of Southampton,Ea: of,earl,OW-008,Southampton,Southampton,PERSON_REF,territorial_title,Henry Wriothesley,suggested,southampton_peerage,"Henry Wriothesley, 3rd Earl of Southampton; Company treasurer 1620-1624.",V02-P0226,V02-PRIMARY,V02-OCR-225,2,105,123,Right Hono” Ea: of Southampton.
,,,V02-P0228-T00243-00265,my Lord of Southampton,my Lord of,lord,OW-008,Southampton,Southampton,PERSON_REF,territorial_title,Henry Wriothesley,suggested,southampton_peerage,"Henry Wriothesley, 3rd Earl of Southampton; Company treasurer 1620-1624.",V02-P0228,V02-PRIMARY,V02-OCR-227,2,243,265,"royall consideraéon and desired St Henry Mildmay to the entent the
Company might fully pforme what his Ma‘ required (because the
Court was nowe but smale) he would please to leaue his message in
writinge or stay till my Lord of Southampton and the Lord Cauendish
comes to report the same againe vnto them."
,,,V02-P0235-T01555-01573,Ea: of Southampton,Ea: of,earl,OW-008,Southampton,Southampton,PERSON_REF,territorial_title,Henry Wriothesley,suggested,southampton_peerage,"Henry Wriothesley, 3rd Earl of Southampton; Company treasurer 1620-1624.",V02-P0235,V02-PRIMARY,V02-OCR-234,2,1555,1573,"The Ea: of Southampton moued in the behalfe of a Noble & worthie
gentleman Collonell Ogle (that had deserued well of the Companie
heretofore and was also still well affected vnto the Plantaéon) that
they would please to graunt him his freedome w™ request of his Ip:
the Court most willingly condiscended vnto."
,,,V02-P0236-T00390-00408,Ea: of Southampton,Ea: of,earl,OW-008,Southampton,Southampton,PERSON_REF,territorial_title,Henry Wriothesley,suggested,southampton_peerage,"Henry Wriothesley, 3rd Earl of Southampton; Company treasurer 1620-1624.",V02-P0236,V02-PRIMARY,V02-OCR-235,2,390,408,Right Hono™ Ea: of Southampton.
,,,V02-P0236-T01077-01098,My lo: of Southampton,My lo: of,lord,OW-008,Southampton,Southampton,PERSON_REF,territorial_title,Henry Wriothesley,suggested,southampton_peerage,"Henry Wriothesley, 3rd Earl of Southampton; Company treasurer 1620-1624.",V02-P0236,V02-PRIMARY,V02-OCR-235,2,1077,1098,"My lo: of Southampton signified vnto the Companie that he ||had||
staid aboue an hower expectinge a fuller Court, and said the occasion
of this meetinge was, that whereas [156] the Quarter Court had"
,,,V02-P0242-T00527-00545,Ea: of Southampton,Ea: of,earl,OW-008,Southampton,Southampton,PERSON_REF,territorial_title,Henry Wriothesley,suggested,southampton_peerage,"Henry Wriothesley, 3rd Earl of Southampton; Company treasurer 1620-1624.",V02-P0242,V02-PRIMARY,V02-OCR-241,2,527,545,Right Hono™ Ea: of Southampton.
,,,V02-P0243-T00974-00992,Ka: of Southampton,Ka: of,earl,OW-008,Southampton,Southampton,PERSON_REF,territorial_title,Henry Wriothesley,suggested,southampton_peerage,"Henry Wriothesley, 3rd Earl of Southampton; Company treasurer 1620-1624.",V02-P0243,V02-PRIMARY,V02-OCR-242,2,974,992,"The Ka: of Southampton said he would nowe proceed to the worke of
this daye namely to examine the rest of the Articles of m'’ Wrotes
Proiect;"
,,,V02-P0243-T01311-01332,My Lo: of Southampton,My Lo: of,lord,OW-008,Southampton,Southampton,PERSON_REF,territorial_title,Henry Wriothesley,suggested,southampton_peerage,"Henry Wriothesley, 3rd Earl of Southampton; Company treasurer 1620-1624.",V02-P0243,V02-PRIMARY,V02-OCR-242,2,1311,1332,"My Lo: of Southampton willed m™ Deputy to declare what the Com-
panie had concluded in this pointe, who answeared that they had
had thought fitt there should be two Casheirs one continually to
remaine in the Treasury for |ly*|| receipt and payment of moneyes, and
other continually to goe about to call and receaue such moneyes as
daylie growe due."
,,,V02-P0250-T00039-00057,Ea: of Southampton,Ea: of,earl,OW-008,Southampton,Southampton,PERSON_REF,territorial_title,Henry Wriothesley,suggested,southampton_peerage,"Henry Wriothesley, 3rd Earl of Southampton; Company treasurer 1620-1624.",V02-P0250,V02-PRIMARY,V02-OCR-249,2,39,57,"After this the Ea: of Southampton takinge againe the chaire read the
next Article w™ is as followeth And in case that part of the Contract
be punctually obserued, that all the Tobacco be sold in Bancke, it wilbe
necessary to drawe a Preamble to a second Roll whereby the Brothers
of the Company may be admitted to subscribe what somes shall thereby
be limited for the buyinge of the Tobacco w™ poore Planters shall
bringe into into this Kingdome, that they may not suffer by expectinge
the sale of their good¢ and attendance for money: w™ S* Edwin San-
dys said the Counsell and Comiittees had taken that point often into
their consideraéon, and they conceaued it would not be donn but by
Roll, but they had determined nothinge therein, but would with all
seriousnes and were eonsidered |icare consider|| what course was to
be held for the best aduantage and content of the Planter."
,,,V02-P0251-T00956-00974,Ea: of Southampton,Ea: of,earl,OW-008,Southampton,Southampton,PERSON_REF,territorial_title,Henry Wriothesley,suggested,southampton_peerage,"Henry Wriothesley, 3rd Earl of Southampton; Company treasurer 1620-1624.",V02-P0251,V02-PRIMARY,V02-OCR-250,2,956,974,"The Ea: of Southampton said that whereas m‘* Wrote brought a
Proiect vnto the Court with an opinion of proposinge a better and
thriftier waye for managinge the Tobacco: The Companie hauinge
this day exactly examined by parts in euery perticuler haue with a
generall consent dissallowed of them, saue onely in that clause that
agrees with the former order."
,,,V02-P0251-T01474-01492,Ea: of Southampton,Ea: of,earl,OW-008,Southampton,Southampton,PERSON_REF,territorial_title,Henry Wriothesley,suggested,southampton_peerage,"Henry Wriothesley, 3rd Earl of Southampton; Company treasurer 1620-1624.",V02-P0251,V02-PRIMARY,V02-OCR-250,2,1474,1492,"After this the pap presented by m' Binge in morninge on m* Wrots
behalfe titled obiections against the salaries were read w™ beinge put
to the question by the Ea: of Southampton whither the Companie
did thinke them worthie of further consideraéon the affirmatiue had
no handé the Negatiue hed all ¢he-hand€, The Coppie of w™ writinge
doth here ensue."
,,,V02-P0254-T01633-01651,Ka: of Southampton,Ka: of,earl,OW-008,Southampton,Southampton,PERSON_REF,territorial_title,Henry Wriothesley,suggested,southampton_peerage,"Henry Wriothesley, 3rd Earl of Southampton; Company treasurer 1620-1624.",V02-P0254,V02-PRIMARY,V02-OCR-253,2,1633,1651,Ka: of Southampton passed two Shares to m™ George Garrett.
,,,V02-P0255-T00618-00636,Ea: of Southampton,Ea: of,earl,OW-008,Southampton,Southampton,PERSON_REF,territorial_title,Henry Wriothesley,suggested,southampton_peerage,"Henry Wriothesley, 3rd Earl of Southampton; Company treasurer 1620-1624.",V02-P0255,V02-PRIMARY,V02-OCR-254,2,618,636,Right Hono” Ea: of Southampton.
,,,V02-P0257-T00398-00416,Ea: of Southampton,Ea: of,earl,OW-008,Southampton,Southampton,PERSON_REF,territorial_title,Henry Wriothesley,suggested,southampton_peerage,"Henry Wriothesley, 3rd Earl of Southampton; Company treasurer 1620-1624.",V02-P0257,V02-PRIMARY,V02-OCR-256,2,398,416,the Right Hono™ Ea: of Southampton.
,,,V02-P0258-T00151-00169,"Ea: of
Southampton",Ea: of,earl,OW-008,Southampton,Southampton,PERSON_REF,territorial_title,Henry Wriothesley,suggested,southampton_peerage,"Henry Wriothesley, 3rd Earl of Southampton; Company treasurer 1620-1624.",V02-P0258,V02-PRIMARY,V02-OCR-257,2,151,169,"At this great and generall Court was first read the last Quarter Court
held the Twentieth of Nouember ||last past|| w donn the Ea: of
Southampton said that for the better informaéon of this great Court
he thought it fitt that the whole proceeding¢ of the Companie touch-
inge the Offices and Salaries and other pticulers w™ of late haue bin
so much questiofied and defamed should be defamed declared and
manifested by readinge of those seuerall Court€ wherein those pointe
were treated of, and desired the Companie to giue due attention both
to the reasons themselues, and to the manner of those proceeding€
[172] Wherevpon was first read the Virginia Court held vpon the
Sumer Ilande Preeparatiue Court day beinge the 22"" of Nouember and
after that was read the Virginia Court held on the Sumer [lands Quar-
ter Court daye, beinge the 27"" of Nouember w™ beinge donn, his Ip:
willed to respite the Court held the 4"" of December (wherein m*
Wrote with such violence burst out) to be read last;"
,,,V02-P0259-T02256-02274,Ea: of Southampton,Ea: of,earl,OW-008,Southampton,Southampton,PERSON_REF,territorial_title,Henry Wriothesley,suggested,southampton_peerage,"Henry Wriothesley, 3rd Earl of Southampton; Company treasurer 1620-1624.",V02-P0259,V02-PRIMARY,V02-OCR-258,2,2256,2274,"These thinge beinge thus passed the Court held the 4"" of December
was read out, W™ beinge donn the Ea: of Southampton said that the"
,,,V02-P0262-T00973-00994,"my
Lo: of Southampton","my
Lo: of",lord,OW-008,Southampton,Southampton,PERSON_REF,territorial_title,Henry Wriothesley,suggested,southampton_peerage,"Henry Wriothesley, 3rd Earl of Southampton; Company treasurer 1620-1624.",V02-P0262,V02-PRIMARY,V02-OCR-261,2,973,994,"Hee further said that of all his calumnies and Accusaéons there was
none more vniust, nor more apparantly vntrue then that wherewith
he had charged (though not by name yet by necessarie inference) my
Lo: of Southampton himselfe, namely that the Companie were so
ouerawed that their liberty of speakinge was taken awaye from them,
nowe what mischief€ haue ensued herevpon euery man might appre-
hend, for it appeared by S* Henry Mildmayes speach, that his Ma“
eares haue bin possessed therewith, euen as m* Wrote with his frende
and familiar hath filled all parte of the Citty and Country with like
causeles clamors and brought great scandall vpon the Companie, w™
wronge so great, so vniust and so pnitious, if they should be suffred
to continue and proceed wthout repressinge them, he sawe not but the
whole gouerment of the Companie must withall dissolue and fall into
extreame scorne, contempt, and confusion."
,,,V02-P0262-T01694-01712,Ea: of Southampton,Ea: of,earl,OW-008,Southampton,Southampton,PERSON_REF,territorial_title,Henry Wriothesley,suggested,southampton_peerage,"Henry Wriothesley, 3rd Earl of Southampton; Company treasurer 1620-1624.",V02-P0262,V02-PRIMARY,V02-OCR-261,2,1694,1712,"The Ea: of Southampton said that he could not without some pitty
thinke on the extreame trouble and vexaéon that one mans vnrulines
in his speach, and dissorderly carriage had brought vpon the whole
[176] Companie, hauinge forced them to keepe so many Court¢ daye
after daye, and that of so longe continuance and vnseasonablenes as
good parte of the night haue bin taken vp by them and that not about
matters of waight neither in his cause but onely for y° satisfyinge of
his f#ireleus friuolous exceptions and cauell€ and debatinge and"
,,,V02-P0264-T00231-00251,Earle of Southampton,Earle of,earl,OW-008,Southampton,Southampton,PERSON_REF,territorial_title,Henry Wriothesley,suggested,southampton_peerage,"Henry Wriothesley, 3rd Earl of Southampton; Company treasurer 1620-1624.",V02-P0264,V02-PRIMARY,V02-OCR-263,2,231,251,"Wherevpon the Earle of Southampton said that for the matter of dif-
ference they were nowe about to laye them aside and to make such
an end as they might goe indeed forward with the buissines of the
Plantaéon w™ had bin verie longe and sorely interrupted: But if it
were his Ma” pleasure, they should not meddle with any evill worde
or evill behauio’ they would all obey: S* Henry Mildmay answeared,
he had no comfiaund, at all from his Ma“ but onely warrant to speake
what he nowe had deliuered by way of aduise"
,,,V02-P0267-T01216-01234,"Ea: of
Southampton",Ea: of,earl,OW-008,Southampton,Southampton,PERSON_REF,territorial_title,Henry Wriothesley,suggested,southampton_peerage,"Henry Wriothesley, 3rd Earl of Southampton; Company treasurer 1620-1624.",V02-P0267,V02-PRIMARY,V02-OCR-266,2,1216,1234,"nor [180] nor honestie nor good meaninge: and although with a
protestaton post factii, he would seeme to turne it from the Ea: of
Southampton himselfe, and the rest of the Counsell;"
,,,V02-P0267-T01349-01367,"Ea: of
Southampton",Ea: of,earl,OW-008,Southampton,Southampton,PERSON_REF,territorial_title,Henry Wriothesley,suggested,southampton_peerage,"Henry Wriothesley, 3rd Earl of Southampton; Company treasurer 1620-1624.",V02-P0267,V02-PRIMARY,V02-OCR-266,2,1349,1367,"yet the truth
was, that those accusaGons could setle nowhere el€, for the Ea: of
Southampton himselfe and the Counsell were not onely consentinge,
but Actors and the chiefe and principall in all those passages w™ m’
Wrote had thus censured, and herevpon his lp: tooke occasion out of
the Court book¢€ themselues to demonstrate howe duely howe orderly
and howe fairely, all thing¢ had aswell in the Counsell & Coiiiittees,
as in the Court@, been carried, howe maturely they were prepared,
howe iuditiously debated howe freely propounded to the Court€ howe
men were invited to speake freely their mind€ concerninge them,
howe those that made obiecGons were not onely patiently heard but
thanked."
,,,V02-P0269-T00946-00964,Ea: of Southampton,Ea: of,earl,OW-008,Southampton,Southampton,PERSON_REF,territorial_title,Henry Wriothesley,suggested,southampton_peerage,"Henry Wriothesley, 3rd Earl of Southampton; Company treasurer 1620-1624.",V02-P0269,V02-PRIMARY,V02-OCR-268,2,946,964,"Herevpon the Ea: of Southampton said, that seeinge the opinions
were somewhat different, he would propound a middle waye touching
his suspenéon from the Geanse ||Company||, namely that it might be
for a time vntill he shall submitt him selfe and not absolutely for euer,
In the end after some dispute it was thought fitt to make a question:
ffirst therefore his lp: putting to the question whither m™ Wrote
should be put of and excluded for euer from beinge of the Counsell;"
,,,V02-P0272-T01083-01105,my Lord of Southampton,my Lord of,lord,OW-008,Southampton,Southampton,PERSON_REF,territorial_title,Henry Wriothesley,suggested,southampton_peerage,"Henry Wriothesley, 3rd Earl of Southampton; Company treasurer 1620-1624.",V02-P0272,V02-PRIMARY,V02-OCR-271,2,1083,1105,"Wherevpon S' Edwin Sandys said that he conceaued the office of the
Auditors was not to make an Account but to examine it, but the Audi-
tors after longe and great labo"" taken in pvsinge and considering of
the Account exhibited by St Thomas Smith haue found the same so
defectiue, disorderly and intricate as it can hardly merritt the name
of an Account, beinge many wayes faulty and altogether vnexaminable
w he spake not (as he said) to laye any asperéon vpon the reputaéon
of St Thomas Smith, further then of neglect and that through multi-
tude of buissines: ffor the world knewe that St Thomas Smith neither
kept the Account€ nor made them, but to satisfie St Tho: Smith him-
selfe that the fault of not auditinge was not in the Auditors, but in
the Account€ he had in writinge ready to shewe certaine waightie
exceptions formerly taken against them w™ yet he desired not to be
read openly in Court beinge prepared onely for the present veiwe of
my Lord of Southampton, who had oftentimes moued the Auditors
for dispatch of those Account€: Notwithstandinge, my Lo of South-
ampton desired they would proceed to doe something therein, and if
they finde them bottomeles, then to certifie S* Thomas Smith what
the defect¢ be w™ was promised should be donn w™ as much expidiéon
as other buissines would pmitt."
,,,V02-P0274-T00147-00165,Ea: of Southampton,Ea: of,earl,OW-008,Southampton,Southampton,PERSON_REF,territorial_title,Henry Wriothesley,suggested,southampton_peerage,"Henry Wriothesley, 3rd Earl of Southampton; Company treasurer 1620-1624.",V02-P0274,V02-PRIMARY,V02-OCR-273,2,147,165,the Right Hono™: Ea: of Southampton.
,,,V02-P0275-T01437-01455,Ea: of Southampton,Ea: of,earl,OW-008,Southampton,Southampton,PERSON_REF,territorial_title,Henry Wriothesley,suggested,southampton_peerage,"Henry Wriothesley, 3rd Earl of Southampton; Company treasurer 1620-1624.",V02-P0275,V02-PRIMARY,V02-OCR-274,2,1437,1455,"Wherevpon the Ea: of Southampton takinge the Chaire signified vnto
both Companies that the Contract w™ had so longe hunge in suspence
was nowe againe sent signed by the Lord Treasuror without any alter-
acon [187] at all from that w™ was formerly agreed on by the Quarter
Court€ and that the Lords of his Ma“ Priuy Counsell hauinge bin
acquainted by the Lord Treasuror with the Contract did verie well"
,,,V02-P0276-T01247-01264,Ea of Southampton,Ea of,earl,OW-008,Southampton,Southampton,PERSON_REF,territorial_title,Henry Wriothesley,suggested,southampton_peerage,"Henry Wriothesley, 3rd Earl of Southampton; Company treasurer 1620-1624.",V02-P0276,V02-PRIMARY,V02-OCR-275,2,1247,1264,"This the Ea of Southampton said was the Proposiéon w™ he was to
offer vnto the Companies from the Lord Treasuror wherefore he
desired them to take it into their consideraéon whither they might
giue waye vnto it or noe."
,,,V02-P0277-T01549-01567,Ea: of Southampton,Ea: of,earl,OW-008,Southampton,Southampton,PERSON_REF,territorial_title,Henry Wriothesley,suggested,southampton_peerage,"Henry Wriothesley, 3rd Earl of Southampton; Company treasurer 1620-1624.",V02-P0277,V02-PRIMARY,V02-OCR-276,2,1549,1567,"This buissines thus concluded the Ea: of Southampton desired them
to proceed with the other buissines concerninge the manner of
managinge the Contract and the Salaries against w™ so many and
bitter exclamaégons had bin made by some as thing most vniust and
vnreasonable."
,,,V02-P0284-T01275-01293,Ea: of Southampton,Ea: of,earl,OW-008,Southampton,Southampton,PERSON_REF,territorial_title,Henry Wriothesley,suggested,southampton_peerage,"Henry Wriothesley, 3rd Earl of Southampton; Company treasurer 1620-1624.",V02-P0284,V02-PRIMARY,V02-OCR-283,2,1275,1293,Right Hono” Ea: of Southampton.
,,,V02-P0285-T01162-01180,Ea: of Southampton,Ea: of,earl,OW-008,Southampton,Southampton,PERSON_REF,territorial_title,Henry Wriothesley,suggested,southampton_peerage,"Henry Wriothesley, 3rd Earl of Southampton; Company treasurer 1620-1624.",V02-P0285,V02-PRIMARY,V02-OCR-284,2,1162,1180,"The Quarter Court held the 5° of this present Moneth was read, w™
beinge donn the Ea: of Southampton desired that if any man could
take any exception at the entringe of the said Court he would doe it
but no man takinge any exception thereat, his lp: after a good pause
and diliberaéon beinge desired by diuers put it to the question whither
they conceaued that Court to be rightly sett downe accordinge to the
true effect and meaninge of what then passed, It was by a generall
erecéon of hand¢ approued to be rightly sett downe no one dissentinge."
,,,V02-P0286-T01473-01491,Ea: of Southampton,Ea: of,earl,OW-008,Southampton,Southampton,PERSON_REF,territorial_title,Henry Wriothesley,suggested,southampton_peerage,"Henry Wriothesley, 3rd Earl of Southampton; Company treasurer 1620-1624.",V02-P0286,V02-PRIMARY,V02-OCR-285,2,1473,1491,"The Ea: of Southampton said he had not heretofore heard of the
Proposition of m‘ Caswell but vpon the first veiwe it seemed to him
verie good and reasonable that there should be good care and order
held in the admission of men to the Company of Virginia and the
Sumer Ilandé, diuers others likewise of the Companie comended m‘
Caswell€ moéon, and that the rather because that whereas in all other
Companies men take an oath to be true and faithfull to the Companie
in these Companies there is no such thinge: Wherefore it were fitt
that since that time ||tye and|| obligaton is here wantinge, that there
should be so much the more care and consideraéon had in admittinge
of men."
,,,V02-P0287-T00912-00930,Ea: of Southampton,Ea: of,earl,OW-008,Southampton,Southampton,PERSON_REF,territorial_title,Henry Wriothesley,suggested,southampton_peerage,"Henry Wriothesley, 3rd Earl of Southampton; Company treasurer 1620-1624.",V02-P0287,V02-PRIMARY,V02-OCR-286,2,912,930,"ffor the word¢ are ||where it is|| apparantly due But certainely it is
iustly questionable whither an enimy or vnworthie person should be
admitted But for the second obiecéon the Ea: of Southampton said
that he did not vnderstand ||the Proposition|| to be ment concerninge
the passinge of Right and possession of land¢ but onely concerninge
the giuinge of vote and settinge in Court€ w“ a man might be debarred
of, although he had not onely right but possession of land@€ in either
of the Companies as was euident by the example of m*’ Wrote who
although he was vtterly disabled from cominge to the Court¢€ yet his
landé€ and ffreehold¢ in both the Plantations were not taken from
him: Wherefore although the Companie might not deny or debarr
any man from sellinge his land to whome he pleased, yet they might
refuse to accept of an vnworthie pson as to haue voice amongst them:
And this m’ Christofer Brooke said was #e¢ ||not|| onely ||not|| con-
trary but agreeable to the Lawes, for in diuers cases of right there
was sued out notwithstandinge a writt of Ad quod Damnum before
the thinge desired could be effected, And this respite of Admittance
desired, was in effect no other then as a writt Ad quod Damnum
w"" beinge returned and cleared the Admittance would of it selfe
ensue."
,,,V02-P0288-T01305-01323,Ea: of Southampton,Ea: of,earl,OW-008,Southampton,Southampton,PERSON_REF,territorial_title,Henry Wriothesley,suggested,southampton_peerage,"Henry Wriothesley, 3rd Earl of Southampton; Company treasurer 1620-1624.",V02-P0288,V02-PRIMARY,V02-OCR-287,2,1305,1323,"But the Ea: of Southampton aunsweared that it was both easier and
safer to prevent the admittinge them, then beinge admitted to cast
them out, and for the former part of the exception that they should
gaine much more credditt by beinge so hono” cleared then they could
suffer disreputatéon by beinge maliciously excepted against, and that
consideringe the great shame and infamy that he that should mali-
ciously call anothers worke in question should vndergoe men would
be wary howe they hazarded their owne fame and good reputaéon in
callinge others in question, wherefore this danger would hardly light
vpon any that deserued it not."
,,,V02-P0290-T01932-01950,Ea: of Southampton,Ea: of,earl,OW-008,Southampton,Southampton,PERSON_REF,territorial_title,Henry Wriothesley,suggested,southampton_peerage,"Henry Wriothesley, 3rd Earl of Southampton; Company treasurer 1620-1624.",V02-P0290,V02-PRIMARY,V02-OCR-289,2,1932,1950,"Molaseco the Polander likewise earnestly besought that his petiéon
might be read alledginge that he had attended aboue a Quarter of a
yeare, and the Ea: of Southampton said that if his case were as he
were informed he had suffered much wronge."
,,,V02-P0291-T00866-00884,Ea: of Southampton,Ea: of,earl,OW-008,Southampton,Southampton,PERSON_REF,territorial_title,Henry Wriothesley,suggested,southampton_peerage,"Henry Wriothesley, 3rd Earl of Southampton; Company treasurer 1620-1624.",V02-P0291,V02-PRIMARY,V02-OCR-290,2,866,884,"These thingé beinge thus donne the Ea: of Southampton said that the
Directo’ and Cofiittees had yesterday mett and treated about diuers
point concerninge the managinge and orderinge of the buissines him-
selfe, the Lo: Cauendish and some other of the extraordinary Comittee
beinge present w™ them from two of the Clocke till almost Hight at
night: And although the time was but short yet they had so well
digested and contriued matters as himselfe and others rested much
contented in the good forme that was propounded by the Director and
the Committees, for the safe orderly and faire cariage of those seuerall
perticulers w* seemed most to affect them that had opposed the car-
riage of the buissines in that forme, and by those men w™ the Com-
panies had concluded and chosen, wherevpon he willed m* Deputy to
make report from pointe to point of what was by the Directo’ and
Coffittees propounded."
,,,V02-P0301-T01546-01564,Ea: of Southampton,Ea: of,earl,OW-008,Southampton,Southampton,PERSON_REF,territorial_title,Henry Wriothesley,suggested,southampton_peerage,"Henry Wriothesley, 3rd Earl of Southampton; Company treasurer 1620-1624.",V02-P0301,V02-PRIMARY,V02-OCR-300,2,1546,1564,"liberty vnto them (defrayinge all charges and leauinge for euery
Third pound of Tobacco ready money for his Ma“ vse) they might
take out their Stocke: And way beinge thus giuen, he said that the
doubt and feare, that some men had made of suffringe wronge by
the Sorters, either corruption or negligence in not rightly iudginge
and esteeminge of their Tobacco, was resolued and taken away, for
if the Sorters should, estimate any mans pcell to be of a worse sort
then indeed it was and that his that was of the best sort should be
made of the second, and the second the worst, the owner might by
their erro’ make great aduantage to himselfe whilest he should haue
the Kings Third at a cheaper rate then indeed it was worth, So that
pmittinge this libertie the Sorters could not preiudice any man by
vndervaluing his Comodity, if they ouervalued it, it was to the losse
of the generall lyvinge and Bulke, but greatly to the aduantage of the
perticuler owner, who should thereby receaue a better price then indeed
truely his good were worth: These m’ Deputy said were the [208]
two Generall head@ w™ the Comittees had propounded many pticu-
larities fallinge vnder them they had likewise considered of, But
because they were grounded vpon some obiec@ons & exceptions that
might be taken against these courses, he therefore not doubtinge, but
that the same scruples and argument€ would be nowe made in Court,
would reserue them to their propper places by w™ meanes they would
be best vnderstood: And herevpon the Ea: of Southampton and the
Lord Cauendish desired the Companies that they would freely ques-
tion demaund and obiect that by explayninge thing¢€ might be fully
vnderstood and by debatinge and disputinge the best course might be
found and accordingly followed."
,,,V02-P0305-T01087-01105,Ea: of Southampton,Ea: of,earl,OW-008,Southampton,Southampton,PERSON_REF,territorial_title,Henry Wriothesley,suggested,southampton_peerage,"Henry Wriothesley, 3rd Earl of Southampton; Company treasurer 1620-1624.",V02-P0305,V02-PRIMARY,V02-OCR-304,2,1087,1105,"At the settinge downe of the Court the Ea: of Southampton signified
vuto the Court that he had receaued a letter from the Lord Treasuror
who vpon complaint€ made by some members of the Companie was
desirous before thing were further proceeded in to receaue satisfac -
Gon concerninge those pointe they had complayned vnto him of: But
in the meane while, till the Lord Treasuror appointe a meetinge his
Ip: said he thought fitt to acquaint the Court thereof and to take into
reveiwe and consideraéon the seuerall point€ concluded on by the last"
,,,V02-P0307-T00152-00170,Ea: of Southampton,Ea: of,earl,OW-008,Southampton,Southampton,PERSON_REF,territorial_title,Henry Wriothesley,suggested,southampton_peerage,"Henry Wriothesley, 3rd Earl of Southampton; Company treasurer 1620-1624.",V02-P0307,V02-PRIMARY,V02-OCR-306,2,152,170,Right Hono” Ea: of Southampton.
,,,V02-P0307-T00847-00865,Ea: of Southampton,Ea: of,earl,OW-008,Southampton,Southampton,PERSON_REF,territorial_title,Henry Wriothesley,suggested,southampton_peerage,"Henry Wriothesley, 3rd Earl of Southampton; Company treasurer 1620-1624.",V02-P0307,V02-PRIMARY,V02-OCR-306,2,847,865,"The Court held on Wedensday the 12: of ffebruary was nowe read:
w*"" donn after a good pause, the Ea: of Southampton said, that as he
was heretofore slowe in puttinge thing¢ to the question, so nowe he
would be much slower, because it had bin reported to the Lord Treas-
uror that the Companie were ouerawed and durst not speake, w™
whither it were true or no themselues could Wittnesse, w™ report the
whole Court vtterly condemned to be false and scandalous, professinge"
,,,V02-P0308-T00280-00298,Ea: of Southampton,Ea: of,earl,OW-008,Southampton,Southampton,PERSON_REF,territorial_title,Henry Wriothesley,suggested,southampton_peerage,"Henry Wriothesley, 3rd Earl of Southampton; Company treasurer 1620-1624.",V02-P0308,V02-PRIMARY,V02-OCR-307,2,280,298,"S' Edwin Sandys at the request of the Ea: of Southampton did nowe
make report what passed in the morninge before the Lo: Treasuror,
where he said were present the Gouerno”™ and Deputies of both Com-
panies Also S* Io: Dauers, himselfe and some others, And on the
other part the Ea: of Warwicke S* Nath: Rich, m‘ Alderm: lohnson
[213] m""™ Wrote, m' Binge, m‘ Caninge and m’* Woodall with some
others, as also S' Io: Wolstenholme and other the Customers that
seemed."
,,,V02-P0309-T00598-00616,"Ea:
of Southampton","Ea:
of",earl,OW-008,Southampton,Southampton,PERSON_REF,territorial_title,Henry Wriothesley,suggested,southampton_peerage,"Henry Wriothesley, 3rd Earl of Southampton; Company treasurer 1620-1624.",V02-P0309,V02-PRIMARY,V02-OCR-308,2,598,616,"At length the Opposers presented to the Lord Treasuror certaine
Articles, contayninge partly Propositions, partly exceptions, where-
vnto his Ip: required aunsweare In all w™ passage S' Edwin Sandys
said, he was sorry to heare so much by speach and that it was soe
confidently averred espeacially by m* Wrote and m"" Binge, that the
Companies in the carriage of the buissines were ouerawed by the Ea:
of Southampton with a kinde of threatninge, that vnlesse the Contract
went on the Plantaéons would be taken awaye from them."
,,,V02-P0309-T01537-01555,Ea: of Southampton,Ea: of,earl,OW-008,Southampton,Southampton,PERSON_REF,territorial_title,Henry Wriothesley,suggested,southampton_peerage,"Henry Wriothesley, 3rd Earl of Southampton; Company treasurer 1620-1624.",V02-P0309,V02-PRIMARY,V02-OCR-308,2,1537,1555,"Touchinge w™ the Ea: of Southampton said it appeares as well by the
verie petiéon it selfe as also by a Letter from the Colony at that time
vnto the Counsell here, that the Collony did meane nothinge lesse
then was pretended and that the scope of their petiéon was onely to
obtaine liberty to bringe in their Tobacco into England whereof they
were at that time vtterly debarred."
,,,V02-P0309-T01904-01922,Ea: of Southampton,Ea: of,earl,OW-008,Southampton,Southampton,PERSON_REF,territorial_title,Henry Wriothesley,suggested,southampton_peerage,"Henry Wriothesley, 3rd Earl of Southampton; Company treasurer 1620-1624.",V02-P0309,V02-PRIMARY,V02-OCR-308,2,1904,1922,"The Ea: of Southampton also signified vnto the Court that the Lord
Treasuror at their cominge awaye beinge asked whither they should
proceed in this buissines or no said, they might proceed and goe on
ex notwithstandinge these differences and opposiéons."
,,,V02-P0313-T02236-02254,"Ea:
of Southampton","Ea:
of",earl,OW-008,Southampton,Southampton,PERSON_REF,territorial_title,Henry Wriothesley,suggested,southampton_peerage,"Henry Wriothesley, 3rd Earl of Southampton; Company treasurer 1620-1624.",V02-P0313,V02-PRIMARY,V02-OCR-312,2,2236,2254,"wherein he said men were
ouerawed by threatninge wordé, that if they yealded not thereto they
should do worse that they must quitt the Plantations, That the Ea:
of Southampton findinge an vnwillingnes in the Companies to yeald
to so hard a bargaine, sett him downe in his chaire, pullinge his hatt"
,,,V02-P0314-T00450-00468,Ea: of Southampton,Ea: of,earl,OW-008,Southampton,Southampton,PERSON_REF,territorial_title,Henry Wriothesley,suggested,southampton_peerage,"Henry Wriothesley, 3rd Earl of Southampton; Company treasurer 1620-1624.",V02-P0314,V02-PRIMARY,V02-OCR-313,2,450,468,"ouer his eyes and foldinge his Armes acrosse and leninge backeward
in his Chaire, as if all were lost, w™ kinde of behauic’ and former
worde, frighted the Companie to yeald vnto this Bargaine it beinge
concealed from them (w™ nowe their Tt signified) that this Contract
was offred by the Lord Treasuror in his Ma” name as from his espea-
ciall grace to the aduancement of the Plantations: And further m’
Binge said that the Ea: of Southampton did not onely saye that he
would be m* Wrotes Accuser, and that whilest he was in the Com-
panie there would be no peace nor quiet but that he did make it his
suite vnto the Companie to put him out: And these thing€ amongst
many other his lp: said m’ Binge did not onely deliuer but Act;"
,,,V02-P0314-T01024-01041,"Ea of
Southampton",Ea of,earl,OW-008,Southampton,Southampton,PERSON_REF,territorial_title,Henry Wriothesley,suggested,southampton_peerage,"Henry Wriothesley, 3rd Earl of Southampton; Company treasurer 1620-1624.",V02-P0314,V02-PRIMARY,V02-OCR-313,2,1024,1041,"and his Lp: said he could not forbeare to desire iustice of the
Bourd against him for hauinge so wronged and abased the Ea of
Southampton beinge a Peere of the Realme and a Member of that
Bourd not only nowe in their ll”* presence but also other where hau-
inge said as by two sufficient Wittnesses would be there proued that
if he had bin as m™ Wrote when my Lo: of Southampton by order of
the Counsell for Virginia suspended him from thet |le|| Counsell he
would haue told him His lp: should not suspend him from the Coun -
sell of Virginia beinge a suspended Lord himmseke from the Counsell
Fable |lof State||: W° Speech m’ Binge denied desiringe that point
might be deferred till the returne of my Lo: of Warwick and m’ Wrote
who were nowe with the Kinge."
,,,V02-P0314-T01261-01282,my Lo: of Southampton,my Lo: of,lord,OW-008,Southampton,Southampton,PERSON_REF,territorial_title,Henry Wriothesley,suggested,southampton_peerage,"Henry Wriothesley, 3rd Earl of Southampton; Company treasurer 1620-1624.",V02-P0314,V02-PRIMARY,V02-OCR-313,2,1261,1282,"and his Lp: said he could not forbeare to desire iustice of the
Bourd against him for hauinge so wronged and abased the Ea of
Southampton beinge a Peere of the Realme and a Member of that
Bourd not only nowe in their ll”* presence but also other where hau-
inge said as by two sufficient Wittnesses would be there proued that
if he had bin as m™ Wrote when my Lo: of Southampton by order of
the Counsell for Virginia suspended him from thet |le|| Counsell he
would haue told him His lp: should not suspend him from the Coun -
sell of Virginia beinge a suspended Lord himmseke from the Counsell
Fable |lof State||: W° Speech m’ Binge denied desiringe that point
might be deferred till the returne of my Lo: of Warwick and m’ Wrote
who were nowe with the Kinge."
,,,V02-P0318-T00848-00868,Earle of Southampton,Earle of,earl,OW-008,Southampton,Southampton,PERSON_REF,territorial_title,Henry Wriothesley,suggested,southampton_peerage,"Henry Wriothesley, 3rd Earl of Southampton; Company treasurer 1620-1624.",V02-P0318,V02-PRIMARY,V02-OCR-317,2,848,868,"To the Right Honorable the Earle of Southampton and other the Lords and to
the right worp!t the Knights and the rest of the Counsell and Compagny for
Virginia"
,,,V02-P0322-T00713-00734,my Lo: of Southampton,my Lo: of,lord,OW-008,Southampton,Southampton,PERSON_REF,territorial_title,Henry Wriothesley,suggested,southampton_peerage,"Henry Wriothesley, 3rd Earl of Southampton; Company treasurer 1620-1624.",V02-P0322,V02-PRIMARY,V02-OCR-321,2,713,734,"ffirst it was put to the question whither in passinge the Contract
between his Ma“ and the two Companies for Virginia and the Sufier
Tlands for the sole Importaéon of Tobacco there had bin euer any
ouerawinge of any man by my Lo: of Southampton or my Lo Cauen-
dish or any other by any psonall speach or carriage or by vsinge any
worde of power either as in his Ma*“ name or the Lord TYers or the
Lorde of the Counsell: It was by a generall erec@on of handé€ (no one
dissentinge) denied that there had euer bin any manner of onerawinge
of any man in passinge the said Contract."
,,,V02-P0344-T00477-00495,Ea: of Southampton,Ea: of,earl,OW-008,Southampton,Southampton,PERSON_REF,territorial_title,Henry Wriothesley,suggested,southampton_peerage,"Henry Wriothesley, 3rd Earl of Southampton; Company treasurer 1620-1624.",V02-P0344,V02-PRIMARY,V02-OCR-343,2,477,495,"of the Counsell
touchinge m™ Binge who for his sundrie misdeameno”™ and insolent
speeches vsed not onely concerninge the Ea: of Southampton a Mem-
ber of that Bourd but also of a higher consequence was committed to
the Marshalseas and before his deliuery from thence is to giue the
said Ea: fittinge satisfacton as may appeare by their 1]°* order."
,,,V02-P0431-T00877-00897,"Earle of
Southampton",Earle of,earl,OW-008,Southampton,Southampton,PERSON_REF,territorial_title,Henry Wriothesley,suggested,southampton_peerage,"Henry Wriothesley, 3rd Earl of Southampton; Company treasurer 1620-1624.",V02-P0431,V02-PRIMARY,V02-OCR-430,2,877,897,"8S"" Iohn Dauers presented vnto this Court the Account of the Earle of
Southampton for y® yeare Last past;"
,,,V02-P0433-T00761-00781,Earle of Southampton,Earle of,earl,OW-008,Southampton,Southampton,PERSON_REF,territorial_title,Henry Wriothesley,suggested,southampton_peerage,"Henry Wriothesley, 3rd Earl of Southampton; Company treasurer 1620-1624.",V02-P0433,V02-PRIMARY,V02-OCR-432,2,761,781,"Whereas itt appeareth by the testimony of the Audito™ and Comittes of y° Com-
pany for Virginia vnder their hand writinge bearinge date the twelfth of May
1623 that Iohn fferrar hath payd into the hand¢ of y° Right Hono’: Henry
Earle of Southampton Treasuror of y* Company y° some of Three hundred
and Twenty pounds taken vpp by him y° said Iohn fferrar of the Lady Rumny
and m"" Thomas Mellinge in May last past in the year 1622 wherof Two hun-
dred pounds was by order and entreaty of y® Quarter Court for to make pro-
visions for the buildinge of the fforte intended by Captaine Each and the other
was for discharge and payment of divers due and lawfull Debts from y° Com-
pany approved by the Audito™ and Comittees the interest of w* monneys
haveinge been payd vatill this present twelth of May 1623 out of the Compa-
nies Cash y® principall yett remaynes vnsattisfied and m’‘ Iohn fferrar still
engaged vnto y° said |/seuerall| pties aforenamed for the said sume of 320"":
Now for y® Securitie and indempnyty of y* said Iohn fferrar and for the pay-
ment and sattisfacton of y° said sume of 320"" together w™ all y® interest and
damages that shall arise therby;"
,,,V02-P0434-T01052-01072,Earle of Southampton,Earle of,earl,OW-008,Southampton,Southampton,PERSON_REF,territorial_title,Henry Wriothesley,suggested,southampton_peerage,"Henry Wriothesley, 3rd Earl of Southampton; Company treasurer 1620-1624.",V02-P0434,V02-PRIMARY,V02-OCR-433,2,1052,1072,"It was Likewise thought fitt & ordered, that for y° Two yeares formerly
past, the Earle of Southampton should haue his Quietus est;"
,,,V02-P0437-T00074-00089,Ea: Southampton,Ea:,earl,OW-008,Southampton,Southampton,PERSON_REF,territorial_title,Henry Wriothesley,suggested,southampton_peerage,"Henry Wriothesley, 3rd Earl of Southampton; Company treasurer 1620-1624.",V02-P0437,V02-PRIMARY,V02-OCR-436,2,74,89,Ea: Southampton.
,,,V02-P0438-T00856-00876,Earle of Southampton,Earle of,earl,OW-008,Southampton,Southampton,PERSON_REF,territorial_title,Henry Wriothesley,suggested,southampton_peerage,"Henry Wriothesley, 3rd Earl of Southampton; Company treasurer 1620-1624.",V02-P0438,V02-PRIMARY,V02-OCR-437,2,856,876,"In reguard the Earle of Southampton had not as yett fully ended his
three years Gouerment before the next Quarter Court: the Courte"
,,,V02-P0440-T01067-01087,Earle of Southampton,Earle of,earl,OW-008,Southampton,Southampton,PERSON_REF,territorial_title,Henry Wriothesley,suggested,southampton_peerage,"Henry Wriothesley, 3rd Earl of Southampton; Company treasurer 1620-1624.",V02-P0440,V02-PRIMARY,V02-OCR-439,2,1067,1087,"8S Iohn Dauers presented vnto the Court three seuerall Booke of
Accompt€ of the Earle of Southampton for the Three last years past
of his Lo Gouerment Audited and approved of vnder the Audito™
hands: Touchinge w™ Accompté hee moved that although by the
Order of the Company his Lo’: was to haue his Quietus est for the
two former years: Yett seeinge itt was now agreed his Lo™ three
year€ Gouerment should extend till the next Quarter Court And that
this his last years Accompt is by order to ly open in Court till then."
,,,V02-P0442-T01313-01333,Earle of Southampton,Earle of,earl,OW-008,Southampton,Southampton,PERSON_REF,territorial_title,Henry Wriothesley,suggested,southampton_peerage,"Henry Wriothesley, 3rd Earl of Southampton; Company treasurer 1620-1624.",V02-P0442,V02-PRIMARY,V02-OCR-441,2,1313,1333,"Wheras itt appeareth by the Testimony of the Audito™ & Comittees of the
Company for Virginia vnder their hand writinge bearinge Date the 12% of
May 1623 That Iohn fferrar hath paid into the hands of the Right Hono™:
Henry Earle of Southampton Treasuror of the Company the some of 320""
taken vpp by him the said Iohn fferrar of the Lady Romney and m*™ Thomas
Mellinge in May last past in the year 1622 Wherof 200"" was by order and
entreaty of the Quarter Court for to make pvisonns for the buildinge of the
fforte intended by Cap‘ Each, and the other was for discharge and payment of
divers due and Lawfull Debt€ from the Company approved by the Audito™ and
Comittees the Interest of w™ monneys haveinge been payd vntill this present
12"" of May 1623 out of the Companies Cash the principall yett remaines
vnsattisfied and m* lohn fferrar still engaged vnto y* §seu%all§ pties afore
named for the said sume of 320"" §Now for ye securitie & indempnity of y°
said In° fferrar and for y° payment and sattisfacton of y° sayd 820""§ together
w"" all the Interest and Damages that shall arise therby: Itt is ordered and
agreed y*‘ all such Goods and Comodities as shalbe returned from Virginia
belonginge to the generall body of the Company shalbe from time to time
consigned and Delivered into the hands of the said Iohn flerrar to be by him"
,,,V02-P0446-T00115-00130,Lo: Southampton,Lo:,lord,OW-008,Southampton,Southampton,PERSON_REF,territorial_title,Henry Wriothesley,suggested,southampton_peerage,"Henry Wriothesley, 3rd Earl of Southampton; Company treasurer 1620-1624.",V02-P0446,V02-PRIMARY,V02-OCR-445,2,115,130,Lo: Southampton.
,,,V02-P0446-T00701-00721,Earle of Southampton,Earle of,earl,OW-008,Southampton,Southampton,PERSON_REF,territorial_title,Henry Wriothesley,suggested,southampton_peerage,"Henry Wriothesley, 3rd Earl of Southampton; Company treasurer 1620-1624.",V02-P0446,V02-PRIMARY,V02-OCR-445,2,701,721,"The Earle of Southampton acquainted them that this Court was vppon
a warrantt received from his Ma“: Comissioners and Dyrected to the
Secretary the Coppy wherof hereafter followeth."
,,,V02-P0449-T00378-00398,Earle of Southampton,Earle of,earl,OW-008,Southampton,Southampton,PERSON_REF,territorial_title,Henry Wriothesley,suggested,southampton_peerage,"Henry Wriothesley, 3rd Earl of Southampton; Company treasurer 1620-1624.",V02-P0449,V02-PRIMARY,V02-OCR-448,2,378,398,"M’ Deputy signified that hee callinge this extraordinary Court was
vppon a Ire from his Ma“*: dyrected vnto the Tfer Counsell & Com-
pany w™ the Earle of Southampton havinge read had Delivered vnto
him, himselfe by reason of extraordinary occasions beinge forced to
be absent The Coppie of the Letter here ensueth."
,,,V02-P0459-T00789-00809,Earle of Southampton,Earle of,earl,OW-008,Southampton,Southampton,PERSON_REF,territorial_title,Henry Wriothesley,suggested,southampton_peerage,"Henry Wriothesley, 3rd Earl of Southampton; Company treasurer 1620-1624.",V02-P0459,V02-PRIMARY,V02-OCR-458,2,789,809,"S' Edward Sackuill moved y‘ the Earle of Southampton might haue
his Quietus est for his three years Accompte€ accordinge to order and
as was ordered att the last Quarter Courte, his saide Accompte for the
two former years haveinge duly layen open in Courte audited and
approved of w“out excepéon;"
,,,V02-P0468-T00086-00104,Ea: of Southampton,Ea: of,earl,OW-008,Southampton,Southampton,PERSON_REF,territorial_title,Henry Wriothesley,suggested,southampton_peerage,"Henry Wriothesley, 3rd Earl of Southampton; Company treasurer 1620-1624.",V02-P0468,V02-PRIMARY,V02-OCR-467,2,86,104,"theis presents shall come greetinge, whereas the Right Hono” Henry
Ea: of Southampton Treasuror of the said Companie hath by three
seuerall Booke of accompte of his office of Treasuror of the said Com-
panie extendinge from the eight and Twentith Day of Iune—i623'
exhibited vnto the Court¢ of the said Treasuror and Companie a true
and perfect Account of all moneys by him receaued for the vse of the
said Companie or of the Colledge intended to be founded in Virginia
duringe the time of his Office as aforesaid: In w* Accompt¢ he hath
also perticulerly declared howe the said moneys haue bin disbursed
and expended for the vse of the said Companie and Colledge by law-
full warrant€ with Receipt€ endorsed or subscribed, w* Accounte
accordinge to the orders of the said Companie haue bin duely examined
audited and approued by the Auditors of the said Companie as appear-
eth vnder their hand¢€ and afterward the said seuerall Booke of
Account haue layne openly on the Table in the Court@ of the said
Treasuror and Companie duringe the times in the said Companies
order appointed and no exception hath bin taken to them The said
Treasuror and Companie therefore accordinge to their orders in that
ease established haue for them and their Successors acquitted & dis-
charged and by theis present¢€ do for euer acquitt and discharge the
said Henry Ea: of Southampton his heires executors and Adminis-
trato™ of and from all further Accompt¢ by him to be tendred for the
same and of and from all Acéons Suits and Demaunds for or by reason
of the moneyes or Account€ aforesaid In wittnes whereof the said
Treasuror and Companie haue hereto caused their legall Seale to be
affixed: Giuen in a great and generall Quarter Court of the said
Treasuror and Companie held the fiue and Twentith day of Iune 1623
And in the yeares of the Raigne of our Sou%aigne Lord Iames by the
grace of God Kinge of England Scotland ffraunce and Ireland Defendor
of the faith C* vizt of England ffraunce and Ireland the one and
Twentith and of Scotland the six and fiftith."
,,,V02-P0468-T01368-01386,Ea: of Southampton,Ea: of,earl,OW-008,Southampton,Southampton,PERSON_REF,territorial_title,Henry Wriothesley,suggested,southampton_peerage,"Henry Wriothesley, 3rd Earl of Southampton; Company treasurer 1620-1624.",V02-P0468,V02-PRIMARY,V02-OCR-467,2,1368,1386,"theis presents shall come greetinge, whereas the Right Hono” Henry
Ea: of Southampton Treasuror of the said Companie hath by three
seuerall Booke of accompte of his office of Treasuror of the said Com-
panie extendinge from the eight and Twentith Day of Iune—i623'
exhibited vnto the Court¢ of the said Treasuror and Companie a true
and perfect Account of all moneys by him receaued for the vse of the
said Companie or of the Colledge intended to be founded in Virginia
duringe the time of his Office as aforesaid: In w* Accompt¢ he hath
also perticulerly declared howe the said moneys haue bin disbursed
and expended for the vse of the said Companie and Colledge by law-
full warrant€ with Receipt€ endorsed or subscribed, w* Accounte
accordinge to the orders of the said Companie haue bin duely examined
audited and approued by the Auditors of the said Companie as appear-
eth vnder their hand¢€ and afterward the said seuerall Booke of
Account haue layne openly on the Table in the Court@ of the said
Treasuror and Companie duringe the times in the said Companies
order appointed and no exception hath bin taken to them The said
Treasuror and Companie therefore accordinge to their orders in that
ease established haue for them and their Successors acquitted & dis-
charged and by theis present¢€ do for euer acquitt and discharge the
said Henry Ea: of Southampton his heires executors and Adminis-
trato™ of and from all further Accompt¢ by him to be tendred for the
same and of and from all Acéons Suits and Demaunds for or by reason
of the moneyes or Account€ aforesaid In wittnes whereof the said
Treasuror and Companie haue hereto caused their legall Seale to be
affixed: Giuen in a great and generall Quarter Court of the said
Treasuror and Companie held the fiue and Twentith day of Iune 1623
And in the yeares of the Raigne of our Sou%aigne Lord Iames by the
grace of God Kinge of England Scotland ffraunce and Ireland Defendor
of the faith C* vizt of England ffraunce and Ireland the one and
Twentith and of Scotland the six and fiftith."
,,,V02-P0505-T00567-00584,Ea of Southampton,Ea of,earl,OW-008,Southampton,Southampton,PERSON_REF,territorial_title,Henry Wriothesley,suggested,southampton_peerage,"Henry Wriothesley, 3rd Earl of Southampton; Company treasurer 1620-1624.",V02-P0505,V02-PRIMARY,V02-OCR-504,2,567,584,"Ea of Southampton and the rest of the Lord¢ of the Counsell for
Virginia: And began thus That by a succesfull Stratagem they had
not only regained their people but cutt of diuers of the Indian Kinges
and great Comaunders: Amongst whome they are confident that
Opachankano was one it beinge impossible for him to escape, beinge
the designe was chiefely on his person and that exposed to the prin-
cipall danger: That hauinge held them in a longe hope of Peace they
had gained the knowledge of their places of residence and that their
Corne was nowe so forward as it was to late for them vpon this fresh
occasion to remoue so that they doubted not to giue them shortley a
blowe that shall neare or altogether ruinate them: That the ffort goeth
on cheerefully (consideringe the number of their people and the many
imploym™ they haue besid¢€:) And two thousand acres of land |lof
inheritance|| should be sett out for such as shalbe willinge to plant
about it there beinge land enough: And the like respects for all part¢
where Citties and fortified Townes are to be built: They wish also
that Martins Hundred might be taken into reguard because it greatly
importeth the security and plentie of the Plantaéon and wall the
distrucéon of the Sauadges in that they shall haue thereby a neare
passage to their principall Seates and the better cofiand both of that
and the other Riuer w™ they wish might be supplied and that speedily
with great numbers to make good their nowe inhabited Seate and that"
,,,V02-P0506-T01896-01914,Ea: of Southampton,Ea: of,earl,OW-008,Southampton,Southampton,PERSON_REF,territorial_title,Henry Wriothesley,suggested,southampton_peerage,"Henry Wriothesley, 3rd Earl of Southampton; Company treasurer 1620-1624.",V02-P0506,V02-PRIMARY,V02-OCR-505,2,1896,1914,"Whereas the Companie heretofore in a thankfull acknowledgem* of
the great & extraordinary care and paines that the Right Hono” the
Ea: of Southampton and 8S‘ Edwin Sandys haue taken for the good
of the Companie and aduancement of the Plantaéon did giue vnto
each of them 20 shares of land of old Aduenture: It was nowe moued"
,,,V02-P0511-T00502-00522,"Earle
of Southampton","Earle
of",earl,OW-008,Southampton,Southampton,PERSON_REF,territorial_title,Henry Wriothesley,suggested,southampton_peerage,"Henry Wriothesley, 3rd Earl of Southampton; Company treasurer 1620-1624.",V02-P0511,V02-PRIMARY,V02-OCR-510,2,502,522,"ffirst a Confirmation of Twentie shares to the Right hono™ the Earle
of Southampton, w™ the Company in a thankfull acknowledgment of
his noble Deserts and meritts both from themselvs and the Plantaéon
(they haueinge no other means to express their love) haue given vnto
his Lo’."
,,,V02-P0511-T01230-01250,Earle of Southampton,Earle of,earl,OW-008,Southampton,Southampton,PERSON_REF,territorial_title,Henry Wriothesley,suggested,southampton_peerage,"Henry Wriothesley, 3rd Earl of Southampton; Company treasurer 1620-1624.",V02-P0511,V02-PRIMARY,V02-OCR-510,2,1230,1250,"This Indenture made the Nineteenth day of Novemb™ Ann° 1623, and in y°
years of the Raigne of our Soveraigne Lord Iames by the grace of God kinge
of England Scotland ffraunce and Ireland defendour of the flayth C* (vizt) of
England ffraunce and Ireland the one and Twentieth And of Scotland the Seaven
and ffiftieth: Between y° Treasuror and Company of Adventurers & Planters
of the Cittie of London for the ffirst Colony in Virginia of the one ptie and
the Right Honob®: Henry Earle of Southampton of the other ptie Wittnesseth
that wheras the right Hono”: Henry Earle of Southampton hath ever since the
eight and Twentieth day of Ivne Ann° 1620 vntill this present pformed the
place of Treasuror of his Company, w™ singuler wisedome pvidence and Care
and much Noble paines and Industrie and w™ vnquestionable integritie to the
Advancement of the Plantaton & full sattisfactéon of vs the Company: Now
know yee y* wee y° said Tfer and Company in testimony of our due thank-
fullnes and approbaéon of his Noble Deserts and Merritts from vs the Com-
pany heere and from the Plantacon in Virginia haueinge no greater means to
express itt."
,,,V02-P0511-T01316-01336,Earle of Southampton,Earle of,earl,OW-008,Southampton,Southampton,PERSON_REF,territorial_title,Henry Wriothesley,suggested,southampton_peerage,"Henry Wriothesley, 3rd Earl of Southampton; Company treasurer 1620-1624.",V02-P0511,V02-PRIMARY,V02-OCR-510,2,1316,1336,"This Indenture made the Nineteenth day of Novemb™ Ann° 1623, and in y°
years of the Raigne of our Soveraigne Lord Iames by the grace of God kinge
of England Scotland ffraunce and Ireland defendour of the flayth C* (vizt) of
England ffraunce and Ireland the one and Twentieth And of Scotland the Seaven
and ffiftieth: Between y° Treasuror and Company of Adventurers & Planters
of the Cittie of London for the ffirst Colony in Virginia of the one ptie and
the Right Honob®: Henry Earle of Southampton of the other ptie Wittnesseth
that wheras the right Hono”: Henry Earle of Southampton hath ever since the
eight and Twentieth day of Ivne Ann° 1620 vntill this present pformed the
place of Treasuror of his Company, w™ singuler wisedome pvidence and Care
and much Noble paines and Industrie and w™ vnquestionable integritie to the
Advancement of the Plantaton & full sattisfactéon of vs the Company: Now
know yee y* wee y° said Tfer and Company in testimony of our due thank-
fullnes and approbaéon of his Noble Deserts and Merritts from vs the Com-
pany heere and from the Plantacon in Virginia haueinge no greater means to
express itt."
,,,V02-P0511-T01941-01961,"Earle of
Southampton",Earle of,earl,OW-008,Southampton,Southampton,PERSON_REF,territorial_title,Henry Wriothesley,suggested,southampton_peerage,"Henry Wriothesley, 3rd Earl of Southampton; Company treasurer 1620-1624.",V02-P0511,V02-PRIMARY,V02-OCR-510,2,1941,1961,"Doe by these presents giue & graunt to y® said Henry Earle of
Southampton his heirs and Assignes for ever Twentie shares of Land Old
Adventure in Virginia to be taken in such place no others right beinge pliudiced
and att such time as hee or they shall thinke ffitt: To be held by him and them
w"" all those priveledges, ffreedomes & iffiunities w*” belonge to shares of old
Adventure for w™ Twelue pounds tenn shilling€ hath been paid: In wittness
and Confirmaéon wherof the said Treasuror and Company to one pt of this
Indenture haue sett their Legall and Coffion seale And to the other pt therof
the said Right Hono™: Henry Earle of Southampton hath sett his hand and
Seale: Given in a great and general] Quarter Coort of the said Trer and Com-
pany the day and year first aboue written."
,,,V02-P0511-T02514-02534,Earle of Southampton,Earle of,earl,OW-008,Southampton,Southampton,PERSON_REF,territorial_title,Henry Wriothesley,suggested,southampton_peerage,"Henry Wriothesley, 3rd Earl of Southampton; Company treasurer 1620-1624.",V02-P0511,V02-PRIMARY,V02-OCR-510,2,2514,2534,"Doe by these presents giue & graunt to y® said Henry Earle of
Southampton his heirs and Assignes for ever Twentie shares of Land Old
Adventure in Virginia to be taken in such place no others right beinge pliudiced
and att such time as hee or they shall thinke ffitt: To be held by him and them
w"" all those priveledges, ffreedomes & iffiunities w*” belonge to shares of old
Adventure for w™ Twelue pounds tenn shilling€ hath been paid: In wittness
and Confirmaéon wherof the said Treasuror and Company to one pt of this
Indenture haue sett their Legall and Coffion seale And to the other pt therof
the said Right Hono™: Henry Earle of Southampton hath sett his hand and
Seale: Given in a great and general] Quarter Coort of the said Trer and Com-
pany the day and year first aboue written."
,,,V02-P0519-T00336-00354,Ea: of Southampton,Ea: of,earl,OW-008,Southampton,Southampton,PERSON_REF,territorial_title,Henry Wriothesley,suggested,southampton_peerage,"Henry Wriothesley, 3rd Earl of Southampton; Company treasurer 1620-1624.",V02-P0519,V02-PRIMARY,V02-OCR-518,2,336,354,"A note of y° shippinge men and Prouisions sent & prouided for Virginia by
y° Right Hono”’*: Hen: Ea: of Southampton and y* Comp* & other priuate"
,,,V02-P0530-T01436-01456,Earle of Southampton,Earle of,earl,OW-008,Southampton,Southampton,PERSON_REF,territorial_title,Henry Wriothesley,suggested,southampton_peerage,"Henry Wriothesley, 3rd Earl of Southampton; Company treasurer 1620-1624.",V02-P0530,V02-PRIMARY,V02-OCR-529,2,1436,1456,"And further that the Company in thankfull acknowledgment of their
approbaéon and good acceptance of his longe and faythfull service
both before and in the tyme of his Deputyshipp would please to
bestowe vppd him Twenty shares of Land old Adventure as was pro-
pounded att the last Quarter Court the like haveinge been then
graunted to the Earle of Southampton and other precedent Officers
for their extraordinary well Deservings as may appeare: Which Moéon
was generally well approved and thought verie fitt and thervppon the
Court entreated S* Iohn Dauers to putt both requests severally to the
Question w™ hee did and soe by a generall erecéon of hands no one
Dissentinge Itt was agreed & ordered and that m’ Deputy should
haue his Quietus est att this next Quarter Court passed vnto him
vnder the Companies Seale As allso a graunt of 20 shares of Land old
Adventure in as ample manner as formerlie vnto the Earle of South-
amptd or any other."
,,,V02-P0541-T00211-00231,Earle of Southampton,Earle of,earl,OW-008,Southampton,Southampton,PERSON_REF,territorial_title,Henry Wriothesley,suggested,southampton_peerage,"Henry Wriothesley, 3rd Earl of Southampton; Company treasurer 1620-1624.",V02-P0541,V02-PRIMARY,V02-OCR-540,2,211,231,Earle of Southampton.
,,,V02-P0542-T00181-00201,Earle of Southampton,Earle of,earl,OW-008,Southampton,Southampton,PERSON_REF,territorial_title,Henry Wriothesley,suggested,southampton_peerage,"Henry Wriothesley, 3rd Earl of Southampton; Company treasurer 1620-1624.",V02-P0542,V02-PRIMARY,V02-OCR-541,2,181,201,"M’ Deputy acquainted the Court hee had received by the George lately
returned from Virginia a Packett of fers: enclosed in a Box, w™ beinge
dyrected to the Earle of Southampton Treasuro’ hee sent to his Lo?:
w his Lo’: haveinge pvsed had returned back vnto him: Since w™
time noe Courts had been kept in regaurd of this buissie time of Par- -
lyament, and for that little or noe occasion till now, was offered of
callinge a Court."
,,,V02-P0554-T00755-00775,Earle of Southampton,Earle of,earl,OW-008,Southampton,Southampton,PERSON_REF,territorial_title,Henry Wriothesley,suggested,southampton_peerage,"Henry Wriothesley, 3rd Earl of Southampton; Company treasurer 1620-1624.",V02-P0554,V02-PRIMARY,V02-OCR-553,2,755,775,"And itt was further offered to the Consideraéon of the Court that
wheras the Earle of Southampton had been Treasuror now allmost 4
years, itt was against the Lawe of the Company to choose him againe,
and yett the necessitie and occasion of the Company were such as noe
other fitt choyse could be made;"
,,,V02-P0558-T01699-01719,Earle of Southampton,Earle of,earl,OW-008,Southampton,Southampton,PERSON_REF,territorial_title,Henry Wriothesley,suggested,southampton_peerage,"Henry Wriothesley, 3rd Earl of Southampton; Company treasurer 1620-1624.",V02-P0558,V02-PRIMARY,V02-OCR-557,2,1699,1719,"Whervppon itt beinge taken into Consideraéon by this present Court,
after all reasons heard and debated, itt was at length agreed and
ordered by a generall erection of hands that the Lawe concerninge
the lymittinge of the Office of Treasuro' and Deputy to the terme of
3 years should be suspended and accordingly resolvinge to goe to Elec-
éon, the Earle of Southampton was generally and vnanimously nomi-
nated and beinge putt in Election with the Right Hono’ the Lord
Cauendish, the place fell to the Earle of Southampton by haueinge 69
balls, the Lord Cauendish: fiue and the Negatiue box."
,,,V02-P0558-T01853-01873,Earle of Southampton,Earle of,earl,OW-008,Southampton,Southampton,PERSON_REF,territorial_title,Henry Wriothesley,suggested,southampton_peerage,"Henry Wriothesley, 3rd Earl of Southampton; Company treasurer 1620-1624.",V02-P0558,V02-PRIMARY,V02-OCR-557,2,1853,1873,"Whervppon itt beinge taken into Consideraéon by this present Court,
after all reasons heard and debated, itt was at length agreed and
ordered by a generall erection of hands that the Lawe concerninge
the lymittinge of the Office of Treasuro' and Deputy to the terme of
3 years should be suspended and accordingly resolvinge to goe to Elec-
éon, the Earle of Southampton was generally and vnanimously nomi-
nated and beinge putt in Election with the Right Hono’ the Lord
Cauendish, the place fell to the Earle of Southampton by haueinge 69
balls, the Lord Cauendish: fiue and the Negatiue box."
,,,V02-P0574-T01428-01444,Bishop of London,Bishop of,bishop,OW-001,London,London,PERSON_REF,territorial_title,,unresolved,,Bishop of London outside Volume I; George Montaigne held the see from 1621. Verify date.,V02-P0574,V02-PRIMARY,V02-OCR-573,2,1428,1444,"Bishop of London, Lord."
,,,V02-P0577-T00117-00136,Earl of Southampton,Earl of,earl,OW-008,Southampton,Southampton,PERSON_REF,territorial_title,Henry Wriothesley,suggested,southampton_peerage,"Henry Wriothesley, 3rd Earl of Southampton; Company treasurer 1620-1624.",V02-P0577,V02-PRIMARY,V02-OCR-576,2,117,136,"Letter to the Earl of Southampton, I, 175."
,,,V02-P0602-T00323-00343,Lord Mayor of London,Lord Mayor of,mayor,OW-001,London,London,PERSON_REF,role_reference,,unresolved,,,V02-P0602,V02-PRIMARY,V02-OCR-601,2,323,343,"Lord Mayor of London, I, 259."
,,,V02-P0604-T00007-00022,Mayor of London,Mayor of,mayor,OW-001,London,London,PERSON_REF,role_reference,,unresolved,,,V02-P0604,V02-PRIMARY,V02-OCR-603,2,7,22,"Mayor of London, Lord, I, 287, 300, 304, 424."
,,,V02-P0617-T02041-02060,Earl of Southampton,Earl of,earl,OW-008,Southampton,Southampton,PERSON_REF,territorial_title,Henry Wriothesley,suggested,southampton_peerage,"Henry Wriothesley, 3rd Earl of Southampton; Company treasurer 1620-1624.",V02-P0617,V02-PRIMARY,V02-OCR-616,2,2041,2060,"To the Earl of Southampton, I, 136."
,,,V03-P0083-T00179-00194,Earle of Exeter,Earle of,earl,OW-006,Exeter,Exeter,PERSON_REF,territorial_title,"Thomas Cecil, Earl of Exeter",suggested,exeter_peerage,"Thomas Cecil, 1st Earl of Exeter (earl 1605-1623); named in the 1609 charter.",V03-P0083,V03-PRIMARY,V03-OCR-109,3,179,194,The Earle of Exeter.
,,,V03-P0087-T01667-01683,E of Southampton,E of,earl,OW-008,Southampton,Southampton,PERSON_REF,territorial_title,Henry Wriothesley,suggested,southampton_peerage,"Henry Wriothesley, 3rd Earl of Southampton; Company treasurer 1620-1624.",V03-P0087,V03-PRIMARY,V03-OCR-113,3,1667,1683,"Vp Of Salisbury ice: serene
E of Southampton
E of Suffolke."
,,,V03-P0126-T02104-02123,Earl of Southampton,Earl of,earl,OW-008,Southampton,Southampton,PERSON_REF,territorial_title,Henry Wriothesley,suggested,southampton_peerage,"Henry Wriothesley, 3rd Earl of Southampton; Company treasurer 1620-1624.",V03-P0126,V03-PRIMARY,V03-OCR-152,3,2104,2123,"Pages
3a and 4b may be part of a later letter written soon after the Earl of Southampton became treasurer."
,,,V03-P0132-T00102-00124,"my
Lord of Southampton","my
Lord of",lord,OW-008,Southampton,Southampton,PERSON_REF,territorial_title,Henry Wriothesley,suggested,southampton_peerage,"Henry Wriothesley, 3rd Earl of Southampton; Company treasurer 1620-1624.",V03-P0132,V03-PRIMARY,V03-OCR-158,3,102,124,"No man shall more desire to win the flavor of so Noble a pson as my
Lord of Southampton, but it will not ly in my power to deserve it yf it
shall be expected I should pforme what ever is piected, but one thing I
shall be willing to pmise and humbly to pforme to doe my best not to
fayle, even so long till I fayle of lyfe yf y* may give content, yf not I
know I shall aprove therein my selfe to god, and so will rest never to
rest laboring to my power in this worke, I would you knew and saw
both all my deeds and thoughts herein, then I am sure though I were
not rewarded I should not be blamed the gent you name in your letter
are all dead except M*™ Sandis who hath bin visited with long sicknes
but now thankes be to god is well recovered, I doubt not but he will
pove a worthy member the people where he liveth take great liking to
him, and I Assure §you Sir§ he is most faythfully affected to his study,
and doth deserve to be beloved, what will become of the Iron workes
I know not all the principall officers and Cheife men being dead we are
now in hand to doe what possible we can with Capt Blevets Company
having found an excellent water and good oare, yet without suply of
good vnderstanding worke™ and good Capinters there being very few
left we shall doe littell yf the Company please to suply I dare now
bouldly §say§ theire shall not want matter to sett."
,,,V03-P0153-T00374-00394,Earle of Southampton,Earle of,earl,OW-008,Southampton,Southampton,PERSON_REF,territorial_title,Henry Wriothesley,suggested,southampton_peerage,"Henry Wriothesley, 3rd Earl of Southampton; Company treasurer 1620-1624.",V03-P0153,V03-PRIMARY,V03-OCR-179,3,374,394,The Earle of Southampton.
,,,V03-P0154-T01683-01700,E: of Southampton,E: of,earl,OW-008,Southampton,Southampton,PERSON_REF,territorial_title,Henry Wriothesley,suggested,southampton_peerage,"Henry Wriothesley, 3rd Earl of Southampton; Company treasurer 1620-1624.",V03-P0154,V03-PRIMARY,V03-OCR-180,3,1683,1700,"E: of Southampton Mt Jo: Wroth
E: of Warwicke M: Thorpe
St John Danuers Mr Jo: Farrar"
,,,V03-P0220-T00446-00465,Haru or SOUTHAMPTON,Haru or,earl,OW-008,Southampton,Southampton,PERSON_REF,territorial_title,Henry Wriothesley,suggested,southampton_peerage,"Henry Wriothesley, 3rd Earl of Southampton; Company treasurer 1620-1624.",V03-P0220,V03-PRIMARY,V03-OCR-246,3,446,465,"A LETTER To THE [Haru or SOUTHAMPTON]
SEPTEMBER 29, 1619"
,,,V03-P0279-T00588-00608,my L. of Southampton,my L. of,lord,OW-008,Southampton,Southampton,PERSON_REF,territorial_title,Henry Wriothesley,suggested,southampton_peerage,"Henry Wriothesley, 3rd Earl of Southampton; Company treasurer 1620-1624.",V03-P0279,V03-PRIMARY,V03-OCR-305,3,588,608,"I would be glad that my L. of Southampton knew the necessitie of this
my stay here, to stop such suggestions as my unfrends may make."
,,,V03-P0308-T00648-00667,Lord of Southampton,Lord of,lord,OW-008,Southampton,Southampton,PERSON_REF,territorial_title,Henry Wriothesley,suggested,southampton_peerage,"Henry Wriothesley, 3rd Earl of Southampton; Company treasurer 1620-1624.",V03-P0308,V03-PRIMARY,V03-OCR-334,3,648,667,"you are pleased to suffer soe much for the defend-
ing of me, wherein I confes I have bin much greived but am now resolved,
and in spyght of foes be they great or littell will by gods assistance doe
my best entreating my thrise Noble Lord of Southampton and your selfe
with the rest of those lords and others trewly nobly disposed mynds, to
accept of my endevors, I desire or crave nothing for all my paynes and
Charge and Care I shall take during my tyme in the Publike, but only
your Noble acceptance as for all others whatsoever they be, theire malice
retorne vpon theire owne heads."
,,,V03-P0320-T01717-01737,Earle of Southampton,Earle of,earl,OW-008,Southampton,Southampton,PERSON_REF,territorial_title,Henry Wriothesley,suggested,southampton_peerage,"Henry Wriothesley, 3rd Earl of Southampton; Company treasurer 1620-1624.",V03-P0320,V03-PRIMARY,V03-OCR-346,3,1717,1737,"Whereas the Right Honourable, Henry Earle of Southampton, with the
aduise and consent of the Counseil and Compony for Virginia, hath re-
solued and concluded to imploy all good meanes in this present yeare,
1620."
,,,V03-P0331-T00736-00751,Earle of Exeter,Earle of,earl,OW-006,Exeter,Exeter,PERSON_REF,territorial_title,"Thomas Cecil, Earl of Exeter",suggested,exeter_peerage,"Thomas Cecil, 1st Earl of Exeter (earl 1605-1623); named in the 1609 charter.",V03-P0331,V03-PRIMARY,V03-OCR-357,3,736,751,"Thomas, Earle of Exeter
Sir Thomas Euerfield____."
,,,V03-P0341-T00025-00045,Earle of Southampton,Earle of,earl,OW-008,Southampton,Southampton,PERSON_REF,territorial_title,Henry Wriothesley,suggested,southampton_peerage,"Henry Wriothesley, 3rd Earl of Southampton; Company treasurer 1620-1624.",V03-P0341,V03-PRIMARY,V03-OCR-367,3,25,45,"Henry, Earle of Southampton."
,,,V03-P0432-T00211-00230,EarL oF SOUTHAMPTON,EarL oF,earl,OW-008,Southampton,Southampton,PERSON_REF,territorial_title,Henry Wriothesley,suggested,southampton_peerage,"Henry Wriothesley, 3rd Earl of Southampton; Company treasurer 1620-1624.",V03-P0432,V03-PRIMARY,V03-OCR-458,3,211,230,"Sim Grorck YEARDLEY AND THE CouNncIL In Virainia, A
Lerrer To THE EarL oF SOUTHAMPTON AND THE COUNCIL AND
ComPANY FOR VIRGINIA"
,,,V03-P0437-T02219-02239,Earle of Southampton,Earle of,earl,OW-008,Southampton,Southampton,PERSON_REF,territorial_title,Henry Wriothesley,suggested,southampton_peerage,"Henry Wriothesley, 3rd Earl of Southampton; Company treasurer 1620-1624.",V03-P0437,V03-PRIMARY,V03-OCR-463,3,2219,2239,"[Addressed :] To the right hon'e, the Earle of Southampton, and others the
Lords, and to the right wor"" the Knights, and the reste of the Councell
and Companye for Virginea."
,,,V03-P0479-T00991-01011,Earle of Southampton,Earle of,earl,OW-008,Southampton,Southampton,PERSON_REF,territorial_title,Henry Wriothesley,suggested,southampton_peerage,"Henry Wriothesley, 3rd Earl of Southampton; Company treasurer 1620-1624.",V03-P0479,V03-PRIMARY,V03-OCR-505,3,991,1011,To the right hono>'* Henry Earle of Southampton Treasurer for Virginia
,,,V03-P0505-T02310-02330,"Earle of
Southampton",Earle of,earl,OW-008,Southampton,Southampton,PERSON_REF,territorial_title,Henry Wriothesley,suggested,southampton_peerage,"Henry Wriothesley, 3rd Earl of Southampton; Company treasurer 1620-1624.",V03-P0505,V03-PRIMARY,V03-OCR-531,3,2310,2330,"and more espe-
cially we recomend them to youe m* Pountis, that at theire first landinge
they may be housed, lodged and provided for of dict till they be marryed:
for such was the hast of sendinge them away, as that straightued w™ time
we had no meanes to putt provisions aboard: wt defect shalbe supplied
by the Magazine Shipp: and in case they cannot be presently Marryed
we desire they may be putt to severall housholders that haue wiues till they
ean be provided of husbandé: There are neare fiftic more w*"" are shortly
to come, are sent by o' most hono>' Lord and Treasuro™ the Earle of
Southampton and certaine worthy gentlemen, who takinge into theire
consideration, that the Plantaton can never flourish till families be planted,
and the respect of wiues and Children fix the people on the Soyle;"
,,,V03-P0514-T00833-00853,Earle of Southampton,Earle of,earl,OW-008,Southampton,Southampton,PERSON_REF,territorial_title,Henry Wriothesley,suggested,southampton_peerage,"Henry Wriothesley, 3rd Earl of Southampton; Company treasurer 1620-1624.",V03-P0514,V03-PRIMARY,V03-OCR-540,3,833,853,"the setting forth of w hath beene of so exceedinge troble and labo"" vnto
vs, being but a very few on whom so great a burthen hath lien, as we haue
not been able to intend any thinge else: wherefore in that regard, as also
that the noble Earle of Southampton, is not yet returned to London nor
those eminent psons, wttout whose Councell, and authoritie we thinke it
not fitt to proceed to resoluéon in so waightie bussinesses: o"" letters and
dispatches by the Bona Nova, and the Margrett & John must yett remaine
vnanswered;"
,,,V03-P0524-T00564-00584,my L. of Southampton,my L. of,lord,OW-008,Southampton,Southampton,PERSON_REF,territorial_title,Henry Wriothesley,suggested,southampton_peerage,"Henry Wriothesley, 3rd Earl of Southampton; Company treasurer 1620-1624.",V03-P0524,V03-PRIMARY,V03-OCR-550,3,564,584,"Francis Carter in his note of the present Adventurers, must put out 8S"" Fr:
Wyate, (who can pay nothing): & put in St Robert Killigrewe, who was
chosen upon commendation of my L. of Southampton: & had his 100}
prepared, but forbare to part w‘ it, upon occasion of o° trowble coming
between."
,,,V03-P0525-T00511-00531,Earle of Southampton,Earle of,earl,OW-008,Southampton,Southampton,PERSON_REF,territorial_title,Henry Wriothesley,suggested,southampton_peerage,"Henry Wriothesley, 3rd Earl of Southampton; Company treasurer 1620-1624.",V03-P0525,V03-PRIMARY,V03-OCR-551,3,511,531,"Whereas
the right hono®'® Henry Earle of Southampton S* Edwin Sandys knight
John fferrar Thomas Kightly Gabriell Barbo™ and John Delbridge haue
for the aduancement and supporte of the Colony in Virginia furnished
and transported the good Shippe the Hopewell of the burden of 190 tune
to transporte and carrie ouer into Virginia 20: psons there to plante and
inhabite together with sundrie necessarie prouisions aswell for the said
Passengers as also for the benifitt and advancement of the Colony and
haue ordained Thomas Smith to be M™ Gouernor and Captaine ouer the
said Shippe and Marriners as also as the Passeng™ wee therefore doe by
these present@ straightly charge and comand the said Thomas Sinith to
take the directest course aecordinge to his best skill for Virginia and to
lande and deliuer all the Passengers and good¢ accordinge as he shalbe
here ordered and appointed and after the pformanee of the said voyage
wee doe by these present€ giue full power lycense and authority vnto the
said Thomas Smith and the rest of the Marriners of the Hopewell freely
to fish in all pt¢ of the Sea coast of Virginia between the degrees of 33 and
45 northerly latitude as also freely at their pleasure to land on the said
Coast and the same to vse aswell for dryinge of their nett¢ dryinge and
salting of their fish as also for all other necessarie vses for themselues and
fishinge duringe the time of that seruice wttout wronginge or annoying
the priuate possession of any man Straightly charginge and requiringe all
Inhabitante or Members of either of the Colonies of Virginia and all other
psons tradinge thither or there remayning to giue no disturbance or
annoyance contrary to the effect of these present to the said Thomas
Smith or the said Shipp the Hopewell or any vessell boat¢ Agent¢ ffacto™
Marriners Saylo"" or labourers therevnto belonginge as they will answeare"
,,,V03-P0526-T01337-01357,Earle of Southampton,Earle of,earl,OW-008,Southampton,Southampton,PERSON_REF,territorial_title,Henry Wriothesley,suggested,southampton_peerage,"Henry Wriothesley, 3rd Earl of Southampton; Company treasurer 1620-1624.",V03-P0526,V03-PRIMARY,V03-OCR-552,3,1337,1357,"[748] Whereas the right hono>! the Earle of Southampton 8"" Edwin Sandys
knight John fferrar Thomas Kightly Gabriell Barbot and John Delbridge
haue sett fourth the good Ship called the Darlinge of the burden of 40 tun
for to go on fishinge vpon the Coast of America for the benifitt and suste-
nance of the Colony in Virginia and haue ordained Daniell Gate to be
Mr’ Wee therefore the Counsell and Companie for Virginia do straightly
charge and comand the said Daniell Gat¢ to proceed on his said voyadge
aeccordinge to the directéons here gyven him And wee do further by these
present¢€ giue full lycense power and authoritie vnto the said Daniell Gate
and the rest of the Marriners of the Darlinge freely to fish in all pt@ of"
,,,V03-P0528-T00555-00575,Earle of Southampton,Earle of,earl,OW-008,Southampton,Southampton,PERSON_REF,territorial_title,Henry Wriothesley,suggested,southampton_peerage,"Henry Wriothesley, 3rd Earl of Southampton; Company treasurer 1620-1624.",V03-P0528,V03-PRIMARY,V03-OCR-554,3,555,575,"To all to whome these presente shall come to be seen or heard the Counsell
and Company for Virginia send greetinge whereas the right Hono’ Henry
Earle of Southampton St Edwin Sandy@ knight John fferrar Thomas
Kightley Gabriell Barbot and John Delbridge haue for the advancement
and supporte of the Colonie in Virginia furnished and sett out the good
Shippe called the Bona Noua of the burden of 190 tufi to transporte and
carrie ouer into Virginia fortie fiue persons there to plant and inhahite
together with sundrie necessarie prouisions aswell for the said Passengers
as also for the benifitt and advancement of the Colonie and haue ordained
John Huddlestone to be the Gouerno™ and Captaine ouer the said Shippe
and Marriners as also of all the Passengers Wee therefore do by these
presente straightly charge and coiiand the said John Huddleston to take
the directest course according to his best skill for Virginia and there to
land & deliver [76] all the Passengers and good accordinge as he shalbe
here ordered and appointed and after the pformance of the said voyage
wee do by these presenté giue full and [and] authority vnto the said John
Hudleston and the rest of the Marriners of the Bona Noua freely to fish
in all pte of the Sea cost of Virginia between the degrees of thirty three
and forty fiue of Northerly latitude as also freely at their pleasure to land
on the said Coast and the same to vse aswell for dryinge of their nette
dryinge and salting of their fish as also for all other necessarie vses for
themselues and fishinge duringe the time of that seruice without wronginge
or annoying the priuate possession of any man Straightly charginge and
requiringe all Inhabitante or members of the Colonye of Virginia and all
other psons tradinge thither or there remayninge to give noe disturbance
or annoyance contrary to the effect of these present€ to the said John"
,,,V03-P0667-T01934-01956,"my Lord of
Southampton",my Lord of,lord,OW-008,Southampton,Southampton,PERSON_REF,territorial_title,Henry Wriothesley,suggested,southampton_peerage,"Henry Wriothesley, 3rd Earl of Southampton; Company treasurer 1620-1624.",V03-P0667,V03-PRIMARY,V03-OCR-693,3,1934,1956,"The last thing that we will conclude w* is, that it hath pleased my Lord of
Southampton for one yeare more to accept of the place of Treasuror, and
the Lo: Cavendish of the goverment of the Sumer Hande."
,,,V03-P0680-T01241-01258,HENRY SOUTHAMPTON,HENRY,signature,OW-008,Southampton,Southampton,PERSON_REF,territorial_title,Henry Wriothesley,suggested,southampton_peerage,"Henry Wriothesley, 3rd Earl of Southampton; Company treasurer 1620-1624.",V03-P0680,V03-PRIMARY,V03-OCR-706,3,1241,1258,"HENRY SOUTHAMPTON,"
,,,V03-P0730-T01194-01214,Lord Mayor of London,Lord Mayor of,mayor,OW-001,London,London,PERSON_REF,role_reference,,unresolved,,,V03-P0730,V03-PRIMARY,V03-OCR-756,3,1194,1214,"Barkham, Sir Edward, Lord Mayor of London, Beaumont, John, 81, 320."
,,,V03-P0731-T02633-02649,Bishop of London,Bishop of,bishop,OW-001,London,London,PERSON_REF,territorial_title,,unresolved,,Bishop of London outside Volume I; George Montaigne held the see from 1621. Verify date.,V03-P0731,V03-PRIMARY,V03-OCR-757,3,2633,2649,"Bishop of London (John King), 61."
,,,V03-P0762-T02456-02472,Mayor of Bristol,Mayor of,mayor,OW-005,Bristol,Bristol,PERSON_REF,role_reference,,unresolved,,,V03-P0762,V03-PRIMARY,V03-OCR-788,3,2456,2472,"Parker, Thomas, Mayor of Bristol."
,,,V04-P0019-T00726-00746,"Earle of
Southampton",Earle of,earl,OW-008,Southampton,Southampton,PERSON_REF,territorial_title,Henry Wriothesley,suggested,southampton_peerage,"Henry Wriothesley, 3rd Earl of Southampton; Company treasurer 1620-1624.",V04-P0019,V04-PRIMARY,V04-OCR-45,4,726,746,"Whereas we haue receiued Cofiand from the Right Hono™ the Earle of
Southampton for the sending home of three score thousand waight of
Sasafras."
,,,V04-P0075-T00056-00078,My Lord of Southampton,My Lord of,lord,OW-008,Southampton,Southampton,PERSON_REF,territorial_title,Henry Wriothesley,suggested,southampton_peerage,"Henry Wriothesley, 3rd Earl of Southampton; Company treasurer 1620-1624.",V04-P0075,V04-PRIMARY,V04-OCR-101,4,56,78,"trouble it wilbe & hinderance to me: My Lord of Southampton did promise
me he would see me satisfied but phaps its forgotten therefore yo"" must
bestirr yo"" selfe, and when yo"" see any lustie yong men that will pay their
passage and some or no permission, you may thinke well this fellow if he
were bound to such a man for 4 or 5 yeares it might doe him some good but
T am sure if J had xx it could not counteruayle my labour, for I must hang
at it like a Beare to the stake: Yo"" haue seene that pastime, but comonly
it lasteth but an hower, but I doubt this will last 12 Moncthes, and by hap
bring yo"" in 3 or 4 score slaues to work about a ffort or ther seruile worke,
but before I deliuer them vp I will make them sing new Toes, old Tocs,
no Toes at all, because they shall not outrun me, for I am sure they haue
made vs sing a song this twelue moneth to the Tune of O man where is thy #2."
,,,V04-P0168-T00572-00591,Lord of Southampton,Lord of,lord,OW-008,Southampton,Southampton,PERSON_REF,territorial_title,Henry Wriothesley,suggested,southampton_peerage,"Henry Wriothesley, 3rd Earl of Southampton; Company treasurer 1620-1624.",V04-P0168,V04-PRIMARY,V04-OCR-194,4,572,591,"yet never found, weh Wee are by
Comisston f§rgom the Lord of Southampton Governour of the Companie
and other the Learned Councell, and diuers great lord¢ to dicou? the verie
topp and head of that River, and if wee there find anie straungers as
Hlollanders or other wek 7s thought this yeare doe Adventure there, ive are
to give them fight, and spoile, and sincke them downe into the Sea, weh to doe,
Wee are well prouided with a lustie ship stout scamen, and great Ordnance I
pray God prosper vs there’n, and I hope we shall returne with rich b+ loade-
inge, a famous discouw%ie, and much Credit eu%ie dax Way."
,,,V04-P0189-T01183-01200,my L. Southampton,my L.,lord,OW-008,Southampton,Southampton,PERSON_REF,territorial_title,Henry Wriothesley,suggested,southampton_peerage,"Henry Wriothesley, 3rd Earl of Southampton; Company treasurer 1620-1624.",V04-P0189,V04-PRIMARY,V04-OCR-215,4,1183,1200,"Sandys was
to tke ouerlooke all the businesse els of Virginia els my L. Southampton
would not haue ben Threar."
,,,V04-P0194-T00459-00478,"EARL OF
SOUTHAMPTON",EARL OF,earl,OW-008,Southampton,Southampton,PERSON_REF,territorial_title,Henry Wriothesley,suggested,southampton_peerage,"Henry Wriothesley, 3rd Earl of Southampton; Company treasurer 1620-1624.",V04-P0194,V04-PRIMARY,V04-OCR-220,4,459,478,"Lerrer To THE EARL OF
SOUTHAMPTON"
,,,V04-P0194-T01325-01345,Earle of Southampton,Earle of,earl,OW-008,Southampton,Southampton,PERSON_REF,territorial_title,Henry Wriothesley,suggested,southampton_peerage,"Henry Wriothesley, 3rd Earl of Southampton; Company treasurer 1620-1624.",V04-P0194,V04-PRIMARY,V04-OCR-220,4,1325,1345,"Yor lores &e:
[Indorsed:] 14° May 1623 Coppie of a tre to the Earle of Southampton
from Mr’ Sec: Caluert."
,,,V04-P0371-T01097-01116,earl of Southampton,earl of,earl,OW-008,Southampton,Southampton,PERSON_REF,territorial_title,Henry Wriothesley,suggested,southampton_peerage,"Henry Wriothesley, 3rd Earl of Southampton; Company treasurer 1620-1624.",V04-P0371,V04-PRIMARY,V04-OCR-397,4,1097,1116,"said plantation, and thinking worthy of praise their desires in the same business io
progress more eagerly in the accomplistiment of a work so excellent and pleasing to
God and useful to the realm of our lord the King, of his special grace, certain knowl-
edge, and mere motion, did for himself, his heirs and suecessors by his same letters
patent give and grant and confirm to his faithful and beloved subjects Robert, earl
of Salisbury, Thomas, earl of Suffolk, Henry, earl of Southampton, Wilham, earl of
Pembroke, Henry, earl of Lincoln, Searl of Dorset, Thomas, carl of Exeter,
Philip, earl of Monigomery, Robert, lord viscount Lisle, Theophilus, lord Howard
de Walden, James Mountague, bishop of Bath and Wells, Edward, lord Zouche,
Thomas, lord Laware, William, lord Monteagle, Ralph, lord Eure, Edmund, lord
Sheffield, Grey lord Chandois, ‘Tord Compton, John, lord Peter, John, lord
Stanhope, George, lord Carew, Sir Humfrey Welde, lord mayor of the city of London,
George Pearcey, esquire, Sir Edward Cecil, Sir George Wharton, Francis West,
esquire, Sir William Wade, Sir Henry Nevill, Sir Thomas Smith, Sir Oliver Crom-
well, Sir Peter Manwood, Sir Drue Drurye, Sir John Scott, Sir Thomas Ch: ilioner,
Sir Robert Drurie, Sir Anthony Cope, Sir ‘Horatio Vere, Sir Edward Conw ay, Sir
William Browne, Sir Maurice Barkley, Sir Robert Mansell, Sir Amias Preston, Sir
Thomas Bates, Sir Anthony Ashley, Sir Michael Sandys, Sir Henry Carey, Sir Stephen
Somes, Sir Calisothenes Brooke, Sir Edward Michélborne, Sir John Ratcliffe, Sir
Chacles Wilmott, Sir Georve Muore, Sir Hagh Wirrall, Sir Thomas Dennys, Sir John
Hollis, Sir William Godolphin, Sir Thomas Mounson, Sir Thomas Ridgeway, Sir
John Brooke, Sir Robert Killigrewe, Sir Henry Peyton, Sir Richard Willisinson,
Sir Ferdinand Waynman, Sir Wiliam St."
,,,V04-P0371-T01566-01598,lord mayor of the city of London,lord mayor of the,mayor,OW-001,London,City of London,PERSON_REF,role_reference,,unresolved,,,V04-P0371,V04-PRIMARY,V04-OCR-397,4,1566,1598,"said plantation, and thinking worthy of praise their desires in the same business io
progress more eagerly in the accomplistiment of a work so excellent and pleasing to
God and useful to the realm of our lord the King, of his special grace, certain knowl-
edge, and mere motion, did for himself, his heirs and suecessors by his same letters
patent give and grant and confirm to his faithful and beloved subjects Robert, earl
of Salisbury, Thomas, earl of Suffolk, Henry, earl of Southampton, Wilham, earl of
Pembroke, Henry, earl of Lincoln, Searl of Dorset, Thomas, carl of Exeter,
Philip, earl of Monigomery, Robert, lord viscount Lisle, Theophilus, lord Howard
de Walden, James Mountague, bishop of Bath and Wells, Edward, lord Zouche,
Thomas, lord Laware, William, lord Monteagle, Ralph, lord Eure, Edmund, lord
Sheffield, Grey lord Chandois, ‘Tord Compton, John, lord Peter, John, lord
Stanhope, George, lord Carew, Sir Humfrey Welde, lord mayor of the city of London,
George Pearcey, esquire, Sir Edward Cecil, Sir George Wharton, Francis West,
esquire, Sir William Wade, Sir Henry Nevill, Sir Thomas Smith, Sir Oliver Crom-
well, Sir Peter Manwood, Sir Drue Drurye, Sir John Scott, Sir Thomas Ch: ilioner,
Sir Robert Drurie, Sir Anthony Cope, Sir ‘Horatio Vere, Sir Edward Conw ay, Sir
William Browne, Sir Maurice Barkley, Sir Robert Mansell, Sir Amias Preston, Sir
Thomas Bates, Sir Anthony Ashley, Sir Michael Sandys, Sir Henry Carey, Sir Stephen
Somes, Sir Calisothenes Brooke, Sir Edward Michélborne, Sir John Ratcliffe, Sir
Chacles Wilmott, Sir Georve Muore, Sir Hagh Wirrall, Sir Thomas Dennys, Sir John
Hollis, Sir William Godolphin, Sir Thomas Mounson, Sir Thomas Ridgeway, Sir
John Brooke, Sir Robert Killigrewe, Sir Henry Peyton, Sir Richard Willisinson,
Sir Ferdinand Waynman, Sir Wiliam St."
,,,V04-P0377-T01768-01787,earl of Southampton,earl of,earl,OW-008,Southampton,Southampton,PERSON_REF,territorial_title,Henry Wriothesley,suggested,southampton_peerage,"Henry Wriothesley, 3rd Earl of Southampton; Company treasurer 1620-1624.",V04-P0377,V04-PRIMARY,V04-OCR-403,4,1768,1787,"And further our same lord the King, by his same letters patent, established and
ordained that Henry, earl of Southampton, Wiliam, earl of Pembroke, Henry, eurl
of Lincoln, Thomas, earl of Exeter, Robert, lord viscount Lisle, Lord Theophilus
Howard, James, lord bishop of Bath and Wells, Edward, lord Zouche, Thomas, lord
La Warr, William, lord Mounieagle, Edmund, lord Sheffeild, Gray, lord Chandois,
John, lord Stanhope, George, lord Carewe, Humphrey Weld, lord mayor of London,
Sir Edward Cecill, Sir William Wade, Sir Henry Nevill, Sir Thomas Smyth, Sir
Oliver Cromewell, Sir Peter Manwood, Sir Thomas Challoner, Sir Henry Hobarte,
Sir Francis Bacon, Sir George Coppin, Sir John Seott, Sir Heary Cary, Sir Robert
Drury, Sir Horatio Vere, Sir Edward Conway, Sir Mawrice Barkley, Sir Thomas
Gaties, Sir Michael Sandis, Sir Robert Mansell, Sir John Trevor, Sir Amias Preston,
Sir William Godolphin, Sir Walter Cope, Sir Robert Killierue, Sir Henry ffanshawe,
Sir Edwin Sandis, Sir John Watts, Sir Henry Mountague, Suv Willian: Romney, Sir
Thomas Rowe, Sir Baptist Hicks, Sir Richard Williamson, Sir Stephen Poole, Sir
Dudley Digs, Christopher Brooke, John Eldred, and John Wolstenholme should
be the council of our same lord the King for the aforesaid Company of Adventurers
and Planters in Virginie, and that the Treasurer of the Company aforesaid should
have authority to give order for the summoning of the eoune and the summoning
of the Company aforesaid to their courts and meetings, and that the aforesaid council
or any of them should be thenceforth nominated, elected, continued, displaced,
changed, altered, and supplied, as death or other several occasions should require,
from the Company aforesaid of Adventurers aforesaid by the votes of the majority
of the aforesaid council and adventurers in their meeting for that purpose."
,,,V04-P0377-T01847-01861,earl of Exeter,earl of,earl,OW-006,Exeter,Exeter,PERSON_REF,territorial_title,"Thomas Cecil, Earl of Exeter",suggested,exeter_peerage,"Thomas Cecil, 1st Earl of Exeter (earl 1605-1623); named in the 1609 charter.",V04-P0377,V04-PRIMARY,V04-OCR-403,4,1847,1861,"And further our same lord the King, by his same letters patent, established and
ordained that Henry, earl of Southampton, Wiliam, earl of Pembroke, Henry, eurl
of Lincoln, Thomas, earl of Exeter, Robert, lord viscount Lisle, Lord Theophilus
Howard, James, lord bishop of Bath and Wells, Edward, lord Zouche, Thomas, lord
La Warr, William, lord Mounieagle, Edmund, lord Sheffeild, Gray, lord Chandois,
John, lord Stanhope, George, lord Carewe, Humphrey Weld, lord mayor of London,
Sir Edward Cecill, Sir William Wade, Sir Henry Nevill, Sir Thomas Smyth, Sir
Oliver Cromewell, Sir Peter Manwood, Sir Thomas Challoner, Sir Henry Hobarte,
Sir Francis Bacon, Sir George Coppin, Sir John Seott, Sir Heary Cary, Sir Robert
Drury, Sir Horatio Vere, Sir Edward Conway, Sir Mawrice Barkley, Sir Thomas
Gaties, Sir Michael Sandis, Sir Robert Mansell, Sir John Trevor, Sir Amias Preston,
Sir William Godolphin, Sir Walter Cope, Sir Robert Killierue, Sir Henry ffanshawe,
Sir Edwin Sandis, Sir John Watts, Sir Henry Mountague, Suv Willian: Romney, Sir
Thomas Rowe, Sir Baptist Hicks, Sir Richard Williamson, Sir Stephen Poole, Sir
Dudley Digs, Christopher Brooke, John Eldred, and John Wolstenholme should
be the council of our same lord the King for the aforesaid Company of Adventurers
and Planters in Virginie, and that the Treasurer of the Company aforesaid should
have authority to give order for the summoning of the eoune and the summoning
of the Company aforesaid to their courts and meetings, and that the aforesaid council
or any of them should be thenceforth nominated, elected, continued, displaced,
changed, altered, and supplied, as death or other several occasions should require,
from the Company aforesaid of Adventurers aforesaid by the votes of the majority
of the aforesaid council and adventurers in their meeting for that purpose."
,,,V04-P0377-T02125-02145,lord mayor of London,lord mayor of,mayor,OW-001,London,London,PERSON_REF,role_reference,,unresolved,,,V04-P0377,V04-PRIMARY,V04-OCR-403,4,2125,2145,"And further our same lord the King, by his same letters patent, established and
ordained that Henry, earl of Southampton, Wiliam, earl of Pembroke, Henry, eurl
of Lincoln, Thomas, earl of Exeter, Robert, lord viscount Lisle, Lord Theophilus
Howard, James, lord bishop of Bath and Wells, Edward, lord Zouche, Thomas, lord
La Warr, William, lord Mounieagle, Edmund, lord Sheffeild, Gray, lord Chandois,
John, lord Stanhope, George, lord Carewe, Humphrey Weld, lord mayor of London,
Sir Edward Cecill, Sir William Wade, Sir Henry Nevill, Sir Thomas Smyth, Sir
Oliver Cromewell, Sir Peter Manwood, Sir Thomas Challoner, Sir Henry Hobarte,
Sir Francis Bacon, Sir George Coppin, Sir John Seott, Sir Heary Cary, Sir Robert
Drury, Sir Horatio Vere, Sir Edward Conway, Sir Mawrice Barkley, Sir Thomas
Gaties, Sir Michael Sandis, Sir Robert Mansell, Sir John Trevor, Sir Amias Preston,
Sir William Godolphin, Sir Walter Cope, Sir Robert Killierue, Sir Henry ffanshawe,
Sir Edwin Sandis, Sir John Watts, Sir Henry Mountague, Suv Willian: Romney, Sir
Thomas Rowe, Sir Baptist Hicks, Sir Richard Williamson, Sir Stephen Poole, Sir
Dudley Digs, Christopher Brooke, John Eldred, and John Wolstenholme should
be the council of our same lord the King for the aforesaid Company of Adventurers
and Planters in Virginie, and that the Treasurer of the Company aforesaid should
have authority to give order for the summoning of the eoune and the summoning
of the Company aforesaid to their courts and meetings, and that the aforesaid council
or any of them should be thenceforth nominated, elected, continued, displaced,
changed, altered, and supplied, as death or other several occasions should require,
from the Company aforesaid of Adventurers aforesaid by the votes of the majority
of the aforesaid council and adventurers in their meeting for that purpose."
,,,V04-P0492-T01316-01335,EARL OF SOUTHAMPTON,EARL OF,earl,OW-008,Southampton,Southampton,PERSON_REF,territorial_title,Henry Wriothesley,suggested,southampton_peerage,"Henry Wriothesley, 3rd Earl of Southampton; Company treasurer 1620-1624.",V04-P0492,V04-PRIMARY,V04-OCR-518,4,1316,1335,"A LETTER TO THE EARL OF SOUTHAMPTON
AND THE COUNCIL AND COMPANY OF VIRGINIA"
,,,V04-P0495-T00466-00485,Earn or SouTHAMPTON,Earn or,earl,OW-008,Southampton,Southampton,PERSON_REF,territorial_title,Henry Wriothesley,suggested,southampton_peerage,"Henry Wriothesley, 3rd Earl of Southampton; Company treasurer 1620-1624.",V04-P0495,V04-PRIMARY,V04-OCR-521,4,466,485,"Henry, Earn or SouTHAMPTON, AND Crerrain Otten Lorps
,
APPOINTED A COUNCIL FOR VIRGINIA"
,,,V04-P0495-T00670-00690,Earle of Southampton,Earle of,earl,OW-008,Southampton,Southampton,PERSON_REF,territorial_title,Henry Wriothesley,suggested,southampton_peerage,"Henry Wriothesley, 3rd Earl of Southampton; Company treasurer 1620-1624.",V04-P0495,V04-PRIMARY,V04-OCR-521,4,670,690,"1624 Henry Earle of Southampton, & certaine other Lords of y°
Virginia Privy Councell appointed a Councell for Virginia."
,,,V04-P0519-T00065-00084,Kart or SouTHAMPTON,Kart or,earl,OW-008,Southampton,Southampton,PERSON_REF,territorial_title,Henry Wriothesley,suggested,southampton_peerage,"Henry Wriothesley, 3rd Earl of Southampton; Company treasurer 1620-1624.",V04-P0519,V04-PRIMARY,V04-OCR-545,4,65,84,"Letrer To THE Kart or SouTHAMPTON
AND THE CoUNCIL AND CoMPANY OF VIRGINIA"
,,,V04-P0521-T00598-00617,HARL OF SOUTHAMPTON,HARL OF,earl,OW-008,Southampton,Southampton,PERSON_REF,territorial_title,Henry Wriothesley,suggested,southampton_peerage,"Henry Wriothesley, 3rd Earl of Southampton; Company treasurer 1620-1624.",V04-P0521,V04-PRIMARY,V04-OCR-547,4,598,617,"A Lerrer to THE HARL OF SOUTHAMPTON AND THE COMPANY OF
VIRGINIA"
,,,V04-P0534-T00362-00382,"Earle of
Southampton",Earle of,earl,OW-008,Southampton,Southampton,PERSON_REF,territorial_title,Henry Wriothesley,suggested,southampton_peerage,"Henry Wriothesley, 3rd Earl of Southampton; Company treasurer 1620-1624.",V04-P0534,V04-PRIMARY,V04-OCR-560,4,362,382,"To whome y° yeare followinge suceecded y® Earle of
Southampton,"
,,,V04-P0545-T00358-00376,Ea: of Southampton,Ea: of,earl,OW-008,Southampton,Southampton,PERSON_REF,territorial_title,Henry Wriothesley,suggested,southampton_peerage,"Henry Wriothesley, 3rd Earl of Southampton; Company treasurer 1620-1624.",V04-P0545,V04-PRIMARY,V04-OCR-571,4,358,376,"The Earle of Middesex then Lo:
high Treasuror of England, who in respect of his place was [12] to take into
consideracon all thinges that had relacon to his Ma® revenue, «lid first pro-
pound to S* Edwin Sandis, & afterwards to y* Ea: of Southampton, y"" Lo:
Cavendish & 8"" Edwin Sandis together, that the King, he knewe, had by
S' Thomas Smithes meanes & Alderman Johnsons, and some great."
,,,V04-P0545-T00713-00733,Earle of Southampton,Earle of,earl,OW-008,Southampton,Southampton,PERSON_REF,territorial_title,Henry Wriothesley,suggested,southampton_peerage,"Henry Wriothesley, 3rd Earl of Southampton; Company treasurer 1620-1624.",V04-P0545,V04-PRIMARY,V04-OCR-571,4,713,733,"freinds
& instruments of theires, bin strangely possessed agaynst the forme of our
Governem', & y® consequences of it: & particulerly that they had made
such advantage by traducing y* names of y® Earle of Southampton and s*
Edwin Sandis, that y* busines of y* Plantacon fared y* worse for their sakes,
That he had allready in Generall spoken w® his Mat"", & assured hin, that
y whispers & rela@ons of those men, had an eye to their owne safetic, and
not to the Colonies good;"
,,,V04-P0545-T01788-01808,Earle of Southampton,Earle of,earl,OW-008,Southampton,Southampton,PERSON_REF,territorial_title,Henry Wriothesley,suggested,southampton_peerage,"Henry Wriothesley, 3rd Earl of Southampton; Company treasurer 1620-1624.",V04-P0545,V04-PRIMARY,V04-OCR-571,4,1788,1808,"And to
speake truth, though those he spoke wall, were at first very vinvilling to
swallowe this guilded pill, as having heard of y* stile he vsed in negotintinge
other businesses of this nature: yet he was so full of protestaéons in it, ewer
pretending ex || the Companies || good, and w"""" all procured further inti-
maéon to y° Earle of Southampton, that no service of his could be more
acceptable to his Mat then this now propounded: |, that | Vpon these
protesta¢ons & assurance, they engaged themsclues to treat of a Contract
betweene his Mat’ & the Companies."
,,,V04-P0546-T02067-02087,Earle of Southampton,Earle of,earl,OW-008,Southampton,Southampton,PERSON_REF,territorial_title,Henry Wriothesley,suggested,southampton_peerage,"Henry Wriothesley, 3rd Earl of Southampton; Company treasurer 1620-1624.",V04-P0546,V04-PRIMARY,V04-OCR-572,4,2067,2087,"But howseeuer, the Earle of Southampton,
the Lo: Cavendish, So Edwin Sandis & some other, being called by the
Ieurle of Middlesex to his Chamber at Whitehall, then thought, that they
had given such answeres to them, as that his Lo? rested satisfied."
,,,V04-P0554-T02117-02137,Farle of Southampton,Farle of,earl,OW-008,Southampton,Southampton,PERSON_REF,territorial_title,Henry Wriothesley,suggested,southampton_peerage,"Henry Wriothesley, 3rd Earl of Southampton; Company treasurer 1620-1624.",V04-P0554,V04-PRIMARY,V04-OCR-580,4,2117,2137,"But before their scuere order came
to him, he had delivered his copys to the Farle of Southampton: who seat
the Contissioners word, that he would as xoone part w® the evidences of
his Land, as wt! the said Copies;"
,,,V04-P0603-T02587-02606,Earl of Southampton,Earl of,earl,OW-008,Southampton,Southampton,PERSON_REF,territorial_title,Henry Wriothesley,suggested,southampton_peerage,"Henry Wriothesley, 3rd Earl of Southampton; Company treasurer 1620-1624.",V04-P0603,V04-PRIMARY,V04-OCR-629,4,2587,2606,"Earl of Southampton, 192."
